altitude,inclination,0.01_mmAl,0.1_mmAl,0.2_mmAl,0.3_mmAl,0.4_mmAl,0.5_mmAl,0.6_mmAl,0.7_mmAl,0.8_mmAl,0.9_mmAl,1.0_mmAl,1.1_mmAl,1.2_mmAl,1.3_mmAl,1.4_mmAl,1.5_mmAl,1.6_mmAl,1.7_mmAl,1.8_mmAl,1.9_mmAl,2.0_mmAl,2.25_mmAl,2.5_mmAl,2.75_mmAl,3.0_mmAl,3.25_mmAl,3.5_mmAl,3.75_mmAl,4.0_mmAl,4.25_mmAl,4.5_mmAl,4.75_mmAl,5.0_mmAl,5.25_mmAl,5.5_mmAl,5.75_mmAl,6.0_mmAl,6.25_mmAl,6.5_mmAl,6.75_mmAl,7.0_mmAl,7.25_mmAl,7.5_mmAl,7.75_mmAl,8.0_mmAl,8.25_mmAl,8.5_mmAl,8.75_mmAl,9.0_mmAl,9.5_mmAl,10.0_mmAl,10.5_mmAl,11.0_mmAl,11.5_mmAl,12.0_mmAl,12.5_mmAl,13.0_mmAl,13.5_mmAl,14.0_mmAl,14.5_mmAl,15.0_mmAl,16.0_mmAl,17.0_mmAl,18.0_mmAl,19.0_mmAl,20.0_mmAl,30.0_mmAl,40.0_mmAl,50.0_mmAl,100.0_mmAl
700.0,90.0,4.041636000420565,3.925671812464265,4.172070402964335,4.35872138910813,4.467162329615861,4.52084287677508,4.532643826761474,4.521089630931459,4.482917820867959,4.4189804612898484,4.363237712406359,4.304106548279689,4.219531455646223,4.154366543665437,4.10968660968661,4.03477557622321,3.9686078252957233,3.9106687085247573,3.8385093167701863,3.7858484658735128,3.7179310344827585,3.535836177474403,3.3206303429807393,3.0994294039091903,2.903772785078423,2.6900958466453675,2.4889673433362756,2.3517978620019435,2.2454142947501583,2.156376746282109,2.078627591136526,2.036942675159236,2.004787234042553,1.9844141386028389,2.0047086521483224,1.9915100060642814,1.9862223646267223,2.0238568588469183,1.977531857813548,2.007404795486601,2.0656284760845383,1.9955390334572491,2.021889400921659,2.070020120724346,2.0698725852856557,2.08277027027027,2.0913024664647337,2.106080781180648,2.104261106074343,2.1160886319845855,2.134567283641821,2.151673640167364,2.2035398230088497,2.2083096186681845,2.214975845410628,2.263681592039801,2.2172544080604535,2.258964143426295,2.3198887343532686,2.2381615598885793,2.25,2.329484218629715,2.331734612310152,2.3261231281198005,2.3324561403508772,2.360777058279371,2.4014713610089333,2.4299226139294925,2.4514663362247004,2.6626794258373208
9000.0,20.0,2.1344046749452157,2.156299336911904,2.6637721874600944,3.089556863960335,3.4175191815856776,3.643800397335515,3.7659615018105583,3.7855333520968197,3.7229287090558767,3.61351217088922,3.495684340320592,3.38472942920682,3.2888117953165654,3.2139632861871803,3.1577134986225897,3.11340206185567,3.081026528258362,3.0552876888460303,3.0319148936170213,3.01077375122429,2.992889463477699,2.942442173211404,2.894948143191703,2.8487603305785125,2.806288032454361,2.7679012345679013,2.72962962962963,2.6933920704845815,2.6582278481012658,2.6173285198555956,2.5703254274682847,2.5280455048190866,2.4759871931696904,2.420886075949367,2.3748052526151793,2.3214460185637518,2.2767278617710582,2.23683427551324,2.1879936808846763,2.158839779005525,2.137121212121212,2.10725677830941,2.0904822876653864,2.0794306703397614,2.0689655172413794,2.0627572016460904,2.0592069527430743,2.0578796561604586,2.0577617328519855,2.065771812080537,2.072992700729927,2.088996763754045,2.1055900621118013,2.1179828734538533,2.1441422372737855,2.1537265355992448,2.166588675713617,2.19020907700153,2.2085722085722086,2.2118726539691367,2.2246408358728775,2.261356155365372,2.2813822284908323,2.302307983352251,2.3285123966942147,2.3546642631816135,2.5732703051138803,2.6876712328767125,2.7202216066481992,2.743293437886917
25000.0,50.0,1.6001465559355155,1.3219878555449025,1.3049510337323178,1.2924901185770752,1.277088948787062,1.2667597765363128,1.2642669007901668,1.266479360276637,1.274898307308752,1.2887068829736967,1.305591920703198,1.3243243243243243,1.343382728666326,1.3626729467176921,1.3806799057556378,1.397857689364958,1.414465136422694,1.4301075268817205,1.4449339207048457,1.4587724736515808,1.473463687150838,1.505639097744361,1.5378759040730872,1.5663641034423703,1.59120221096269,1.6114532019704433,1.6252039151712887,1.6315508021390375,1.6298611111111112,1.6199821587867975,1.6037200861971193,1.5816545220745821,1.5528093883357041,1.522627416520211,1.4903277807630306,1.4567620286085825,1.424561403508772,1.3927911275415896,1.3676712328767124,1.3396704689480354,1.3174835405998537,1.2989949748743719,1.2811320754716982,1.2695874640230254,1.2544927536231885,1.24538157727099,1.2420830401125968,1.2352941176470589,1.233501710933681,1.2286238532110092,1.2253634894991923,1.2234159175619381,1.223756248512259,1.2243540547454592,1.2233035955663694,1.2276564774381369,1.2249166414064867,1.2235219728106228,1.226936026936027,1.227449593208348,1.2249451353328455,1.2232779097387174,1.2239896818572658,1.2223242994947174,1.22200488997555,1.222741433021807,1.255591054313099,1.2785588752196837,1.2985788466794206,1.3333333333333333
400.0,10.0,4.329436038514443,4.94161207633153,4.4111640571817565,3.9931600547195623,3.742162026586406,3.5847602739726026,3.4569892473118276,3.33719806763285,3.2257238022034334,3.1404565630944834,3.066890255263648,3.021978021978022,3.028317341446291,3.0247385870951287,3.02421574023115,3.055393586005831,3.0647636586863105,3.0813350615683737,3.1187013865404123,3.1022408963585435,3.097182080924856,3.1764018691588785,3.18118609406953,3.1995735607675906,3.227393617021277,3.2362888482632544,3.2505832944470368,3.2813852813852815,3.294175715695952,3.3038674033149174,3.3436213991769543,3.308977035490605,3.351524879614767,3.3732394366197185,3.358846367165835,3.4027149321266967,3.388856978747846,3.3648018648018647,3.4489916963226572,3.4092270820850805,3.397790055248619,3.4687108886107634,3.477431659249841,3.4187380497131934,3.436974789915966,3.5180722891566267,3.5064059339177343,3.5170998632010946,3.5297783933518008,3.527027027027027,3.550472040668119,3.5867269984917045,3.616342412451362,3.580343213728549,3.557073954983923,3.7133220910623947,3.6962774957698814,3.639724849527085,3.6033129904097643,3.7251566696508505,3.813888888888888,3.7122507122507127,3.7305447470817126,3.7415169660678647,3.8135414469521196,3.8104089219330852,3.9447450868698373,4.288126055149127,4.028169014084507,12.608642428693845
900.0,20.0,2.632947976878613,3.027630805408583,3.1042071197411003,3.166295471417966,3.241089218507859,3.3138658628485307,3.362362971985384,3.3577386468952732,3.2924739686305524,3.189730965359592,3.0661410424879545,2.9475587703435804,2.8554181389870434,2.777885235332044,2.7248953974895396,2.684601113172542,2.652783184118334,2.635168447000822,2.6131634819532907,2.601766004415011,2.596047794117647,2.5723331709693134,2.5670794633642933,2.5659666128163705,2.57126886528787,2.5830920671685003,2.5956937799043063,2.6083486801718845,2.618808777429467,2.6297953964194374,2.642249836494441,2.654312668463612,2.6618852459016393,2.6706128133704734,2.677990092002831,2.684587813620072,2.6946508172362558,2.6988847583643123,2.706909643128322,2.7142857142857144,2.7187745483110763,2.727199354317998,2.730612244897959,2.737759336099585,2.741582491582492,2.747863247863248,2.7528187337380747,2.756590509666081,2.7622877569258266,2.774766355140187,2.7822349570200573,2.7888015717092336,2.7962515114873034,2.8033730974907445,2.8075845722904544,2.8121618697251676,2.8135066089081415,2.8152124257651896,2.815106580166821,2.8127984718242596,2.8103469116402757,2.8034465534465536,2.7953816549069916,2.782931354359926,2.7651358433319544,2.7503204671699186,2.588169434596007,2.4756154203437064,2.40857297883885,2.381683731513083
1000.0,40.0,2.885414121671146,2.8929440389294405,3.1276939655172415,3.32578486875965,3.5032437442075994,3.665707893895813,3.7805840568271507,3.8132183908045976,3.753465943339361,3.6216666666666666,3.444516407599309,3.26365921418177,3.115625,2.985706723133933,2.8938591328232293,2.8229255774165956,2.7639111518204715,2.72615232930737,2.6806526806526807,2.647606019151847,2.6210982658959536,2.5437322387117147,2.4897048730267675,2.4466374269005846,2.41843424604705,2.403238866396761,2.396027049873204,2.393700787401575,2.395139513951395,2.398707891093678,2.4037914691943127,2.413555992141454,2.4185814185814185,2.4266734798160448,2.4322916666666665,2.439153439153439,2.450137741046832,2.4530905077262695,2.460712266817411,2.468677494199536,2.4749852854620364,2.483009708737864,2.488,2.4940438871473356,2.5003190810465856,2.505844155844156,2.5122273628552545,2.5177971793149765,2.5232876712328767,2.5349675558759914,2.545925925925926,2.5540229885057473,2.5644268774703556,2.5713128038897892,2.577777777777778,2.5834767641996557,2.5865128660159717,2.5902841429880845,2.592350746268657,2.5926640926640925,2.592556317335945,2.590520748576078,2.586840172106202,2.579520697167756,2.5704185197856084,2.5615530303030303,2.4659557013945856,2.4060310044595457,2.3818227976643818,2.4445714285714284
2500.0,0.0,2.5117120954003407,2.7441768653770233,2.9943593875906527,3.1886141460609547,3.3502660861151425,3.466459868165956,3.49822695035461,3.4197111299915037,3.236914600550964,3.0070650574035915,2.7760763826337596,2.579204762917287,2.430596285434995,2.3262548262548264,2.2519060689234522,2.198869304955105,2.1600287047003945,2.133696074621065,2.1062602965403623,2.0859409431467606,2.069437883797827,2.016931216931217,1.9741784037558685,1.9383825417201541,1.9106529209621994,1.8885630498533725,1.873456790123457,1.8610885458976443,1.8503803888419272,1.842756183745583,1.8357664233576643,1.8316279069767443,1.8256611165523997,1.8217131474103585,1.8152602114866265,1.8105015506362956,1.807281927180728,1.8037518037518037,1.8000683137879996,1.7936736161035227,1.790844898953007,1.7877652933832708,1.7843913654361987,1.7800705237038004,1.7778670953912112,1.774827259178973,1.7700519330640507,1.7679964669512733,1.7668356263577119,1.7606623965005468,1.755798969072165,1.752403440715129,1.7504785105272316,1.7478054133138259,1.7461832061068703,1.7453476983349656,1.744954128440367,1.7453820319059614,1.7440887214898515,1.7444396920444825,1.7477825790311576,1.7495331465919701,1.751923076923077,1.7541954590325766,1.758126439723573,1.7631862217438106,1.7932412790697674,1.8135750813575082,1.8353658536585367,2.004695448023999
1800.0,80.0,2.9450277949351453,2.9134509371554573,3.154555940023068,3.3392391870766023,3.473275710001764,3.56677062659484,3.5931690445309123,3.546134663341646,3.4374468085106384,3.3055648117294236,3.146486262598371,2.998344370860927,2.8940719144800777,2.779003087781209,2.7141792897938912,2.6627235213204954,2.6096609660966097,2.5884678747940693,2.5430486944248414,2.5106463878326997,2.48258910282671,2.3783910196445275,2.2948650079407096,2.198014018691589,2.1263492063492064,2.064935064935065,2.0284256559766765,1.9846508058326937,1.9536,1.9195020746887967,1.913006029285099,1.9504504504504505,1.8985239852398523,1.9173789173789173,1.8919182083739046,1.874751491053678,1.9147827898739451,1.9068550497121926,1.9179409864311867,1.8892218892218893,1.8969607953903513,1.9223119223119223,1.9176288537078918,1.924808370848035,1.9225037257824142,1.9447261663286004,1.8786388924828568,1.88216686437327,1.956316570041796,1.9408740359897172,1.9531595227574017,1.9516301852135314,1.97084917617237,1.9406876323936777,1.9813600276147738,1.9533426183844012,1.9467434328895286,1.9605287655929995,2.0079635949943118,2.0369279120015715,1.947546868767451,1.9716179821835509,1.9734986108142765,1.9909111061848814,2.0023174971031286,1.9678039404132628,1.950197889182058,1.944231587909749,1.9582272032603159,2.1033384452046713
1600.0,30.0,2.7430966469428006,2.808219178082192,3.0340406719717063,3.2201309328968906,3.384659252922726,3.522861881070836,3.5909431137724552,3.559463986599665,3.4256651017214397,3.246955978769903,3.0239520958083834,2.8182384064737005,2.6740391588107326,2.5268490374873354,2.4482913669064748,2.388330473155185,2.330880420499343,2.307626636311895,2.2649880095923263,2.233609166136219,2.2081218274111674,2.125884543761639,2.075194115243155,2.018421052631579,1.9916083916083915,1.9709216362740267,1.9704816157431382,1.9547413793103448,1.9471341124095716,1.9306590257879657,1.937906564163217,1.9858461538461538,1.9403640929064658,1.965228589826143,1.9433838051349572,1.9296246648793565,1.9726699369306238,1.9676511954992968,1.9805054151624548,1.9531946508172362,1.9622356495468278,1.9882903981264637,1.9841395717684378,1.991902834008097,1.9909165978530141,2.0143097643097643,1.9484978540772533,1.9519650655021834,2.0285714285714285,2.0150943396226415,2.0291545189504374,2.0286348054043155,2.048556840679379,2.0188396488974525,2.0611205432937183,2.033086138049059,2.0268519608997764,2.0418848167539267,2.088960475777475,2.121056681200308,2.0273259596616784,2.0513166779203242,2.0528879610299233,2.069811048608106,2.0792526744010846,2.043077883564851,2.012130240476697,1.9975409836065574,2.00553926360378,2.1384959046909904
4000.0,10.0,3.0016806722689076,2.623515234980203,2.9203346671516917,3.105614973262032,3.1841891735249797,3.199310740953475,3.139708072683944,3.0151580770896493,2.8709295441089404,2.7669524551831643,2.656280428432327,2.5857988165680474,2.5832261751678813,2.531017369727047,2.556840077071291,2.5804319083296607,2.585185185185185,2.6224662162162162,2.6198398028342575,2.6159618008185537,2.6117202268431003,2.5562024182713836,2.516298633017876,2.441666666666667,2.4034391534391535,2.363372093023256,2.3501577287066246,2.308080808080808,2.2797513321492007,2.235567970204842,2.23069403714565,2.289119170984456,2.1989304812834223,2.2248165443629087,2.173012768894513,2.138208496035972,2.1836040800906686,2.1666243332486665,2.170122837141725,2.1087405368203718,2.1084592571670666,2.1312203791469195,2.1114993164210847,2.1081504702194356,2.090732967387795,2.1107784431137726,1.9962302947224126,1.990137372314195,2.089171974522293,2.0315581854043394,2.0268706076891276,2.0013114754098362,2.0022993791676247,1.9448308946989685,1.974099974099974,1.9304531085353003,1.9085651335720186,1.9192850965696167,1.962459355601537,1.9894932014833127,1.883984867591425,1.9074074074074074,1.908278941944349,1.9268292682926829,1.9440876463921422,1.9145332808192201,1.9907353792704112,2.0544593528018944,2.0835791543756144,2.264062955406587
200.0,60.0,8.85925925925926,6.582747130692336,6.256129032258064,6.066863323500492,5.902432086474186,5.777033681307859,5.707859222016406,5.706842653699201,5.773703041144902,5.900339750849377,6.0712773465067045,6.267532467532468,6.485324947589098,6.707988980716253,6.933550392185881,7.154739213307919,7.372659553050131,7.58957654723127,7.7967914438502675,8.000612369871403,8.195173137460651,8.632850241545894,8.932102834541858,9.03111111111111,8.861712135465664,8.469200122586576,7.831161252674576,7.028585154936343,6.200466200466201,5.368203716448726,4.58893280632411,3.9472735466426316,3.3815461346633415,2.9596462133775563,2.6155703077851538,2.344581440622972,2.1393897364771153,1.9816983894582723,1.8896825396825396,1.7892156862745097,1.7334479793637145,1.6986425339366515,1.6635514018691588,1.6527363184079602,1.6184340931615462,1.6114085667215814,1.6226912928759896,1.6122174983217723,1.6197843413033286,1.6199801685671786,1.6176853055916776,1.6216952848187518,1.6389170406833649,1.6472571253447745,1.6513178786916483,1.679671457905544,1.673497985636714,1.6799568965517242,1.7056676272814602,1.7179435483870966,1.720403541280626,1.7396867416721817,1.7696360153256707,1.7854785478547854,1.8049635824116534,1.8200800915331807,2.0394671928959056,2.2005965697240866,2.373357407964691,2.1582758620689657
2500.0,50.0,2.8741768998042354,2.7720164609053497,3.068911647283458,3.294414641842853,3.4498922413793105,3.5410839160839163,3.544660846205507,3.452566096423017,3.286472148541114,3.105645999307239,2.9045981951009883,2.7331272539927873,2.6223436551305404,2.502415458937198,2.44765625,2.408536585365854,2.366412213740458,2.357105124141574,2.3242076564807452,2.3002093338258836,2.2795296632816675,2.1996615905245345,2.1407211961301673,2.062964411419632,2.015635039623046,1.9718931475029036,1.950635751682872,1.9145118733509234,1.8899944720840243,1.8568960552836165,1.8517406962785115,1.8933417481855475,1.8326848249027237,1.8509212730318259,1.8186206896551724,1.795623014472291,1.8321548195013027,1.8213483146067415,1.828173374613003,1.7885462555066078,1.792638036809816,1.813191489361702,1.8028658271819367,1.8035634743875277,1.7964399817434962,1.815334268349696,1.7376735280038296,1.737151248164464,1.8120603015075376,1.7841031149301827,1.7887402452619845,1.779591836734694,1.7899210686095932,1.7539234149403642,1.7876758204956464,1.7586440677966102,1.7482419127988749,1.7624269005847952,1.8029850746268656,1.830876648564779,1.746845425867508,1.7707477403451108,1.7757009345794392,1.7959363957597174,1.811285846438483,1.7857829010566764,1.8256534626785232,1.8532272325375774,1.885340762966138,2.069481560662747
2500.0,40.0,2.9178674351585014,2.7801324503311258,3.085376162299239,3.3247089262613194,3.4964253798033957,3.615441176470588,3.640737770649559,3.5578699815219217,3.387395736793327,3.198046994202014,2.976054732041049,2.7868553172067547,2.6657696447793326,2.5304878048780486,2.4713990351481736,2.4264931087289434,2.380434782608696,2.3674976915974146,2.3300395256916997,2.3026807647121648,2.279343807763401,2.190952130457654,2.126265634306135,2.048212528697934,1.9996435572981643,1.956605222734255,1.9390894175553732,1.9046898638426626,1.8821936357481381,1.8504103165298944,1.8470358624054648,1.8898565573770492,1.828428796636889,1.8486163863266414,1.8158995815899581,1.79337899543379,1.830375939849624,1.8197217180883243,1.8263042799125273,1.7875848690591658,1.7914191419141914,1.8125,1.8023826208829712,1.8037383177570094,1.7960235640648012,1.815233785822021,1.7381228273464657,1.7373617693522907,1.8130575831305757,1.7850021673168617,1.789923526765632,1.7807058823529411,1.7916666666666667,1.7565922920892494,1.7905844155844155,1.7612267250821467,1.7515633882888004,1.7653664302600474,1.8051869722557299,1.8332288401253918,1.75,1.7746010638297873,1.779917469050894,1.7984274481772695,1.8149812734082398,1.7898832684824904,1.8298291721419184,1.8579864611839263,1.8895298024820835,2.073960612691466
200.0,70.0,7.5069060773480665,6.193343898573692,6.024162548050522,5.875102711585867,5.708834412580943,5.549330843448491,5.418278037858742,5.3109549830861305,5.245740498034076,5.1987023519870235,5.181141439205955,5.144556811421773,5.140934844192635,5.117647058823529,5.0999039385206535,5.063249367506325,5.016217564870259,4.990096208262592,4.921689606074988,4.848538217682282,4.782438259506076,4.552967693463561,4.25531914893617,3.9035591274397246,3.4731619305367616,3.0858505564387917,2.7001209189842807,2.3572395128552097,2.0896656534954405,1.8610878661087866,1.6751131221719457,1.5405940594059406,1.428421052631579,1.351659632713585,1.2916615797826883,1.2448293691830403,1.2100013663068725,1.1832475700400227,1.1704616344354335,1.1519872813990462,1.1433126363483805,1.13891853432942,1.1324880558618153,1.1324372405613758,1.124730761699628,1.124666803362723,1.1290537538871612,1.1268978019487876,1.1297051066890433,1.1313494099538224,1.1320293398533006,1.1341007194244606,1.1396648044692737,1.1431893687707642,1.145587213342599,1.154344512195122,1.1539365452408932,1.1564019448946514,1.1651254953764862,1.169467787114846,1.1712230215827337,1.1783472803347281,1.1895652173913043,1.1957605985037407,1.2036290322580643,1.2108695652173913,1.292877806860449,1.3582651028988715,1.432637571157495,1.4094364667551584
1600.0,20.0,2.566132723112128,2.808927599346761,2.9992334227673436,3.1574858757062145,3.30600758595375,3.4337714863498485,3.5007949125596185,3.4733112895606992,3.351815181518152,3.1790393013100435,2.965217391304348,2.7660123966942147,2.6239545997610514,2.480517327143094,2.4036529680365297,2.34375,2.2870994940978076,2.26332501701066,2.22301474084641,2.193418739010299,2.1701222753854332,2.0974760661444734,2.0565739570164348,2.0097840755735494,1.9907176008568368,1.9766829635201204,1.9806934594168637,1.9701309328968903,1.9658227848101266,1.9518438177874187,1.9606616003576218,2.0088248954946586,1.9659252247988641,1.9917515769044154,1.971258671952428,1.9586485123550177,2.001578947368421,1.9963060686015832,2.009745533297239,1.9838619922092375,1.993216506500848,2.0204319906596613,2.017190278601067,2.0241837968561063,2.022783251231527,2.047051442910916,1.9821086261980831,1.986996098829649,2.06171201061712,2.0489853044086774,2.0633549316054713,2.063385533184191,2.083076923076923,2.053670086819258,2.0949208992506243,2.067953020134228,2.061418685121107,2.075,2.1235240690281563,2.1539906103286386,2.06,2.08390918065153,2.0833333333333335,2.098895318253551,2.1075740944017562,2.067476996478473,2.0211461844927983,1.9976567076742824,1.9983777520278099,2.1194184839044654
1800.0,90.0,2.941435768261965,2.9109300365271142,3.1535294117647057,3.3375877472878113,3.472072072072072,3.5652173913043477,3.5942477876106196,3.5472541507024267,3.4376634699215343,3.305634604439385,3.144716367237233,2.9969470827679783,2.890127388535032,2.7742663656884874,2.7108739837398375,2.6579465541490856,2.604722477767556,2.5833052844160216,2.5387387387387386,2.5065993788819876,2.4778428093645486,2.3738674296614213,2.29126213592233,2.1938168846611177,2.1233850129198966,2.062586926286509,2.026686434395849,1.9820592823712948,1.951219512195122,1.9173693086003372,1.9107611548556431,1.948764867337603,1.8969072164948453,1.9151398264223722,1.8902077151335313,1.8729806138933764,1.9138350799195512,1.9055720969800085,1.9170587591640222,1.8892397924655988,1.896452760877052,1.9224824634407325,1.917029511369134,1.923837784371909,1.9207470974255427,1.943836145819915,1.8772183515183383,1.8805250468791856,1.9550623373064804,1.9404934687953557,1.9518036222122437,1.950536630891274,1.9690871035260022,1.9390627587348899,1.9803543238028416,1.951521585279547,1.9455110623514353,1.9602649006622517,2.005780346820809,2.0363345977240965,1.9464937170652614,1.97094125078964,1.972632493483927,1.9898625816625366,2.0016489988221435,1.967032967032967,1.9500335345405768,1.9433145824318476,1.9575349559813569,2.1033697085981533
20000.0,10.0,1.5974025974025974,1.2640283520378026,1.2528837622005324,1.251634375371449,1.2530761051192465,1.2537005808506652,1.253447886050192,1.2521505376344086,1.2492093611638204,1.2464944649446494,1.2430585219991457,1.2396856581532416,1.2361189007291082,1.2339069471000637,1.2314347512617159,1.2292682926829268,1.2278133577310155,1.2267160646290007,1.2265679240916454,1.2259239979177512,1.2256883421206795,1.2261505036539602,1.229266987693954,1.2351233671988389,1.2433758586849852,1.2531311799604483,1.2640350877192983,1.2745324405449088,1.283440924786068,1.2892705519104593,1.2920549288867091,1.292321924144311,1.2908182865923934,1.2882241215574548,1.284965034965035,1.2823613086770982,1.2806563039723662,1.2793488469164145,1.2791865428069296,1.2807755899594169,1.2830796777081468,1.285896076352068,1.2892830377217088,1.292846715328467,1.2967851099830796,1.3006612213146636,1.3038086802480071,1.3073463268365817,1.3100558659217878,1.3138983050847457,1.3163751987281398,1.3170731707317074,1.3159216474133602,1.314894084074196,1.3119981105337741,1.3088346337780015,1.3051005460114529,1.301135567082574,1.2967372134038802,1.2922486569455103,1.2876537294361923,1.2784940691077875,1.2699228791773778,1.2618351841028639,1.255895017428747,1.2510199699377282,1.2471493728620295,1.2467625899280577,1.2454888795635752,1.2479841210767895
1000.0,50.0,3.2413793103448274,3.289784572619875,3.584454409566517,3.8415570175438596,4.062792877225867,4.254512361595632,4.406542056074766,4.5034246575342465,4.5377629063097515,4.522988505747127,4.460032626427406,4.371485943775101,4.281761308950914,4.174228675136116,4.081404628890662,3.988522238163558,3.8932963109877035,3.820692678649715,3.7286121673003803,3.652061855670103,3.581589958158996,3.3701298701298703,3.1838781575037145,3.009921455146755,2.8622402890695575,2.7452508524111057,2.655763239875389,2.587336244541485,2.536626916524702,2.5038212815990595,2.482066869300912,2.472151898734177,2.4628312863606983,2.4605175846051757,2.460651289009498,2.4603174603174605,2.4694024478041756,2.4693140794223827,2.47520355292376,2.4836501901140684,2.486882716049383,2.496019108280255,2.5008077544426492,2.506172839506173,2.5129924559932943,2.5196245733788394,2.5243055555555554,2.5291005291005293,2.5364536453645363,2.5482954545454546,2.5583657587548636,2.567689984901862,2.575993360307086,2.583218121875997,2.5908479138627185,2.595980126467931,2.59953434225844,2.602476259165765,2.6042303460080696,2.6046805819101833,2.6046213093709882,2.6009327115256498,2.59758108851017,2.589845978322875,2.5802119086703477,2.5700572844093514,2.466894489534387,2.399173553719008,2.3670719684521853,2.4136664217487143
200.0,0.0,7.005862646566165,7.508821453775583,6.8246153846153845,6.4458464773922195,6.420749279538906,6.640841173215274,7.00117308307561,7.449022055763629,8.068705488060328,9.06417112299465,10.96733929685875,15.092230296254892,23.04093567251462,30.989537925021796,24.66796875,15.836972343522561,10.960187353629978,8.632193494578814,7.653404067197171,7.314659197012138,7.235525024533857,7.196895156882038,7.173808953794589,7.160605668435356,7.147818838566268,7.1331260180660445,7.1249018067556955,7.116788321167884,7.113906359189378,7.1098053617333825,7.108201771274547,7.107754279959718,7.108307045215563,7.10872424375274,7.109945255474452,7.110689736904479,7.112641416625676,7.110828025477708,7.1149789029535855,7.1136549468520025,7.113111986494092,7.113821138211382,7.118897873614856,7.121258870718913,7.123809523809524,7.12467362924282,7.123700972175661,7.124183006535947,7.121693121693122,7.123287671232876,7.117396358000775,7.1116504854368925,7.110923660902572,7.107111501316945,7.104423164614683,7.09692671394799,7.095984329089128,7.092198581560282,7.0890052356020945,7.0826580226904365,7.080779944289694,7.078651685393258,7.0775969962453065,7.076719576719577,7.071129707112971,7.073421439060206,7.051483812949641,7.027773266201072,6.994060246075519,6.959206174200662
900.0,30.0,2.7585185185185184,2.8506482572823706,3.0388744909292855,3.2069209039548023,3.3714430894308944,3.5310858143607704,3.6530833032816443,3.7015765765765765,3.661703887510339,3.548497657945847,3.38640719445673,3.2194858889088622,3.081787521079258,2.962174940898345,2.874282733437663,2.8083545018346032,2.7528528528528526,2.7177263969171483,2.676737160120846,2.647743300423131,2.625648628613788,2.561122244488978,2.5200690548122573,2.4906435417617527,2.4739109621828628,2.4697348674337167,2.4708636836628513,2.4745034889962425,2.479625550660793,2.487598647125141,2.4953757225433524,2.506276150627615,2.512446873102611,2.520471464019851,2.5284450063211126,2.534958306606799,2.545697131420947,2.549766199064796,2.556390977443609,2.5641205325858443,2.5688920454545454,2.5771762984637894,2.58117123795404,2.5864150943396225,2.5917114351496546,2.597970335675254,2.6023809523809525,2.606768734891217,2.6116584564860426,2.6220880069025023,2.6309734513274337,2.637111517367459,2.646892655367232,2.6502890173410405,2.656043844514361,2.6608127424954056,2.6624605678233437,2.664063347434646,2.6648291069459757,2.663551401869159,2.6632759218587445,2.658197507190796,2.6515993577868344,2.64336917562724,2.6310861423220975,2.6185195453285277,2.501883948756594,2.4302884615384617,2.402508551881414,2.479949874686717
300.0,0.0,6.473228346456693,6.681120747164777,6.730543933054395,6.637137397950322,6.202404809619238,5.912280701754385,5.714614499424626,5.612582781456954,5.639344262295082,5.8357457520453115,6.236190067574816,6.9197160021845985,7.99255352156376,9.640557939914164,12.216936251189342,16.07112180037794,21.300338149400556,27.113778705636747,30.222905457340506,28.490028490028493,24.06383644518619,14.817871036190027,9.897575521846234,7.747785744411641,7.039334341906202,6.91661279896574,6.89377037926892,6.882480957562569,6.872372946121512,6.862193652069105,6.8534119629317605,6.846628470691934,6.8391994478951,6.833652924256951,6.829633325018708,6.823834196891192,6.823434560601989,6.820712694877505,6.817396313364056,6.815476190476191,6.814132104454685,6.812420785804817,6.812540822991509,6.8123739071956955,6.809540269616315,6.809946714031971,6.808898614150255,6.808829031051253,6.808592251630227,6.806114239742557,6.805555555555555,6.808791208791209,6.805682859761687,6.808206106870229,6.807139315815569,6.80719794344473,6.803409696323921,6.802646085997796,6.803418803418803,6.799999999999999,6.796116504854369,6.786864133934321,6.782549420586231,6.778818443804035,6.772796352583587,6.763389288569145,6.720850647763383,6.694855532064835,6.656668204891555,6.510884997633696
25000.0,40.0,1.6274473242588103,1.3268365817091454,1.307774684086528,1.2946512355333124,1.2793487574978577,1.2696378830083566,1.2657784011220197,1.268166089965398,1.2778947368421052,1.2915876027830486,1.3094736842105263,1.3285587975243147,1.34821979831241,1.3674098671726755,1.3861601085481683,1.4037037037037037,1.420335429769392,1.435897435897436,1.4513116940862605,1.4656985478217326,1.4799774393683023,1.514828897338403,1.5465187923598276,1.5762453170528652,1.6022047832585948,1.6234058514628658,1.6380225613802255,1.644880174291939,1.6439909297052153,1.6362308254200146,1.6186046511627907,1.5963820039938916,1.5689149560117301,1.5388808139534884,1.5069103878733838,1.4737412019491067,1.4419817470664928,1.4111024844720497,1.3862482694970004,1.359828141783029,1.338107098381071,1.3199713672154616,1.3030794165316046,1.292929292929293,1.2772804988434074,1.2699645075421473,1.267329162066004,1.261122112211221,1.2598200257106127,1.2560581583198707,1.2535688793718773,1.2522819965041756,1.2529002320185614,1.2537414965986395,1.252578556008635,1.2568925534656017,1.2541644277270285,1.2523128679562658,1.2555092316855272,1.2560175054704594,1.2532341526520052,1.2506993006993008,1.250378787878788,1.2477768795472919,1.2465635738831615,1.2468123861566485,1.2776632302405497,1.3,1.3175792507204611,1.3512518409425625
9000.0,30.0,2.1238212382123822,2.1153846153846154,2.5115055884286654,2.758372344256392,2.856954515491101,2.853497767382522,2.793252862890746,2.70152051655905,2.604941551540914,2.512687052700065,2.4296784192173577,2.353762956286616,2.303987571206629,2.2567567567567566,2.2182539682539684,2.1976313841598816,2.1754530477759473,2.158279963403477,2.148936170212766,2.1350957768567267,2.126237623762376,2.1127652834969908,2.1003642250101175,2.0906040268456376,2.0832513929859062,2.0832642916321458,2.087564766839378,2.0896860986547083,2.0949019607843136,2.100473933649289,2.1018099547511313,2.0969469737546866,2.086589559237262,2.088331515812432,2.0644486294203808,2.0551444258772977,2.0305570578691183,1.9972694174757282,2.034340659340659,1.9849170437405732,1.9553422370617697,1.9792913023469858,1.9610194902548725,1.9735537190082644,1.9246813441483197,1.931207004377736,1.9794238683127572,1.9644412191582004,1.998435054773083,1.992091388400703,2.0107108081791627,1.9972141862209365,2.0225787284610814,2.0694154488517746,2.021023125437982,2.125484120836561,2.126792698826597,2.075180226570546,2.1185019564002237,2.2032890826233404,2.1984355701934954,2.158275005644615,2.2281662105001243,2.2487268828732243,2.234820143884892,2.227891156462585,2.4566608493310063,2.5110913930789707,2.5034722222222223,2.5364910584823583
700.0,80.0,4.083844580777096,3.9684734513274336,4.216867469879518,4.405912450255827,4.514980717887867,4.575306479859895,4.588525601480567,4.576214405360134,4.547257105089226,4.4889076102218475,4.439195100612423,4.385254634562114,4.308160162189559,4.250519441970911,4.209438511884258,4.13563308506468,4.075187969924812,4.020885131775236,3.952564809707667,3.9013480392156863,3.8382949932341,3.6582491582491583,3.441233534157051,3.2144152860079815,3.0084745762711864,2.7848101265822787,2.570110046148385,2.4231747895870033,2.3070380608122476,2.2096407457935423,2.125842155919153,2.0797735460627895,2.043524986566362,2.019392917369309,2.038347205707491,2.0232700551132883,2.0164941785252264,2.054533288725326,2.0060913705583756,2.0352062588904696,2.0934579439252334,2.0236220472440944,2.0495547812620982,2.0968788001621403,2.0964403973509933,2.1096938775510203,2.1180313588850175,2.1326485037963376,2.1304149566803465,2.1418886198547216,2.1597989949748744,2.1781397792958486,2.2298722931704607,2.2341519131924614,2.241671714112659,2.289900249376559,2.2436868686868685,2.2847638057218895,2.346100278551532,2.2627177700348433,2.2735042735042734,2.354888375673595,2.356230031948882,2.3507896924355776,2.3555166374781087,2.384118190212373,2.41901776384535,2.443269066712165,2.4657253939021895,2.6713947990543736
9000.0,10.0,2.1402714932126696,2.1645226811103586,2.6994274809160306,3.226438188494492,3.7117456896551726,4.123733108108108,4.421556005149899,4.560344827586207,4.5578512396694215,4.451165371809101,4.32378223495702,4.197145405887601,4.083735909822867,4.012029690299462,3.969856819894499,3.924703455389376,3.901389160633927,3.889997782213351,3.866436668309512,3.8497523390203634,3.8288151081328055,3.739476678043231,3.640449438202247,3.5289772727272726,3.4179714091218516,3.313456889605157,3.2063492063492065,3.107774798927614,3.013531634767768,2.9158725837190307,2.816393934844618,2.734700683675171,2.6417829316905235,2.551000582863804,2.4840085287846483,2.4071557971014492,2.34814453125,2.298342541436464,2.2360584731997832,2.2030796048808834,2.180018850141376,2.145166505011316,2.1260647359454854,2.1148134733792103,2.102380052890064,2.0949367088607596,2.0909466721785863,2.088120950323974,2.087230215827338,2.0955918771669144,2.0998937300743887,2.1156542056074765,2.1315956770502225,2.1419878296146044,2.1670411985018725,2.1747269890795633,2.1853061224489796,2.2056737588652484,2.2232734153263953,2.22488038277512,2.234592445328032,2.2681915012893823,2.283398879752115,2.301143583227446,2.3267395213722506,2.3521444695259595,2.5853870687155696,2.720319099014547,2.7674567584881484,2.828935395814377
2000.0,90.0,2.867713004484305,2.838323353293413,3.0885547201336676,3.2796674225245654,3.4153846153846152,3.5048563752841497,3.5240202275600505,3.4573254221816523,3.32398753894081,3.1682926829268294,2.989399293286219,2.8282950423216446,2.716434856656259,2.595689932454165,2.534854245880862,2.485456369107322,2.436570428696413,2.421255109401298,2.3820803295571578,2.354426866500139,2.3310386111942534,2.243594123676119,2.178087495160666,2.0961127723195214,2.0413761041376106,1.993483709273183,1.9678972712680578,1.9306651634723788,1.9058823529411764,1.8753817959682346,1.8711928934010151,1.910299003322259,1.8576294277929155,1.8771929824561404,1.850864553314121,1.8322295805739515,1.8717156105100463,1.8633540372670807,1.8736,1.843104872006606,1.849453322119428,1.8727114210985178,1.8676731793960923,1.8727272727272728,1.8690807799442897,1.8908918406072106,1.821705426356589,1.8241106719367588,1.898401133373811,1.8794326241134751,1.8892218892218893,1.887206749104357,1.9024799329100275,1.8721461187214612,1.910936476751801,1.8828507206135132,1.8755129958960328,1.8891723356009071,1.9335740072202166,1.963162623539982,1.87680608365019,1.900395256916996,1.9027415143603132,1.9204064352243861,1.9341126461211477,1.9030124908155768,1.9024575627058526,1.9071217591073186,1.927530523828279,2.0871985157699444
25000.0,60.0,1.5914294100381567,1.3193120209384932,1.3027522935779816,1.2908841044434265,1.2753894080996884,1.2661290322580645,1.2616349656009713,1.2644679527069074,1.273523636912853,1.2867753623188405,1.3035906256718985,1.3222222222222222,1.341456253669994,1.3600405679513186,1.3788171627367607,1.3958699472759226,1.411530815109344,1.4268087492989343,1.4424778761061947,1.4569395017793594,1.4699759807846278,1.502964959568733,1.5343222803955787,1.562291544045517,1.5861887190300474,1.6057726152763112,1.6190032603632976,1.62477120195241,1.6226265822784811,1.6121827411167513,1.5943335479716678,1.57165991902834,1.542420587052674,1.5118988596926128,1.4789839733897792,1.4450930317402408,1.4121238552115134,1.3804123711340206,1.3546617915904935,1.3256140350877192,1.3037156704361874,1.2859778597785978,1.2664252457320229,1.2549568462794496,1.2387324832723141,1.2298325722983257,1.2265159615090881,1.2193569446711279,1.2171539274392391,1.2119833893612815,1.2081614933796396,1.2058823529411764,1.2063856960408685,1.2069722755970353,1.2055072463768115,1.2100656455142231,1.207479674796748,1.2061016949152543,1.209764918625678,1.2102661596958175,1.2083333333333333,1.206896551724138,1.20796665122742,1.2064356435643564,1.2062236286919832,1.2068385650224216,1.2412587412587412,1.2657461240310077,1.286082474226804,1.3213935230618252
400.0,20.0,3.7424,4.17828947368421,3.7921435199505105,3.5097919216646267,3.361034672537149,3.2744739249771273,3.190363459128255,3.086611121875605,2.972838275604286,2.8648486664668864,2.7868055555555555,2.7345823575331774,2.699235344095157,2.6866635902168903,2.6869695456814777,2.6828885400313975,2.687603305785124,2.69790454016298,2.7027677496991576,2.7122166246851385,2.722040549378679,2.7313535911602207,2.7447118891320206,2.7593297791317593,2.770932069510269,2.785597381342062,2.7943143812709033,2.806701030927835,2.8171378091872787,2.8253825382538253,2.834400731930467,2.845283018867925,2.8505747126436782,2.8560386473429955,2.867132867132867,2.8725549505948775,2.8810408921933086,2.8901611535199327,2.8911349757843756,2.9005405405405407,2.9115904772549457,2.91475812758351,2.9223951823656398,2.9311147312078196,2.9370217775161858,2.943847072879331,2.950581395348837,2.9573657697505835,2.9636996519144705,2.979024578561318,2.9909484454939,3.006109979633401,3.019158159697944,3.030001421868335,3.043219961384227,3.0495286547957505,3.056438190346497,3.065934065934066,3.0713363460296965,3.0739611743943525,3.0766731643924627,3.0824866540382296,3.084638395213796,3.0842808157372317,3.084427767354597,3.0802264298262743,3.0575,3.049094814360233,3.0503010981225644,3.200149925037481
900.0,10.0,2.750378214826021,3.3321616871704745,3.395086059650506,3.415439309294058,3.4038199181446114,3.3604919292851654,3.2828159374236128,3.177688953488372,3.0595327807083645,2.9478657543173674,2.8465796757611703,2.763819095477387,2.7053388090349078,2.657397107897664,2.6242532855436083,2.6012658227848102,2.5826719576719577,2.5766016713091924,2.5656855707106963,2.5644080416976918,2.5664605873261204,2.568052159739201,2.5819742489270388,2.5985727029438004,2.6195752539242845,2.640610104861773,2.662082514734774,2.6790744466800804,2.6955450626154795,2.7091175240485152,2.7229044313934865,2.737663479503242,2.746408286000668,2.7563520871143377,2.7647804540739886,2.7712952158693116,2.78294480009663,2.786706948640483,2.793736900505486,2.802066271891143,2.8078001529441754,2.8158514255820037,2.8204788993253076,2.826437399247716,2.8328110096743426,2.838977194194886,2.84412671712924,2.8496379383785317,2.855287837252922,2.8661749209694416,2.8758069474331385,2.8862559241706163,2.8936721152290015,2.9021613595116316,2.9071773636991027,2.913058538275026,2.9142248268513584,2.916818679314119,2.9178994082840237,2.9145250333142965,2.9127335773454055,2.905982905982906,2.896776825785394,2.882996632996633,2.864013992129427,2.8455467869222097,2.6613464886825304,2.526540790879943,2.4356435643564356,2.324392288348701
1000.0,70.0,3.499494779386999,3.520264681555004,3.8072453861927547,4.0413917216556685,4.209912536443149,4.33150319038433,4.410112359550562,4.4434389140271495,4.440389294403893,4.410770855332629,4.352393617021277,4.280130293159609,4.213098729227761,4.130559048816737,4.059157533342137,3.9864763335837714,3.9099645928174,3.84993384993385,3.7713452728029986,3.704383750286895,3.6427850655903127,3.4394124847001226,3.252091669698072,3.0620284995808884,2.8910377358490567,2.748696558915537,2.6352807714123654,2.546998180715585,2.480486244401791,2.433734939759036,2.403214535290007,2.388848129126926,2.3766037735849057,2.370716510903427,2.3688,2.3695829926410465,2.379605826906598,2.3801724137931033,2.3874113475177303,2.39634703196347,2.4001857010213556,2.4121037463976944,2.41796875,2.4257228315054835,2.431169358935284,2.438645542093818,2.444866518940593,2.451696006869901,2.4594476106970626,2.474560592044403,2.4854322749435127,2.49599605765677,2.5069921179761,2.516305765718758,2.5258371227780074,2.5315752949340737,2.537249283667622,2.5425736709610542,2.546359113523293,2.5488052475402156,2.55035685963521,2.5494722955145117,2.548986198670983,2.5447140074375776,2.536178107606679,2.5284255155135864,2.4365821094793056,2.3751295336787566,2.346551011978521,2.3925925925925924
1500.0,80.0,3.1479789906371316,3.1090342679127727,3.3594259621656883,3.5552075176194204,3.697009530069011,3.7984334203655354,3.8464566929133857,3.8335960369286197,3.7660550458715596,3.669852648347272,3.546468401486989,3.4287418008348243,3.328767123287671,3.2287660256410255,3.1544384057971016,3.086146095717884,3.0193156732891833,2.9744835965978127,2.911111111111111,2.8608757062146895,2.816170861937452,2.6672519754170323,2.5334665334665334,2.4064644675669693,2.2981291490645743,2.211375764675257,2.1444444444444444,2.092717168762796,2.055818209547049,2.029100110706943,2.0131255127153405,2.0044581618655695,1.9975425662629454,1.9938594906989344,1.9937060348019253,1.9939577039274925,1.9984186598141924,1.999602859412232,2.0030618493570116,2.00819844439773,2.0113296280461737,2.0176912870411323,2.0215827338129495,2.0261707988980717,2.030906110981035,2.035091907376462,2.04016553067186,2.0445986124876114,2.049620253164557,2.061814289537062,2.06969696969697,2.07830808802515,2.0862119870091527,2.0934182590233545,2.101635139467778,2.105654281098546,2.110406937958639,2.1148275862068964,2.1175851175851177,2.119549418604651,2.120206489675516,2.1213629402756506,2.12001579155152,2.117069177241097,2.1129653401797177,2.107760532150776,2.055084745762712,2.027216174183515,2.0231696014828544,2.1305625524769103
20000.0,30.0,1.5718232044198894,1.2805810397553516,1.2612826603325415,1.252159739201304,1.2463860544217686,1.2438699360341152,1.2425823280078252,1.2417582417582418,1.2408963585434174,1.2398239823982398,1.2403598971722365,1.240506329113924,1.2414383561643836,1.2434017595307918,1.2451405087193157,1.2485854394568088,1.252129471890971,1.255880940950552,1.2600072124053372,1.2643234457537587,1.2688960146587265,1.2806201550387597,1.2938448566610454,1.3075157773952955,1.321651090342679,1.3355732885342293,1.3481003785223609,1.3581343697945585,1.3648877082830235,1.3676836861768369,1.366375892149088,1.3628185907046477,1.3566084788029926,1.349267540478026,1.3415326395458846,1.333256510716755,1.325519743267755,1.3188916876574308,1.313745220366271,1.3089255802823643,1.3054926387315968,1.302929427430093,1.3001941747572816,1.2990990990990992,1.296086508753862,1.2946690099589924,1.294701986754967,1.292988929889299,1.2919051512673754,1.288910505836576,1.2861304055568004,1.2838855421686748,1.2823561946902655,1.280743851229754,1.2785073670723894,1.2779389182733323,1.2752063150340869,1.2723684210526316,1.271076011846002,1.2685490519373455,1.265284309533989,1.2598208132322537,1.2548537724256574,1.2497393117831075,1.2461538461538462,1.2430795847750864,1.249108910891089,1.2533129459734964,1.2563329312424607,1.265354474211773
12500.0,90.0,2.0704898446833933,1.7314305364511693,1.6986206896551723,1.676130389064143,1.658788774002954,1.6448140900195696,1.6344595436977933,1.621454993834772,1.6090519649841684,1.595890410958904,1.5826019617965927,1.5696843359142347,1.5579734784087045,1.5475548710050058,1.5376949740034662,1.529126213592233,1.5208672086720867,1.5141993957703928,1.5087483176312249,1.502621722846442,1.4966666666666666,1.4870619063216508,1.4783481502724405,1.4732277526395174,1.4698169223156854,1.4675492412011624,1.4669732441471572,1.4670594536689876,1.4673913043478262,1.4684838160136287,1.4676380530039066,1.4670813893208916,1.4647577092511013,1.461713419257013,1.457427536231884,1.4524959742351047,1.4463044851547695,1.4393212836591665,1.4345955249569708,1.4267326732673267,1.4204545454545454,1.4156939040207523,1.4101247248716067,1.4069767441860466,1.4005524861878453,1.3972546609301373,1.3975793560173555,1.3939242405300662,1.393273850377488,1.3913534441038877,1.389157073895284,1.3887838689350978,1.3913760603204524,1.3915882967607105,1.3914155770324048,1.3961322520274486,1.3929286190793864,1.3934659090909092,1.3981588032220944,1.4,1.3994823123382225,1.4037536092396534,1.4102838778789502,1.4130052724077329,1.4166138237159163,1.4201909959072305,1.447726796564006,1.4612651030561479,1.4788781770376864,1.4663382594417076
4000.0,20.0,3.0647171620325984,2.653452685421995,2.9422899353647276,3.136206896551724,3.232934766157106,3.2743810005053056,3.2366230677764567,3.1299303944315544,2.9904458598726116,2.88856150689256,2.7719899775814323,2.6932347742246505,2.6818358615324778,2.619101377286069,2.635740643120717,2.6522658610271903,2.6489145183175036,2.679969004261914,2.670488322717622,2.6614877589453863,2.652037617554859,2.5834885164494104,2.534356725146199,2.4494195688225537,2.401662049861496,2.3541963015647225,2.33495252815191,2.2880056610449344,2.2562570041090773,2.210320052253429,2.203320071340376,2.2592377073028804,2.1688194653048964,2.1923797626483448,2.1408951365325577,2.1064006650041565,2.151450813871196,2.134189864382584,2.136625208836087,2.077771329077191,2.0786182251340084,2.1012078300708037,2.082229816317813,2.0780251267357284,2.0620031796502385,2.08354785864732,1.970347155255545,1.9650470996529499,2.0635408660005123,2.010839355197332,2.0064083891639966,1.9830456226880395,1.9860480207657365,1.9308943089430894,1.9622848773343098,1.9188081936685288,1.8990646921278254,1.9109840751327072,1.9555927943024718,1.983347940403155,1.8782997762863534,1.9023015500234852,1.9042501221299462,1.9239019407558733,1.9428879310344827,1.9133858267716535,1.997485331098072,2.0649919336252593,2.0979627221499784,2.300927971718957
200.0,50.0,13.324246554596396,12.097902097902098,12.086705202312139,12.20198146372643,12.355,12.561247216035635,12.886543535620053,13.329486439699942,13.899885801294252,14.557177615571776,15.257419745608722,15.948434622467772,16.613896218117855,17.22107438016529,17.780443911217755,18.28847481021394,18.747044917257682,19.193548387096776,19.60645095851506,19.99312557286893,20.369652320020677,21.24803904479693,21.98539802166745,22.49680306905371,22.704703832752614,22.56090314913844,22.029102667744542,21.106020942408374,19.866006408389165,18.37454475752348,16.67241379310345,15.007785736530675,13.335880779518531,11.781321184510253,10.53763440860215,9.424724602203183,8.578296703296703,7.903831705484598,7.45693191140279,7.125769569041337,6.90121155638397,6.715667311411992,6.62058526740666,6.633376288659795,6.5519494663472,6.550636476287033,6.586798214705191,6.5818225477248165,6.616588030792153,6.644574398960364,6.725395732966277,6.77252478804426,6.7871426455339945,6.911392405063291,6.933094579195833,7.025132501282271,7.1238540355923075,7.076950801946297,7.181525648305886,7.299940131710237,7.3081607795371495,7.405417024935512,7.519981730988811,7.596545934276806,7.747266717518434,7.674967234600262,11.957796014067995,19.348190132680664,17.68893756845564,8.3202170963365
2500.0,60.0,2.8478625314333614,2.7509469696969697,3.0408082408874804,3.255805644873169,3.3910681955340976,3.4636979670861567,3.4499485521093636,3.3473684210526318,3.182207014542344,3.009259259259259,2.8185151237396884,2.656781987918726,2.5531088082901556,2.440265486725664,2.3891213389121337,2.350467289719626,2.31275043665879,2.303044122677004,2.2736220472440944,2.250902768490036,2.2322467986030268,2.1612031091584996,2.1082343780416584,2.0379167574634995,1.9951980792316926,1.9555439330543933,1.9382924767540153,1.9049043062200957,1.8822975517890772,1.8509662626924337,1.847469220246238,1.8894888408927286,1.8290155440414508,1.8484500574052813,1.8163184864012614,1.793702058942269,1.830140485312899,1.8195456493784827,1.825509300265722,1.7867950481430537,1.7911007025761123,1.810916179337232,1.8014925373134327,1.8024502297090352,1.7935180345007842,1.8130690948044992,1.7361492046077893,1.7352776219854178,1.810483870967742,1.7815384615384615,1.7860791826309068,1.7768871075484303,1.7877522616562282,1.7525179856115107,1.7858787413660784,1.7554347826086956,1.7461724415793716,1.7604690117252932,1.8,1.8268206039076376,1.7443541102077686,1.7693032015065913,1.774099318403116,1.7934452761480881,1.8090292496820686,1.7847711267605635,1.82449105490438,1.852316407040259,1.883578431372549,2.068417837507636
2500.0,70.0,2.8484279680900984,2.7522839441352516,3.044625192349967,3.260817784835252,3.399597044996642,3.4776506154178364,3.4686832155186584,3.3687440982058545,3.200192184497117,3.02334305960817,2.8290289256198347,2.663157894736842,2.5554744525547446,2.4393687707641196,2.3883129123468425,2.347807801493008,2.308402585410896,2.29873288109561,2.268652599641429,2.2446840371368673,2.2265625,2.152137073997364,2.098810810810811,2.0284611673902555,1.9864864864864864,1.9478836740570111,1.9312693498452012,1.898950131233596,1.8771929824561404,1.8468436154949786,1.843247287691732,1.8858717040535222,1.8260517799352751,1.8456712672521958,1.813172621609987,1.7902159541648304,1.8275220827522083,1.817033224145999,1.8235009671179885,1.7842842842842843,1.7874297393970362,1.8085106382978724,1.798588490770901,1.8,1.7912150598973189,1.8106370543541788,1.7341317365269462,1.7325581395348837,1.8076681332495286,1.7797179314976495,1.78397212543554,1.7740524781341107,1.7851176917236142,1.749607535321821,1.7830820770519262,1.7542372881355932,1.744942832014072,1.7577696526508226,1.7975746268656716,1.8263821532492726,1.7435897435897436,1.767183807664646,1.7718291905672403,1.7904846009493323,1.8077723802914643,1.782154437372403,1.8223119636547198,1.850805561686162,1.8820855614973262,2.067288474350433
200.0,40.0,5.004659832246039,5.206144697720515,5.221001221001221,5.1380670611439845,5.075278810408922,5.0515806988352745,5.004188774085451,4.891493055555555,4.723364485981309,4.5504587155963305,4.378729195017272,4.278852231070661,4.193690388848129,4.154307615397434,4.119391916944753,4.147936248467511,4.16740674955595,4.163871586008625,4.210798243347972,4.209232450150232,4.2336610757663395,4.233289646133683,4.212612612612613,4.224683544303797,4.1446088794926,4.127775260534662,4.128119001919386,4.018407960199005,4.035281727224855,4.027307482250136,3.985335589396503,4.019906323185012,3.971153846153846,4.009299442033479,4.042043984476067,3.988837820091924,3.959306204136091,4.057222609909282,4.029140014214641,4.0456521739130435,4.116704805491991,4.016806722689076,4.040125885129819,4.141930251419303,4.165695253955038,3.9924686192468624,4.035102739726027,4.169077757685352,4.139981701738335,4.173871277617676,4.186254980079681,4.224843268515567,4.184866534303993,4.254981884057971,4.341628412660063,4.179605018010185,4.298800154818733,4.323748668796592,4.338978421196394,4.423577000866802,4.337581505631298,4.339593596059113,4.468714074560683,4.523809523809524,4.3939393939393945,4.37629741460653,4.9489470325462666,4.931066176470588,7.315420560747664,397.93685526727097
4000.0,30.0,3.0476190476190474,2.6799884158702576,2.9717223650385605,3.172539489671932,3.291657684845872,3.3505079825834545,3.3346704871060173,3.24178601516428,3.1070889894419307,2.983399938518291,2.867618680046314,2.7891637220259127,2.7485012846131887,2.7184594953519254,2.712456344586729,2.712694877505568,2.70956434651978,2.713795077275329,2.705402010050251,2.695470383275261,2.6842105263157894,2.624884792626728,2.5573556594541698,2.487021013597033,2.422737306843267,2.36582028280371,2.3196558570483123,2.2810122102282784,2.2517299420235646,2.227022780832679,2.203879488237722,2.184106830122592,2.1700203481799685,2.156161806208843,2.1441090555014606,2.1332665330661325,2.1184,2.1119182136131287,2.1007556675062973,2.0901663262328567,2.0811377245508984,2.0700596921143575,2.061875604253948,2.0528942115768465,2.0445663352759684,2.0363957597173146,2.028040786598689,2.020224719101124,2.011227255129694,1.9928571428571429,1.979726751873072,1.9659356042930471,1.9542772861356932,1.9430184804928132,1.9327777777777777,1.924816280384398,1.9183431952662722,1.912531017369727,1.9095541401273886,1.906,1.9040163376446562,1.9033643521832497,1.9031296572280179,1.9049103663289166,1.9102880658436214,1.9157351676698193,1.999223602484472,2.0680393912264994,2.102321388325445,2.3123689727463312
1600.0,10.0,2.444495837187789,2.9061946902654867,3.011169024571854,3.112704918032787,3.237613275273626,3.3545647558386413,3.4236675700090333,3.406832298136646,3.2952731737262124,3.1184,2.916173570019724,2.7310777816532963,2.578125,2.4609720176730487,2.371794871794872,2.304123711340206,2.251184834123223,2.21382916908774,2.175495349777598,2.147565383797576,2.1255314388006266,2.0692419825072887,2.0298429319371727,2.003912800447177,1.9862048723216907,1.9772167487684729,1.9731629392971246,1.9727755644090306,1.9739993157714677,1.9780608634111818,1.9807831762146484,1.9830944505696435,1.990425124473382,1.9934108527131782,1.99919935948759,2.0049240869922036,2.0096476510067114,2.0126582278481013,2.017211703958692,2.025123373710184,2.029051293690422,2.0342592592592594,2.0381535562882713,2.043124101581217,2.047898338220919,2.0527093596059114,2.061754021795537,2.065331928345627,2.065837221358217,2.078280044101433,2.086858432036097,2.094736842105263,2.1023339317773786,2.1103491271820447,2.116774193548387,2.1205533596837944,2.1261077027948194,2.1278825995807127,2.130646282140375,2.13314447592068,2.1295880149812736,2.129601226993865,2.1260835303388497,2.121970920840065,2.1137123745819397,2.1053555750658473,2.029645191409897,1.9840919133893062,1.9655891553701772,2.0407153729071537
12500.0,80.0,2.070505287896592,1.7298937784522004,1.6975329503210543,1.6735324407826981,1.6577424023154848,1.6442953020134228,1.6330768291193356,1.6203563877982483,1.6078467153284672,1.5945887445887446,1.5811836115326252,1.5687189962065946,1.5568143952015994,1.5464150943396227,1.5367303609341827,1.528068506184586,1.5201912858661,1.5136255924170616,1.5072559366754616,1.502202643171806,1.4971381847914964,1.4862404968412035,1.4781997187060478,1.4731779504254532,1.4691747572815534,1.4675118858954042,1.4665572425112843,1.4671225670699632,1.467645096731154,1.4686192468619246,1.4679946052495072,1.4673290026748185,1.465047943086916,1.4621692135669027,1.4579064587973274,1.4530095036958817,1.4473111594653403,1.4409734834725754,1.435408725116476,1.4275962944904925,1.4221724524076147,1.4175191815856778,1.4117221418234442,1.4078624078624078,1.4014532243415077,1.3986650485436893,1.3989403674895728,1.3954062731538652,1.3954434499593165,1.3937171105086907,1.391919191919192,1.3916025774267304,1.3943563432835822,1.3949818934299016,1.3947072072072073,1.3990117356392835,1.3961017509084903,1.396763981709462,1.4015957446808511,1.4035728786033292,1.402991452991453,1.4072484501669051,1.4137931034482758,1.416715031921068,1.4202261306532664,1.4233625928426739,1.450310559006211,1.4630382942909244,1.4807326766891307,1.467924528301887
20000.0,20.0,1.5628956151455864,1.2656755009696186,1.2497551420176298,1.2439508131693773,1.241150442477876,1.2395437262357414,1.2380830343413634,1.2365196078431373,1.2344202898550725,1.2327952421410366,1.2306172839506173,1.2291904218928165,1.2287581699346406,1.2285927029039463,1.2286919831223628,1.2299618320610688,1.2306368330464716,1.2330426356589148,1.2347968366512134,1.2372178719484108,1.2397094430992737,1.2471358428805237,1.2568253968253968,1.2680189900733707,1.2802808660035108,1.293144208037825,1.3055818353831599,1.3156289002912218,1.3234496474416924,1.327975774516655,1.3293768545994065,1.3283470456245325,1.325548808967772,1.321573163678427,1.316275764036958,1.3116319444444444,1.3078789157261892,1.3043478260869565,1.3024539877300614,1.301266752340738,1.3006993006993006,1.301345059493016,1.3017949498022512,1.3033747779751332,1.3045622688039458,1.3055162659123054,1.3065380493033225,1.3069963811821472,1.3082099596231493,1.3089430894308942,1.308349146110057,1.3071474565357373,1.3049679106251486,1.3032224666752945,1.3009439200444197,1.2984656240778991,1.2956386292834892,1.2923756544502618,1.289041095890411,1.2854847348687735,1.2818181818181817,1.2745019920318725,1.267360373752389,1.2607424071991,1.2556764427625355,1.2517326732673266,1.2489312726076949,1.2489609310058187,1.2491500728508984,1.2536388528606428
1500.0,90.0,3.141551441293649,3.1037786056412986,3.35340693654511,3.548451950140732,3.689189189189189,3.791935483870968,3.8392857142857144,3.8272896327289634,3.757106759317751,3.661044837515426,3.537240849756847,3.4164358264081254,3.317753623188406,3.2167630057803467,3.141258741258741,3.0741316744427163,3.00794551645857,2.9625468164794007,2.9,2.85,2.8045347928068804,2.656783468104223,2.525262835561907,2.398644833427442,2.2920767716535435,2.2057264050901377,2.140534426693058,2.0907738095238093,2.053986968662737,2.0299179668650473,2.0136803470136804,2.004881450488145,1.998572448251249,1.9955939049017808,1.9947308995107265,1.9942418426103647,2.000200924251557,2.0,2.004356846473029,2.0093997009186073,2.0128177275689767,2.0191011235955054,2.023075165638565,2.0279981334577695,2.0323578396383537,2.037117903930131,2.04205838693716,2.046839587005792,2.051710830975045,2.0633496465470365,2.0716685330347144,2.079849012775842,2.0885088508850886,2.095531587057011,2.103257328990228,2.10801050558109,2.1121653676719756,2.117028731604765,2.119073083778966,2.1214470284237725,2.1225177969276885,2.1232983274990276,2.1223425591656637,2.119800332778702,2.115217391304348,2.1094594594594596,2.0571955719557193,2.027646129541864,2.024482109227872,2.13091684434968
800.0,0.0,3.084853291038858,3.3404842169782407,3.4358974358974357,3.5087966220971145,3.527466937945066,3.4841473864610113,3.3755020080321283,3.214836223506744,3.0360798362333674,2.8823058446757406,2.757255936675462,2.6680896478121663,2.615311459819306,2.579405737704918,2.5608815426997245,2.552369806904623,2.5481299816063765,2.554798962386511,2.5556300268096517,2.564504881450488,2.5758896151053015,2.5921658986175116,2.6162271805273836,2.6373997467285775,2.660253607345868,2.6818798011748757,2.7034965034965035,2.720496894409938,2.735609756097561,2.7493784186971655,2.7627032520325203,2.777486910994764,2.7860934182590236,2.795565170362358,2.8042880703683344,2.8112472160356345,2.8251586843623775,2.8285219399538106,2.8373600471420155,2.8457831325301206,2.853048780487805,2.8617021276595747,2.8689043698543384,2.87524115755627,2.883159268929504,2.890066225165563,2.8978494623655915,2.904016337644656,2.912110726643599,2.9256317689530684,2.938053097345133,2.9499620924943137,2.961926961926962,2.971473851030111,2.982587064676617,2.9900083263946713,2.995730145175064,3.0,3.0044483985765122,3.0036630036630036,3.004633920296571,3.003827751196172,2.9990176817288803,2.9916869424168695,2.980404551201011,2.969361147327249,2.8549533231155078,2.7741825613079016,2.725663716814159,2.66259842519685
900.0,0.0,2.8662109375,3.3012275731822474,3.4603724556084887,3.5399659863945576,3.535741737125288,3.4561791899986978,3.320964749536178,3.1548699334543255,2.986442070665571,2.847564169722368,2.735294117647059,2.6545064377682404,2.604,2.563903281519862,2.542246982358403,2.5265748031496065,2.5162153814475445,2.517110266159696,2.512613521695257,2.5177594037498543,2.525729507204262,2.536417071300792,2.558954318824956,2.580554777248529,2.6028985507246376,2.625355485705733,2.6488738043813638,2.6679310889837207,2.6834381551362685,2.697552160341712,2.7101862728645747,2.724602626123013,2.733321659954474,2.742999821651507,2.751495377922784,2.7569750367107195,2.767008741923223,2.772917459109928,2.778963710459926,2.787145407657211,2.791491069636765,2.799176107106076,2.8047509897895395,2.8105820105820105,2.815117028129697,2.8207362230450883,2.8258948298718516,2.8318782180434297,2.8366696997270244,2.849002849002849,2.856450048496605,2.8664007976071786,2.872829417773238,2.8828125,2.886710239651416,2.893081761006289,2.8939988782950086,2.8983002016709882,2.898948598130841,2.896873120865905,2.8962264150943398,2.890423861852433,2.8833387044795358,2.872007978723404,2.8556629834254146,2.8412246351014594,2.690975387420237,2.5785077951002227,2.507712082262211,2.4193131939065324
1000.0,60.0,3.6051760457417994,3.635536688902365,3.9532680770445214,4.225517627308338,4.442607897153351,4.616915422885572,4.746224832214765,4.828199052132701,4.863344051446945,4.85781990521327,4.819333333333334,4.7551187551187555,4.687992125984252,4.600668433790481,4.5208943305829115,4.437547312641938,4.346865975879056,4.274576915763453,4.180980310012568,4.098662978331028,4.020748987854251,3.779889638258737,3.553292106220444,3.326915027208037,3.1228235294117646,2.95067497403946,2.8112676056338026,2.701923076923077,2.6208860759493673,2.560766182298547,2.5213204951856945,2.499640028797696,2.480797636632201,2.4714828897338403,2.465315666406859,2.462639109697933,2.4700996677740865,2.4691151919866443,2.474721508140531,2.4797535211267605,2.48479427549195,2.4930747922437675,2.4967197750702907,2.501432664756447,2.507782101167315,2.512871287128713,2.5196612220205687,2.5251076040172165,2.531619107348176,2.5440140845070425,2.553960899536671,2.5628434467438326,2.5713941438727557,2.5787328640237126,2.58661109663975,2.591767173571054,2.5949452628733614,2.5997767234161318,2.600056769798467,2.6005873715124816,2.601698703620921,2.5986078886310904,2.594542843465773,2.587748344370861,2.5775160228650615,2.568296189791517,2.46509900990099,2.397767145135566,2.3656773211567734,2.4061172472387424
1000.0,0.0,2.7600373482726424,3.336968375136314,3.406070549630845,3.4257488846398982,3.4068767908309456,3.3542274052478134,3.263931888544892,3.150984682713348,3.0256247015756803,2.9104785478547854,2.81,2.728138528138528,2.6727213752838144,2.625570776255708,2.594941487353718,2.573029211684674,2.5549979088247596,2.5504627589246365,2.5404545454545455,2.5388967468175387,2.5426052889324193,2.544421487603306,2.5596080566140444,2.5766836445953594,2.5966042154566744,2.617896009673519,2.6386292834890965,2.657726692209451,2.6729641693811077,2.6861313868613137,2.7010169491525424,2.713886950453594,2.7234794908062234,2.7327089337175794,2.7408491947291362,2.7479614529280947,2.758250191864927,2.760552570990023,2.7674236491777604,2.7758206565252204,2.7805668016194334,2.7888611803823773,2.7939444911690496,2.7993168232280103,2.8050259965337956,2.8093145869947276,2.8146167557932262,2.821138211382114,2.824770642201835,2.836206896551724,2.8463796477495107,2.8534084053891013,2.8618522715566086,2.8686974789915967,2.872679336482478,2.8796735414139185,2.8808958262639974,2.8825374695015684,2.8822143698468787,2.8798350915484416,2.8776536998404714,2.8703469232717143,2.861598440545809,2.8485254691689006,2.83008356545961,2.812634601579325,2.63681592039801,2.507900677200903,2.4215609501435655,2.33474352194606
400.0,30.0,4.107806691449814,3.7177773534466296,3.615989515072084,3.5335598980458793,3.5,3.49281045751634,3.462046204620462,3.3708133971291865,3.2352,3.0885572139303483,2.969008753252898,2.8815397126592575,2.820359281437126,2.789283366206443,2.7776780907949044,2.7637810191324115,2.7630522088353415,2.769000853970965,2.7677977378576184,2.7733644859813085,2.7780487804878047,2.7793696275071635,2.783648498331479,2.788348946135831,2.7943696450428397,2.8024888321633696,2.8076671035386633,2.8163058186738836,2.825934987766515,2.8327376697641173,2.8394027676620537,2.8488503580851865,2.855662188099808,2.86002326483133,2.872734595247684,2.877085877085877,2.886658301965705,2.8961654459284794,2.8968763371844246,2.9065255731922397,2.918956043956044,2.922125515345854,2.9294722092480154,2.939510321651464,2.945012165450122,2.9534422981674093,2.9597382989431305,2.966734902763562,2.973015049299429,2.989195029713668,3.001659292035398,3.0172711571675306,3.0315852205005958,3.0425790754257904,3.0575079872204474,3.065203357004519,3.071989528795811,3.0839017735334244,3.089310829817159,3.093072078376487,3.09652235628105,3.106656580937973,3.112403100775194,3.117224880382775,3.119700748129676,3.124131944444444,3.152248345126683,3.1726793098531303,3.185604798400533,3.247422680412371
1100.0,0.0,2.6328227571115974,3.247687564234327,3.2660829843928436,3.266812865497076,3.2754342431761785,3.270842523158359,3.2418277680140597,3.1800524934383203,3.0891161431701972,2.9876072449952336,2.8853984874927283,2.7956263498920086,2.7298981608147135,2.673920211012199,2.637732506643047,2.6087771942985745,2.587659157688541,2.5777869359159284,2.5653004884264177,2.5627476882430646,2.5639853747714807,2.5602119460500963,2.5736040609137056,2.5862796833773087,2.6036036036036037,2.6242595204513397,2.644082582145973,2.6607089663389933,2.6764974156278503,2.6896872096624342,2.7035748180955395,2.7173559101269946,2.7258330583965686,2.7361344537815127,2.7445355191256833,2.751728907330567,2.7623478883321404,2.767191977077364,2.774205334307636,2.782300224047797,2.7884397431054024,2.795736434108527,2.8015686274509806,2.8069267515923566,2.8130048465266557,2.8185170012290044,2.8250207813798838,2.8295454545454546,2.8357570573139435,2.8473214285714286,2.856426618049225,2.8655107778819118,2.8737397983677386,2.881057268722467,2.8853046594982077,2.891058581706064,2.892988929889299,2.8938819707634003,2.8940724478594952,2.891464104013567,2.889588100686499,2.8813459268004724,2.8715151515151516,2.8567854909318324,2.836150845253576,2.816901408450704,2.6180555555555554,2.4858091464067686,2.3989050640786362,2.3005115089514065
25000.0,70.0,1.5884854432450115,1.318022657054583,1.301808066759388,1.2900955253896431,1.2754613807245385,1.265017667844523,1.2609418282548477,1.2642049325521187,1.2727272727272727,1.2860257680872151,1.3029875323453306,1.3214581607290803,1.3402889245585874,1.3593345656192237,1.3772708069286017,1.3941430628900624,1.4101032047800108,1.4261189454322503,1.4406077348066297,1.4548989113530326,1.4680664916885389,1.5015899187374868,1.5318405589963475,1.559623207022051,1.5833812535940195,1.602455871066769,1.6149162861491628,1.6208499335989375,1.6179001721170396,1.607497243660419,1.5879888268156424,1.5650648895124517,1.5356521739130435,1.5046829007225047,1.4714890843923103,1.4370341310317771,1.4038371548900328,1.3717595146166575,1.345703125,1.3168908819133034,1.2944206008583692,1.2756598240469208,1.2571115973741793,1.2450738916256157,1.228776404942208,1.2197993894461405,1.2165196471531676,1.2089960663588164,1.2069347104389525,1.2012396694214875,1.1977349943374858,1.195241599215109,1.1956348150119775,1.1958821847297685,1.195048309178744,1.1991525423728813,1.1965435445611656,1.1952683615819208,1.1987179487179487,1.1995239984133281,1.1971311475409836,1.1963571745890715,1.1978713110788584,1.1960682876357993,1.1963596249310535,1.1971830985915493,1.2326869806094183,1.2568783749035743,1.2777957336780867,1.3142406726221754
2000.0,80.0,2.8689533861037817,2.8389498432601883,3.088934426229508,3.2802075611564123,3.4145728643216082,3.5046539862403887,3.520865533230294,3.455600178491745,3.323386114494519,3.1675933280381257,2.989151873767258,2.828449905482042,2.718823692606464,2.599465324736594,2.538080056677294,2.4892029839026306,2.441113490364026,2.4228867435837063,2.385973763874874,2.3576285014957845,2.334800469483568,2.2474019443513242,2.1821292775665397,2.099916036943745,2.045724737082762,1.9970414201183433,1.9710373880989995,1.9339622641509433,1.9079328314997104,1.8773301262778113,1.87375,1.912958115183246,1.8591549295774648,1.8790601243953007,1.8530872959545777,1.8340579710144929,1.873668188736682,1.8653404743687834,1.8754925137903862,1.8439024390243903,1.8508699254349628,1.8745704467353952,1.8696412948381453,1.873769024171889,1.8709972552607503,1.8925233644859814,1.8225190839694656,1.8257059396299902,1.9002991026919243,1.8808213378492802,1.8904439099059698,1.8873079112122937,1.9034694359216426,1.87332847070265,1.911764705882353,1.8833029434748632,1.8768526003772568,1.8916655032807483,1.934566145092461,1.9646017699115044,1.8771535580524346,1.9015729637128174,1.9048384504099019,1.9212808539026018,1.9347522679692952,1.903039073806078,1.9036926147704591,1.9079159935379644,1.928266770065917,2.088584474885845
9000.0,40.0,2.1131865068302202,2.057142857142857,2.327923894795747,2.4492319220681904,2.4398993077407174,2.367826904985889,2.2771893567553603,2.189695550351288,2.1129401958741405,2.0468631897203324,1.9916467780429594,1.9441553936871314,1.912245712006382,1.8833408987743985,1.86,1.8472622478386167,1.835483870967742,1.8263688760806915,1.8210272873194222,1.8150134048257374,1.8101391650099403,1.8068697342838627,1.8032786885245902,1.8033039647577092,1.8050871677622178,1.8115781710914454,1.8215630885122411,1.8318478906714202,1.8443291326908822,1.8567518248175183,1.8657955929575905,1.8708388814913448,1.8730259001895135,1.8845437616387337,1.8735057596174745,1.8753142282554047,1.8641084824004617,1.8464566929133859,1.8818897637795275,1.8509394572025053,1.832788416627744,1.8590010405827264,1.8498001142204454,1.8649334178820545,1.8305199189736665,1.839325018341893,1.8852061438965237,1.8752151462994837,1.9086672879776327,1.9096855876767251,1.9304429561743626,1.922677737415672,1.9470427399625845,1.989578398863098,1.9470827679782903,2.0392156862745097,2.0400943396226414,1.9956530738977438,2.032012536377882,2.10717680608365,2.1032098765432097,2.066234117329008,2.126819126819127,2.1447284345047923,2.1311194796302635,2.1232575201760824,2.281578947368421,2.2964042759961125,2.2717674823003353,2.2235011990407676
25000.0,30.0,1.595564454027414,1.3125590179414541,1.2967085387183972,1.2856485740570378,1.2716744913928013,1.2630725577624646,1.260183299389002,1.263949843260188,1.2751524390243902,1.2891125343092407,1.3077508424828785,1.3276258625095834,1.3481492492938902,1.3683399006338872,1.3873432601880877,1.4054355090220538,1.4224464060529634,1.4387813211845102,1.454428754813864,1.4691001084206723,1.4835164835164836,1.5183763027975863,1.5515196441808747,1.5827987169206095,1.6108108108108108,1.6328563666002536,1.6494100650132435,1.6582117945466075,1.6588089330024813,1.6520577231427045,1.6363636363636365,1.6152512998266897,1.5875258068021298,1.5582307588259163,1.5261050875729776,1.4933768086407173,1.4616144161935325,1.4317441516138585,1.4062278839348903,1.3803986710963456,1.3591856519631604,1.3417508417508417,1.3252240717029449,1.314868804664723,1.3008064516129032,1.293381037567084,1.290386521308226,1.2856836230950848,1.2840512223515717,1.281585576030757,1.2801413219490652,1.2793763060601189,1.2805730258560448,1.2815552216378663,1.2811380819737366,1.2849840255591054,1.2830440587449934,1.2816639553799674,1.2843788437884378,1.284536082474227,1.2817502668089649,1.2790095018715808,1.2785203605843953,1.2751655629139074,1.273876404494382,1.2735708982925018,1.300817438692098,1.3202042304886943,1.336,1.3687010078387458
400.0,70.0,6.768488745980707,5.913183279742765,5.838100686498856,5.767380848272847,5.660188087774294,5.552789699570815,5.459410224296938,5.384048356184579,5.343339587242026,5.32254281022754,5.32561505065123,5.318850735809391,5.3380932381352375,5.3442298167409605,5.341040462427745,5.337116154873164,5.319083969465649,5.31794425087108,5.281925343811395,5.237832468822425,5.1986632008911995,5.042030391205949,4.810989464986573,4.506204756980352,4.072454715802623,3.684880239520958,3.272292301000435,2.8705533596837944,2.5675070028011207,2.303049159925327,2.0779132791327912,1.9152416356877324,1.7793650793650793,1.6921754084264833,1.6151012891344383,1.5701754385964912,1.4994850669412976,1.475021533161068,1.5301824988301358,1.4478234943351223,1.428750784682988,1.4871318652162377,1.4651162790697674,1.4750256335139884,1.4207927980252648,1.4315151515151514,1.4955102040816326,1.4758895909544398,1.5164738871363475,1.5013989927252378,1.511006289308176,1.526523000414422,1.529660075538769,1.5752777121247932,1.5447834645669292,1.6084047109207706,1.6297615785146617,1.5871222818412876,1.6162507608034085,1.6892021787888498,1.6787938380858736,1.6625441696113075,1.7281853281853283,1.746507806080526,1.749234135667396,1.7545496966868874,1.9839228295819935,2.1200284090909087,2.2475773679274775,2.706290242694403
1000.0,20.0,2.5806045340050376,2.9603689784762555,3.059217877094972,3.141949152542373,3.237473314077609,3.336172024696615,3.4069368131868134,3.419979079497908,3.365944734876774,3.261609287429944,3.126174664828969,2.9967329967329968,2.891832229580574,2.803355079217148,2.7412192167945095,2.6940442915502043,2.6556859205776173,2.6345878989995235,2.6090169992609016,2.592877273891878,2.5833555614830623,2.55237825594564,2.5406784749324527,2.5354454203262233,2.5384615384615383,2.5469594594594596,2.5583100558659218,2.5684587813620072,2.578754578754579,2.5893124065769806,2.6003056935422237,2.6118110236220473,2.619560878243513,2.627339300244101,2.6348221670802316,2.6413908671973187,2.652192792010421,2.655516941789748,2.662527716186253,2.6698412698412697,2.674621385956861,2.6814326107445807,2.6862184072484503,2.691375968992248,2.696165191740413,2.7010978043912175,2.7058227848101266,2.7101077475628528,2.714658320292123,2.7241003271537623,2.7324414715719065,2.738532110091743,2.7458823529411767,2.750900360144058,2.7540880503144654,2.7599494630448516,2.7607003891050583,2.760666666666667,2.7618403247631935,2.758716875871688,2.757768361581921,2.74981765134938,2.7413793103448274,2.7310077519379843,2.7134786117836964,2.7003338898163607,2.543160690571049,2.4346496106785316,2.370055573716901,2.34322625698324
17500.0,90.0,1.7070476190476191,1.3448217604325055,1.3330658105939004,1.3340748980348536,1.3341439688715953,1.3345565749235473,1.3348314606741574,1.3318345323741008,1.3294243070362473,1.3243378310844578,1.3200870195794054,1.314972458688032,1.309818875119161,1.3045641358425264,1.2997068881289693,1.2950233709100907,1.2905217659771535,1.2863573407202216,1.28222049689441,1.2781889420983892,1.2745481191988275,1.2655330281229562,1.2585751978891822,1.2535578747628084,1.251993620414673,1.2525058647899339,1.2551568239615711,1.259163272861903,1.26378896882494,1.2680981595092025,1.2720930232558139,1.2751937984496124,1.2767739619480676,1.277965107755461,1.2781633742658836,1.2781825975139305,1.2772936955407483,1.2763237979306148,1.275874504147133,1.2742616033755274,1.2727720334810437,1.2714285714285714,1.2700394218134035,1.2692307692307692,1.265029635901778,1.263107721639657,1.2626045912894228,1.2596096984033116,1.257407649131967,1.2519236688211757,1.2471811134601831,1.2438880126182965,1.2430131004366811,1.2421428571428572,1.2395514780835881,1.2406490649064907,1.237351835790691,1.2342233009708738,1.2351612903225806,1.2343962008141112,1.2314195139133497,1.2285059228123807,1.2274233637116818,1.2248782647189023,1.2234242709313263,1.2224987555998008,1.239795918367347,1.250968992248062,1.2583636577063035,1.2632719393282774
900.0,40.0,2.8919803600654665,2.9084745762711863,3.1156899810964083,3.299927378358751,3.472423324996709,3.635116598079561,3.7558845861807137,3.8010752688172045,3.755083996463307,3.637035213001724,3.467457518435396,3.2938622459048745,3.147801683816651,3.0182684670373314,2.9256637168141593,2.8531400966183575,2.791436464088398,2.751860119047619,2.7046165884194053,2.6716294458229943,2.6437937062937062,2.5650095602294454,2.511180447217889,2.46814404432133,2.441193680514921,2.425675675675676,2.4197689345314504,2.4179401993355483,2.4183185235816813,2.4228611500701263,2.4297043979812547,2.4394618834080717,2.444866920152091,2.452140077821012,2.458730158730159,2.4653225806451613,2.476470588235294,2.481044650379107,2.4874892148403798,2.495128432240921,2.5017985611510793,2.510204081632653,2.516949152542373,2.5230326295585415,2.52734375,2.535323383084577,2.5400040510431436,2.546072274271595,2.552006724101702,2.565891472868217,2.5745504211245165,2.5848656294200847,2.5939438161255017,2.6013724266999376,2.608695652173913,2.6141188959660298,2.6181021498014516,2.622046129899533,2.623470122390209,2.6256150290741016,2.625605326876513,2.6242138364779874,2.6192794547224927,2.613310867733783,2.6049382716049383,2.597473915431082,2.514891468955073,2.4658647594278285,2.450813323005422,2.5362694300518136
384399.0,90.0,1.0,1.0,1.0,1.0,1.0,1.0,1.0,1.0,1.0,1.0,1.0,1.0,1.0,1.0,1.0,1.0,1.0,1.0,1.0,1.0,1.0,1.0,1.0,1.0,1.0,1.0,1.0,1.0,1.0,1.0,1.0,1.0,1.0,1.0,1.0,1.0,1.0,1.0,1.0,1.0,1.0,1.0,1.0,1.0,1.0,1.0,1.0,1.0,1.0,1.0,1.0,1.0,1.0,1.0,1.0,1.0,1.0,1.0,1.0,1.0,1.0,1.0,1.0,1.0,1.0,1.0,1.0,1.0,1.0,1.0
20000.0,60.0,1.5905957656326932,1.283264340626848,1.2626663553583937,1.2545219638242895,1.2491525423728813,1.246137453383058,1.2455911169170477,1.2456692913385827,1.2446110590440487,1.2447537000220896,1.24435556702361,1.2448430493273543,1.2459185427049322,1.2474004316264469,1.249609984399376,1.2525227043390514,1.2554100227790432,1.2589858793324775,1.2623780267437659,1.26628664495114,1.2701834862385322,1.2803970223325063,1.2923336141533277,1.3052438745133959,1.3191687344913152,1.3323596912163571,1.343888888888889,1.3527046783625731,1.3577197149643705,1.3591463414634146,1.3562596599690881,1.3498062015503876,1.3415805909200096,1.3320537428023032,1.3220003597769383,1.3120243531202436,1.3025319759853824,1.2936236391912908,1.2870884202737698,1.2795138888888888,1.2737430167597765,1.2685950413223142,1.263408010862186,1.2605304212168487,1.2543706293706294,1.2514734774066798,1.249173098125689,1.2447027485167697,1.2431137724550898,1.2374592328001242,1.2319324775804465,1.2276977015971953,1.2255237280889268,1.2239703840814438,1.2215111986217082,1.2221928665785997,1.2186895217030689,1.215606936416185,1.2161665646050215,1.2150882825040128,1.2113659022931207,1.2077502691065662,1.2048006194347658,1.2012371134020619,1.198776758409786,1.1975080756806644,1.2149595687331536,1.224709042076992,1.2330402691848477,1.2469717362045762
7000.0,90.0,2.2650822669104205,2.3050293925538865,2.6600782375952234,2.943482224247949,3.1223776223776225,3.165574746873139,3.101323596531264,2.976908274534958,2.8389290267743306,2.708445400753093,2.598671096345515,2.511627906976744,2.446546830652791,2.3983154161587055,2.363706663229798,2.3458602466236056,2.3326097846051095,2.325625473843821,2.3237043330501272,2.321940726577438,2.323081037710618,2.3351819757365684,2.34375,2.3522404991491777,2.3584637268847795,2.3596491228070176,2.358719763388613,2.3522770041400074,2.3406126337388247,2.3237903900887327,2.3026315789473686,2.2788827761320354,2.25191548641746,2.225069078121075,2.2004984768762115,2.1741440377804016,2.154263813478122,2.1323478858714333,2.114063053489196,2.1027397260273974,2.0920674064940403,2.080590717299578,2.0741563055062167,2.0707881075979238,2.066273932253314,2.0635897435897435,2.061431623931624,2.0595436839176404,2.0577034045008658,2.0561514195583594,2.0543989254533246,2.051824817518248,2.052839116719243,2.049003322259136,2.0500910746812386,2.051935788479698,2.0469208211143695,2.048878120720531,2.0522846609317393,2.0508207780526195,2.0508651724538383,2.0557851239669422,2.058703628210355,2.062831731458901,2.0691251350100295,2.077318732370997,2.1767079850100894,2.264524647887324,2.3208430913348947,2.493305870236869
4000.0,70.0,2.956838905775076,2.645669291338583,2.926829268292683,3.105911330049261,3.1819735155916273,3.192577030812325,3.1338141888254927,3.0194805194805197,2.8816394813885404,2.761255115961801,2.6582880434782608,2.5861500412201153,2.548162859980139,2.5216387766878245,2.5137861466039007,2.5119506553585196,2.5125977410947002,2.5143706640237857,2.512293738389247,2.508206686930091,2.5013535462912833,2.472057856673241,2.432325627346374,2.389908256880734,2.346816283924843,2.308569757238959,2.2742820264601487,2.247379454926625,2.2244593586875467,2.2052091554853988,2.1886477462437397,2.171708185053381,2.160129210890632,2.149397590361446,2.139069534767384,2.128998968008256,2.1155751238304896,2.110740122426266,2.1002898550724636,2.089534180278282,2.08271144278607,2.0704960835509136,2.0630026809651474,2.0554016620498614,2.0456816559600286,2.0390279823269513,2.0311313591495823,2.021857923497268,2.01453957996769,1.9947414548641542,1.9825206991720332,1.9678675754625121,1.9564994357238124,1.9449207029575655,1.9346238553378927,1.9263890527309189,1.920464369519575,1.9145631067961164,1.9104556928391125,1.9082058414464533,1.90625,1.903269144648455,1.903060431878204,1.9050715214564369,1.9111339852461828,1.9161139989245384,1.9951690821256038,2.0610658771280534,2.093909809390981,2.295619917249251
1600.0,50.0,3.0669291338582676,3.0183150183150182,3.2710219922380337,3.4744059581510816,3.6295546558704452,3.751646903820817,3.8153611393692777,3.8034124629080117,3.7255904304263368,3.619137212740223,3.474320241691843,3.3319878910191725,3.228178368121442,3.1054897739504845,3.0387409200968523,2.976565115500502,2.9121720116618075,2.8818834796488426,2.8238805970149254,2.7796610169491527,2.7416338582677167,2.603794642857143,2.4912170639899625,2.3658872077028885,2.2713754646840147,2.1902866242038215,2.139475908706678,2.08237378210806,2.044198895027624,2.0047619047619047,1.995069033530572,2.030028794734677,1.977502102607233,1.9952468402290158,1.970132743362832,1.9537767756482525,1.9943389550654558,1.9867392848685768,2.0,1.9724483406386975,1.9811560988031576,2.008164340268633,2.0048179871520344,2.011753450867842,2.0097560975609756,2.0352472996020468,1.9692798145196349,1.972267296061366,2.048537835393428,2.036653386454183,2.049893320203512,2.050408719346049,2.071818341841225,2.0415913200723326,2.084528590552687,2.0570657412762676,2.0497512437810945,2.065843621399177,2.115183246073298,2.1458920442228484,2.0512651265126514,2.0755880337976707,2.076035781544256,2.0924841386041972,2.1030349400663098,2.0642177589852007,2.0260115606936417,2.0055736182071526,2.009423503325942,2.1326414377926843
20000.0,0.0,1.6077768385460693,1.258342922899885,1.2538860103626943,1.259678724141916,1.264345773712937,1.2674904597492278,1.2688854828114735,1.2682609825838316,1.266259541984733,1.263157894736842,1.259350595972051,1.2547169811320755,1.2502691065662002,1.246031746031746,1.2413793103448276,1.236985236985237,1.2342657342657342,1.230844793713163,1.228476821192053,1.225682382133995,1.2236952274630197,1.220823153542567,1.2219679633867278,1.2258953168044078,1.2340623545835272,1.2442223610243597,1.253941908713693,1.264731558271497,1.2727143869596032,1.278252957233849,1.280896280896281,1.2811955890887987,1.279985549132948,1.2775546630968317,1.2747673782156541,1.2723631508678237,1.2696356275303644,1.270058708414873,1.2707377338510413,1.2722918720946612,1.2755495888571908,1.2795228628230617,1.2843091334894614,1.2891566265060241,1.2942857142857143,1.2997444322745528,1.3044925124792013,1.3090652888680132,1.3131897004729374,1.3194888178913737,1.3243243243243243,1.3256410256410256,1.3266666666666667,1.3247863247863247,1.3231495001684825,1.3195110258868648,1.3153885220924326,1.3116135937918116,1.3067527727081285,1.3016874541452679,1.296715049656226,1.286466908133026,1.277063897201197,1.2682242990654207,1.2617594961621728,1.2562886597938145,1.251983584131327,1.2514660227664711,1.250201126307321,1.251779781680114
2500.0,30.0,2.889956638931208,2.747991967871486,3.0641909814323607,3.308709175738725,3.485407581348541,3.5992282249173098,3.6301724137931033,3.547404492955959,3.36964160224877,3.14733686880332,2.9255626081938835,2.7364394993045895,2.594297352342159,2.493221131369799,2.4217436974789917,2.3693379790940767,2.3284717818642995,2.2993055555555557,2.268401486988848,2.2423756019261636,2.2185602775368602,2.1441263573543927,2.0776053215077606,2.0188540646425075,1.9722772277227723,1.935118288709449,1.907825826724525,1.8881339864117554,1.872010555830447,1.8591403417918178,1.8503304161457403,1.8443593949334791,1.8366327118969825,1.831834180680485,1.826468189233279,1.8222409435551812,1.8184775536759923,1.8152364273204904,1.8120503597122302,1.8079658605974396,1.8054484088717455,1.8022766641920316,1.799746514575412,1.7973533990659056,1.794776119402985,1.7926105717367853,1.7897465437788018,1.7881106533254856,1.7867476851851851,1.7828267000940143,1.7804404145077721,1.7785714285714285,1.7760196905766525,1.775305895439377,1.7745440434613893,1.7744510978043913,1.7745833333333334,1.7763440860215054,1.7744425385934819,1.7755819060166886,1.7795497185741087,1.7808880308880308,1.7836490528414757,1.786447638603696,1.7904863709246392,1.795595708639187,1.8273950910530483,1.8535469107551488,1.885173501577287,2.0752380952380953
200.0,10.0,5.633387888707038,6.113114990621844,6.089053803339517,5.541945063103192,5.846054957416038,5.782907049282595,5.704257767548906,5.821096173733195,6.125947311439913,6.692049954310082,7.145688800792864,8.210689388071264,7.240659085634717,5.831108144192256,6.1045570205875554,6.351771286513363,6.56479217603912,6.745655608214849,6.882591093117409,6.992241379310346,7.068016729033678,7.116626311541566,6.957605985037406,6.672131147540984,6.46933149552033,6.415466262319939,6.408245755860953,6.3940170940170935,6.388638412984672,6.381404174573055,6.377490039840638,6.367899947889526,6.361854996734161,6.357653466469988,6.3533301842229575,6.348466257668711,6.345468431771894,6.341817222735066,6.33920043662164,6.336717428087986,6.336244541484716,6.332933053137195,6.332972303883645,6.332642982316393,6.330876330876331,6.330584076754755,6.329704510108864,6.328665130296047,6.328607778989458,6.326725123903927,6.3222975668129235,6.320283215326946,6.318645539396571,6.31721644826028,6.313072048814832,6.310537843757604,6.308623298033282,6.3041210224308815,6.3008897276894045,6.2955747286390205,6.291618828932261,6.285801340645948,6.27741935483871,6.2734401636549615,6.263933836749371,6.258992805755395,6.205098493626883,6.157894736842105,6.109712033285887,5.86322869955157
2500.0,20.0,2.772153219914414,2.7246077621800167,3.025728987993139,3.2577287556315055,3.4315286624203822,3.5479688850475366,3.5769745649263722,3.4990215264187867,3.3198924731182795,3.096864599754773,2.8723867595818815,2.6831812255541068,2.541147889462496,2.4419007977800904,2.37015503875969,2.3186860068259385,2.2804085422469824,2.2527862208713274,2.2232432432432434,2.2002328288707798,2.1774294670846395,2.1107954545454546,2.050833995234313,2.0,1.9576669802445907,1.9256348246674728,1.9015731292517006,1.8827091276070869,1.8687872763419484,1.8578767123287672,1.849228434100683,1.843633079602632,1.8354860639021073,1.8312586445366528,1.8249963961366584,1.8214285714285714,1.8167892156862746,1.813543599257885,1.809236629106491,1.8046496069576852,1.8021081264875893,1.7986741102581996,1.795284030010718,1.7925804093567252,1.7898292362544568,1.7872057706909643,1.7835155933576348,1.7813857290589452,1.7801504982713037,1.7751869775626925,1.7717465364524188,1.7688825351441506,1.7663712456917775,1.7645838734767954,1.7636215776633235,1.7628865979381443,1.762638001162115,1.7631027253668763,1.76194743130227,1.7625305623471883,1.7659713168187745,1.7675041876046902,1.7697891462150017,1.7724039829302987,1.7763401109057302,1.7812865497076023,1.8127361036157583,1.836964160224877,1.8668363019508059,2.053391959798995
1600.0,40.0,3.0284598214285716,2.962031682172492,3.227248249865374,3.4445554445554447,3.6266806355858217,3.777648428405122,3.8640552995391704,3.8670798898071626,3.7823984526112184,3.6543909348441925,3.473905315883018,3.297769156159069,3.171396140749149,3.020408163265306,2.9379977246871443,2.868494858211281,2.79496644295302,2.762217359591539,2.699575780948708,2.652834839769926,2.6123521681997373,2.4742468415937804,2.367489270386266,2.2536189924724956,2.174397031539889,2.1095800524934383,2.0726141078838176,2.028839221341024,2.0,1.9676923076923076,1.9634630659253376,2.0033085194375517,1.9518987341772152,1.9731369150779896,1.949468085106383,1.9332129963898916,1.975448536355052,1.96875,1.9815175097276265,1.9549323985978968,1.963758525908582,1.990945462202569,1.9871589085072232,1.9951923076923077,1.993536884332516,2.018181818181818,1.9527175802526364,1.9570602807597026,2.032794791415481,2.0209103659314036,2.0346775252856957,2.035724025088628,2.0566676064279674,2.026655077502535,2.0704980842911875,2.042645241038319,2.036061911600447,2.051155115511551,2.0997816227112382,2.1321739130434785,2.0370697263901145,2.061950146627566,2.063882063882064,2.0791691162061534,2.0913560016386725,2.0522292993630575,2.0197846959557753,2.002997377294867,2.0098522167487687,2.1338396797700914
4000.0,60.0,2.9456771231828616,2.64184008762322,2.9193586982531707,3.0924407005098646,3.1627105666156203,3.16541822721598,3.099236641221374,2.9824082912859677,2.8445424476295478,2.724665391969407,2.6234036234036235,2.552754771335974,2.513209181463837,2.486160040261701,2.4780058651026393,2.476126429051782,2.475360121304018,2.4775086505190314,2.475644699140401,2.472340425531915,2.466808914177335,2.4428364688856727,2.4077635950340968,2.3698714023270053,2.3330999066293185,2.298476090383605,2.2677532013969732,2.2424146649810366,2.2215082854244166,2.2037302725968435,2.1872388909988607,2.171057965139846,2.160842105263158,2.1500219973603167,2.139853747714808,2.1311939594148184,2.116758933064922,2.1125254582484727,2.1018567639257295,2.09196675900277,2.084851936218679,2.0735645933014353,2.0663390663390664,2.057741116751269,2.0483976455199477,2.041160593792173,2.031988873435327,2.025053686471009,2.016284233900814,1.9983922829581993,1.9839797639123102,1.9705357142857143,1.9586077140169331,1.9469548133595285,1.9360323026245883,1.928192927435925,1.9223366919506397,1.9164590008306635,1.9123020706455542,1.9099834247099323,1.9075520833333333,1.9058694759885073,1.9054400455710623,1.9070321811680573,1.9119496855345912,1.917200591424347,1.9968027545499263,2.0630936227951153,2.0949744463373086,2.2967320261437907
7000.0,80.0,2.2654284002396645,2.305073859987155,2.659251769464105,2.939624329159213,3.11472602739726,3.1560542037010055,3.091679678786527,2.9667919799498748,2.8282870178349233,2.6981627296587924,2.5891121192482176,2.503129890453834,2.437269372693727,2.390787197231834,2.3560472718129244,2.3385364456537303,2.3261117445838084,2.3169378698224854,2.317098445595855,2.314832089552239,2.31636648394675,2.3282571912013537,2.338568935427574,2.3471991125901277,2.3542101600556715,2.356529209621993,2.3553162853297445,2.350479940930347,2.3392317652136385,2.323248931272608,2.3018658784407906,2.2800083211982525,2.253083599817268,2.226699629171817,2.201689833742164,2.175820982272595,2.156023906888959,2.1351626016260163,2.1162303664921467,2.1046119235095615,2.0948136142625606,2.0831946755407653,2.0766199649737302,2.0735225686365752,2.068731848983543,2.0662620131512393,2.0637513171759747,2.061470911086718,2.060330108138873,2.059775840597758,2.05765407554672,2.0539956803455723,2.056031128404669,2.0524590163934424,2.0530098831985626,2.053072625698324,2.0491803278688523,2.051761771125663,2.055549432381792,2.05324459234609,2.054307974335472,2.0585987261146497,2.0619385976672477,2.0645252582425355,2.0712220362197535,2.0798559973817707,2.1790790221716883,2.2668112798264644,2.323139065204847,2.4951801116184678
20000.0,70.0,1.5890260631001372,1.2823240589198035,1.2618556701030927,1.2538269846920613,1.2486007462686568,1.246189917936694,1.2456896551724137,1.244809688581315,1.2436940183259548,1.2433284813197476,1.2436605751522878,1.2439704675963905,1.2450018860807242,1.246286329386437,1.2487160674981659,1.2509684560044272,1.2542161149281699,1.2576557550158396,1.260800634165676,1.2647321428571427,1.2686116700201207,1.2789115646258504,1.290858725761773,1.3033115905669845,1.31640625,1.3292989266955926,1.341033434650456,1.3497202238209431,1.3546209761163033,1.355525965379494,1.3524451939291737,1.3467835639590156,1.3377795213809336,1.3281400578220366,1.3176309616888193,1.307383816937957,1.2977941176470589,1.2886944818304171,1.2818872451019592,1.2737482452035565,1.2677595628415301,1.2626903553299493,1.2569141193595341,1.253968253968254,1.2462686567164178,1.2426778242677825,1.2413469435644726,1.2364361018256622,1.2341566690190544,1.2277878140909837,1.2218923933209647,1.2174805088223226,1.2153950033760972,1.2138334145153433,1.2109759254465442,1.2122982749026154,1.2086121617689847,1.2058376406202493,1.2063850370848113,1.2053450608930987,1.20203081232493,1.1981845688350983,1.1957498978340826,1.191989551589029,1.1902123730378578,1.189453125,1.2071942446043165,1.2192307692307693,1.2282138261785005,1.2420822715689843
384399.0,80.0,1.0,1.0,1.0,1.0,1.0,1.0,1.0,1.0,1.0,1.0,1.0,1.0,1.0,1.0,1.0,1.0,1.0,1.0,1.0,1.0,1.0,1.0,1.0,1.0,1.0,1.0,1.0,1.0,1.0,1.0,1.0,1.0,1.0,1.0,1.0,1.0,1.0,1.0,1.0,1.0,1.0,1.0,1.0,1.0,1.0,1.0,1.0,1.0,1.0,1.0,1.0,1.0,1.0,1.0,1.0,1.0,1.0,1.0,1.0,1.0,1.0,1.0,1.0,1.0,1.0,1.0,1.0,1.0,1.0,1.0
900.0,50.0,3.3356401384083045,3.3667296786389413,3.6521562245728236,3.9017125837676843,4.115780119334772,4.302993029930299,4.4549464398235665,4.560885608856089,4.613256113256114,4.622527944969906,4.590904085453144,4.5314837481300145,4.4667975139025184,4.3791722296395195,4.3032427695004385,4.221727295223954,4.134800550206327,4.068417837507636,3.9793539793539794,3.9042089985486212,3.8355029585798817,3.618139534883721,3.416576964477933,3.221078134463961,3.0460921843687374,2.902687000726216,2.789555728760717,2.700164744645799,2.6339362618432385,2.5876565295169947,2.556586270871985,2.541142303969022,2.5257425742574258,2.5195888877582173,2.5164045411936256,2.516183805582086,2.523260965883917,2.52335409252669,2.5285257873117297,2.534880994254895,2.540192926045016,2.547621973700381,2.553032193661093,2.55852417302799,2.565431458927183,2.570259928750495,2.5765717356260076,2.5826276973504507,2.5877926421404682,2.601673763030392,2.6101388050694023,2.619493908153702,2.629289511841469,2.635492399206874,2.6434176111595464,2.6484018264840183,2.6516935337801124,2.655314371257485,2.657529031029888,2.658128078817734,2.658,2.6562824506749743,2.6505249625026783,2.6439848788080944,2.636109818520242,2.626116340815834,2.530639284531302,2.4698129251700682,2.4446690247599796,2.5086718138077653
17500.0,80.0,1.7066965955854845,1.3446102819237147,1.3334209143457698,1.3339402767662054,1.3339703774486382,1.3347355769230769,1.3340691685062547,1.332449160035367,1.329352608422376,1.3247391037446286,1.3197947840957673,1.3147449565360012,1.309724564362001,1.304421768707483,1.299639855942377,1.2951351351351352,1.290743550834598,1.2862491490810075,1.2819534528805798,1.2781343602909714,1.2741238598175708,1.2662379421221865,1.258650519031142,1.254517896700478,1.2521561862944959,1.2526735164604739,1.2553487079744374,1.2591918456497997,1.2641509433962264,1.2685576342788172,1.273073989321129,1.2755004766444233,1.2776731040979745,1.278314817486654,1.2787316047652417,1.2787507913061826,1.2781423523472994,1.276978417266187,1.2768301350390903,1.2748440748440748,1.2737864077669903,1.2733934611048479,1.2707253886010363,1.2700892857142858,1.2667224080267558,1.264346190028222,1.2636373265543903,1.2605140186915889,1.2588341501160691,1.2534225737754792,1.248780487804878,1.2453198127925118,1.2444924406047517,1.2435233160621761,1.2413010590015128,1.2424489795918368,1.2388443935926774,1.235965175622936,1.2368337057133738,1.2359060402684563,1.2331010452961673,1.2297808012093727,1.2290045063498567,1.22582056892779,1.2245467224546722,1.2239173228346456,1.2410071942446044,1.2523900573613767,1.2588221682286245,1.263607257203842
15000.0,0.0,1.93594161767687,1.860904794058069,1.81829298116899,1.8097048705413725,1.8119679519278917,1.8160052476221713,1.8196856906534327,1.819838056680162,1.8143893591293834,1.8056737588652483,1.7927927927927927,1.777570093457944,1.7602956705385429,1.7412405303030303,1.7223175399234525,1.7018469656992083,1.682091248579315,1.6628951149425288,1.6437078205637157,1.6256308975202984,1.6074721009218826,1.565217391304348,1.5249088699878492,1.4852786540483702,1.4464163822525598,1.4081272084805654,1.3719027051602637,1.337932036015103,1.30848518314007,1.2835993523016425,1.2637647737100028,1.2486640541503384,1.237658366098733,1.2309739222990952,1.2280927835051547,1.2279069767441861,1.230983302411874,1.2355084465054653,1.242776833573016,1.2523868186017864,1.2639841212558642,1.2776376628835646,1.2926710494278062,1.3098710039259676,1.328094932649134,1.3477943857090777,1.3683559950556243,1.387604070305273,1.4088797108931337,1.4482323232323233,1.486404833836858,1.5185512367491165,1.546349883236877,1.56903285090742,1.5837277728028656,1.5983086680761098,1.6079396830281583,1.6158465387823187,1.623336929162172,1.6292654713707346,1.6369623379296152,1.6519516728624535,1.6639917162826818,1.6745579007415858,1.682211241507103,1.6873966258683426,1.6713192255740656,1.657370517928287,1.6462765957446808,1.5924788948580197
1000.0,30.0,2.749354005167959,2.855334330763034,3.0535310379492335,3.226298237255836,3.3952299829642247,3.5537430818526072,3.6729350154725067,3.715867158671587,3.6657696447793326,3.541759053954176,3.3684710351377016,3.194364245293914,3.0502974580854514,2.9263859436534383,2.8382893417975277,2.7706488342671247,2.712939819265526,2.677359654534238,2.6354256233877904,2.606731420826745,2.5837093327000713,2.516833718838345,2.4746467165419785,2.4436950146627567,2.425977223761157,2.41988416988417,2.420154000669568,2.4236351071181756,2.428723404255319,2.4343251088534106,2.4428730926684032,2.453810623556582,2.460696128275323,2.468637634838194,2.4751830756712776,2.4822460776218,2.492703862660944,2.496776966050709,2.504397537379068,2.51194231635872,2.5164383561643837,2.5242125058768217,2.5300285986653956,2.5361475012130033,2.5404339250493098,2.546639919759278,2.5522692503824578,2.556935817805383,2.5627637130801686,2.573961218836565,2.581487791027825,2.589442815249267,2.596258298129149,2.603831891223733,2.60832791151594,2.613874345549738,2.6152291105121295,2.6170952050034746,2.6179378531073447,2.616788321167883,2.6158401184307922,2.611665387567153,2.6068037974683542,2.598851517637408,2.5852613538988862,2.575111111111111,2.455862656763667,2.3795369211514394,2.342527021990309,2.3950207468879667
400.0,60.0,7.057486196817148,5.716594827586207,5.549772283669486,5.43467208947636,5.318590704647677,5.215649056205842,5.151254480286738,5.136518771331058,5.174019607843137,5.254500310366232,5.374517374517374,5.507314771118452,5.660034110289938,5.813639432815665,5.970634920634921,6.123730378578024,6.274928015356724,6.426558863163053,6.567352077213596,6.701145767027371,6.83221961350912,7.112037264035303,7.284681130834977,7.308362369337979,7.129105322763307,6.800580130529369,6.317028985507246,5.723727693324521,5.14018691588785,4.572348252605764,4.0483646485734175,3.625146886016451,3.2589573052992917,3.0141176470588236,2.7892194253750318,2.6411716842961757,2.502012650948821,2.3993369499698614,2.4376820977662677,2.3244945309910507,2.2765072765072762,2.322931785195936,2.2913561847988078,2.312081857536403,2.2390453834115807,2.2512135922330097,2.326618088298328,2.303478260869565,2.351449275362319,2.3431558935361214,2.3583786455758773,2.3587236232629953,2.3792729245794897,2.4328782707622296,2.3837141183362625,2.4884447220487194,2.4952380952380953,2.4381075826312375,2.4825222755311858,2.573968705547653,2.563176895306859,2.519756838905775,2.595951417004049,2.6114864864864864,2.5992939099735217,2.5891043397968603,2.7976024533035964,2.886675436947942,2.954230235783634,3.387741935483871
25000.0,20.0,1.5141047783534831,1.3019578313253013,1.2932404351546265,1.2834917891097666,1.2701827434651862,1.2606508875739646,1.256259204712813,1.2585585585585586,1.2660500544069642,1.2791151594014314,1.2958397534668722,1.3131768953068592,1.331866289426805,1.3503737641668676,1.3688197218014049,1.3857947434292865,1.4019469026548672,1.4174156181346116,1.4319460067491563,1.446414998733215,1.460068454078722,1.4925086438724549,1.5236118318629994,1.5525946704067322,1.5793950850661627,1.6002025572857324,1.6168601716304896,1.6269946808510638,1.6304976851851851,1.6274803444402846,1.6170825335892514,1.600609756097561,1.5786646201074443,1.5547024952015356,1.527298679671702,1.4987571282351222,1.4714591509097397,1.4438214362734527,1.420192058136517,1.396,1.3754983689742661,1.358442657638595,1.342439024390244,1.3310961968680088,1.3180964308077645,1.310706787963611,1.3060747663551402,1.3016142735768903,1.299722479185939,1.297969597108536,1.2964943553178847,1.2960260586319219,1.2969525159461375,1.2980021351227695,1.2976383047557425,1.3010010355540214,1.2997289972899728,1.2989612842304061,1.3011952191235059,1.3015211502396333,1.2994386873920554,1.2972784368457781,1.2962221666249687,1.2932410856838743,1.2919481981981982,1.2910979228486648,1.313293818797629,1.3286908077994428,1.341823056300268,1.3697722567287784
9000.0,50.0,2.110651499482937,2.0311671087533156,2.262414383561644,2.348300461603021,2.3167701863354035,2.2348523292398252,2.144631520839084,2.0612317550729795,1.988470066518847,1.9287251210328133,1.87872,1.8368263473053892,1.8083080917351795,1.7826732673267327,1.7632170978627673,1.7534942820838628,1.7435714285714285,1.736378205128205,1.7336322869955156,1.729843561973526,1.7271912127325713,1.730257320319432,1.7341525258435733,1.7422918807810894,1.7518518518518518,1.7660972404730617,1.7832207207207207,1.8,1.8175313059033988,1.8330208448218817,1.844855305466238,1.8508376288659794,1.8537376048817698,1.863585371326004,1.8527030556281012,1.85284381582907,1.8380330123796425,1.8186064616582327,1.85410199556541,1.817779960707269,1.7964989059080962,1.822100789313904,1.809555408095554,1.8207200587803085,1.780715396578538,1.7868576242628476,1.8322520852641335,1.8190757128810227,1.848471986417657,1.8432684267112651,1.8568972358153684,1.8465785268051722,1.8629653401797175,1.901087337776219,1.8566604127579738,1.940424654710369,1.9403501188675167,1.8942591331971863,1.9259803921568628,1.9963636363636363,1.9900350121195798,1.9520870076425632,2.0074145712443583,2.022152994115611,2.008521674694331,2.0003966679888934,2.1420454545454546,2.1583491261318173,2.1439219406423637,2.0962343096234313
9000.0,70.0,2.1148471615720523,2.0524956970740105,2.324355632783087,2.448559670781893,2.4416749750747755,2.367432777527415,2.2753743760399336,2.1870757534618517,2.1080804636890558,2.0415627597672485,1.9851190476190477,1.937245787332946,1.905850706119704,1.878367975365666,1.8548951048951048,1.8431952662721893,1.832982611584893,1.8245004344048654,1.8214582755752704,1.8159319412219643,1.8144187650914108,1.8153254972875226,1.8174556213017752,1.8230293663060277,1.8280701754385964,1.8379599741768884,1.8520953163516845,1.8601297764960345,1.8721286370597243,1.8822979915927136,1.8870394613802133,1.8849065004452359,1.8790406673618352,1.8824065633546034,1.8627450980392157,1.856971634039153,1.832730560578662,1.8074974670719353,1.8434633027522935,1.795354676710609,1.7690707350901527,1.7952635599694424,1.7750206782464848,1.7848678213309024,1.737344794651385,1.7408740359897172,1.7871236892547073,1.768270944741533,1.79923273657289,1.7861222158766419,1.7959183673469388,1.7821612349914238,1.7958797958797958,1.8328524319868096,1.7856200527704484,1.8674086619888701,1.8676954211990893,1.818880933439406,1.8501291989664084,1.9211567732115677,1.9123581336696092,1.8746556473829201,1.9314912944738833,1.94509963399756,1.9319965126416738,1.9251637043966323,2.0815450643776825,2.114359974009097,2.1182685753237904,2.09349593495935
1300.0,90.0,3.2651213328504167,3.2439024390243905,3.515418502202643,3.729832331540652,3.887071240105541,4.002495840266223,4.067015445939213,4.073023750443105,4.025474645517904,3.9480275516593615,3.8416731821735732,3.726628895184136,3.6286990508096038,3.5224071702944943,3.4364560639070443,3.3579545454545454,3.275892857142857,3.2167487684729066,3.138841567291312,3.0737279335410177,3.015615240474703,2.8308450500072473,2.666777298373714,2.51339863241545,2.383168116528424,2.2817764165390506,2.205194197473093,2.147087857847976,2.104585265327151,2.0764910403851298,2.058562309186789,2.051363900174115,2.0439821693907874,2.041896024464832,2.0420062695924766,2.0425191815856776,2.0512048192771086,2.0514285714285716,2.05699481865285,2.064366998577525,2.0694394213381555,2.0770093457943926,2.082066869300912,2.0884406516679594,2.0941083432186636,2.100362756952842,2.1064092029580936,2.112458193979933,2.1187019641332197,2.1320414601171698,2.142857142857143,2.1528846153846155,2.1622828784119106,2.1706571574121245,2.1797631862217437,2.185466377440347,2.1902630106323446,2.1954887218045114,2.1977633902295466,2.199878123095673,2.202351485148515,2.2024421593830334,2.1994698475811796,2.1953232462173315,2.189208633093525,2.1828358208955225,2.115995491341326,2.0760195327966215,2.0636420919974796,2.150319829424307
400.0,40.0,4.2889867841409695,4.39064558629776,4.42665845774973,4.397463002114165,4.3752808988764045,4.358280733393448,4.299017947849644,4.147379622239957,3.9334107626790553,3.680895366996356,3.456105610561056,3.2401574803149606,3.1440366972477065,3.042265164823809,2.9666552079752493,2.96,2.927976350443429,2.915519489928996,2.9127105666156203,2.871654305062883,2.857142857142857,2.87598944591029,2.8562628336755647,2.8536693191865607,2.814608048383345,2.8114229443623833,2.815309529925507,2.7952127659574466,2.798890429958391,2.8138267355134823,2.818235294117647,2.8101767215112736,2.806461634047841,2.866688082235785,2.8345442536327607,2.8652027027027027,2.850034554250173,2.8132911392405067,2.964285714285714,2.884047267355982,2.851725445582101,2.937842064112588,2.92072929052715,2.964846980976013,2.8857142857142857,2.9054788791300714,3.004835164835165,2.979166666666667,3.039908256880734,3.0357824427480913,3.0600689315608074,3.040244523688232,3.073066666666667,3.1390433815350387,3.0587229190421894,3.2051901025950515,3.1985339034819797,3.113594040968343,3.160807291666667,3.2780389523169915,3.261194029850746,3.1716101694915255,3.2464736451373426,3.2515337423312882,3.209357652656622,3.1726973684210527,3.300376647834275,3.3140155558944646,3.3067295483402868,3.7692675921493533
1000.0,10.0,2.6701492537313434,3.2692867540029114,3.297611362169141,3.301571587674793,3.3061314512571682,3.2940520446096655,3.258426966292135,3.1894273127753303,3.094335005505934,2.99171182658591,2.889881530394251,2.802160702228224,2.7367088607594936,2.68019747668678,2.6438880706921943,2.6157681520722966,2.5933636955107353,2.584131326949384,2.5711768851303733,2.566995253742242,2.5681818181818183,2.564245810055866,2.5750315258511978,2.587336244541485,2.604609127880705,2.6234251049930006,2.6423076923076922,2.659605911330049,2.6738693467336683,2.6881720430107525,2.700470465237846,2.71382463690156,2.723555070883315,2.732926152137701,2.7411167512690353,2.748715019988578,2.7594562647754137,2.764044943820225,2.7708082026537997,2.77818853974122,2.783177570093458,2.7921994884910486,2.798188874514877,2.803676953381484,2.8089214380825567,2.8143146522619853,2.8205479452054796,2.827203331020125,2.831571529245948,2.8433823529411764,2.8536036036036037,2.8626543209876543,2.8719367588932805,2.879129734085415,2.8828980623420386,2.888419273034658,2.891587163920208,2.892252894033838,2.892599277978339,2.890334572490706,2.8889934148635934,2.88252427184466,2.8715139442231075,2.8580240567492545,2.8385166185743294,2.820286659316428,2.6326326326326326,2.5013248542660307,2.4116680361544782,2.3058375634517767
900.0,70.0,3.6485300570425627,3.6566998892580287,3.9372727272727275,4.161927330173776,4.325728770595691,4.439547806093121,4.5147912634780205,4.549635875814488,4.553333333333334,4.535286284953395,4.492036881810562,4.438728264224714,4.385291568651727,4.313953488372093,4.253920080930703,4.187391555812608,4.117007394519356,4.062729723107082,3.9858810752104263,3.9229843561973525,3.864316594612571,3.657388456815391,3.458271604938272,3.2475476053087133,3.0506912442396312,2.8799705449189985,2.738673139158576,2.6247818499127398,2.535681186283596,2.473170731707317,2.431131592421915,2.4081676750216077,2.3876936796343773,2.3779291238600946,2.373022481265612,2.3717245581962216,2.3805865027532334,2.3793548387096775,2.386968085106383,2.396047756278304,2.401789458968265,2.4127443881245476,2.4189268867924527,2.427301491637788,2.4342611102568044,2.441550290287149,2.449175604290059,2.45639771801141,2.464178607130956,2.4819446890963537,2.4922909486667875,2.505175983436853,2.516530532866589,2.5254745254745257,2.5364616360177554,2.544214787982101,2.549537648612946,2.556390977443609,2.5609472951009984,2.564411268962196,2.5666748226082703,2.5688073394495414,2.570261007118376,2.5677454744925945,2.5630034522439584,2.5566517189835576,2.4819875776397518,2.4331550802139037,2.414167198468411,2.484693151075039
20000.0,50.0,1.5992241731318906,1.287548298641406,1.2649623464130004,1.2566079295154184,1.2502716407098877,1.247945205479452,1.2473359506449804,1.246278755074425,1.2467741935483871,1.2464319695528068,1.246247915508616,1.2469390385358938,1.2479988141120664,1.249915340331866,1.2524533384644987,1.2552820736223045,1.2587309394982784,1.2622678125866371,1.2660836976889445,1.2702322308233638,1.2739888977002378,1.284871244635193,1.2973760932944607,1.311199207135778,1.325094035464804,1.3386980108499096,1.3506024096385543,1.3595683909869882,1.3649876135425267,1.3660477453580901,1.3636363636363635,1.3575655114116651,1.3489982167208643,1.3391012396694215,1.3294988969429562,1.3195954970425492,1.3102340523175768,1.3017265004110716,1.2955584585238407,1.2885132539377642,1.2834610184767914,1.2794117647058822,1.2751515151515151,1.2719665271966527,1.2660910518053374,1.2634836427939877,1.2634194831013916,1.2591700427022885,1.2582861275159696,1.2532485875706214,1.248595731022308,1.244832501781896,1.2428571428571429,1.2413646959101505,1.2386645612452063,1.2396034816247583,1.2360688956433636,1.2328476821192054,1.2327731092436975,1.2315140845070423,1.2279635258358663,1.2232055063913472,1.2199082244969996,1.215627347858753,1.2131212723658051,1.2109014675052412,1.2258454106280192,1.2350597609561753,1.2420749279538905,1.2551111111111113
4000.0,40.0,2.9656716417910447,2.676539360872954,2.968804159445407,3.1661493220062082,3.2727797001153403,3.313734939759036,3.2817220543806647,3.177662738187025,3.039156626506024,2.914025356576862,2.7988121752041573,2.721336142040325,2.6810751907010535,2.6516237874314634,2.645351696999508,2.64543404735062,2.643852978453739,2.647866955892986,2.642573471008737,2.6343612334801763,2.6252446183953033,2.5807209111189384,2.5254639319101435,2.4643943030884943,2.409009009009009,2.3574144486692017,2.3147742218325296,2.2800188723755603,2.251002004008016,2.2276809297411515,2.20684855233853,2.1874444773467574,2.1738197424892705,2.1603833865814694,2.148724743292481,2.138225255972696,2.123681338668607,2.1167829599706205,2.1059273422562144,2.0957701516360734,2.0868496517820567,2.0761290322580646,2.0679911699779248,2.059735522115823,2.050751879699248,2.042151162790698,2.0344655344655345,2.026207605344296,2.018065887353879,2.000577034045009,1.986682808716707,1.9730769230769232,1.9601620526671168,1.9492242595204514,1.9389312977099236,1.9324009324009324,1.924390243902439,1.919011082693947,1.9151356080489939,1.9129239230064161,1.9101964452759588,1.9085545722713864,1.9080765687378443,1.9108826049700085,1.9152063312605991,1.9208505611340816,2.001418188264492,2.0678090575275396,2.1006153846153848,2.30521327014218
1600.0,60.0,3.193596425912137,3.1119071989082223,3.3641536273115222,3.561941251596424,3.7050513698630136,3.805640502888209,3.8550204918032787,3.8461538461538463,3.783084577114428,3.694102397926118,3.5820413436692506,3.47343841214244,3.3838383838383836,3.2913385826771653,3.2253269916765754,3.1637388133907853,3.104515659140568,3.0642570281124497,3.0064991334488735,2.9596622889305815,2.917766497461929,2.7708578143360754,2.633736559139785,2.4958863126402395,2.3734643734643734,2.271036315323295,2.1875,2.1238761238761237,2.0761606677099635,2.041368854234351,2.017534000224795,2.0030545112781954,1.9908576927703596,1.9841564550068078,1.980461811722913,1.9790318405384417,1.9821162444113263,1.9801306477953184,1.9823726916620033,1.986459233650245,1.9882783882783883,1.9942415517502652,1.9966106917270066,2.0,2.0041720154043645,2.0081833060556464,2.012683578104139,2.0146084593171394,2.0208333333333335,2.029730225729492,2.0374220374220373,2.0431372549019606,2.051074179164978,2.0570476785342495,2.0638344706141316,2.067672509429776,2.071232249198351,2.0753019180677246,2.076867469879518,2.0785732102768772,2.079746835443038,2.0798738833420916,2.0785482123510293,2.0758001122964624,2.0718685831622174,2.0674772036474165,2.0232461602324614,2.0,2.0025461489497136,2.120992311040186
7000.0,0.0,2.3534898181252917,2.3443526170798896,2.712516585581601,3.1004914775698005,3.517610343290236,3.869640537029017,4.086167800453515,4.127508854781582,4.058413992188827,3.8680967594705615,3.782089552238806,3.7096285064442758,3.569772832637923,3.6104783599088837,3.6502086230876216,3.589516129032258,3.6259398496240602,3.639951759675474,3.6383763837638377,3.672696676482962,3.6486486486486487,3.563106796116505,3.4642688121154754,3.3491355270496377,3.222901254422644,3.10372534696859,2.9477281865701648,2.849955869373345,2.7826923076923076,2.693689071318625,2.5962059620596207,2.5381479324403027,2.4853658536585366,2.3982356647763075,2.4176788124156543,2.3655316191799862,2.2994143484626646,2.365533230293663,2.2443928847641144,2.24734693877551,2.312717770034843,2.206684256816183,2.2184643510054847,2.2430355427473585,2.22970297029703,2.2275756022552535,2.222339974565494,2.2257569109258446,2.2073956801990273,2.17636252296387,2.169640548228601,2.194370536339448,2.211870773854245,2.1992747911083086,2.1942383991719856,2.2009229676961306,2.1520381931692985,2.1847246891651864,2.226619454280358,2.1102066374452098,2.111922663802363,2.1926736441484302,2.1738805970149255,2.15199791068164,2.1553316540722083,2.183863227354529,2.261025641025641,2.353307392996109,2.408804381523199,2.676484338475923
200.0,30.0,4.878940731399748,4.393464942137508,4.285946649316851,4.22643936957221,4.2063953488372094,4.207804878048781,4.172393187929489,4.105657237936772,4.019241047568145,3.9747327502429544,3.909634055265123,3.9413996627318717,3.9212598425196847,3.9491696024157017,3.9617044228694716,4.002880184331797,4.042604990870359,4.04932735426009,4.1214574898785425,4.131284916201117,4.15,4.20141065830721,4.207781456953642,4.248686514886165,4.27404718693285,4.298013245033112,4.330724070450097,4.321036889332005,4.36580310880829,4.367182531269876,4.387578446223761,4.391869376874375,4.415055951169888,4.408465363709957,4.465822179732313,4.437205935577271,4.412481716235982,4.519959575543203,4.4201228878648235,4.4815055158987676,4.578883331080167,4.47116034040254,4.529135597901132,4.4882668928470455,4.638224272124532,4.56528018486424,4.465648854961832,4.6391910525509426,4.554577736606453,4.589062999680205,4.601769911504424,4.72461273666093,4.685512367491166,4.620082629782647,4.775302114803625,4.653579676674365,4.751534349633736,4.810613733036257,4.711101939744118,4.812013828867761,4.8721903922432785,4.854875283446712,4.903133221717292,4.967629482071713,5.002581311306143,5.025435073627845,5.613459171112023,5.953820780648709,8.378059836808703,9805.405405405405
200.0,20.0,4.8816936488169365,5.359489756474681,4.9670122525918945,4.601913875598086,4.351620947630923,4.184681902408894,4.087641555883801,4.05089605734767,4.075888568683958,4.1403256704980835,4.265355565056292,4.400914136467516,4.553930530164534,4.68937875751503,4.8123237144716855,5.041420118343196,5.14772158237356,5.203786484354457,5.3452115812917596,5.481698389458272,5.565693430656935,5.700164744645799,5.909252038284297,6.0126582278481004,6.114575214341388,6.239316239316239,6.394413880660178,6.509267431597529,6.55328798185941,6.691694040356641,6.893491124260355,6.927318295739348,7.0010341261633915,7.236913113869401,7.267699115044248,7.37592698231603,7.440233236151603,7.731453096259963,7.941176470588235,7.8371501272264625,8.081824279007378,8.201936376210234,8.434343434343434,8.855193328278999,8.70286576168929,8.69362363919129,9.328295549958018,9.203020134228188,9.345391903531437,10.202117420596728,10.689372178908494,11.326060060735575,11.999019487682313,12.96659597030753,14.66061259042635,14.908436886854153,19.15368421052632,19.595716783216783,35.83097452486859,27.451602665820378,211.3407258064516,3617.38746690203,3750.0,3874.0118577075095,3880.6047966631904,3950.054884742042,4732.940185341197,5238.616995373752,6451.973789355921,5592.224979321754
2500.0,10.0,2.589368977308051,2.7371495327102804,3.0103668261562997,3.220508426163953,3.3872135102533174,3.5025242718446603,3.5357142857142856,3.4578313253012047,3.278343278343278,3.0510265700483092,2.823944971184235,2.6301853486319504,2.4834352701325177,2.3812824956672443,2.3084321898044244,2.256842105263158,2.2179195140470767,2.191340206185567,2.1629434954007882,2.1419172932330826,2.122603430877901,2.0635641316685587,2.0126262626262625,1.9702216066481995,1.935412026726058,1.9095238095238096,1.8880534670008353,1.8732394366197183,1.8614678899082568,1.8523489932885906,1.844400396432111,1.838941093260584,1.8323047456905726,1.8277242722649063,1.8227933716604667,1.818076073048738,1.8130684538056487,1.8106051455489793,1.8066914498141264,1.8006263048016702,1.7981700039782522,1.794069640914037,1.7914810690423162,1.7879003558718862,1.7837837837837838,1.7819148936170213,1.7773929471032746,1.774063956291178,1.7736326272526082,1.7682198327359617,1.7640845070422535,1.7600073787124146,1.7566641279512567,1.7548567995193272,1.7526656909889191,1.7519862572471547,1.7517333929769627,1.7519004837595025,1.750574184657786,1.7508804883775535,1.754561359660085,1.7559661277906082,1.7590584501454642,1.7616847826086957,1.7656514382402708,1.7708518848322945,1.802020202020202,1.8237129485179406,1.848692403486924,2.0253731343283583
1600.0,70.0,3.0883602378929482,3.04212945231712,3.2853717026378897,3.47114556416882,3.6042317864871363,3.692219679633867,3.7283170591614017,3.7,3.6205937951740244,3.515625,3.390318517185532,3.2691058670707944,3.172660035705177,3.079161816065192,3.009874917709019,2.9490655917918653,2.892282958199357,2.854295837023915,2.8006676204101097,2.760061919504644,2.7216954824316786,2.5949774629748874,2.478324761204996,2.362153344208809,2.264049955396967,2.1811175337186897,2.116532839201153,2.066196418882257,2.0285423037716614,2.003056306571059,1.9851146900927281,1.9760173491516775,1.967598641233342,1.963157187037784,1.9616763165150262,1.9608946405964272,1.9652327637006481,1.9638892999852005,1.967737026327804,1.9717868338557993,1.9741667995535002,1.9798713083649562,1.9828887770508303,1.9862896315338474,1.9909106799510574,1.9953637660485022,1.9985451900345517,2.0033327161636736,2.0079485238455717,2.0172103261957175,2.024324881467739,2.0318784766795037,2.0389208314904907,2.044989775051125,2.05239125210286,2.056699781923916,2.0605454090567927,2.0644076564924987,2.0666140073723014,2.068702290076336,2.0697288323187606,2.070382074116633,2.0696090047393363,2.067260442260442,2.063543003851091,2.059880239520958,2.0177272727272726,1.9953271028037383,1.9979094076655053,2.1169739351557535
4000.0,50.0,2.946046511627907,2.653295128939828,2.9359916054564534,3.116933906922174,3.201225740551583,3.219170403587444,3.1660899653979238,3.0551749906588617,2.9200404858299596,2.8005284015852046,2.696986301369863,2.625456962445995,2.5872,2.560613098002787,2.554112554112554,2.552386856788593,2.5512909979064897,2.5536992840095465,2.5526315789473686,2.5458089668615984,2.5404056839136566,2.5075647941060386,2.4652338811630847,2.417461482024945,2.3711125026090585,2.329978937514627,2.2930232558139534,2.263157894736842,2.23796711509716,2.2178594046865103,2.1989283322170126,2.1810714285714288,2.1690140845070425,2.156733746130031,2.1463022508038585,2.136872666943177,2.1234513274336284,2.116726296958855,2.1072261072261074,2.09683698296837,2.0885,2.0771653543307087,2.0695417789757413,2.0606904231625833,2.0528431935669156,2.0438129070455893,2.036019536019536,2.0282663316582914,2.0188311688311686,2.0014104372355432,1.9866863905325445,1.9741379310344827,1.9603960396039604,1.95,1.939365671641791,1.930740037950664,1.926441351888668,1.9195917091969585,1.9155531801175842,1.9124888093106536,1.9106387841389556,1.9080211335254562,1.9082729317670581,1.91005360177801,1.9150110375275937,1.9198616315941193,1.9997841571336068,2.065793390890146,2.0975700934579438,2.3010678608336206
20000.0,40.0,1.5914956982131039,1.2848780487804878,1.2631090487238978,1.254674403610574,1.2487266553480476,1.2467857142857144,1.2458296751536435,1.2461538461538462,1.2468354430379747,1.2473841554559044,1.2484689413823271,1.2502537040795616,1.2523364485981308,1.254773668046468,1.2580841050554121,1.2616918844566714,1.265631067961165,1.2699802934092401,1.2743646681470515,1.279199110122358,1.2836990595611286,1.2962648556876062,1.3104443162146566,1.3252160251374705,1.3405797101449275,1.3548757719373834,1.3676442399846656,1.37724399494311,1.3825370675453048,1.3833757421543682,1.3802588996763754,1.3738127544097694,1.3645569620253164,1.3549260570714434,1.3441202700981016,1.3332817816269718,1.323633650438351,1.3148603351955308,1.3085134774486256,1.3013871374527113,1.2968460111317255,1.2928416485900216,1.2895927601809956,1.287122969837587,1.283180026281209,1.2806236080178173,1.2801003344481605,1.2775208140610546,1.2766608837636493,1.2734487734487734,1.2697693574958815,1.2668195718654434,1.2654227601277526,1.2640203932993446,1.261789248981176,1.2621862684090437,1.2587032201914707,1.2559781370986107,1.2554621848739496,1.2536413862380713,1.2498048399687745,1.2448865228355281,1.2410472464640385,1.235933503836317,1.2326916582235732,1.2307145396373977,1.241846462619167,1.2496723460026213,1.2556862745098039,1.268075906797982
900.0,60.0,3.6411274315204447,3.6542443064182195,3.9491817398794145,4.200760456273764,4.399403133548868,4.556792018419033,4.672686230248307,4.747514910536779,4.7819063004846525,4.787729196050776,4.761607142857143,4.714411247803163,4.66226040978189,4.5934202358783365,4.530098831985624,4.4617592782448225,4.386977603324867,4.326075686884396,4.250071694866648,4.182509505703422,4.118673647469459,3.910569105691057,3.7060637204522098,3.4865350089766607,3.2784206943498977,3.0949126803340925,2.9392678868552413,2.8121645796064403,2.713744075829384,2.6391650099403576,2.590474209650582,2.5595108102205724,2.534546680148298,2.5208719851576995,2.513101476893759,2.5085199610516065,2.513049013367282,2.5118483412322274,2.516782940634461,2.521668472372698,2.526852106857615,2.534490115204096,2.5390173410404624,2.5445967860828542,2.550315410033043,2.557000765110941,2.5619448340345956,2.568531136111551,2.574385510996119,2.5869120654396727,2.597197898423818,2.6056210335448777,2.6145502150738733,2.6217874952052167,2.6310463468933416,2.635011208477685,2.6403195291149886,2.6427795874049944,2.644719399027839,2.6457809284244225,2.6462395543175488,2.6446480231436835,2.6424483702413535,2.634297520661157,2.625506619832478,2.616484440706476,2.522875816993464,2.4627528367044893,2.438123167155425,2.5006491820306413
400.0,50.0,8.29296875,7.7287234042553195,7.908082408874802,8.078501338090991,8.208575067213811,8.345047923322683,8.518859245630175,8.749470114455278,9.03954802259887,9.366812227074236,9.726277372262773,10.056843513152028,10.386105544422177,10.675059008654603,10.93104079019572,11.161371765200926,11.357639721755817,11.53929834103889,11.688112745098039,11.812242090784045,11.925298421255295,12.120445344129555,12.127799736495389,11.91326530612245,11.421759861291722,10.718382955476645,9.814627569935963,8.773604060913705,7.7577505407354,6.795120598835598,5.933312558429417,5.226879113266366,4.6476761619190405,4.27298501417578,3.918068132815869,3.7015873015873018,3.512322274881517,3.350662089259441,3.4115204981837053,3.268421052631579,3.1964091403699673,3.2501408450704226,3.2118254879448913,3.2441511697660466,3.152199762187872,3.1659548505186086,3.2600896860986546,3.2310679611650484,3.2900200937709307,3.281533101045296,3.3007194244604317,3.2782738095238098,3.3105058365758753,3.3738848337388485,3.2915282392026577,3.438103599648815,3.4266666666666667,3.3423667570009035,3.3907284768211916,3.5009746588693957,3.4827586206896552,3.3920524375256043,3.4627796901893286,3.463246724405951,3.4209620020663527,3.3844872709969067,3.510602490743857,3.5188393243828497,3.507558288496029,3.888074616922052
1300.0,80.0,3.262914965382567,3.2448474855729597,3.516824849007765,3.732590529247911,3.888144329896907,4.001622060016221,4.0667070952092175,4.072413793103448,4.025700934579439,3.948249619482496,3.844106463878327,3.7319540229885058,3.634385201305767,3.5280898876404496,3.445390070921986,3.366375892149088,3.285589519650655,3.2256509161041467,3.148727576136838,3.0844927044451986,3.0269607843137254,2.841880341880342,2.680496569748448,2.5259515570934257,2.3967272001596487,2.2954005614338158,2.2174214417744915,2.158420667804046,2.116060066174599,2.0869220607661823,2.069391113549095,2.061353211009174,2.0537287140340577,2.0516616314199396,2.0510835913312695,2.052747946936197,2.0601454064771976,2.060756972111554,2.0668713749573526,2.073384831460674,2.0778293466619067,2.086378737541528,2.0911477869467365,2.0972434915773355,2.1034348165495707,2.1098288897731794,2.1155717761557176,2.120874587458746,2.1267902274641957,2.1409515340151177,2.15096065873742,2.161213845424372,2.1708272148800782,2.1793969849246233,2.188428874734607,2.1941176470588237,2.1992273730684326,2.204221334854535,2.2060359837492745,2.2085336538461537,2.2091463414634145,2.2096263457884735,2.208496732026144,2.2033898305084745,2.197163120567376,2.1897058823529414,2.1211509338717818,2.0803536601222206,2.0670391061452515,2.151557577878894
25000.0,10.0,1.4250536864710093,1.302048909451421,1.2969885773624092,1.286926506543938,1.2727100681302044,1.2611190817790532,1.2544221698113207,1.2537580529706513,1.25827245380318,1.2678936605316973,1.2808921036769139,1.295774647887324,1.3123980424143555,1.3277153558052435,1.3441607009295864,1.359447004608295,1.3752913752913754,1.3887428483067883,1.4022988505747127,1.415686274509804,1.428161553740896,1.4583828775267538,1.4863563402889246,1.5121951219512195,1.5350364963503649,1.5537109375,1.5704088254380273,1.5820232399179768,1.5882221726522419,1.5887445887445888,1.5844444444444445,1.5752003771805752,1.5616438356164384,1.5436893203883495,1.523720930232558,1.5023582192568734,1.4782362916902205,1.4557987247975186,1.4345101316064341,1.4134302179904785,1.3952863961813842,1.378606615059817,1.3637110016420362,1.3518518518518519,1.3412526997840173,1.3339427178549665,1.3285616905248807,1.3245679939894817,1.3234567901234568,1.322488038277512,1.3227513227513228,1.322058122915674,1.3226895119418485,1.3237349734414314,1.3237741456166419,1.3259668508287292,1.3254888962545575,1.325351379489849,1.3265938069216758,1.3266780756797871,1.3250493096646943,1.3230116648992576,1.3212988192552226,1.3183899734875875,1.3164717844433147,1.3153538050734312,1.3277126099706744,1.3366383380547686,1.344500279173646,1.3621902210314802
9000.0,60.0,2.1123907863383637,2.0378086419753085,2.2857506361323154,2.3903307888040715,2.371696504688832,2.296815286624204,2.2083844939484303,2.124457638730304,2.0515759312320916,1.990566037735849,1.9390651085141903,1.8952520802741066,1.8667044809982984,1.8401559454191032,1.8203991130820398,1.8096828046744575,1.8009389671361502,1.7948177796503055,1.7915194346289753,1.7868421052631578,1.7849272807404142,1.7890262751159196,1.7924384673940623,1.8000665335994677,1.8079757260511486,1.820067264573991,1.8346456692913387,1.8467087466185752,1.8600739993272788,1.8717385333699532,1.8777943368107302,1.8793273986152323,1.8756103231806556,1.8809135399673735,1.8644654088050314,1.8599712023038157,1.839329517579722,1.814797794117647,1.850442939030745,1.8058419243986255,1.7810913705583757,1.8072880168185004,1.7891933028919331,1.799328295549958,1.7537511032656663,1.759047619047619,1.8039297658862876,1.7873702804151026,1.8180737217598097,1.8075336084120857,1.8172484599589322,1.8060683897896934,1.8212389380530973,1.858025883716438,1.8116749174917492,1.8940802903152643,1.8945868945868947,1.8459049041573314,1.8777269054672772,1.9488863506567675,1.940550133096717,1.9031007751937985,1.95956012770486,1.972952380952381,1.96,1.951881014873141,2.104299363057325,2.131324004305705,2.12805732980215,2.096932515337423
1900.0,80.0,2.9021123132405977,2.8735368372733534,3.117618819011042,3.3055555555555554,3.4402117958523313,3.5313609467455622,3.5529454282616553,3.49660928534168,3.376068376068376,3.2314126394052045,3.0604941122142693,2.905368013281682,2.7968166314763683,2.679558011049724,2.6166286543645034,2.566046404778314,2.5150300601202407,2.49738508120011,2.4566627358490565,2.426302414231258,2.4013698630136986,2.307782557684787,2.233835252435784,2.145650048875855,2.0834662413609784,2.029209621993127,1.9987775061124695,1.9587894397939472,1.9308260577568839,1.897560975609756,1.8921852387843705,1.9318181818181819,1.878200155159038,1.8984812150279775,1.8728465955701394,1.8542713567839195,1.8945518453427066,1.885260370697264,1.8972727272727272,1.865979381443299,1.873091603053435,1.8981206726013848,1.8930621286879468,1.8978478014622593,1.8952461085401766,1.9181613145741596,1.8501864443957008,1.8522244578582607,1.9265530259695687,1.9099623832059216,1.9213426853707414,1.917915309446254,1.935483870967742,1.9046957488191165,1.9443216968625718,1.9161587631931025,1.909007070396557,1.924240012732771,1.9682230869001296,1.9996639220299108,1.9095563139931742,1.934740202163504,1.9359560841720036,1.9533029612756265,1.9662564509726081,1.9331138094258078,1.9246458923512748,1.9231050897107287,1.9416154521510096,2.0961952620244078
1700.0,30.0,2.737460815047022,2.791542781631979,3.0263527758257203,3.218831168831169,3.388719339889228,3.5310681434203115,3.6021345982804625,3.570544007076515,3.437965260545906,3.254125412541254,3.0279871940514305,2.8197207463239837,2.6732958639573425,2.523786486050637,2.4453600859906843,2.38365271802894,2.3252885624344177,2.302616609783845,2.2595346605900697,2.2271221004333417,2.200759631036354,2.1169958108916815,2.0641447368421053,2.004950495049505,1.9762890477982686,1.9534050179211468,1.951403435274403,1.9345835150457915,1.9260595130748421,1.9084997677659081,1.9151079136690647,1.961557663504743,1.9159449821701477,1.9408995815899581,1.9192081326912787,1.90359477124183,1.9458689458689458,1.9405374499714123,1.9535840188014102,1.9250302297460702,1.9330055316533497,1.9593134138588684,1.956043956043956,1.9623762376237623,1.960942760942761,1.9842032967032968,1.9173669467787116,1.9201710620099786,1.9963556851311954,1.9814957594448728,1.9936457505957108,1.9917559769167354,2.0110826939471442,1.98159509202454,2.023191094619666,1.9953227315247895,1.9864864864864864,2.002997002997003,2.049405306495883,2.08,1.9880354662963358,2.01175557280692,2.0134918820032013,2.030342538817115,2.0413724761550847,2.006160954948017,1.9848937291410504,1.9773857982813208,1.9913513513513514,2.1376947040498444
35800.0,40.0,1.84637459345705,1.4297837393922803,1.3773584905660377,1.3443730253840287,1.3217883018201095,1.3142631162668073,1.3164745258460395,1.326108870967742,1.340185676392573,1.3554421768707483,1.3728,1.3895067381918096,1.4061761462108082,1.42026825633383,1.4327612426678253,1.4433867735470942,1.4527491408934707,1.4609120521172638,1.4673792849244378,1.4731585518102372,1.4788732394366197,1.4883133291219204,1.4911092294665538,1.4880885175567349,1.47518573551263,1.4568164213787762,1.4304455445544555,1.3983865963388147,1.36468330134357,1.3291433891992552,1.2922651933701657,1.2604166666666667,1.2297904191616766,1.20446735395189,1.1827016520894071,1.1646803900325027,1.149239429871841,1.13658345314338,1.130447456638974,1.1206123395701253,1.1158669118876443,1.1127167630057804,1.1085004775549188,1.1084612194110328,1.1024720050707797,1.1018124860147684,1.1035904900533722,1.1016566265060241,1.1026392961876832,1.1015331212033554,1.1001239925604465,1.099337748344371,1.1003224650662844,1.101114955786236,1.1002830570157702,1.1037069726390114,1.1023298309730472,1.1007125890736342,1.1037493579866462,1.1050054406964092,1.1033127456485121,1.103680981595092,1.1056910569105691,1.1059167275383492,1.1053459119496856,1.1065989847715736,1.1287638069299442,1.1452061139416396,1.160952380952381,1.1744732089102952
15000.0,10.0,1.9272517321016167,1.780287474332649,1.7345454545454546,1.7241989732696053,1.7235792019347038,1.7247648902821318,1.7250293772032903,1.7220371251784865,1.7168742921857305,1.7068166776968894,1.6941266209000763,1.68,1.6640471512770139,1.645931960805901,1.6271644357116541,1.6097760786455488,1.5899454875832828,1.5727943643072795,1.5549572966951355,1.5380345394736843,1.5215212935549989,1.4820058997050147,1.4456813819577734,1.4123246492985972,1.380392156862745,1.3517417162276975,1.3259365044490827,1.3027484143763213,1.283306437152591,1.267465521139498,1.2551568239615711,1.246498599439776,1.2410675850193715,1.2390961639516553,1.238216560509554,1.241167434715822,1.2458563535911602,1.2512347711557459,1.2591772975787556,1.2683563748079878,1.278759466282005,1.2906144781144782,1.3031265266243284,1.3173618940248026,1.3323643410852712,1.3486575947039352,1.3655287260616153,1.3813757604117922,1.3990585774058577,1.4324151185137732,1.4632465543644717,1.4914950760966876,1.5135967162647512,1.5314272485241347,1.5433050629658185,1.5521377169465218,1.5584216183018578,1.564272682036822,1.5692389948315808,1.57287102305201,1.5780616382806163,1.5878070973612375,1.5956642298966472,1.6021000276319426,1.6066746126340883,1.6090966921119594,1.5937096079276174,1.5816104461371054,1.5697969543147208,1.5257561869844178
300.0,60.0,7.758705247670426,6.1325691502616495,5.895979020979021,5.756179024716099,5.620289855072464,5.5112419700214135,5.443265599712282,5.428369129100779,5.466707205837641,5.550423402617398,5.674507921267403,5.815448113207547,5.973571428571429,6.137489325362938,6.305314204889877,6.472051160587399,6.634535940512255,6.799936285441223,6.9585928911689265,7.112557748845023,7.26530612244898,7.604651162790698,7.841890049977283,7.92997542997543,7.795602605863192,7.487234042553191,6.985503319333423,6.344410876132931,5.679314565483477,5.012083131947801,4.377957138881158,3.8625517021953546,3.4004237288135593,3.045720984759672,2.772785622593068,2.548802946593002,2.3849186791522916,2.2554630593132154,2.1805399325084363,2.1099476439790577,2.067278287461774,2.032692307692308,2.009271523178808,2.0126760563380284,1.9894440534834623,1.9883211678832116,1.9984496124031008,1.9952644041041832,2.0049464138499586,2.011294526498697,2.0291970802919708,2.0419847328244276,2.051307847082495,2.0805369127516777,2.0904887714663145,2.1141848145968214,2.1362866134107965,2.1334319891478604,2.16017826713855,2.1893897746014295,2.1951560968780623,2.223215616152585,2.254446402820061,2.2779466396487673,2.3009795191451468,2.32549388523048,2.5118181818181817,2.7011847301448006,2.7639271924986213,3.9551029854200417
600.0,90.0,4.627737226277373,4.3164097914777875,4.4878658101356175,4.594036020076764,4.623364907532702,4.610533159947984,4.568609865470852,4.51547377225475,4.456118665018542,4.386645962732919,4.3304638928742225,4.27458898182867,4.208914596801633,4.150495049504951,4.115842490842491,4.059220779220779,4.002920560747664,3.9613368283093053,3.897751994198695,3.851971037811746,3.800354924578527,3.632346442775077,3.423628805149524,3.1889136667728577,2.9632408102025507,2.7171587505348738,2.491043706711249,2.3117850492152168,2.158124635993011,2.0358040201005023,1.9436997319034852,1.8829479768786128,1.8314990512333966,1.8092369477911647,1.7895860008536064,1.7761061946902654,1.783656117146906,1.7705078125,1.7745146839223493,1.7890295358649788,1.7984409799554566,1.794413407821229,1.8052173913043479,1.8266993263931415,1.8332288401253918,1.8435681965093729,1.8537234042553192,1.864476386036961,1.8718487394957983,1.9009009009009008,1.9192789968652038,1.9270491803278689,1.9597197898423817,1.972875226039783,1.9884504331087585,2.0182109265559336,2.0159902843841717,2.0345160252974597,2.0609217529158643,2.0691223283310594,2.0822141772743197,2.1055308328035602,2.1268954509177975,2.146144191883977,2.162721893491124,2.177938176682881,2.293283755519405,2.3723038449515474,2.4342507645259936,2.629151291512915
3000.0,50.0,2.921810699588477,2.730505302557704,3.0408352054975554,3.265993265993266,3.397535934291581,3.45836109260493,3.4248392693131953,3.304437261240082,3.1286141575274176,2.959210184463497,2.7802835051546393,2.635307781649245,2.5565257352941178,2.457698370993169,2.4296875,2.4094594594594594,2.3846153846153846,2.3921404682274248,2.3722826086956523,2.3574257425742573,2.3468834688346885,2.2875982754248034,2.244958045046371,2.1772990886495442,2.139842172875757,2.099236641221374,2.0832608695652173,2.046075480435286,2.0209756097560976,1.9839203675344563,1.979149959903769,2.025691699604743,1.9540296770439336,1.974660633484163,1.9343088418430885,1.9066794503036113,1.9455160744500846,1.9311285373337879,1.9356890459363958,1.888073394495413,1.8899737138565527,1.9101960784313725,1.8965102286401925,1.8943894389438944,1.882253282507412,1.9012614180078296,1.8101831174631533,1.8068649885583523,1.889726672950047,1.8505572441742655,1.850131926121372,1.8352745424292845,1.841647331786543,1.7989163154726069,1.830858618463525,1.7964659685863875,1.7833787465940054,1.796875,1.8373275236020334,1.8645990922844176,1.7765793528505394,1.8027375201288245,1.8073394495412844,1.8272569444444444,1.8468550592525068,1.8227488151658768,1.8834505137912385,1.924114367919439,1.9533142479630037,2.142188414277355
10000.0,40.0,2.1068042387060792,1.9370579915134372,2.1054808686659774,2.1226449944588106,2.077840909090909,2.0167464114832536,1.9573215599705667,1.9060260153968676,1.860880871119779,1.823392267340198,1.7904218928164195,1.7639145344236349,1.7410202233625114,1.721861101607937,1.7066306861989207,1.6931719965427832,1.6822790922259778,1.6725901992460959,1.6652669466106778,1.658210947930574,1.652303120356612,1.6388349514563108,1.6304209589215313,1.6253333333333333,1.6248910200523103,1.6280124751913807,1.635332845647403,1.6451914098972922,1.6558632881555686,1.6676470588235295,1.6790571169537625,1.6897353559960138,1.6967509025270757,1.7021958647219106,1.7050866831777483,1.706133453156594,1.7060526315789473,1.7048026919547261,1.7037300177619894,1.702559934985778,1.7016241299303945,1.7025316455696202,1.7034400948991697,1.7065508021390374,1.7095588235294117,1.7155664221678892,1.7210144927536233,1.7275419545903257,1.7347600518806745,1.75,1.7657266811279826,1.7812244897959184,1.7977981651376147,1.8130726939523518,1.8276015087641446,1.8417195896433805,1.8553902375358915,1.8694320712694878,1.8826008428657435,1.8952778670093158,1.9080770530584656,1.9319804584742577,1.9533333333333334,1.9736483416628805,1.988235294117647,2.0010537407797684,2.0084961767204756,1.9845632089814056,1.9553072625698324,1.838862559241706
500.0,10.0,3.7917682489602753,4.280225988700565,3.9062083666400214,3.638535031847134,3.501930501930502,3.4225122349102772,3.3409640086480987,3.2278020378457057,3.0906032203797165,2.955365060597103,2.8492864601461885,2.775227542540562,2.7230902777777777,2.6988636363636367,2.6928608115048793,2.6848354020507283,2.6875355719977234,2.696149217809868,2.6975731176104545,2.707953063885267,2.7156398104265405,2.722977809591983,2.7360060514372164,2.7482241515390684,2.762489762489763,2.776929601357082,2.787694974003466,2.798932384341637,2.8133577310155538,2.821994408201305,2.831439393939394,2.8429268292682925,2.851337958374628,2.856143856143856,2.870867768595041,2.8767979987492183,2.886564934371999,2.8970427163198247,2.8989448493418903,2.909781152300134,2.921763212554812,2.9261822376009223,2.9342089832297407,2.9439308440389,2.951178042263784,2.9578506285432584,2.965276042967774,2.973144160121611,2.980005126890541,2.9965526385574117,3.0094594594594595,3.023906053404166,3.038284398388025,3.049012435991222,3.0620036652412947,3.0692307692307694,3.076683776637113,3.085483870967742,3.090185676392573,3.0949241924851685,3.0975813177648037,3.1024734982332154,3.1023280996210074,3.10268270120259,3.100730488273741,3.0961423146112335,3.0573248407643314,3.033956386292835,3.015059160989602,3.083707025411061
1100.0,40.0,2.9357452421330317,2.915377616014559,3.1740955426743955,3.3883200606750097,3.571138211382114,3.7273042673759686,3.829506962739932,3.848159953636627,3.7726510067114094,3.6341743119266057,3.450735294117647,3.2667860340196957,3.1162398566761516,2.9815805109922757,2.888124834699815,2.812184206727299,2.745432022297925,2.703109327983952,2.6504751847940864,2.610883339545285,2.577970785629688,2.477262884365526,2.403119092627599,2.339141414141414,2.293693212185997,2.264341957255343,2.246615656268393,2.2358145210494205,2.229971724787936,2.229032258064516,2.231585932315859,2.2377838953888505,2.2413309982486864,2.247400501972033,2.2532016099524332,2.2588322796578653,2.270259790616518,2.272727272727273,2.280764635603345,2.287816843826656,2.2937759336099584,2.30222602739726,2.30755864465682,2.3139946855624447,2.320108205590622,2.3264462809917354,2.33286582515194,2.337767220902613,2.3441589917595733,2.3582013285641286,2.366929133858268,2.377922784121805,2.3869882220975884,2.3952819332566166,2.4019429265330903,2.4085626911314986,2.4126182965299683,2.4156351791530946,2.4174950298210733,2.4183813443072704,2.41991643454039,2.416907514450867,2.4153616703952276,2.4083526682134573,2.399676375404531,2.3921074727120066,2.3092974727567817,2.257001647446458,2.2337569357436906,2.295757575757576
800.0,20.0,2.7178246013667424,3.1211771494518175,3.181349819680577,3.2205077152812343,3.262780269058296,3.299616858237548,3.306122448979592,3.2671784310054295,3.1810982048574448,3.074642483432159,2.9561290322580644,2.8510317060895822,2.7722602739726026,2.7073474470734746,2.6644250168123738,2.6311651179413866,2.606446776611694,2.5941455696202533,2.578086672117743,2.572278911564626,2.5707964601769913,2.556701030927835,2.5579781962338948,2.5641025641025643,2.5737265415549597,2.5885225885225887,2.6034146900423973,2.6166686258375456,2.6296829971181555,2.642341128933513,2.653316645807259,2.667010575187,2.675559042761867,2.6842596294815406,2.692411924119241,2.699066447007139,2.7087779200455255,2.7139399117186387,2.721325774095072,2.728218852215284,2.7339753235028588,2.7414619069695565,2.7467542624745818,2.7527018436109345,2.756896273592515,2.7640412641231373,2.768361581920904,2.7741283476503282,2.779585545470115,2.790406300340075,2.7991218441273324,2.8068524096385543,2.8146718146718146,2.8216748768472906,2.8244274809160306,2.8310880829015543,2.833439693682195,2.834025803630002,2.834331337325349,2.830705962988348,2.8313671061762666,2.8236980410893455,2.8140333660451424,2.800709040263358,2.7830437072143233,2.7682694919858735,2.604217926186292,2.4883015597920277,2.419517102615694,2.392587224350347
800.0,30.0,2.806924882629108,2.8579220070902647,3.0314199395770394,3.188775510204082,3.350840336134454,3.509846827133479,3.633393829401089,3.682509505703422,3.6376384798765953,3.520497377112881,3.350075339025615,3.181121667177444,3.0402877697841726,2.920096852300242,2.836898395721925,2.7726833976833976,2.7209660842754366,2.6882902693787796,2.6509488211615873,2.62416918429003,2.6048284625158833,2.545017182130584,2.5070318282753514,2.4788732394366195,2.461853978671042,2.4575835475578405,2.4590017825311943,2.4627414903403864,2.469310670443815,2.47536231884058,2.483647175421209,2.49487284659557,2.5013027618551327,2.5093194163382684,2.5170954086616737,2.5234159779614327,2.5343878954607977,2.537604776667815,2.544962971670389,2.553345388788427,2.558679706601467,2.565491183879093,2.57088122605364,2.576742976066597,2.582693834347711,2.588156123822342,2.5930996714129244,2.597330367074527,2.603827072997874,2.6151095216808224,2.6234520715486926,2.6311630847029077,2.6395443449959317,2.645,2.6518076518076517,2.6563051925114802,2.657813352737857,2.6614114114114114,2.661198016024418,2.659700315457413,2.6594681063787244,2.6554726368159205,2.650576676633917,2.6415929203539825,2.6304849884526558,2.6201290939517095,2.5204865556978233,2.461631663974152,2.4450784593437946,2.550349362926428
1100.0,50.0,3.2457592056268103,3.2890191562859834,3.598026020637057,3.862422997946612,4.084733893557423,4.276985743380855,4.422040674430732,4.50507614213198,4.518857948537187,4.48406747891284,4.398809523809524,4.293946024799417,4.189730200174065,4.070609535304768,3.9697282421740625,3.8717553328193266,3.7698412698412698,3.693679599499374,3.5943843031123137,3.5134640043964094,3.4376237623762376,3.2102728731942216,3.013591217982227,2.833091857432628,2.6818181818181817,2.5645380434782608,2.4761388286334056,2.4092634776006077,2.3608369522305566,2.328297264189465,2.308277027027027,2.2985927880386985,2.2902066486972146,2.2876901798063622,2.2876001885902877,2.287907869481766,2.295943915873811,2.2969849246231155,2.3030927835051545,2.309158284806776,2.313978494623656,2.3229744728079913,2.327887323943662,2.334290637564618,2.339766081871345,2.346039309112567,2.3523347483323227,2.3567467652495377,2.3641509433962264,2.377733598409543,2.386657590197413,2.3967582804792107,2.4055232558139537,2.4153616703952276,2.4232887490165225,2.4267616785431514,2.43218954248366,2.4371308016877635,2.43862660944206,2.439609236234458,2.4396396396396396,2.4364485981308412,2.433944069431051,2.428,2.418950010458063,2.40997830802603,2.319964216490234,2.261904761904762,2.2326539958781773,2.278890600924499
10000.0,50.0,2.1046671242278654,1.9138795986622072,2.055010762975365,2.0579036348267117,2.007751937984496,1.943992773261066,1.8875119161105816,1.8394446959408481,1.797104139595322,1.7624469747711542,1.7329815303430078,1.7096774193548387,1.6897771489211177,1.6737903225806452,1.6611872146118722,1.6512345679012346,1.6428159261396422,1.6373626373626373,1.6310469314079423,1.6274193548387097,1.6243243243243244,1.620337372297458,1.6183158224870628,1.6215320910973086,1.6274509803921569,1.6365254538981844,1.648847926267281,1.661756040070713,1.6753536857781086,1.6880222841225627,1.6980916466689522,1.7063326374391092,1.7110329817512138,1.7135718568858684,1.7127659574468086,1.7097310784585529,1.7047434656340754,1.6983240223463687,1.6943607404218683,1.6866764275256223,1.6816168327796235,1.6775,1.6729428172942817,1.6737089201877935,1.6695059625212947,1.669165885660731,1.6716851832623818,1.6722783389450055,1.6762510705983116,1.6826787228030518,1.6896,1.6974414027554123,1.707209906131416,1.7167400881057269,1.7247378455672069,1.7359874279727605,1.7436040044493881,1.7516956649955766,1.7629063097514341,1.7723108245673567,1.7800284292821607,1.797483287455761,1.8142670726402783,1.8289224952741021,1.8406313645621182,1.8517505470459519,1.8747747747747747,1.8682846669194793,1.8572778827977316,1.767342582710779
3000.0,40.0,2.976649528706084,2.755163727959698,3.0736910148674856,3.31352743117449,3.4644322845417235,3.548876404494382,3.5361813426329554,3.425196850393701,3.2457818751087144,3.065510157498288,2.871343368361261,2.712136752136752,2.6240357287860334,2.515530829856282,2.483580508474576,2.4595719381688466,2.4298820445609435,2.4358974358974357,2.4121835443037973,2.3943054357204487,2.37758945386064,2.3066855709455774,2.2559598494353827,2.1805458362491255,2.139012763339997,2.097340692423482,2.0792079207920793,2.0431544777544395,2.0180360721442887,1.9809623430962342,1.9757377049180327,2.0230520977408943,1.950664136622391,1.9717444717444716,1.9315936154041045,1.9033515198752924,1.9425192519251926,1.9285516477430076,1.933142037302726,1.8850506253722454,1.8872638634978671,1.907442748091603,1.8936239427456083,1.8919371027099365,1.8801099278598419,1.8994708994708995,1.8084027526258601,1.8048237476808906,1.888421857088269,1.8496302382908791,1.8497431506849316,1.8352835283528353,1.8414117647058823,1.7987298485588665,1.8317610062893082,1.7970244420828905,1.7837389380530972,1.7970011534025374,1.8389380530973451,1.8666256914566688,1.778334376956794,1.803139306736429,1.8088135593220338,1.8292166549047284,1.8480355819125278,1.823438704703161,1.8863761720904577,1.928560929001911,1.9567567567567568,2.146564151850072
600.0,80.0,4.6715212917524145,4.37609841827768,4.551878662530162,4.665718349928876,4.698481561822126,4.693316677076827,4.658914728682171,4.6129995406522735,4.561273051754908,4.49812734082397,4.444958371877891,4.391608391608392,4.33112582781457,4.277434312210201,4.243170622480967,4.188487009679062,4.134405514072372,4.094961240310077,4.033691756272401,3.9880478087649402,3.937444933920705,3.7658472053797816,3.5535522066738428,3.310854206807964,3.0753177765129958,2.818063395570994,2.5783718104495748,2.3879100027107616,2.224004753416518,2.0936497754971137,1.9945224238274564,1.929125138427464,1.873933281613654,1.8482362592288761,1.8273004797208896,1.8111161319475824,1.8178313253012048,1.804087736789631,1.8075165058405283,1.821947283485745,1.8308740068104428,1.825740318906606,1.8363851151801536,1.8584788029925188,1.864709636247607,1.875657894736842,1.8850574712643677,1.896311760612387,1.9045584045584045,1.9336384439359269,1.9514717581543357,1.959234608985025,1.9911268855368234,2.0036630036630036,2.02046783625731,2.0504252733900366,2.0487604998975617,2.067881153762741,2.0929168097036275,2.101757206845067,2.11438679245283,2.136719250993972,2.157125620056308,2.175256284229743,2.1911283119976184,2.205743136636163,2.316755751801069,2.3924011211460603,2.452887537993921,2.6432481751824817
300.0,70.0,7.034450651769087,6.070349589987052,5.956570572819169,5.865168539325842,5.746031746031746,5.621181262729125,5.515347789355111,5.429036929761042,5.376146788990826,5.337528604118993,5.324400564174894,5.3008962868117795,5.299539170506913,5.283987915407855,5.270480225988701,5.242251223491028,5.2033582089552235,5.184948299754824,5.131072631072631,5.071582928146948,5.015906680805939,4.8171575410160115,4.550037811948576,4.212511788745678,3.7891953154514546,3.39206849932402,2.9874869655891554,2.6173349056603774,2.323549032688459,2.073279052553664,1.8632341110217217,1.7137809187279152,1.585296889726673,1.4979550102249488,1.4301381881991666,1.3751017087062654,1.3357933579335792,1.305859626529298,1.2922515440763616,1.2725057339449541,1.263611615245009,1.2582039378901873,1.2522328812437975,1.2558222222222222,1.2473990477869863,1.2488470761852057,1.2562313060817547,1.255492270138324,1.2607480653482372,1.2654420206659014,1.271445929526124,1.2779634867575214,1.2862278761061947,1.2966577935522032,1.3020382952439777,1.3163403106009453,1.3222222222222222,1.324973127911143,1.3392857142857142,1.351151315789474,1.3552742616033755,1.3709307657038057,1.3904906423874557,1.4040130151843817,1.4187536400698895,1.4339386349405137,1.5658076392084674,1.6880634691669671,1.7821979114868227,2.2417470797359065
35800.0,50.0,1.8504469678666344,1.4259448416751788,1.3732129420617005,1.3395417392469515,1.317463752434538,1.3098455598455598,1.3128112267994567,1.3219094247246022,1.3357429718875502,1.3508789966073815,1.3684346035015449,1.3851489831310106,1.4009478672985782,1.4148197895679426,1.4271186440677965,1.4372372372372373,1.4460061707233458,1.4540140296180826,1.460352422907489,1.4659711872826626,1.4706211527700055,1.4778694673668418,1.479515175798858,1.4743419303376761,1.459304347826087,1.439161784587652,1.4106376894480983,1.376734258271078,1.3428071709663314,1.3068421052631578,1.2703037817730936,1.2387518142235123,1.2086092715231789,1.1843100189035918,1.164274322169059,1.146410467994813,1.1321317427385893,1.1202478175161925,1.1143483709273183,1.1051587301587302,1.1005347593582888,1.0974250576479632,1.0933954619124797,1.093145869947276,1.0878483835005575,1.0870077811836831,1.0887468030690537,1.0866120940058093,1.0871881132604428,1.0859398724567264,1.0847953216374269,1.0839112343966713,1.0851782363977487,1.0857487922705313,1.0850613626745662,1.0878409616273694,1.0860420650095601,1.0854870775347913,1.0882194728348575,1.0888888888888888,1.0875955320399764,1.0880462724935733,1.0895522388059702,1.0895865237366003,1.08993399339934,1.0905861456483126,1.1108611825192802,1.1261462205700123,1.1406089633937735,1.15411672746222
1700.0,20.0,2.568983957219251,2.7944083592205593,2.9961321035406128,3.166301969365427,3.3207190160832547,3.4546306418866157,3.5265225933202355,3.5014598540145987,3.3768485466598674,3.1861559139784945,2.972338642078793,2.777,2.6183619398686786,2.50032387614976,2.4106507190659263,2.3439667128987516,2.291082907532553,2.2532226734946144,2.2141796585003712,2.1855345911949686,2.1595168679716785,2.0938859629035953,2.042632759910247,2.0050993022007515,1.9770277935337492,1.9602153754113072,1.949501246882793,1.9440832249674902,1.9411962365591398,1.9414634146341463,1.9420186113099498,1.9426080639302579,1.9464895635673625,1.948846153846154,1.9526273885350318,1.9562729873314262,1.9594142259414227,1.9616680707666385,1.9651462994836488,1.9707602339181287,1.973120728929385,1.977198697068404,1.9800853485064012,1.9835748792270531,1.987166831194472,1.9900447984071676,1.9968437664387164,2.0,2.0,2.0095559302979202,2.0155619596541787,2.0209706411024566,2.0264290104486786,2.0327552986512525,2.0373084610259826,2.0408997955010224,2.04452296819788,2.04644412191582,2.047653429602888,2.050110537951363,2.0500390930414385,2.0496794871794872,2.047815333882935,2.044839255499154,2.0403508771929824,2.0369344413665744,1.9905272342016702,1.9678650970410436,1.970126678010966,2.1
6000.0,10.0,2.570970695970696,2.431780491481984,2.7114285714285713,2.964003511852502,3.220427305888484,3.452685421994885,3.5909822866344605,3.6099754701553555,3.546417876065423,3.4691011235955056,3.3772981614708235,3.314171457135716,3.292797006548176,3.2747949291573453,3.2875112309074574,3.306100795755968,3.3164014687882495,3.339068100358423,3.3373493975903616,3.3312159709618876,3.325474115838032,3.248480243161094,3.149290561381863,3.0319436924742824,2.9129625801116394,2.803542297832673,2.704239917269907,2.6195163104611923,2.5477553479963846,2.48864,2.440108585001697,2.402031930333817,2.3699095022624435,2.3447731755424064,2.3230832308323084,2.3058026260059297,2.2903079710144927,2.2788461538461537,2.2681644359464626,2.2583708145927037,2.2498714652956298,2.240800865800866,2.2337228714524207,2.2269585253456223,2.2202380952380953,2.213407134071341,2.206611570247934,2.199213630406291,2.19306594153637,2.1762081784386615,2.1622257053291536,2.1478696741854635,2.1346324180690877,2.1209302325581394,2.1078282059092293,2.0978948460022813,2.0902534965034967,2.0811246831067067,2.0767494356659144,2.0710799649605804,2.0679923027581784,2.063341035748267,2.0607097050021377,2.060724485194649,2.062119756644252,2.0657672849915683,2.1212204507971415,2.185662505034233,2.2364971158888305,2.494895875867701
1900.0,90.0,2.8971668415529908,2.870824573697734,3.115347018572825,3.3032714412024755,3.4397960713750186,3.531400966183575,3.555186415651532,3.5002666666666666,3.37727603787327,3.2309885931558937,3.0597543693906473,2.903225806451613,2.7947525738957157,2.6745718050065874,2.6117348019487396,2.561576354679803,2.5095883405778574,2.4905925301881493,2.449188214070956,2.418717616580311,2.393368237347295,2.2985668789808917,2.2257773771969354,2.1376739562624256,2.075634792004322,2.0232828870779977,1.9925512104283054,1.9522875816993464,1.9250170415814587,1.8925035360678926,1.8890521675238796,1.926979246733282,1.874015748031496,1.8937550689375506,1.8668885191347753,1.8496176720475785,1.8885918003565063,1.881720430107527,1.8929889298892988,1.862987630827783,1.87015503875969,1.8943881136432086,1.8894338851420396,1.894659839063643,1.8911419423692637,1.9138964577656676,1.8462052081014912,1.8491208167895632,1.9226750261233019,1.9061691909863316,1.9168679293250286,1.9145841597249769,1.9312422955759485,1.9007332205301748,1.9404993272537001,1.9128073615930004,1.9060988925284668,1.9205298013245033,1.964461994076999,1.995225102319236,1.906823692414271,1.9312455003599711,1.9331476323119776,1.9499036608863198,1.9629256498085834,1.9298099018174222,1.9215066129959748,1.920817843866171,1.9389483065953654,2.0937011972930764
1400.0,80.0,3.2178643000286287,3.1856955380577427,3.4445359692476663,3.646449704142012,3.7964565306963327,3.9029947916666665,3.95703125,3.9538119087367836,3.897793701678295,3.8119783996072654,3.7003058103975537,3.5851769911504423,3.487815491731941,3.38576406172225,3.307952622673435,3.2339622641509433,3.1595303867403315,3.1073876618431076,3.036976170912079,2.9804270462633453,2.9278152069297403,2.7576229690629868,2.608695652173913,2.4653857021757557,2.3455836936380483,2.250208507089241,2.176470588235294,2.120984407289123,2.0819447167222114,2.0545158665581775,2.0358801181933304,2.027354952570042,2.0196521346284166,2.01673640167364,2.0159637836549917,2.016038882138518,2.0223861612821166,2.0227446971633016,2.0273180982400842,2.032990805840995,2.037128712871287,2.0435029854990048,2.0476878612716765,2.0534238488783942,2.058380981041228,2.0635164160785515,2.068814513606506,2.073520050922979,2.0796747967479674,2.0916895604395602,2.1007423117709436,2.1099706744868034,2.1180923542770627,2.1255343956471044,2.1338809034907595,2.1394867549668874,2.1439555745407946,2.148344370860927,2.150494159928122,2.1530232558139537,2.1543909348441925,2.1549019607843136,2.153690596562184,2.1504981646565287,2.1441095890410957,2.1392045454545454,2.078416149068323,2.0459081836327346,2.0385347288296862,2.1369127516778526
6000.0,30.0,2.4768392370572205,2.4772919605077575,2.822257806244996,3.1217208814270725,3.4081561519693273,3.6437740693196408,3.7835507168265603,3.8034188034188032,3.749128919860627,3.5960591133004924,3.5267538644470866,3.4695091720376796,3.3512866546977857,3.3791606367583213,3.4034782608695653,3.346653346653347,3.369427485312752,3.3701143312948685,3.3625166938714943,3.384873949579832,3.3595948227349464,3.2884972170686457,3.206583427922815,3.115008431703204,3.013364779874214,2.913808664259928,2.7804020100502513,2.6991643454039,2.646050214329455,2.5737812911725957,2.4908963585434174,2.4466313398940196,2.406847133757962,2.332231404958678,2.3584738243123335,2.314390467461045,2.2536302032913844,2.3236047107014848,2.207832254085723,2.2108695652173913,2.2747329307942405,2.169113329418673,2.1783750763591936,2.2002313327335816,2.1836491321054723,2.1779730843174954,2.170762892456315,2.1700750331028393,2.148710166919575,2.109503452811575,2.0962139631816603,2.1139740455143876,2.124697336561743,2.1066666666666665,2.095282146160962,2.0994527718296454,2.050676506765068,2.07736994982836,2.116615641525188,2.007810320781032,2.0086033839977055,2.08420386198164,2.0680541790551703,2.050173010380623,2.055452865064695,2.0845181674565563,2.1517331589274034,2.2259941804073713,2.2734761120263594,2.57720207253886
27500.0,80.0,1.6881930854533593,1.3078867542972699,1.2884267631103075,1.2775510204081633,1.2645654250238778,1.258097165991903,1.260475651189128,1.272084091368506,1.2922465208747516,1.3181681229285929,1.348124098124098,1.378678038379531,1.407370517928287,1.4344073647871116,1.458498023715415,1.4794007490636705,1.497883149872989,1.515759312320917,1.531192956082895,1.5452352231604343,1.5594092941335862,1.5916998912649511,1.622146673142302,1.6492027334851935,1.6702867072111207,1.6855164454702827,1.6909643128321943,1.684782608695652,1.6709183673469388,1.645240032546786,1.6114754098360655,1.5731832139201638,1.5281358063502044,1.4850345356868764,1.4408502772643252,1.3973655323819978,1.3584784010315925,1.3216417910447762,1.2945264986967855,1.2641325536062378,1.243956043956044,1.226350104563907,1.20979492714517,1.200779142942763,1.1858407079646018,1.1789491641078131,1.1774705772464038,1.1714173383133477,1.1705263157894736,1.1666279339995351,1.1641038568187547,1.1624627068077027,1.1633852483103144,1.1644051751341118,1.1636182241436648,1.1684704184704184,1.1657934131736527,1.1644583008573655,1.1686192468619248,1.1694616063548102,1.1672743846855058,1.166584035696579,1.1677524429967427,1.1665695981362842,1.167082294264339,1.167888074616922,1.2060246262093228,1.235563993039076,1.2618657937806872,1.3094076655052265
15000.0,20.0,1.895739186571982,1.623021582733813,1.5811861934856588,1.5706371191135735,1.566396292004635,1.5632761679479599,1.5593282219788245,1.5536971830985915,1.5458333333333334,1.537059538274605,1.526610644257703,1.5147881694644285,1.5031674208144796,1.4896214896214897,1.4768845365520382,1.4634146341463414,1.4507918552036199,1.4382958654299638,1.4260003494670628,1.4141414141414141,1.4025496974935177,1.3754951895868703,1.3510796723752792,1.3290766208251474,1.3102331606217616,1.2925170068027212,1.2796892341842396,1.2683417085427136,1.2599816007359705,1.2543204110228865,1.2508802816901408,1.2499086591158202,1.2502254283137961,1.2523467697404749,1.2558764271323035,1.260551948051948,1.2651072124756335,1.2711173249446581,1.2783319479080077,1.2854801704359227,1.2933461909353905,1.301805869074492,1.3106438896189225,1.319550015202189,1.3298392732354996,1.3403830806065442,1.3502262443438915,1.3613659531090723,1.371933827723902,1.3937062937062936,1.4120100083402836,1.4300970873786407,1.4446902654867257,1.4547707558859975,1.4609503003823048,1.4656352276108302,1.467941507311586,1.4700103412616339,1.4709345106696101,1.4719562243502051,1.4733471074380164,1.4762886597938145,1.478533768516194,1.4802398473698555,1.4808982210557013,1.4805074257425743,1.4679700499168054,1.4598425196850393,1.4516523867809057,1.4231111111111112
35800.0,70.0,1.8546956255735698,1.4237649063032367,1.3701968134957825,1.336380255941499,1.3144233342253144,1.3067460317460318,1.30902004454343,1.3175675675675675,1.3303834808259587,1.3470721286755467,1.363650644046497,1.3796082949308757,1.3952040581046807,1.4082631149768958,1.420303605313093,1.4294545454545455,1.4378109452736318,1.445386064030132,1.451115834218916,1.4551435406698565,1.4596231493943472,1.4654088050314464,1.4648997134670487,1.4571518588531822,1.439558191859276,1.4172586161536438,1.3867549668874173,1.3514285714285714,1.317570930811349,1.2808788598574823,1.2454923717059638,1.2161290322580645,1.186131386861314,1.1639225432328881,1.1445601851851852,1.1279336734693877,1.1147403685092128,1.1035886610373944,1.0982262382864791,1.0898066783831284,1.0855847345550727,1.0826899634295002,1.0790260572404955,1.07866728366497,1.0739181286549708,1.0728754940711462,1.07451085499866,1.072355702844518,1.0729991204925242,1.072289156626506,1.0711382113821137,1.070061394005056,1.0711215318483782,1.071248952221291,1.0708938793483047,1.0732177263969171,1.0716417910447762,1.0713547052740435,1.0733893557422969,1.074228028503563,1.0734843845682793,1.073627844712182,1.074814814814815,1.0750798722044728,1.0748709122203097,1.0760667903525047,1.0937605968124788,1.1078017923036374,1.1217008797653958,1.133865993832352
300.0,50.0,10.173228346456693,9.423177766124804,9.55073349633252,9.714092370157333,9.8598995506212,10.027450980392157,10.250976017847183,10.541571319603356,10.918264379414733,11.347572815533981,11.800388223875768,12.246591582691167,12.674088109900522,13.064245810055866,13.424479166666666,13.751408186256102,14.042096219931272,14.320625610948191,14.584717607973422,14.825,15.056338028169014,15.560791705937795,15.935102502829832,16.072684642438453,15.90899001109878,15.416301489921121,14.625332826169647,13.512857836001942,12.2370820668693,10.925373134328359,9.557130203720106,8.402452967467,7.350719848949729,6.4297844546048335,5.824876775877065,5.280286515104329,4.913362212595801,4.627911048853091,4.417052826691381,4.351367073880163,4.257804632426989,4.126233552631579,4.105820105820106,4.134851529359231,4.138240574506284,4.1364998847129355,4.110473457675753,4.127949404037947,4.124718256949661,4.13111342351717,4.213836477987421,4.246380925347715,4.183139534883721,4.287476866132017,4.288419059640265,4.271141822968082,4.403575111722241,4.32293452176894,4.328091493924231,4.405385190725505,4.402420574886536,4.4211774002370605,4.4127377998345745,4.429184549356223,4.4316866933689365,4.443260768874479,4.508064516129032,4.762037037037037,4.473547448290198,9.02495647127104
3000.0,60.0,2.912818907497261,2.7178750897343864,3.0232558139534884,3.2396288209606987,3.3547344110854502,3.3951074870274276,3.348329771679226,3.222026007384813,3.046113877462654,2.8812131423757372,2.7091730368311326,2.5713689482470783,2.494059405940594,2.401588201928531,2.372485399091499,2.3530701754385963,2.3295546558704454,2.335753176043557,2.3185404339250493,2.3057806591031875,2.2955676700639964,2.2430167597765363,2.206626407703607,2.1460258780036967,2.1131687242798356,2.0789414159692376,2.0665520628683693,2.0335781741867787,2.0107973421926912,1.976487663280116,1.972915398660986,2.02027027027027,1.949236894492369,1.9710743801652892,1.9317211948790896,1.9036144578313252,1.9423820572312451,1.9290448343079922,1.9337105901374292,1.8862300587741394,1.8874570446735395,1.9080305069537908,1.8939880679210648,1.8923512747875355,1.8806983511154218,1.8999003984063745,1.8082822085889572,1.8055555555555556,1.8872707659115426,1.8486078886310904,1.8483383685800605,1.833015873015873,1.8393094289508631,1.7966919365954515,1.829268292682927,1.794007490636704,1.781591263650546,1.7943089430894308,1.8354114713216958,1.8623376623376624,1.7751322751322751,1.8009216589861752,1.8043893129770991,1.8260437375745526,1.844548774126239,1.8205489855701422,1.8827351485148516,1.923282599753188,1.9519012843112566,2.1411371237458194
10000.0,70.0,2.10928013876843,1.9425731639977912,2.126287803256896,2.150211992731678,2.1070075757575757,2.0438939006328263,1.9827586206896552,1.930371049015117,1.8845500848896435,1.845891578588476,1.8129786376461103,1.7862165963431786,1.763342318059299,1.7447852760736196,1.7302357836338418,1.719188767550702,1.709170305676856,1.7004878048780487,1.6951365466216952,1.689901806279549,1.685347738014855,1.676923076923077,1.6723818350324375,1.6716236722306526,1.67458432304038,1.6798358132375577,1.6879526003949967,1.6978297161936562,1.7072915576943195,1.7158385093167703,1.7214150347441566,1.7258495609011073,1.7253473012981098,1.722732181425486,1.7169572107765452,1.7093323496864625,1.698892674616695,1.6879570941004387,1.6801120448179272,1.6672955974842767,1.658640226628895,1.6521048451151708,1.6435469710272168,1.6405484818805094,1.6313402931561742,1.6291940505015565,1.63143148242486,1.6284153005464481,1.6305637982195846,1.6320162794641344,1.6344945745288406,1.6388242757454008,1.6455785512699905,1.6526125193998966,1.6582984658298465,1.6692260442260443,1.6739201039298472,1.679491583648231,1.6916201117318437,1.7010718539102818,1.7070539419087136,1.7226813590449954,1.7396841569027,1.752628666297731,1.7650926479378362,1.776061776061776,1.8236914600550964,1.8357948229315546,1.8396359959555106,1.7626760563380282
500.0,20.0,3.305052063247204,3.5651367640241074,3.486681065514759,3.4207533759772564,3.3786382869598666,3.328326180257511,3.2461079827757535,3.121482176360225,2.9846531614487417,2.8254681647940076,2.735319894829097,2.6778989098116948,2.5972056752951374,2.600447743607871,2.6096938775510203,2.5739130434782607,2.5866441251056638,2.591159398720048,2.5923076923076924,2.616400837763815,2.618808567603748,2.6282278033250797,2.646838757949869,2.670443445985544,2.693711967545639,2.716568544995795,2.709094818318641,2.7270718232044198,2.760973390948374,2.7736549165120596,2.7675624705327677,2.7852104110921916,2.797825012357884,2.7798553976564446,2.8361290322580643,2.8340713727533213,2.816337426588361,2.8943758573388205,2.8248433669299917,2.8479417530103612,2.918840579710145,2.852796290930165,2.8752580359775877,2.9090084643288994,2.908812729498164,2.9194902082685736,2.9262062440870387,2.9385403329065305,2.9348460291734195,2.9310924369747897,2.9403087478559176,2.976529160739687,3.0080704328686716,3.013447889428465,3.0242282141461505,3.043735224586288,3.008771929824561,3.046790890269151,3.0954409884959526,2.9911016949152542,2.994420600858369,3.077413479052823,3.0619180633147116,3.0377268385864373,3.0317933432687525,3.0511892450879006,2.9707641196013292,2.938725490196078,2.906515580736544,2.975454001197366
1100.0,70.0,3.43263907197469,3.441895830693195,3.7335785601681555,3.9666203059805287,4.136913767019667,4.260444547887816,4.336856460961473,4.363201911589008,4.3454486973303315,4.298869820008372,4.2272488164124145,4.1412973667308925,4.06221198156682,3.967828418230563,3.889631075942863,3.811852369309582,3.730819245773732,3.6688453159041394,3.5855367951576937,3.5168676804754413,3.4520390580126366,3.2468427095292767,3.056756756756757,2.8698334361505244,2.7065105063727177,2.5739689746500187,2.4696969696969697,2.388235294117647,2.3290559120073326,2.287422285987566,2.260587942202292,2.2469973890339427,2.2353887399463805,2.2310668877833058,2.2298524404086266,2.2288528389339515,2.2384708737864076,2.2385600976205002,2.2452948557089085,2.253229974160207,2.2582128777923787,2.2676630434782608,2.272601794340925,2.279774489076815,2.2866379310344827,2.2928257686676425,2.3,2.3067577828397874,2.3131782945736434,2.3270645952575633,2.338099243061396,2.3504795117698345,2.3597122302158273,2.3693444136657433,2.378167641325536,2.3850687622789786,2.3897841289145636,2.394720301697046,2.3976545842217485,2.400088319717377,2.4019278188746918,2.401583973911018,2.399903811470482,2.3957553058676653,2.3879231473010063,2.380629408572979,2.298055347793568,2.242884708152436,2.216589861751152,2.2645536869340233
800.0,10.0,2.856445993031359,3.3863636363636362,3.4873821830343568,3.5293768545994064,3.508172203824378,3.436482084690554,3.3189655172413794,3.1766454352441613,3.028521536670547,2.902621722846442,2.793507664562669,2.7128486985377993,2.659067116435966,2.6135648672455014,2.586930050060885,2.5677808061971024,2.552521008403361,2.550632911392405,2.5420408163265305,2.5440677966101695,2.5506429452175445,2.5552871213529085,2.574451410658307,2.594176338831195,2.615838247683235,2.6381035232709875,2.66024204392649,2.6790633608815426,2.6961817755914734,2.710570269625388,2.724171539961014,2.7389014296463507,2.747839349262837,2.7569246699456382,2.7650618258353066,2.7730420884389986,2.782680639823497,2.7869757174392937,2.794481981981982,2.802589928057554,2.8078602620087336,2.8151135005973718,2.820791779993956,2.826327094200675,2.832503113325031,2.8377012946005684,2.8436899423446507,2.8491239454899415,2.85459940652819,2.866185070519436,2.876317638791286,2.885518237630914,2.8941916389197186,2.90192380233874,2.906545741324921,2.9129057798891527,2.9155501421031262,2.9178482068390323,2.9192389006342494,2.91644908616188,2.915015411712902,2.9091322126306225,2.90205223880597,2.888888888888889,2.872063968015992,2.856259659969088,2.6904290429042903,2.565778853914447,2.4818266542404475,2.371230567522008
1100.0,60.0,3.6236282979220173,3.6236534494613797,3.951766953199618,4.230279898218829,4.44839609483961,4.624796968056308,4.752681287017769,4.828054298642534,4.851272615762036,4.837545126353791,4.782894736842105,4.709857408555487,4.632516703786192,4.536796536796537,4.452642073778664,4.36045197740113,4.264241505620816,4.186177715091678,4.084507042253521,3.995243757431629,3.9103756043138715,3.6473214285714284,3.402522333158171,3.1604197901049473,2.947438901908269,2.7729610580455546,2.6343787217149663,2.526582278481013,2.445969884853853,2.389017074296262,2.350767754318618,2.3291520321123933,2.3112139917695473,2.3017469560614083,2.2967986977753663,2.2944106253458774,2.3,2.2984901277584204,2.304114490161002,2.31023911710607,2.313200498132005,2.3221864951768487,2.3272370999346834,2.33311125916056,2.3385345997286295,2.344851416724257,2.351161154116819,2.356223175965665,2.3627737226277374,2.375096079938509,2.3846761453396526,2.394930498773508,2.4047217537942664,2.411408815903198,2.4215328467153285,2.426078971533517,2.429924242424242,2.4330400782013686,2.43681592039801,2.436966141813317,2.4381330270439596,2.436064152579107,2.4329459097004915,2.426104091804799,2.416969696969697,2.4085480829666874,2.3157894736842106,2.2562735953808573,2.2290177389462538,2.2740213523131674
500.0,30.0,3.7556154537286615,3.4475714934180663,3.4420998455995884,3.447584686309882,3.472740578119283,3.506649778340722,3.5030340429908464,3.428305977082688,3.2902391725921136,3.1204886174347584,2.967479674796748,2.8467009087317265,2.7578435704816617,2.704934049829018,2.675227394328518,2.6496598639455784,2.635980746089049,2.6318822023047375,2.6211717709720372,2.6203508771929824,2.618035190615836,2.6036106750392465,2.5956375838926173,2.5929203539823007,2.5925925925925926,2.5961352657004833,2.6007944389275073,2.6071794871794873,2.616346867380473,2.6233597223728444,2.6307063114844698,2.6414014197389513,2.648396501457726,2.653782700919161,2.6661770106500184,2.672029702970297,2.681933842239186,2.6924590163934425,2.6941115164147993,2.704191295002687,2.716359575656058,2.7206703910614527,2.7290865042040755,2.738862837045721,2.745651850750706,2.753140608445588,2.7608494921514315,2.766990291262136,2.7745113618306054,2.791121417922809,2.8025802070955694,2.8179727578277025,2.8304307974335474,2.8408239700374533,2.8534856242615203,2.8597014925373134,2.8663706096083974,2.873684210526316,2.8779322328410077,2.8815391266753134,2.883771929824561,2.8875379939209727,2.8862275449101795,2.8842364532019706,2.879527356794246,2.8739946380697052,2.8324514991181657,2.8047598060819743,2.7902313624678667,2.8383690890710995
10000.0,60.0,2.10655090765588,1.9270935960591133,2.0906976744186045,2.1075550891920254,2.0619396903015486,2.0009236808682602,1.9440602428154294,1.8948296122209165,1.8523717328170377,1.8161657426320397,1.7855662983425415,1.761061946902655,1.7401574803149606,1.7238648363252376,1.7102747909199523,1.6993947545393409,1.6902788244159759,1.6838111298482294,1.6773283160865475,1.6727883303599538,1.6697870348701147,1.662058371735791,1.6593340060544903,1.6596872515239862,1.6636615811373092,1.6701216764308247,1.679814385150812,1.6910029498525074,1.7015755329008342,1.7111008963456678,1.7184643510054844,1.7229038854805725,1.7245667686034658,1.723110465116279,1.7191331622469348,1.7125748502994012,1.7041602465331278,1.6940760389036251,1.687531806615776,1.676605504587156,1.6692556634304208,1.6625454545454545,1.6569814366424536,1.654643823264202,1.6471734892787524,1.6449615713065755,1.6473920226575407,1.6459390862944163,1.6489581895956948,1.6521601519227727,1.6557990379476215,1.661575084308669,1.6695383256019438,1.6775291828793775,1.6836440010501443,1.695174804969662,1.700734394124847,1.7077122488658458,1.719298245614035,1.7285981308411216,1.7356276886976927,1.7516226741670273,1.7691938579654511,1.7831074035453598,1.7947131608548932,1.8062953995157385,1.8463584288052373,1.8521764534034473,1.8497323241646666,1.7692797960484385
3000.0,70.0,32.9974313376803,29.869109947643977,26.178767717674283,21.669698807357996,17.793159609120522,14.452222611130557,11.438326931284678,8.911968348170129,7.027328499721138,5.806206459784674,4.881320224719101,4.264385692068429,3.919510061242345,3.592557251908397,3.4423972892842016,3.326364692218351,3.2120908064718425,3.174141749723145,3.080088170462895,3.013134989713562,2.9577705590699264,2.753734201455381,2.6045912894228707,2.4438727782974743,2.3396416855917233,2.25264012997563,2.202250432775534,2.1397326852976915,2.09575142675967,2.0444957152274226,2.0305736860185504,2.071583514099783,1.9925705794947994,2.0084517864003075,1.9647664291369755,1.9330628803245435,1.9708154506437767,1.9546436285097193,1.957066189624329,1.9080779944289694,1.9079259610821073,1.9281466798810705,1.9128672745694022,1.9098958333333333,1.897860962566845,1.91602634467618,1.8246899661781286,1.8204387990762125,1.9036860879904876,1.8638977635782747,1.8641810918774966,1.8475524475524476,1.8551572787125092,1.810318664643399,1.8429617575264443,1.8085808580858085,1.7963917525773196,1.8093106535362578,1.8507326007326008,1.8788167938931297,1.7883495145631068,1.8139393324540936,1.818659382223156,1.8398599868737695,1.857848203008382,1.8340298507462687,1.895847515316542,1.9362279511533242,1.9642955992250208,2.150293255131965
300.0,40.0,4.6138211382113825,4.833138856476079,4.805136795086544,4.710185082566774,4.642635177128652,4.600886917960088,4.529813664596273,4.384541062801932,4.179872115651932,3.9515084212474556,3.7514572161342974,3.5882515932391246,3.4859722670106414,3.4151217739003994,3.3792407108239098,3.358940397350993,3.3487155090390104,3.352366255144033,3.3509536784741143,3.350776308223117,3.3561893203883493,3.357046070460705,3.3523738872403555,3.343499197431782,3.3228813559322035,3.3123312331233126,3.2984934086629,3.2861328125,3.284328739152629,3.282571912013536,3.280859841493866,3.285296104480973,3.2873880082701583,3.295292439372325,3.3035823450299544,3.3103965970223945,3.318822023047375,3.326384364820847,3.343801201529219,3.3479392030672326,3.3600562587904363,3.3739483608935306,3.3823745770192732,3.4014127764127764,3.4009998485078015,3.4141037589313457,3.4356629653821034,3.4442431230439796,3.460685655807607,3.484740951029099,3.50558915154847,3.528631020098597,3.5546719681908554,3.5780958307405104,3.5949797915337163,3.6189402480270574,3.628682347567938,3.64058509403297,3.65609756097561,3.664064467388567,3.670145075082718,3.680021225789334,3.687447581772435,3.68892743567505,3.6908328340323546,3.689290161892902,3.6627218934911245,3.6481149012567324,3.643165467625899,3.665870171246515
15000.0,30.0,1.8603667136812412,1.5110759493670887,1.4770952628839147,1.4696274545788217,1.4662112710417174,1.46342219466832,1.4596866641192205,1.454377880184332,1.448332422088573,1.441101152368758,1.431851851851852,1.4231096006796942,1.4135265700483093,1.404102116517565,1.3942366646229307,1.3846153846153846,1.3762087490406754,1.36782593798184,1.3597094801223242,1.351962457337884,1.3446058585377472,1.3280856423173804,1.3146443514644353,1.3025069637883009,1.2937685459940653,1.2858546168958742,1.2813388472473508,1.278039744021556,1.2762814943527367,1.2757760532150777,1.2764170748775368,1.2776563183209444,1.279913373037358,1.2832446808510638,1.28582995951417,1.2901960784313726,1.293327045508135,1.2980253878702397,1.3024504867405169,1.3067752831313333,1.3116518483855872,1.3167991230474103,1.3218390804597702,1.3275415896487985,1.3331916702082447,1.3386705482775352,1.344523940561365,1.3506815365551426,1.3559556786703602,1.368020304568528,1.3798994974874372,1.3895666318113165,1.3979484481851656,1.4045042410061421,1.4083493282149713,1.4101765316718589,1.4105849582172703,1.411007721243318,1.4107142857142858,1.4101198402130493,1.4100350058343056,1.4099410709710478,1.4099136730715678,1.4094181163767248,1.4085541015001597,1.4076196898179367,1.3976502485314053,1.3915525114155252,1.3864090606262491,1.3688109161793374
35800.0,60.0,1.8534675615212528,1.424941360437842,1.3712316968130922,1.3374636683493957,1.315659679408138,1.308199121522694,1.3105398457583548,1.3192227619708536,1.3330300272975433,1.348144701640107,1.365686845168801,1.3818084727661089,1.3973481608212148,1.4106962663975782,1.422907488986784,1.4329165258533287,1.441017733230532,1.4487740805604203,1.4549950544015826,1.4596100278551531,1.463949843260188,1.4706375838926173,1.470522554711925,1.4639692852923805,1.4473076923076924,1.4257008186554205,1.3963032581453634,1.3616279069767443,1.3270142180094786,1.2911464245175936,1.255489021956088,1.2248062015503876,1.1954225352112675,1.172406888265919,1.151861821444594,1.1349275182753067,1.1213150387175654,1.109836788707543,1.1041972889106646,1.0955654864214506,1.0909931570186795,1.088194306191519,1.084206116464181,1.0840145322434152,1.079080459770115,1.0779504613890238,1.0795574288724974,1.0777173913043478,1.0781655610037497,1.0770911360799,1.0760760760760761,1.0754448398576513,1.0762418174817097,1.076827757125155,1.0759548611111112,1.0787850023730423,1.0774889651790094,1.0764525993883791,1.0783664459161149,1.0795787009947337,1.0790585395292698,1.079155672823219,1.081021897810219,1.0802517702596381,1.0805084745762712,1.0812785388127855,1.1000831255195345,1.1146907216494846,1.128663330950679,1.141492700231955
1700.0,10.0,2.449275362318841,2.8786206896551723,3.0043290043290045,3.1206533192834565,3.255877034358047,3.3761440803070566,3.444954128440367,3.4185733512786003,3.296708391284191,3.108433734939759,2.8991097922848663,2.7062937062937062,2.550348953140578,2.431411751638343,2.3410439626983166,2.2738513601457764,2.2211458621644065,2.1819254017396434,2.1437384330660088,2.1163849154746424,2.0922654776196192,2.033295922184811,1.9890732496964791,1.958170784568704,1.936330442720219,1.9239260859131269,1.9164171656686626,1.9135064935064936,1.9128686327077749,1.9139605883985567,1.9156935346055255,1.917075989598382,1.9222188724751281,1.923992673992674,1.9289772727272727,1.9326642926513435,1.9367340178867174,1.9383538820393202,1.942517006802721,1.9495738636363635,1.9525521207764198,1.9567131327953045,1.960403436682854,1.9646387832699619,1.9681800543267365,1.971830985915493,1.9801898472967396,1.9832285115303983,1.983910891089109,1.9956043956043956,2.002250225022502,2.0102803738317756,2.016267942583732,2.023453093812375,2.029989658738366,2.033808769149498,2.0377255330781847,2.039820527201346,2.04296875,2.0449374288964735,2.043975903614458,2.0431565967940815,2.041191381495564,2.0383365821962314,2.0329744279946165,2.026148409893993,1.9688972667295004,1.9353299128982222,1.9272009029345372,2.018414481897628
27500.0,90.0,1.6875,1.3080288214101905,1.2879484820607177,1.2775086505190312,1.2640776699029126,1.2579441657017882,1.2602401710807698,1.2718865598027127,1.2917403384693105,1.3182235834609495,1.3476347634763477,1.378413524057217,1.4075949367088607,1.4339181286549707,1.4578313253012047,1.47869101978691,1.4974182444061963,1.5140640155189138,1.529899607158446,1.5446855461566753,1.5585846069117444,1.5913443830570901,1.6215149272144092,1.6488095238095237,1.6699029126213591,1.6842413591095489,1.6900539707016191,1.6835557339219425,1.6686084142394821,1.644213306917616,1.6097256857855362,1.5712062256809338,1.526600828289264,1.4827050136027984,1.4382600561272216,1.3953359244863965,1.3559322033898304,1.3190045248868778,1.2932396839332747,1.2627952755905512,1.2412645590682196,1.224553128103277,1.208055517757518,1.1989726544795287,1.1841057493231406,1.1772086627707117,1.1757621377493415,1.1699009900990098,1.1687513249947,1.1649508656995788,1.1623953311342299,1.1604803493449782,1.1617864537119196,1.1625912988250238,1.1619812583668006,1.1662431941923774,1.1642184557438795,1.1627450980392158,1.1663157894736842,1.1674811195024433,1.1656723267553923,1.1646706586826348,1.1662110442864952,1.1653958944281524,1.165097300690521,1.1656606304493629,1.204124625789999,1.2336314276588949,1.2599710684025627,1.3079633544749822
6000.0,20.0,2.529097704217832,2.4701907790143083,2.7933333333333334,3.08214199176157,3.365570599613153,3.618556701030928,3.77407126611069,3.7963070491232145,3.7284234752589183,3.6414378209421745,3.533791523482245,3.4564672160515943,3.4234033050468957,3.397223705285638,3.403339755940912,3.4155942467827405,3.424083769633508,3.4440933645907656,3.4394613716763667,3.4368156640474044,3.4301481266337497,3.350071736011478,3.2489082969432315,3.1261192120746992,3.001468428781204,2.882548108825481,2.7756457564575645,2.679806918744972,2.598530682800346,2.5282758620689654,2.470933072789448,2.424163179916318,2.3826891671203048,2.3494868871151655,2.3210682492581602,2.296319018404908,2.2770847012475377,2.26046511627907,2.244968771686329,2.233841684822077,2.2219730941704037,2.2125984251968505,2.2042139384116695,2.196308724832215,2.189071986123157,2.1820627802690584,2.174235403151066,2.167304015296367,2.1617063492063493,2.1472792440534376,2.1354883081155434,2.1235474006116206,2.1123653821201507,2.101528384279476,2.090976882923192,2.0819996951684194,2.07556270096463,2.068906992532247,2.0647985989492117,2.062407680945347,2.0591021026709604,2.056281407035176,2.0536091177712117,2.0546265328874025,2.058277830637488,2.062233375156838,2.1365711913657117,2.2099447513812156,2.2636655948553055,2.5359561431796194
1400.0,90.0,3.2132396016403044,3.181086519114688,3.440528015728128,3.643939393939394,3.794167371090448,3.9016722408026756,3.958982607821454,3.9555555555555557,3.8965584289325297,3.81169324221716,3.6959949542731,3.580547112462006,3.4811827956989245,3.377880184331797,3.2991304347826085,3.222724338282763,3.15024805102764,3.0967993754879,3.026936026936027,2.967242948134668,2.9163385826771653,2.7458550987962753,2.5968138842118895,2.454728370221328,2.336785938480854,2.2425474254742546,2.1703743895822027,2.1169969512195124,2.077121844563705,2.0499071973602803,2.032734274711168,2.024597495527728,2.01717032967033,2.014605418138987,2.0137614678899083,2.0145320197044336,2.0208816705336425,2.02071465561885,2.025818472185254,2.0315154836941627,2.0356744704570793,2.042363112391931,2.046572934973638,2.05234819024828,2.057029582189692,2.0625,2.0675118858954042,2.0725806451612905,2.078444297956493,2.0908458057779327,2.0999641705481906,2.1084695393759287,2.117805065234075,2.1252955082742315,2.133638634471274,2.1389005455308436,2.1433521004763967,2.1481647269471797,2.1507972665148065,2.1522866572371524,2.15414073719483,2.154572564612326,2.1532547411583804,2.149920255183413,2.1450806003335186,2.138824884792627,2.078740157480315,2.043913791358899,2.0388466642538305,2.136437908496732
6000.0,60.0,2.4516765285996054,2.4123764950598026,2.7053482763512555,2.919940915805022,3.060922063666301,3.1102873030583873,3.0793423874195853,2.989019926799512,2.8840381991814463,2.747816975200838,2.6694323144104803,2.6039445628997866,2.5171319796954315,2.505643340857788,2.490699734278122,2.45131845841785,2.4523477452347744,2.4401277275146356,2.4398265809538047,2.448806904721611,2.4401368301026225,2.44319018404908,2.440464970153943,2.440898345153664,2.434740417273168,2.4208675263774913,2.3807560137457044,2.363275039745628,2.358695652173913,2.335751713018944,2.2968353732495315,2.278311640919596,2.264003133568351,2.215932624603065,2.2520630157539383,2.2255379299513116,2.1792294807370185,2.2483940042826553,2.151257463361679,2.159353348729792,2.2233691164327003,2.126810833508293,2.1392543859649122,2.1638888888888888,2.1493537577788415,2.1467296692365085,2.1399845320959012,2.1409467772131587,2.1209944751381213,2.084583083383323,2.072969543147208,2.087912087912088,2.099188790560472,2.081624758220503,2.0688344594594597,2.074815137016094,2.0251685393258425,2.050626808100289,2.089984748347738,1.9831804281345566,1.9853172522286313,2.057836899942163,2.042270531400966,2.0253164556962027,2.0297297297297296,2.056998556998557,2.117758784425451,2.1867881548974943,2.2317184643510055,2.5137867647058822
1700.0,50.0,3.0382543103448274,2.9773462783171523,3.2257894736842103,3.4236311239193085,3.5757775218035213,3.692390139335477,3.746169772256729,3.723867069486405,3.634471273938385,3.514488791689448,3.3610694311826492,3.2142857142857144,3.110213502596653,2.990409764603313,2.9243203526818515,2.8675873273761168,2.81060382916053,2.786198000644953,2.735446090251464,2.6983715766099188,2.6660039761431413,2.5430374042361423,2.441459706031424,2.324068927181768,2.2352587244283995,2.1574193548387095,2.106237148732008,2.050359712230216,2.0119760479041915,1.970565453137103,1.9606741573033708,1.9941373534338358,1.9392123287671232,1.9568661971830985,1.9305680793507665,1.9144434222631095,1.9538017324350336,1.9477756286266925,1.9582504970178927,1.9302016170299867,1.9381700843135214,1.9644588045234248,1.96035483517687,1.9666629376887794,1.9650804519000342,1.9883585564610011,1.9223462360484445,1.9262394195888755,2.0012360939431395,1.9866596913418781,2.0,1.999720123145816,2.0188133140376268,1.9889913716155907,2.0308564231738035,2.003174603174603,1.9967213114754099,2.011192131592335,2.0593820127740377,2.089365504915103,1.9974600870827286,2.0210962516481445,2.021751796465333,2.039871123640757,2.050515680909282,2.013961605584642,1.9880454273759713,1.9761354888375673,1.9866543948458353,2.1205711263881546
5000.0,80.0,2.741577567076861,2.5133982947624847,2.742948998977057,2.9084122882572494,3.0160955347871234,3.0780017528483787,3.075975359342916,3.014429729195493,2.9244777718264596,2.8423817863397547,2.765426695842451,2.709246392303581,2.6774821544451655,2.654988575780655,2.6448430493273545,2.642196111053343,2.640123237350397,2.637542662116041,2.6340645947592933,2.6267123287671232,2.6168943621319993,2.5891136801541426,2.5468097793679187,2.5016065690824707,2.455420678107995,2.4101204819277107,2.3700272479564033,2.3343373493975905,2.3051735428945643,2.2800844475721322,2.25923134890731,2.239448051948052,2.225148683092608,2.2109025915996425,2.1998132586367882,2.189922480620155,2.1775283234591,2.17111509652917,2.1618637517941925,2.1529384544192505,2.1460097817010615,2.136032185064119,2.1287064612197333,2.1210088543064125,2.112930077691454,2.104432649548128,2.096989470562064,2.089643567385651,2.081218274111675,2.061015773964292,2.0478626233101935,2.0326784672242755,2.0168793742280773,2.0038876889848813,1.9896543616270868,1.9808015358771298,1.971990915972748,1.9633368756641871,1.9581509846827134,1.9534081104400345,1.9499411071849235,1.9455337690631809,1.9430338541666667,1.9434931506849316,1.9465648854961832,1.9507445589919816,2.027710843373494,2.098360655737705,2.1408763172490293,2.386770428015564
35800.0,20.0,1.8739565943238732,1.4251547552054025,1.3691603053435115,1.3370967741935484,1.3163793103448276,1.3111196221115793,1.3152991759226085,1.3262342691190707,1.3420216147488875,1.3602281988590057,1.3791517629024017,1.3979912115505335,1.416036308623298,1.4327956989247312,1.447106832688082,1.458786560309403,1.470303198117126,1.4802019245937845,1.4887258410880457,1.4965559157212318,1.5035509736540664,1.5181846440783338,1.527157894736842,1.5301478953356087,1.5259146341463414,1.514875531268974,1.4947089947089947,1.4684684684684686,1.438793103448276,1.4051515964582775,1.3697148475909537,1.3362376237623763,1.3036551077788192,1.275330396475771,1.250637755102041,1.2301529497450838,1.2123456790123457,1.1972477064220184,1.1893178759962737,1.1791128579449748,1.1734153846153845,1.1700726001613337,1.1658016147635524,1.1662472475621264,1.1600326264274061,1.159450530342549,1.1626767200754005,1.160503540519276,1.1621678175350492,1.1618219272144656,1.1607804396147197,1.160392364793213,1.1620768789443487,1.1635355712965814,1.1627680311890838,1.1675485008818343,1.1653225806451613,1.1640535372848948,1.1685855263157894,1.1699261190786614,1.1677158273381294,1.168384879725086,1.1705342687533729,1.1695702671312427,1.1696818465377417,1.1705685618729098,1.197815948128768,1.216148023549201,1.2332960893854747,1.2504132231404959
15000.0,70.0,1.8639391056137011,1.514181007010835,1.4813034188034189,1.4750095383441435,1.4723076923076923,1.4704336399474376,1.468189233278956,1.4648862512363996,1.4592426566002124,1.453335182360283,1.4462703399387788,1.438125231567247,1.429778247096093,1.4211281070745698,1.4126984126984128,1.404345202172601,1.3958825514681066,1.388763197586727,1.3808922558922558,1.3734147487083137,1.366211962224554,1.3504510756419152,1.336405529953917,1.3240888452570867,1.3133257217419672,1.304422869471413,1.2966317577129918,1.2904411764705883,1.2853094000944734,1.281512605042017,1.279788838612368,1.2774133083411434,1.2762278072400277,1.2760900140646976,1.276284450493365,1.276382935292917,1.2771289537712895,1.277857759861791,1.2798367902074124,1.2800476001586671,1.2810336871250576,1.2824345969033635,1.2835272504592774,1.2861150070126228,1.2850393700787401,1.2881205673758864,1.2908366533864541,1.2912813738441216,1.2945613821632802,1.2972270363951472,1.3001669449081803,1.3028129129696053,1.3066694807935837,1.3088542877062515,1.3083877448518333,1.3114082969432315,1.3085383502170767,1.3063035495716033,1.3089005235602094,1.3087573554863274,1.307163531114327,1.3067460317460318,1.30859375,1.3088441740758072,1.309,1.3111702127659575,1.3302180685358256,1.3404936486626047,1.3479075577763897,1.3458015267175574
3000.0,30.0,3.005128205128205,2.738444193912063,3.0646964856230032,3.3088882370196537,3.4633899163921966,3.5506461025427263,3.5412070084360803,3.4297912713472485,3.2471939441399114,3.0672630311371063,2.867568147671174,2.70703933747412,2.6188423645320196,2.507908611599297,2.476305220883534,2.4540126239855726,2.423535253227408,2.428412874583796,2.403351286654698,2.3842139595564253,2.3672597864768683,2.291222313371616,2.238721804511278,2.1631205673758864,2.121592334892209,2.083281848511059,2.0691940615058324,2.034207205944203,2.0114520628395245,1.9761394921994493,1.9725502713054581,2.0208473436449226,1.9478050466643622,1.9692362725809336,1.9295982307408772,1.902512752692235,1.9408354987007794,1.9271629778672033,1.931444050843926,1.8832432432432433,1.8852277753206546,1.9055863342566943,1.8916686334670758,1.889589905362776,1.8776781265570504,1.8974162189818369,1.8059348739495797,1.8027448869752423,1.885595567867036,1.8469326980345444,1.8470369221222465,1.8317574176719922,1.8386766712141882,1.7957522123893805,1.828018223234624,1.7936874518860662,1.7807615230460923,1.7936507936507937,1.835042735042735,1.86286731967943,1.7746031746031745,1.8,1.8046146293568974,1.8251533742331287,1.8447905477980666,1.8201117318435753,1.8832,1.925498986017718,1.9557243908828923,2.1518453427065025
22500.0,80.0,1.5453277545327755,1.3072529982866934,1.2794973950352437,1.2606268784886216,1.246013667425968,1.2377167630057804,1.2330357142857142,1.2322531700444348,1.2339097646599921,1.2378011117974057,1.2439113049800072,1.251165748198389,1.2603579308654083,1.270042194092827,1.2807186397176773,1.291332847778587,1.3028430160692213,1.313953488372093,1.325813221406086,1.3370786516853932,1.348,1.3763537906137184,1.4023494860499266,1.427788844621514,1.4497532525796322,1.4676497141137526,1.4804156674660272,1.487408184679958,1.4884196185286103,1.4829694323144105,1.4734861064983948,1.460330693344449,1.442721791559001,1.424936386768448,1.4055311449987076,1.3854556803995006,1.3657442034405385,1.3462050599201065,1.3303477344573236,1.3104715248009797,1.294953802416489,1.28009828009828,1.266046511627907,1.2562175891628744,1.2412750116333178,1.233079798891324,1.2290590935169248,1.2215160440241823,1.2183074848280513,1.2107588856868396,1.2049914675767919,1.2010249242953646,1.1996448503297819,1.1988527724665392,1.1967639410574977,1.1996268656716418,1.1969549724651765,1.1948665991219183,1.1968390804597702,1.1968325791855203,1.1940763834762276,1.1920808761583825,1.1922374429223743,1.1899659035557721,1.1889233954451346,1.1886999451453648,1.2141666666666666,1.2315550510783202,1.246177584513957,1.2705464238116393
10000.0,20.0,2.130135018672795,2.0850043591979075,2.5554259043173864,2.7997827661115133,2.919761273209549,2.9731194450466076,2.9772837119381346,2.94104609929078,2.8817946505608285,2.8111863199144995,2.739000427167877,2.665670154459392,2.6124785346307955,2.5582901554404147,2.5119825708061003,2.4813915857605178,2.4507168458781363,2.4233432245301683,2.4020461471484547,2.379244380679101,2.3592704369505313,2.321664464993395,2.28583281476872,2.2598281697474616,2.2377075871051773,2.2239350912778906,2.2156469408224675,2.205647636586863,2.19910514541387,2.192825112107623,2.1813333333333333,2.164649520927887,2.144436256448047,2.131822863027806,2.1019234582589728,2.0816280127330606,2.051023051023051,2.015807962529274,2.030252659574468,1.9852452969383991,1.9564323879983558,1.965344277245782,1.946526736631684,1.9518805309734513,1.912042502951594,1.914047466324567,1.9492242595204514,1.937452901281085,1.9624489795918367,1.9617893755824791,1.9796475031472933,1.9763077644851044,2.0034224035803607,2.0494441193680517,2.019445329933057,2.1135758651286602,2.1243130566609816,2.0938701193607123,2.1398230088495573,2.221192682347351,2.2280570142535634,2.212885154061625,2.291863022306001,2.327473285074112,2.328705440900563,2.3327902240325864,2.5558912386706947,2.599864590385917,2.589208006962576,2.5926133184107445
500.0,70.0,5.807916937053861,5.296098467254993,5.3506884681583475,5.366101694915254,5.326032852165256,5.257638888888889,5.18785046728972,5.132320509679,5.090309407884404,5.057154119038234,5.043838285435948,5.0325443786982245,5.019414048711613,5.008312551953449,5.014577259475218,4.994407158836689,4.97319719208679,4.962264150943396,4.92734693877551,4.904499540863177,4.871531346351491,4.732285562067128,4.515151515151516,4.229249011857707,3.9227642276422765,3.5540905004495054,3.1886857537081754,2.877020102483248,2.5955947136563875,2.362227602905569,2.1747114375655823,2.0418098510882015,1.9288321167883211,1.8611473272490222,1.8060013956734124,1.7623906705539358,1.749607535321821,1.7192839707078926,1.7078464106844742,1.7141585040071239,1.7160377358490566,1.704265402843602,1.7114624505928853,1.7302237630003152,1.733132140547532,1.741748438893845,1.7494252873563219,1.7591933570581257,1.765421584134323,1.7926509186351707,1.8111753371868977,1.8171346292296617,1.8507046616075575,1.8621794871794872,1.8795963742089958,1.910736691163291,1.9083831251131633,1.9287776708373436,1.9578387228817027,1.9664194478780388,1.9815208156329651,2.00953488372093,2.0342801175318317,2.0581095041322315,2.0795923987882126,2.100704638872578,2.2595108695652173,2.3676286072772896,2.4365203761755487,2.592
800.0,40.0,2.9359214218896166,2.9476093591047814,3.120137299771167,3.284324563342914,3.4490413723511604,3.607773851590106,3.731360946745562,3.7821596244131457,3.740030782146355,3.624779455008822,3.4547319825596308,3.277337559429477,3.130418394270637,2.9991438356164384,2.9057867049258728,2.8320251177394034,2.768971332209106,2.7299757281553396,2.6824281150159743,2.6484110885733605,2.6227630637079455,2.544313725490196,2.48932536293766,2.448495897903373,2.420038535645472,2.4060759493670885,2.399407030919102,2.397147558968733,2.3994577496610936,2.402876029224168,2.4096385542168677,2.419255042692736,2.425349628323044,2.4332344213649852,2.4404056367707097,2.447449457758736,2.4594972067039107,2.4625507489850205,2.4709260588657576,2.4800826202419595,2.4853932584269662,2.4949729311678266,2.501570351758794,2.5084094185487746,2.5146866840731072,2.5203657522859517,2.52710027100271,2.534022394487511,2.540017590149516,2.5542973825877113,2.566354783272866,2.5771971496437054,2.585325975883916,2.595467897608057,2.6036815258372146,2.6100558659217876,2.6142131979695433,2.6192748091603053,2.6226323457989316,2.625754527162978,2.6251276813074567,2.6252653927813165,2.623013698630137,2.618600682593857,2.6120202320737875,2.6052469135802467,2.544842105263158,2.514516129032258,2.5149776927979604,2.6174779071398513
1100.0,20.0,2.5496706192358367,2.9063463378335284,3.0252293577981653,3.1262386902197328,3.237082066869301,3.34526396523073,3.4165813715455475,3.4169764560099134,3.3411091549295775,3.2102473498233217,3.0442151805453204,2.8879159369527145,2.7609765899728727,2.6563364692861096,2.5846079730217992,2.529313232830821,2.484725050916497,2.458591387008498,2.4275037369207775,2.408303418136413,2.393148450244698,2.3530437816152103,2.3314711359404097,2.3185286636666014,2.3141339869281046,2.317176870748299,2.32363315696649,2.333711691259932,2.341860465116279,2.3496553363441883,2.3591429267104944,2.370379683178275,2.377233282286881,2.3855170617348267,2.3931601272534464,2.399731182795699,2.41015625,2.414245810055866,2.4213531258920926,2.428988895382817,2.434872705743043,2.4421789409616554,2.4471494607087827,2.4531494829207143,2.4590894619547914,2.4642741674749433,2.469950738916256,2.4745254745254743,2.479837343273467,2.491302804401846,2.499455139847439,2.507675028079371,2.51518646674356,2.521209740769835,2.5259686727122834,2.531483015741508,2.5334184759472116,2.5354951796669587,2.534904401956425,2.53348623853211,2.532992565055762,2.5281114848630466,2.5212450592885376,2.5107252298263534,2.4978700745473907,2.484581497797357,2.3516886930983847,2.262962962962963,2.2179753194277603,2.228989612842304
1100.0,30.0,2.7518053971873813,2.8499170812603647,3.059098257589366,3.2352145995268673,3.398802395209581,3.545869234668018,3.642167294156163,3.651151151151151,3.5624325296869377,3.4069369809477283,3.209577114427861,3.017280240420736,2.864793678665496,2.737463126843658,2.650576212220048,2.5825861255309106,2.5280120861135593,2.4922244759972956,2.451091579245818,2.4226110363391657,2.398989898989899,2.3302973019419144,2.2833178005591797,2.2473246135552913,2.224775433465636,2.215162138475022,2.211573650503202,2.211834319526627,2.214164030177659,2.218866982780135,2.2251282051282053,2.2345908607863976,2.2405405405405405,2.2473742399115535,2.254227733934611,2.2605210420841684,2.2709388971684055,2.275089605734767,2.2826552462526766,2.290646578782172,2.2964024196115886,2.304461942257218,2.3101497504159734,2.316271186440678,2.3225250086236633,2.328887328887329,2.335,2.3398621690243018,2.3461538461538463,2.359533073929961,2.369009584664537,2.378769103676167,2.3880851063829787,2.394943330427201,2.4023886081763894,2.407766990291262,2.4121010004764174,2.415929203539823,2.4172913543228387,2.4180878552971574,2.4177148846960166,2.4157608695652173,2.4115341545352744,2.4051073708647706,2.3953911461491812,2.3859208045254556,2.288412017167382,2.2257709251101323,2.195409836065574,2.2472865943091818
800.0,50.0,3.4801149976042165,3.4786206896551723,3.7580071174377223,4.006923409779317,4.21565025716385,4.395864106351551,4.540931705110809,4.637862796833773,4.693296602387512,4.713024282560706,4.693588937774984,4.649941656942824,4.601126231816049,4.528457519934012,4.4652491272611865,4.397981254506129,4.32258064516129,4.265976597659766,4.186080947680158,4.120670995670996,4.057953873447664,3.851983002832861,3.6536219816819315,3.44106463878327,3.2411739685240324,3.065044454843238,2.916560994166878,2.795727997836961,2.701010388501494,2.6315007429420505,2.5839913299272332,2.5567444876783396,2.5324459234608985,2.5201440082290416,2.512748373483383,2.50897343862168,2.514543066241321,2.512733446519525,2.5174418604651163,2.5239234449760763,2.529387920551277,2.5376884422110555,2.5425531914893615,2.5488493269648287,2.5536623146713873,2.5614430665163472,2.566046404778314,2.5730310820285114,2.5793366738248626,2.593152064451158,2.602952602952603,2.6137949543746646,2.6237184815738432,2.631683731513083,2.6404325623310303,2.6452784503631963,2.65010934083099,2.654504359057152,2.6562602694709168,2.6577067029601906,2.6580310880829017,2.656261212773592,2.6533333333333333,2.647963105303613,2.640273311897106,2.632763651521467,2.5620396600566573,2.5169430425378514,2.5051194539249146,2.592454239820695
500.0,60.0,5.680221417926336,4.837454499811724,4.832182813615805,4.820947246823257,4.773628938156359,4.721008403361345,4.674962204907548,4.654823126071373,4.663959390862944,4.699354838709677,4.759152215799615,4.831504702194358,4.913104744011273,5.005552470849528,5.102530824140168,5.19640179910045,5.2895189003436425,5.386875612144956,5.473287519397029,5.564182842830307,5.647025655483507,5.796534376746786,5.857212238950947,5.790784557907846,5.6031434184675835,5.285852713178294,4.877325581395349,4.450684931506849,4.032359905288082,3.643617021276596,3.3167155425219943,3.0669104991394147,2.8586266589728795,2.7087676272225627,2.6026315789473684,2.5175017158544954,2.4716322374163515,2.427332217318521,2.397588498995208,2.3911630929174787,2.3863247863247863,2.3715960013788346,2.374599786552828,2.386342549638152,2.3881728582259285,2.394010112796577,2.3989647620943657,2.4061990212071778,2.4126455906821964,2.43183817062445,2.446517979062358,2.4553890078515344,2.479619904976244,2.489465570400822,2.5043501903208267,2.5232396326189814,2.5230031047135193,2.5372072339163947,2.5542503863987633,2.5587144622991347,2.5655737704918034,2.5802511028164234,2.5903825903825908,2.5997815003641658,2.608346094946401,2.6155394524959745,2.6845372460496617,2.7387785136129503,2.770044052863436,2.8168143416443434
10000.0,30.0,2.1213363394138143,2.017018779342723,2.3003256081210495,2.3851525174568176,2.374027528426092,2.32396839332748,2.2634973721930245,2.2025822317860437,2.145979851739213,2.093251253989968,2.046524064171123,2.0077041602465333,1.9736749736749737,1.9457855164226356,1.9223946784922394,1.902125556104795,1.8862637362637362,1.8708891595615103,1.8597437626432907,1.8478747203579418,1.8391089108910892,1.8183747082537662,1.8041518710734772,1.7945109078114003,1.7897354736604114,1.7902805901070291,1.7950789570326846,1.8028624192059095,1.8125359401955146,1.821529745042493,1.82916307161346,1.834862385321101,1.8372179982550167,1.837973933649289,1.8348463687150838,1.829417773237998,1.82236998337687,1.8152918607837765,1.8089212274596647,1.8014362657091563,1.7965756216877293,1.792817679558011,1.7906378600823045,1.7911136757068666,1.7912988650693569,1.794853963838665,1.800308404009252,1.8043478260869565,1.8117001828153565,1.8279569892473118,1.843867981975399,1.8617460754613053,1.8813111697995961,1.900225186211675,1.918847174819871,1.937973086627418,1.9557761732851986,1.9741420976317061,1.993422783478032,2.0115753811405988,2.0292188431723317,2.0635664101706257,2.095505617977528,2.125102880658436,2.148479427549195,2.169409486931268,2.2221311475409835,2.2125938763720394,2.1857531890497346,2.0623159960745827
22500.0,90.0,1.5448079658605975,1.3070362473347548,1.2791640673736744,1.2609265734265733,1.2456546929316339,1.236590742101396,1.2334241598546776,1.2313967589019954,1.2336992461314642,1.2376315376158316,1.2436229205175602,1.2511317094201337,1.2600349040139616,1.269736842105263,1.2802610114192496,1.291111111111111,1.3024717218265605,1.3136234626300851,1.3248,1.3367408298256163,1.3477966101694916,1.3761467889908257,1.4022645265646385,1.4273417721518988,1.4489284085727314,1.4671153257877028,1.4796913078797724,1.4861407249466951,1.48719723183391,1.4818101153504881,1.4719442257955695,1.4590094539297305,1.4418401259401785,1.423805424020663,1.4044059795436663,1.3844205193160228,1.3644292756920744,1.3451845184518452,1.3288841430859584,1.3095533498759304,1.2937365010799136,1.279436152570481,1.264346190028222,1.2544150701059618,1.2404467960023515,1.2314706265468283,1.2271805273833671,1.2197871008140262,1.2164737916950306,1.2090362613922823,1.20314181192167,1.198966408268734,1.198055271238485,1.197245179063361,1.19493006993007,1.1975540921919097,1.195034302515518,1.1931198910081744,1.1952898550724638,1.1951312286040319,1.192685804168305,1.190395240118997,1.1897742975587287,1.1877149877149877,1.1869451697127937,1.187153931339978,1.2141652613827993,1.23046875,1.2450980392156863,1.2692480864475462
3000.0,20.0,2.9323529411764704,2.715048975957257,3.0358467243510505,3.2717293906810037,3.4201455381080046,3.497506234413965,3.4855351976856315,3.376140350877193,3.1900191938579656,2.983639315598851,2.7944608682122296,2.645294338207724,2.5413268679744325,2.4738986503692386,2.4300115207373274,2.4014762516046213,2.381490639350053,2.370167903162827,2.352965923432899,2.3392857142857144,2.325024925224327,2.271001150747986,2.2171353826030087,2.164843180160467,2.1221252973830294,2.0856898029134534,2.0573248407643314,2.034782608695652,2.0176238225463385,2.0012774111134766,1.988950276243094,1.9798847327381626,1.968174204355109,1.9602342034642595,1.9502233567326102,1.942645698427382,1.9345156889495225,1.9293890497862365,1.9233498935415188,1.9122727955535526,1.9066564651874522,1.9004881121083295,1.8939883645765998,1.887949610475717,1.882573818057689,1.8765133171912833,1.86792802819514,1.862160622745396,1.8607169529499628,1.8478747203579418,1.8395530255112797,1.8312958435207825,1.8236107908692645,1.8177159590043923,1.8124519600307456,1.809297411516112,1.8062465450525151,1.8054285714285714,1.8023952095808384,1.8017543859649123,1.8050688360450564,1.8056719303899451,1.8087304231922692,1.8121565934065933,1.817238912732475,1.8245746691871456,1.8784,1.9140239605355884,1.939810834049871,2.1317460317460317
35800.0,30.0,1.8678561471982158,1.4377733598409543,1.383119752540875,1.3483768804433887,1.3262941024980686,1.318567026194145,1.3208934895123945,1.3301258327165062,1.3440702781844802,1.3609541745134965,1.3788476716653513,1.3947623666343356,1.41184734254273,1.4271844660194175,1.4395657809462088,1.4510574583567284,1.460780111444492,1.469482421875,1.4768890119014668,1.4832550860719875,1.489038189533239,1.5,1.505798969072165,1.505190311418685,1.4958098955343817,1.4806879903439951,1.4572541382667965,1.427479033053774,1.3954993834771887,1.3607857952398943,1.3247165532879819,1.2924986508364813,1.2601880877742946,1.2354651162790697,1.213101160862355,1.1930970149253732,1.1764705882352942,1.1639606677338212,1.1571739408677844,1.1469661690179427,1.1418154761904762,1.1386602098466505,1.1345460785996224,1.1347266281022579,1.1286616886846639,1.1276163381426538,1.130396475770925,1.1282872170134919,1.129251700680272,1.1285034373347436,1.1272727272727272,1.1264822134387351,1.1276315789473683,1.1288386869043416,1.1278810408921933,1.1323886639676113,1.1301427371956339,1.1284965034965035,1.1324846770391326,1.1337325349301397,1.131958762886598,1.1323198198198199,1.1340782122905029,1.1337792642140467,1.1345323741007194,1.1344667697063369,1.159549952555239,1.1770726714431934,1.193458980044346,1.2071846282372596
15000.0,60.0,1.8609671848013818,1.5091116173120729,1.4765774378585086,1.4707692307692308,1.4680459770114942,1.4663915094339623,1.4644688644688644,1.4604444444444444,1.456609378315298,1.449962565510357,1.4433647570703407,1.435674954113132,1.427483821850019,1.4193061840120664,1.41072295002426,1.4025585193249863,1.394760889430399,1.3872065328342973,1.3799392097264438,1.3729316928298685,1.3658767772511848,1.3506900878293602,1.3369474562135113,1.3252610530993112,1.3145685579196218,1.3058869548210443,1.2986646122239343,1.2927236315086783,1.2881064834693001,1.2850901146914255,1.2820864790665751,1.2809564474807857,1.2799747580984435,1.2799537691023501,1.2803607526045717,1.2809639454511488,1.2818283166109252,1.2826948480845441,1.2848219862585883,1.285505658999635,1.2871118672905146,1.2888122227698373,1.289920724801812,1.292857142857143,1.2926115581565472,1.2951360263808738,1.2987012987012987,1.3008631319358817,1.3030130756111427,1.307827735644637,1.3114599686028257,1.3151806371240433,1.3194582752439754,1.3219929762949956,1.3220137734504869,1.3251676121712224,1.322200930741856,1.320393974507532,1.322710396039604,1.3226439790575917,1.3209031816626753,1.320825515947467,1.3222632226322264,1.3225806451612903,1.3227937706465314,1.3239719157472418,1.3405954974582426,1.3492822966507176,1.3555222849245654,1.3509632224168127
300.0,10.0,4.951042997020009,5.6,5.170377101317583,4.773444753946147,4.48185624563852,4.281750924784218,4.155015197568389,4.088957055214724,4.0865281644891835,4.148106904231626,4.272991950676485,4.420946626384693,4.582377237264801,4.756535110199897,4.932241671372106,5.117989580140975,5.269028871391075,5.408342096039257,5.57297499066816,5.749901068460625,5.874067937033968,6.048935206162211,6.364087301587301,6.567796610169492,6.773648648648648,6.9385342789598115,7.177419354838709,7.374265186152841,7.474679270762998,7.800000000000001,7.945103857566766,8.24766355140187,8.445890968266884,8.689771766694843,8.952042628774423,9.179463459759482,9.393096836049857,9.878633350331462,10.014690451206716,10.63447501403706,10.963698711126877,11.376215407629019,11.691128718015326,12.47329726730476,12.789928057553956,13.60751499842122,14.859570041608876,14.769713886950452,15.47082717872969,23.065878378378375,20.7521895929933,58.83018867924528,2144.7554424653663,2231.606827545615,2258.9422195047387,2244.451490171211,2320.5254515599345,2366.97247706422,2418.6863364945557,2438.8828436706567,2438.66866118175,2530.766177054387,2623.791509037411,2709.4624611283875,2713.6832239925025,2762.2101628021705,3308.390022675737,3666.230080768391,4512.020606754437,3855.882352941176
5000.0,90.0,2.7426810477657937,2.513949163050217,2.74282314442957,2.907629348143818,3.0185185185185186,3.0813226094727435,3.079608938547486,3.0205811138014527,2.9294310722100656,2.847227191413238,2.769780956638355,2.712882096069869,2.6823607427055705,2.659143968871595,2.6507791017415214,2.646902560833068,2.644708161782514,2.6419305342446644,2.640099626400996,2.63296011196641,2.6223707489679575,2.5915908532087535,2.5497414055369636,2.5038223516563525,2.4562899786780386,2.410206084396467,2.36993899057127,2.334763948497854,2.305796135909394,2.2806012884753044,2.2590038314176244,2.2392739273927393,2.224525043177893,2.2107175295186194,2.1992409867172675,2.188976377952756,2.1763463569165786,2.1701854034937305,2.1610407087585513,2.1515863689776733,2.144414829173734,2.1351040735538245,2.127827459231983,2.1201798610164873,2.112160067634212,2.1037296037296036,2.0963855421686746,2.0879291595463725,2.0795747422680413,2.0612568209822215,2.046382189239332,2.0304167489630656,2.0160953177257523,2.00329019521825,1.9887774594078318,1.9795321637426901,1.9712967708867248,1.9625033719989209,1.9575,1.9526869158878504,1.9491626794258374,1.9446902654867257,1.9421487603305785,1.9429565217391305,1.9464549483013294,1.9499806126405583,2.0256880733944955,2.0972830850131463,2.1410863195853054,2.3861660079051386
1700.0,40.0,3.0149931849159475,2.9426179293444967,3.2053182214472535,3.4221146085552867,3.597243706932921,3.7441534144059867,3.8248337028824833,3.8170798898071627,3.7227799227799228,3.5866885784716516,3.401159047005795,3.2225656877897992,3.0944625407166124,2.948717948717949,2.868498750851692,2.798804780876494,2.7302013422818794,2.700642523364486,2.6417310664605873,2.5978905735003295,2.560520760028149,2.4311424100156493,2.331745344304894,2.2224824355971897,2.1462925851703405,2.0835995740149094,2.047752808988764,2.004692082111437,1.9763061968408262,1.9429824561403508,1.939119170984456,1.9777327935222673,1.9269469331495521,1.9469214437367304,1.9225199131064445,1.9062730627306272,1.9474903474903476,1.9410852713178295,1.9522292993630572,1.9253486464315013,1.933277731442869,1.9594477998274376,1.9552631578947368,1.9623655913978495,1.9606946983546618,1.9832246039142591,1.918173168411037,1.9206195546950628,1.997029702970297,1.982812827499476,1.9961114711600778,1.9957370428539376,2.0155488512415873,1.9852063946552136,2.027027027027027,1.99974525538148,1.993421052631579,2.0078954533079227,2.0551552106430155,2.0858455354579384,1.9932973918111614,2.0187651331719128,2.0196659903230842,2.0362576885723533,2.047723811135556,2.0119277319768463,1.9891540130151844,1.979471228615863,1.9903237811685894,2.1262886597938144
500.0,0.0,4.80997177798683,5.435684647302905,4.9708718360787465,4.552679845119218,4.240936555891238,4.009778357235985,3.8160206718346252,3.6723079227197846,3.5777067518977224,3.533349863625093,3.5160349854227406,3.551155115511551,3.582725947521866,3.64003164556962,3.702507437314067,3.7379991027366533,3.780809031044214,3.8234421364985165,3.87037037037037,3.895910780669145,3.9071038251366117,3.973067915690867,3.9853031230863443,3.993642720915448,4.0480579328505595,4.05416384563304,4.052413793103448,4.102763997165131,4.112481857764877,4.106853352984524,4.147590361445784,4.119755911517926,4.175507020280811,4.141167192429022,4.165995165189363,4.190319934372437,4.197171381031614,4.213984835720304,4.160958904109589,4.2020725388601035,4.2340989399293285,4.230008984725965,4.264357338195078,4.161643835616439,4.268270120259019,4.351816443594646,4.243269230769231,4.290448343079922,4.248275862068965,4.264082374318595,4.275138803207896,4.354168885102758,4.364931506849315,4.269256089532586,4.335814163283717,4.3726415094339615,4.365764274736967,4.401104176668267,4.31591737545565,4.3355336903724,4.45558555084201,4.447222953408792,4.391819160387513,4.403252480705623,4.537265727153858,4.577570655441972,4.579637485537987,4.937091092098641,4.6124966478948775,11.984647369262754
400.0,0.0,5.400572246065808,6.082474226804124,5.7978810105949465,5.504880511612252,5.297174407275089,5.200239808153477,5.281623163901512,5.587614356087262,6.263643996641478,7.2399328859060414,9.216944801026957,10.756663800515907,18.800863643912972,40.558355951919346,52.87634408602151,67.29768786127168,84.54459203036053,105.06810651613694,129.5544008817509,161.25201288244764,200.43724279835394,347.02830188679246,588.9443059019119,866.3617886178862,1066.4749121124962,1141.8776371308015,1189.9943788645307,1245.589692765114,1277.1739130434783,1323.1412230532337,1369.1135734072022,1406.4765587240213,1451.5396264512872,1488.421052631579,1510.9529025191675,1561.1838360842344,1608.9138134592679,1622.0183486238534,1663.6075949367087,1703.4009156311313,1703.5786630654966,1761.490250696379,1786.7910983488873,1808.2039911308202,1832.826747720365,1883.6846213895392,1912.2244488977956,1897.6151315789473,1936.7622259696461,1980.9902740937223,2038.390379278446,2051.2077294685996,2099.6978851963745,2163.5220125786163,2161.676646706587,2213.4387351778655,2243.8596491228072,2283.121597096189,2328.9555972482804,2315.0419625564878,2352.19707057257,2445.2296819787985,2479.0419161676646,2537.1835443037976,2600.1669449081805,2658.1722319859405,2854.4525154694647,3240.201785021343,2641.749300788202,5.798253616577609
6000.0,70.0,2.457848837209302,2.420264824409902,2.7232495653548283,2.950547626949884,3.1136079900124844,3.186531266702298,3.1741526131240607,3.0942672103621973,2.99060576611597,2.849708576186511,2.771279373368146,2.7047923322683705,2.6118721461187215,2.6048824593128392,2.591960763407613,2.5494264095679764,2.551048951048951,2.5400384368994233,2.5386273805246136,2.546747967479675,2.534761796216093,2.5315604909409704,2.5208023774145616,2.509695290858726,2.4937993235625706,2.4692775151924375,2.4156862745098038,2.393146979260595,2.381341226906196,2.3518790204265883,2.307408772576484,2.284942606347063,2.267475447718082,2.2183313032886725,2.2519399042430246,2.2241379310344827,2.1755094547457317,2.2456551454793985,2.1451166468960063,2.153361344537815,2.217968925917586,2.1203110704483072,2.13248985438052,2.1571788413098236,2.1426711793803697,2.1394971613949716,2.133090501541048,2.13335270191749,2.113711371137114,2.07717355910127,2.065426997245179,2.0797317436661698,2.0912,2.07343684431389,2.060467246907925,2.067012741859368,2.0175524134568503,2.0423640167364017,2.082184225041368,1.976216814159292,1.9772468714448237,2.0502197112366605,2.036065573770492,2.0192439862542955,2.0227439471753486,2.050940438871473,2.112603305785124,2.183206106870229,2.2281444582814447,2.5122905588441857
30000.0,80.0,1.781502172563625,1.3189093064611737,1.2791878172588833,1.264,1.2558861578266494,1.2595662140715924,1.272140221402214,1.2932198415027885,1.3205128205128205,1.3514606741573034,1.3853260869565218,1.4178525226390686,1.4490881458966565,1.4762323943661972,1.5011617335084353,1.523163582020922,1.5418616744669786,1.5604395604395604,1.5754732510288065,1.5904304452244595,1.6047668393782384,1.6382978723404256,1.6696197858988557,1.6962524654832347,1.7142857142857142,1.7250650477016478,1.7219069239500568,1.7068155111633372,1.680542475042381,1.6420400381315539,1.593230403800475,1.5425531914893618,1.4860062194580186,1.4334580438268305,1.383787207093097,1.3377679231337767,1.297274275979557,1.263056092843327,1.238771209936786,1.2117446393762183,1.194136719805458,1.1809779367918902,1.1680347658136165,1.1619469026548672,1.1501286291804484,1.145694062131341,1.1457351050150022,1.1413870246085012,1.1412550703889286,1.1386785061373728,1.1362612612612613,1.1355676328502415,1.1366459627329193,1.1375438596491227,1.1367331855136733,1.1411338962605548,1.13875,1.137467476149176,1.14105558150397,1.1422222222222222,1.1402345741968383,1.1394444444444445,1.14119804400978,1.1406044678055192,1.1410437235543018,1.1413454270597128,1.1776630083925113,1.206095238095238,1.2327455919395465,1.280639431616341
6000.0,50.0,2.4472645234066555,2.41625056740808,2.715190659545398,2.9356846473029043,3.084179970972424,3.1420361247947457,3.116107723577236,3.0276722734671733,2.9212121212121214,2.7842773135252243,2.7035466461063993,2.636193155180497,2.5483870967741935,2.5348226018396844,2.5188897455666925,2.477112676056338,2.476861167002012,2.46381805651275,2.462330972311655,2.4683636363636365,2.4580277098614505,2.4575382679807087,2.451258703802892,2.4486577181208053,2.4392561983471075,2.425712856428214,2.3858823529411763,2.370218579234973,2.36796875,2.3464223385689356,2.3084291187739465,2.292770828916684,2.2794201575162654,2.2320348415194773,2.268774703557312,2.2418797512093986,2.195661797255423,2.2672128564676224,2.168905950095969,2.17739189649302,2.2409065984280754,2.1463142218912883,2.158007394434715,2.1831998356952145,2.167906482465462,2.1661511268228018,2.1594501718213057,2.1602472658107463,2.140506018177352,2.103227527340624,2.0920383963862226,2.1079510703363913,2.118844386080105,2.1009300723389597,2.0891647855530473,2.0933384972889235,2.0448538245895076,2.069557750107342,2.1081447963800906,2.000907441016334,2.0023331777881475,2.0756562017498714,2.059076262083781,2.0422059651097353,2.046246246246246,2.073717948717949,2.132252290196904,2.2011797578391805,2.2442377678932472,2.529268292682927
1700.0,60.0,3.0985221674876846,3.024950939164564,3.2707602339181285,3.4601639688879544,3.595406360424028,3.689101661503802,3.726033233915637,3.700671960904093,3.620431893687708,3.5224074474994587,3.3944212370300497,3.272815691360026,3.1844215349369986,3.0792682926829267,3.0189608470819995,2.96875,2.911358173076923,2.8861304203905993,2.83464005702067,2.7964533538936007,2.76125,2.63125,2.5183763027975865,2.390853658536585,2.288,2.1974063400576367,2.13713405238829,2.0739837398373986,2.0280135823429544,1.9823788546255507,1.9679780420860018,1.9980879541108987,1.9422135161606269,1.959261873550469,1.932382133995037,1.9137039772127862,1.952486187845304,1.9449378330373002,1.955702705788332,1.927554980595084,1.9358698253170614,1.9613670133729568,1.9569323762750284,1.9632059693811914,1.9621997637485233,1.9858061060524905,1.9191367299549242,1.923772430101544,1.9977250106640125,1.984353843839326,1.9965896760192219,1.9958152261387414,2.0156458055925435,1.9863130881094953,2.0275162925416366,2.0003650301149847,1.9943449575871819,2.0081887307467343,2.0559634848184163,2.0859021783806,1.994159365874009,2.018189692507579,2.0192007144451884,2.036111111111111,2.0471812242922818,2.0110330992978938,1.9855818743563336,1.9734865223155105,1.9836325237592396,2.1173902498180937
6000.0,0.0,2.58436751578489,2.4065994000545405,2.670301708469647,2.9075369075369077,3.147270224805016,3.366031390134529,3.5002344116268165,3.5195729537366547,3.4623849539815925,3.3951536483010694,3.313701714879612,3.2596924409789905,3.2432432432432434,3.2304460245636717,3.2462977396726425,3.266114180478821,3.277364505844846,3.2996884735202494,3.297486033519553,3.29304897314376,3.2848214285714286,3.206047897583048,3.1043291207313795,2.9867882982069833,2.871037463976945,2.7617694805194803,2.6659167604049494,2.584352078239609,2.519109947643979,2.4654070575159768,2.42226148409894,2.3882945248584013,2.3615560640732265,2.339596856850017,2.3224431818181817,2.3083975064173083,2.294278996865204,2.2855445544554454,2.2765605622157916,2.2678185745140387,2.2608888888888887,2.253040224508887,2.246153846153846,2.2393034825870646,2.2327852004110995,2.2267657992565058,2.219418540866703,2.2126696832579187,2.204572098475967,2.1884615384615387,2.1728561782579336,2.1575539568345325,2.1440548780487805,2.131305044035228,2.114310645724258,2.106060606060606,2.095684803001876,2.08704253214639,2.081761647466612,2.0755526937110966,2.071923457604751,2.0665968098730936,2.06294985970477,2.062226793520185,2.0634920634920637,2.0650921658986174,2.115438432835821,2.1784133469526727,2.2284196547144752,2.500862961684501
300.0,30.0,4.493296529968454,4.045651724850238,3.8856868395773296,3.7808540591271704,3.7195945945945947,3.6793655289619034,3.6174863387978142,3.503380454824831,3.378248700519792,3.261545940690326,3.179749715585893,3.0872056015276894,3.093286219081272,3.064466615502686,3.040529363110008,3.0757709251101324,3.073351903435469,3.0846456692913384,3.1008704557091655,3.0749601275917064,3.075648812810602,3.131409492010494,3.1439441978440077,3.1683830413267358,3.1533776301218164,3.168445341794058,3.191141498216409,3.1830642704843135,3.1970435603082246,3.217741935483871,3.22819122720552,3.223517486061835,3.221936589545844,3.2834507042253525,3.251754543818607,3.282051282051282,3.2668282677605816,3.228182848507745,3.3778213935230617,3.2973291437549097,3.2617853560682044,3.3470394736842106,3.3291796469366566,3.3691679208772305,3.2894736842105265,3.3073761626649367,3.4024335286164935,3.3756230176710464,3.4334963894712325,3.424526037916966,3.445564020643893,3.4198588709677415,3.450980392156863,3.5089141004862237,3.4250343878954608,3.5679261609460626,3.5591741785402733,3.4745513386290083,3.518234753294514,3.6363636363636362,3.619651347068146,3.527868852459016,3.603973963686194,3.610426206410708,3.573657474600871,3.5397003745318356,3.7397540983606556,3.81536475145255,3.848714069591528,4.491803278688525
15000.0,40.0,1.8523985239852399,1.488262910798122,1.458644278606965,1.452980132450331,1.4490699734278123,1.4466239155035836,1.4431977559607294,1.439342403628118,1.434077079107505,1.426073131955485,1.419981498612396,1.4119902033862208,1.4040846097738877,1.3957012951226233,1.388259046435782,1.3807779522065236,1.3737788198515044,1.367431693989071,1.361104324456389,1.3550942365473915,1.3499388753056234,1.3372564935064934,1.327016783974012,1.3178855901520636,1.3104448742746615,1.3039568345323742,1.2999661246612466,1.296705726287862,1.2949743003997716,1.2934742982136347,1.2932780847145489,1.293271995399655,1.294452347083926,1.2955536181342633,1.2962374138844728,1.298452091595241,1.300398895366677,1.302614737611995,1.3049891540130152,1.307358201328564,1.3095808383233534,1.3127399650959861,1.3152789005658851,1.3191985088536813,1.3211252653927814,1.3240963855421686,1.328795098706603,1.3315589353612167,1.3347421808960271,1.3418986438258387,1.3486370157819225,1.354018589393111,1.3599508599508598,1.3635900916185952,1.365462587541467,1.3676031081888822,1.3663976210705182,1.3653976120747917,1.366355587461115,1.3660691744508962,1.3649828087807458,1.3649782923299565,1.3650943396226416,1.3644354293441514,1.3645196113709968,1.3637747336377473,1.3670352817272249,1.3678861788617886,1.3688853247794708,1.35849508746705
35800.0,10.0,1.8611111111111112,1.3895164934478084,1.3323134855260061,1.3025682182985554,1.2858934169278997,1.2836363636363637,1.2907268170426065,1.305407209612817,1.3248862897985705,1.3469892768765466,1.3705097502565857,1.3935726210350585,1.415207603801901,1.434551886792453,1.4513031550068587,1.466824644549763,1.48014440433213,1.4909762100082034,1.5013934045517883,1.5120094500590628,1.5206758559359714,1.5393258426966292,1.553804347826087,1.5621323529411764,1.562809099901088,1.5568031704095113,1.5409407665505226,1.5197189483227562,1.4922113844810017,1.4591310751104565,1.4235347985347986,1.3886856177877849,1.353021045485404,1.321965083231831,1.2933014354066985,1.2691879866518354,1.2471264367816093,1.2301013024602026,1.2202970297029703,1.2072727272727273,1.2001610954490536,1.1960501497836458,1.1907965877688333,1.1906204716111184,1.1842795966293687,1.1833382657591003,1.1861249397783844,1.1838247683235046,1.1854578096947936,1.1845637583892616,1.1833155080213904,1.1828650391524642,1.18428927680798,1.1856415751406375,1.1848287574299463,1.1893962611094084,1.1874800383264132,1.1865198531865198,1.1906294706723892,1.1925981873111782,1.1909980430528375,1.1912078531796841,1.1942883895131087,1.1933534743202416,1.1938444924406046,1.194685153090699,1.2228571428571429,1.2422865013774105,1.2600502512562815,1.2843326885880078
8000.0,80.0,2.1592964824120604,2.1762114537444934,2.5016302984700274,2.7362334801762116,2.829996951529316,2.7930297550550716,2.6917545541706613,2.5722618276085547,2.4551896623593166,2.3529715762273904,2.2653316645807258,2.196136701337296,2.1437229437229437,2.1036829463570856,2.0741505968778697,2.0574473615804525,2.045487894350697,2.03801652892562,2.035496394897393,2.0331400165700084,2.0335492827394726,2.041377227423739,2.0503342508847817,2.0604982206405693,2.0723598435462844,2.0859504132231406,2.0972550632260716,2.108319656609014,2.1140939597315436,2.1167751265365147,2.1124684077506317,2.1046198973356147,2.088814876491812,2.0718730553827007,2.0527240773286466,2.029366306027821,2.011573081868838,1.9891662741403675,1.9685157421289354,1.955737704918033,1.9455089820359281,1.9310344827586208,1.9243134628265237,1.9228550829127613,1.917995444191344,1.916599839615076,1.9156829679595277,1.9175531914893618,1.9166666666666667,1.9240636223704464,1.928603006189213,1.9316259966175404,1.9418114797261716,1.9455307262569832,1.9533169533169532,1.96113074204947,1.9605878423513694,1.9703810727830955,1.9799691833590138,1.9816656914374877,1.9866342648845687,2.0,2.0091522157996144,2.018974358974359,2.031085206772134,2.0438306814770337,2.1745257452574527,2.2605396290050592,2.299344336423242,2.3165362035225048
1200.0,90.0,3.327239488117002,3.3160285528877353,3.601541251133273,3.8291396103896105,3.997978436657682,4.1223067173637515,4.195375176970269,4.213696185590007,4.175724637681159,4.1109362706530295,4.012795275590551,3.9051878354203935,3.809052333804809,3.702768729641694,3.6144578313253013,3.5311850311850312,3.444712366517396,3.3816425120772946,3.2961124896608767,3.2269184652278176,3.163547599674532,2.9626808834729625,2.7853380158033363,2.616822429906542,2.476319350473613,2.3647854203409757,2.279407127089246,2.215143428952635,2.1678297278436847,2.136429608127721,2.117314221048661,2.1085669166995658,2.1003642250101175,2.098374322634431,2.0983326207781103,2.099476439790576,2.1087751371115173,2.108815426997245,2.115675165250236,2.1225085075352457,2.1280909990108805,2.137084398976982,2.141891891891892,2.148619957537155,2.1547619047619047,2.161699779249448,2.1676040494938134,2.1740125930166,2.179427235534775,2.1944444444444446,2.2052096569250317,2.2160737812911724,2.226530612244898,2.2346368715083798,2.2450184501845016,2.249814126394052,2.2555640828856487,2.261904761904762,2.264135702746365,2.2650501672240804,2.266553480475382,2.2691968225948806,2.266848816029144,2.2639545884578998,2.258415841584158,2.2514379622021363,2.181843891402715,2.138949671772429,2.1223867595818815,2.193817468105986
10000.0,10.0,2.1278449308504848,2.1059349074664966,2.6942864879501762,3.0990961910910264,3.39167208848406,3.625264146513266,3.785591438945156,3.852924474730267,3.857142857142857,3.804727646454265,3.7295556986477787,3.6312111801242235,3.5660550458715594,3.4885447602885025,3.422485779983057,3.3824532678400874,3.3343488194973343,3.2954930532023043,3.261072696692207,3.218910585817061,3.1829460861718926,3.1131809201241887,3.041695865451997,2.982683982683983,2.926829268292683,2.884441575209813,2.8469308469308467,2.8057354301572617,2.7653997378768023,2.7236808564873822,2.671957671957672,2.6139048261896725,2.550630492930837,2.508650519031142,2.4375454765947127,2.386296196385217,2.3212048911422607,2.250735534488395,2.272066836178714,2.18635477582846,2.1348028825773633,2.144434222631095,2.1066339066339066,2.111944295661489,2.042175360710322,2.040332147093713,2.0885585003232063,2.0630508474576272,2.0945454545454547,2.080971659919028,2.0927743086529884,2.0784313725490198,2.107955163782784,2.1592814371257485,2.11273055591384,2.228907033376307,2.23314182038101,2.185451638689049,2.240055826936497,2.3350726798360046,2.3343051506316814,2.302730595570845,2.386711281070746,2.4174883238194083,2.4092566619915847,2.4094081942336874,2.7281437125748504,2.8309859154929575,2.8473434771763535,3.023862375138735
500.0,40.0,3.9404839764551993,3.8525511350865362,3.952405587170202,4.007067137809187,4.058052434456929,4.106247911794187,4.105501985252411,4.014440433212997,3.831688450253401,3.5846994535519126,3.341902313624679,3.134413185564081,2.9681130834976988,2.8604477611940298,2.792153589315526,2.7332433648223122,2.697674418604651,2.6769311064718164,2.6514818880351263,2.640561075394506,2.6288532675709,2.585743106926698,2.558156547183614,2.5344287949921753,2.517412935323383,2.5083114610673665,2.4972826086956523,2.4971698113207546,2.4985279685966635,2.4989911218724776,2.500774393391843,2.5094075905816577,2.5142857142857142,2.518370073480294,2.5302185030218505,2.5347467608951706,2.5452777440136134,2.5559748427672955,2.5568892223055766,2.568284789644013,2.583130575831306,2.586323628977657,2.595980595980596,2.606953784518529,2.6149592549476135,2.6244612869668598,2.6337323836944995,2.6430559851531084,2.6518728360088133,2.6717305151915456,2.6875318931791123,2.708779443254818,2.7255813953488373,2.73907234205001,2.7598059037606144,2.7684426229508197,2.777893639207508,2.7918670747704417,2.8018120045300114,2.8046028880866425,2.811567592380078,2.824051256776737,2.8299974664302003,2.8347280334728033,2.8391340093176214,2.8439655172413794,2.8805970149253732,2.8943661971830985,2.8922619047619045,2.9185305679815645
17500.0,0.0,1.7910958904109588,1.4809206541490005,1.4709800190294957,1.4729288975864319,1.4778851042196237,1.4816300675675675,1.4827233171231124,1.4815829528158295,1.4769889404209775,1.4700289375775113,1.4613194114855244,1.4513513513513514,1.4394865525672371,1.427491408934708,1.4141647421093149,1.4018932874354562,1.3877159309021114,1.373408920740186,1.3590844062947067,1.345565749235474,1.3308103294746216,1.2952717284677262,1.2623207301173403,1.2338429464906184,1.2119389171679777,1.1975460122699386,1.188861985472155,1.185691741188848,1.1880515953835709,1.1928212242066933,1.1996931170539238,1.2071330589849107,1.2146988771691052,1.2227805695142377,1.230690537084399,1.2385093167701864,1.2468117029257315,1.2540540540540541,1.2630671408556957,1.2729604925602873,1.282958687727825,1.293433530148506,1.3041928721174003,1.315108616060532,1.3260930888575457,1.3371113989637307,1.3471043895241608,1.3569641367806506,1.3664014974262986,1.38355376653249,1.3998628257887518,1.4133545310015898,1.4225225225225224,1.4297172648887106,1.4345251151568326,1.4360251393335706,1.4347439318846105,1.433982683982684,1.4320916905444125,1.4296497584541064,1.4272136860446698,1.4219723183391004,1.4160119715675272,1.4098656506917986,1.4048884165781084,1.3998657417766838,1.3883437407077015,1.382198952879581,1.376414273281114,1.3549039433771486
800.0,70.0,3.8930513595166163,3.869141239383454,4.134394904458599,4.348157837366471,4.490884072927416,4.586639365241874,4.641427011285038,4.66566866267465,4.662475181998676,4.6509837467921304,4.615384615384615,4.571466244725738,4.531001589825119,4.471712251779692,4.42261514953067,4.368883312421581,4.306465394474508,4.264041316978696,4.1915736406193735,4.13820811570912,4.084078711985689,3.882716049382716,3.6781767955801103,3.445267489711934,3.211281070745698,3.001306335728282,2.818082391542107,2.6626826029216466,2.539252069654582,2.4461305007587253,2.382712082262211,2.3444976076555024,2.309739222990953,2.291628164849381,2.279425837320574,2.272995863699035,2.2825634623387434,2.2766449442926215,2.2836015658982167,2.2922765142985813,2.2988267770876467,2.310781735596462,2.3178048780487805,2.3260869565217392,2.334525939177102,2.3430885811340474,2.3511348464619495,2.3595750476709343,2.3684797768479777,2.3886915334517465,2.402629165392846,2.4169847328244276,2.4301712779973648,2.441505595116989,2.4573587621446564,2.4645840900835454,2.4734862730349754,2.483229329173167,2.488658973338639,2.496277915632754,2.4993689524610856,2.506590509666081,2.5111617312072894,2.5128205128205128,2.5139720558882237,2.512461059190031,2.4762589928057555,2.452690166975881,2.4505142098860997,2.5504181013280864
1100.0,10.0,2.6018444266238974,3.2010042366232545,3.2055172413793103,3.2048588312541035,3.2226880969019334,3.2393814836562926,3.234836702954899,3.187935034802784,3.099483204134367,2.9923986486486487,2.875580795043882,2.771243398943831,2.692099567099567,2.626633387167817,2.5816632475934984,2.5480367585630743,2.522255192878338,2.5096383330273544,2.4924299772899317,2.4862637362637363,2.4857375713121432,2.4742046431642306,2.4795825771324864,2.488783943329398,2.5018341892883345,2.519221041982802,2.536133576832768,2.5513643659711076,2.56514613493581,2.577672605790646,2.5898748577929465,2.603104862331576,2.6114574057583853,2.6205019655276685,2.627956989247312,2.6353453640323585,2.645088566827697,2.649693844666452,2.657349556067083,2.6643145161290325,2.6696125084976208,2.6770143006627136,2.6824276640790403,2.6879254747402364,2.693929480189022,2.6994837758112094,2.7045624532535526,2.709469696969697,2.7147806004618937,2.725994375251105,2.734208367514356,2.7431463517503163,2.749892008639309,2.7572687224669603,2.7608294930875577,2.7664199814986126,2.7688656858092076,2.7703559239395417,2.7706376668314383,2.766921119592875,2.7660999484801647,2.7586390217969163,2.75,2.736338028169014,2.7192262602579134,2.702359346642468,2.527646129541864,2.4062806673209027,2.3241695303550975,2.245404631176892
800.0,60.0,3.7548209366391183,3.691938867246029,3.956009913258984,4.177064120646631,4.341017068449762,4.466594827586207,4.549744396382225,4.60352422907489,4.62731997030438,4.6292352371732814,4.612184976755566,4.581703280168522,4.550561797752809,4.506291320110898,4.467558197127291,4.425531914893617,4.380616174582799,4.350343829171191,4.299516908212561,4.258497316636851,4.219910846953938,4.074165636588381,3.90785498489426,3.7091561938958706,3.4946908182386007,3.2872340425531914,3.0973684210526318,2.932147468082054,2.7971705366753805,2.693498452012384,2.6193747852971487,2.5703394445452896,2.531455399061033,2.5077881619937696,2.491467576791809,2.481992179460794,2.4854243144029367,2.4798606575223165,2.4820627802690582,2.4895977808599166,2.4929378531073447,2.5018270401948843,2.5055762081784385,2.5116455696202533,2.517428350116189,2.523433385992628,2.52993288590604,2.536065573770492,2.5421316964285716,2.5574543311726576,2.5676167374166163,2.5776241357636707,2.588120740019474,2.5964678440519826,2.6061246040126718,2.6115643845335224,2.6166239472720614,2.6224914804998107,2.624903623747109,2.6271457085828342,2.627888123226591,2.6283185840707963,2.626631853785901,2.622684139177587,2.616548463356974,2.609612555174105,2.541027351567712,2.501276595744681,2.4891709479198147,2.577934998894539
500.0,50.0,6.284107477608831,5.82994247228848,6.051502145922747,6.237037037037037,6.362041467304625,6.472598559746125,6.595289079229122,6.743314171457135,6.924629878869448,7.121013543031892,7.334801762114537,7.54054054054054,7.721457489878542,7.895893027698185,8.05243861793134,8.16492746245864,8.270872522066272,8.369049566497628,8.43011540575197,8.50112774246463,8.54956601187757,8.530444964871194,8.387694588584136,8.06645131518228,7.571993224167137,6.960651289009498,6.251188589540412,5.563239308462238,4.936384157603119,4.380361173814898,3.926612215043277,3.5955649419218583,3.3296151701059675,3.128353879622915,3.00462249614792,2.9002062509915914,2.8389339513325607,2.7979274611398965,2.7579639889196677,2.745768815268275,2.74561568923251,2.73416761471369,2.7348764831744794,2.742259750703659,2.7457002457002457,2.7516216781753506,2.758915225282938,2.7665140614780905,2.773463501220324,2.7909683426443204,2.805755395683453,2.825540472599296,2.8444211629125196,2.8559914024717896,2.878658709860756,2.8859447004608296,2.892176970407266,2.9070266953053086,2.9164548919949174,2.9183027232425585,2.9227301996136505,2.9368312046945113,2.938985455835403,2.9425329428989753,2.9455938697318005,2.9486150140505822,2.952069716775599,2.9479166666666665,2.9401639344262294,2.945865776789025
1200.0,80.0,3.336318853560233,3.325209282610999,3.6105566644488802,3.8389527965093215,4.0065746219592375,4.131508540852027,4.205693296602387,4.223764093668691,4.188911704312115,4.124617737003058,4.028708133971292,3.92169373549884,3.827823691460055,3.7222222222222223,3.634719710669078,3.5515631343889567,3.466113105924596,3.4029590948651003,3.3166914046687355,3.247687564234327,3.182325729781464,2.980553477935677,2.802245250431779,2.632598692177283,2.4873299546545744,2.373623188405797,2.2865588052271315,2.2208689927583936,2.1729245607991734,2.1400429799426934,2.1198808637379,2.1110678098207325,2.1018370607028753,2.0995475113122173,2.09957805907173,2.10077519379845,2.1086564472497744,2.1091980063434526,2.1155100139729854,2.1227817745803357,2.1278048780487806,2.1372351160443994,2.1420512820512823,2.148167539267016,2.154831820608649,2.1605005440696408,2.1669439822518024,2.172686230248307,2.179250720461095,2.193548387096774,2.203506574827802,2.2142857142857144,2.2238605898123325,2.2326221610461117,2.2421818181818183,2.246886446886447,2.252647503782148,2.258014073494918,2.2593476531424024,2.261120263591433,2.264435146443515,2.2643478260869565,2.263016157989228,2.2579143389199254,2.2514619883040936,2.2455998381549667,2.1737919509817574,2.129646256060334,2.11385077186964,2.1893719806763285
3000.0,10.0,2.7699791521890202,2.711685571089422,3.027508090614887,3.2555448408871746,3.401759530791789,3.4706190975865687,3.4557877813504825,3.339327146171694,3.1465721040189125,2.9313505805663067,2.7351828499369484,2.5807913017215345,2.473972119287101,2.4062436651125076,2.363138686131387,2.3371269600404654,2.3198447893569845,2.311165344722392,2.296987557301899,2.2873889875666076,2.277670651754724,2.234070796460177,2.1912869303955933,2.1485809682804673,2.1133896260554885,2.0839297332465843,2.0607315389924086,2.040234089246525,2.025287356321839,2.011263073209976,2.0,1.9914675767918089,1.981029810298103,1.9751381215469612,1.9643888354186718,1.9571286141575275,1.948786507610037,1.9438669438669438,1.9368983957219252,1.9264705882352942,1.9202856813731137,1.9135071090047393,1.9073668854850474,1.9007852424280194,1.8932786044125192,1.8884845334026514,1.8769145084934558,1.87206154722895,1.8705338377469525,1.8561414202986894,1.84559520050521,1.8370739817123858,1.8280496209510682,1.8204334365325077,1.8139801375095492,1.8101514853433012,1.8062924120913018,1.8046294330006372,1.8018228062738448,1.8006514657980457,1.8030619345859429,1.8037717832418239,1.8062607838304165,1.808726534753932,1.8139841688654355,1.8209910913140313,1.8707430340557276,1.9038947900859888,1.9264705882352942,2.1003134796238245
8000.0,90.0,2.1589167092488504,2.1778774289985052,2.504216713519039,2.7410112359550562,2.837711556432354,2.801883619239825,2.7025036818851254,2.581534373962139,2.4641025641025642,2.3596398305084745,2.2719692110327134,2.2025894897182026,2.1490683229813663,2.1093669847132452,2.0802447346746678,2.063407486346077,2.049932320649722,2.042682926829268,2.0401591210456527,2.037555697008275,2.0376777251184834,2.0457637600494745,2.0543259557344062,2.064482579303172,2.0766666666666667,2.087763713080169,2.09885612341274,2.109465550547328,2.1150855365474337,2.117863720073665,2.1123740081492604,2.1037313432835822,2.088085827216262,2.0705472951597597,2.0507142857142857,2.0270800627943486,2.008703220191471,1.9866156787762905,1.9660243407707911,1.9534368070953436,1.9423193685488767,1.9275730622617535,1.9212491513917176,1.9189189189189189,1.9146153846153846,1.9138911454102356,1.9120409906063194,1.9129263913824057,1.9136960600375235,1.92,1.9245831934653688,1.9271215456101736,1.937633262260128,1.9409103760248798,1.9490208268573206,1.9574052999512275,1.9570728409667062,1.9663742690058479,1.9769935659972704,1.9782823297137215,1.98237343717975,1.995868717007115,2.00536454523287,2.015057113187954,2.0275435637998878,2.0404378230465188,2.171334431630972,2.2572649572649572,2.2968481375358167,2.313647642679901
15000.0,50.0,1.8565055762081784,1.4950750469043153,1.4643841007477372,1.4592613476177052,1.4568932776300798,1.4560975609756097,1.454490291262136,1.45239852398524,1.4479717813051147,1.4426672206065643,1.4365175332527207,1.4293675118417386,1.4217308304167993,1.4141723764875587,1.4065040650406504,1.3992239214791145,1.3917710196779964,1.3852529294084024,1.3780332056194124,1.371744559400642,1.365775827682489,1.3516657852987837,1.3394366197183099,1.3289473684210527,1.3185574755822689,1.3113066578117218,1.3048034934497816,1.2996872334375889,1.295970695970696,1.2930471301913207,1.290834312573443,1.2891654465592972,1.288808664259928,1.2883638772355928,1.2891953407417325,1.2898807605543023,1.290888075515315,1.2919240448409974,1.2940698619008937,1.2952380952380953,1.2968865826538176,1.2996125699526475,1.3015873015873016,1.3042735042735043,1.3056092843326885,1.3080844865258558,1.3117309269893356,1.3144940747493163,1.3175709811053855,1.3235827390305814,1.3285030951041081,1.3333866581346985,1.3386518465399786,1.3416370106761566,1.342330762639246,1.3453320947515095,1.3432946406520128,1.3416165315197488,1.3430880713489408,1.3430506478209658,1.3417565485362095,1.3414387031408308,1.342783505154639,1.3420531113753469,1.342494714587738,1.34304932735426,1.353954081632653,1.3597002497918402,1.3645418326693226,1.3577235772357723
300.0,20.0,4.293394777265745,4.811729423525492,4.285031847133758,3.8902147971360383,3.653679653679654,3.5,3.3718518518518517,3.2541322314049586,3.1585252229468925,3.0943578202861275,3.0404152762328516,3.011823273179838,3.032992036405006,3.039625892197883,3.0427892234548337,3.080568720379147,3.0915472360339282,3.1105635971666152,3.1490862455915356,3.1335321404903906,3.12901023890785,3.2104877154382105,3.2175249807840123,3.238495398159264,3.268383880348982,3.2791095890410955,3.293449781659389,3.326282628262826,3.339796860572484,3.348826291079812,3.3899038461538464,3.3556097560975613,3.3973013493253372,3.4188163884673752,3.405489383738996,3.4498416050686376,3.4369973190348526,3.411636759108211,3.4969562811289427,3.457238680827278,3.446735395189003,3.516919486581097,3.52846975088968,3.4690844233055884,3.4870403857745633,3.569912609238452,3.5568824638592083,3.569515306122449,3.5816655907036794,3.580901856763926,3.6028416779431667,3.6416022487702038,3.671501087744743,3.6351744186046515,3.6092814371257487,3.768445839874411,3.750393700787402,3.6941553242594076,3.655844155844156,3.78,3.8706896551724137,3.76657824933687,3.785326086956522,3.7955390334572496,3.8731563421828907,3.8677130044843056,4.0055873353731535,4.359199438202247,4.102999434069043,12.944309366678244
22500.0,0.0,1.4882032667876588,1.2820512820512822,1.2484689413823271,1.225041108762039,1.2112633639512123,1.203206562266965,1.199141048824593,1.1973506353068397,1.1976930471002885,1.19924670433145,1.2016695957820738,1.2055979643765904,1.2107728337236534,1.2167224080267558,1.2237442922374429,1.2310344827586206,1.2385589094449854,1.2469786860030763,1.2558830814961606,1.2645908963976542,1.2734571788413098,1.2958226768968457,1.3183791606367583,1.3392295597484276,1.3592336349121874,1.3755364806866952,1.3885714285714286,1.3957863054928519,1.4006860503103562,1.4014736842105262,1.399409078699973,1.3955857385398982,1.389953171562367,1.3842077371489137,1.3781127129750983,1.3714746172441579,1.3658777120315582,1.3592699327569644,1.3533517522175367,1.3466993521274733,1.3403185247275775,1.3339143426294822,1.327849588719154,1.3224587912087913,1.317838696861343,1.3139217470427662,1.3115007735946365,1.3094274146905727,1.3080872913992299,1.3069838833461243,1.3053097345132743,1.3035714285714286,1.3009814612868047,1.2990080302314597,1.2969972243250063,1.2948255114320095,1.292435554303423,1.2900842323038273,1.2873030583873957,1.2841969745735435,1.2810359231411863,1.2743727598566308,1.268041237113402,1.2622321067529316,1.2575435614109647,1.25394707582833,1.2536210464085131,1.2553271028037383,1.2575426322693486,1.2676971035199376
1700.0,70.0,3.016783216783217,2.9736759636477594,3.2125572269457163,3.395315993880193,3.524525316455696,3.610586011342155,3.6403049070986184,3.604778156996587,3.5111317254174397,3.392123701377144,3.2537178909418656,3.124548736462094,3.0225148683092606,2.926947266569908,2.8598743512701446,2.8041299726692985,2.751994680851064,2.7186242224661545,2.6719118804091266,2.6362090947726307,2.603946764570904,2.4936642027455123,2.3912259615384617,2.290473017988008,2.2021818181818182,2.1287284144427003,2.069572506286672,2.0247349823321557,1.9898617511520738,1.9674641148325358,1.9503475670307846,1.9424535161524878,1.9340425531914893,1.9305738063950941,1.9281302638966873,1.9273518964134295,1.9306039140352984,1.9298034012784948,1.933002481389578,1.936597213345264,1.9378332683053714,1.94264943457189,1.9457757086128988,1.9487968662562956,1.9514632405424697,1.9560151471016602,1.9583952451708766,1.962772397094431,1.9662747524752475,1.9744597249508842,1.9807659861650075,1.9870334676712809,1.9934758970641537,1.998882265275708,2.0047309284447072,2.0079522862823063,2.0119096509240246,2.0155055225148684,2.017081081081081,2.0190326914464847,2.019772727272727,2.021005428369129,2.0209347614410906,2.0191822311963654,2.01688654353562,2.0136724090784797,1.9820224719101123,1.9676796912686927,1.9752161383285303,2.1067266949152543
6000.0,40.0,2.449438202247191,2.441685477802859,2.7662923706579914,3.023047661669277,3.2308684436801376,3.3590325018896445,3.3921876889587614,3.3404067197170644,3.246376811594203,3.0995630461922596,3.0200314218381776,2.9523350987000483,2.8514908256880735,2.8467302452316074,2.84070796460177,2.7931985294117645,2.7979383612075313,2.787339029967505,2.785031632790416,2.7963525835866263,2.781175671083928,2.764857881136951,2.742284786139686,2.7150466045272967,2.679533574587857,2.6380133715377267,2.566079295154185,2.527044025157233,2.5038979447200567,2.4621389539422327,2.405588484335309,2.3760445682451254,2.350842418235877,2.2912540394037317,2.3223765955043487,2.2879359095193212,2.2332164328657313,2.303078768492603,2.197520883858798,2.2017167381974247,2.2661760196258816,2.1647718423921507,2.176174223955794,2.1980469419222204,2.183073654390935,2.1783088235294117,2.1714285714285713,2.170649812364211,2.1517438303079746,2.1128818061088976,2.100421348314607,2.1171696677656606,2.1273816004354926,2.1096829477292203,2.0973478939157566,2.101477199743096,2.0528063766190634,2.078759800427655,2.1179564237415476,2.0094126506024095,2.010065814943864,2.0841520717642035,2.069134701159679,2.050443717888837,2.054862842892768,2.082534611288605,2.143859649122807,2.214591162368796,2.261281054588474,2.556771545827633
1700.0,0.0,2.4223227752639516,2.9375,3.012440758293839,3.0948275862068964,3.204231830726771,3.3029578727218403,3.3494698017519595,3.3083892617449666,3.1775229357798165,2.988172678888232,2.7830802603036875,2.5983050847457627,2.4471153846153846,2.331733333333333,2.2455367493623926,2.1803950801341783,2.1293978126235342,2.0927300742400896,2.0561567709856683,2.0310817048776735,2.0097244732576987,1.9591261451726567,1.9235886713552557,1.9012596505485575,1.885946176847501,1.8786451323463436,1.8755534840363552,1.8756363636363635,1.8774387193596798,1.8804038312192597,1.883165161975571,1.8855373013735524,1.8912921348314606,1.8939135381114904,1.8997353719494265,1.9038287609285498,1.9081097748997842,1.9106422587651257,1.915452818239392,1.9220350181698052,1.9260869565217391,1.9303991811668373,1.935371785962474,1.9398868458274399,1.9447852760736197,1.948,1.9570552147239264,1.9614335800545384,1.9616711383671905,1.974296205630355,1.982873851294904,1.9913307325530993,1.9991122947181537,2.0069380203515266,2.013888888888889,2.0185909980430528,2.0227732793522266,2.0254281266216916,2.0289106866288074,2.030510257759074,2.030066815144766,2.0301994301994304,2.026916325336454,2.023995200959808,2.0180012414649284,2.0104234527687295,1.9473684210526316,1.9072444878896493,1.8919610855094726,1.9627763783935068
1600.0,0.0,2.428291727851199,2.987567266654296,3.03975058456742,3.101283880171184,3.1957879270233867,3.286685325869652,3.332299100217189,3.3007723761926395,3.184884447220487,3.0145631067961167,2.8245787908820614,2.6518759437797654,2.5105263157894737,2.402446126965638,2.321766561514196,2.2604008758632306,2.2125311498754003,2.1786656615152658,2.145518729162581,2.1237664473684212,2.106125970664366,2.0633294528521535,2.0364362365859745,2.0214854111405836,2.0127706829539145,2.01161777519605,2.013533834586466,2.0180910792264504,2.0237560192616373,2.030493868080875,2.035968781812012,2.04020618556701,2.0489810511262068,2.053887884267631,2.0619402985074626,2.067990832696715,2.074131876706984,2.0780698313063946,2.0839328537170263,2.0940882597835135,2.098063973063973,2.1042024013722127,2.10989969472307,2.1152482269503547,2.121554450971532,2.1260236578707916,2.1373863092388703,2.142857142857143,2.142925430210325,2.158295281582953,2.1679626749611196,2.177133655394525,2.1871569703622393,2.1952054794520546,2.2029498525073747,2.2083082480433474,2.21406347230865,2.2154238368387507,2.219898605830165,2.2206451612903226,2.217598908594816,2.2170272156315423,2.2136200716845877,2.20704845814978,2.2,2.186602870813397,2.092014806980434,2.027981345769487,1.9943467336683418,2.0208262205530896
30000.0,90.0,1.7812203604173253,1.3184559710494572,1.2794033275960988,1.2637759710930443,1.2556885439957912,1.2591862340921312,1.2719812426729191,1.2929594272076372,1.3205510052122114,1.3517587939698492,1.3848702374378796,1.418145956607495,1.4494208494208494,1.4758497316636852,1.5015908857641385,1.523008642840458,1.5414080042266542,1.5599880916939566,1.5750836120401337,1.5897917057609308,1.6042105263157895,1.6376648891383665,1.6682908545727135,1.6946946946946948,1.7132401862940785,1.7244718309859155,1.7204053431598343,1.7056457619544168,1.6787624140565316,1.6399420429847862,1.5917569193742478,1.5399183067211288,1.4835955056179775,1.4313513513513514,1.381562099871959,1.3350746268656717,1.294926913155632,1.2604878048780488,1.2361561695939143,1.2098992876443135,1.1923495780016335,1.1793062021324523,1.16645056726094,1.1603706343549536,1.1486686390532543,1.143987341772152,1.1442432082794307,1.1397075365579303,1.1396688264938806,1.137079831932773,1.135012737050665,1.1338391502276175,1.1350640814985211,1.1358024691358024,1.1347939101373932,1.139450282942603,1.1369346733668342,1.1355119825708062,1.1389671361502347,1.1404466501240695,1.1389031266017426,1.1379888268156424,1.1394348894348894,1.1387054161162484,1.138908575478384,1.1398176291793314,1.1758970358814351,1.2042618544826262,1.2309451219512195,1.2798206278026905
30000.0,40.0,1.7902413613474562,1.332054412277642,1.2911051212938005,1.2734584450402144,1.2643587726199843,1.2665875498975079,1.2792345854004252,1.2997827661115133,1.3269143633892162,1.3585168664622247,1.3917595406957108,1.4244865082561418,1.4557081951681667,1.4837822979659154,1.5091598231206569,1.530935251798561,1.549674267100977,1.5689338235294117,1.5844961240310078,1.600092893636786,1.6158059467918622,1.6507936507936507,1.684358194996493,1.714240903387704,1.7366876310272537,1.7516741071428572,1.7549668874172186,1.745437079731028,1.7225534028812717,1.6888888888888889,1.6449159327461969,1.5961490372593148,1.5417690417690417,1.4908274054661175,1.4408457040035987,1.394246137453383,1.3534912718204488,1.3177570093457944,1.2922564529558702,1.2651162790697674,1.2471300354831976,1.2327014769159204,1.2197508896797153,1.213743676222597,1.201480384900074,1.197003506534906,1.1975652173913043,1.193123628383321,1.1937060203283816,1.1918103448275863,1.189997663005375,1.189433962264151,1.1913327882256746,1.192566578870354,1.191785052501544,1.1967213114754098,1.1944347826086956,1.1925308194343727,1.1968105795410346,1.1977841608535085,1.1951633432329232,1.1939953810623556,1.1947395042994435,1.1927252985884909,1.1930232558139535,1.193167701863354,1.2320244773074962,1.2616151253114467,1.288177339901478,1.3381294964028776
1400.0,20.0,2.5692821368948247,2.8509933774834435,3.0182712579058326,3.15693667923547,3.2903954802259885,3.4078651685393258,3.4681227863046047,3.4393673110720564,3.321446138711264,3.1559244791666665,2.9508196721311477,2.759117082533589,2.623340707964602,2.484848484848485,2.409670920080591,2.3513219847881204,2.2981916121585226,2.2749381698268754,2.2369668246445498,2.2100725952813067,2.1884265901482545,2.123508043591074,2.089938167509837,2.050179211469534,2.037153652392947,2.0270984798413747,2.035220994475138,2.0278969957081543,2.0265095729013254,2.014361300075586,2.0248833592534994,2.075,2.0336617405582924,2.0596638655462183,2.041166380789022,2.029642545771578,2.0735694822888284,2.070127504553734,2.0830223880597014,2.0584291187739465,2.068027210884354,2.096660984658578,2.094821446739241,2.1026438569206842,2.1021528070916,2.1278195488721803,2.062971466054444,2.0673183736947345,2.143666440063449,2.131870752354835,2.1474045053868758,2.148917310371027,2.169602087410307,2.140374331550802,2.1827911561751865,2.154500354358611,2.149218864067747,2.1626506024096384,2.2130394857667586,2.2438330170777987,2.144918243026611,2.168354640544579,2.1684894053315107,2.1821396993810787,2.1892290667650314,2.1465369204350315,2.0813028981790205,2.042671009771987,2.0358796296296298,2.1322525597269624
6000.0,90.0,2.4620797498045346,2.4238861386138613,2.7294398092967818,2.9630559540889525,3.1341463414634148,3.217076869240639,3.211865958615638,3.136219640971489,3.033952823445318,2.890984360625575,2.810623556581986,2.7446958981612446,2.6486941870261163,2.642699779691568,2.630583786338927,2.587232891533676,2.589894606323621,2.5767524401064774,2.5746120175089535,2.5838397479180735,2.569987389659521,2.564011609158336,2.548202614379085,2.533906882591093,2.512,2.4834680382072007,2.425170068027211,2.398635477582846,2.3849878934624695,2.3525127458120902,2.3067792139277237,2.2825300332899117,2.2642967542503865,2.2139020022790166,2.2482807265032623,2.218951241950322,2.1715292735461134,2.2388680815647106,2.1415034744156665,2.1492170022371364,2.212077641984184,2.1143552311435525,2.126968004062976,2.1513527993570856,2.13672848048713,2.1339465363610235,2.127159023228112,2.1271997530101885,2.107427478482627,2.0716262975778545,2.0600073179656055,2.073605065294816,2.085847853803655,2.0672905525846703,2.053988326848249,2.061152882205514,2.011910926980839,2.0360910605219322,2.076157000585823,1.9706227967097532,1.9727932285368803,2.044,2.0313588850174216,2.0138787436084735,2.0187207488299532,2.046666666666667,2.107142857142857,2.1775340239691245,2.2244031830238726,2.509619495510902
1900.0,10.0,2.4680246328754145,2.8372093023255816,3.0031534038211833,3.1451612903225805,3.292668957617411,3.4182156133828996,3.478697460909482,3.440635451505017,3.2970807097882084,3.0925925925925926,2.8693673190714613,2.6688137412775093,2.5082872928176796,2.3880494505494507,2.2979683972911964,2.231707317073171,2.1798436142484796,2.1404651162790698,2.1036168132942326,2.0741431086258673,2.0502965077970567,1.9867069486404834,1.9380355965721818,1.899886234357224,1.8732118656828791,1.8555060471037557,1.8421926910299002,1.8364867210553724,1.8310871518418688,1.8286993842134727,1.8272884283246977,1.8262819263014234,1.8273821669047132,1.8270583367811337,1.8289022298456261,1.8301013662406347,1.8317524841915085,1.8319308619513304,1.8337595907928388,1.8369432952056461,1.8379778051787916,1.8401814973531636,1.8419023136246786,1.844077568134172,1.8464630225080385,1.8477967018113004,1.852974828375286,1.8547729918509894,1.854810996563574,1.8618683001531393,1.8658076681332496,1.8707883545960091,1.8747481531229013,1.8796068796068797,1.884797666788188,1.8873554643789632,1.8905645784996132,1.8927720413026212,1.8944246737841044,1.8955645161290322,1.897775876817793,1.8975032851511169,1.8977477477477478,1.8974121996303142,1.896551724137931,1.8938631790744467,1.870121130551817,1.8590947907771136,1.868231960327902,1.9963553530751708
27500.0,20.0,1.6521189120809614,1.28839590443686,1.2742030696576152,1.2676547515257193,1.256340579710145,1.2513877874702617,1.2534005037783376,1.2664576802507836,1.2864823348694316,1.3141263940520447,1.3442950783246306,1.3760986488259215,1.4064318529862174,1.434052333804809,1.459016393442623,1.480901978831109,1.5005205622071838,1.5178990610328638,1.5341696929679762,1.549165120593692,1.5638031693077565,1.5986584684181107,1.6306306306306306,1.6621198342932202,1.6879240162822253,1.7076002176673317,1.7194798940524922,1.7222574508560557,1.715824357912179,1.7001072961373391,1.6746905089408528,1.6447944006999125,1.608145294441387,1.5704863973619125,1.5313189611271432,1.492633326416269,1.4561667922632504,1.421875,1.3943409742120343,1.366750208855472,1.345128453708192,1.327576601671309,1.311279143037177,1.3019943019943019,1.2876071706936867,1.281303602058319,1.279773156899811,1.2757745048247842,1.2756164383561643,1.274097874443895,1.2733714908694467,1.2736030828516378,1.275651334834352,1.2776145203111495,1.277686252974556,1.2827410170822697,1.2812884694296265,1.280171489817792,1.283894449499545,1.2845547863451898,1.2822161761068513,1.28017126036928,1.2802898550724637,1.2776230269266482,1.2766447368421052,1.2763066202090592,1.309573361082206,1.3338028169014085,1.354112554112554,1.4000557568999163
5000.0,70.0,2.737142857142857,2.5109447004608296,2.739574703120685,2.900866738894908,3.007820136852395,3.0641447368421053,3.057618437900128,2.993912562257886,2.9056415376934597,2.8219178082191783,2.744299674267101,2.6892093485827946,2.6572118286059143,2.6338526912181304,2.623853211009174,2.620889748549323,2.618181818181818,2.614876872302615,2.6123316796598157,2.605577689243028,2.595843783590111,2.569116655428186,2.531511433351924,2.4897890860395044,2.445712037765539,2.4037238873751137,2.3652263374485596,2.331623931623932,2.304590570719603,2.2795196797865245,2.259656652360515,2.2405551272166537,2.226978998384491,2.2124044180118947,2.2026666666666666,2.1928044280442807,2.179030662710188,2.1735636801928484,2.163810324886973,2.1551344204495373,2.1474832405408475,2.13798059647862,2.130520602023193,2.123226383740253,2.1152829190904283,2.10663021189337,2.0989399293286217,2.0906837731447734,2.0831443688586546,2.0634396167189824,2.0494515061814385,2.0337411939191696,2.019230769230769,2.0059707638459954,1.9914836396234872,1.982387923147301,1.974019725763772,1.9653076728285641,1.9603650586701433,1.9553179824561404,1.951726073533539,1.9474933254227231,1.94477195159789,1.9451697127937337,1.948042951160374,1.951982539105129,2.0281124497991967,2.0994248151191455,2.1426307448494453,2.388065233506301
30000.0,0.0,1.6986754966887416,1.2513833992094863,1.2305447470817121,1.2304655029093932,1.230791618160652,1.2374710871241326,1.2523456790123457,1.2744128553770087,1.3031226199543031,1.337962962962963,1.3738338516215016,1.4092283423162877,1.442925180519281,1.473207948899929,1.4996955551045261,1.5223502304147465,1.5430653135571168,1.5611826697892273,1.577719355898784,1.5934389974198304,1.6082644628099174,1.6446280991735538,1.6779661016949152,1.709486166007905,1.737748344370861,1.7570771408351027,1.7673872180451127,1.7669662224976759,1.756394640682095,1.7350923482849605,1.703125,1.6657986111111112,1.6235190873189995,1.579381443298969,1.5342419080068144,1.4911292005844292,1.4509357612544258,1.4145234493192134,1.385945945945946,1.3573825503355705,1.3359223300970873,1.3179544191217343,1.3026315789473684,1.2942836979534227,1.2825250192455735,1.2759493670886075,1.2752548656163114,1.2711022840119166,1.27096016234113,1.269041621686458,1.2682765901293218,1.2680619266055047,1.269745024875622,1.2716028748119672,1.2717449069973428,1.2768060836501902,1.2761090113387707,1.2757544224765869,1.28,1.2818667285813792,1.2805201059475078,1.2806788511749347,1.282639478901161,1.2813446396123562,1.28125,1.2817622950819672,1.3180193976518633,1.3434692467173461,1.366808510638298,1.4185663279318868
15000.0,80.0,1.8643387517559702,1.5162381596752368,1.4829931972789117,1.476923076923077,1.4736269711799892,1.4714484679665738,1.4693171996542782,1.4658697703680403,1.46125,1.4549728220949023,1.4477815699658703,1.4396703943496174,1.4311270125223614,1.4225708502024292,1.4137243735763099,1.4056212072820184,1.3971428571428572,1.3893099321898683,1.381567230632235,1.3742544731610338,1.367369589345172,1.350696991929567,1.3372319688109162,1.3237391417088034,1.3128337639965546,1.303347756775222,1.2956989247311828,1.2892594028693292,1.2838645418326693,1.280202403542062,1.277998411437649,1.276406712734452,1.274866569626395,1.2738834664300502,1.2738648552020022,1.2741693461950696,1.274444728108246,1.2753623188405796,1.2768079800498753,1.2764632627646326,1.277992277992278,1.278862242052426,1.2798722044728434,1.2814327485380117,1.2813781788351108,1.2829493087557604,1.2862468931234465,1.2867100902753972,1.288653287895999,1.2915046365539935,1.2937521574042112,1.296101364522417,1.2997168372903507,1.3017737296260785,1.3010613512813876,1.3042499296369265,1.300924545183418,1.2988650693568726,1.3011804384485666,1.301570306923626,1.2994034302759134,1.2993865030674847,1.301836094939543,1.3011583011583012,1.3025296850800208,1.3036792970895112,1.3246963562753036,1.3367083153813013,1.3440438871473355,1.3428
8000.0,40.0,2.1559854897218864,2.184931506849315,2.519083969465649,2.7596449300102424,2.860831234256927,2.8319755600814664,2.7380599228715514,2.6214757048590283,2.5084485407066053,2.407570977917981,2.322201138519924,2.2536912751677853,2.2016588906169,2.160810005955926,2.130434782608696,2.1134099616858237,2.099052540913006,2.090909090909091,2.08688153497898,2.083283186905765,2.0814904168342045,2.0852173913043477,2.089905362776025,2.097036606624056,2.106066244882769,2.1166745394426076,2.1293561724748966,2.1415025528811085,2.1509769094138544,2.1569668649107903,2.1575984990619137,2.154477502564854,2.146588037068239,2.133587786259542,2.1198257080610023,2.1020853540252182,2.0859311466522095,2.0706095353047678,2.053074433656958,2.0416815105094406,2.03421156114825,2.0249895876718034,2.020600089565607,2.0188588007736943,2.0169144028703228,2.0184983677910773,2.0207015526164462,2.0230582524271843,2.026751592356688,2.036144578313253,2.0453149001536097,2.0575783234546994,2.066420664206642,2.0747295968534907,2.0879478827361564,2.0933393747168103,2.099834005216979,2.1101270696958028,2.119639442775198,2.12129603987815,2.126527677929547,2.142166344294004,2.150924024640657,2.1605387695668004,2.172970843183609,2.1869676320272573,2.325962638200534,2.40962441314554,2.440466926070039,2.467920725562647
22500.0,70.0,1.547126436781609,1.3077477477477477,1.279988382224804,1.261400651465798,1.246353322528363,1.2371487320082248,1.2338983050847459,1.2325102880658436,1.2341975308641975,1.2383047367649216,1.244218156713842,1.2518622911214012,1.2608290638099673,1.2707108498129343,1.2813166717464188,1.292387543252595,1.3033268101761253,1.3146266018559434,1.3265204386839482,1.3376404494382022,1.3491761723700888,1.3773584905660377,1.403978131906479,1.4289772727272727,1.450938566552901,1.4692241626109361,1.4823126664130848,1.489010989010989,1.490590525632706,1.4862614487926729,1.475929054054054,1.4624767966056749,1.445705824284304,1.4280502634779084,1.4090009891196835,1.389237668161435,1.369666547149516,1.3502343417128249,1.334008097165992,1.315262227460224,1.2993150684931507,1.2853754940711462,1.270440251572327,1.2610030706243602,1.2468996617812853,1.2385240775484678,1.2344424335235973,1.2272110893475967,1.2239344262295082,1.216691616766467,1.2111504056584148,1.2070925210275063,1.2057949479940564,1.2050666666666667,1.2031602708803613,1.2057038834951457,1.2026557066076509,1.2004615891856247,1.202944269190326,1.20264803236484,1.200380228136882,1.1980279375513558,1.1970640569395017,1.1949715370018976,1.1945564516129032,1.193806727175654,1.2203389830508475,1.236447267550104,1.2501687592817605,1.273773987206823
1200.0,50.0,3.269662921348315,3.277337559429477,3.5859269282814616,3.846629560915275,4.05795574288725,4.235544217687075,4.363754889178618,4.428842504743833,4.424337791765015,4.377384668747832,4.283837056504599,4.172266666666666,4.06649778340722,3.949016751638747,3.8511166253101736,3.752539242843952,3.655564581640942,3.581338106959051,3.4837153196622435,3.4033120354674664,3.3281711952696043,3.1013787510137876,2.902690748249171,2.7185653148563276,2.56427304964539,2.446403049070986,2.354953128958703,2.28731045490822,2.238174273858921,2.2042918454935623,2.1829484902309058,2.1721159777914867,2.162622124172707,2.1585247492720803,2.1575637206223104,2.1570610043815304,2.163674762407603,2.163899682091134,2.1693255982596082,2.17554975773388,2.1790310370931114,2.1868647380766224,2.191345772131798,2.1963562753036436,2.2025577557755778,2.207563025210084,2.2136130136986303,2.218981279930344,2.2243447356730344,2.2380506091846297,2.247710843373494,2.2571143285072393,2.2663575476558475,2.273784355179704,2.2823660714285716,2.287240022484542,2.2910144927536233,2.2952095808383235,2.2979890310786106,2.298865069356873,2.2994241842610363,2.298804780876494,2.2965753424657533,2.2911931818181817,2.282850779510022,2.275596612779061,2.2013110594205965,2.154914239041655,2.1386813900617083,2.209795321637427
500.0,80.0,5.502226620484908,4.978994443691557,5.024154589371981,5.0222042793702055,4.958333333333333,4.874271440466278,4.787579867727834,4.711143695014663,4.648071883189816,4.5872201492537314,4.548054919908467,4.516017912504306,4.473363155754372,4.435071090047393,4.420647995606809,4.382113821138211,4.339449541284404,4.3097696584590945,4.257950530035336,4.218289085545723,4.174112006973197,4.008241758241758,3.782916948008103,3.512086126345724,3.24508136992956,2.9368863955119213,2.6419283222327943,2.401360544217687,2.1881188118811883,2.0146804835924006,1.8777312877731287,1.7835103692463328,1.7030497592295346,1.6584527220630372,1.6213235294117647,1.5916932907348242,1.5886818495514148,1.5663338088445078,1.561904761904762,1.5700861393891934,1.573920265780731,1.5663052543786489,1.5744125326370757,1.5918367346938775,1.5961904761904762,1.6035502958579881,1.6118521535485184,1.621422558922559,1.6277813782674444,1.6538011695906434,1.6707646914187362,1.676099819912529,1.7067407922168172,1.7180299539170507,1.7336412625096227,1.7642289605967243,1.7610474631751227,1.7809174952032096,1.8083441981747066,1.8176525821596243,1.8321691889794334,1.8583919812326724,1.8832018038331455,1.9068767908309456,1.9279509453244763,1.948346542771249,2.109861591695502,2.2286585365853657,2.3155864197530867,2.5141815235008105
500.0,90.0,5.48851300176723,4.945682451253482,4.989517819706499,4.981257809246148,4.911493546404425,4.822719449225473,4.723507635354003,4.63956475744295,4.569612940496823,4.502392344497608,4.460052677787533,4.42530755711775,4.379652605459057,4.339259971167708,4.323333333333333,4.282018927444795,4.237926136363637,4.204944178628389,4.1485411140583555,4.111111111111111,4.06171900467239,3.891008174386921,3.661948376353039,3.3944954128440368,3.131385127108577,2.832148715144888,2.549491211840888,2.319208058353595,2.1162255466052935,1.9523809523809523,1.8237410071942446,1.734963325183374,1.6583979328165375,1.6177285318559558,1.582001184132623,1.5552810376775787,1.551701134089393,1.5310344827586206,1.5279943302622254,1.534848484848485,1.5393890675241158,1.5314516129032258,1.540016849199663,1.5561545372866128,1.5608856088560885,1.5688336520076482,1.5765054294175715,1.5857142857142856,1.5917426385832547,1.6172629187961385,1.6332138590203107,1.63875,1.6689207465512579,1.680919669143418,1.695906432748538,1.7267552182163188,1.7233125897558639,1.7412765957446807,1.7694687045123725,1.7786749862360067,1.7933586337760912,1.8194154488517744,1.8444198895027626,1.8681189974232841,1.889585947302384,1.910263299301451,2.0745182012847967,2.195388349514563,2.283731688511951,2.491830065359477
1200.0,40.0,3.008,2.970446735395189,3.2458377081145944,3.469041560644614,3.6536340852130325,3.8098471986417657,3.908108847258307,3.926712471372059,3.8557806912991657,3.7266129032258064,3.5520246027678115,3.3746898263027294,3.227802037845706,3.09009009009009,2.992707383773929,2.910358565737052,2.8337787279529665,2.784649173505953,2.7201851626263855,2.6718346253229974,2.629919100507336,2.502262443438914,2.3988773320125474,2.3116377785638487,2.24577861163227,2.198258804907004,2.165525824517735,2.1440878742192546,2.1299133910726185,2.1223464962337366,2.1203573107663374,2.1230168415914084,2.1238189955246147,2.1276107997962304,2.131599479843953,2.135678391959799,2.144867549668874,2.14716459197787,2.153758865248227,2.1605945788399885,2.1657295057709383,2.173541093797739,2.1786600496277915,2.1847516608668145,2.190077319587629,2.1959304233672463,2.2012032085561497,2.20700203942896,2.2130464954892437,2.225393340651299,2.2356040647346633,2.2444444444444445,2.2535211267605635,2.26094137076796,2.2690798081116443,2.274604569420035,2.2787851314596557,2.282903981264637,2.2839447355883755,2.285009861932939,2.2862862862862863,2.284675324675325,2.282422293676313,2.2773763201778765,2.270348837209302,2.2629674306393244,2.192851205320033,2.1504453267517976,2.1364452423698386,2.2168359941944846
22500.0,60.0,1.5504263451925904,1.308960339480986,1.280590717299578,1.2622222222222221,1.2474176094441711,1.2379762648344785,1.233976833976834,1.2326454033771106,1.2354994931861696,1.2391275257594005,1.2451165721487083,1.252894688476383,1.2619604507761004,1.2718399219131284,1.282215418870025,1.2936156763590392,1.3046120843761173,1.3161081953976586,1.3278688524590163,1.3393223819301847,1.3508975101331788,1.3793103448275863,1.4057847724372607,1.4314376443418013,1.4537470725995316,1.4722222222222223,1.4851967955416232,1.4931318681318682,1.4937537180249851,1.4900611620795108,1.4801163918525704,1.4674310807514028,1.4510457714458926,1.4334579439252337,1.4147065540077643,1.395188053097345,1.3757475083056478,1.3573407202216066,1.3407058823529412,1.3225274725274725,1.307101727447217,1.2928994082840237,1.279089376053963,1.2704523580365736,1.2555815436955136,1.2479319309855825,1.243812532912059,1.2367218732153056,1.2337117089099674,1.2269087026161238,1.2214073339940534,1.2177874186550977,1.2164972819664381,1.2155764825655384,1.2136890326057665,1.2162083936324168,1.2134017506791428,1.2109571788413098,1.2129010695187166,1.2131837307152875,1.2102973168963016,1.2079091620986688,1.2071156289707752,1.2044223826714802,1.2036415908001916,1.2028397565922921,1.2277904328018223,1.2435923723600575,1.2566717019133937,1.28
8000.0,50.0,2.1531531531531534,2.1589799240368963,2.4461979913916787,2.632280167491435,2.676829268292683,2.6089261104632673,2.4962360734718456,2.37866986219293,2.270722433460076,2.1793833696667706,2.102621722846442,2.0415745245466606,1.9969151670951157,1.9609004739336493,1.934915254237288,1.9194167306216423,1.9090121317157713,1.9013671875,1.8991357619516465,1.8966997914366335,1.8975696828230124,1.9063968196602818,1.9173396674584322,1.9319453076444997,1.9495357287040775,1.9698857736240913,1.9921208141825344,2.013104013104013,2.0325857387106505,2.0474921250302884,2.0576840292724925,2.0621516635703427,2.0603700097370985,2.0537491705374915,2.045006321112516,2.0318220219656435,2.020170185943902,2.007010164738871,1.9939804364183598,1.9859096560298384,1.9798811156835847,1.9709724238026125,1.9682622268470344,1.9679595278246205,1.967222884386174,1.9690069576217584,1.9699398797595191,1.9732205778717407,1.9770710059171597,1.9851973684210527,1.99288256227758,2.0009775171065494,2.0110779718789944,2.0169971671388103,2.0274485339987525,2.0338541666666665,2.0361560418648907,2.046422800058763,2.0534458509142053,2.0557491289198606,2.0611439842209074,2.073910645339217,2.0834959032383926,2.0904189133139774,2.103139013452915,2.1152542372881356,2.2385874246339363,2.3124174372523116,2.3394575678040246,2.341880341880342
600.0,10.0,3.2908339076498967,3.61228813559322,3.5818125579956694,3.559436274509804,3.5374376039933444,3.488676773348306,3.391864208369915,3.246627318718381,3.087640449438202,2.9094076655052263,2.798679867986799,2.726930320150659,2.631361191559785,2.624745992323324,2.6257803892765335,2.5858300115725856,2.5948509485094853,2.595561918396564,2.59659511472983,2.6197488761432335,2.62073406310367,2.630593840394759,2.6524006473655817,2.6783033033033035,2.7030185004868548,2.7269060104880998,2.720527617477329,2.7440186322252806,2.778745644599303,2.79023307436182,2.787550744248985,2.8046511627906976,2.8183321521379634,2.7996187753157016,2.8560867422375553,2.854301342615614,2.8349465104431992,2.913941930421135,2.8448947778643805,2.868961836135575,2.9395528567485507,2.872516556291391,2.8944413250982595,2.9278113316077077,2.928675400291121,2.9385161099615726,2.945143884892086,2.9571167883211675,2.9535098522167487,2.949282296650718,2.958997722095672,2.9956169925826024,3.02711157455683,3.031471004243281,3.042513863216266,3.0618479880774965,3.0271390878251037,3.065336463223787,3.1134808853118714,3.0084,3.0125607779578605,3.094501718213058,3.078138718173837,3.0526552655265524,3.0439663236669783,3.062287104622871,2.961394769613948,2.906870229007634,2.856640281442392,2.948082920565034
15000.0,90.0,1.8642164369576315,1.5168132436627004,1.4836752383704133,1.4779199339661577,1.4745011086474502,1.4719659332860184,1.4704845814977974,1.467037076610749,1.4620478858889454,1.4553210597215986,1.448018080667594,1.4396482813749,1.4314350797266515,1.422680412371134,1.413863109048724,1.4052032520325204,1.3972353583121135,1.3891145410235581,1.3812330009066183,1.3739878542510122,1.3666666666666667,1.351270553064275,1.3363095238095237,1.3239176346356916,1.3128178151849903,1.3034306907742235,1.2954407294832826,1.288757396449704,1.284338570704511,1.27992277992278,1.2770597738287561,1.2754641244355243,1.2737361282367448,1.2732601833759207,1.2732061762034514,1.273301393728223,1.2738589211618256,1.2743715511955855,1.2759493670886075,1.2754844144903117,1.2765540871267744,1.2777149321266967,1.278497409326425,1.2809488510007412,1.2799003322259137,1.2807835820895523,1.284336338855106,1.284838672371921,1.2871919295109182,1.2896249243799154,1.2915940006975932,1.2940133910988578,1.2974043114826221,1.2993707647628268,1.298667363470081,1.3017902813299234,1.298314268512944,1.296531975819281,1.2989445011916922,1.2989913544668588,1.297327813323297,1.2968620974401321,1.2992766726943943,1.2992202729044835,1.2996352266805629,1.3011647254575707,1.3226863226863226,1.3344244408074195,1.343046357615894,1.34185952090946
5000.0,60.0,2.7278969957081545,2.50390015600624,2.7300995024875623,2.8866229667395,2.9800086918730986,3.0209992758870383,3.0022346368715085,2.9317782393353573,2.838709677419355,2.754896474538332,2.677936563262461,2.6230344241393966,2.588265568708183,2.5652173913043477,2.5532670454545454,2.548971193415638,2.544090056285178,2.541036717062635,2.539855072463768,2.5336414299306784,2.5252370755582745,2.507243577361406,2.478281853281853,2.4452554744525545,2.4107883817427385,2.3766077170418005,2.3444800732936324,2.3168367346938776,2.2940848214285716,2.272289156626506,2.2545336787564767,2.237928621413576,2.22556943423953,2.2137877614252517,2.201782820097245,2.193765796124684,2.180831826401447,2.1755514705882355,2.1665062560153996,2.1580700514787523,2.1505936263278485,2.1414452009663956,2.1342084417788842,2.1261874047144365,2.118160863763193,2.1106788806625674,2.103282729985727,2.0950468540829985,2.086630570595585,2.0682852807283765,2.052471604543273,2.037131664111736,2.022714981070849,2.0090805902383657,1.995675453047776,1.9863387978142077,1.9781167108753315,1.9690553745928339,1.964063248682319,1.9589524049357845,1.9556472408457968,1.9509536784741144,1.9484183528070675,1.948157027270003,1.9513358778625953,1.9552438209752838,2.0310689836756186,2.100979653353429,2.1443798449612403,2.3893985728848115
27500.0,30.0,1.7079347214406302,1.3100580059100362,1.287396937573616,1.2761791753188965,1.263267864605098,1.2583333333333333,1.263007840342124,1.2758928571428572,1.2971724062053032,1.3245989304812835,1.3553559974342528,1.3867476741978355,1.4171479342514437,1.4449011045466222,1.4698263173388284,1.4922922252010724,1.5117602427921093,1.5297389816003424,1.546242774566474,1.5617551462621886,1.57673568818514,1.6127450980392157,1.6477959766956138,1.6797395293769424,1.7064785373608904,1.7266932270916335,1.7379358929200424,1.7384259259259258,1.7296318648159323,1.7095015576323989,1.6789264413518887,1.6440251572327045,1.6016975793775543,1.5595400506723835,1.516244624940277,1.474095513748191,1.4351145038167938,1.3997534921939194,1.3713592233009708,1.342841163310962,1.3219794344473008,1.304316020482809,1.289344262295082,1.280588776448942,1.2666666666666666,1.2608790252393385,1.2598613435333492,1.255422301607553,1.2554213560252538,1.254073163233938,1.2530770527735626,1.2529239766081872,1.2551040634291377,1.2568143100511073,1.2565315315315315,1.2617547261269995,1.2596056622851366,1.2577836411609498,1.2612359550561798,1.262256349675133,1.2592479364108835,1.2571239231278992,1.2566594672426206,1.2536566589684373,1.2525625256252562,1.2526132404181185,1.2888739946380696,1.3157894736842106,1.3391725250662672,1.3863636363636365
6000.0,80.0,2.4608294930875574,2.423357664233577,2.728337236533958,2.960211267605634,3.129568106312292,3.2110196616369455,3.204875425703531,3.1267751097340564,3.025865082139112,2.883093525179856,2.8030474040632054,2.736696613683483,2.64332784184514,2.6350293542074366,2.622648043402978,2.5785997357992074,2.5813777441332326,2.5693481276005548,2.568040435458787,2.5769569041336853,2.562838836865451,2.5576923076923075,2.5431654676258995,2.5297324083250743,2.5090470446320867,2.4812680115273773,2.4240400667779634,2.398086124401914,2.385122715969294,2.3526604628966834,2.3070937621579564,2.283599088838269,2.2658150851581507,2.2156360140980453,2.2496094428050686,2.2206122079333452,2.1727395411605936,2.2418032786885247,2.1422646204894233,2.1502533597708746,2.2138810198300285,2.115771812080537,2.128064032016008,2.153074689891792,2.1382601581674394,2.1356556216369302,2.1288145539906105,2.128993002738059,2.1086683417085426,2.072962836685987,2.0609228550829126,2.0744639376218323,2.087102177554439,2.0689503732981995,2.0560882070949185,2.0632411067193677,2.0127551020408165,2.037766830870279,2.077944572748268,1.9722061378112334,1.9737939249553305,2.0459921156373193,2.0315717227179135,2.014388489208633,2.0199846272098387,2.0476190476190474,2.1096075778078482,2.1788715486194477,2.225444096133751,2.510262077676034
1400.0,30.0,2.745557350565428,2.821379781420765,3.043859649122807,3.2255434782608696,3.3856022808267996,3.522187004754358,3.5910804020100504,3.5644402634054564,3.4379136881122583,3.2633250970702434,3.0435744304357444,2.8401270513499206,2.698520345252774,2.5521873923527387,2.4740458015267177,2.4139650872817957,2.3569203382287496,2.3331730769230767,2.290844714213455,2.259378349410504,2.2336554860716316,2.154086088583905,2.1057298772169166,2.051824817518248,2.027863777089783,2.009795918367347,2.011986301369863,1.9982222222222221,1.9935779816513761,1.9792452830188678,1.9873663751214772,2.0365693504394384,1.9934102141680394,2.0200527704485487,2.000215656674574,1.9866169372531812,2.0318405680907112,2.0271046284598597,2.0410087202451095,2.015748031496063,2.0253476067429554,2.0536281611386453,2.0508518327310274,2.0592495062541145,2.0579554601556214,2.0844723892837616,2.0178248154853082,2.0226628895184136,2.100086780445473,2.0894383394383396,2.1036106750392465,2.105091914755165,2.1276238455079763,2.0975525680799723,2.142337095012741,2.114044737807114,2.107055040665784,2.1219226260257913,2.172530312065196,2.20440057577627,2.1072397245983727,2.1317896559186322,2.1313266443701226,2.147874306839187,2.1568911416847696,2.11525,2.065076660988075,2.035386631716907,2.0338365434669443,2.1457203489742986
30000.0,50.0,1.7812570398738454,1.323918799646955,1.2841437632135306,1.2684069611780455,1.2590420332355816,1.2626586506346025,1.2752582735072666,1.2961392546306627,1.3234802007808142,1.354916067146283,1.3884742951907132,1.4214426877470356,1.4529616724738676,1.4808080808080808,1.5054095826893354,1.528169014084507,1.546812749003984,1.5654126895002807,1.580608509026638,1.596257442585767,1.6104392106938257,1.6462585034013606,1.678520625889047,1.7070476190476191,1.7281504065040652,1.7415654520917678,1.7426796805678793,1.7301477377654664,1.7070992707248103,1.6712147053249953,1.6251189343482397,1.5756140870079904,1.519884309472162,1.4684210526315788,1.4177148846960168,1.3707587908698335,1.3302225412778177,1.294407894736842,1.269449715370019,1.2423668140661193,1.2236981309509816,1.2100456621004567,1.1967375886524823,1.1906103286384977,1.1782145782145783,1.1736147757255937,1.1740214888718343,1.1693142972049064,1.169637105432682,1.1673353788057588,1.1651352730985196,1.164289632473944,1.1657754010695187,1.1668261562998405,1.1661062542030936,1.1708029197080292,1.1686244789693065,1.166995657323332,1.1709800593975392,1.1720430107526882,1.1699074074074074,1.168850806451613,1.170353982300885,1.1687462863933453,1.1694267515923567,1.1704158145875938,1.20774046670461,1.2375516956162118,1.2644645941278068,1.3140495867768596
30000.0,70.0,1.781919577340769,1.3197412823397074,1.2801285484734868,1.2641350210970463,1.2566088774130086,1.2598491198658843,1.2726475104189516,1.2934115019542156,1.3205574912891986,1.352437981180496,1.3859286083807554,1.4187192118226601,1.4500723589001447,1.4769488683989942,1.501923076923077,1.5239763520910883,1.5430340557275541,1.5603628750872296,1.5762233375156838,1.591797218799507,1.6061623543353742,1.6401475237091676,1.6712425202393524,1.6980244590780809,1.7171464330413015,1.7282518641259321,1.7269076305220883,1.7111923509561304,1.685740072202166,1.6478390121198263,1.5998858447488584,1.5488881044828804,1.4925053533190578,1.4401444788441693,1.38946723821188,1.3435934144595563,1.3033057851239669,1.2678571428571428,1.2435233160621761,1.2177735535226328,1.1995778920986677,1.1860702316771092,1.1731253938248267,1.1672733576009706,1.1551630924490899,1.1504919930542157,1.150820361800589,1.146341463414634,1.1462728551336145,1.143517329910141,1.1412351149266131,1.1405228758169934,1.1418918918918919,1.142610497237569,1.1418697708257548,1.1459651898734178,1.1439114391143912,1.1425522833973538,1.146139705882353,1.1471588149587177,1.1455092824887105,1.1448879168944779,1.1460336538461537,1.1453488372093024,1.1455301455301454,1.1471025260029717,1.1831163907493998,1.2117493957984755,1.2386558744174638,1.2873166522864536
1400.0,10.0,2.4597701149425286,2.9924631723192876,3.0424286759326993,3.103401360544218,3.1965852501778516,3.2945340149429807,3.3523219814241485,3.3376264949402024,3.2456703014753048,3.1078117091277204,2.929419113054341,2.761066275372952,2.6370990237099026,2.5091743119266057,2.437250996015936,2.382540809084457,2.3310911808669657,2.309004363347878,2.274186908192672,2.2508605851979344,2.2336785231877534,2.183132530120482,2.1634863331614236,2.1378935939196526,2.1362862010221466,2.1361752516281824,2.153230769230769,2.1522842639593907,2.1569010416666665,2.149900066622252,2.162568306010929,2.2153954802259888,2.1787508973438623,2.2074780058651027,2.1904406273338313,2.18030303030303,2.2250196695515343,2.2222222222222223,2.2385173247381145,2.2155243600330308,2.2267782426778244,2.255593803786575,2.253705318221447,2.264418811002662,2.265103697024346,2.29029304029304,2.224186046511628,2.2313503305004723,2.3096153846153844,2.298549556809025,2.3143564356435644,2.3160357294768184,2.3391237845515134,2.307949977668602,2.352320675105485,2.3232799245994347,2.3162610485530934,2.3292622133599203,2.383000252972426,2.4148727984344425,2.309725158562368,2.3316486818740607,2.327670925171978,2.3400551283911213,2.344765070252304,2.293162660006244,2.181291390728477,2.10801665799063,2.073484384568279,2.1204739960500327
27500.0,10.0,1.5552158960641957,1.2704495210022109,1.267969037965352,1.26532058094226,1.2540332289910907,1.2469597754911133,1.247843137254902,1.2578616352201257,1.276796230859835,1.301913536498937,1.3324894514767933,1.362462760675273,1.391907514450867,1.4186759024910085,1.4425331100624144,1.4636929460580912,1.4817347138112913,1.4982394366197183,1.5134867607027964,1.526959421901056,1.5404308460817984,1.5716673631424989,1.6003363228699552,1.6272590361445782,1.6513483486516514,1.6695886716115982,1.6812164579606441,1.6855864342910976,1.6818461538461538,1.6701236537694455,1.6509482316760635,1.626797385620915,1.5978530140379852,1.5655415199834335,1.5320298430666324,1.4981006647673314,1.4650714010034736,1.4338919925512104,1.4072625698324022,1.380921052631579,1.3585994613312813,1.340463458110517,1.3245167853509665,1.313475997686524,1.2988505747126438,1.2911660777385159,1.28828125,1.2835443037974683,1.2819343065693432,1.280405755097816,1.2802292263610315,1.27936031984008,1.2815086148419481,1.2831096849474912,1.2835497835497836,1.2881496193313473,1.2872727272727273,1.287033683448026,1.290699904122723,1.291716928025734,1.2901208837015423,1.2890941865705272,1.2895057219381543,1.2875324675324675,1.2869349503858876,1.2871720116618075,1.3171355498721227,1.3386454183266931,1.3575883575883576,1.399561403508772
1900.0,20.0,2.6126335346028795,2.7765567765567765,3.0111238971998464,3.1991584852734922,3.364734299516908,3.4990079365079363,3.5624515128006204,3.5260380821289288,3.3864795918367347,3.1813232830820772,2.960855949895616,2.7607476635514017,2.601151907847372,2.483739837398374,2.3937219730941703,2.327485380116959,2.2765845992666316,2.2388901421159484,2.200404617398548,2.1716021260440397,2.1457435344827585,2.076429317808628,2.0216074643967916,1.9783726289664954,1.9465361445783131,1.924641148325359,1.9097728693477807,1.9012426422498365,1.8958662751298847,1.8929577464788732,1.8915458937198069,1.890279823269514,1.8917737789203084,1.8918143899895725,1.8937550689375506,1.895219566425792,1.8971216870903391,1.8975315729047073,1.8998825601879037,1.9028290282902829,1.9045837231057063,1.9062798852406757,1.9085881587508133,1.9101160862354891,1.9124533423820835,1.914041095890411,1.9190856313497824,1.9209456963428149,1.9211482558139534,1.927209030751265,1.930855315747402,1.9354166666666666,1.9392123287671232,1.943971313312416,1.9478098788443616,1.9499045801526718,1.9529470034670628,1.954684317718941,1.9553978712620375,1.9570393374741202,1.9582188015393074,1.9588268471517203,1.9581881533101044,1.957066189624329,1.9554455445544554,1.9530944625407165,1.9264836138175376,1.914555164185888,1.9265184381778742,2.0741551939924907
12500.0,0.0,2.1229314420803784,2.1140776699029127,2.284205314408318,2.3183401044689496,2.350732600732601,2.381367292225201,2.400555041628122,2.401020160310906,2.381826525929325,2.347356664184661,2.3054882080670045,2.2627140301558906,2.2200524628388223,2.181549573210768,2.1465738365701723,2.1166666666666667,2.0897263346792285,2.0661401776900297,2.046612466124661,2.027926322043969,2.01171875,1.9795584627964022,1.9568345323741008,1.9408192272903475,1.9311911716975008,1.9244363193174894,1.9203338391502276,1.916484203941195,1.9105566218809982,1.9022907900888266,1.893159977388355,1.8805970149253732,1.8658043654001617,1.8486590038314177,1.8312083944488322,1.8142177589852009,1.7956608709032158,1.7790449037776195,1.7604679802955665,1.7476503759398496,1.7364050361639431,1.7258652094717668,1.7200547570157427,1.709467228823304,1.7135528003420266,1.7176190476190476,1.7121052631578948,1.7192575406032482,1.7210191082802548,1.736322188449848,1.7540250447227193,1.7791923197328603,1.7976176152087595,1.8084961070891954,1.8333333333333333,1.852879944482998,1.8748079877112136,1.9008474576271186,1.9123051872528496,1.9372609028309105,1.9757254464285714,2.0282708744247206,2.0734506503443,2.129245699161888,2.19019019019019,2.229955456570156,2.209991532599492,2.190412035477714,2.159914140059029,2.109083367897138
5000.0,40.0,2.7257876312718787,2.5399551904406272,2.78434940855323,2.9690048939641107,3.1097764431097765,3.210011507479862,3.240146654445463,3.1984948259642523,3.1138495493838514,3.0305232558139537,2.948998178506375,2.8911185432924564,2.8615384615384616,2.839001062699256,2.832706766917293,2.8341818181818184,2.8311258278145695,2.83206106870229,2.827542237806822,2.8186479074758557,2.808026755852843,2.7614785347256756,2.7021535960991465,2.6377858002406738,2.5730651019837945,2.5110047846889954,2.456498388829216,2.409681227863046,2.3712217965091527,2.338041002277904,2.309674282936315,2.2840731070496085,2.265684669939989,2.247995418098511,2.233711894799761,2.220433436532508,2.205706702057067,2.1963685272360456,2.1849507735583686,2.174521354933726,2.1661608497723823,2.155075939248601,2.1473251028806586,2.1389599317988064,2.131393298059965,2.12306289881495,2.1139359698681734,2.10689990281827,2.09709911361805,2.078150798018712,2.0628843253277642,2.048177887584929,2.0332112970711296,2.0197585071350166,2.0050799342596743,1.9960353766392194,1.987169206094627,1.9790611279972983,1.9732267037552156,1.968201754385965,1.964820359281437,1.9602609727164888,1.9578163771712158,1.9575994781474233,1.9605354258019847,1.9646146388754242,2.0417145044010714,2.112390350877193,2.156558533145275,2.4047146401985113
1700.0,90.0,2.9885145482388973,2.955494693598083,3.1949820788530467,3.379989631933644,3.516001753616835,3.610133708655876,3.644694533762058,3.609266409266409,3.5120615190140105,3.384192439862543,3.2365003417634997,3.0969460955113752,2.9891696750902526,2.887978142076503,2.817902183943402,2.75809199318569,2.7048327137546466,2.6699306405548757,2.6223776223776225,2.586629001883239,2.5542596348884383,2.4450231481481484,2.3470857891290113,2.251263537906137,2.1670588235294117,2.09957805907173,2.045863309352518,2.0056764427625353,1.9733990147783251,1.9525901706345152,1.938526762056174,1.9310879680921782,1.9246909379607575,1.9222689075630253,1.9205456503529974,1.9204004395067757,1.9237656689690459,1.9234228446614416,1.9267873661953219,1.9294662309368191,1.9326683291770574,1.9360390076007457,1.9399066511085181,1.9433681073025335,1.9464720194647203,1.9487975174553918,1.9531497309275088,1.9555054006126067,1.9597824295368387,1.9696441032798324,1.9741100323624596,1.981325863678805,1.9872537659327927,1.993249950367282,1.9991594872872451,2.002754820936639,2.0061282556358067,2.009963768115942,2.011756569847856,2.014087870105062,2.0147842947164323,2.0158570349861566,2.015576323987539,2.01453957996769,2.0121024486349564,2.0090431738623105,1.9784172661870503,1.963973237261966,1.972923076923077,2.1048911506926773
3000.0,0.0,2.6802244039270686,2.7032679738562093,3.0079617834394905,3.232075471698113,3.3808618504435994,3.4567588130864824,3.441698841698842,3.326869806094183,3.130890052356021,2.9115384615384614,2.7105793152470086,2.552590710151066,2.4429111220634137,2.374506486181613,2.3297491039426523,2.304124912607784,2.2875700458481916,2.280839160839161,2.2688043152532216,2.2611940298507465,2.2542194092827006,2.2166398713826365,2.1810344827586206,2.144942123804731,2.1149237472766886,2.0879765395894427,2.068407960199005,2.0500658761528325,2.036551724137931,2.0238957277335263,2.0127627627627627,2.004604758250192,1.9926948051948052,1.9859387923904053,1.976643598615917,1.9686660698299014,1.9593721144967682,1.9551820728291316,1.9481268011527377,1.936040609137056,1.9299152367169734,1.9228316326530612,1.9158216116017883,1.9092331768388107,1.9010925819436457,1.895607596411511,1.8852152214597628,1.8787492022973835,1.8777457010166938,1.8622100954979537,1.852218140717717,1.8423791821561337,1.8333076567555076,1.825874694873881,1.8198874296435272,1.8159466104671584,1.8113761467889908,1.809469696969697,1.8064638064638066,1.8050716221447929,1.8068580871720719,1.8070958147439984,1.8092523569392678,1.811682453766351,1.8166901078293483,1.8228754940711462,1.8701873935264055,1.9020824102791316,1.92089791555318,2.090456319827702
22500.0,40.0,1.5747583854462763,1.3133391078388912,1.2838960579812622,1.265,1.2497495826377296,1.2415850021303791,1.23784355179704,1.237604636188023,1.2401239349341595,1.2453874538745386,1.2519034152708288,1.2607369758576874,1.270453207769276,1.2812711291413117,1.2924946941925526,1.3042525208242,1.3161290322580645,1.328195067264574,1.3402909550917141,1.3524794862647165,1.3645875251509054,1.3942202835332607,1.422962962962963,1.4497130776200544,1.4739569130079084,1.4936708860759493,1.5080645161290323,1.5169082125603865,1.5186739404112464,1.515413737155219,1.5055096418732783,1.4917463075586446,1.4759787441709142,1.4583053578622265,1.4390967529256635,1.4199438202247192,1.4012121212121211,1.3830281894798024,1.367361111111111,1.3503679476696648,1.336529242569511,1.3234802007808142,1.310897435897436,1.3029411764705883,1.2908792111750205,1.2840073529411764,1.2814457336482186,1.2758078994614004,1.2740649908031882,1.2691490867903157,1.265490943755958,1.2629280223619845,1.2620045731707317,1.261342640114966,1.259581881533101,1.2614668218859137,1.2587633885102238,1.2565471650139843,1.2575879666935268,1.2569581107675007,1.253709630491708,1.249451582575995,1.2473844076949039,1.243718592964824,1.2416413373860182,1.2400801603206413,1.2600116076610564,1.273076923076923,1.2842497670083877,1.305153445280834
600.0,30.0,3.3450040398599517,3.115604629506452,3.2115038945476333,3.2983682983682985,3.391007155826124,3.4878504672897197,3.5483870967741935,3.5306319343945973,3.4274755927475593,3.241830065359477,3.070227032113869,2.922169148637258,2.7692553531479707,2.7060292543703177,2.6674523669220194,2.600334448160535,2.581721147431621,2.564527587023443,2.5431672422298965,2.5479843953185957,2.532354540511147,2.498541423570595,2.4809375,2.4741009567799406,2.472011057360055,2.477805846264886,2.456973293768546,2.468378689152932,2.4934653465346535,2.5004051863857373,2.4929810074318746,2.507271171941831,2.5187282229965158,2.4982394366197185,2.5530164533820843,2.5489833641404807,2.5296912114014254,2.6067580803134183,2.5364785992217898,2.5576730190571717,2.6263678999478897,2.558915537017727,2.5803191489361703,2.611597374179431,2.61188228761799,2.6201243640474843,2.6247126436781607,2.635672514619883,2.63026706231454,2.6231435643564356,2.6313451776649748,2.664021164021164,2.692729766803841,2.6944639103013315,2.701547531319086,2.7198211624441133,2.684807256235828,2.7186761229314422,2.7648494711147276,2.665587044534413,2.668036154478225,2.745183887915937,2.7315978456014363,2.708487084870849,2.7054860442733397,2.725994375251105,2.683249536914528,2.672955974842767,2.6714313308866138,2.861111111111111
8000.0,70.0,2.1576941400666985,2.1730368311327313,2.490557129367328,2.7168643630737495,2.803030303030303,2.760670731707317,2.658396101019052,2.5402092675635277,2.426046868997311,2.32555925749643,2.23963133640553,2.1730506155950753,2.1228070175438596,2.0829493087557602,2.054562757745585,2.038567493112948,2.0265151515151514,2.0195092211553116,2.0177383592017737,2.014525993883792,2.0162358470412305,2.025418994413408,2.0349726775956283,2.0467201510146293,2.0600363856882957,2.0747303543913715,2.0883765609990395,2.100969496334831,2.108804581245526,2.1132267936076166,2.1103831645820925,2.1045706371191137,2.0905987394957983,2.0749041580654675,2.0563709139426285,2.034153507161219,2.016721044045677,1.9955116696588868,1.9756795422031475,1.9639874739039667,1.9542072123640526,1.9394121175764847,1.9332905708787684,1.9316298342541436,1.9272197962154294,1.926923076923077,1.9255663430420713,1.926808510638298,1.9279359430604983,1.9349112426035502,1.9394261424017003,1.9437340153452685,1.9531348955034833,1.957252318860062,1.9662921348314606,1.9740299891791622,1.9733033129623674,1.98226395409494,1.9929551353355581,1.993991738640631,1.9996102124342234,2.0124372681649576,2.021784472769409,2.031327084361125,2.043513080619327,2.0562933025404155,2.187304890738814,2.27140549273021,2.309688581314879,2.325233644859813
1200.0,60.0,3.5854189336235036,3.5445026178010473,3.86421550782672,4.126418152350081,4.332976445396145,4.494991652754591,4.610429827821132,4.6695880806310255,4.6760028483266085,4.651378989773784,4.587227414330218,4.504508780256288,4.4244482173174875,4.328299409061064,4.243792325056433,4.1580288870008495,4.0633270321361055,3.9915833771699107,3.8910595265456216,3.8062327217893945,3.726001097092704,3.469121720710445,3.22875071306332,2.99526270456503,2.790253225035834,2.61935820506131,2.487777465580219,2.3838594401429423,2.306708268330733,2.2522727272727274,2.2152496626180835,2.192877291960508,2.175280086736538,2.1654890293789513,2.1596798780487805,2.1566265060240966,2.160438667749797,2.159591836734694,2.16303436714166,2.1690383786114706,2.172217353198948,2.1792666364870983,2.1829885057471263,2.1891130924448614,2.194072657743786,2.1997077447637605,2.2054590570719603,2.2098890010090817,2.2163833075734156,2.2286800651819663,2.2385474860335197,2.248263888888889,2.257313432835821,2.2639314145744027,2.2727860374919198,2.2779947916666665,2.2820685023505707,2.2873004857737684,2.28863796753705,2.2907231555880205,2.292068198665678,2.290769230769231,2.2878667724028547,2.2828947368421053,2.2768701633705932,2.269162210338681,2.1964612568639414,2.151819322459222,2.1345794392523363,2.202770780856423
800.0,80.0,3.757575757575758,3.729121278140886,3.9932935916542474,4.2056316197365025,4.349979364424267,4.444099378881988,4.498439589835042,4.513513513513513,4.497959183673469,4.469744887202193,4.4157214455288845,4.352373290426388,4.294525828835775,4.2175185768970955,4.151483602290473,4.084841293384752,4.010677344010677,3.9564564564564564,3.8776441310659475,3.8136759981642956,3.757606490872211,3.5472636815920398,3.3465866466616654,3.1308165057067603,2.926387771520515,2.7460964019008824,2.5945404457801153,2.469068660774983,2.370909090909091,2.2996300863131935,2.251914616262017,2.227997227997228,2.203054806828392,2.191652629608834,2.186470246171739,2.186751795690343,2.1971295905445336,2.1956938819015135,2.2061810154525388,2.2178489702517163,2.224976613657624,2.2386861313868613,2.247143566815698,2.2566844919786098,2.2660933020589002,2.275733333333333,2.284974093264249,2.293986636971047,2.303479749001711,2.325348696179503,2.3403321842682545,2.3557441253263707,2.3705583756345177,2.3828451882845187,2.3997776954427565,2.4074074074074074,2.4176037223730127,2.428743961352657,2.4348540896013153,2.443351859769132,2.448410970831519,2.4581056466302367,2.4643026004728132,2.468410661401777,2.470404984423676,2.4705246078961602,2.444193061840121,2.4253658536585365,2.4250903579340095,2.5303148581837105
800.0,90.0,3.7144896502498215,3.6832204665161776,3.943454686289698,4.1499528873334235,4.290642518326865,4.3819128171763175,4.429840972871843,4.440645161290322,4.42024013722127,4.384819650365125,4.324212271973466,4.25542655224634,4.192315429491048,4.111579934364745,4.045429962141698,3.972939729397294,3.8978958261469474,3.8461836497481596,3.764730999146029,3.703301886792453,3.6463858554342172,3.4416243654822334,3.246001523229246,3.040852575488455,2.8452730773127977,2.6745508301114396,2.5336013063685465,2.4159063053247993,2.3242613884441856,2.258014796547472,2.214983713355049,2.194319362660201,2.1713362068965516,2.1627689429373245,2.160434024413873,2.160383004189108,2.1722609246358453,2.1727078891257996,2.1824204946996466,2.1941836501030454,2.2020131086142323,2.2160779537149815,2.224571002238249,2.234378984952818,2.2443864229765014,2.2544094067343665,2.2640787315472934,2.2726004464285716,2.283180778032037,2.305749923942805,2.320440251572327,2.3365006553079946,2.3513421678559294,2.3634453781512605,2.381608339538347,2.3890977443609023,2.3994544037412315,2.4103601780655604,2.4179412980570483,2.426236559139785,2.431449846692948,2.4408799266727774,2.4485714285714284,2.4530084535057184,2.45578231292517,2.4563794983642313,2.4325971058644327,2.4142011834319526,2.417413874469089,2.5268845545598317
27500.0,0.0,1.5140981073773658,1.2702322308233638,1.2735903670255875,1.2708333333333333,1.2583668005354753,1.2494252873563219,1.247841726618705,1.2560813799203892,1.2738990332975295,1.297872340425532,1.3264367816091953,1.3555355535553555,1.3842931937172775,1.410488245931284,1.433489396860369,1.4540481400437637,1.4720113014303373,1.487572081924836,1.5020116227089853,1.5154406226462465,1.5280518748237948,1.557315233785822,1.5844287158746209,1.6096401900882553,1.6290909090909091,1.6450321484896275,1.6543408360128617,1.6573604060913705,1.6538674033149172,1.6437522377372003,1.6272434422457431,1.6065766294773929,1.5820341499628805,1.554520037278658,1.525522041763341,1.4949928469241773,1.4658157020458122,1.4369712351945854,1.412064138457623,1.3864661654135337,1.364984115778327,1.3464534645346453,1.3300469483568076,1.317817014446228,1.3036773428232502,1.2960526315789473,1.291848617176128,1.2868400315208826,1.2858361774744027,1.283220174587779,1.2818582643294978,1.2813893452241258,1.2832929782082325,1.2844614963003562,1.2846142670347231,1.2891341520286026,1.2883176049463065,1.2881211708645337,1.2915541148928507,1.2929960354917878,1.291446467018986,1.2908821662788237,1.2915238748000915,1.2899610136452242,1.2897389506332386,1.2900846763179459,1.318524395081317,1.339662447257384,1.3578745198463509,1.3961770623742453
1200.0,70.0,3.392378990731205,3.377065111758989,3.6633663366336635,3.888888888888889,4.050618010594468,4.164995442114859,4.2321644498186215,4.2487242487242485,4.2195059842118665,4.162251655629139,4.077561177934467,3.983862834089763,3.9003003003003003,3.801945795691452,3.7261146496815285,3.64721723518851,3.567864271457086,3.5064935064935066,3.424176356589147,3.3558379666401907,3.2919254658385095,3.089974293059126,2.905675459632294,2.7256276860438815,2.5715002508780733,2.4442312962455466,2.3464264619019493,2.270363408521303,2.214520367936925,2.1755046185425932,2.150943396226415,2.137532612746925,2.126146788990826,2.1208661417322836,2.1195959595959595,2.118762886597938,2.126511226252159,2.1253796095444684,2.1311329170383586,2.1377410468319558,2.142923867351705,2.1506518590053116,2.155053974484789,2.161823647294589,2.167517875383044,2.1733472149921917,2.179310344827586,2.185745140388769,2.191289966923925,2.2066356228172292,2.2161676646706585,2.225806451612903,2.236386931454196,2.244575936883629,2.2534722222222223,2.25962211336599,2.264259927797834,2.2694029850746267,2.2718299164768414,2.2735849056603774,2.275339185953711,2.2761194029850746,2.273738237810094,2.2708703374777977,2.262766945218199,2.2572254335260116,2.1875,2.1422479959065326,2.124974557296967,2.1951442968392123
8000.0,60.0,2.154612386314422,2.160200250312891,2.456617185866611,2.6552808988764043,2.715909090909091,2.6617684970353186,2.5551641016132023,2.440825459970164,2.3334394904458597,2.2408356326369727,2.1631679389312977,2.101416430594901,2.056216931216931,2.0206579954093344,1.993854258121159,1.9810756972111554,1.9713867297510421,1.9654427645788337,1.9635483411647443,1.963572455663844,1.965307582260372,1.976979093258163,1.9898399014778325,2.0060168471720816,2.0233281493001556,2.0410596026490064,2.0598503740648377,2.0752776635129577,2.087664370695053,2.0969189350882442,2.0979634831460676,2.095550543366824,2.0851113716295426,2.0719006079830824,2.0564225690276112,2.0371599203715993,2.0214259327669004,2.002447980416157,1.9843410178338408,1.973759541984733,1.9643605870020964,1.952039691289967,1.9462809917355373,1.9446564885496183,1.9422043010752688,1.9410092395167022,1.9415730337078652,1.9440063091482649,1.9447194719471947,1.9523809523809523,1.958498023715415,1.962991018288064,1.973358481669221,1.9784623090408215,1.9862258953168044,1.9933793897524468,1.9952031179733174,2.004537352130935,2.0127740376316243,2.0143381710089177,2.020330368487929,2.0333130205159455,2.041837394867371,2.0509291121816933,2.0632911392405062,2.0756437768240343,2.2028846153846153,2.2830609212481425,2.3158415841584157,2.3279455550829433
600.0,20.0,2.9751191106405503,3.180855569673867,3.3271484375,3.4135077929574753,3.43429766469153,3.3987005316007086,3.301395348837209,3.157965918312145,2.9958265287606607,2.8542000457770658,2.736385803305337,2.651892890120037,2.6007552351527634,2.5623381428042915,2.542743538767396,2.531223628691983,2.524524966858153,2.5282578234469875,2.5253256150506513,2.53135975915705,2.540752351097179,2.550828729281768,2.571261682242991,2.5900243309002433,2.608695652173913,2.6286644951140063,2.648957632817754,2.6662068965517243,2.6802816901408453,2.692749461593683,2.7050623624358034,2.7180650037792895,2.727760736196319,2.73515625,2.743447180301827,2.752012882447665,2.761467889908257,2.7654424040066776,2.773231031543052,2.7802964254577156,2.7864077669902914,2.7951042611060744,2.8,2.805219012115564,2.8117313150425733,2.81573896353167,2.823586744639376,2.8272458045409676,2.834052805943178,2.8469526906535196,2.855917667238422,2.8653358332414247,2.874590071242791,2.8821968385831314,2.8892378306558766,2.8957903675846173,2.898045562056517,2.9021113243762,2.902932779652219,2.9037433155080214,2.9029638652050345,2.8996646171045275,2.8932261768082665,2.8844444444444446,2.871881736987989,2.860546378653113,2.741573033707865,2.6589884827240864,2.6054461181923525,2.538235294117647
22500.0,50.0,1.5615739616225406,1.3118324316826189,1.2832317761227714,1.2643129770992367,1.2490470139771284,1.2404312668463613,1.2354903268845898,1.2353896103896105,1.236842105263158,1.2414512576793788,1.2474057891862371,1.2552988047808764,1.2642448829061406,1.2743437764606267,1.2852657004830919,1.2962150301700495,1.3075729360645563,1.3193130038555907,1.3313562672993278,1.3423985733392778,1.3539467068878834,1.382573179033356,1.4103512014787432,1.436103439618378,1.458899456521739,1.4778639890460976,1.4919526267840875,1.499800239712345,1.5015592515592515,1.4973262032085561,1.4885301614273576,1.4751818570817288,1.459387483355526,1.4421779898009541,1.423479661699557,1.4044477028347997,1.3859287606711805,1.367311072056239,1.3514872224549643,1.3338242513500245,1.3193807339449541,1.3056478405315615,1.2927756653992395,1.2834782608695652,1.2702702702702702,1.2619688004303389,1.2586993040556755,1.252316929904712,1.2495728929384966,1.2437029767746157,1.2386259820939156,1.2354237627729914,1.2343818261249453,1.2333568572100682,1.2313060817547359,1.2335649385355425,1.2310267857142858,1.2285963890506697,1.230484418389386,1.2298739088263821,1.2270903010033445,1.2241068206423673,1.2224386443319049,1.2199170124481329,1.218213814342279,1.217674418604651,1.2396978021978022,1.2550644567219154,1.2674157303370785,1.289381153305204
1700.0,80.0,2.9977477477477477,2.962055070517126,3.201686577652846,3.3866463569433867,3.522093522093522,3.6176066024759286,3.652537938252224,3.6194423511680482,3.522342064714946,3.397212543554007,3.251124812531245,3.115376924615077,3.0068123091378904,2.905549626467449,2.8359375,2.7771485676215857,2.7236363636363636,2.6882235528942116,2.6405648267008988,2.603964960811434,2.572564612326044,2.4611016467915956,2.360771704180064,2.2633073101490417,2.1766975308641974,2.107142857142857,2.0513274336283187,2.0083798882681565,1.978640776699029,1.9557121288374433,1.941108906755769,1.932984064614713,1.9264722315342497,1.923873045078197,1.9217165762791795,1.9208563868174164,1.925645872715816,1.9240506329113924,1.9270833333333333,1.9305071102763618,1.933942950730176,1.9384006781576717,1.941370886621641,1.943914256350022,1.9475655430711611,1.9504738612045247,1.9538437548729144,1.9580752739399714,1.961357363208313,1.9711290599759408,1.9766206163655686,1.9827110538900128,1.9897279817386342,1.994524833789597,2.000413907284768,2.0041744938426214,2.0073291657684846,2.0111507582515613,2.0127128263337117,2.015048201269692,2.016232991167343,2.017104610808131,2.017131168499105,2.0153764581124074,2.013026607538803,2.0100545820166618,1.9787485242030696,1.9640141915864167,1.9721380981223502,2.1051899262557394
384399.0,0.0,1.0,1.0,1.0,1.0,1.0,1.0,1.0,1.0,1.0,1.0,1.0,1.0,1.0,1.0,1.0,1.0,1.0,1.0,1.0,1.0,1.0,1.0,1.0,1.0,1.0,1.0,1.0,1.0,1.0,1.0,1.0,1.0,1.0,1.0,1.0,1.0,1.0,1.0,1.0,1.0,1.0,1.0,1.0,1.0,1.0,1.0,1.0,1.0,1.0,1.0,1.0,1.0,1.0,1.0,1.0,1.0,1.0,1.0,1.0,1.0,1.0,1.0,1.0,1.0,1.0,1.0,1.0,1.0,1.0,1.0
5000.0,50.0,4.078138718173837,3.4820641913152928,3.716735659373152,3.9638061879743143,4.143388210302708,4.28467815049864,4.416435960950022,4.547257105089226,4.64576802507837,4.666385135135135,4.674431202600217,4.63903743315508,4.537660256410256,4.480823199251637,4.366060866759867,4.2712525917794855,4.2024623803009575,4.078263527973097,4.040609137055838,3.962969889657752,3.878687848153497,3.826109391124871,3.746416056068812,3.699268386599923,3.6519160583941606,3.596927966101695,3.537627934978928,3.4879518072289155,3.4401459854014598,3.391679748822606,3.3319397993311037,3.257346393588602,3.2154131847725163,3.158607350096712,3.1095300130273573,3.0645493916271396,2.975135135135135,2.955341506129597,2.89402480270575,2.8310873605947955,2.786128535921411,2.715385555419773,2.6712243629583594,2.620164870006341,2.5707272962149594,2.521704814522494,2.4712182061579653,2.42519042437432,2.372834372834373,2.2561418810873675,2.179162319272619,2.0940959409594098,2.0195954487989884,1.9550815963806754,1.8691747161498051,1.8342993521991136,1.7852137351086195,1.736974941409771,1.7082723279648608,1.6712587280618985,1.6510516252390057,1.6120229385010876,1.5827572183814558,1.5559058427910888,1.5292186474064347,1.5080298574983035,1.3136023916292974,1.190851143607049,1.111013215859031,0.7550424128180961
1900.0,30.0,2.7508339748524504,2.776086956521739,3.0304428044280445,3.2385204081632653,3.4125461254612546,3.5543052837573383,3.617964533538936,3.5790077430455978,3.4379767161782415,3.250800426894344,3.0233957219251337,2.813450760608487,2.668539325842697,2.520496110994324,2.4431685024607455,2.3838254172015403,2.32651368537462,2.3032947194222957,2.260579064587973,2.2290076335877864,2.2010869565217392,2.1149979895456372,2.0593597154290797,1.9956793086893903,1.9635804052321109,1.937636165577342,1.9336206896551724,1.913943028485757,1.9031055900621119,1.8833333333333333,1.8873426110006626,1.9339785689595574,1.8845746558418637,1.9085631349782293,1.8841010401188707,1.8681818181818182,1.9087301587301588,1.902390438247012,1.9131503482179435,1.8830236486486487,1.8904168457241084,1.9149977748108589,1.9094612947034857,1.9152777777777779,1.9120982986767485,1.933912204534491,1.8655172413793104,1.8679718875502007,1.9429892141756548,1.9253812636165577,1.9359190556492412,1.9322033898305084,1.9491525423728813,1.9171339563862928,1.9576999339061467,1.9286666666666668,1.9220689655172414,1.9350463954318344,1.981090909090909,2.0105501130369254,1.9204284621270085,1.944356120826709,1.9466776045939294,1.9642553191489363,1.9759786476868328,1.9428044280442804,1.936386768447837,1.9387250864766925,1.9596837944664032,2.1254064096609384
30000.0,60.0,1.7815237589593842,1.3211267605633803,1.2813873961895457,1.2652274479568235,1.2578687050359711,1.2607361963190185,1.2734939759036144,1.294553822551777,1.3218390804597702,1.3531948255586044,1.3869132290184922,1.419536984754376,1.451227604512276,1.4792307692307691,1.5039717563989408,1.5251682909675475,1.544669243009775,1.5631005765534913,1.5781137508999281,1.5937601034594244,1.6083091436865022,1.6426150121065375,1.6743282615733246,1.7017316017316018,1.7220299884659747,1.7339449541284404,1.733199598796389,1.7193804503449173,1.694007365249414,1.6574585635359116,1.6104759372507311,1.5596572181938035,1.503608660785886,1.4510658914728682,1.4013840830449826,1.354969574036511,1.3140172278778386,1.2776785714285714,1.2537252080978316,1.2267362687244667,1.2091173127920192,1.1953605366126328,1.182313749242883,1.1761174116077384,1.1641453660233003,1.1593365635482669,1.1595204226783173,1.1549415515409138,1.1551724137931034,1.1525255038566808,1.1504567436861903,1.149365628604383,1.150843222985634,1.151525310090513,1.151183327446132,1.1554702495201536,1.1533253683791318,1.1517412935323383,1.155664585191793,1.1564561734213006,1.1548198636806233,1.1543766578249337,1.1555944055944056,1.1546649968691296,1.1544660846205508,1.1552839683680804,1.1928076782893937,1.2218071860547846,1.2488317757009346,1.297872340425532
1400.0,40.0,3.081222707423581,3.0172482952266346,3.298093587521664,3.5297927461139897,3.7233134073441505,3.884486873508353,3.988593155893536,4.012811713566689,3.9492402198512773,3.8303397533001515,3.6651213526043085,3.4952412208729897,3.354863514033064,3.217898832684825,3.1189788053949905,3.030558482613277,2.949546485260771,2.8954489544895448,2.822077922077922,2.7658839779005526,2.7149155033063925,2.561332250203087,2.4334226988382484,2.3201923076923077,2.2300685702589296,2.163274144651364,2.114727976325973,2.08076740881099,2.056520675311965,2.0413046215841835,2.0324675324675323,2.0297096556380825,2.026710725595484,2.0276757977972326,2.028860028860029,2.031135262153033,2.037122258015033,2.0381479772342717,2.0429428481212506,2.049033934080208,2.053438891637803,2.0603271983640083,2.063354682361087,2.0685391273626568,2.073807380738074,2.0785177031737296,2.082632267713591,2.088643713144379,2.0944239362735573,2.1050471891670086,2.1152628245725142,2.123248686514886,2.1315848971286457,2.139075922916183,2.1474846625766872,2.1520771513353116,2.1564573762123533,2.160643629649169,2.162953020134228,2.164212281189219,2.165256627185561,2.1653981264637,2.1632961062481133,2.1593114241001565,2.1537958115183247,2.1478968792401627,2.0898928737773637,2.057623049219688,2.053763440860215,2.1568307792631236
30000.0,20.0,1.7830592475782834,1.300097751710655,1.2627763682493658,1.250913177858949,1.245649534601376,1.252054794520548,1.2674750356633382,1.2893309222423146,1.3186936936936937,1.3521048999309868,1.387462487495832,1.4223060130978369,1.4547996272134203,1.4842019983796921,1.510691044313604,1.5336860670194004,1.5540918163672655,1.5729072907290729,1.5900809716599191,1.6060261512222853,1.6219667943805876,1.659265584970111,1.695906432748538,1.7283379586802343,1.7562086092715232,1.7761483121195352,1.7858192505510655,1.7823984526112187,1.7670454545454546,1.7395918367346939,1.7014831836223103,1.6576194889447902,1.6065573770491803,1.5564681724845997,1.5069147598692483,1.4606263301915476,1.4186046511627908,1.3811563169164882,1.3543346774193548,1.3267898383371826,1.3073878627968338,1.2920089619118746,1.2784704904405653,1.2720519962859795,1.2597402597402598,1.2557077625570776,1.25639500297442,1.2525942799291319,1.2535976106434972,1.2531415594246782,1.252650762094102,1.253318980983136,1.2557370672889927,1.257680250783699,1.2576293675364882,1.263095238095238,1.2615614122327201,1.2603273577552612,1.264323277055079,1.2652882935352359,1.2628243814121907,1.261054700294792,1.2620320855614973,1.2596410843833523,1.2585504885993486,1.258874458874459,1.2956521739130435,1.3240740740740742,1.3474025974025974,1.4003853564547206
27500.0,40.0,1.711459632864017,1.320788003528374,1.2979690005344735,1.285481903212688,1.2710011507479861,1.2636015325670498,1.265748031496063,1.278854462412048,1.2983870967741935,1.3245192307692308,1.3541805278332224,1.3849789915966386,1.4144393241167434,1.441563055062167,1.4657980456026058,1.4874884151992587,1.5060304142632408,1.524260355029586,1.5392809587217045,1.5546407185628743,1.5698653198653199,1.603294595509421,1.6355919357283615,1.665783574485429,1.6902485659655833,1.7075746540422432,1.716763005780347,1.7148264984227128,1.7035217035217036,1.6822823455100537,1.6515110992243915,1.6155918504798787,1.5736093684650774,1.531838102603764,1.4887005649717515,1.4475075528700907,1.408355795148248,1.3728902953586497,1.345724907063197,1.3175388967468176,1.2959677419354838,1.2791970802919708,1.2626672071341711,1.2539646579066606,1.2392280616579683,1.2328712871287129,1.232005792903693,1.2265949269792467,1.2261472433146252,1.22330453960669,1.2215977519068648,1.2206552397483186,1.2225358739120207,1.2235977766548762,1.2231118227915665,1.2278225806451613,1.225487256371814,1.2235772357723578,1.2274549098196392,1.2281997187060478,1.2255365587486358,1.2238452427951045,1.2241824440619622,1.2221198156682027,1.221347761928185,1.2221058145625983,1.260149130074565,1.2878524190741385,1.3122982095685354,1.3597650513950073
1900.0,70.0,2.909353905496625,2.8771250268990745,3.1199460916442048,3.3044534412955464,3.4330601092896176,3.5170603674540684,3.532735127949485,3.4739608217869087,3.3530559167750327,3.214406779661017,3.0494736842105263,2.9006187649955804,2.7964969571025677,2.682186234817814,2.6222645099904853,2.573420663427002,2.5242494226327943,2.5063548551093033,2.466703056768559,2.4372421921037124,2.413112667091025,2.3199415631848064,2.2467802243456587,2.1578462954440867,2.0949271722752387,2.0385032537960956,2.006376811594203,1.9639364303178484,1.9342693044033183,1.900596421471173,1.8953168044077136,1.9329488103821197,1.8802660753880267,1.8994668697638994,1.87265625,1.8547486033519553,1.8944723618090453,1.8863636363636365,1.8968804159445407,1.866845397676497,1.8735213830755233,1.8981132075471698,1.892514395393474,1.8969578017664377,1.8949268097052336,1.9166581345346576,1.8494511238891793,1.8520886615515773,1.9260551859526667,1.9086176980913823,1.92,1.9177741895416718,1.9349028689051846,1.9043835253608794,1.9432743611345127,1.9155568149617455,1.908877820099619,1.9235436893203883,1.9672384484623706,1.9971172325432416,1.909253537160514,1.9334122021294575,1.935483870967742,1.9518813314037626,1.9655694286795309,1.9317513237889783,1.9233468286099864,1.9221912072575018,1.9401923881221246,2.0948191593352883
5000.0,10.0,2.874841168996188,2.4665421724245253,2.6678674351585014,2.8229901269393514,2.9514563106796117,3.054496523884279,3.1002886002886,3.0780331373597005,3.014032496307238,2.956692913385827,2.8976143141153083,2.863490117971503,2.8633364750235626,2.8641316433177675,2.880952380952381,2.9012040753318926,2.9132886852308775,2.927108927108927,2.9271734182976785,2.9192229038854807,2.9080459770114944,2.84593837535014,2.7649536647009265,2.6806231742940603,2.5999779662884213,2.53009088676001,2.4699851612032915,2.4236696714161092,2.386767661153192,2.3568748980590444,2.331784546549647,2.309384164222874,2.294553046118808,2.281812784484465,2.2701149425287355,2.2598391874735504,2.245820153637596,2.2401916058394162,2.2297265160523185,2.2198211624441133,2.2116415624202195,2.200536912751678,2.192551724137931,2.1833998859098687,2.174911660777385,2.1653495440729484,2.156622724419335,2.147106369220821,2.1373074346952445,2.114682249817385,2.0968113714944296,2.078399346672111,2.0612861458782907,2.046132971506106,2.0285152409046217,2.0180451127819548,2.006842105263158,1.996126175982291,1.989755264655663,1.9826762246117084,1.9780085522296884,1.9716494845360826,1.9677202420981843,1.9661256175017643,1.9671150971599403,1.9686765857478465,2.03060480932718,2.093943565037853,2.1327472527472526,2.3654708520179373
300.0,90.0,6.597995545657016,5.634397256660511,5.534474780194355,5.421016005567154,5.269607843137255,5.114715189873418,4.97934595524957,4.8553266111354665,4.766483516483516,4.6824324324324325,4.632141389231402,4.556207233626589,4.5147313691507795,4.454423592493297,4.403238242097148,4.341805433829974,4.273175542406312,4.2229129662522205,4.14132709590053,4.056552474170745,3.9813841765500677,3.750470455400828,3.4833795013850417,3.18522632602055,2.843055107960039,2.5467814371257487,2.2596194503171247,2.0079737335834897,1.815610267155579,1.6536473291211946,1.5222772277227723,1.4294395678595544,1.351002865329513,1.2982184353214563,1.2584921292460647,1.2259194395796849,1.2035152636447735,1.18568665377176,1.17907614427336,1.1674908621801763,1.1626588021778583,1.1604804804804805,1.1574441687344912,1.1604378003203415,1.1556466543242527,1.1571151716500554,1.1621702637889688,1.1619266055045872,1.1656153970564453,1.169174883238194,1.1736899963356542,1.177920062087699,1.1835667990800753,1.1904655326768128,1.194665418811418,1.2038461538461538,1.2077511204851041,1.210024516480523,1.2198224852071007,1.227728983688833,1.230595813204509,1.24140350877193,1.2550465838509317,1.2649144764288693,1.275258194881006,1.2859216255442671,1.3782805429864255,1.466532605573111,1.538647342995169,1.8689598689598688
22500.0,10.0,1.459804454101032,1.2903030303030303,1.2619047619047619,1.2415071031500926,1.2275763358778626,1.2186450720916453,1.2137367915465898,1.2110567232939822,1.2102564102564102,1.210950080515298,1.2136470588235293,1.2177947598253276,1.2231301068510372,1.2293314162473041,1.2363041700735895,1.2446709916589436,1.2537970042945428,1.2619638426090038,1.2714799520447582,1.28097311908695,1.290382661699966,1.3140041256016501,1.3373793962029257,1.3594080338266386,1.3795077275329135,1.3972286374133949,1.4096780807873692,1.4202702702702703,1.4247709654686398,1.4267849022282857,1.4252105721754285,1.4213235294117648,1.4157821873557914,1.4088556641748131,1.400711743772242,1.3922942206654991,1.384780278670954,1.3767453999739006,1.368046776232617,1.3597108617081985,1.3514558689717926,1.3438681793625067,1.3372611464968154,1.3309780587579025,1.325741297808337,1.3215339233038348,1.3183082915971063,1.3167082294264338,1.3151347615756739,1.3140972794723824,1.3133903133903133,1.3120680489101542,1.3099824868651488,1.3076437144662034,1.306488601106165,1.3044720674382055,1.3027840481565087,1.3007732365472622,1.2983179419525066,1.295774647887324,1.2929220894990194,1.286697247706422,1.2813517915309447,1.275646551724138,1.2715741789354473,1.2680094786729859,1.2682004412228176,1.2700438771439968,1.271581894540364,1.282246879334258
600.0,60.0,4.612,4.132179386309992,4.265439800374298,4.362398533647552,4.404907975460123,4.410876132930514,4.4051282051282055,4.393480791618161,4.385453429492098,4.381382560879811,4.388330473155185,4.4055106319257265,4.421354353278395,4.455236486486487,4.494835218888342,4.52343308865048,4.567289117836445,4.612408759124087,4.64672131147541,4.697974217311234,4.733161953727507,4.778338200159278,4.75821398483572,4.649067672323486,4.454661558109834,4.189230301186492,3.8634764250527796,3.5658790548658392,3.302460850111857,3.0645476772616136,2.8606729758149316,2.7231990924560407,2.6148325358851676,2.517478152309613,2.5049701789264414,2.4575923392612857,2.4154727793696273,2.4559701492537314,2.379413974455297,2.396078431372549,2.4527526705012326,2.3821339950372207,2.4001699235344094,2.4365079365079363,2.4339622641509435,2.442095588235294,2.448826291079812,2.4606525911708252,2.4574780058651027,2.4563206577595067,2.467931729036362,2.498059651846103,2.5356356472360644,2.5401164863901107,2.549930913201859,2.5782947718266653,2.5412070084360803,2.579548545009519,2.6323218066337333,2.538721486905097,2.5458715596330275,2.6276137761377614,2.619575546404815,2.6055646481178396,2.6067569885096895,2.6344182700953067,2.6461916461916464,2.6680302076777846,2.6829359165424744,2.8631756756756754
8000.0,20.0,2.1858723958333335,2.253979916727896,2.7220149253731343,3.2021425244527246,3.664972038637519,4.054780876494024,4.3134535367545075,4.404312668463612,4.359368988072336,4.234358974358974,4.099472990777339,3.981162981162981,3.8761061946902653,3.817968291250734,3.78869915313064,3.754552652414885,3.7414228963524736,3.7371663244353184,3.7217787913340934,3.712681806583312,3.6977401129943503,3.6226811340567027,3.5376344086021505,3.4372406639004147,3.337037037037037,3.239303843364757,3.140833333333333,3.050332383665717,2.9655837889996786,2.8781762051769175,2.7883116883116883,2.7135894495412844,2.6306027820710973,2.546859585662611,2.4856424982053125,2.4152943403369296,2.3604627562411205,2.3138876795820638,2.2592839670891705,2.2270026146898028,2.2042018959774534,2.173354314188303,2.155286343612335,2.143857601400642,2.1315949060036385,2.1240899018676798,2.117996044825313,2.1150807282720714,2.111903064861012,2.1140179617336976,2.1141666666666667,2.1222070223438214,2.1299407114624507,2.1344142259414225,2.1483833718244805,2.151497005988024,2.1547099189020584,2.166891891891892,2.1760057471264367,2.1736613603473227,2.1775280898876406,2.1947942905121747,2.202307009760426,2.2107243650047037,2.2248243559718968,2.2418163782651823,2.425853957864594,2.5515782622844125,2.610079575596817,2.7620667658941103
1200.0,30.0,2.7474547511312215,2.8399269628727937,3.054316452374705,3.231033636140437,3.391699092088197,3.5294117647058822,3.612693246541904,3.602320675105485,3.4891277180704825,3.3168682795698925,3.106446140797286,2.9077941925624047,2.7540106951871657,2.6241699867197874,2.5363703159441586,2.4684756584197927,2.412617220801364,2.3774104683195594,2.3365477338476373,2.3058895455471773,2.2822337214316515,2.2108362779740873,2.160533401718169,2.122248051415288,2.0956785662668014,2.0823833409332724,2.075381679389313,2.073854269699967,2.0730050933786077,2.0763598326359833,2.0807174887892375,2.0863577144984182,2.092097782831154,2.0974000776096235,2.1033868092691623,2.1079122206563317,2.115869017632242,2.1207658321060383,2.1261591546258356,2.1333333333333333,2.1384892086330933,2.145905822315008,2.150894538606403,2.156707463402928,2.16198387490838,2.1674129353233833,2.1727019498607243,2.1781209781209783,2.184134489099028,2.1964582180409518,2.205857264714245,2.214537963507946,2.223672230652504,2.2312480547774665,2.2390019697964543,2.2439669421487602,2.2484662576687118,2.25228712174525,2.2540250447227193,2.2553663952627683,2.255630630630631,2.2545737641105488,2.2519053349378257,2.2474012474012475,2.2397914856646395,2.232223222322232,2.1584766584766584,2.1134751773049647,2.0985915492957745,2.173729706936538
1200.0,20.0,2.5446971011977086,2.8790826963168867,3.0174081237911023,3.131761442441054,3.253158406219631,3.3625304136253042,3.4295656656785667,3.4184561810795127,3.3215162257976547,3.1693255982596082,2.986883763003166,2.813941018766756,2.678175092478422,2.564625850340136,2.486627043090639,2.427773343974461,2.3797468354430378,2.3489208633093526,2.3146067415730336,2.291462217860648,2.2731486249871256,2.22308459917951,2.19282564652604,2.171450151057402,2.1597359735973596,2.156456953642384,2.158552348125808,2.160759305946908,2.165372316126085,2.1709295071740486,2.1786457499599807,2.1868787276341948,2.1926574604243854,2.1996557659208262,2.204876337484652,2.2097578347578346,2.2203703703703703,2.224077165646448,2.2304479878511767,2.235843549328663,2.2410731899782994,2.2486288848263256,2.2544780728844964,2.259010896898575,2.2645930975713675,2.270363951473137,2.274829332746091,2.2798390701832814,2.2842177180596677,2.2956500956022943,2.304017638412543,2.311757269279393,2.31963589076723,2.326237360298031,2.332027972027972,2.3367088607594937,2.3391203703703702,2.342277877161598,2.3430214956100515,2.342919662394498,2.3427304402914157,2.3392330383480826,2.334794335805799,2.3267085076708507,2.316612141039622,2.307634449040993,2.210764587525151,2.1508593252705284,2.1240601503759398,2.174483437192522
8000.0,30.0,2.1639892904953144,2.2278525868178596,2.6568170036288232,3.0330578512396693,3.3067408781694496,3.445767195767196,3.4648969612294795,3.3950926389584377,3.2760695187165774,3.140684410646388,3.014477766287487,2.908138101109741,2.821377331420373,2.757249378624689,2.7096774193548385,2.6790479240046965,2.6551641504912533,2.6392056889843016,2.6275092936802973,2.6173165895571713,2.6101261195393897,2.593192868719611,2.5763157894736843,2.5588127519237815,2.5423883318140383,2.527231892195396,2.5132743362831858,2.499591836734694,2.482125603864734,2.4620573355817874,2.435567010309278,2.409923213230951,2.374875704342062,2.3373052245646195,2.3035787741670095,2.2658000896458987,2.232134056185313,2.2026479329910833,2.1676136363636362,2.1464318813716403,2.130610867364158,2.1109936575052854,2.098200899550225,2.091529506222401,2.0843881856540083,2.0813694975544688,2.0788982259570497,2.0783929446349827,2.0783009211873082,2.084323712507074,2.08897014015844,2.099195710455764,2.108679795769511,2.1155934833204033,2.130360205831904,2.1348214285714286,2.1409897292250233,2.152180511990286,2.1617837139164156,2.1614554962414205,2.167326172979084,2.1848419449028817,2.1941041862969444,2.203462584060667,2.218604651162791,2.234346147389626,2.3997539975399755,2.509169884169884,2.5574302401038285,2.656073656073656
600.0,70.0,4.885017421602788,4.628593040847202,4.809683535073647,4.933460076045628,4.983853606027987,4.992307692307692,4.97466572836031,4.950328022492971,4.917953081317613,4.87917500384793,4.84883275928052,4.817927170868347,4.77811889478091,4.743252139565503,4.722863741339492,4.68348826914564,4.644119131751641,4.613180515759312,4.564350064350064,4.527456647398844,4.4842615012106535,4.322754615225057,4.108698478741386,3.8470101781170483,3.5778586477686267,3.2737829388119697,2.980720446473871,2.7407830808802514,2.5315855969677825,2.3615780445969126,2.228676470588235,2.1390544298768375,2.0632063624947676,2.022114108801415,1.9891815616180621,1.9639200390053633,1.9647302904564314,1.946774193548387,1.9442318206670313,1.9566724436741767,1.9646772228989038,1.9571865443425076,1.9670677644078531,1.9873417721518987,1.9938650306748467,2.0042105263157897,2.0129682997118157,2.0229459659511475,2.031794095382286,2.0581113801452786,2.077310924369748,2.0870712401055407,2.1176470588235294,2.130895091434071,2.1470197321337285,2.1746484829263135,2.1738199721716795,2.1917034022832595,2.2150920974450385,2.2239428231089935,2.235107421875,2.2561863173216885,2.2746071133167907,2.291636677702605,2.305234327449787,2.317838185620074,2.412188881135148,2.473197781885397,2.5223713646532437,2.686067019400353
1300.0,0.0,2.4875053548479222,3.145948945615982,3.1269573596723683,3.123014071720381,3.158210147822613,3.2009345794392523,3.2211996191685177,3.191287878787879,3.10778047167732,2.997685185185185,2.8627311522048364,2.737126245847176,2.6500704556129637,2.5539090444558,2.5063291139240507,2.469661610268378,2.4350213544844417,2.426461143224149,2.404903909874089,2.3940852819807428,2.390278770550393,2.368102796674225,2.373003194888179,2.370833333333333,2.3863439930855663,2.4010743061772604,2.431082331174838,2.438746438746439,2.449078564500485,2.446092977250247,2.464852837058764,2.523968320133389,2.484944532488114,2.518303186907838,2.5008208383495676,2.4897461478771756,2.5399012515788266,2.536764705882353,2.5536405205768555,2.526669063885892,2.538200339558574,2.5694012199676335,2.566750629722922,2.5764359728796213,2.5762491888384167,2.604687911509086,2.531391931605664,2.5362024631208553,2.6203576341127923,2.60557311117495,2.6217723004694835,2.6222088111044055,2.6457399103139014,2.608832807570978,2.6564305761928346,2.6222443228907673,2.6122448979591835,2.624956308982873,2.684742158426369,2.718145308506754,2.5979305247597932,2.619229301793209,2.6136363636363638,2.625935666599231,2.6252631578947367,2.563600782778865,2.397311212814645,2.278969957081545,2.1994970662196143,2.1514614703277237
300.0,80.0,6.681057744198597,5.762025316455696,5.66430469441984,5.559254327563249,5.413696060037523,5.267879706848623,5.139646339448025,5.023216547066273,4.93895966029724,4.862385321100917,4.812,4.744741873804971,4.7073170731707314,4.648612945838837,4.601067887109077,4.5422106179286335,4.472495088408644,4.424719849106846,4.3432098765432094,4.259335248256052,4.183333333333334,3.9468146164147693,3.6705270621602457,3.3590844062947065,2.995659432387312,2.679517133956386,2.3713024282560706,2.1007371007371005,1.8922484881803188,1.7167874396135265,1.5729166666666667,1.4725978647686833,1.3867069486404835,1.3295175797219951,1.2840909090909092,1.2497687326549491,1.2248289345063539,1.2046592418514355,1.1976381461675578,1.184823355674202,1.1797914419273643,1.1766497461928935,1.1731777661248033,1.1764208151177549,1.1710452766908888,1.172444054409829,1.1777742599335126,1.1776772734614764,1.1814144174923131,1.1852054794520548,1.1899419729206964,1.1947972142564522,1.200529450694904,1.2085498346717052,1.2124876604146102,1.222762908894296,1.2271337225465666,1.2291786329695578,1.239713216957606,1.2481824190350297,1.2517814726840855,1.2634885439763486,1.2777777777777777,1.2888498683055312,1.2999527633443553,1.3112919633774163,1.411764705882353,1.5066846928045667,1.5841729638958857,1.941830624465355
1200.0,0.0,2.5409252669039146,3.170686456400742,3.1777415409702403,3.184006211180124,3.2129565816678154,3.2424910124086743,3.2490308288720695,3.2145816072908038,3.1392746913580245,3.0475227502527806,2.935563816604709,2.8320115356885363,2.765040650406504,2.681657848324515,2.643939393939394,2.6146605247346284,2.5851619644723094,2.5812115891132574,2.5630014690925527,2.55500936329588,2.554611650485437,2.5396216768916156,2.5525040387722133,2.5535189590037777,2.5738274464389113,2.591595633318379,2.623304562268804,2.6322438023053847,2.645400354438537,2.6423764976202198,2.661303837774426,2.723352880303553,2.6821597064476674,2.7170818505338077,2.6983553226097956,2.685693377241127,2.737599394168875,2.734848484848485,2.7525593973343634,2.723505032563647,2.7345309381237524,2.7661752661752663,2.7639751552795033,2.7727559386167755,2.773395864421232,2.802162162162162,2.7230870423152815,2.7286856127886323,2.8197608842770134,2.803012473523182,2.8207592503604038,2.819753086419753,2.845220030349014,2.804846609951018,2.8552170396333243,2.817320703653586,2.8087704690535666,2.8206955530216646,2.8841040462427747,2.919666765843499,2.7910267991568807,2.814481044126787,2.807275047862157,2.8194993412384717,2.8191161356628984,2.753889674681754,2.5771719038817005,2.4545977011494253,2.367785234899329,2.278835386338186
1900.0,60.0,2.9534188034188036,2.9016044848250533,3.1471774193548385,3.332365747460087,3.46346836372537,3.5487661574618095,3.568242640499554,3.5138829560017086,3.400929692039512,3.2710068130204393,3.116650987770461,2.9732475448696243,2.8757302177376527,2.7658610271903323,2.706805389732219,2.6602199469093666,2.613117476131175,2.594878829446731,2.5540806293018683,2.5241764080765146,2.4988512349224585,2.4007936507936507,2.3198792908336476,2.2216170925848346,2.148487626031164,2.082796232027764,2.0424628450106157,1.992156862745098,1.9572599531615924,1.9202678027997566,1.9101834282099937,1.9463220675944335,1.890020366598778,1.9083275017494752,1.8814655172413792,1.862802641232575,1.9014626635873748,1.8924980665119877,1.9020700636942676,1.8726376335250616,1.8779264214046822,1.902946273830156,1.8984995586937334,1.9034296028880866,1.9004608294930876,1.9219190968955786,1.8539865513928915,1.8570029382957884,1.9314423173298587,1.913265306122449,1.924511740179943,1.9219356311344442,1.938763447215983,1.908006814310051,1.9478844169246645,1.9200728976828951,1.9125168236877523,1.9272575250836121,1.971611071682044,2.002059429243895,1.9133681852128455,1.936985876144653,1.9391513210568454,1.9564856336156784,1.969433831191386,1.935541951746489,1.926678226405747,1.925712455971822,1.943207981580967,2.098654708520179
27500.0,50.0,1.6938870741950536,1.3131898971000935,1.29251012145749,1.281265952016335,1.2674335010783608,1.2617000955109838,1.263454011741683,1.2748699112335475,1.294970804294594,1.3212162780064014,1.3508627773212818,1.381399870382372,1.4109848484848484,1.437636761487965,1.4616541353383459,1.482896237172178,1.5019354838709678,1.519650655021834,1.5351882160392798,1.5501379944802207,1.5641476274165202,1.5978953198559955,1.6295057599405425,1.6584331337325349,1.681241655540721,1.6982222222222223,1.7049853372434018,1.7019157088122605,1.6901688182720953,1.6670908628149657,1.6355140186915889,1.5985032362459546,1.5554165624218164,1.5127496159754223,1.4694485842026825,1.4272970561998215,1.3875395987328405,1.3514180024660913,1.3249097472924187,1.295417348608838,1.2729805013927578,1.2556241498378151,1.239449647358076,1.2303428718741944,1.215255865002058,1.20838911200357,1.207273320287019,1.2014487754398069,1.2007029226785053,1.197414323825159,1.1950837988826815,1.1935406121957097,1.1948798328108674,1.1961279461279462,1.1953818827708704,1.2005124919923127,1.1977363515312915,1.1963913948646774,1.200222882615156,1.201174168297456,1.1986245954692556,1.1972759226713532,1.1987518002880462,1.1970164609053497,1.1968114348543155,1.1969519343493553,1.2360717658168083,1.2652487961476724,1.2907631893460816,1.338691159586682
30000.0,30.0,1.8001586042823157,1.3284559106661533,1.2860653723273532,1.2691858200233737,1.2606959498003423,1.2640625,1.2781028641823222,1.299069096630392,1.3270398949269413,1.3591350040420371,1.3931896129348358,1.4266081871345029,1.4578603371173031,1.4866160607271275,1.512396694214876,1.534798534798535,1.5548310610551275,1.5732441471571907,1.5903614457831325,1.6057529610829102,1.6222645099904853,1.6590214067278288,1.6943874058863793,1.7264150943396226,1.7516198704103672,1.7689456342668863,1.7748091603053435,1.766976411722659,1.7474466109563602,1.7166049898531694,1.6739887895773369,1.625976004570558,1.5729780712096204,1.521562952243126,1.4714335786890993,1.4250418760469012,1.3835887296094909,1.3481012658227849,1.3226022803487592,1.2954545454545454,1.2765410958904109,1.261996161228407,1.2498678227767792,1.244131455399061,1.2321807514667333,1.2281625489401917,1.2294308463580066,1.2254947794919744,1.22631754503002,1.2254666420255036,1.224592473334675,1.2245873153779323,1.2269303201506592,1.2285714285714286,1.228159230563719,1.2334776334776334,1.2312086590499098,1.2293693128333856,1.2335570469798658,1.234358430540827,1.2316983894582723,1.2300039793076005,1.2298001737619462,1.227865796831314,1.2270916334661355,1.2272968667020712,1.265479219677693,1.2937230474365118,1.3196458555945656,1.3709090909090909
8000.0,0.0,2.220093401987786,2.2536945812807883,2.687463213655091,3.1970428485214244,3.7270251872021785,4.1893939393939394,4.501354346220142,4.604288499025341,4.543914148545609,4.382621951219512,4.227589641434263,4.095838587641866,3.983858570330515,3.9371482176360226,3.9257745999319034,3.9014804139918775,3.902291002882719,3.917163917163917,3.901864573110893,3.903089575461214,3.887924621869576,3.779889638258737,3.652938974166979,3.5059973345179922,3.3621314019658564,3.232047477744807,3.1039046988749175,2.9963262307127114,2.899676375404531,2.8010471204188483,2.706703910614525,2.632428614670568,2.5498135322322857,2.4722345624167037,2.415938733995453,2.3526492120610496,2.3064791694046525,2.2668339606859056,2.222378211427769,2.1967554695639233,2.180427159706726,2.1570528356761995,2.143218197135636,2.136767317939609,2.1288309781611305,2.123522683949676,2.1201343607982612,2.1185397867104183,2.116786774056804,2.1202400184629586,2.122154222766218,2.129565449213543,2.1365727429557215,2.1406060606060606,2.1520506835611872,2.1535812672176307,2.1566523605150216,2.1661514683153014,2.172470299057763,2.1694775812422873,2.171622769753611,2.1850972947318463,2.18871692461308,2.1940928270042193,2.2074074074074073,2.220307692307692,2.4092558983666064,2.5442078671959583,2.6088025571674454,2.750750750750751
1400.0,50.0,3.18012297147465,3.152289156626506,3.4287473068636505,3.656156156156156,3.833814565287135,3.978668054110302,4.069655724579664,4.092817164179104,4.047580774795049,3.9627434377646065,3.842887473460722,3.71474358974359,3.605143721633888,3.4902975420439843,3.4036027263875366,3.3203673689897353,3.239669421487603,3.182760855476345,3.104933981931897,3.0411368735976065,2.9838969404186795,2.803489439853076,2.6431307588777306,2.496018202502844,2.3734450055425547,2.277227722772277,2.204625087596356,2.1498897869213813,2.1102458390593983,2.0839911588253868,2.0659807284011107,2.0565202587674496,2.0490520090450515,2.0457387886367697,2.045703839122486,2.045073570497299,2.0498345337745767,2.0492283649150225,2.054162487462387,2.059636813867107,2.0629062696582094,2.0693391115926327,2.0730794629099716,2.078184677600539,2.08264652014652,2.087747957992999,2.0927467300832343,2.097507863537382,2.102792191746973,2.1145018257694312,2.122920021470746,2.1318864774624373,2.1399023269175523,2.1474926253687316,2.1555001558117795,2.160125588697017,2.164237123420797,2.168731168396384,2.170640326975477,2.1723651744800847,2.17274678111588,2.1729769858945804,2.1702371843917367,2.1666005553351844,2.160381268130957,2.154209621993127,2.092190252495596,2.055806938159879,2.0494604316546763,2.145469321414059
1400.0,70.0,3.2522356654392426,3.212084592145015,3.471802618328298,3.6719101123595506,3.8152011922503726,3.9136018680677176,3.9626411815812337,3.9557467732022125,3.900779824124772,3.8211206896551726,3.7184309511015585,3.6124634858812072,3.523425499231951,3.4296426996029994,3.355566700100301,3.2857944974733297,3.2168525402726145,3.1680384087791493,3.098068350668648,3.0411622276029058,2.990359333917616,2.82116900399222,2.668002829521339,2.519134336236474,2.392282025243,2.2902565716984102,2.210224396828075,2.150115885184525,2.103988073052553,2.073973663826491,2.0534995977473853,2.0424905342869164,2.0325360913596207,2.0281658904413393,2.026836479417785,2.025986078886311,2.0313258863525983,2.031234748657882,2.035615751191372,2.0405370513813583,2.0443802521008405,2.0507738256855825,2.054926856196522,2.0597351366582135,2.064942528735632,2.0697129466900996,2.0746491489997014,2.079611060467943,2.08504034761018,2.097704918032787,2.1059379217273952,2.1147254284714934,2.1235549132947975,2.13093471810089,2.1391065830721003,2.1445497630331753,2.148329258353708,2.1533277169334455,2.155593656236605,2.1574977817213843,2.1584871679423685,2.158411214953271,2.1571084337349395,2.153423288355822,2.148380355276907,2.1423930698429885,2.082161361954108,2.047528517110266,2.0400996828273676,2.1383277934032217
30000.0,10.0,1.7282191780821918,1.2666112956810631,1.2383634746516454,1.2338709677419355,1.2328377095855743,1.2399831294812316,1.255700325732899,1.2791808873720136,1.308860759493671,1.342516447368421,1.3791398912506179,1.4142731535756154,1.4474361173040644,1.477493555423359,1.5040871934604905,1.5270897832817338,1.547521865889213,1.566316480630335,1.5833333333333333,1.5990897807199007,1.6146703806870937,1.651177199504337,1.6863070539419087,1.7196032542070656,1.7471230010461813,1.7672792648821414,1.7776008492569002,1.7757172848145557,1.7631699496106277,1.739001189060642,1.70565749235474,1.665692007797271,1.6203931203931203,1.5735339269266195,1.5266451735255073,1.4820560314887705,1.4410285075461151,1.40473017988008,1.3758893280632412,1.347686669720568,1.3269941891178025,1.310615199034982,1.296070460704607,1.2876712328767124,1.2762613730355665,1.2694394213381555,1.2698412698412698,1.2667091024824952,1.2671076642335766,1.2659166453592432,1.2655898876404494,1.2656607224508458,1.2681434947925276,1.2700781805259418,1.2703313253012047,1.2755762232106753,1.2746880947346162,1.2739938080495357,1.2780258519388954,1.2798913043478262,1.2781762295081966,1.2775,1.278648974668275,1.2767741935483872,1.2764423076923077,1.2769679300291545,1.3131868131868132,1.3395661929693343,1.362627197039778,1.415412402167369
1900.0,40.0,2.9483811850946853,2.8798562145721003,3.142100617828773,3.3552060737527114,3.5263653483992465,3.6620377594008424,3.725442043222004,3.691690962099125,3.572227873855544,3.4143049932523617,3.2136824324324325,3.027476427050593,2.8982406086543033,2.756126958617919,2.680953094560168,2.6219512195121952,2.5601282736504545,2.5384166504571093,2.4896779521056978,2.4530801501435193,2.4231678486997636,2.3138551031200425,2.2328525169267,2.1387911736488645,2.076605977327379,2.023818248442653,1.995733126454616,1.9577750710515631,1.9321533923303835,1.9006968641114983,1.8967538322813344,1.9373822975517891,1.8840230991337825,1.9054455445544554,1.8782961460446248,1.8613554061045008,1.9013015184381779,1.8927599346761024,1.9042016806722688,1.8740612362796072,1.8806584362139918,1.905602923264312,1.899628252788104,1.9055766793409379,1.9029126213592233,1.9247027741083222,1.8569500674763832,1.8596973865199449,1.9338494018296974,1.917849141150112,1.9290670778720123,1.9262229350441058,1.941860465116279,1.911890504704876,1.9519056261343013,1.923992673992674,1.9166666666666667,1.9303921568627451,1.976023976023976,2.0064222084110215,1.916684199452977,1.9407391209271814,1.9429087216518108,1.9608990868649028,1.9728141072740633,1.9405638811277623,1.9323163247413642,1.9334090909090909,1.9519912711402072,2.108263933376041
27500.0,70.0,1.688731527093596,1.3089645254074784,1.2887172887172886,1.2777777777777777,1.26497277676951,1.2587160375090165,1.2608027064431802,1.2724827056110684,1.2925330812854443,1.3186246418338108,1.3481989708404802,1.37875101378751,1.408530805687204,1.4351395730706076,1.4586466165413534,1.48039914468995,1.4987912973408541,1.5149863760217983,1.5319366377107817,1.5466758525663107,1.560686185992519,1.5929249352890422,1.6238723108952116,1.6508527131782946,1.672463768115942,1.6879471656576774,1.6929761042722664,1.6877358490566037,1.6737778861392174,1.6500622665006226,1.6159733124018838,1.5778758891341673,1.5339571385451252,1.4900442477876106,1.4459759893285904,1.403174603174603,1.3634100808960796,1.326839826839827,1.3002523128679562,1.2705771050141912,1.2487992315081653,1.2322048091877018,1.215214820654316,1.2060154767119287,1.1911447084233262,1.1841666666666666,1.1829134720700987,1.1766967890790232,1.1759011328527291,1.1720527992717342,1.169177574709805,1.1677745280510503,1.1688274272543935,1.1701732673267327,1.1692759295499022,1.1735595616825734,1.171376146788991,1.1700420328620558,1.1738417384173843,1.1751730103806228,1.1729222520107239,1.1719281204468188,1.1734042553191488,1.1722760981175129,1.1727716727716728,1.1734028683181226,1.211439588688946,1.2409712617181496,1.267248215701824,1.3144781144781144
5000.0,20.0,2.8514598540145983,2.5284601557819055,2.7531041069723017,2.931558935361217,3.0854821617802894,3.209762125424776,3.273046092184369,3.255414488424197,3.18577648766328,3.1176389081335736,3.043859649122807,2.9973992197659296,2.983720309580998,2.973203026481715,2.983114446529081,2.9960560911481156,3.0015015015015014,3.0122093023255814,3.006464124111183,2.9963689179375455,2.983673469387755,2.909452736318408,2.8210046756983576,2.7261376248612654,2.635634533731719,2.554424157303371,2.485515643105446,2.4296728485101062,2.3846495119787043,2.3471539002108224,2.3170912688597576,2.29064558629776,2.271362271362271,2.2543434918826546,2.239952718676123,2.227300426569165,2.2121014964216004,2.204336399474376,2.1935594381637546,2.183607730851825,2.1747608535688006,2.163249516441006,2.155864811133201,2.1472039473684212,2.1383701188455007,2.1302060499780797,2.1217745586238115,2.113339552238806,2.103864734299517,2.0838165524512386,2.0682574916759155,2.052538370720189,2.036828963795256,2.0235602094240837,2.00711743772242,1.9985475671750181,1.988558352402746,1.9791332263242376,1.9727497935590421,1.96875,1.9644760213143873,1.957825679475164,1.9549461312438785,1.9547092125579002,1.9563318777292575,1.9601328903654485,2.034569679510263,2.1039629439011835,2.1461157024793387,2.401670727462583
35800.0,80.0,1.855263157894737,1.4233511586452763,1.3692458374142997,1.3355320256899843,1.313320301591734,1.305750930906082,1.3081834010446896,1.3176838810641627,1.3306699446834664,1.3459777632439502,1.362700228832952,1.3783945686900958,1.3938159156279961,1.4067796610169492,1.4185282522996059,1.4284095202115603,1.4360740421868274,1.4437927663734116,1.4487320837927233,1.4537554314090626,1.457083042568039,1.462756052141527,1.4615764764022734,1.4537609899055681,1.435415787252005,1.4124661246612467,1.3816819884235614,1.347024308466052,1.3120856705762367,1.275820170109356,1.2407932011331444,1.2113486842105263,1.183085501858736,1.1604886267902275,1.1408417587585233,1.1243690953798369,1.1114883984153934,1.1006260497785922,1.095189701897019,1.0869024346898881,1.0826651393661704,1.0800492610837438,1.076326002587322,1.076150432142023,1.0712600283152431,1.0705032386646736,1.0718918918918918,1.0698969646338068,1.0706473544191546,1.0693290734824281,1.068259385665529,1.0672971989814477,1.0680834317197954,1.0688344594594594,1.0682926829268293,1.0703541969917516,1.069172932330827,1.06875,1.0705417607223475,1.0718132854578097,1.0703269586674893,1.0708024275118004,1.0716417910447762,1.071600965406275,1.0719861231569818,1.0728971962616822,1.0907534246575343,1.1045054652092774,1.1176688938381591,1.1298479897712743
3000.0,90.0,2.9214758751182592,2.7236051502145924,3.0325497287522603,3.253770491803279,3.380925822643614,3.4342342342342342,3.3961226454007973,3.2721531478192225,3.094601817210048,2.9241739130434783,2.7436449806118053,2.599378881987578,2.52027027027027,2.422050561797753,2.391653290529695,2.3739837398373984,2.3473053892215567,2.353663985701519,2.3350683936569423,2.320624834524755,2.310144927536232,2.2516107154967786,2.2106299212598426,2.1470979175897207,2.1123375030659797,2.0767579173376274,2.0641695702671314,2.0303030303030303,2.007815043959622,1.973083475298126,1.9696753478415983,2.0169555388093445,1.9467961165048544,1.9673913043478262,1.927710843373494,1.901023890784983,1.939476061427281,1.9262630860263996,1.9306603773584905,1.882468168462292,1.8852130325814536,1.9047619047619047,1.8913276231263383,1.8898678414096917,1.8767665347654041,1.8966318234610917,1.806201550387597,1.8020769700671961,1.8849056603773584,1.845841784989858,1.846370683579986,1.8304959289415248,1.8366873065015479,1.793574297188755,1.8260120585701982,1.7921397379912665,1.779090909090909,1.7924170616113744,1.8323643410852712,1.860864297253635,1.7725683734320379,1.7982597486303578,1.80280436234142,1.8238702201622248,1.8416251064347402,1.8178368121442126,1.8809738503155997,1.9216015344042197,1.9501027296742002,2.1386292834890965
600.0,50.0,4.75354173984311,4.429764616552771,4.682577565632458,4.898648648648648,5.05811250581125,5.195636363636364,5.309485094850949,5.410874266295953,5.503058426492301,5.5770827567118735,5.655536028119508,5.721716514954486,5.759625390218522,5.809815950920245,5.856735566642908,5.866666666666666,5.889604415823367,5.914880397639019,5.912282721307701,5.928818333119959,5.923882286361064,5.81949841045567,5.645196269789634,5.3699843668577385,5.015328019619865,4.62137296532201,4.184200079396586,3.816542014958205,3.512019230769231,3.2444673185795163,3.0244698205546494,2.8831018518518516,2.7739602169981916,2.665840049597024,2.6616590463749183,2.612558450233801,2.5658807212205272,2.6203170028818445,2.53491720662347,2.5489171023151607,2.613583138173302,2.540752351097179,2.559390048154093,2.5907207953603977,2.590219224283305,2.6003445305770887,2.6049165935030727,2.618279569892473,2.6134913400182316,2.6084049665711557,2.6194690265486726,2.656233913312056,2.688102893890675,2.6917161063502526,2.7055271713887596,2.7228887320630437,2.688995215311005,2.7290936404606914,2.7759067357512954,2.6755291688177594,2.680047225501771,2.763416690081484,2.750757685091644,2.731736348757625,2.7315175097276265,2.7565982404692084,2.7434601011211255,2.7482556516885293,2.7539421813403417,2.917033773861968
8000.0,10.0,2.2021801193874904,2.254660569820612,2.6975806451612905,3.197674418604651,3.713848508033665,4.1620583717357915,4.474548440065681,4.585587535165549,4.536050156739812,4.392721117223868,4.24475138121547,4.115840893230984,4.006796941376381,3.9617373319544984,3.9503554945740302,3.9266714593817396,3.925901312510384,3.9390454284071303,3.925894195759263,3.92641007020092,3.9115187483140006,3.8096828046744573,3.690077582686811,3.54982984929509,3.409090909090909,3.2801047120418847,3.1510263929618767,3.043336058871627,2.9430894308943087,2.843444227005871,2.746803605114232,2.6696265938069215,2.5856246985045828,2.504097843903669,2.445563418617311,2.379739671760045,2.3299804834108993,2.289041314404211,2.2408242112041212,2.2146274777853727,2.1945411247481226,2.170355216663567,2.15492137449039,2.147101003892645,2.13771186440678,2.131057268722467,2.1268281535648996,2.1248516496558274,2.122729504172803,2.126070663811563,2.126740551292981,2.1341387856257743,2.1411371237458194,2.145377558221595,2.156954156954157,2.1590361445783133,2.1619365609348913,2.171853856562923,2.178468899521531,2.1759615384615385,2.1788375558867363,2.1932259855635756,2.196960841613092,2.2025941939468807,2.2148098732488326,2.228386167146974,2.4053481599152766,2.5346202266051194,2.595896266742662,2.746556473829201
22500.0,20.0,1.4679401747371539,1.2945578231292516,1.2699747687132044,1.2514763070718709,1.2378895981975215,1.2295738168118673,1.22533179457588,1.2238857938718664,1.2245322245322245,1.2272503689129366,1.2321016166281755,1.2377434519811954,1.2459270752521334,1.255111111111111,1.2639254608061576,1.2742732391129497,1.285250162443145,1.2961713363649698,1.3070306038047974,1.3180376795373998,1.3292657269093204,1.3561253561253561,1.3823529411764706,1.4066280904786954,1.429080541696365,1.4467881112176415,1.4621977740821286,1.472644376899696,1.4778390297684674,1.4781989170703904,1.4744897959183674,1.4678983833718244,1.4582366589327147,1.4465317919075145,1.4343163538873995,1.42260793145117,1.408828659600161,1.3965798045602607,1.384388517499017,1.3723504474799813,1.3609865470852018,1.3509933774834437,1.3412175261729353,1.3337837837837838,1.326109391124871,1.320234604105572,1.316589557171183,1.3139705882352941,1.3125,1.3093869731800767,1.3081554460864806,1.3057247259439708,1.3043072409654621,1.3032397408207343,1.3019475540561263,1.3017732227102652,1.3001196376687745,1.298443370907139,1.2975454375117108,1.2958406561218512,1.2933792265640818,1.288599348534202,1.2842910101946245,1.279823269513991,1.2766726943942135,1.273957769355712,1.2799412196914033,1.2847744360902256,1.2893569844789357,1.3026928191489362
10000.0,80.0,2.109182275011421,1.9477629421410165,2.137282724370344,2.164828033744322,2.1209964412811386,2.058525278864262,1.9961315280464216,1.9427584505304714,1.8960365853658536,1.8560411311053984,1.8224826388888888,1.795053003533569,1.7724898432965757,1.7531353135313532,1.7375093214019388,1.7250628667225483,1.7164319248826292,1.7079052212203816,1.7015309103657823,1.6959521020434727,1.6915494999275258,1.6824042472506637,1.6778356912385208,1.6762987012987014,1.6785109983079527,1.683461117196057,1.6912280701754385,1.699822380106572,1.709107083287001,1.717032967032967,1.72246401071309,1.7247372675828618,1.7233991333654308,1.719863208891422,1.7133311059137988,1.704192546583851,1.6933751119068934,1.6813299232736574,1.6729301233118028,1.6592105263157895,1.6494082840236686,1.6429163214581608,1.6340347666971637,1.6304680330376262,1.6204970984342495,1.6180339631667064,1.61980198019802,1.6164616037335595,1.6175567833026396,1.6181054106111015,1.6191877575044145,1.6226332970620239,1.6291727140783745,1.6357351768146768,1.6405041535376683,1.6511041009463723,1.655,1.660324171952079,1.6721436759648451,1.6810590631364561,1.686808510638298,1.7019774011299436,1.7183908045977012,1.7319704713231119,1.7431023911710608,1.7542932628797887,1.8051445481447757,1.8210283454185894,1.8270122208175306,1.754424778761062
1100.0,80.0,3.389097202192097,3.3959115561118063,3.6878814298169136,3.9254658385093166,4.101535836177474,4.234903782349038,4.316843345111896,4.34589800443459,4.323716747845635,4.274059599413777,4.189454322501533,4.091791044776119,4.001777777777778,3.8981481481481484,3.811653914067098,3.726790450928382,3.638103651354535,3.5738831615120277,3.484308131241084,3.4124975666731556,3.346064078081901,3.136762860727729,2.9480443666082894,2.770853939993406,2.618334550766983,2.4972089314194577,2.404209621993127,2.3325740318906605,2.2815487571701722,2.245395719263315,2.223834196891192,2.214983713355049,2.206685236768802,2.2043628013777266,2.205067766647024,2.206979542719615,2.218158890290038,2.2186311787072244,2.2260586319218243,2.235570469798658,2.2409556313993173,2.250529287226535,2.2560975609756095,2.2644688644688644,2.2710978342046304,2.278750952018279,2.2847168347556246,2.29304897314376,2.299193548387097,2.3148936170212764,2.3257443082311733,2.3375680580762253,2.349578256794752,2.3576923076923078,2.367645564475155,2.373835602415805,2.3797949910176475,2.385842254752021,2.3887900355871885,2.391429558806589,2.393262369867821,2.3942120622568095,2.392314454351375,2.3884685624836943,2.3825136612021858,2.3741313288895194,2.290973174074799,2.2369152970922883,2.210271903323263,2.2588315217391304
1100.0,90.0,3.353964043619216,3.363662212112596,3.6517857142857144,3.88688263409453,4.060526315789474,4.191960623461854,4.27066450567261,4.29553264604811,4.268009295120062,4.214141414141414,4.122862571247625,4.020015396458814,3.92942254812099,3.8216290647177207,3.7356252269701007,3.6488695178425496,3.5623678646934462,3.4976525821596245,3.4099616858237547,3.3386390768006367,3.2755632582322356,3.073582013285641,2.8935349940688018,2.7231695085255767,2.5787721893491122,2.464516129032258,2.377768128528007,2.311694290976059,2.263030888030888,2.2312719959778784,2.2119309262166404,2.2044956140350878,2.1968503937007875,2.1953623188405795,2.197619047619048,2.2006079027355625,2.211464968152866,2.212548015364917,2.2205398288347595,2.2291525423728813,2.2351724137931033,2.245363766048502,2.2516316171138504,2.26,2.2673716012084593,2.2740569668976134,2.28,2.286512370311253,2.2952691680261013,2.3098106712564546,2.3224092116917627,2.3342516069788797,2.344075829383886,2.353112840466926,2.36401028277635,2.3702475914223555,2.376470588235294,2.3816895179124282,2.3854553641787684,2.388338192419825,2.38986262434865,2.3910366904703273,2.3896731527406843,2.3860483551327785,2.3799640237996402,2.3735632183908044,2.29212145266918,2.237570476678626,2.211332312404288,2.260330578512397
10000.0,90.0,2.109665427509294,1.9489199188447308,2.1408909815284316,2.1684350132625996,2.1254029323073724,2.061962644530092,2.001583844783211,1.9464511240212174,1.8991885143570537,1.8590225563909775,1.8249666814749002,1.7975206611570247,1.7743467933491686,1.7560810810810812,1.7404580152671756,1.7272727272727273,1.716890595009597,1.7093833780160859,1.7031193976335604,1.6970584320511115,1.692604120349785,1.6840472959875945,1.6789246766421506,1.6772802653399668,1.6794816414686824,1.684181106763555,1.6914817465998568,1.7001811594202898,1.709750566893424,1.7163656726865462,1.7223738062755798,1.7242230911710228,1.7226170056358736,1.7192575406032482,1.711858647638464,1.70284135753749,1.691992720655141,1.6794805194805196,1.6714370900417412,1.656875834445928,1.6474118529632409,1.638958858102435,1.6302131603336423,1.6279309988637538,1.617337324021727,1.6144257533583444,1.616350520972482,1.611842105263158,1.6139044072004967,1.6136966908511767,1.614546175188268,1.6176664469347397,1.6241758241758242,1.6302656291923798,1.634971098265896,1.6459726201846545,1.6492938802958979,1.654228855721393,1.666538164996145,1.6750205423171733,1.6806866952789699,1.6956315289648622,1.7127042698998418,1.725085910652921,1.7365491651205938,1.7475016655562958,1.7991487403658117,1.81651376146789,1.8229767243220159,1.7509349289454001
1200.0,10.0,2.5371120107962213,3.1257695690413367,3.1197398622800305,3.1249548573492234,3.167515923566879,3.2182438192668372,3.2432432432432434,3.2158146562578698,3.133426966292135,3.022099447513812,2.8818541548897683,2.7511551155115512,2.6599402092675635,2.5586319218241043,2.507908611599297,2.4687208216619982,2.4315068493150687,2.4212700051626226,2.3975672215108834,2.3832242316653725,2.3763863216266174,2.347751501041539,2.347972972972973,2.338403041825095,2.3489553924336533,2.359056962952116,2.3841260224174494,2.3891050583657587,2.3989175421840176,2.3931762794476037,2.4102393617021276,2.4687124978570205,2.4295652173913043,2.461429331441745,2.4436429215509468,2.4323830409356724,2.481530592915325,2.4800910125142206,2.4956437560503386,2.4693069306930693,2.4814592102625777,2.5113215314944424,2.5104166666666665,2.519051651143099,2.5204125483455093,2.5468818142171825,2.4762115512281477,2.4803767660910516,2.565564424173318,2.552430886558627,2.5669751583049196,2.5682786269105486,2.592497430626927,2.5571578395385424,2.6040637012630423,2.5709953129307968,2.5622524052065647,2.5753344968004654,2.633038348082596,2.6674772036474166,2.5507692307692307,2.573879885605338,2.567699836867863,2.5808625336927222,2.583099579242637,2.5260680666183926,2.3847980997624703,2.286137440758294,2.225381414701803,2.2048737779074856
1900.0,0.0,2.4221945137157106,2.87977632805219,3.002892960462874,3.1146341463414635,3.2418687167356595,3.3501908396946565,3.399209486166008,3.3523930537907667,3.206787460454415,3.0025849335302808,2.784684684684685,2.5894459102902374,2.43251349730054,2.3152972611890448,2.2266763848396502,2.16078431372549,2.108604845446951,2.0695807314897414,2.032710280373832,2.0049407114624507,1.9803429527394396,1.9225481209899176,1.8781915556109106,1.8451025056947608,1.8221718816366983,1.8060950104571258,1.7959501557632398,1.7905350463489997,1.7866756393001346,1.78452942203597,1.7839195979899498,1.7830842143638352,1.784366062917064,1.7843061461151914,1.7857857857857857,1.7871246400658165,1.789041095890411,1.7894736842105263,1.7911515940143137,1.7942377495462796,1.7954493219949437,1.797557538750587,1.7995689655172413,1.8018545632015617,1.803990024937656,1.8055345911949685,1.8106382978723403,1.8127705627705628,1.812350279478307,1.8196814562002275,1.8240956826137689,1.828883495145631,1.833437110834371,1.8386991869918698,1.8427800269905532,1.8454106280193237,1.8494277539341917,1.8513215859030836,1.8527584947022286,1.8543219076005961,1.8559020923805765,1.8561034761519806,1.857024106400665,1.855986365573072,1.8539920599911777,1.8522464103751737,1.8287122612446087,1.8177570093457944,1.8270469181232751,1.9569760295021512
22500.0,30.0,1.5310189649630344,1.3047460449625312,1.2794940079893475,1.2621485756842301,1.247842170160296,1.2393617021276595,1.2351121423047178,1.2344924812030076,1.237020316027088,1.2414486921529175,1.2480252764612954,1.2564575645756457,1.2657417289220918,1.2768043131969122,1.287851251223263,1.2996189266433789,1.311590296495957,1.3239293687842502,1.3358516483516483,1.3477924089852826,1.3600349548499855,1.3893491124260355,1.417470525187567,1.444606413994169,1.4679170779861797,1.4887677788116442,1.5039007092198582,1.5135704258306037,1.517104459376909,1.5151873767258384,1.5085685483870968,1.4964945825366476,1.483226837060703,1.4662698412698412,1.4490095377842993,1.4315836698070883,1.414018521881242,1.3968045524184722,1.3820283762480294,1.366157681520723,1.3520764424843807,1.3399311531841653,1.3283507722969607,1.3197474167623422,1.3091380427738173,1.3036496350364963,1.3000817661488144,1.2949640287769784,1.2928994082840237,1.289470662533012,1.2859551290364415,1.2835051546391754,1.2828772478498827,1.2821506826226192,1.280701754385965,1.2821442197634492,1.2799200799200798,1.2781954887218046,1.278742580786986,1.2776119402985076,1.2749108204518431,1.271030427000767,1.2678914176035097,1.264046579330422,1.2616046726098986,1.260025873221216,1.2752962625341842,1.2851190476190477,1.2929436920883821,1.3128552689112376
1800.0,0.0,2.419159867029314,2.902311876699909,3.0039990590449306,3.101832126118449,3.2217391304347824,3.327473042662916,3.374752386097605,3.3298538622129437,3.1896306818181817,2.9926973984481973,2.781615598885794,2.5903457273320285,2.4355555555555557,2.3196046128500822,2.230493273542601,2.163776493256262,2.111463989345354,2.0731840524303657,2.0354285714285716,2.0077173519836005,1.9831868551776843,1.9254312743461324,1.8835771376866235,1.8546690402977828,1.8330773169482848,1.8194893923049262,1.8118329900767647,1.8080827801639985,1.805527536816623,1.805857740585774,1.8059733562526858,1.806500872600349,1.8094369728744018,1.8105798105798105,1.813291895768587,1.8161512027491409,1.8192559074912016,1.8200910931174088,1.823210131817007,1.8279308481901675,1.8303693570451436,1.8334730371612182,1.8365603644646924,1.83961716937355,1.8432592592592592,1.8455333134149985,1.8523193436415273,1.8559050064184852,1.8556994000631513,1.8652291105121295,1.8712016574585635,1.8772874058127018,1.8833701250919794,1.8897849462365592,1.894904458598726,1.8986568986568986,1.903035413153457,1.9052768166089966,1.9070167886353853,1.9087318999561211,1.9093866171003717,1.9096098953377736,1.9086021505376345,1.906813627254509,1.9040456431535269,1.9003810560696788,1.8629148629148629,1.843494085532302,1.8460877965010196,1.9567068843151172
600.0,40.0,3.490018405776582,3.329159212880143,3.4750613246116107,3.608764940239044,3.744288872512896,3.879853095487933,3.9670158234900823,3.9578872234118485,3.8384,3.614644970414201,3.3820981713185754,3.1681059978705783,2.9579020013802624,2.845681925436527,2.77278335977437,2.6765657719398437,2.639458572600492,2.6054316626186798,2.5708313980492337,2.564862861378799,2.5385416666666667,2.4818078453666854,2.443929564411492,2.4207397622192866,2.4047535826634046,2.3988950276243095,2.368140243902439,2.3728209191759113,2.3949752883031303,2.3976311336717426,2.3871107266435985,2.400990099009901,2.411764705882353,2.389948813401582,2.4463852498786998,2.441277641277641,2.4237202230106436,2.502620545073375,2.43125,2.4547413793103448,2.5267003934794827,2.4594594594594597,2.4812895797351757,2.5163398692810457,2.5157004830917873,2.5265104808877927,2.532035175879397,2.5455128205128204,2.541720990873533,2.5368852459016393,2.547819971870605,2.585114222549742,2.61703760552571,2.6207710464201415,2.634471273938385,2.65177065767285,2.618353344768439,2.6585804132973943,2.7069767441860466,2.607970342910102,2.6135721017907634,2.697979797979798,2.686040477426051,2.66859344894027,2.6714477812640074,2.697499706538326,2.7142402038865883,2.7390862944162437,2.7527551509343557,2.9304956896551726
3000.0,80.0,2.9210770659238627,2.7234401349072512,3.0326704545454546,3.2539427100096554,3.3798576902025177,3.431095406360424,3.392640517589972,3.2682266486172886,3.08981408745745,2.9212947189097105,2.7420852680455887,2.597870182555781,2.5180505415162453,2.4211975223675153,2.3910306845003935,2.370796460176991,2.3463796477495107,2.352683461117196,2.3340852427876055,2.3204778600181792,2.3087858970713677,2.251622566150774,2.211482698627489,2.1471164309031554,2.1123162207760906,2.0773087071240104,2.064516129032258,2.030404378230465,2.0080051232788985,1.9731903485254692,1.9701649701649702,2.0174203113417346,1.946524064171123,1.967920792079208,1.928454619787408,1.9009651699538397,1.9404444444444444,1.9265562024182714,1.9317548746518105,1.8833734939759037,1.8851084812623273,1.905252317198764,1.891991570073762,1.8894907908992415,1.8781302170283807,1.8971428571428572,1.8058651026392962,1.8027660853878533,1.88490099009901,1.8463073852295409,1.8454608454608454,1.8302986161689732,1.837014470677837,1.7944664031620554,1.826271186440678,1.7927773000859846,1.7790697674418605,1.7929104477611941,1.8322211630123928,1.8618290258449304,1.7727410705251443,1.7980972515856237,1.8035479632063074,1.8244013683010263,1.8422312664591813,1.8187476658782522,1.881100266193434,1.921443736730361,1.950317735413056,2.1403374233128836
35800.0,90.0,1.8552418046088932,1.4224021592442646,1.3685770750988142,1.3351417570878543,1.3128868880135058,1.3055439766569403,1.3072429906542056,1.316535433070866,1.3296227581941868,1.3460526315789474,1.3624260355029585,1.3785140562248996,1.3934939759036145,1.4065871663827372,1.418289864641796,1.428246013667426,1.436607529208135,1.443298969072165,1.4493074792243767,1.453865336658354,1.4579242636746144,1.4639850327408794,1.4613571517181492,1.4535796011768551,1.4352891336581233,1.4122926298612999,1.381619405534677,1.346364018495166,1.3120204603580563,1.2760511882998171,1.2407670454545454,1.2110469909315746,1.181564245810056,1.1600168883259447,1.140315739868049,1.1239787316820127,1.1110008505812305,1.1000458926112895,1.094688613609367,1.086523055011572,1.082233696691528,1.079564144736842,1.075793565104729,1.0758072063640618,1.0706521739130435,1.0701097804391217,1.0711772665764547,1.0697155605131066,1.0698431488606097,1.0687779910428663,1.0676460539801844,1.0670309653916212,1.0677698975571317,1.0684989429175475,1.0679396092362345,1.0699708454810495,1.0687405920722528,1.0683003128258604,1.0700564971751412,1.0713001797483523,1.0697961704756023,1.0702228224172856,1.0717488789237668,1.0717163577759872,1.0721112076455257,1.0730337078651686,1.0902229845626072,1.1038995726495728,1.1171875,1.1294134396355353
5000.0,30.0,2.789950203712087,2.5709910913140313,2.819918144611187,3.0206043956043955,3.191981495759445,3.3331826401446656,3.4072164948453607,3.393152042276781,3.320061255742726,3.245955355314356,3.1613070539419086,3.1053811659192827,3.0839243498817965,3.0651162790697675,3.0696517412935322,3.078014184397163,3.0794701986754967,3.0887372013651877,3.0786729857819903,3.070044709388972,3.056152927120669,2.980741173037642,2.8890845070422535,2.788225674570728,2.6913235636194464,2.602711157455683,2.5267702936096716,2.4633613969441845,2.4101198402130493,2.3670662905500706,2.3309701492537314,2.2998805256869774,2.2765605622157916,2.254749568221071,2.237326155226559,2.222325150532654,2.205940594059406,2.196196196196196,2.183812010443864,2.1724890829694323,2.162829870859068,2.151210868281158,2.143377885783718,2.1338780641106223,2.125974025974026,2.1167002012072436,2.1088011088011087,2.1007142857142855,2.091783863804589,2.072756669361358,2.0561702127659576,2.042611060743427,2.0268456375838926,2.014287151624912,2.000438212094654,1.9910564561207378,1.982363315696649,1.9744986382768013,1.9691562579658424,1.9643574969851265,1.9602194787379972,1.9568053341063922,1.954214675560946,1.9547193877551021,1.9586930760115118,1.9630156472261735,2.043380281690141,2.1169093851132685,2.161979166666667,2.41506646971935
27500.0,60.0,1.6903440621531631,1.3100893440836783,1.2900703674745895,1.2794811320754718,1.2659486329743166,1.2590639419907712,1.2614930409110081,1.2733345051854457,1.2933419801124082,1.319349764027268,1.349246231155779,1.3798737467508355,1.409110629067245,1.4355889724310777,1.4598163030998852,1.481070496083551,1.5,1.5170691090757702,1.5327715355805243,1.5480951378657124,1.561834949160558,1.5951891122012978,1.6260611205432938,1.6538571021918589,1.676179604261796,1.6923076923076923,1.698,1.6930434782608696,1.680728990887614,1.6573154941735002,1.6240232600399782,1.5863481228668943,1.542648709315376,1.4994847131569908,1.455564784053156,1.4130757800891531,1.373247663551402,1.3369565217391304,1.310071371927042,1.279964221824687,1.258224516651483,1.2414733969986358,1.2248091125297285,1.2156289176765567,1.2004132231404958,1.1935174836340412,1.1922673198040588,1.1862310815799189,1.185361028684471,1.1816987740805605,1.179157744468237,1.1776012301383905,1.1788888888888889,1.1798389501938562,1.1793016671909407,1.1839863713798977,1.1815286624203822,1.180243273129377,1.1837218490715133,1.185,1.1825226000860956,1.1820308844174077,1.1827021494370522,1.1810202962150302,1.181924882629108,1.1829573934837092,1.2212805064842234,1.2504373177842565,1.2763527429320352,1.324255858138062
1900.0,50.0,2.962771839292296,2.9044304871838396,3.1559928443649374,3.352442996742671,3.5005015045135406,3.6047144152311876,3.641197872935908,3.593393148450245,3.4756029164329783,3.3325974981604123,3.1556776556776556,2.997472805186243,2.8879143557332645,2.765926358854471,2.702480696566453,2.6517629952744457,2.6018994855559954,2.5824652777777777,2.5406032482598606,2.5106064387322187,2.485361267794789,2.386259541984733,2.3062349293833964,2.2095490716180373,2.1390374331550803,2.0756302521008405,2.0372290292177193,1.9900842835894894,1.9560950413223142,1.9196572040707016,1.9110617009449695,1.947674418604651,1.8928571428571428,1.9105392156862746,1.8837209302325582,1.86529826812059,1.9044414535666219,1.896551724137931,1.906750173973556,1.875896700143472,1.8831263696128562,1.9084027252081757,1.9029275808936825,1.9070866141732283,1.9035369774919615,1.9261083743842364,1.8575020955574182,1.8606837606837607,1.936132983377078,1.9183673469387754,1.9282296650717703,1.9262948207171315,1.943470187744997,1.9124986726133588,1.9522630038279667,1.9234264939786412,1.9172932330827068,1.9316384868020922,1.9762111262544915,2.00590728136638,1.9168079280219064,1.94011651537732,1.9429689684092815,1.9602725822821516,1.9727065959059893,1.9399465492847037,1.9303030303030304,1.929171332586786,1.946979865771812,2.1012558869701725
5000.0,0.0,2.862768857921842,2.4311992014829604,2.6228441262609827,2.769133459835547,2.884681980838047,2.9788928713659897,3.0178685386088064,2.9938737040527803,2.9324675324675327,2.8791018998272886,2.8278867102396514,2.8019323671497585,2.8048176868503547,2.8107372106594046,2.834335955576122,2.857142857142857,2.8711467324291,2.8857449856733526,2.8877388535031847,2.881037567084079,2.8697838109602816,2.811390079608083,2.7347089167280765,2.654468085106383,2.5794032723772857,2.513672922252011,2.459093584461448,2.415673345168653,2.3821072487200214,2.356117663777178,2.33398291110778,2.3128491620111733,2.3000660938532715,2.286354238456237,2.27662616154396,2.267452569533984,2.253687315634218,2.2493547746674607,2.2376319602566754,2.229189189189189,2.221111111111111,2.210329516242113,2.2024009603841534,2.1936444885799404,2.1850333162480777,2.175925925925926,2.1674405900027316,2.158413055711874,2.1486447099970856,2.126151890689546,2.1093279839518555,2.0909413854351686,2.0735735735735736,2.0578057412504918,2.0397435897435896,2.028310104529617,2.0178408051235133,2.0057692307692307,1.9985170538803756,1.9901452282157677,1.9851458885941644,1.975964225824483,1.9696793002915451,1.966360856269113,1.9663212435233162,1.9674355495251017,2.0249188566642236,2.089927525513977,2.123726895511128,2.346325878594249
1400.0,60.0,3.425017119379137,3.34242910647405,3.622574169083203,3.8476874003189794,4.013921113689095,4.1401771756122985,4.216342412451362,4.238505747126437,4.211077844311378,4.155945419103314,4.071637426900585,3.9793510324483776,3.8986013986013988,3.8056338028169012,3.7323556370302473,3.660668380462725,3.5846590909090907,3.5292636878539962,3.4508196721311477,3.3848439821693908,3.3236481033091203,3.1172022684310017,2.927441352973268,2.7386196769456683,2.571736494678701,2.4338160011701038,2.3262745098039215,2.2413793103448274,2.1781320395078843,2.1332133213321334,2.1024107643431136,2.083577426283929,2.0695860827834434,2.0613042583830485,2.0556492411467118,2.0528804815133275,2.0564298561151078,2.055103884372177,2.0584686774941994,2.0625447600859395,2.0655180781363747,2.071733132681214,2.0749235474006116,2.0798647242455774,2.0840402969247083,2.0888948932720885,2.0939135224456074,2.0986270664051556,2.103862660944206,2.1156750226517667,2.1239900559353635,2.1326892109500806,2.140625,2.14778156996587,2.1560922855082914,2.1601307189542482,2.1648557512176847,2.1691831204026326,2.1709334383615597,2.1723716381418092,2.1727986771393137,2.172887172887173,2.1711632021229543,2.166361136571952,2.160919540229885,2.1543424317617865,2.092140921409214,2.0565217391304347,2.0486794407042983,2.1446937821411876
25000.0,0.0,1.4057289439931595,1.3084230525649145,1.3031496062992125,1.2904098471527121,1.2757034153247213,1.2632984642777654,1.2556740497675691,1.2535584243627937,1.2565424266455194,1.2641242937853108,1.2754988913525498,1.2891332470892627,1.3038922155688624,1.3195876288659794,1.3339862879529873,1.3488888888888888,1.362894108780304,1.376540586485338,1.389438417358009,1.4023711155020657,1.4145601617795753,1.4434758921274857,1.470393527031997,1.4957774465971188,1.5183946488294315,1.5380483437779768,1.5554762754191938,1.5688116486613433,1.5770331017572539,1.5805342501983601,1.5794836956521738,1.5724794461272176,1.5624315443592551,1.5478320715760496,1.5300687285223367,1.5100778500586542,1.4894736842105263,1.4687096774193549,1.448634845806325,1.4296225967244245,1.4125177809388336,1.3974315647178102,1.3836978131212723,1.3729754743174456,1.3638297872340426,1.3579201934703748,1.3539402173913044,1.3516981132075472,1.3510373443983403,1.3515092502434274,1.3545243105548788,1.3554327808471456,1.3554781676935441,1.3566685912240184,1.3571648216482164,1.3576772934287573,1.3581578496832734,1.3580402010050252,1.357906584130557,1.3572405706468633,1.3559253246753247,1.3530052264808363,1.349895518922684,1.3464566929133859,1.3434265010351967,1.3410999729070712,1.3442800433056659,1.347965249199817,1.3509615384615385,1.3616253529965485
2000.0,30.0,2.76982261166916,2.7683257918552036,3.036639171302513,3.252560932532674,3.4274341702388242,3.5650587758411025,3.624043367346939,3.575657115794459,3.42819324950364,3.238241758241758,3.007150715071507,2.800131926121372,2.6563706563706564,2.509548611111111,2.433139534883721,2.376848600914991,2.3204039476704152,2.2994116910752282,2.257423117709438,2.225998300764656,2.199666717164066,2.1129848229342327,2.055358144754068,1.9906882591093118,1.9575205895101864,1.93015214384509,1.9245007306380906,1.9035623409669211,1.8915853336850434,1.8705722070844686,1.8739780095855654,1.9199529134785167,1.869172932330827,1.8926693473553975,1.8678288431061807,1.8503555268261151,1.8908474576271186,1.8835942818243703,1.8938704028021016,1.8620440592271579,1.86875,1.8932926829268293,1.887509697439876,1.8917096390321302,1.8881685575364668,1.9101821192052981,1.8405919661733616,1.842241379310345,1.9174757281553398,1.8987816307403935,1.908518877057115,1.9047858942065492,1.9201044386422976,1.8886498117267347,1.9263698630136987,1.8985590778097983,1.8914728682170543,1.9048795552810376,1.9490245437382,1.9791122715404699,1.8912466843501325,1.9145416953824947,1.9174964438122333,1.9350553505535055,1.9482625482625482,1.9159327461969575,1.9164728038107899,1.922634454989934,1.9464131374243734,2.118129614438064
1300.0,50.0,3.232720355104629,3.2217444717444716,3.513937966234786,3.7544867193108398,3.948958758677011,4.107661822985469,4.216989749314929,4.2589035022905275,4.2329661362709095,4.166890982503364,4.056891296986116,3.9343185550082103,3.825643516270034,3.707059477487493,3.6119496855345914,3.5206438068579424,3.4317484662576687,3.3631002527379947,3.2733031674208144,3.2,3.1339360807401175,2.928150198579853,2.7480604328297265,2.582434052757794,2.4443360962132292,2.337866108786611,2.256989446398815,2.196116504854369,2.1529459241323647,2.1239307323179637,2.105092792403971,2.095998201438849,2.0877354157096923,2.084885640179203,2.0839363241678726,2.0842544829280274,2.090815802975885,2.091143151390319,2.095904887714663,2.102146155935887,2.1059602649006623,2.1134226275292107,2.1180897250361794,2.123413049896664,2.128721804511278,2.1345387680049033,2.1398252184769038,2.1453968253968254,2.15100453661698,2.164786324786325,2.1736379613356767,2.1831755280407865,2.1924088688462984,2.20053991515619,2.2088762214983713,2.214109926168991,2.217851099830795,2.222465034965035,2.2245442418852823,2.2253909843606254,2.226890756302521,2.22577519379845,2.223276723276723,2.2180217503883997,2.2094155844155843,2.2031425364758697,2.1315384615384616,2.09009900990099,2.0777226553271912,2.161470823341327
400.0,80.0,6.459419210722263,5.593862473953401,5.519237316990126,5.426032409827496,5.298574643660915,5.167778347870703,5.054333061668025,4.956232492997199,4.8903654485049834,4.8393298544355945,4.815188172043011,4.772818657016486,4.767908309455588,4.739977728285078,4.712540192926045,4.677916360968452,4.635157545605307,4.610486891385768,4.5538975268705,4.484834452419541,4.426902836606341,4.2329591670733695,3.9866774323778764,3.6944239744534513,3.3006347374495095,2.9810618870476833,2.652023121387283,2.337639965546942,2.1149203283437954,1.9224641529474242,1.7601835915088928,1.6470219435736677,1.5502328675981372,1.492086330935252,1.4381245196003074,1.4118602761982129,1.3530419880034277,1.3419874664279319,1.4001947419668939,1.3240832507433102,1.3093870731961992,1.3689556193420183,1.3493509451150079,1.3565323565323566,1.3062409288824384,1.3164876816171827,1.3775231860338242,1.3582545858810449,1.396392432908051,1.379143214509068,1.3865061035961728,1.4021246952281434,1.4004491017964071,1.4427602712405265,1.4128898128898129,1.4679065547743255,1.490123169881478,1.4478542315991367,1.4708624708624707,1.5392183656736815,1.5278477469913236,1.5105932203389831,1.5703851261620188,1.5851930570315267,1.587656190836804,1.5906882591093117,1.7965738758029979,1.9213507159649499,2.042687294083942,2.4845938375350136
35800.0,0.0,1.8380345768880801,1.3686111996599724,1.3117109272964738,1.2829428989751097,1.266817410966648,1.2662337662337662,1.2741398446170922,1.2906635349383442,1.3118014775525668,1.336285303973193,1.361803084223013,1.3869455463397042,1.410344827586207,1.4313228585909783,1.4494117647058824,1.4651791751183232,1.4799382716049383,1.4921190893169878,1.502970297029703,1.5138640429338104,1.5239056389554686,1.5447417760354525,1.5614480055337792,1.5724976613657624,1.575744859420898,1.5712682379349046,1.55902004454343,1.5387596899224807,1.51125,1.4800508663169607,1.4446876243533626,1.4095050480177296,1.3731298623578696,1.3405405405405406,1.311510483525888,1.2842842842842843,1.2623045744064851,1.2429042904290428,1.2312925170068028,1.217937971500419,1.2096924510717615,1.2044962359492626,1.1996860634600293,1.1985955402242208,1.1916990920881971,1.1904496728386469,1.1930752948291503,1.1905897313622635,1.1918318928995086,1.1905917491133098,1.1890194489465153,1.1879912663755459,1.1891700165523764,1.18999237998476,1.1890948160085952,1.1934921557234166,1.1915151515151514,1.1906873614190687,1.194708276797829,1.19656283566058,1.1952487008166295,1.1954674220963173,1.1982261640798226,1.1979017644253696,1.1982626469085336,1.1993446204259968,1.2277580071174377,1.2476701136218562,1.2655217965653895,1.2929115407147043
17500.0,60.0,1.705017577500799,1.3439481471044104,1.3321388577827546,1.332814930015552,1.3331970564186426,1.333676622039135,1.3331230283911673,1.3315629742033384,1.3273381294964028,1.3238396624472575,1.319529527076697,1.3142897446748483,1.3093664355956796,1.3044830741079598,1.2997106242248864,1.2953223178962066,1.2909043387349712,1.2870967741935484,1.28313054916146,1.2796016230173368,1.275662251655629,1.2678868552412645,1.2613890963405527,1.2566710301077435,1.25548929249119,1.256484672592055,1.2593216261727207,1.2634069400630914,1.268821603927987,1.2735849056603774,1.2778514588859415,1.2804979253112032,1.282340862422998,1.283536969391611,1.2844669117647058,1.2846580406654344,1.2844483828090385,1.283680464012655,1.283969943644333,1.2825128581925056,1.282029234737747,1.2817817817817818,1.2804385458742065,1.281063122923588,1.27736131934033,1.27580372250423,1.2767175572519085,1.2729575680810639,1.2724725659584404,1.2679856115107915,1.26412092283214,1.2615686975165268,1.2609470972855161,1.2601643598615917,1.2579972183588317,1.2593055208593555,1.2559179379274066,1.2530386740331492,1.2532239155920282,1.2522328303048968,1.2496,1.2462712452306626,1.2442776735459662,1.2411858974358974,1.2392690182745432,1.238544474393531,1.2522639068564037,1.2606473594548553,1.2675623013024304,1.2704481353807582
1500.0,20.0,2.5684723067559343,2.8305984555984556,3.01021972406745,3.1555136663524976,3.298429319371728,3.4217650243638333,3.4821124361158433,3.455351488283724,3.3336283185840707,3.1644236395552956,2.954016298020955,2.760227861211807,2.6205659625348745,2.4801236749116606,2.4044671036659384,2.3458409866176857,2.2908177504884177,2.2685851318944845,2.2286700125470515,2.2011912640635343,2.178958406151695,2.1110688474705213,2.074380165289256,2.030796304443467,2.0148698884758365,2.0039100684261975,2.0107416879795394,2.0015915119363394,1.998360655737705,1.9854014598540146,1.9947976878612717,2.0444177671068426,2.001833740831296,2.0281778334376956,2.0089514066496164,1.9960988296488946,2.039322033898305,2.0346702923181508,2.0502092050209204,2.024355300859599,2.0334545454545454,2.0600150037509377,2.057882711348058,2.0652173913043477,2.064822134387352,2.0893719806763285,2.0245901639344264,2.029166666666667,2.1054421768707483,2.0931899641577063,2.1077348066298343,2.109628217349857,2.1307767944936087,2.0999596936719063,2.1430089247768804,2.1148908857509627,2.108918531584169,2.1228668941979523,2.17185150919394,2.202964379631843,2.1064113440795054,2.129583124058262,2.1287320666925167,2.144194756554307,2.1529231198548904,2.1105817814349646,2.0547679161002135,2.02320987654321,2.019309537741369,2.1275211450878335
384399.0,60.0,1.0,1.0,1.0,1.0,1.0,1.0,1.0,1.0,1.0,1.0,1.0,1.0,1.0,1.0,1.0,1.0,1.0,1.0,1.0,1.0,1.0,1.0,1.0,1.0,1.0,1.0,1.0,1.0,1.0,1.0,1.0,1.0,1.0,1.0,1.0,1.0,1.0,1.0,1.0,1.0,1.0,1.0,1.0,1.0,1.0,1.0,1.0,1.0,1.0,1.0,1.0,1.0,1.0,1.0,1.0,1.0,1.0,1.0,1.0,1.0,1.0,1.0,1.0,1.0,1.0,1.0,1.0,1.0,1.0,1.0
20000.0,90.0,1.5879039430773791,1.2816851753922087,1.2614360964790685,1.2532517214996175,1.248496993987976,1.2460667086217747,1.2451811873554357,1.2451253481894151,1.2433745583038869,1.243366285119667,1.2433171324422843,1.2436235708003518,1.244390539721043,1.2460189245326563,1.2479035639412999,1.2505931198102016,1.2533467202141901,1.2564102564102564,1.259872611464968,1.263510282161645,1.2672413793103448,1.2774945375091042,1.2898120672601385,1.3017727639000807,1.3148518451190692,1.3276325433667238,1.3390767230169052,1.3472874839812046,1.3521907931225734,1.3534850640113798,1.3501350135013501,1.3437711196215363,1.3348195624912915,1.3250128227047357,1.3145530145530147,1.3040862371521684,1.2941176470588236,1.2849500713266762,1.2781541066892463,1.2696684809500247,1.2637045585689555,1.2581939799331103,1.2521072796934867,1.2484635645302897,1.2407045009784736,1.2367181509475298,1.2352652259332024,1.229922105828633,1.2276075427224513,1.2210058159425248,1.2146576663452266,1.2102684277801448,1.2081289418360197,1.2061647296614453,1.203489932885906,1.2047357782269708,1.2012673506336753,1.198297604035309,1.1991965182457316,1.1981032665964173,1.1948382406397673,1.1912804399057344,1.1890399320305862,1.1861413043478262,1.1845266698702548,1.1835282155566853,1.2030188679245284,1.214574898785425,1.2237183446571958,1.2386276021588283
7000.0,60.0,2.2590113285272913,2.290181020296215,2.6212765957446806,2.871576609918579,3.0076335877862594,3.015028901734104,2.928906657396141,2.8020255606462503,2.6685678073510775,2.547923322683706,2.4481062469257253,2.3692946058091287,2.311888111888112,2.2686322686322686,2.2369172216936253,2.2216192750162795,2.2117879649079453,2.2049122807017545,2.2052332912988653,2.2046544679339135,2.207611077903965,2.2265625,2.2438198442262105,2.2627229230100045,2.279646993932708,2.2924982794218858,2.302598491198659,2.3080020130850527,2.3066872550184105,2.2996849746610053,2.2866894197952217,2.2700896782134694,2.247911404701768,2.2266864030450413,2.2053864168618267,2.18209179834462,2.164488017429194,2.146011186340889,2.1293759512937593,2.117916803144448,2.1092198581560284,2.098941219423147,2.0931485758275596,2.0904995904995904,2.08660409556314,2.0847835787594824,2.081860465116279,2.081513828238719,2.080060422960725,2.0793388429752064,2.0780974750440397,2.075351213282248,2.0766045548654244,2.074181818181818,2.074162679425837,2.074318744838976,2.0710616438356166,2.072878228782288,2.0762463343108504,2.074803149606299,2.0743600162535554,2.0785819126114937,2.0807600950118763,2.083698784613457,2.0905172413793105,2.097568037058483,2.1948409717004758,2.2796190476190477,2.333501768569985,2.502212389380531
1800.0,10.0,2.4563953488372094,2.857772391759392,3.0036714089031666,3.132303839732888,3.2717546362339514,3.39760715530259,3.463476070528967,3.4333070244672457,3.3004338394793926,3.102203469292077,2.885747259088286,2.687074829931973,2.525621118012422,2.406764960971379,2.3165876777251184,2.247626824538124,2.1938220578638243,2.154972118959108,2.117632732586459,2.087996912389039,2.0639455782312925,2.0008939213349226,1.9546925566343043,1.9196661450182577,1.894273127753304,1.879110251450677,1.8694338101954464,1.864257196890103,1.8614549402823017,1.8608734804142277,1.8612395929694727,1.861267605633803,1.8646063281824872,1.8655566600397615,1.8688271604938271,1.871666226564563,1.8745606920789402,1.8756462585034013,1.8788215675375208,1.8835318036595992,1.8861429832303618,1.8891559026734754,1.8922558922558923,1.8958528219519801,1.8987261146496814,1.901091843288375,1.9080732700135685,1.9113487409451535,1.9110960298608755,1.921043100325969,1.9261595547309833,1.9332561728395061,1.9390822784810127,1.9450867052023122,1.9503424657534247,1.9544658493870404,1.9582766439909296,1.9599813866914844,1.9624826308476147,1.9636449480642115,1.9639819909954976,1.964139344262295,1.963645943097998,1.9611021069692058,1.958030218242865,1.953556731334509,1.9127358490566038,1.889332003988036,1.8902007083825265,2.0015814443858724
4000.0,80.0,2.961052360072221,2.6484926234765878,2.930768150540654,3.1112852664576804,3.1906491148433953,3.203579418344519,3.1482758620689655,3.0345625930213327,2.8958566629339306,2.776250365603978,2.6701856570804514,2.598320813079982,2.559340074507717,2.533704390847248,2.5252161383285303,2.524360033030553,2.525581395348837,2.5270528325907065,2.525134440028057,2.5195007800312013,2.5126573123101403,2.481598317560463,2.4390243902439024,2.3940574768631273,2.350484094052559,2.3107397090684,2.2759208731241474,2.247879011434895,2.2241447109712937,2.2050748752079867,2.187692307692308,2.1715089034676662,2.1598639455782314,2.1480730223123734,2.1373684210526314,2.1281216069489686,2.1146496815286624,2.1088355763604447,2.0993902439024392,2.089751750477403,2.0803921568627453,2.0693205216197668,2.062015503875969,2.0531295487627363,2.045795795795796,2.0371517027863777,2.029529130087789,2.0213464696223316,2.012733446519525,1.9944700460829492,1.9816247582205029,1.9680524267868114,1.9551385743556562,1.944131561162424,1.932496649201901,1.925604463732176,1.920031156692198,1.913185467410532,1.9092178770949721,1.9067115075303407,1.9053307451097505,1.9033422250117684,1.9026620937448964,1.9053315105946684,1.9101731601731602,1.9148134187712025,1.9943566591422122,2.0611132736473334,2.0928641251221896,2.294885255737213
12500.0,30.0,2.073735199138859,1.7764804003336114,1.7483221476510067,1.7234530175706646,1.7066571733713065,1.692488262910798,1.6795481569560047,1.6654492330168005,1.6494303242769501,1.63345379452762,1.6177351707609346,1.6020884858477604,1.5865834633385336,1.5735630163473369,1.5611581642702383,1.5495713343592,1.539647577092511,1.5300516725591515,1.521594684385382,1.5137491616364855,1.5059568131049887,1.489815712900097,1.4774889029803424,1.4667774086378738,1.4594653336231254,1.453051975640844,1.4504124656278643,1.449070806868972,1.4497607655502391,1.4503386004514673,1.4522024367385191,1.4540196645459804,1.4547383309759547,1.4566523605150214,1.4565014999482777,1.4572242169122198,1.4567683016644573,1.456445993031359,1.4559426229508197,1.4558964525407478,1.4563702258154447,1.4576216564614888,1.4595997034840622,1.4620280016970726,1.4655753490611458,1.470076169749728,1.4743276283618583,1.480218281036835,1.4844814534443604,1.4967919340054996,1.510275089703164,1.523989898989899,1.5360230547550433,1.545233068052623,1.5549351585014408,1.562264898039992,1.5684369602763386,1.5772281847876808,1.5827881227981881,1.5883783783783785,1.5957324106113033,1.609262883235486,1.6212176449143274,1.6324062877871826,1.6393873085339168,1.6447058823529412,1.6202614379084967,1.6035058430717863,1.5925563173359452,1.549421965317919
12500.0,20.0,2.0973370064279155,1.9292035398230087,1.9479011116641778,1.93190249072602,1.9198767334360554,1.9093766369827134,1.8968792401628223,1.8814563928873835,1.8618002870617183,1.8394567721595732,1.8158783783783783,1.7931367810536492,1.7708295350957155,1.7502556760073635,1.7312956204379562,1.71403242147923,1.6982613572630398,1.6839169507282306,1.6708860759493671,1.6587391468478672,1.6483333333333334,1.6241324079017618,1.6060398078242966,1.5901060070671378,1.5779899954524783,1.5689705453484981,1.5615470435105987,1.556,1.551978735971648,1.5484937545922115,1.545536927956502,1.542382271468144,1.5393409549428378,1.5352226720647772,1.5315227934044617,1.5274573142593446,1.523133615395114,1.5195826645264847,1.516056338028169,1.5136552326851649,1.5118746841839312,1.5123438861458032,1.5134506808369312,1.5149338374291115,1.520068317677199,1.5252040326452232,1.530612244897959,1.5388291517323776,1.5466578424884183,1.5638977635782747,1.5819905213270142,1.5998232239531542,1.6180573167638854,1.6315941193427501,1.6475898758665162,1.659330828412954,1.6708711076074103,1.6851374570446735,1.696069255966308,1.707032241685707,1.720885729907053,1.7469271982351087,1.7710800143523502,1.7948303715670437,1.812194036493102,1.8250968992248062,1.7995853489979268,1.775111111111111,1.7607034439443108,1.6959752321981423
4000.0,90.0,2.9635957418846104,2.6485956890920965,2.9319221967963385,3.1106971793507183,3.1919518963922293,3.2068441064638784,3.1516004220893423,3.0374620317246035,2.898285714285714,2.7793371155568827,2.6736059479553904,2.600360847992783,2.5625,2.5359848484848486,2.52906548933039,2.5278246205733557,2.52561669829222,2.529507309149973,2.5268432355046526,2.5232157070841073,2.5166051660516606,2.482573726541555,2.4410630090012857,2.3950372208436725,2.3509859154929575,2.3109640831758034,2.276292953835474,2.24765478424015,2.224,2.2047377326565143,2.18730442556996,2.1705574082896617,2.159090909090909,2.1469072164948453,2.13697164258962,2.127483443708609,2.114184814596822,2.108863771564545,2.0991940483570986,2.0879689521345406,2.079734219269103,2.069783670621075,2.061604584527221,2.0540340488527016,2.044241037376049,2.036978756884343,2.0283860502838604,2.021702838063439,2.0120793787748057,1.9953139643861293,1.9793713163064832,1.9669060256009991,1.9544009645949798,1.9439038351459645,1.931888544891641,1.92588858079153,1.918458899590975,1.9128630705394192,1.9091554293825408,1.9066726110863428,1.904689634238883,1.9027113237639552,1.902390438247012,1.903769324300851,1.9086908690869087,1.914942528735632,1.9945496270797476,2.060126582278481,2.0934393638170974,2.2945570971184632
7000.0,70.0,2.2627695800227015,2.3009118541033433,2.6502575844304523,2.922689075630252,3.088871096877502,3.12135593220339,3.0508474576271185,2.926193921852388,2.789211935730681,2.6627963231736818,2.555820895522388,2.4701223902087834,2.4066213921901527,2.361194029850746,2.3273568536726432,2.310531171741136,2.2986954565901936,2.2914538644875724,2.2905134567665586,2.288354103996562,2.2906641000962464,2.3044701469209126,2.3162358642972536,2.3273288728769943,2.3374352331606216,2.3432237369687248,2.3449612403100777,2.342685602124466,2.334235453315291,2.3205704541931484,2.300576016756851,2.2799763733018312,2.2542226071892593,2.2297582727059377,2.2059585492227978,2.1803097345132745,2.1614739364889157,2.140458508233775,2.122211122211122,2.1109520400858983,2.1005802707930368,2.0894276629570747,2.0832984512348265,2.080551846906987,2.0764242704956,2.073572120038722,2.0711043872919817,2.069364161849711,2.067574931880109,2.0673822301729277,2.0653968253968253,2.0628019323671496,2.063385533184191,2.0604870384917517,2.0611541774332474,2.0625,2.059204440333025,2.058764940239044,2.0627376425855513,2.061230998192835,2.061697222527171,2.06639814475772,2.068832669834339,2.072096490039301,2.079568638880793,2.0871200250705106,2.1853764609948354,2.2718607542478244,2.3283746556473828,2.5
20000.0,80.0,1.588132635253054,1.2817583939079267,1.2613667301933025,1.2537593984962405,1.2480314960629921,1.246134817563389,1.2446969696969696,1.2445255474452555,1.243894496906545,1.243447129523079,1.2433562257390265,1.2436030428769018,1.244435612082671,1.2461433756805809,1.2481319247616594,1.250728862973761,1.2537018756169793,1.256952169076752,1.260125260960334,1.2637517630465445,1.2676205617382088,1.2779369627507164,1.2886297376093294,1.3021658742736397,1.31515909903468,1.3280461427541457,1.3391943734015346,1.3480453972257251,1.3531659388646289,1.3540937718684394,1.3507528786536758,1.3439787092481703,1.335436959802442,1.3256440478194982,1.3153798894122466,1.3047666090392689,1.295266272189349,1.2858649789029535,1.2789144050104384,1.27037579306979,1.2648063781321184,1.2595772787318362,1.2535957607872823,1.2497831743278405,1.241779497098646,1.238353196099675,1.2364873071784284,1.2316894855775622,1.2292547761411696,1.2228058285327008,1.216551987767584,1.2119932432432432,1.2100509495136638,1.2081663326653307,1.2054830982166622,1.2066991125107358,1.2031717534410533,1.2000625195373553,1.2011284434118819,1.1998607242339834,1.1967567567567567,1.1931464174454829,1.1911578947368422,1.1875280394795873,1.1856258924321752,1.1847935548841892,1.203579418344519,1.216,1.2253108997805413,1.2395437262357414
10000.0,0.0,2.126232741617357,2.1025280898876404,2.7222427148653634,3.1818181818181817,3.5348692403486925,3.8349682631275246,4.050413700211661,4.159369527145359,4.179719703215169,4.130743982494529,4.050104384133611,3.935483870967742,3.8681832030059917,3.7825983878615457,3.7112839405103015,3.6731216111541443,3.6226086956521737,3.5849056603773586,3.55005382131324,3.5027309427689386,3.464854977789391,3.3891076115485563,3.301671422747656,3.2257415786827552,3.147671568627451,3.086053412462908,3.0283436669619133,2.9595243062799916,2.8994876799219322,2.8350225225225225,2.7613855035279027,2.683903860160233,2.600732600732601,2.55125284738041,2.4625094673062358,2.405495420482931,2.3312101910828025,2.251725271114032,2.2827111272200074,2.186779400461184,2.1317861583091586,2.1473214285714284,2.1073286052009457,2.114871794871795,2.039452919516044,2.0380100614868644,2.094224924012158,2.0665399239543727,2.1016260162601625,2.087574850299401,2.1015561015561017,2.085867620751342,2.1177052423343223,2.1712737127371273,2.120437107649384,2.2434244455905104,2.2446491465727445,2.1932077625570776,2.2491833877741483,2.3495274415519813,2.3453386179562297,2.305650360257869,2.392354547363999,2.4205267938237967,2.4090575275397796,2.4062913031985196,2.742841993637328,2.8550968828980623,2.873407733062789,3.103916449086162
1500.0,30.0,2.7406015037593985,2.8157131558133406,3.0377039954980303,3.2209933222036726,3.383691299599563,3.5180139267332726,3.5876436781609193,3.5586552217453504,3.428342031312726,3.2510013351134845,3.0304042766455064,2.8274760383386583,2.684797768479777,2.5376623376623377,2.460120932911028,2.400250941028858,2.3430779569892475,2.319404069767442,2.2768642447418737,2.2462474645030426,2.220594571305472,2.140085186938003,2.091238983929497,2.0366666666666666,2.011202830188679,1.9925280199252802,1.99281045751634,1.9789402173913044,1.9719495091164094,1.955988455988456,1.9642857142857142,2.013157894736842,1.9676656151419558,1.993527508090615,1.9735318444995864,1.9595959595959596,2.0035180299032542,1.998236331569665,2.0108597285067873,1.9860335195530727,1.9943235572374645,2.0224828934506354,2.018867924528302,2.026753141467369,2.025407973559182,2.050742183387725,1.9847655830919428,1.9890829694323144,2.066235504014273,2.0536975977390486,2.0685894328647603,2.0696154812767027,2.08955223880597,2.060234541577825,2.103632779498733,2.075766174801362,2.0702781844802343,2.0847201210287443,2.1332922887486534,2.1659499920369485,2.070135746606335,2.095557418273261,2.095353256175505,2.112045820655092,2.121891942419144,2.081719597211464,2.0406011073029267,2.0179114565731666,2.0205396697543296,2.141811527904849
384399.0,70.0,1.0,1.0,1.0,1.0,1.0,1.0,1.0,1.0,1.0,1.0,1.0,1.0,1.0,1.0,1.0,1.0,1.0,1.0,1.0,1.0,1.0,1.0,1.0,1.0,1.0,1.0,1.0,1.0,1.0,1.0,1.0,1.0,1.0,1.0,1.0,1.0,1.0,1.0,1.0,1.0,1.0,1.0,1.0,1.0,1.0,1.0,1.0,1.0,1.0,1.0,1.0,1.0,1.0,1.0,1.0,1.0,1.0,1.0,1.0,1.0,1.0,1.0,1.0,1.0,1.0,1.0,1.0,1.0,1.0,1.0
17500.0,70.0,1.706371681415929,1.3445036016285625,1.33291956305859,1.3336776859504131,1.3340867992766727,1.3344709897610922,1.333565459610028,1.3322175732217574,1.3283730158730158,1.3244186046511628,1.3198325907924935,1.3148407148407149,1.3096041185868987,1.3045930701047543,1.2998862343572242,1.2953381147540983,1.2907679033649697,1.2864516129032257,1.2824593128390598,1.2787018255578093,1.2744651797906237,1.2664634146341462,1.2592288761279737,1.2555309734513274,1.2532738095238096,1.2539808917197452,1.2567282321899735,1.2607192254495159,1.2658000896458987,1.270223752151463,1.2741116751269035,1.2765185856754306,1.2791479820627802,1.280373831775701,1.2808482217398565,1.2806841046277666,1.2801059730250481,1.2794159748067564,1.2791171477079797,1.2777556705133306,1.2766155276615527,1.2760669908157753,1.2748756218905473,1.274481772694782,1.270096463022508,1.2692656391659112,1.2686262502551542,1.2646528403967539,1.2638525712862658,1.258643519199647,1.2541343233209585,1.2513712880650651,1.2504191114836547,1.2496570644718792,1.2473065621939274,1.2485472794506074,1.2447222222222223,1.242053076698746,1.2429501084598698,1.2420195439739414,1.2391745602165087,1.2358767424798238,1.2348966613672496,1.2313242784380305,1.2303877366997296,1.229375298044826,1.2454923717059638,1.2552800734618916,1.2626206590480418,1.2664171486900306
400.0,90.0,6.36676875957121,5.488500098289758,5.4145995747696665,5.323529411764706,5.187646598905395,5.044871794871795,4.923033469848892,4.815622161671208,4.742149896859959,4.684225431888983,4.652849740932642,4.600494233937397,4.592105263157895,4.559456398640997,4.527379400260756,4.4885100074128985,4.439899833055092,4.4167450611476955,4.357232441471572,4.286209686741417,4.22781897212989,4.036047634373994,3.7976190476190474,3.516562650024004,3.1416549789621318,2.8402618657937806,2.532342007434944,2.2373653686826844,2.031061659712564,1.8533604887983706,1.7027472527472527,1.5971223021582734,1.5082697201017812,1.4552957359009628,1.4045521292217327,1.3809154383242823,1.3240589198036006,1.3153846153846154,1.3726765799256506,1.2992424242424243,1.2841475573280159,1.344369464361029,1.3246329526916802,1.3309226641782341,1.2824956672443675,1.2916465475615646,1.3518446095685046,1.3323591923485654,1.3703547889496563,1.3524749513982353,1.359431728492502,1.3748958159693283,1.371976348324673,1.4134505158578525,1.383741781231321,1.4361817786475322,1.4588812123913528,1.4167433302667893,1.4383391347588266,1.5048543689320388,1.493279569892473,1.4757055571719524,1.533375918236985,1.54774897680764,1.548869438366156,1.551912568306011,1.7496542185338866,1.8720083246618109,1.9910389246709603,2.4300827966881324
1400.0,0.0,2.4497695852534562,3.0828611898016995,3.084027252081756,3.1043221174151765,3.165115139637433,3.231174089068826,3.2670057215511763,3.239887111947319,3.1458034199190705,3.003401360544218,2.845494459544219,2.6972072513473786,2.577402381611742,2.4844322344322345,2.413236746789595,2.359593837535014,2.3179808400884303,2.2892080745341614,2.261167002012072,2.243595128097438,2.230701754385965,2.1989676208352886,2.184223664503245,2.178609062170706,2.178826110806363,2.1850371216447746,2.191990577149588,2.2014607425441266,2.211118051217989,2.220578778135048,2.228646517739816,2.2345514950166114,2.2455172413793103,2.2522648083623693,2.2604017216642753,2.269258987527513,2.274495138369484,2.2787377911344855,2.2851681957186543,2.2957074721780604,2.299357945425361,2.3063725490196076,2.3112033195020745,2.316764953664701,2.322469982847341,2.3290155440414506,2.3369565217391304,2.3415977961432506,2.344484629294756,2.355640535372849,2.3658536585365852,2.3732742114279954,2.381735911147676,2.3879163108454313,2.393962763027432,2.3969911305714606,2.4000926676705663,2.4007113218731475,2.4051378741456517,2.405275779376499,2.398682877406282,2.39513205592957,2.38936877076412,2.381211708645337,2.369014084507042,2.3530280649926145,2.218118195956454,2.1255474452554743,2.0730802169568943,2.0820170109356013
1500.0,0.0,2.4329829172141917,3.038895859473024,3.063230605738576,3.101860920666014,3.179895075308851,3.2573652028904947,3.298481561822126,3.268199233716475,3.162257495590829,3.007105202842081,2.832630098452883,2.672158154859967,2.539593814048817,2.438823771334567,2.363394047090182,2.3056541282233263,2.2607828471702818,2.228887134964483,2.198852772466539,2.178418498429917,2.162735144819349,2.1260019236934915,2.1049931600547196,2.0955829109341058,2.091012084592145,2.0945626477541373,2.098454027664768,2.1065711878685764,2.1133217993079585,2.122658340767172,2.129502963976288,2.1342250922509227,2.1457334611697028,2.1501210653753025,2.159181636726547,2.1669218989280243,2.1734375,2.1785340314136126,2.184968017057569,2.1951219512195124,2.2,2.2058152793614596,2.2114716106604866,2.218363743378458,2.2248201438848922,2.2299336149668076,2.2401774397972116,2.2455012853470437,2.2466793168880455,2.261219022103148,2.2706766917293235,2.2814710042432815,2.2902527075812276,2.298574643660915,2.3059643687064293,2.311216429699842,2.3156606851549757,2.3163606010016693,2.3211618257261413,2.3217905405405403,2.317857142857143,2.3159817351598173,2.3092783505154637,2.303554274735831,2.2922465208747513,2.2770418274747053,2.1560773480662982,2.074357192494788,2.030067498465944,2.0462962962962963
1300.0,40.0,3.0494938132733407,3.006806282722513,3.283717759345529,3.5131102110424215,3.703912716328066,3.8662864385297846,3.97137927534761,3.995395241749808,3.9288830715532286,3.80575117370892,3.633766233766234,3.4579230080572962,3.3109596224436286,3.169811320754717,3.0675853018372705,2.977777777777778,2.8975346687211094,2.84,2.7713280562884783,2.716153127917834,2.6676587301587302,2.5202185792349727,2.402589617551852,2.298983661391998,2.2194888615552824,2.16017316017316,2.120248371952143,2.0915958451369216,2.072437875588761,2.061132453649574,2.0547237996902425,2.0561416055784014,2.055393586005831,2.0575056011949218,2.059889376311272,2.064015518913676,2.071269487750557,2.072675598863175,2.0795501874219076,2.0860261074256368,2.0910671593131926,2.098518850987433,2.1036918869644485,2.109251510925151,2.114847264977504,2.1201157742402317,2.1255528255528255,2.130934532733633,2.137279918346517,2.1499327052489905,2.159468438538206,2.169296987087518,2.177968611193367,2.1857142857142855,2.193900481540931,2.1992238033635187,2.2039385847797064,2.2079310344827587,2.210175438596491,2.2113289760348582,2.211864406779661,2.2115531752104056,2.2086785009861933,2.2041734860883797,2.197689345314506,2.1903283052351377,2.1233211233211233,2.086682427107959,2.0781544256120528,2.1700128150363094
700.0,10.0,2.9726829268292683,3.3659717051377513,3.502577319587629,3.574086603518268,3.5727383863080684,3.5080186239006723,3.3844897959183675,3.2177332856632104,3.0431284196974575,2.892156862745098,2.769941634241245,2.6798002219755825,2.623952838969904,2.581574539363484,2.5594808940158615,2.545350172215844,2.5362725450901804,2.539178314273613,2.536307961504812,2.5420645748067305,2.5518220539517276,2.5632183908045976,2.586807387862797,2.6086717892425906,2.6303236797274274,2.6533724340175953,2.6753325272067716,2.6939281288723667,2.710942441492726,2.7242268041237114,2.73798551678736,2.752542372881356,2.760302197802198,2.7697690692792163,2.778805120910384,2.7860230547550433,2.796420581655481,2.8007462686567166,2.808073115003808,2.817757009345794,2.823483057525611,2.830234438156831,2.837152209492635,2.8421926910299002,2.8499156829679597,2.852991452991453,2.860364267129228,2.866432337434095,2.8723214285714285,2.885368126747437,2.895337773549001,2.9060665362035225,2.9157061240853963,2.9238630556974963,2.931495137330341,2.9380834853525055,2.941564872895345,2.9445009607776647,2.9463671785468715,2.9459650778669184,2.9456716417910447,2.9423361261705274,2.93537371948906,2.9266701461377873,2.9117527450183,2.898267188373393,2.7584973166368516,2.653997378768021,2.5856854838709675,2.499748364368395
2000.0,20.0,2.6353580438579467,2.765648854961832,3.013239751156484,3.2091940645912134,3.3775,3.5077805077805078,3.5676850313179087,3.523648012059544,3.3742491512144164,3.1652977412731005,2.9403747870528107,2.7402135231316724,2.5814226925338035,2.4654255319148937,2.3779411764705882,2.313050440352282,2.263793103448276,2.227906976744186,2.1897738446411013,2.1620205407671347,2.1370291717894268,2.0661362506215815,2.009575923392613,1.9655326103105037,1.9320158102766798,1.9073980875691998,1.8917969436149658,1.880750828119249,1.8742126359992366,1.8701092353525324,1.8672530169768868,1.865612648221344,1.8652420409943307,1.8647930958176588,1.8654111162149747,1.8660207939508506,1.8671193016488845,1.8668458343513314,1.86775,1.8702149973780808,1.8705131613932464,1.8715995647442873,1.8730555555555555,1.8744331065759636,1.8758340586016826,1.8766842413591096,1.8803976390183286,1.8816455696202532,1.8814192343604108,1.886439545758183,1.88911774802609,1.8932282336080257,1.8960943257184968,1.8996138996138996,1.9031739654479711,1.9053108275010293,1.9080410607356715,1.9089709762532983,1.9102058694699957,1.9110017889087656,1.9134569662387066,1.9141463414634146,1.9136112506278251,1.913828689370485,1.9137653990358865,1.9120631341600902,1.8986175115207373,1.8943731490621916,1.9084689785326727,2.061572292468389
9000.0,80.0,2.1150483202945236,2.0564663023679417,2.3363159518667076,2.4663310258023916,2.4624946420917273,2.3914452365521712,2.299393122049899,2.2082843713278497,2.127722406792174,2.0594059405940595,2.0016111707841033,1.9528301886792452,1.9199417758369723,1.8893510815307821,1.8659112370160529,1.8554833208994992,1.8437425221344819,1.8362149845865166,1.8317868901526488,1.8257676902536715,1.8236607142857142,1.8249330411492575,1.8262253341820496,1.8314653383146533,1.835483870967742,1.8450899031811896,1.8568920105355575,1.8650401142982744,1.8760195758564437,1.8841059602649006,1.8874329958308518,1.8850873053327042,1.8775510204081634,1.8796534017971758,1.8599926117473218,1.852334875893984,1.8278649548264385,1.800106326422116,1.8370414912808177,1.7864651773981604,1.7599709934735315,1.7869114126097367,1.7661777394305436,1.7739791073124407,1.7266401590457257,1.7297412871498825,1.7750439367311073,1.7567234147545028,1.7860934182590233,1.772713820656999,1.7812449211766619,1.7686302342086586,1.7803829620945681,1.8174265019173412,1.7698773284870513,1.85075,1.8515808727462764,1.8018067341910757,1.8324933293803736,1.9040880503144655,1.8942057291666667,1.8570412517780939,1.9139616738365273,1.926890756302521,1.914826498422713,1.9076402321083172,2.0659536541889483,2.1003516364619963,2.1063867639210105,2.0836879432624116
2000.0,0.0,2.425062447960033,2.8588052754072923,3.0032,3.1305851830498703,3.2646484375,3.3792289535798585,3.4289156626506023,3.3791543413955107,3.2286995515695067,3.0190793458509995,2.7971175166297115,2.599479843953186,2.441757156959526,2.324339207048458,2.2366044551475017,2.1714285714285713,2.1205821205821205,2.083827893175074,2.0482866043613708,2.0214521452145213,1.9991251093613298,1.9412897016361887,1.8979634684022675,1.8654434250764527,1.8414107485604607,1.82648401826484,1.8158940397350993,1.8099986151502563,1.8057946069994262,1.8032786885245902,1.8015946028825514,1.7999064983637214,1.7996410507423724,1.79877544266093,1.7999313658201785,1.8010231081319457,1.8012298788207632,1.8010566587720895,1.8017883755588673,1.8033554428404215,1.8041930379746836,1.8048928427011726,1.8058993399339933,1.8067297581493165,1.808130780813078,1.8087692641632298,1.8120404411764706,1.8131431244153415,1.8129314312011044,1.817532627431667,1.820020222446916,1.823591363875724,1.8266630611141157,1.8297992649137687,1.8331864904552129,1.8350360576923077,1.8376441258959177,1.83936,1.8406628425748885,1.8420026007802341,1.8439007580978635,1.844687610307095,1.8457350272232305,1.8462397617274757,1.8457979953739398,1.8450020234722784,1.8306364617044228,1.8225255972696246,1.8344103392568658,1.9695597028447183
700.0,30.0,2.972972972972973,2.911332633788038,3.0570859219317783,3.1942870097483564,3.337334437086093,3.483707458363505,3.5922212827636186,3.621837549933422,3.5546218487394956,3.4161514683153014,3.2331349206349205,3.057726999398677,2.9206460674157304,2.807058823529412,2.7322970639032813,2.6778711484593836,2.6339285714285716,2.610309715740348,2.5794661645807953,2.559599953482963,2.546120952962737,2.4973642593568792,2.4674220963172804,2.4458065480639855,2.4318822424052615,2.4285013891158687,2.4307796840496008,2.435178696566223,2.440690150970525,2.4462019496045615,2.4547169811320755,2.4648711943793913,2.4717317992461814,2.4797242497972425,2.488117379623889,2.4947545111204366,2.5038201266099107,2.508200306144763,2.5167935512763098,2.5241157556270095,2.5296995108315863,2.537205952952472,2.54381694255112,2.548970989337962,2.5548549810844894,2.561200923787529,2.5666927695118766,2.5725271811190664,2.5788050824547173,2.5918135304150085,2.600466608340624,2.610189930660235,2.619062402980441,2.626073131955485,2.634081017743555,2.6397034041118976,2.643526553280111,2.647332617257429,2.648835516739447,2.649868371568259,2.6498855835240276,2.6482213438735176,2.645358306188925,2.639966273187184,2.6323658751099384,2.6251137397634214,2.561181434599156,2.526395173453997,2.5238515901060072,2.6490566037735848
1300.0,60.0,3.5008591065292096,3.43864406779661,3.7344632768361583,3.9758125472411185,4.156445556946183,4.297844546048334,4.388726919339164,4.424400991462407,4.411709863882155,4.3680116674769085,4.288760280231496,4.199038105808361,4.1205455345358555,4.024390243902439,3.9448636099825887,3.866753755715219,3.782041998551774,3.7164658634538155,3.63079615048119,3.553860819828408,3.483810709838107,3.257464512971121,3.0462542565266744,2.839111679181978,2.655257586450247,2.50719907851795,2.3871366728509584,2.2961186218927168,2.228102189781022,2.179426404361223,2.1466535433070866,2.1275064267352186,2.1116083179784155,2.103140227395777,2.098169717138103,2.0961538461538463,2.100472813238771,2.0991392104482043,2.10301737275221,2.10846394984326,2.1121376234469578,2.118789075353735,2.1237044466733535,2.128581173260573,2.1341675356273897,2.1395184135977336,2.144248106743599,2.1500366837857667,2.156179775280899,2.169036334913112,2.1778319123020706,2.1871320437342305,2.1966145833333335,2.203918076580588,2.212406015037594,2.217226691907241,2.22216796875,2.226424609178013,2.227692307692308,2.2298301486199574,2.2299407646742058,2.2290502793296088,2.2263824884792625,2.2202985074626866,2.214107365792759,2.205692108667529,2.1337466784765278,2.0913543683790863,2.0779573543392638,2.1612113796267973
17500.0,50.0,1.7060332028613847,1.343599388738686,1.3307027433295753,1.3311501178936338,1.3309153713298791,1.3314435237679896,1.3308351177730193,1.329464861379755,1.3269525267993874,1.3237410071942446,1.3188420942627235,1.3141411708022164,1.309366391184573,1.304960100140823,1.3006189213085764,1.2966135458167332,1.2925246195165623,1.289123335845265,1.285432516201747,1.28201074928865,1.2790202342917998,1.2717753450737743,1.2653846153846153,1.2632034632034632,1.2616604477611941,1.2628455411525847,1.2664316815260213,1.2708219923788786,1.2759717314487633,1.280924331671953,1.2845668387837061,1.2875629043853343,1.2905525846702317,1.2914523366531685,1.2918832467013195,1.2919954904171365,1.2917633410672853,1.2914456997924832,1.2916666666666667,1.290967741935484,1.2909572455542944,1.2911336568151743,1.2908163265306123,1.2911764705882354,1.2893333333333334,1.2880844645550529,1.2885106382978724,1.287334593572779,1.2862375719518577,1.283009466865969,1.2802300503235082,1.2784072515377145,1.2783468104222822,1.277919528949951,1.275905644481887,1.276909132109676,1.2737043229042273,1.270582329317269,1.2706007442849547,1.2696064750209322,1.2666086451987235,1.2629594721960415,1.2605156037991858,1.2569670647846543,1.2542177914110428,1.2533387292594091,1.264215967834578,1.271021021021021,1.275831087151842,1.2780207763805358
900.0,80.0,3.5395894428152492,3.5483067729083664,3.825659596482152,4.052823315118397,4.215976331360947,4.336202990484821,4.415069398545935,4.447830101569714,4.4407935523868565,4.4101531023368254,4.352536195200972,4.2797081736119695,4.2110716400236825,4.123835805450155,4.051261672958474,3.975197294250282,3.893515013878375,3.8350748376164927,3.749224084419615,3.680437009218163,3.6205474315710537,3.4134963768115942,3.2220430107526883,3.025990099009901,2.851360781577111,2.703016241299304,2.585304054054054,2.4922937443336357,2.420345489443378,2.3714458560193585,2.3403805496828753,2.3257888281859738,2.3120257530466772,2.3074175497082985,2.3067484662576687,2.308272567261755,2.3211215447692104,2.322142286171063,2.3303105248694695,2.341089670828604,2.348517715112075,2.361319340329835,2.3679389312977097,2.3762685402029664,2.385204081632653,2.3942057291666665,2.4019933554817277,2.4098832289727534,2.4177916233991,2.436790032979113,2.4485557862941287,2.462745098039216,2.473140077032232,2.484368486869529,2.4966887417218544,2.5038949476964167,2.5109321058688145,2.5196662693682956,2.5249088699878492,2.5296343001261032,2.531794871794872,2.536363636363636,2.5382059800664454,2.5367541078120497,2.5338983050847457,2.5292821158690177,2.4621112571178276,2.4160997732426304,2.400677966101695,2.4764795144157814
384399.0,50.0,1.0,1.0,1.0,1.0,1.0,1.0,1.0,1.0,1.0,1.0,1.0,1.0,1.0,1.0,1.0,1.0,1.0,1.0,1.0,1.0,1.0,1.0,1.0,1.0,1.0,1.0,1.0,1.0,1.0,1.0,1.0,1.0,1.0,1.0,1.0,1.0,1.0,1.0,1.0,1.0,1.0,1.0,1.0,1.0,1.0,1.0,1.0,1.0,1.0,1.0,1.0,1.0,1.0,1.0,1.0,1.0,1.0,1.0,1.0,1.0,1.0,1.0,1.0,1.0,1.0,1.0,1.0,1.0,1.0,1.0
1500.0,10.0,2.447548106765984,2.946236559139785,3.0263291139240507,3.107476635514019,3.2199546485260773,3.327991452991453,3.3953098827470685,3.3846153846153846,3.2844827586206895,3.119297059817506,2.932665553700612,2.7557377049180327,2.609992542878449,2.4984488107549123,2.4130190796857462,2.3497359577532406,2.2985529322162987,2.2618983597741327,2.2265471856622794,2.2014092777451557,2.1811460258780038,2.1310711909514306,2.0988226899750266,2.079256731133864,2.066666666666667,2.0622406639004147,2.0618556701030926,2.065478841870824,2.0701191567369386,2.075685903500473,2.08135593220339,2.0843137254901962,2.0928097909229986,2.0974729241877257,2.1047872340425533,2.111111111111111,2.116796440489433,2.120805369127517,2.1264957264957265,2.134638196915777,2.139772045590882,2.145476772616137,2.150403977625855,2.155401137081491,2.160978750804894,2.166018158236057,2.1753069577080493,2.1792387543252594,2.181198910081744,2.19364161849711,2.2031019202363367,2.2110091743119265,2.220484753713839,2.227642276422764,2.2336134453781513,2.2384219554030875,2.243794326241135,2.2452316076294276,2.247292418772563,2.2481617647058822,2.2439261418853254,2.244776119402985,2.238226580856063,2.233274002722228,2.2241491437242575,2.211101000909918,2.11248492159228,2.050113895216401,2.022132796780684,2.078488372093023
7000.0,50.0,2.2563305197689916,2.2914476827520307,2.6254997778764992,2.873836276083467,3.0071985602879425,3.0079522862823063,2.916357153469024,2.7846027846027845,2.6480491715660075,2.5264390896921016,2.4244781006958656,2.3436274509803923,2.284071305347901,2.2392761394101877,2.205426356589147,2.189594356261023,2.175740592473979,2.1666666666666665,2.1668362156663274,2.1642111285939065,2.164717192757571,2.1782799748901445,2.1933024775387966,2.210304942166141,2.227029438001784,2.243001119820829,2.259106529209622,2.2701579384871153,2.274703557312253,2.2759650735294117,2.2707595434868164,2.26096064641628,2.246461282264779,2.2293109733868026,2.2138798701298703,2.194055944055944,2.1790049988098072,2.164727178691492,2.1503355704697986,2.140747176368375,2.1332495285983657,2.126014939915557,2.121825669183253,2.1191085129704055,2.116323417238749,2.1146166134185305,2.113844870725605,2.1131911188506747,2.112618724559023,2.1129831516352824,2.112050739957717,2.112391930835735,2.1120099564405725,2.1109652002626396,2.110871130309575,2.110283159463487,2.108275328692962,2.11,2.111111111111111,2.108251996450754,2.1099908340971587,2.1136224801466095,2.1144997324772605,2.116664786189778,2.1238938053097347,2.1302083333333335,2.2254879964101413,2.3081632653061224,2.3588129496402876,2.52896131945808
1800.0,20.0,2.5865110984632897,2.7858347386172007,3.0042512990080303,3.1813852813852814,3.3430493273542603,3.4764423668347892,3.5468930914704746,3.5164520743919887,3.3869166334264063,3.1888772298006294,2.972513089005236,2.775,2.6144144144144144,2.4959382615759544,2.4068896096633488,2.339599757428745,2.286791471658866,2.249057657406115,2.209319417903866,2.1806270472625173,2.154686982444518,2.0855419484554925,2.0327476038338657,1.9915912031047867,1.9611783512217402,1.9418436293436294,1.9289851422815412,1.9218832193582325,1.9178007621121393,1.9161016949152543,1.9160615742085392,1.915929203539823,1.9188522061092255,1.9193245778611632,1.9222546161321672,1.924792013311148,1.9273781111489943,1.9292582417582418,1.931578947368421,1.9368343738523688,1.9382440476190477,1.941444866920152,1.944164404808065,1.9466613986566574,1.9503030303030302,1.9519152404237978,1.958171625700733,1.9609477841158403,1.960725075528701,1.968158744808491,1.9730113636363635,1.9792899408284024,1.9832995951417005,1.9894123875066172,1.993402968664101,1.9966235227912212,1.9988331388564762,2.001199040767386,2.0023866348448687,2.0042630937880634,2.0038784744667097,2.003976143141153,2.0027285129604366,2.0021023125437982,1.998546511627907,1.9938837920489296,1.9579187396351576,1.939763831763301,1.9469026548672566,2.0869722121977627
1600.0,90.0,3.0543580131208996,3.0202446225221427,3.2652519893899203,3.4535588892435367,3.5918147549811525,3.6894918173987943,3.731372549019608,3.7061032863849763,3.622762148337596,3.509503167722574,3.373419033796392,3.2412247946228527,3.136337039204213,3.0362608117099135,2.9628796400449944,2.899334442595674,2.8404545454545453,2.800798801797304,2.7461167648634173,2.703810623556582,2.6658369632856256,2.53988603988604,2.426957223567393,2.317008014247551,2.2216844143272025,2.147399145210049,2.0886568159093435,2.043940633399556,2.010717330410425,1.987122838025502,1.97328794029069,1.9649698960043787,1.9579831932773109,1.9556132007493876,1.9542097488921713,1.9544906570223026,1.9583399084740414,1.9591060389919164,1.9625101874490627,1.9677635997313634,1.9689207650273224,1.975614066089415,1.9784366576819408,1.9823788546255507,1.9865193783935593,1.9900687547746372,1.9945461628359953,1.9992066640222135,2.0036488951956213,2.0141509433962264,2.021201413427562,2.02888583218707,2.0360189573459717,2.0421232042853665,2.0494463044038116,2.0537522721371073,2.057640750670241,2.0615469919600775,2.0640699971775334,2.06604324956166,2.06733906852566,2.067754850631352,2.067662007623888,2.0655467720685112,2.061617900172117,2.0577952194077773,2.016089712335446,1.994360902255639,1.9977561705310396,2.1165644171779143
1600.0,80.0,3.065994500458295,3.024742268041237,3.268566493955095,3.4580021817048463,3.595063025210084,3.6908557046979866,3.7310870947234585,3.7095890410958905,3.6261960979246926,3.5153086019763484,3.3810195446302638,3.2526621490803485,3.1502561183836084,3.0498543217869862,2.9788166544923302,2.9152817186866637,2.8555604785112982,2.817340477350219,2.76215368531103,2.719278466741826,2.6814589665653497,2.5554006968641114,2.441106719367589,2.3301310043668124,2.2326685660018994,2.156742377736853,2.0955601614486747,2.0500459136822773,2.0160325436707347,1.992061523195237,1.9763252702007206,1.9685356998789834,1.9614590502408809,1.9586460841240618,1.957026713124274,1.956457345971564,1.961848635235732,1.9613646985511761,1.9637994553900369,1.9683220590661608,1.971807350226548,1.9777739190831742,1.981282006003885,1.9841269841269842,1.9889604415823368,1.9932432432432432,1.9961722488038278,2.0015591502631067,2.00597609561753,2.015799452285654,2.0230034722222223,2.0304054054054053,2.037951105937136,2.044019138755981,2.0513663967611335,2.055357142857143,2.0597997892518443,2.0637428493598473,2.065428333795398,2.0680447889750218,2.0687645687645686,2.069894099848714,2.069266770670827,2.0672921384665157,2.0632183908045976,2.0592151366503155,2.01772030651341,1.995076923076923,1.9992652461425422,2.116543871399866
12500.0,10.0,2.1257844839097344,2.07014157014157,2.1907600596125185,2.2057159026598754,2.219416630387462,2.231631382316314,2.234650967199327,2.2270457998697633,2.20724969680636,2.178426601784266,2.1436737804878048,2.1093784318032065,2.075867232343399,2.0442949257078777,2.0168802750859642,1.9913374913374913,1.9693955623565418,1.949452401010952,1.9314814814814816,1.9156075241484494,1.9006696428571428,1.869718309859155,1.8459483526268923,1.8258616805586845,1.8105413105413106,1.7977729885057472,1.7878856113487953,1.7786816269284713,1.7694174757281553,1.7593537414965987,1.7490946714950855,1.738125,1.7263868065967016,1.7131367292225201,1.7000105853710172,1.6870324189526185,1.673725719293121,1.6613945578231293,1.648020484538113,1.6399092970521543,1.6328916601714731,1.6271086120153893,1.6252095206168287,1.6193889098453413,1.6263736263736264,1.6334435521965045,1.6325995807127882,1.6419466975666281,1.6462715105162524,1.666157372039725,1.6873873873873875,1.7132940681531341,1.7337536372453928,1.7457697069748246,1.7716413279553211,1.789876500260915,1.8093774019984628,1.8322403215570129,1.842678405931418,1.8642350557244174,1.896437448218724,1.9401681759379044,1.9783015338570895,2.023993144815767,2.072358900144718,2.104,2.0816812053925458,2.0611480865224627,2.0331232233345693,1.977093503567405
1800.0,30.0,2.7375039295818926,2.7822045152722445,3.0239774330042315,3.2260416666666667,3.3981900452488687,3.5405405405405403,3.6113744075829386,3.5769774011299433,3.4408708560118755,3.2574061882817644,3.0296784830997527,2.8203356367226062,2.6752767527675276,2.5248740147305853,2.4471603163191946,2.386417229995284,2.3284893545116594,2.305010093595155,2.2607516466485857,2.2293256341513716,2.2021978021978024,2.1171893994651105,2.062433011789925,2.0011547344110854,1.9707602339181287,1.9458577951728637,1.943298969072165,1.924785100286533,1.9147832530566877,1.896103896103896,1.9017363851617994,1.9481907894736843,1.9009235936188078,1.9253988788270806,1.9024713150926744,1.8871402877697843,1.928,1.9220595181861124,1.933495145631068,1.905,1.9130213631739572,1.9378947368421053,1.9341541755888652,1.939311098961181,1.9369419642857142,1.960136674259681,1.8925043579314351,1.8952662721893492,1.969751966122202,1.9544871794871794,1.9662921348314606,1.9629375428963625,1.9822316986496091,1.9510233918128654,1.9907120743034055,1.9625292740046838,1.9548387096774194,1.9699499165275458,2.0152931180968565,2.045774647887324,1.9553172475424485,1.9777365491651206,1.9799043062200956,1.9970238095238095,2.009753060800996,1.9746181974618198,1.9601181683899558,1.9565217391304348,1.9751084722539392,2.13230605738576
7000.0,40.0,2.2593383137673424,2.318290734824281,2.695486331849968,3.0031223389156967,3.211453744493392,3.290199809705043,3.250294811320755,3.139340842720067,3.0047078371642204,2.873555166374781,2.760672703751617,2.6702954898911355,2.60231425091352,2.5533428165007113,2.5172981878088962,2.4962616822429906,2.483043662568885,2.473917735939561,2.4715338245144007,2.4688204357625847,2.4677284157585917,2.4741156169111305,2.4787292817679556,2.482698357217756,2.4838286713286712,2.481940700808625,2.477243172951886,2.468266253869969,2.455949137148047,2.4372199645722623,2.4132659061507704,2.3893099321898683,2.359501100513573,2.3279158699808797,2.301041115228516,2.2713529856387,2.247950819672131,2.227645884180164,2.2043109378582892,2.189442525900345,2.178199305370024,2.166620765629303,2.158536585365854,2.1527306386917617,2.1479575426182054,2.1446837146702555,2.141754385964912,2.140190336749634,2.138730520714557,2.1377444860590926,2.13620230700976,2.135462022254475,2.1353187042842214,2.1345835631549916,2.1362810417928526,2.1347117794486214,2.1334635416666665,2.135438596491228,2.137444279346211,2.133781763826607,2.1334876543209877,2.139055793991416,2.1407942238267146,2.1417697431018077,2.149800470684539,2.1566039810843507,2.259047619047619,2.348594610257896,2.4030710172744723,2.597623089983022
384399.0,40.0,1.0,1.0,1.0,1.0,1.0,1.0,1.0,1.0,1.0,1.0,1.0,1.0,1.0,1.0,1.0,1.0,1.0,1.0,1.0,1.0,1.0,1.0,1.0,1.0,1.0,1.0,1.0,1.0,1.0,1.0,1.0,1.0,1.0,1.0,1.0,1.0,1.0,1.0,1.0,1.0,1.0,1.0,1.0,1.0,1.0,1.0,1.0,1.0,1.0,1.0,1.0,1.0,1.0,1.0,1.0,1.0,1.0,1.0,1.0,1.0,1.0,1.0,1.0,1.0,1.0,1.0,1.0,1.0,1.0,1.0
900.0,90.0,3.5297679112008074,3.5382231404958677,3.8123655913978496,4.034123222748815,4.194045966373593,4.309366130558184,4.383419689119171,4.411196911196911,4.401166558651977,4.367003367003367,4.303663815858938,4.2281447148191065,4.156663588796553,4.067311134980308,3.992998352553542,3.9159859976662776,3.833116036505867,3.772594752186589,3.688419705694178,3.6203866432337435,3.5584265329733897,3.350974930362117,3.1627267729521713,2.9715729627289957,2.8015647226173543,2.660362490149724,2.5460017196904556,2.456642066420664,2.388671875,2.342499486969013,2.3135693532766597,2.3015782899965935,2.288324159737674,2.285575639936916,2.286143071535768,2.2881681835662095,2.301672962763087,2.3025689819219792,2.312438648155939,2.3232908458864427,2.3301831069108094,2.343391024659213,2.3506473249103106,2.359980852082336,2.3679921773142114,2.3764353469795307,2.385321100917431,2.392245109918643,2.4008498583569406,2.4207762985186574,2.433790837038469,2.4477911646586343,2.4589823468328142,2.4706384796070893,2.482462095496719,2.4897307165677773,2.497639282341832,2.5067253607238933,2.510595861381202,2.516438001553197,2.5193471966306924,2.523744166895416,2.526016491327836,2.525770142180095,2.523335407591786,2.519261897054063,2.4540126239855726,2.4114552893045005,2.397202797202797,2.4749530369442705
17500.0,40.0,1.6949720670391062,1.336111111111111,1.3251686711645645,1.325661914460285,1.3253883235136583,1.3253459331758353,1.324223602484472,1.3226932668329177,1.3200948429164197,1.3168523676880224,1.311740890688259,1.308411214953271,1.3033251363198974,1.300279499331632,1.2963166575041232,1.292905824039653,1.2899686520376175,1.2872506843957763,1.2846170726355057,1.282089184528209,1.2797454344216934,1.2745170876671619,1.2705410821643286,1.2696476964769647,1.269652650822669,1.2729948491537895,1.2769531887130974,1.2821282986483586,1.2879464285714286,1.292831541218638,1.297223486572599,1.3005714285714285,1.3023420865862314,1.303056768558952,1.3030496907656217,1.3034491667743187,1.303374280827243,1.3027710619304445,1.3031243075559495,1.3026178010471203,1.302740991684632,1.3034234234234234,1.3033472803347281,1.3043057571359458,1.3026460859977949,1.3024420788979336,1.3038243626062322,1.3014996053670087,1.301489921121823,1.2998740025199496,1.297830855471606,1.2966533535325713,1.2969993876301287,1.2966867469879517,1.2954504585506204,1.2959675863399576,1.2933387655326951,1.2907649453610457,1.2902058357837594,1.288525367472736,1.2860665844636252,1.282058117835244,1.2791965566714492,1.2750611246943766,1.2724628312863606,1.2701599183395713,1.276937618147448,1.2816127061698228,1.284263959390863,1.285182753337711
1300.0,70.0,3.319725669497061,3.291350531107739,3.5628553379658876,3.7767154105736784,3.926648096564531,4.035481535119478,4.092713810494688,4.098484848484849,4.0572597137014315,3.9883009837809094,3.8949817215021603,3.7946033024567054,3.70697896749522,3.610468319559229,3.532035175879397,3.4562764456981663,3.380952380952381,3.3255411255411254,3.248353715898401,3.184145841868087,3.125069606860452,2.938097107708415,2.7680193821926107,2.6033690658499236,2.4615384615384617,2.3480212158302733,2.2601839684625493,2.194392956441149,2.1446921958313134,2.110355253212396,2.088743455497382,2.0777656078860898,2.067901234567901,2.063239965347964,2.062185371631626,2.0622356495468277,2.069238065128043,2.068593204191807,2.0737597911227152,2.0799462546187435,2.084357923497268,2.0925141242937855,2.0968783638320776,2.102930402930403,2.1090365944734875,2.1141552511415527,2.1198138813493603,2.1254437869822485,2.1317485898468975,2.145408163265306,2.1552930883639547,2.1650045330915684,2.1745437529246607,2.18299711815562,2.1922881785895485,2.1972406745017885,2.2025316455696204,2.20708446866485,2.2102052135330004,2.211825487944891,2.2119976703552706,2.2123411978221417,2.2096069868995634,2.2058252427184466,2.198240866035183,2.192280701754386,2.12223291626564,2.0837981901574314,2.070699600650791,2.156437625083389
700.0,20.0,2.8560137457044674,3.2166089965397924,3.2956330505812126,3.3341523341523343,3.343725643024162,3.3263598326359833,3.2713414634146343,3.176524112829845,3.0553807426054123,2.9323553382233087,2.8193484698914117,2.7282051282051283,2.6647013586259933,2.613588995414756,2.582672452491396,2.5611693676517318,2.5440931780366056,2.539961356051291,2.52948648158229,2.5292342512259527,2.533856722276742,2.5321710253217105,2.542781921895568,2.5542609092986064,2.568655303030303,2.585700293829579,2.6023244062657906,2.616580310880829,2.6312169312169313,2.643743257820928,2.656284454244763,2.668938103350369,2.6770293609671847,2.6860328638497655,2.6942124105011933,2.700815956482321,2.710394489668128,2.7148229395173926,2.721369161868202,2.729057591623037,2.733774834437086,2.7418367346938775,2.746643717728055,2.752360965372508,2.757543485977991,2.7622478386167146,2.7678244972577697,2.7725083364208967,2.778070836473248,2.788976377952756,2.7979879275653925,2.8054635761589406,2.8132427843803054,2.820268514508445,2.824116047144152,2.8301457194899817,2.8322429906542057,2.8342939481268012,2.8343886994641987,2.8324134470647264,2.8308786185881156,2.8253801782905086,2.8179859989229943,2.807670928293496,2.7920277296360485,2.776652769505658,2.632950191570881,2.529135338345865,2.463295269168026,2.4240408072743405
600.0,0.0,4.156930849384275,4.740596627756161,4.195836545875096,3.785450061652281,3.5592363840539023,3.419905213270142,3.3122424955856387,3.2010858216746714,3.0901639344262297,2.986333333333333,2.913026521060843,2.8654015887025595,2.833574529667149,2.823529411764706,2.82650739476678,2.824477611940299,2.831446540880503,2.8413014608233733,2.84557309540151,2.8577586206896557,2.865126676602087,2.875688434303698,2.8887966804979257,2.9031141868512114,2.916666666666667,2.928703703703704,2.939508506616257,2.952473326867119,2.9641434262948207,2.974234124568878,2.98218515085985,2.9930025445292623,2.9997848074026257,3.0047711993060076,3.0146647262957575,3.0187401219236847,3.026209444636878,3.034678660196473,3.0351475255671803,3.0429019040732705,3.0522388059701493,3.0545544923574006,3.0598333754102502,3.0669936749709565,3.0728079331941545,3.078042328042328,3.0823844608171465,3.0880955612868197,3.092755214050494,3.105695664494191,3.114186851211073,3.1259303364096453,3.1359951047881287,3.143345239944091,3.1532114544572076,3.159094609998372,3.164994242474091,3.171521035598705,3.177128868683336,3.178105994787142,3.1815784847952187,3.1877323420074353,3.1910453424397645,3.1921507674373424,3.1928196853569992,3.1936295054484494,3.185676392572944,3.183785529715762,3.1962894248608533,3.4196771714066103
9000.0,90.0,2.1156367041198503,2.0584415584415585,2.3396285804217816,2.472668810289389,2.469311705392372,2.398407696135346,2.304858392816026,2.213662353295215,2.1331316187594553,2.0645756457564577,2.0060539350577877,1.9561855670103092,1.9239373601789709,1.8934356351236146,1.8712487899322363,1.8591703056768558,1.846587428011273,1.8393960192175705,1.8357339871284095,1.8301435406698565,1.8266996762521424,1.827560428607027,1.8290459133832628,1.833616298811545,1.8373626373626373,1.8460451977401129,1.8591928251121077,1.8653954010095344,1.8763000970739148,1.8841803140300524,1.8871130892170747,1.8844027877913962,1.8764738910724312,1.879124469127736,1.8586997369409997,1.850727117194183,1.82512077294686,1.7975161987041037,1.8345543345543345,1.7833333333333334,1.7571743929359824,1.7831715210355987,1.762904636920385,1.7726396917148362,1.722367626333803,1.725855348635773,1.771686246588347,1.752435673245066,1.7826437399247717,1.7684935609463912,1.777083675817853,1.7640409115377713,1.7757360205492985,1.8124057721300884,1.7648679678530426,1.8453373768006065,1.8465398837823561,1.7966242390702822,1.827090200779143,1.8986013986013985,1.889108259295821,1.8508803449514912,1.907905138339921,1.9218351741716229,1.9093394077448747,1.901759530791789,2.060414788097385,2.09531635168447,2.1024161557879553,2.079136690647482
700.0,0.0,3.5987158908507224,4.030245746691872,3.7337278106508878,3.5284791544333527,3.428966103495909,3.3708266381003393,3.3010514665190924,3.1938655131734173,3.0666322314049586,2.907653383934219,2.8108308605341246,2.750841750841751,2.662672811059908,2.6631853785900783,2.6709494773519165,2.634045958614382,2.646420824295011,2.650019110714741,2.6505071795547357,2.6745790781120617,2.674885321100917,2.6807091983633886,2.6962512015379683,2.716173273122596,2.7339003645200486,2.7531019600791224,2.742142988421246,2.76109537299339,2.7933177933177937,2.803960396039604,2.7982297324481995,2.8138617970533306,2.8288364249578417,2.808248299319728,2.8643657946801495,2.8622143332593746,2.8454545454545452,2.924154025670945,2.855156431054461,2.8778862175672457,2.9485601772089587,2.8838582677165356,2.9079079079079078,2.940271725198667,2.9416342412451364,2.9523307874637874,2.9612817089452603,2.9720942833920345,2.969564025226213,2.967064168086315,2.9791546033584253,3.015587529976019,3.0484867201976527,3.054665409990575,3.068286277084701,3.0879920608666884,3.0545332887253265,3.095486111111111,3.1445912174223487,3.0418885339013135,3.0463695183321353,3.131809523809524,3.1191588785046727,3.097843450479233,3.0946450809464507,3.116148531951641,3.061912658927584,3.047457627118644,3.021875,3.2080735149327206
2000.0,10.0,2.4777006937561943,2.820014936519791,3.003244245326742,3.1555431443730804,3.308167141500475,3.4353846153846153,3.494904005688552,3.4505342985177525,3.3027090694935217,3.0898021308980215,2.866442199775533,2.6657836644591613,2.505811015664477,2.3873159682899208,2.2995649471721564,2.2340282447881643,2.183585313174946,2.1468315301391034,2.1089430894308943,2.081104400345125,2.055912007332722,1.992713288128732,1.9433063891041966,1.9061302681992338,1.877540650406504,1.8598708983324368,1.845656452066348,1.8385056625974407,1.8320377991159884,1.8282636248415716,1.82648401826484,1.82496270512183,1.8249696127799966,1.8231460278316012,1.824228028503563,1.824502066892146,1.8250481695568401,1.8247282608695652,1.825689894778638,1.8273710482529117,1.8279207085617883,1.8291999137373303,1.830325704225352,1.8318742985409653,1.8330654420206658,1.833835457705678,1.8375061364752086,1.839290177455636,1.8389476272436684,1.8436018957345972,1.8469442942130883,1.850662158354466,1.8540822235089751,1.858224780369585,1.8611898016997168,1.8636803093780212,1.8672240802675586,1.868773617313638,1.8699965788573383,1.8712041884816755,1.8733333333333333,1.8740037950664137,1.8750488090589614,1.875400641025641,1.8746367787463678,1.8735281290885304,1.8596491228070176,1.8550185873605949,1.8676081200353045,2.008008008008008
700.0,60.0,4.055,3.8504273504273505,4.072393822393822,4.256521016780196,4.375828253379273,4.452875399361022,4.491097070649052,4.509928514694201,4.515376458112407,4.506578947368421,4.498275862068965,4.489839119390347,4.4692737430167595,4.462091699130956,4.462290502793296,4.4457783113245295,4.442220200181984,4.44238683127572,4.431530494821634,4.435649935649936,4.4294917680744454,4.368181818181818,4.265155807365439,4.103695532266961,3.895635050869708,3.6583969465648853,3.3915104503339797,3.1710242264331976,2.9939489607997896,2.8321085358959865,2.696524865188736,2.6152862168212345,2.5521042084168335,2.483603727994477,2.497086671522214,2.4669406051550244,2.435019455252918,2.4898949070331446,2.4179164977705714,2.434709351305813,2.4973568281938325,2.428508189464365,2.448479346345892,2.4816901408450702,2.479694218824654,2.48876953125,2.495266567015446,2.505846466700559,2.5012933264355923,2.4975583288117202,2.507262569832402,2.537967289719626,2.571863580998782,2.5733000623830318,2.58300395256917,2.6066889632107024,2.5699728260869565,2.6062544420753375,2.654639175257732,2.556859867938371,2.5619402985074626,2.6389776357827475,2.627773212818406,2.6084745762711865,2.605496453900709,2.6267409470752088,2.5910575232353676,2.578324808184143,2.5768143261074457,2.743773744195863
2000.0,50.0,2.9255219694608914,2.8688524590163933,3.124242424242424,3.3228476821192054,3.4702549575070822,3.5725261216963737,3.6005692599620494,3.5440414507772022,3.4133839582344567,3.256218905472637,3.073529411764706,2.9099350046425254,2.795335658238884,2.6721797087138977,2.6107485071517846,2.5607131878266216,2.512554402410445,2.4958647307480244,2.4567610062893084,2.4291155311045283,2.4048324595395485,2.31301867219917,2.242379835873388,2.1535979348176832,2.091514726507714,2.0354716981132075,2.003219315895372,1.9610169491525424,1.9315068493150684,1.8968363136176065,1.8895763921941933,1.927752864972596,1.8728943338437978,1.8916929547844374,1.8645439827307069,1.8451790633608816,1.8843262001156738,1.8756536897152818,1.8850987432675046,1.8548486720197652,1.860377358490566,1.8851924331376386,1.8784860557768925,1.8831521739130435,1.8792505204718946,1.9007795889440113,1.832005792903693,1.8345642540620384,1.907785336356765,1.8892455858747994,1.8996683250414594,1.8972366148531952,1.9131602506714414,1.882841328413284,1.9197651663405089,1.8922924901185771,1.8847097301717088,1.8996188055908514,1.9430359262056316,1.9731543624161074,1.8847989093387867,1.908586276130861,1.91102985984156,1.9296914516944865,1.9417989417989419,1.9105746811137019,1.9102612646724726,1.9138861629048087,1.9337455830388692,2.0945100764419737
1300.0,30.0,2.748643761301989,2.8342415985467757,3.0517073170731708,3.232562374795119,3.3919437340153453,3.5294432548179873,3.60580204778157,3.5868448098663928,3.4679032551372977,3.2878714076960547,3.0698529411764706,2.870315944158707,2.714469178082192,2.5839311334289814,2.4952380952380953,2.4266820011500863,2.370620774431469,2.33532140490391,2.2936673625608908,2.263622974963181,2.2377240841777084,2.16538789428815,2.113382899628253,2.072420634920635,2.0461942257217847,2.031163664493314,2.022211938917168,2.0184807392295694,2.0180536663781377,2.0185467479674797,2.0227510460251046,2.029319940274196,2.032070776886923,2.037377884751522,2.0424978317432783,2.0473251028806585,2.057335581787521,2.0593207315199016,2.0655427761147,2.0734865652314665,2.0768977982254353,2.0858063422079023,2.0898605611981407,2.0954720954720956,2.1018766756032172,2.107753913360029,2.112676056338028,2.117957414735255,2.124591424726014,2.1361978111066073,2.1453863778379505,2.1555220017256254,2.16440489432703,2.172295755362848,2.180110763303636,2.1852570320077596,2.18925,2.193648334624322,2.1953268574428986,2.1966322650733296,2.196969696969697,2.196,2.193168433451119,2.187976808056149,2.181122448979592,2.173439048562934,2.1038374717832955,2.0643851508120648,2.0539419087136928,2.1482059282371293
1500.0,40.0,3.0663441603317207,3.0006271558482283,3.2735849056603774,3.5014427298958726,3.6892990551527136,3.8458715596330277,3.9423412929528245,3.954664341761116,3.8843888070692194,3.7694448992958898,3.598025097716519,3.4231339594661394,3.29765692797223,3.1443433029908974,3.0561390800434625,2.979381443298969,2.9001280409731116,2.86144578313253,2.7913809990205682,2.737884314747264,2.6923931149361464,2.539360393603936,2.4216949152542373,2.2980277574872168,2.2126168224299065,2.1443894389438944,2.1050347222222223,2.059674502712477,2.0318054256314313,1.9990366088631986,1.9950298210735586,2.0366345855324433,1.9858530405405406,2.007149046793761,1.983608373020268,1.9688768606224627,2.0117855038302888,2.0052021754551905,2.018938934077941,1.9920069938803546,2.0002538393197105,2.0283390186302808,2.0263964804692707,2.0332063146434405,2.0324639289678137,2.057991513437058,1.9925028835063436,1.9970652971386647,2.0749625187406298,2.063064490572017,2.0783034257748776,2.078537576167908,2.100384749912557,2.0715055695292848,2.1162613981762917,2.0873228648027577,2.0814390195690846,2.0968730839975476,2.146422628951747,2.1791559000861325,2.0828234265734267,2.1077586206896552,2.1083040935672517,2.124878758486906,2.13510773130545,2.0951129795060432,2.0536164087801367,2.031496062992126,2.0337389380530975,2.1493440968718467
1800.0,70.0,2.9607843137254903,2.9241877256317688,3.1630785791173306,3.3439922480620154,3.4737873591376776,3.559498956158664,3.580530273051049,3.5323863636363635,3.4276875483372002,3.300755667506297,3.148403256105197,3.0085701398285973,2.907901714689765,2.7971043635632413,2.735934664246824,2.685815066767448,2.6346100854229815,2.613216126098818,2.570172582220775,2.5370826010544816,2.5092979127134725,2.405841325196164,2.3212692117005456,2.2213069741900053,2.1479928100659076,2.0820943762120234,2.042817679558011,1.9956331877729259,1.9635258358662615,1.9266561514195584,1.9197379197379196,1.9554413024850044,1.90342405618964,1.922242314647378,1.896103896103896,1.8770104068117313,1.9176587301587302,1.9102691924227317,1.9216169077664922,1.8929780033840948,1.89989235737352,1.9250919629918626,1.9212884200975389,1.9267331323904475,1.92403265885694,1.9470950597898298,1.881163708086785,1.8837121687806104,1.9588953114964676,1.9431215131310382,1.9548133595284873,1.9542073793204024,1.9725324479323876,1.9419434958087551,1.9829003617231173,1.955223880597015,1.948586118251928,1.963462220645619,2.0083077478779123,2.039289055191768,1.9487179487179487,1.973164956590371,1.9753714634642785,1.992190797804981,2.004193334804679,1.9693433996797072,1.9516331658291457,1.9448946515397083,1.959262851600388,2.103548966756514
12500.0,50.0,2.061287477954145,1.6867469879518073,1.648820326678766,1.6269732326698696,1.611324376199616,1.6008883248730965,1.5907990314769975,1.5798403193612773,1.5690300760961469,1.5577889447236182,1.5474268415741674,1.5365758754863814,1.5268433949654712,1.518078381795196,1.5102681118083285,1.5032030749519538,1.4973108641089996,1.4917901481778133,1.48704200178731,1.4830508474576272,1.4799777530589544,1.471449487554905,1.4661508704061896,1.4634770372265575,1.4619280769880127,1.4622035025493239,1.4636258660508084,1.4657738095238095,1.4682163187855788,1.4712918660287082,1.472429210134128,1.4733455882352942,1.4729638770473412,1.472026072786529,1.4696673189823874,1.4662910433262095,1.4625114995400184,1.4578378378378378,1.4542576764798987,1.4489720998531572,1.44529262086514,1.442064264849075,1.4384017758046614,1.4368686868686869,1.4328147100424329,1.4318541996830427,1.4331266607617361,1.4320625610948192,1.4322664080181053,1.4346099654156526,1.4362336114421932,1.4390824129141886,1.4440191387559809,1.4463373083475297,1.4486612339930152,1.4533876719307184,1.4525047905830824,1.4546783625730995,1.4589493551431267,1.4608929170862706,1.4629563984402694,1.467588932806324,1.4737072743207713,1.4781983708672737,1.4816347646145887,1.4839246119733924,1.4931062449310624,1.4955070603337612,1.503875968992248,1.4827995255041517
200.0,90.0,6.798061389337641,5.552621652206715,5.4188654353562,5.268244575936883,5.074380165289257,4.887950036737693,4.72671102661597,4.584956547797423,4.479553903345725,4.386250565355043,4.323897659227001,4.241842610364683,4.1962546816479405,4.129836629406706,4.076470588235294,4.011480295838393,3.937007874015748,3.8891181730636952,3.8046272493573263,3.719158801126014,3.6437908496732025,3.4129997766361404,3.1546336206896552,2.873922757740185,2.5585980284775465,2.290687919463087,2.034741784037559,1.8142783238489395,1.645977011494253,1.5059635907093534,1.3928571428571428,1.3127753303964758,1.2463092463092462,1.2016806722689075,1.1669658886894076,1.1383886255924172,1.119343211854225,1.1037874032224315,1.0963690340260335,1.0859302325581395,1.08100147275405,1.0785844392401769,1.0749899207095819,1.0750868055555556,1.0709067468844005,1.0708177044261067,1.073381060852587,1.072211155378486,1.0738266830725962,1.0747223790702052,1.0753889110490629,1.0765327695560254,1.0799086757990868,1.0819471624266144,1.083184028666496,1.0883014623172103,1.0878612716763005,1.0897666068222622,1.0944317811787692,1.097131005876253,1.0980461811722915,1.1028726708074534,1.1090047393364928,1.1132776230269266,1.117794486215539,1.1229685807150598,1.1671694580255905,1.2001003848084324,1.2178313253012047,1.1919850885368126
200.0,80.0,6.874704491725768,5.653440116490717,5.519670050761421,5.374407582938389,5.196338551339878,5.019496632399858,4.867785697861577,4.733779458830376,4.635737586081913,4.5482728077945085,4.494376004284949,4.414927261227072,4.371747211895911,4.309605488850772,4.25711481844946,4.19394208365694,4.120422098075729,4.072681704260652,3.987098755951467,3.901451231859602,3.824457227686027,3.59245630174793,3.321239185040469,3.0289324908546726,2.694189602446483,2.4087301587301586,2.133168316831683,1.8934426229508197,1.7116788321167884,1.5585106382978724,1.435310936383131,1.3476227591582228,1.273927392739274,1.2247992863514718,1.1858913250714966,1.1559004333366927,1.1344045972118761,1.1177844511177844,1.109479305740988,1.0976514215080346,1.092367906066536,1.0896141612501729,1.0857142857142856,1.0857933579335795,1.0811510353227771,1.081007813745814,1.0840248962655603,1.0827306403245722,1.0847964138961523,1.0859828034393122,1.0864223681423426,1.0877862595419847,1.0916363636363637,1.0940015580368736,1.095626188535724,1.1017606684571768,1.1011959521619135,1.1031746031746033,1.1088082901554404,1.1121700879765395,1.113413715146948,1.1189300411522634,1.126541799908634,1.1313976377952757,1.1370154009559212,1.1428571428571428,1.1995157917904697,1.237758529255789,1.2899287894201423,1.269872423945044
12500.0,40.0,2.060759493670886,1.694072657743786,1.6581926145852663,1.6352253756260433,1.6185328185328185,1.6046629498226053,1.5912876361306854,1.5779527559055118,1.5649289099526067,1.5513955834547697,1.5376569037656904,1.525474826650588,1.5144528561596697,1.50448168355417,1.4956121105748135,1.4875768757687577,1.4807480748074808,1.474524248004911,1.4691991786447638,1.4639450591377337,1.4593789876648235,1.450727883538634,1.444526627218935,1.4403131115459882,1.4378070855960694,1.4387963277796667,1.4409937888198758,1.444954128440367,1.4494134897360704,1.4543347241539175,1.4585507246376812,1.463029432878679,1.465669014084507,1.4675366349342176,1.4683870967741937,1.4684796044499382,1.467819051121736,1.466405740378343,1.4649616368286444,1.4635167464114833,1.4622871046228711,1.46144578313253,1.461005999077065,1.4606860158311346,1.461998803111909,1.4638757596218772,1.465151515151515,1.4675105485232067,1.470533208606174,1.476056338028169,1.4828089738484003,1.490742157612854,1.498613037447989,1.5035873569904983,1.5089590443686007,1.5133938970416958,1.5158770161290323,1.5210924824229313,1.523919976804871,1.5266089108910892,1.5306657920629714,1.5375595456211066,1.5443858937981354,1.5501330967169475,1.5533237685318029,1.5549310168625448,1.5376955903271692,1.5274223034734917,1.5216922080725233,1.4914488544691837
7000.0,10.0,2.3333884570861585,2.351848986538759,2.7364185110663986,3.131409492010494,3.5530669381522015,3.9084158415841586,4.132352941176471,4.1824580400649705,4.118105632430326,3.926605504587156,3.8361330133699005,3.7612005219660722,3.619351408825093,3.6575342465753424,3.6939586645469,3.632596685082873,3.669596912521441,3.683356224247721,3.6805263894722104,3.714923469387755,3.691538736165655,3.603087100330761,3.499059392636388,3.383005707038681,3.255584035151959,3.133638634471274,2.9770431588613406,2.8793538616860173,2.810022026431718,2.7198351971748087,2.6185438705662727,2.5599464166108508,2.5031578947368422,2.411465892597968,2.428793774319066,2.3728949478749,2.3043110735418426,2.3660714285714284,2.2432915921288012,2.242681775259679,2.307614725163893,2.199918483798655,2.20997987074902,2.2334855742452935,2.2178854322121455,2.214820982514571,2.208415354330709,2.2104726716779206,2.193166885676741,2.161276535118963,2.152641878669276,2.177248245470867,2.194950911640954,2.1833578792341677,2.1774193548387095,2.1860078887274237,2.137115839243499,2.1692094313453536,2.213675213675214,2.0981640146878826,2.099798387096774,2.1824531992176586,2.165204678362573,2.14531490015361,2.1498682476943345,2.180565371024735,2.261846901579587,2.3508771929824563,2.40495462349767,2.672727272727273
1800.0,60.0,3.0163098878695207,2.954913294797688,3.198649951783992,3.3862847222222223,3.516515638702134,3.604298061200654,3.630889125044279,3.591047812817904,3.4965373961218837,3.38086642599278,3.2379670144732415,3.1046104071178213,3.0123730964467006,2.9046242774566475,2.8463578861456846,2.7978216473791697,2.7453416149068324,2.72530779753762,2.679905854663136,2.646422893481717,2.61786941580756,2.5057380292837355,2.4120036101083033,2.3001002004008018,2.213581599123768,2.1373593842510363,2.0873970867637746,2.0320855614973263,1.9909281228192603,1.95,1.9382530120481927,1.9724192277383767,1.9160613397901534,1.9334995843724023,1.906223358908781,1.887728459530026,1.927007299270073,1.9184234647112741,1.929245283018868,1.8999028182701652,1.9070227497527201,1.9323770491803278,1.927447096841447,1.9337310888557426,1.931484502446982,1.9544950055493895,1.8869634160154038,1.890145395799677,1.965065502183406,1.95,1.9618458365558133,1.959549959817841,1.9780981425006932,1.947533504419732,1.9882246376811594,1.9597989949748744,1.954366640440598,1.96841419732986,2.0142572944297084,2.04362012708226,1.954323570432357,1.9771863117870723,1.9794584500466854,1.9965143299767623,2.0083012755618546,1.9733473242392445,1.9547811059907834,1.9479747305834263,1.9622054246331704,2.106889094840902
1500.0,50.0,3.1191626409017714,3.0783794017417643,3.3419147224456958,3.553038105046344,3.7194661294384286,3.8493655341792876,3.9255050505050506,3.9282428702851884,3.865077352269845,3.764176117411608,3.6316228619107216,3.496608892238131,3.3885274985215847,3.277217741935484,3.195989405978055,3.124056999161777,3.053905893101873,3.0065097646469705,2.9400107123727905,2.889400921658986,2.8403465346534653,2.6877637130801686,2.5514240506329116,2.4215091066782306,2.3123827392120075,2.2254596604038985,2.1590787930482995,2.107969151670951,2.0717686679828127,2.0463552299747807,2.029327699763887,2.0202151094985097,2.0129784134551714,2.0095238095238095,2.0083565459610027,2.0079466439619695,2.0121679774447245,2.0125130344108446,2.0149938800489595,2.0201543064084397,2.023047375160051,2.028457974851092,2.0312762737514714,2.0357020254033644,2.040602030101505,2.0446030330062444,2.0498363041105856,2.0544142143253747,2.059379727685325,2.06993006993007,2.0773344302756067,2.0853242320819114,2.0932334141503195,2.099818922589407,2.107416267942584,2.111888111888112,2.115978098556496,2.120144069976846,2.1219895287958117,2.12381468436738,2.124828155072862,2.124679029957204,2.123235294117647,2.120121951219512,2.1153233513857916,2.1095709570957095,2.0572329878323568,2.0283564814814814,2.026224982746722,2.1340222326600906
384399.0,10.0,1.0,1.0,1.0,1.0,1.0,1.0,1.0,1.0,1.0,1.0,1.0,1.0,1.0,1.0,1.0,1.0,1.0,1.0,1.0,1.0,1.0,1.0,1.0,1.0,1.0,1.0,1.0,1.0,1.0,1.0,1.0,1.0,1.0,1.0,1.0,1.0,1.0,1.0,1.0,1.0,1.0,1.0,1.0,1.0,1.0,1.0,1.0,1.0,1.0,1.0,1.0,1.0,1.0,1.0,1.0,1.0,1.0,1.0,1.0,1.0,1.0,1.0,1.0,1.0,1.0,1.0,1.0,1.0,1.0,1.0
9000.0,0.0,2.151036830702569,2.1620023649980293,2.7010135135135136,3.2606781153676794,3.791030064070971,4.246319921491659,4.576769949800934,4.727223131478451,4.71958925750395,4.6008537886873,4.458073458073458,4.316840277777778,4.193616127677447,4.119203629032258,4.079222720478326,4.033886702036625,4.011741682974559,4.004459308807135,3.979642502482622,3.964941569282137,3.941358024691358,3.837817063797079,3.7208530805687206,3.586483390607102,3.4542974079126876,3.3301282051282053,3.2069917203311866,3.096409504867581,2.9944568935015923,2.8899321857068334,2.788146459609631,2.704995287464656,2.612963276358098,2.5206908960057577,2.456312585902219,2.380459532187953,2.324084350721421,2.2763627707688645,2.21654501216545,2.18522372528616,2.164095371669004,2.1313218390804596,2.114130434782609,2.1043868075568364,2.0932711525649568,2.0873651235642185,2.083091436865022,2.081756245268736,2.081006685017696,2.0898488120950325,2.094731977818854,2.110547667342799,2.125,2.135593220338983,2.1611650485436895,2.1667787491593815,2.1770906535488406,2.1975591151792524,2.2146341463414636,2.215927750410509,2.226768968456948,2.2593659942363113,2.2749974518397718,2.292164098111569,2.3184126609188613,2.344854169343441,2.5865935708945926,2.725466342254663,2.762486126526082,2.8010610079575597
17500.0,10.0,1.7745050700144858,1.4248768472906403,1.4136276391554703,1.4154652686762779,1.420570264765784,1.4241401139480903,1.4260158446204958,1.4246658566221142,1.4210901318133238,1.415289256198347,1.4069325735992402,1.3979426096372496,1.38749233599019,1.37707182320442,1.3666666666666667,1.354726799653079,1.3439922480620154,1.332035895772516,1.3202993000241372,1.3094339622641509,1.298237686398554,1.2717282717282716,1.247735748534896,1.227920227920228,1.2130290061816453,1.2041719342604298,1.1991666666666667,1.1983021332172399,1.2012941341960894,1.2061521856449002,1.2126109720009106,1.219560878243513,1.226468506723284,1.2335511982570806,1.2406815761448349,1.2477360931435963,1.2546875,1.263157894736842,1.2712150162976283,1.2786402569593147,1.2870282270853155,1.2955140186915888,1.3041858426473811,1.3129946387541487,1.3214285714285714,1.3301694915254236,1.3379683275395906,1.3454148471615721,1.3527682508574228,1.3658243080625752,1.376521116678597,1.3857615894039734,1.3941947565543071,1.398005816368924,1.4004078857919782,1.400293255131965,1.3994511956095648,1.3966402887685687,1.3941305942773294,1.3913849004168597,1.3885473956648333,1.3825550660792951,1.3761642273332066,1.3699410209477323,1.3652024117140396,1.3602807971014492,1.3504813477737665,1.3459500378501135,1.3415601586602028,1.3247753530166881
1300.0,20.0,2.5595167594456947,2.867390278433223,3.02232053086668,3.1510173604629457,3.275805926408336,3.3905742145178763,3.44987146529563,3.4277293695540747,3.3171346292296615,3.160535117056856,2.961618565903005,2.7762089657606777,2.642015440877692,2.505612932195779,2.431661750245821,2.3740740740740742,2.320067264573991,2.2977831036548833,2.26,2.232283464566929,2.213397790055249,2.149888143176734,2.1182622687047465,2.082693947144075,2.07168458781362,2.0657276995305165,2.0753424657534247,2.0702571370722818,2.0709751274846497,2.0603926589842083,2.0721412125863394,2.123793299261783,2.0841035120147873,2.111793902150792,2.094480597734394,2.083231334149327,2.1289336221174673,2.1243457168390143,2.1398692810457516,2.1161324929596352,2.1270229838161296,2.155269058295964,2.154327128037516,2.162083936324168,2.162520241424996,2.1892782270140763,2.1245811757538835,2.1299303944315544,2.2071574964527825,2.195162359178264,2.2110808973487424,2.212467076382792,2.2356768480028917,2.2057735011102886,2.2488317757009346,2.221351616062684,2.2141560798548094,2.2282269798378715,2.2808870116156283,2.311886586695747,2.2102122015915118,2.2334096109839816,2.2315120113047575,2.245857699805068,2.2518424396442187,2.2064159873783855,2.1285764747439067,2.081614349775785,2.06687898089172,2.1460280373831777
2000.0,40.0,2.9185867895545314,2.84883044338415,3.1146323347363207,3.3312043795620436,3.5027711797307997,3.6345776031434185,3.6900596830623584,3.649390243902439,3.5146496815286623,3.3472144063027574,3.138634764250528,2.949324324324324,2.819623389494549,2.6761979224840835,2.60450563204005,2.5468577728776185,2.489929882142324,2.468189233278956,2.423296931877275,2.389528406981062,2.3611387616961976,2.2611607142857144,2.187546699875467,2.100596529284165,2.044049008168028,1.9959488937363665,1.9722497522299307,1.936656282450675,1.9129809421071557,1.8831845238095237,1.8797687861271677,1.9210632299637536,1.8677379480840544,1.8880881729546417,1.8613646240764885,1.8430155210643016,1.8827361563517915,1.8742990654205607,1.8849855630413859,1.8531017369727047,1.8595250126326428,1.8837087480356207,1.8778666666666666,1.8827059465357339,1.879041248606466,1.9009111617312073,1.8318789994182665,1.8333333333333333,1.9088699878493318,1.8903225806451613,1.9006666666666667,1.8979166666666667,1.9136069114470842,1.8827893175074184,1.921259842519685,1.8926868044515104,1.8848684210526316,1.9002557544757033,1.9443961772371852,1.973873873873874,1.8856358645928637,1.9105613701236916,1.9135559921414538,1.9310766721044046,1.9447407723490506,1.9121389841761647,1.9135897043051937,1.9188221249502586,1.9397273379574265,2.101416430594901
700.0,70.0,4.237410071942446,4.140602582496413,4.385781990521327,4.571836346336822,4.680382072005878,4.735714285714286,4.75748502994012,4.757248819959542,4.738053097345133,4.702421362299162,4.671388101983003,4.6362215662441395,4.58125,4.541871921182266,4.510086455331412,4.456593770709079,4.408764639214205,4.363480497213888,4.308024987986545,4.2668463611859835,4.212139423076923,4.045245398773006,3.83587786259542,3.5971804945689856,3.3653846153846154,3.1131178707224336,2.864,2.6809015421115063,2.5346020761245676,2.4099465489193586,2.3029854428818157,2.2413428495902723,2.191924778761062,2.153757225433526,2.1666666666666665,2.1446124763705106,2.1308100929614873,2.169246646026832,2.1147028154327425,2.141086401749909,2.1990811638591117,2.1283627978478092,2.152596115735236,2.197019867549669,2.19602872834812,2.2080624187256177,2.2156166814551908,2.2295454545454545,2.227272727272727,2.2352652259332024,2.250762970498474,2.272340425531915,2.319887955182073,2.324884792626728,2.3325198291641245,2.374843554443054,2.3318527918781724,2.370913942628419,2.42966573816156,2.3433147632311977,2.3541963015647225,2.4329501915708813,2.4325396825396823,2.422570016474465,2.427209705372617,2.4530537830446675,2.4725835246110686,2.4888374400529187,2.502960915909988,2.6941176470588233
700.0,50.0,3.880952380952381,3.756336149399733,4.037986704653371,4.29110234870564,4.494090515998847,4.660550458715596,4.79346314325452,4.885381057711643,4.943008062274117,4.9622398231718545,4.967027790861987,4.956242707117853,4.915848527349229,4.8966087675765095,4.877580412866059,4.823240589198036,4.791512915129151,4.762922122674018,4.712328767123288,4.687710437710438,4.645101663585952,4.483459410635655,4.296547054840894,4.066508313539193,3.8129757158390722,3.560081466395112,3.293986636971047,3.092708836310961,2.9437678154962423,2.808743169398907,2.6960364984317082,2.6345864661654135,2.5881255828411565,2.52638270820089,2.5535178392797597,2.5278532608695654,2.496132208157525,2.5628873496172075,2.485641584878226,2.5033885542168677,2.5711477987421385,2.500591249507292,2.5211778943122227,2.553058676654182,2.5518408802369867,2.561123110151188,2.5671510347864377,2.578356533453076,2.57351598173516,2.5664435946462714,2.575996064928677,2.610396294390118,2.640599892876272,2.6437980241492864,2.6539130434782607,2.67018779342723,2.6354415274463006,2.6722846441947565,2.7178825048418336,2.617363344051447,2.6209150326797386,2.699300699300699,2.685344827586207,2.6632124352331608,2.6594427244582044,2.6793522267206478,2.633587786259542,2.615852815050491,2.6082004555808656,2.7706521739130436
2000.0,60.0,2.906875227355402,2.859493254359987,3.1077926536216958,3.2968460111317253,3.4251434533124674,3.5071010860484546,3.5186595582635185,3.4551422319474834,3.3292017848289537,3.1872175597159456,3.0216346153846154,2.87223823246878,2.771125169453231,2.659301130524152,2.601189612650515,2.556451612903226,2.510593220338983,2.494648764351041,2.4581589958158996,2.429864253393665,2.407733724914342,2.318861009303637,2.247505632442871,2.159570661896243,2.0963572267920094,2.039016115351993,2.0054520672421625,1.9620739318290927,1.9312248995983936,1.8966057441253263,1.8897338403041826,1.9260102447353444,1.8715703444249854,1.8892900120336944,1.862175525339926,1.8428030303030303,1.8812997347480107,1.8726666666666667,1.882554945054945,1.851169383416017,1.8570397111913357,1.8823970037453184,1.8764302059496567,1.8798751950078003,1.8763955342902712,1.8973941368078175,1.8286189683860232,1.830364715860899,1.9052997393570807,1.886531365313653,1.8970448045757864,1.8928571428571428,1.9088758613596626,1.8783769467104565,1.9168071950534007,1.888548405402338,1.882118116707761,1.896362972874346,1.9395216259759573,1.9696775022484903,1.881769541954848,1.905860010851872,1.9081618367632647,1.9259259259259258,1.9383259911894273,1.9073869900771776,1.9068201563857514,1.9113674732695554,1.9311276164753546,2.090692124105012
25000.0,90.0,1.5858407079646017,1.3175376439326838,1.30160507652109,1.2894878706199462,1.2747252747252746,1.2639545884578998,1.2612719506407215,1.2637490882567468,1.2722929936305734,1.285532456512516,1.3022904606091115,1.3205317577548006,1.339629120879121,1.358244365361803,1.3764121102575688,1.3934257832562917,1.409645554909936,1.4249180327868853,1.4394387001477105,1.453865336658354,1.4667913938260055,1.500503524672709,1.5302901747836417,1.557868252516011,1.5815167331900521,1.5999180999181,1.6120129870129871,1.6171266808209483,1.615032080659945,1.602722046227854,1.5840261282660333,1.560253306016018,1.5305510721697027,1.4991496598639455,1.4651964162646451,1.4308202154101077,1.3976319684262457,1.3650609402205456,1.3392612859097128,1.3103448275862069,1.2884097035040432,1.2689006947282386,1.2505705157462346,1.2386144964720975,1.221731326798288,1.212733856366928,1.20911661953086,1.2018072289156627,1.19954172236013,1.1939756462294382,1.1898971000935454,1.1875474563401671,1.1878604778906894,1.1882561227500739,1.1871691061974463,1.191389169189371,1.1891608391608393,1.1875455207574654,1.191124951342935,1.1921343711593608,1.1900126957257724,1.1889908256880735,1.1905,1.1887700534759358,1.1888191671420423,1.1900425015179112,1.2259615384615385,1.2506050013444476,1.2717409730462792,1.3086283185840706
17500.0,30.0,1.695807314897413,1.3318385650224216,1.3203815728245696,1.3212005108556832,1.3210646704096485,1.3203226645849597,1.31831164709616,1.3153290224419931,1.310981098109811,1.3054239073196419,1.3005497861942579,1.2951510892480675,1.2897271268057784,1.285063752276867,1.2806006994445587,1.2760537285780453,1.272242455775234,1.2686806771745476,1.2655533726260642,1.2623071271124173,1.2594884488448845,1.253458771444383,1.249160760910108,1.2474798387096775,1.247450713800136,1.2497721057429352,1.2553062462098241,1.2616121308858739,1.2682724252491695,1.2753004005340454,1.2817379497623897,1.287238583013231,1.2922422954303932,1.2948885976408913,1.2985553772070626,1.3014634146341464,1.3037840386655664,1.3053272881836213,1.307405524487375,1.309475806451613,1.3113815318539728,1.3137640449438202,1.3160144689246958,1.318546845124283,1.32010582010582,1.3222222222222222,1.3235800344234079,1.323643410852713,1.3249097472924187,1.3257243195785777,1.3254877671105605,1.3261817753153367,1.327713382507903,1.3273594450065038,1.3267280386955844,1.32543391188251,1.3233056096266147,1.3210153042179917,1.3185562965868969,1.3161568466433997,1.3135828877005347,1.3083140877598152,1.303390249938134,1.298762832324296,1.2947543713572023,1.2914119359534206,1.2874367950213925,1.2866995073891625,1.2853025936599423,1.2807436465973052
1000.0,80.0,3.433382679496669,3.4539473684210527,3.7433257055682687,3.9776725304465494,4.151968940654465,4.283999314011319,4.369005552751136,4.4069602272727275,4.396931927133269,4.360850531582239,4.290094339622642,4.205374280230326,4.126146788990826,4.030646235842772,3.94982407832339,3.8665052740791976,3.779618570602967,3.7169851835945886,3.6308125880695163,3.558755464129596,3.4935356942102302,3.2872946697955077,3.1025943396226414,2.921735241502683,2.764705882352941,2.637855579868709,2.5384615384615383,2.463137996219282,2.4068919814446654,2.3688581314878894,2.3465703971119134,2.337121212121212,2.3294392523364484,2.326104417670683,2.3275577557755778,2.3296795952782463,2.3421750663129974,2.3451957295373664,2.3522415370539798,2.3619227144203583,2.370441458733205,2.3799603174603177,2.3874873864783046,2.394888705688376,2.4030681937585374,2.410542104135419,2.4178224309271594,2.4247138570952327,2.4324631101021565,2.4496644295302015,2.46085562815929,2.472843450479233,2.484168865435356,2.493228602383532,2.5035785857429143,2.5104542177361213,2.5163787969029183,2.5223283030489685,2.5262662694056766,2.5288477165610272,2.530955918771669,2.532210960316097,2.5324098739122713,2.5295420974889216,2.522260936895083,2.5145845906256286,2.428212290502793,2.369753979739508,2.341991341991342,2.389698736637512
384399.0,30.0,1.0,1.0,1.0,1.0,1.0,1.0,1.0,1.0,1.0,1.0,1.0,1.0,1.0,1.0,1.0,1.0,1.0,1.0,1.0,1.0,1.0,1.0,1.0,1.0,1.0,1.0,1.0,1.0,1.0,1.0,1.0,1.0,1.0,1.0,1.0,1.0,1.0,1.0,1.0,1.0,1.0,1.0,1.0,1.0,1.0,1.0,1.0,1.0,1.0,1.0,1.0,1.0,1.0,1.0,1.0,1.0,1.0,1.0,1.0,1.0,1.0,1.0,1.0,1.0,1.0,1.0,1.0,1.0,1.0,1.0
1500.0,70.0,3.1760016782043214,3.1260744985673354,3.3764940239043826,3.5701535166012137,3.705357142857143,3.8,3.8397751229796206,3.8231768231768233,3.75743645213629,3.6660808435852372,3.553610503282276,3.4414556962025316,3.3499377334993774,3.2569493941553813,3.1866666666666665,3.1226883175462334,3.061042183622829,3.0175342465753423,2.9562130177514794,2.9076330981398333,2.863794301598332,2.7153225806451613,2.5794824399260627,2.4474660074165637,2.3329571106094806,2.240410456877596,2.1689109687540853,2.1120154504069526,2.0717475868030544,2.0418848167539267,2.0236061500232956,2.013640792465086,2.0043246839654025,1.999315302978432,1.9971919971919971,1.9967765042979944,2.002249718785152,2.002260312676587,2.006196746707978,2.0099700897308077,2.0131819103630098,2.0190895741556534,2.022819364470036,2.027445001089087,2.031763660595291,2.0362400906002267,2.040877598152425,2.045369064409967,2.050684602450156,2.061675126903553,2.0700470465237846,2.078633405639913,2.0865546218487396,2.0932105868814728,2.101581508515815,2.106069895769467,2.110091743119266,2.1151455675498854,2.1171770972037285,2.1192281185389388,2.11993006993007,2.120508166969147,2.1190119760479043,2.1164144353899883,2.1123732251521297,2.10718789407314,2.055683122847302,2.026529108327192,2.023725834797891,2.1306252489048187
1800.0,40.0,2.9940872135994088,2.9192339716902582,3.181560283687943,3.3968565815324165,3.5698018674561602,3.710561118458341,3.783139708072684,3.763845813026141,3.657372986369269,3.5127572016460906,3.3226771166340106,3.141477905681396,3.0133410672853826,2.8697355533790403,2.792776358993068,2.7283653846153846,2.6643598615916955,2.6372849399010136,2.5830627029727706,2.5414777273939717,2.506986027944112,2.3864503816793894,2.2937853107344632,2.1902756508422665,2.118178087812885,2.0590034965034967,2.0249422632794456,1.9830999517141477,1.955433149724587,1.9224405377456049,1.9176470588235295,1.9581473214285714,1.9053591790193842,1.9256004686584651,1.8998200359928015,1.8820293398533008,1.9225352112676057,1.9158097686375322,1.9272967614011898,1.8978897208985706,1.9051246537396123,1.9318507890961263,1.9270605397520058,1.9321907600596124,1.9300380228136882,1.953416149068323,1.886687797147385,1.8894269572235673,1.9653179190751444,1.9492563429571304,1.9620938628158844,1.9606003752345216,1.978640776699029,1.948051948051948,1.9883597883597883,1.960930828351836,1.953883495145631,1.9689355870260392,2.014421958595022,2.0450711014702336,1.9539948611281048,1.9791534257023007,1.980068187778652,1.998095756256801,2.0099573257467993,1.9749262536873156,1.9589681088767013,1.9540320462306278,1.9691532892666037,2.1172161172161172
7000.0,30.0,2.2703419029949643,2.353244390539721,2.77939260298687,3.174789128397376,3.5342732134175985,3.8065693430656933,3.942927278306229,3.9355287569573285,3.8337107732125526,3.6919170545916207,3.5613941018766755,3.4508899143045486,3.3610675039246467,3.3084808946877913,3.2784726793943384,3.2517482517482517,3.23943661971831,3.234104513832713,3.2241813602015115,3.218390804597701,3.2094897045658013,3.1721632196757965,3.1243936243936243,3.0670603121045974,3.0050632911392405,2.9424115176964607,2.8744798890429957,2.810810810810811,2.7495495495495494,2.686,2.6212635497645898,2.5671100362756953,2.5087924970691677,2.450899031811895,2.4072398190045248,2.3591940345867046,2.3225806451612905,2.29147737597674,2.256153988524894,2.234945705824284,2.2200977267898874,2.199089134677944,2.1879118382185867,2.179043499158856,2.1704460503364067,2.164287568128731,2.159697868896682,2.1556802244039273,2.1524832994481558,2.1492395437262357,2.1461771640282925,2.1460550458715595,2.1452889944576405,2.1435726210350583,2.145804676753783,2.1445497630331753,2.1432086614173227,2.1459660297239913,2.148397976391231,2.144632768361582,2.144606413994169,2.1505515898767036,2.1513292433537834,2.1530172413793105,2.160741885625966,2.168744804655029,2.2821818181818183,2.3778719607405754,2.4401188707280834,2.667565745111261
12500.0,60.0,2.066497461928934,1.7112299465240641,1.6780610815354442,1.655716723549488,1.639904134212103,1.6282764098490865,1.6182572614107884,1.6063603355452611,1.594488188976378,1.5825242718446602,1.570347003154574,1.5584163225649745,1.547625659539017,1.5379288637079005,1.5285359801488834,1.5202702702702702,1.5131052865393158,1.5064420218037662,1.5008282716731087,1.4966153846153847,1.4914324880054832,1.481115107913669,1.4752545583708265,1.4702761741301296,1.4674738354196593,1.4660402684563758,1.4662020905923345,1.4673231871083259,1.4687144482366326,1.4696211579699785,1.4706927175843694,1.4710382513661202,1.470001330317946,1.4676305220883534,1.4643063305753319,1.4602194787379972,1.455600539811066,1.4500316255534471,1.4458410351201478,1.4395557454079453,1.4343334972946384,1.4307432432432432,1.4267434420985285,1.4230769230769231,1.418284789644013,1.4164408310749774,1.4169019766034692,1.41510480204059,1.415497254423429,1.4159572933198672,1.415998663994656,1.4173467451129247,1.4212548015364916,1.4228124258951862,1.423913043478261,1.4285309132161088,1.4268329783997566,1.427968851395198,1.4324702589223233,1.434766355140187,1.4351596373669688,1.4399472063352399,1.4469437652811736,1.4505082932049225,1.4542824074074074,1.4574269732753262,1.4762348555452003,1.4839272364814353,1.49718802249582,1.47981220657277
2500.0,90.0,2.8484231943031535,2.75224151628646,3.046373365041617,3.2650602409638556,3.410518626734843,3.4944018856806127,3.490005402485143,3.392116182572614,3.222496473906911,3.0418006430868165,2.8417757541263517,2.670756646216769,2.56144578313253,2.4416058394160585,2.390158172231986,2.3490783410138247,2.3083722692259125,2.2996223248006715,2.267529340956967,2.243798955613577,2.224977856510186,2.1498570845242955,2.095327102803738,2.0249545100077984,1.9826260324693818,1.9446847960444993,1.9286662242866623,1.896067415730337,1.8749080206033848,1.8443848217707934,1.841726618705036,1.8844052122740647,1.8238341968911918,1.8433734939759037,1.8116674322462103,1.7892756349952963,1.8263888888888888,1.814870259481038,1.8220732336255803,1.7832354511478912,1.7873500545256271,1.8071469086783891,1.7979154603358425,1.7991681521093286,1.7912355447352404,1.809850374064838,1.7330779054916985,1.7317232375979112,1.806970509383378,1.7786532951289398,1.7823179791976227,1.7744945567651633,1.7846153846153847,1.7495812395309882,1.7821428571428573,1.7524841915085818,1.7439024390243902,1.756335282651072,1.7970149253731342,1.8250439458173922,1.742559680302871,1.7665753424657533,1.770904146838885,1.7897091722595078,1.8060695780903036,1.781962592877274,1.821608040201005,1.85075329566855,1.881665240946678,2.0667613636363638
2500.0,80.0,2.848938826466916,2.753122212310437,3.046728971962617,3.2658495350803043,3.411764705882353,3.4932932469935247,3.488166725538679,3.389270277142131,3.221223643276875,3.0409725348941916,2.841048522030117,2.6724598930481283,2.562204724409449,2.444941808415398,2.391238211134773,2.351079461964508,2.3097893432465924,2.300933552992861,2.2688330871491877,2.2464348662073386,2.2268615170494086,2.1504513540621866,2.096944635883299,2.0258179959100207,1.983744394618834,1.9452554744525548,1.9288047028086217,1.8963014172139647,1.8746830858384642,1.8448471121177803,1.841401023219205,1.8841059602649006,1.8243300723096554,1.8435164835164835,1.811764705882353,1.7887911069939786,1.826086956521739,1.8156342182890854,1.8212290502793296,1.7828601472134595,1.7863660762211486,1.8072625698324023,1.7970353477765109,1.7987126974839087,1.7902935889754343,1.8096992019643954,1.7333333333333334,1.731362467866324,1.8066006600660065,1.778561354019746,1.7833089311859445,1.7741194486983154,1.784688995215311,1.7485572959604287,1.7827616534740545,1.7526690391459074,1.7433056325023084,1.7571976967370442,1.7962781586679726,1.8244756668702913,1.7415613998757506,1.76629261976694,1.7704149933065596,1.7901449275362318,1.8063654033041787,1.7822906155398588,1.8221986567691764,1.8500231803430691,1.881741573033708,2.0671798460461863
12500.0,70.0,2.0697155605131066,1.7247939124920735,1.6923564858864573,1.6690821256038648,1.6526458616010855,1.6402877697841727,1.6284928996793404,1.6171056357972247,1.6041417080266986,1.5913891145410235,1.578447661998576,1.5658723637359628,1.5544430538172715,1.5439404677533664,1.5345033905065815,1.5261510952168083,1.5182226660009985,1.5116926503340757,1.505269683818971,1.4996549344375432,1.4950038431975403,1.4849889179931492,1.4777542372881356,1.4720334553058023,1.468649885583524,1.466965620328849,1.4663051897753678,1.466467958271237,1.4672131147540983,1.4695170229612036,1.4681059862610402,1.468033775633293,1.465630954125751,1.4635913750441851,1.459733671528218,1.4551153460381143,1.4493353028064992,1.443331029716655,1.4383064516129032,1.4312267657992566,1.4257478632478633,1.421855921855922,1.4163208852005533,1.4130094043887147,1.4073107049608355,1.4044616876818623,1.404628027681661,1.4016364283173248,1.4021370862653115,1.4002455494168202,1.399008674101611,1.399197592778335,1.4021616752983563,1.4031492126968257,1.4028307022318998,1.4078829501343684,1.4049217002237135,1.4058563159686754,1.4106617647058823,1.412804399057345,1.4129085643359536,1.4168975069252077,1.4229979466119096,1.4269662921348314,1.4303951367781156,1.433050293925539,1.4577114427860696,1.4698374311433562,1.4862188479947187,1.4717659137577002
7000.0,20.0,2.303078768492603,2.3644388398486758,2.785216178521618,3.2017907478030176,3.6257516802263883,3.997247075017206,4.234147515341114,4.296757164404223,4.230978260869565,4.095063985374772,3.9713740458015265,3.8697225572979495,3.786921381337252,3.760752688172043,3.7677699403147042,3.756574004507889,3.768136970400464,3.7913656979674113,3.7880496054114996,3.7955271565495208,3.7922016167379935,3.7140340575455077,3.6174785100286533,3.4934238438693255,3.36439842209073,3.2375846501128667,3.1098556183301946,2.996525364836692,2.893211289092296,2.7963875205254514,2.7039301310043666,2.6326723323890464,2.5566600397614314,2.489146164978292,2.4394309846632587,2.3858801885707717,2.3471496292694787,2.31303900115845,2.2771380514943718,2.255546425636812,2.2393087287639135,2.219750889679715,2.2066090179122915,2.1983739837398373,2.189964759187783,2.183147632311978,2.1781464118283447,2.1738317757009344,2.16946535417873,2.1639756762423987,2.1593784683684794,2.156980950084398,2.154644525168656,2.1517467248908297,2.152740341419587,2.1488113615313367,2.14624,2.1482758620689655,2.148796498905908,2.1445298207098427,2.143719351188231,2.1475272422464378,2.1476274165202107,2.1493987049028678,2.1560636182902586,2.1628403630539244,2.2758620689655173,2.3759118867114863,2.437022900763359,2.674825174825175
4000.0,0.0,2.953771289537713,2.6226323457989316,2.924534686971235,3.1041923551171395,3.170576371935039,3.1719212680717646,3.0970350404312668,2.962543893874366,2.812333864965444,2.706703910614525,2.5993031358885017,2.5316856780735106,2.533095723014257,2.4885945548197204,2.5209652575731645,2.550820953870211,2.559055118110236,2.601544978818839,2.604575163398693,2.6042168674698796,2.60326993660327,2.5546351084812624,2.5208140610545793,2.449032932566649,2.4143934997098087,2.375796178343949,2.3639502762430937,2.3235077376565956,2.295260295260295,2.250814332247557,2.246153846153846,2.3073436083408887,2.2151543498596817,2.242217898832685,2.1901408450704225,2.1546103694504812,2.2001982160555005,2.183474011550422,2.1864171864171866,2.1247140965450826,2.1254785723107323,2.1486854034451497,2.129100810200558,2.124160613950939,2.1064520683326275,2.1276905177428738,2.011985018726592,2.004927625500462,2.10467706013363,2.0482758620689654,2.0429913294797686,2.0168067226890756,2.0164691705161677,1.9589356798659123,1.987788331071913,1.9434352724764314,1.9211727950012016,1.931841046277666,1.9747357566383088,2.0016163793103448,1.8958505083814234,1.9190435033131663,1.9198324857912055,1.9384951607867624,1.9556358856391718,1.9263698630136987,2.0,2.063858695652174,2.087763713080169,2.2562764106388267
1800.0,50.0,3.0004426737494465,2.941656466748266,3.1898407232027552,3.3869701726844585,3.5352585627938216,3.6453094248851956,3.689189189189189,3.6554953178905865,3.5495251017639076,3.416740872662511,3.253386631134799,3.099680170575693,2.9923353668074455,2.8708133971291865,2.8062139016132246,2.7548998018057698,2.7000479156684234,2.679790026246719,2.634043746494672,2.6009644364074744,2.572585871678548,2.4628676470588236,2.374327122153209,2.267849022282856,2.187192118226601,2.1163405605499737,2.072031513787282,2.0206978119455945,1.9827692307692308,1.9451530612244898,1.9345670852610708,1.9696132596685083,1.9151943462897527,1.9338181818181819,1.9061102831594634,1.8875379939209727,1.927547770700637,1.9208,1.9316872427983538,1.9016949152542373,1.909404659188956,1.9339285714285714,1.930063578564941,1.935933147632312,1.933649289099526,1.9564796905222437,1.8904244817374136,1.8930330752990852,1.9668928644869421,1.9516445218906557,1.963162623539982,1.9619514472455648,1.9809155695132263,1.9507952286282306,1.9910514541387025,1.9631006105654367,1.9558359621451105,1.9701916252661462,2.0161873103049572,2.046713579877227,1.9562243502051984,1.9797916008841174,1.9817619280247516,1.999324552516042,2.0105913503971755,1.9762122598353156,1.9575270168384016,1.9506973726889394,1.9646739130434783,2.1107110711071106
384399.0,20.0,1.0,1.0,1.0,1.0,1.0,1.0,1.0,1.0,1.0,1.0,1.0,1.0,1.0,1.0,1.0,1.0,1.0,1.0,1.0,1.0,1.0,1.0,1.0,1.0,1.0,1.0,1.0,1.0,1.0,1.0,1.0,1.0,1.0,1.0,1.0,1.0,1.0,1.0,1.0,1.0,1.0,1.0,1.0,1.0,1.0,1.0,1.0,1.0,1.0,1.0,1.0,1.0,1.0,1.0,1.0,1.0,1.0,1.0,1.0,1.0,1.0,1.0,1.0,1.0,1.0,1.0,1.0,1.0,1.0,1.0
1500.0,60.0,3.3144940747493163,3.223723089911355,3.48943661971831,3.6997319034852545,3.8520273828330702,3.9633791094465254,4.0249843847595255,4.032056990204809,3.985997102848865,3.9160509353875175,3.8183957638752695,3.7186167693036474,3.634836180341641,3.5452793834296723,3.476659372720642,3.4110929853181076,3.3436657681940702,3.2974180734856007,3.2293233082706765,3.1736596736596736,3.121920404295641,2.947058823529412,2.7837837837837838,2.6182846371347783,2.4738748060010347,2.3539961887680754,2.257832193014044,2.183223517486062,2.127068166776969,2.0873986532911912,2.059620596205962,2.0438282647584973,2.030224393222409,2.022613065326633,2.018348623853211,2.0141168745896256,2.0182068017863277,2.0169082125603865,2.019503546099291,2.0222668370140537,2.0267260579064588,2.030320475916331,2.0343280670957675,2.039028275587415,2.0426395939086293,2.0467812047195197,2.051065625659422,2.055627147766323,2.060114085125055,2.070915411355736,2.0789787640181343,2.087354615194259,2.0950920245398774,2.101312335958005,2.1092926490984745,2.1137824993010903,2.1171041246034035,2.1216457960644006,2.1240898058252426,2.1255886970172684,2.126154826377827,2.126611570247934,2.124701873935264,2.121468926553672,2.1169741697416975,2.111620795107034,2.058915537017727,2.0294314381270904,2.0254980079681273,2.1329239660465955
1000.0,90.0,3.3914361500568395,3.414542728635682,3.698667711598746,3.9303135888501743,4.101007787448466,4.229676961306354,4.31413612565445,4.345260051641461,4.330842052815147,4.287849252761533,4.211428571428572,4.1213930348258705,4.0384843805677635,3.9404794709286306,3.8566013897662668,3.7736185383244205,3.687549563838224,3.623924078569852,3.539759036144578,3.4712704269899843,3.4062140391254316,3.2082763337893296,3.030775379696243,2.8602540834845733,2.713276123170116,2.5951327433628317,2.503287507471608,2.4338422391857506,2.382608695652174,2.348463687150838,2.3292061179898034,2.3218654434250765,2.315003927729772,2.313614262560778,2.3155703580349707,2.3191489361702127,2.330954504906334,2.3339317773788153,2.342566943674977,2.352045670789724,2.3591481122942883,2.370979056017637,2.378477529807398,2.3865528726061616,2.3943960942475058,2.4015151515151514,2.409532215357458,2.4174713676173365,2.424589975914669,2.441860465116279,2.453888334995015,2.4651162790697674,2.4773212379935967,2.485620377978636,2.4974663384971767,2.5029171528588097,2.509792106056041,2.5163602368339046,2.5198349730244365,2.523026315789474,2.5246449456975775,2.5269565217391303,2.526069759079468,2.524308152580404,2.5176470588235293,2.5106990014265333,2.42440543601359,2.3664710198092442,2.338893766461809,2.388560157790927
17500.0,20.0,1.7275114904793172,1.3636959370904325,1.3531553398058251,1.3550385462555066,1.3566470902295782,1.357079646017699,1.3559549356223175,1.3525087887503995,1.3477443609022557,1.3413566739606126,1.334848484848485,1.3265895953757225,1.318869165023011,1.3115241635687733,1.303765690376569,1.295774647887324,1.2889309764309764,1.2813567306559888,1.2740213523131672,1.2673062730627307,1.2604597320985613,1.2450331125827814,1.2321587207580693,1.2226204699322978,1.2177635098983413,1.215868477483917,1.2178030303030303,1.222429210134128,1.228773964878363,1.236047953699876,1.2436401783372673,1.250493745885451,1.2570609905853458,1.2635032811711258,1.268684373069796,1.274024024024024,1.278584392014519,1.2838427947598254,1.289298314386515,1.2943648816936488,1.299630996309963,1.3049815096802262,1.3099489795918366,1.315398335315101,1.3199312714776632,1.32465483234714,1.3289887640449438,1.331979695431472,1.3350398179749716,1.3405292479108635,1.344884488448845,1.3469194312796209,1.3504583244510766,1.3523047977422389,1.3523858127073234,1.3509036144578312,1.3489795918367347,1.346444547277495,1.3437855402112104,1.3411724608043627,1.3381986472054113,1.3327546296296295,1.3274611398963732,1.321917808219178,1.317545496966869,1.313494979181974,1.3062154246664497,1.3031173092698933,1.3003347680535629,1.290842799046417
25000.0,80.0,1.5863983344899375,1.3177468464549804,1.3014301430143014,1.2898781134075252,1.275017998560115,1.2651162790697674,1.2610825944937005,1.2637693631669535,1.2724425887265136,1.2857738840216937,1.3024752475247525,1.3211275791920953,1.3397500844309356,1.3590042784908596,1.3764444444444444,1.3934343434343435,1.4097142857142857,1.4248871695680205,1.439360929557008,1.4538021259198692,1.467341306347746,1.5009287925696595,1.5307178631051752,1.5585058505850584,1.5821752265861027,1.6009673518742442,1.6132125732551945,1.6176880222841226,1.6155234657039712,1.6036972848064703,1.5852588476162621,1.5615709304459533,1.5314701204271757,1.5005589714924539,1.4670292318150917,1.4325429272281276,1.3987341772151898,1.366189111747851,1.3405405405405406,1.3113865220759102,1.2895204262877442,1.2704669496664645,1.2523997741389046,1.2404420170201955,1.2234682713347922,1.2145633971291867,1.2110469909315746,1.2035833479711926,1.2014769929937512,1.1960161051070142,1.1918793503480278,1.1893520843797087,1.189970019078768,1.1903367496339678,1.1891223733003708,1.1932576769025367,1.1911866759195004,1.1893747741235996,1.1931247585940516,1.194308943089431,1.1919361612767745,1.190714610832954,1.1924603174603174,1.1909814323607426,1.1906108597285068,1.1920529801324504,1.2264509990485253,1.2522606382978725,1.273412631931647,1.3102129983615511
1300.0,10.0,2.484497169048261,3.0488188976377955,3.0680533574496947,3.1018420495447807,3.174025974025974,3.254017305315204,3.3017578125,3.2867743343518114,3.2020304568527918,3.0771283693621565,2.9154605263157896,2.761666023910528,2.651315789473684,2.533812949640288,2.4706493506493508,2.421373200442968,2.3760186263096625,2.3594327990135633,2.3282247765006385,2.308255659121172,2.2962447844228095,2.2542624166048926,2.243478260869565,2.2230514096185736,2.2275086505190314,2.232223222322232,2.2521008403361344,2.251681075888569,2.2588582677165356,2.2534219001610305,2.2685089709218396,2.323748668796592,2.285899653979239,2.315673289183223,2.298618132794068,2.288936994417227,2.336525954830318,2.333649064645986,2.3496672716273443,2.325034064164499,2.33596788357797,2.366520505545525,2.3651560663445212,2.374186694994025,2.3749157113958193,2.4024106286810025,2.333796940194715,2.3399153737658676,2.4210677382319172,2.4091318714328627,2.425080682342093,2.4267848662339717,2.450438739031524,2.416196481911716,2.4621541673916827,2.4318181818181817,2.4241335966959956,2.4367263994088306,2.492970946579194,2.5256038647342995,2.4144003130502836,2.4378411158277746,2.4319833852544135,2.445827075734821,2.448067902613357,2.394463667820069,2.269242470337694,2.184761904761905,2.1399195350916407,2.161596958174905
2000.0,70.0,2.877106452938759,2.8432452276064613,3.0904561134534303,3.2771250863856256,3.4072604178825725,3.4880239520958085,3.5002845759817873,3.4334834220221038,3.302506963788301,3.1523947750362846,2.9801801801801804,2.8251944684528953,2.7187301587301587,2.603866128101558,2.5439453125,2.4963846710050617,2.4501086741750644,2.4330794341675737,2.397196261682243,2.3697627460878343,2.346877556585765,2.26111458985598,2.19572192513369,2.113393915448439,2.0569456427955135,2.006993006993007,1.9795511221945137,1.9410526315789474,1.914238592633315,1.8834285714285715,1.8776722090261282,1.9172370877411324,1.8628826530612246,1.8823142669296515,1.8561782579338284,1.8372413793103448,1.8761766835626357,1.8689002184996357,1.8784696174043511,1.846749226006192,1.8533123028391167,1.8773507767784137,1.870940882597835,1.8756388415672913,1.8720626631853785,1.8941281138790036,1.8247048138056312,1.8276181649675625,1.9013282732447818,1.8831234256926952,1.8932139883430474,1.8899003034243607,1.9063131880476298,1.8745660726683637,1.913064833005894,1.885459278542209,1.8789277927407977,1.893436088227478,1.9374492282696993,1.9665918023582256,1.8790989449672084,1.9030680302356604,1.9060731222273215,1.9238095238095239,1.9359123360451602,1.9056636254088484,1.9045584045584045,1.9089790897908978,1.9294942783314877,2.088695652173913
700.0,40.0,3.0830838323353293,3.01569995638901,3.1909000989119685,3.3698577470203768,3.55021216407355,3.726875,3.8568861642532504,3.8951817413355876,3.818688275512788,3.6606189967982923,3.4452724732184445,3.232451093210587,3.0601915184678523,2.9176379176379177,2.818576388888889,2.7461977186311786,2.686689140872408,2.652317880794702,2.61046511627907,2.581876385126816,2.560625814863103,2.491784540648664,2.445516811955168,2.4073766406379797,2.3805340829234014,2.367399741267788,2.3612454070779347,2.3601363545217566,2.3615702479338845,2.364176570458404,2.3700305810397553,2.3814924019051937,2.3867837338262476,2.3940326781908596,2.402031930333817,2.4087106299212597,2.4216341212744092,2.42478104070067,2.433897408778424,2.443447525829255,2.45,2.46046246074793,2.4669373549883993,2.4745411486086444,2.4815932407966206,2.4887726853275915,2.4963938538726875,2.5028717294192724,2.510922725790675,2.5282563749138527,2.539198297268535,2.552282768777614,2.5639269406392695,2.573494917904613,2.5866776996276375,2.5928243637880684,2.5988797931925895,2.605884975479269,2.6099000908265215,2.6136470588235294,2.616156787762906,2.61779324055666,2.6180698151950716,2.61727078891258,2.614612381483547,2.6128472222222223,2.5995279307631787,2.5973376038434592,2.607975387528103,2.7234927234927233
