altitude,inclination,0.01_mmAl,0.1_mmAl,0.2_mmAl,0.3_mmAl,0.4_mmAl,0.5_mmAl,0.6_mmAl,0.7_mmAl,0.8_mmAl,0.9_mmAl,1.0_mmAl,1.1_mmAl,1.2_mmAl,1.3_mmAl,1.4_mmAl,1.5_mmAl,1.6_mmAl,1.7_mmAl,1.8_mmAl,1.9_mmAl,2.0_mmAl,2.25_mmAl,2.5_mmAl,2.75_mmAl,3.0_mmAl,3.25_mmAl,3.5_mmAl,3.75_mmAl,4.0_mmAl,4.25_mmAl,4.5_mmAl,4.75_mmAl,5.0_mmAl,5.25_mmAl,5.5_mmAl,5.75_mmAl,6.0_mmAl,6.25_mmAl,6.5_mmAl,6.75_mmAl,7.0_mmAl,7.25_mmAl,7.5_mmAl,7.75_mmAl,8.0_mmAl,8.25_mmAl,8.5_mmAl,8.75_mmAl,9.0_mmAl,9.5_mmAl,10.0_mmAl,10.5_mmAl,11.0_mmAl,11.5_mmAl,12.0_mmAl,12.5_mmAl,13.0_mmAl,13.5_mmAl,14.0_mmAl,14.5_mmAl,15.0_mmAl,16.0_mmAl,17.0_mmAl,18.0_mmAl,19.0_mmAl,20.0_mmAl,30.0_mmAl,40.0_mmAl,50.0_mmAl,100.0_mmAl
700.0,90.0,1.7245693563009972,1.3003717472118959,1.4754826584657441,1.5827607745159276,1.5808031341821744,1.510726643598616,1.4114963503649636,1.3013150371640938,1.2,1.1108028720626633,1.0343980343980343,0.9667381974248928,0.9191870312121946,0.8760775862068966,0.8374589919475097,0.8108196721311476,0.7878136200716845,0.7679341434731478,0.7532964695874096,0.7356057116536159,0.7231920199501247,0.7055990367248646,0.697485632183908,0.6986429177268872,0.6965551181102362,0.7146118721461188,0.7394596005743376,0.7604197457877624,0.7944723618090452,0.8329579579579579,0.8714700996677741,0.9037531660142758,0.9404702351175588,0.9816939890710382,1.0020642878207018,1.0380862448851118,1.0424181696726786,1.0582047685834501,1.1231638418079095,1.0954036307454615,1.0896969696969696,1.1369399830938292,1.1302083333333333,1.134703196347032,1.106412005457026,1.1096532333645737,1.1412345679012346,1.1253746253746253,1.1412312467666839,1.1161290322580646,1.1080931263858094,1.091324200913242,1.0755502676977988,1.0838988278840223,1.0428211586901763,1.0670205706702056,1.064343163538874,1.0244897959183674,1.0249465431218816,1.0558823529411765,1.0430906389301635,1.0077579519006983,1.0245700245700247,1.0195080576759965,1.0035211267605635,0.9881170018281535,0.9597780859916782,0.944453467597856,0.9559723593287265,1.0874089490114465
9000.0,20.0,0.43654336734693877,0.3992184545569142,0.3069776558212466,0.27370653095843933,0.245141065830721,0.22776151184455684,0.22289719626168225,0.2302657161373947,0.24785100286532952,0.27346827876647195,0.30278140750420013,0.33374567046016823,0.3646426312460468,0.3897185301016419,0.4097836312323612,0.42637362637362636,0.4381554011370815,0.4485940879596251,0.45705024311183146,0.46115627822944893,0.46461107217939734,0.47844550250932955,0.48412698412698413,0.49337410805300713,0.5055114073314535,0.5198973042362003,0.5376344086021505,0.5635551142005958,0.5916513198281154,0.6234058514628658,0.6647112740604949,0.6994916003536693,0.749699959994666,0.7996204333386051,0.844390152227025,0.9037527593818985,0.9502308876346844,0.9920306965761512,1.0714285714285714,1.1057655593738067,1.1488250652741514,1.2252076209086469,1.2768392370572208,1.2910491997628928,1.3431180691454665,1.4231332357247437,1.4541864139020537,1.4952870608397602,1.533210332103321,1.5790589232725731,1.630952380952381,1.6566143948532368,1.6617516956649956,1.6439856092601282,1.5950371370695475,1.6473924977127172,1.6297426120114396,1.5694277711084434,1.5323154151851077,1.5808791208791209,1.5932947976878613,1.5103156848123291,1.5085106382978724,1.5017045454545455,1.483752299202943,1.4479608482871125,1.219601677148847,1.1153552330022918,1.0839755780202183,1.0457488131204145
25000.0,50.0,0.9583333333333334,0.4854926299456943,0.4901333333333333,0.4998024496246543,0.5078018067341911,0.5216757741347905,0.5354960037611659,0.5472501478415139,0.5542545454545454,0.5574187884108868,0.5585500887913925,0.5590222331408918,0.5602633839106785,0.5622310493214168,0.5653663177925785,0.5693748638640819,0.5732373386295928,0.5769881556683587,0.5801916932907348,0.5821003247924937,0.5828245828245828,0.5798365122615804,0.570260492040521,0.5576886341929322,0.5438376753507014,0.5312397775596991,0.5211477151965994,0.5143014301430143,0.5104572846508331,0.5100090991810737,0.5126162790697675,0.5184444444444445,0.5275797373358349,0.5395922238027501,0.5545292014302742,0.5729186068169119,0.5941626129256428,0.6193474527761877,0.6448763250883393,0.6763823403343335,0.7079233557742103,0.7393188854489164,0.7714701601164483,0.7990630323679727,0.8277351247600768,0.848448816344179,0.8632000971935366,0.8754786742374224,0.8812464101091326,0.8818770226537217,0.8707578688236328,0.8531612420501309,0.833201110670369,0.8142053738804416,0.7982304704359086,0.7801498977969566,0.768997668997669,0.7583313354111724,0.7443609022556391,0.733523611831863,0.7257764799575259,0.7095505617977528,0.6937071279451238,0.6820175438596491,0.6726973684210527,0.6643670231114177,0.6320040383644624,0.6163845633039946,0.6057947019867549,0.6019057702488089
400.0,10.0,3582.1630943582163,1116.730279898219,594.2556634304207,374.87179487179486,256.8943298969072,185.8392999204455,143.35260115606937,118.46171454732746,104.09387918389119,96.34947304108752,92.51853128770902,90.93005380476556,90.56803730394235,90.82696316886728,91.30653266331659,92.9035752979415,94.57184325108854,95.57138432951378,97.26973684210526,99.44289693593313,101.68993387215284,106.82196339434276,113.98601398601399,121.81818181818181,130.32928942807624,140.97938144329896,155.06512301013026,170.27027027027026,189.70037453183522,215.59285327558203,246.82579989842563,289.99545936128345,343.3137398971345,419.4501249715974,516.3230240549829,650.9572901325479,841.4693088448525,1115.009746588694,1510.752688172043,2123.139549675614,3030.697674418605,4474.936992439093,6786.02243313201,10544.354838709678,15992.970123022847,22722.433460076045,30589.93399339934,37012.6582278481,41221.80987724807,44493.67088607595,45930.62041360907,46202.0905923345,46710.28716830243,48523.84557153671,48707.90916209867,47861.178369652946,48984.66639038541,49342.38438693254,49696.70710571924,49315.67328918322,48539.325842696635,48953.974895397485,49328.214971209214,49653.12190287413,48600.717580727825,48417.151932239285,46441.798941798945,41976.37795275591,44217.08185053381,18659.20511649155
900.0,20.0,4.197755535335153,2.258964143426295,2.4763583907677513,2.89989235737352,3.1990084985835696,3.2448954639931533,3.0940267571132467,2.852233676975945,2.614403859407305,2.410767274268758,2.285285285285285,2.2031872509960158,2.1534559289790742,2.1437456807187285,2.1339285714285716,2.132120253164557,2.139050791007494,2.1313485113835378,2.1448087431693987,2.1367924528301887,2.125,2.153797733948804,2.1554888221554886,2.171421889616464,2.168222033692886,2.1758850951241024,2.1725571725571724,2.1728691476590636,2.194249552895859,2.207480592801694,2.2009500503814596,2.1907292589312077,2.192273135669362,2.197398622800306,2.1995641344956414,2.1992747911083086,2.148443735035914,2.1644673318313488,2.1729087609305395,2.1229602769078624,2.1244993324432575,2.0989327460613247,2.0851063829787235,2.09528777603895,2.0422898401237752,2.0323084940072955,2.0534283170080143,2.028520499108734,2.026806737909799,1.966188901139287,1.943567848524225,1.9103021204728843,1.8993301435406698,1.8933021806853583,1.8210712183637434,1.8678253839935328,1.8224696356275303,1.78039853599024,1.8043478260869565,1.7817485641352904,1.7654716175842937,1.7469458987783595,1.7552353073632065,1.731925636906128,1.6985242445537596,1.6820795400095832,1.5674173735010237,1.4987817612252001,1.4809160305343512,1.6538099717779868
1000.0,40.0,1.6829769736842106,1.0632518432285603,1.2578786851914605,1.4877488514548238,1.62451068955134,1.6395074665968037,1.569364161849711,1.4613077384523094,1.3542857142857143,1.2628920227320564,1.20609295664627,1.1710302091402014,1.1529454152404972,1.1588957055214724,1.164762340036563,1.177537144296147,1.198079561042524,1.2088796185935637,1.2343350383631713,1.2478661659269374,1.2586395052746453,1.322338204592902,1.365510777881912,1.4154164511122607,1.4502237136465324,1.4915458937198067,1.5254674403610573,1.5636114911080712,1.6171761280931587,1.666923076923077,1.6988727858293076,1.7210481825866442,1.75,1.7774750227066303,1.797752808988764,1.8086124401913874,1.7707317073170732,1.7922848664688427,1.8049178655239262,1.7606209150326797,1.7631797426317974,1.7420718816067653,1.7296434273549761,1.7422173675587111,1.6916765626686818,1.6847172081829123,1.7059420453264178,1.683056403300554,1.6831911459534241,1.6300387824656246,1.609442060085837,1.5789473684210527,1.567922657411998,1.5620253164556963,1.4959723820483315,1.5380542686962277,1.4960838975175892,1.4571924669427008,1.4782129067843353,1.457922882071489,1.4433135425501837,1.4274099883855982,1.4359553948161543,1.4160111059694587,1.3868416890716433,1.3725426482534524,1.2713808927826449,1.218054837040869,1.2068014705882353,1.345119139123751
2500.0,0.0,0.6535838552540014,0.42478618145228914,0.503448275862069,0.6059233449477351,0.6712128592303945,0.6862692921766897,0.6693037974683544,0.6421167484997272,0.6218415417558887,0.6087813620071685,0.6075298237933676,0.6094337177659712,0.6203759854457247,0.6299513551077137,0.645726664040961,0.6633575998235164,0.6815847395451211,0.6974789915966386,0.7191943127962085,0.7312278440219143,0.7409870493524676,0.7951198990323938,0.8402366863905325,0.8842224744608399,0.9267515923566879,0.9763779527559056,1.0302066772655007,1.0817223198594024,1.1575342465753424,1.2231226364127499,1.2933679490205334,1.3888888888888888,1.4121715076071923,1.4885100074128985,1.5114384205578189,1.5254486133768352,1.5340870739115762,1.555421270718232,1.5850929435120014,1.512778684067428,1.5242159955464836,1.5257142857142858,1.509059367771781,1.5314,1.4742247679241556,1.4896064581231079,1.463064584212748,1.4450116996383748,1.5159165751920967,1.4567592171142467,1.4535237649262467,1.4300530631934394,1.4403508771929825,1.4173146708138933,1.3833157338965154,1.4110005527915976,1.3666759543048204,1.3423499577345732,1.400234397890419,1.4054703937481214,1.3312140478353012,1.3404255319148937,1.3585891574134552,1.3592754109359275,1.348636520538488,1.3224199288256229,1.2914124824026278,1.2735346358792186,1.2740112994350283,1.409375
1800.0,80.0,0.897450110864745,0.5642301710730949,0.6702744491689215,0.8083403538331929,0.907911595131326,0.9493943472409152,0.9495073891625616,0.929316338354577,0.9066358024691358,0.8817825661116553,0.8720202263424031,0.8649577545467564,0.861232005356545,0.8689152932157915,0.8720225205716761,0.8786560309402949,0.8892742796157951,0.8915981198589894,0.9060102301790282,0.910980256321441,0.9135479041916168,0.9531876950512707,0.9823192927717108,1.020870602265951,1.0535117056856187,1.095059880239521,1.1357615894039734,1.1834695731153497,1.25,1.3136378502125805,1.3650793650793651,1.4093448450990351,1.4581651869787462,1.5036412965871768,1.5392685851318946,1.5640547263681592,1.5402759948652118,1.5681930083702609,1.5884365378036265,1.5503355704697988,1.5574520499736055,1.5411107104219257,1.5316317228805834,1.547834274952919,1.5,1.4959226246918262,1.521456692913386,1.5017814726840855,1.505684125050751,1.4602711157455683,1.4453906748988716,1.4208351457155284,1.4152466367713004,1.4127532228360957,1.3521586931155192,1.394851869839728,1.3566023919941421,1.321929608663549,1.344722080571137,1.328202452387164,1.3156651797428496,1.3049472830494728,1.3176569980287243,1.303380525859578,1.2819370172311348,1.2735618115055078,1.2196299275945293,1.1899696048632218,1.1846710923355461,1.3104034626681094
1600.0,30.0,0.9256047466910087,0.5720731417715507,0.6728138013087448,0.8119601328903654,0.9124495902172499,0.9498199819981998,0.9411764705882353,0.9114503816793893,0.8832066344160332,0.8564171122994653,0.8517574010422442,0.8548623120925901,0.8625488663017983,0.8863146551724138,0.9033306255077173,0.9236865942028986,0.9486412365993517,0.9608969100355482,0.9875666074600356,1.0015938795027095,1.01129363449692,1.0735705717712916,1.1163321167883211,1.165644171779141,1.2016806722689075,1.2432598039215685,1.280503978779841,1.3219373219373218,1.3823076923076922,1.4362139917695473,1.475567190226876,1.507421150278293,1.5436046511627908,1.5766497461928934,1.600632244467861,1.615592853275582,1.582039911308204,1.601892531260561,1.6151603498542273,1.5726136230868093,1.5746907706945765,1.554800339847069,1.542885109506913,1.5548281505728314,1.506406269436497,1.5005683971201214,1.5218811234487264,1.5014424337791765,1.502145922746781,1.455244371224602,1.4377532485678357,1.4114131208196954,1.4038911644236396,1.3999700284729506,1.340057636887608,1.3798803526448362,1.3422383812835916,1.3078025477707007,1.3289972007245183,1.3121319199057715,1.2998985115020298,1.2882741823242867,1.299511665762344,1.2848406226834692,1.262507133346015,1.253570729798474,1.1941550190597205,1.1626429479034308,1.157239819004525,1.2814885496183206
4000.0,10.0,0.6115107913669064,0.3973324213406293,0.41332130506690723,0.44051825677267376,0.4538137822198843,0.4518166089965398,0.44712306872669155,0.4446370113614481,0.4530579399141631,0.460021513087128,0.4837494112105511,0.49764428739693756,0.5131231671554253,0.5316622691292876,0.5401748542880933,0.5476707699734492,0.5575440528634361,0.5608716248223591,0.5713782784721,0.5724326434986333,0.5725108225108225,0.6041666666666666,0.6258637709772952,0.6608969315499607,0.6885245901639344,0.7346502936465563,0.7793484941610326,0.8325157673440785,0.9117408906882591,0.9880404783808647,1.0493383936814031,1.109705611775529,1.1661262160139685,1.2223430279967382,1.2642524723676556,1.290820223002902,1.2663052144793494,1.2944270918954464,1.325455182072829,1.281531134238843,1.2961742632253341,1.2875667429443174,1.2832358674463937,1.318999379780856,1.2645977950183749,1.2753500212134068,1.3302940506040575,1.318931475029036,1.345824148910115,1.3282682735132303,1.3401662049861496,1.3428235984737305,1.365891959798995,1.3896666666666666,1.3350622406639003,1.4116772034213463,1.377465857359636,1.3477078477078477,1.3950515463917526,1.3888412017167382,1.3833406018316616,1.3922651933701657,1.4297642436149312,1.4304771677783479,1.4200643776824033,1.4272062956717257,1.4451882845188284,1.4352061622111463,1.4450127877237853,1.5420224719101123
200.0,60.0,2.829595472647244,2.4224215246636773,2.5807525807525806,2.5482335254322224,2.388247282608696,2.207391304347826,2.023019271948608,1.8455128205128206,1.681203007518797,1.5316565481352993,1.400197628458498,1.284903771276004,1.1856823266219239,1.1001515360242458,1.026431718061674,0.9626355296080067,0.9065522905639716,0.8568580542264753,0.8121606948968513,0.7715568154972833,0.7343950680708965,0.6523794516230697,0.5834615384615385,0.5257009345794392,0.4793686583990981,0.44274084124830393,0.41728896103896107,0.4026112185686654,0.3953917050691244,0.39726589200273416,0.4079329248629474,0.42226450999048526,0.4453576188360729,0.4691390041493776,0.4978966346153846,0.5308301756803306,0.5654901960784313,0.6022927689594356,0.6322127446061214,0.6721581548599671,0.7048484848484848,0.7342192691029901,0.7637401855817274,0.7857701329163409,0.8123993558776168,0.8300854700854702,0.8414431082331175,0.8544933078393881,0.862427979379359,0.8744851506611749,0.8812743525097411,0.8831387651943675,0.8796484971981661,0.8779765908785149,0.8746007498958477,0.8684797146678555,0.8682889733840304,0.8632558139534884,0.8579198945112905,0.8560579910251985,0.8533028812368236,0.8477651019263138,0.8410876132930514,0.8363057324840765,0.8306072148778848,0.8278475017759888,0.7672218016654049,0.7236913113869401,0.7501128668171557,0.9857239972807613
2500.0,50.0,0.8079079798705967,0.5179028132992327,0.6077645321236418,0.7150270758122743,0.7811447811447811,0.797768479776848,0.7846753794266442,0.76027194797517,0.7403770620581304,0.7201297081566476,0.7162203755001539,0.7120322817314747,0.7108329736728528,0.7194637537239325,0.7223476297968398,0.7275031685678074,0.7369901547116737,0.7388758782201406,0.7517506404782237,0.7554418604651163,0.7572599413133664,0.794257788637752,0.8195185238575753,0.8550409630496573,0.8839454751987883,0.9242164018892228,0.9653429602888086,1.0169036758787229,1.0904159132007234,1.1654362416107382,1.2304283604135893,1.2903094462540716,1.3520385795703638,1.410680529300567,1.455092824887105,1.4863588667366212,1.4635076252723311,1.4924538848518725,1.514654161781946,1.4731563421828908,1.4809206541490005,1.4641744548286604,1.4548325963360706,1.4750328515111695,1.4227272727272726,1.4212624584717608,1.4547353760445683,1.4356992269852424,1.4451706608569355,1.4042232277526394,1.3950233281493,1.3753007217321571,1.3747913188647747,1.3768366464995678,1.3154185022026432,1.3619575253924285,1.324022346368715,1.2881355932203389,1.3150147203140334,1.2979558956801933,1.2869176900436414,1.2782270769877113,1.2931223906833662,1.27996381727725,1.260053619302949,1.2534617700180615,1.2023327393487768,1.172020725388601,1.1659170414792603,1.2565480188045668
2500.0,40.0,0.8021266759130837,0.5122116689280869,0.5969722455845248,0.6985360563889391,0.7599320882852292,0.7722884724588303,0.7564124783362218,0.7298921039725356,0.7087027914614121,0.688011757295822,0.6853347225840063,0.6829800498753117,0.6838424733161576,0.6960950764006791,0.7013049782503625,0.7093970668115155,0.721351025331725,0.7258713136729222,0.7413919413919414,0.7466507177033492,0.7507372072853425,0.793985590477185,0.82445371961699,0.8647192285876347,0.8966123362096516,0.9397329483940816,0.982074521651561,1.0346601073345258,1.109136420525657,1.1840644086618546,1.24779299847793,1.3061224489795917,1.3666068222621184,1.4226167502894635,1.4656582174979558,1.4936061381074168,1.4686395759717314,1.4959276018099548,1.5170616113744075,1.4735588375416866,1.4802149487054226,1.46258161727775,1.451678535096643,1.471179270227393,1.41901776384535,1.4181818181818182,1.4504201680672268,1.4313171283210853,1.4404205607476634,1.399878640776699,1.3902439024390243,1.3709677419354838,1.3691275167785235,1.3703961084086171,1.3097094259390503,1.3566121842496286,1.3176029962546816,1.282789992418499,1.3096366508688784,1.2925445705024312,1.2810457516339868,1.272419627749577,1.286725663716814,1.2741347905282332,1.2546992481203008,1.2475728155339805,1.1952879581151832,1.1645420999664542,1.1583316460822028,1.2472707423580787
200.0,70.0,2.022628858779159,1.876859012492564,1.9722733672695765,1.9496956103812881,1.854997854997855,1.7476203426706554,1.635486018641811,1.521980198019802,1.412962962962963,1.310308182784272,1.2189957652752572,1.1373477672530448,1.0672713529856388,1.0075125208681135,0.9559228650137741,0.9131177179590196,0.8760655737704918,0.8430343511450382,0.8150870406189555,0.7905875800612643,0.7681421258657031,0.7233695652173913,0.6908776480760916,0.6689708141321045,0.6600178624590652,0.6558915537017727,0.6616,0.6736554238833181,0.6872062663185379,0.706682436428149,0.7298546895640687,0.7514880952380952,0.776778413736713,0.7984517304189436,0.8203304957436155,0.8419677840661733,0.8620730270906949,0.8811083123425693,0.8940323480200781,0.9113300492610836,0.9234464590113126,0.9334218827826666,0.943481276005548,0.9500469483568075,0.9587009573868969,0.963453180561043,0.9663017814981756,0.9701033194108596,0.9722610722610723,0.9752314235676758,0.9769108280254777,0.9772215973003374,0.976659593816308,0.976005188067445,0.9746020995597697,0.9729328883945124,0.9725714285714286,0.971271153089335,0.9696840307429547,0.9687924016282224,0.9679665738161559,0.9661445174330469,0.9636871508379888,0.9622075584883024,0.9600000000000001,0.9583333333333334,0.9330334190231363,0.9107214832728738,0.9154603358425015,0.9893744030563516
1600.0,20.0,1.0004578754578755,0.5965576964710977,0.6961045891141943,0.8473967684021544,0.9660756501182033,1.01832784184514,1.018458549222798,0.9929643527204502,0.9661989795918368,0.943163097199341,0.9423332991908225,0.9517021015116136,0.9667917990181923,0.9990061288719563,1.0239386571909481,1.0517994591221136,1.0831050228310501,1.1000499001996007,1.1315577078288943,1.1482549754831266,1.160037002775208,1.2288770053475935,1.27477840451249,1.3279569892473118,1.365009746588694,1.4091149973502914,1.4453302961275627,1.4857142857142858,1.544980443285528,1.5984743411927878,1.6340394448502558,1.6625482625482626,1.6958266452648476,1.7261306532663316,1.7487001733102252,1.7611012433392539,1.7257039055404177,1.7449355432780846,1.759047619047619,1.713060057197331,1.7158098933074686,1.6943620178041543,1.6802788844621515,1.6936309645709604,1.6430594900849858,1.6365503080082136,1.6599490878235044,1.6370409792442788,1.6392907647122812,1.5895439377085652,1.5710892432982695,1.5436859675377,1.5366430260047281,1.5325994919559696,1.46929287986298,1.5119228817858954,1.4716740929344367,1.4355293514483465,1.4576989275784455,1.4397728808976613,1.426242868785656,1.4136198716159643,1.4254671881790526,1.4094009489916963,1.3853406326034063,1.37546875,1.3114951768488745,1.2751494023904382,1.2665101262107425,1.4017467248908297
1800.0,90.0,0.8981900452488688,0.5640253565768621,0.6698187549251379,0.808426483233018,0.9077526987242395,0.9496284062758051,0.9495798319327731,0.9293768545994066,0.9067193675889328,0.8826484477042098,0.873147233201581,0.8664217487141808,0.8630819446830441,0.8713611329661684,0.8748610802400534,0.8819151575291491,0.8929353778751369,0.8956888754899005,0.9101344703181371,0.9150976909413855,0.9182341650671785,0.9584095063985375,0.987220447284345,1.026235509456986,1.0588235294117647,1.100229533282326,1.1403212172442942,1.1881371640407785,1.253694832331057,1.3177777777777777,1.3690262306863097,1.4132402379105249,1.4610434068191154,1.5070483941287605,1.5416285452881977,1.5660974067046174,1.5416122715404699,1.569425901201602,1.589391304347826,1.5510846745976208,1.5583184257602862,1.5416055718475072,1.5322461082283172,1.548238897396631,1.5001893222264293,1.496337702390131,1.5223133880328197,1.5019110842888754,1.505879925727254,1.4606741573033708,1.4457909543388876,1.4214017245191244,1.4154512306289881,1.4132927685466885,1.3525504151838672,1.3952110589977784,1.3570719602977668,1.3222416812609457,1.3452566096423018,1.3286472148541113,1.316435432230523,1.305387575590984,1.3184421534936999,1.3044372612400823,1.2820900030202356,1.2741132545115121,1.2196319018404909,1.190623390005152,1.185389809699202,1.310957396635749
20000.0,10.0,0.2977078155205744,0.6181087988316903,0.6822033898305084,0.720291095890411,0.7414123212073431,0.7573435504469987,0.766949887289752,0.7695490277203144,0.7654320987654321,0.7559274755927475,0.7434106065417593,0.7292263610315186,0.714915797914996,0.7001338688085676,0.686293913904008,0.6728665207877462,0.660024154589372,0.6469374167776298,0.6335777126099706,0.6206785137318255,0.607473309608541,0.5729319904945117,0.537841726618705,0.5034709535988309,0.47154095326237855,0.4433080070134424,0.4201990416513085,0.402322340919647,0.3899882903981265,0.38328402366863906,0.3814780168381665,0.38424170616113745,0.3914285714285714,0.40259988529917795,0.41761985884643466,0.43610421836228286,0.4584323040380047,0.4847243297926151,0.5152652005174644,0.5498347107438016,0.5891350210970464,0.6326311552395009,0.6798573369565217,0.7301215092730761,0.7815392753239884,0.832308190352865,0.8799688230709275,0.9216950713956702,0.9551760939167556,0.9939353099730458,0.9944664031620554,0.9702015775635408,0.9365004703668862,0.900296442687747,0.8663801923470432,0.8360690235690236,0.8097703008735038,0.7866990184184405,0.7665615141955836,0.7487645098264567,0.7330523357920619,0.7062894609033511,0.6848591549295775,0.6677507480161311,0.6560398170567662,0.6470751702098096,0.6326420198376916,0.6272563176895307,0.6230065359477124,0.6011185682326622
1000.0,50.0,1.6837874050915587,1.1186256218905473,1.3347964884277734,1.5670103092783505,1.700398406374502,1.7227593415207734,1.6653696498054475,1.5682062298603652,1.4629370629370628,1.3617391304347826,1.282426778242678,1.216711458587833,1.1647982062780269,1.1314168377823408,1.1024106985746964,1.0822981366459627,1.0702610910634685,1.056263023848113,1.0535803705558338,1.0469508904479223,1.0403366221706327,1.0566037735849056,1.0737933785400877,1.1060813900320072,1.1400617919670444,1.1853348729792148,1.2314578005115089,1.2865168539325842,1.3567026194144838,1.4246231155778895,1.481981981981982,1.5295256534365924,1.5819613457408732,1.630952380952381,1.6715808573372646,1.7051070840197693,1.6885485047410649,1.724996886287209,1.7520425366359746,1.720753729390212,1.734475374732334,1.7214912280701755,1.716107568616579,1.7347230154197602,1.6881279184944107,1.6846341814000287,1.7102137767220902,1.6902668057832761,1.6912772111432486,1.64204633805007,1.6237561206760385,1.594191270860077,1.5858835143139192,1.5811333445434672,1.5152957171991843,1.5591549295774647,1.5173997526938703,1.4791963015647227,1.5021120293847567,1.4822801425089067,1.4678726210665158,1.4533307513555382,1.4633950120675785,1.4439868204283361,1.415504858470638,1.401996961146082,1.3049052396878484,1.2525879917184266,1.2435635472006539,1.3919001840867253
200.0,0.0,inf,inf,inf,inf,inf,inf,inf,inf,inf,inf,inf,inf,inf,inf,inf,inf,inf,inf,inf,inf,inf,inf,inf,inf,inf,inf,inf,inf,inf,inf,inf,inf,inf,inf,inf,inf,inf,inf,inf,inf,inf,inf,inf,inf,inf,inf,inf,inf,inf,inf,inf,inf,inf,inf,inf,inf,inf,inf,inf,inf,inf,inf,inf,inf,inf,inf,inf,inf,inf,inf
900.0,30.0,2.231404958677686,1.3646599264705883,1.5925707547169812,1.890520694259012,2.0764969664996045,2.0983004134129537,2.0007215007215007,1.8501927284092092,1.7011397214014352,1.573997482467182,1.4953703703703705,1.446814044213264,1.4220623501199041,1.4271255060728745,1.4332710280373833,1.4473039215686274,1.4701986754966887,1.4800380228136882,1.506066734074823,1.5182012847965738,1.5251554550593556,1.584126984126984,1.6191474493361286,1.661106899166035,1.6860371267150929,1.7188306104901119,1.7425203989120581,1.7692307692307692,1.816,1.8531285908283714,1.8737138524856494,1.8859204148348552,1.90580884054617,1.9259259259259258,1.9384879304006861,1.9463171036204745,1.9032503809040122,1.9224348272762297,1.9341618191433103,1.8870669135149432,1.8894256575415995,1.8662116040955632,1.853021978021978,1.8646214466647903,1.812239221140473,1.8037172627428892,1.8252933507170794,1.8011611030478956,1.8007096392667061,1.7439061089377068,1.7225609756097562,1.6903584672435106,1.678520625889047,1.6736536601096421,1.6039394432687613,1.6482665769101312,1.6047924400944988,1.564663951120163,1.5873293664683235,1.565946814206675,1.5503584229390681,1.5338235294117648,1.5422857142857143,1.520731944714814,1.4895397489539748,1.4740498569677156,1.3659289758106021,1.3069431354068488,1.292557111274871,1.4339622641509433
300.0,0.0,inf,inf,inf,inf,inf,inf,inf,inf,inf,inf,inf,inf,inf,inf,inf,inf,inf,inf,inf,inf,inf,inf,inf,inf,inf,inf,inf,inf,inf,inf,inf,inf,inf,inf,inf,inf,inf,inf,inf,inf,inf,inf,inf,inf,inf,inf,inf,inf,inf,inf,inf,inf,inf,inf,inf,inf,inf,inf,inf,inf,inf,inf,inf,inf,inf,inf,inf,inf,inf,inf
25000.0,40.0,0.9966548968593198,0.48391777509068923,0.4852421533984619,0.49313589387629186,0.4995719178082192,0.5121255349500713,0.525811209439528,0.5366759517177344,0.5431675242995998,0.5463026952315134,0.5477759472817133,0.5484966052376333,0.5495363040036191,0.5519046995680063,0.5551370894847846,0.5591026747195859,0.5633858267716535,0.5672409935108526,0.5702332657200812,0.5723703066781313,0.5732298739088264,0.5700043346337235,0.5609447004608294,0.5480608365019012,0.5346653346653346,0.5220626631853786,0.5120625212368332,0.5051727933083865,0.5011363636363636,0.5,0.5028063610851263,0.5079355608591886,0.5166666666666667,0.5277085330776606,0.5416566046848588,0.5590193704600485,0.5793051359516617,0.6032786885245902,0.6282980574079443,0.658648744251857,0.6892703862660944,0.7208462332301342,0.7524390243902439,0.7800859598853869,0.8083739837398374,0.8294388224471021,0.8446632124352331,0.8570943652410048,0.8628296771013064,0.862958315906873,0.8505084231294582,0.8312883435582822,0.809735269000854,0.7894736842105263,0.7724661849175468,0.7538850038850039,0.7418776161052422,0.7307928703134604,0.7167556029882604,0.7054024255788313,0.6973387460532251,0.680628272251309,0.6648199445983379,0.6532875627145498,0.6441615938018815,0.635968722849696,0.6070087609511889,0.5937846836847946,0.5849629130141605,0.5830828681837699
9000.0,30.0,0.41338983050847455,0.40441309459215047,0.3350220264317181,0.3194891854578923,0.30933931484502447,0.31022427440633243,0.3221335992023928,0.34341917024320456,0.37193675889328065,0.40325331234422146,0.43590609694308396,0.4653942953020134,0.48923232835064606,0.5068493150684932,0.5206611570247934,0.5287671232876713,0.5322227093380096,0.5334309419228892,0.5317887931034483,0.528850710900474,0.5253576072821846,0.5125,0.49798468359532444,0.48322315080454037,0.46931241347485003,0.45780390669448134,0.4512508767827917,0.4480482204362801,0.4500529474055771,0.4582971329278888,0.4702127659574468,0.4884238064094179,0.5114308553157474,0.5357351509250243,0.5694030739902299,0.604647806004619,0.6465034965034965,0.6922915353917244,0.736283185840708,0.8004829459704196,0.8575518969219756,0.9084448160535117,0.97705078125,1.0425043078690408,1.1229668184775536,1.1870824053452116,1.2324598478444633,1.2963311382878646,1.3392015089594467,1.421966762464076,1.4979579929988331,1.5327640006569223,1.5121293800539084,1.5170229612034838,1.5008413967185528,1.4469849809459763,1.4567901234567902,1.4261933904528763,1.3814671814671815,1.3633171258779038,1.3532033426183845,1.3213007159904535,1.2799363057324842,1.260472972972973,1.2424025741866285,1.2212990936555892,0.9936416184971099,0.9044943820224719,0.8790314375826636,0.7612214863870493
700.0,80.0,1.7038327526132404,1.2914285714285714,1.457560975609756,1.5552608311229001,1.549172794117647,1.4783171521035599,1.3795744680851063,1.272785417332907,1.1718084419775396,1.0835235052487449,1.0074034902168165,0.9404809619238477,0.8923563998190864,0.8492563650113436,0.8108938547486033,0.784440344403444,0.7610232245035342,0.7412458532989311,0.7263621794871795,0.7089487402258905,0.6961846443711729,0.678082191780822,0.6698358413132695,0.6706407137064071,0.6698202459791863,0.6870321444297667,0.712443095599393,0.7347907378110168,0.7695958108329243,0.809795617749954,0.8498977505112475,0.8843878015475649,0.9235732009925558,0.967110627888013,0.9897028537805237,1.0280138495435946,1.0351523267492468,1.0524647887323944,1.1188943581976525,1.0937378451964217,1.0887260887260888,1.136344269279932,1.1309106830122593,1.1363426992169507,1.1087654887563103,1.1125827814569536,1.143996013951171,1.1285282258064515,1.1439749608763694,1.1198481561822127,1.111731843575419,1.0943070730304774,1.078443113772455,1.086228287841191,1.045598480050665,1.0693333333333332,1.0666666666666667,1.025938566552901,1.0264474624731952,1.058259587020649,1.0461997019374067,1.0093240093240092,1.0262295081967212,1.0212224108658743,1.0043975373790677,0.989041095890411,0.9601203912716328,0.9444086368030938,0.9557989438685702,1.0868448098663925
9000.0,10.0,0.4594594594594595,0.4148876404494382,0.30823529411764705,0.2642302716688228,0.22628627164106316,0.2008055967776129,0.18931058495821726,0.19162995594713655,0.20525869380831213,0.22899987291904944,0.2579453067257945,0.29079118028534373,0.32661290322580644,0.3561531449407475,0.38110281447444,0.4045201668984701,0.4213520197856554,0.43861867704280155,0.4553411131059246,0.46375701888718734,0.47257809126241546,0.5105517909002905,0.5338665333666583,0.5679251371410132,0.6105569409808811,0.6583554376657825,0.7106834771068348,0.7842724978973927,0.8564418458968469,0.9267061940204365,1.0149321956422368,1.0703194717115831,1.1584802686817801,1.2260600285850405,1.2779291553133516,1.3492208982584784,1.3819163292847503,1.3994845360824741,1.4853236831523924,1.4817046922083512,1.5014150943396227,1.5716463414634145,1.6012002182214948,1.5714285714285714,1.6081409477521265,1.6909698996655518,1.6999297259311315,1.7276119402985075,1.755327545382794,1.7819947043248014,1.8289601554907677,1.852813852813853,1.8588986055306074,1.8400099527245584,1.7912250100630618,1.8701677607585705,1.8600060734892196,1.8004788507581804,1.766967569374791,1.8417342262953824,1.8726731198808637,1.7920433996383363,1.8111374919058925,1.8221810604306552,1.8172448466566113,1.7858102660575115,1.5417970496200268,1.4321236559139785,1.405040504050405,1.4932065217391304
2000.0,90.0,0.851145038167939,0.5376690276883451,0.6385702854094425,0.7674013921113689,0.8578027053777632,0.8924751014385836,0.888265019651881,0.8670360110803325,0.8456269757639621,0.8232931726907631,0.8158978583196046,0.8115799803729146,0.8096058830288406,0.8194517659462309,0.82408236347359,0.8319425901201603,0.8440095994092671,0.8473920130399348,0.8627276765881831,0.8686113789778206,0.8723237597911228,0.9144017494532959,0.944078947368421,0.9836134453781512,1.0160604629192254,1.05779427359491,1.0987654320987654,1.148220064724919,1.2168933428775948,1.283921568627451,1.3401360544217686,1.3883763837638377,1.4406280667320903,1.4896508467489025,1.526952695269527,1.5534979423868314,1.528466808410111,1.5570599613152805,1.5768891131575629,1.5368020304568528,1.5439553304765614,1.5272969374167775,1.5164983164983166,1.5324602953468933,1.48367543738807,1.4797136038186158,1.5070093457943925,1.4869233029679694,1.4913975249019016,1.4463786136151695,1.4322734499205088,1.4081366965012205,1.4033288500336247,1.4014181943964026,1.3401790416008426,1.3838975297346752,1.345481317872262,1.3105497771173849,1.334296724470135,1.3174196093904122,1.305340480444709,1.2955755837771405,1.308842375053396,1.2955243527863098,1.274492099322799,1.2669304165696997,1.2170829478877583,1.190234375,1.186448598130841,1.3077762950382141
25000.0,60.0,0.947178204058938,0.4884931506849315,0.49390625,0.5040406372662203,0.5122885413341844,0.5260924904539669,0.5404045926735921,0.5518543956043956,0.5587341772151899,0.5620036652412951,0.5630068998910543,0.5633802816901409,0.5642809807819749,0.56644963615473,0.5693221830985915,0.5730110775427996,0.5771658060814687,0.580971000325839,0.583548506086315,0.5854166666666667,0.5866604039455143,0.5829666876178504,0.5734778982485405,0.5607260726072607,0.5472378479734603,0.5347261434217956,0.5248105597653385,0.5178515007898894,0.5144485144485145,0.5140918580375783,0.5173217854763491,0.5237489397794741,0.5335192534591869,0.5457989446624273,0.5614601018675721,0.5804743752647183,0.6026281208935611,0.6282383419689119,0.6545672118069406,0.6870781099324976,0.718514219384794,0.7501730103806228,0.7825910931174089,0.8103969754253308,0.8382897661128161,0.859129814550642,0.8733991462113126,0.8856605955478462,0.8915057308839692,0.8925167666784327,0.8823980080444359,0.8659331703341483,0.8468526930564568,0.8287079162875342,0.8134873850506956,0.7959691465538691,0.7854406130268199,0.7750919600630584,0.7612885462555066,0.7507850413930917,0.7432077125328659,0.7272445820433436,0.7113673805601318,0.7001733102253033,0.6909620991253644,0.6827401454267126,0.6477916194790487,0.6302290076335878,0.6187617260787993,0.6129323308270677
400.0,20.0,164.7337901950448,63.758389261744966,38.579952267303106,25.099846390168974,16.6697247706422,11.374752835883026,8.19655290491953,6.3504368155530955,5.275404232943342,4.648279704694247,4.226592309950103,3.94335847314145,3.78639215055493,3.631032171581769,3.4968575418994416,3.4444844989185293,3.3773725344250094,3.32494677762725,3.3233353329334134,3.2654739872506684,3.2277812961790167,3.287173666288309,3.2799043062200957,3.3073047858942064,3.3580901856763923,3.391618096031085,3.4367816091954024,3.5060240963855422,3.5530445699937228,3.5931435963777485,3.670248488918737,3.648881239242685,3.7205987170349255,3.760901162790698,3.749063670411985,3.8072936660268715,3.7887323943661975,3.753282928770394,3.8562728380024365,3.8018906699547887,3.778293918918919,3.859853385079776,3.863476733977173,3.7842360193747244,3.7957998212689903,3.8767948124131544,3.847157502329916,3.84640831758034,3.8432871476349737,3.8018590998043047,3.794425087108014,3.8121118012422364,3.830208891269416,3.7771213748657355,3.748886414253897,3.9474305965741285,3.9339285714285714,3.881779402803169,3.8556316116988176,4.021290322580645,4.153846153846154,4.06937631394534,4.127087872185911,4.166165413533834,4.274258219727345,4.276293823038397,4.4189129474149365,4.856206228579944,4.78880407124682,14.623985967989476
900.0,10.0,16.81933842239186,7.47700394218134,7.133083411433927,7.568710359408033,7.611630321910695,6.9796137339055795,6.007342143906021,5.02648401826484,4.243684042212983,3.6492271105826397,3.268286378909279,2.996987951807229,2.804088095580826,2.685987451449059,2.583732057416268,2.5055502695845226,2.4529526281635303,2.3913405495420483,2.3618175652763647,2.3163159710244914,2.2725676150333682,2.236602260298943,2.191085198420162,2.1691176470588234,2.1335697399527187,2.1157724889068175,2.089062179355633,2.0691090757701915,2.067926130333263,2.0616512179349,2.0407496186533014,2.0175166297117517,2.0069289226642826,2.002271178741767,1.9965485503911642,1.9907084785133566,1.9416041275797373,1.9530328062308238,1.9577600772387158,1.9125301204819276,1.911793372319688,1.8879012345679012,1.8738225086762519,1.881223148850139,1.8342914271432142,1.824716267339218,1.8396080453842187,1.8166107815321124,1.8125,1.7574074074074073,1.7349333333333334,1.7025282409897795,1.691023535851122,1.6845469705391884,1.621712367095691,1.6615827338129496,1.6222990492653413,1.5853094274146906,1.6057007125890737,1.5855719891337157,1.57160157432637,1.555177743431221,1.5611464968152866,1.540356564019449,1.510568031704095,1.49527983816588,1.390076643807987,1.3240566037735848,1.3081489476524555,1.4701170671595811
1000.0,70.0,1.6917378917378918,1.1855265738380074,1.3762935089369708,1.555037313432836,1.6320380650277557,1.614131736526946,1.5370308867485885,1.4344439636520987,1.3300970873786409,1.2298701298701298,1.1489686783804431,1.07908611599297,1.021978021978022,0.9801658449125953,0.944028920468711,0.9160357880247764,0.8956508607671398,0.8751240489579888,0.8639798488664987,0.8506442795782897,0.8385868415485509,0.8353783231083844,0.8378543127095398,0.8570402298850575,0.8829654310703874,0.9216722729456992,0.966027397260274,1.0204207920792079,1.090718771807397,1.1635514018691588,1.2283261802575107,1.2882797731568998,1.3548057259713702,1.4206682894445675,1.4792899408284024,1.5302802802802802,1.5341133166820033,1.5859994531036368,1.630057803468208,1.6136162687886826,1.6405178979436406,1.6393700787401575,1.6428686025990695,1.670831251041146,1.6307157057654076,1.634286681333559,1.666725290186423,1.6500177116542685,1.657402361489555,1.6134328358208956,1.6004948610582412,1.5755046583850931,1.5719424460431655,1.5712236113957778,1.5068521594684385,1.5558194774346794,1.514428292471252,1.4776805251641139,1.5033998186763373,1.4849257884972171,1.4710685954269715,1.458744286745249,1.4705587572037084,1.4520442273077911,1.4247951361353424,1.4119727891156462,1.3223870056497176,1.2702939885914875,1.2596253902185224,1.40625
1500.0,80.0,1.0605473480261565,0.6652849740932643,0.7888507718696398,0.9497954629973968,1.067344791301298,1.1185747663551402,1.1199294532627866,1.094786145692099,1.062723431914202,1.026993865030675,1.0049813200498132,0.9861805351367245,0.9713408393039918,0.968944099378882,0.9633507853403142,0.9621909840038778,0.9658848614072495,0.962010520163647,0.9701965757767914,0.9705277587388622,0.9689578713968958,0.9982471516213848,1.0212201591511936,1.0563610851262863,1.0875557889209766,1.1288568909785484,1.169210782721663,1.2167259786476867,1.2806640625,1.3421778815538101,1.3906000456308465,1.4315169366715759,1.4774377593360997,1.52073606152156,1.5549798503166379,1.5804237541032529,1.5585335797905113,1.5876418663303908,1.6093955321944808,1.5741230972865652,1.5836154366960054,1.5685050294831773,1.5601543318133988,1.5771180304127443,1.5308243727598567,1.5271600437477215,1.5519455987910842,1.5322703113135916,1.535769828926905,1.4894380231167796,1.4744110479285133,1.4488612836438923,1.442504258943782,1.4391095591444785,1.378868258178603,1.421028466483012,1.382841328413284,1.3475836431226766,1.3697115384615384,1.3523341523341523,1.3399209486166008,1.3285859613428281,1.3402116402116402,1.3248373101952278,1.301949860724234,1.2922636103151863,1.2309985096870342,1.195167286245353,1.1896361631753032,1.3211314475873543
20000.0,30.0,0.3842887473460722,0.5679548415110726,0.6092619392185239,0.6348959950325985,0.6488275862068965,0.6613784593689406,0.6697968988862197,0.6724729480073898,0.6695842450765864,0.6618128867855843,0.6515912897822446,0.6404387219837864,0.6296495956873316,0.62,0.6103728813559322,0.6020439061317184,0.5934288121314237,0.5851123595505618,0.5767470881863561,0.5678357175819104,0.5584548477871578,0.5327056491575818,0.5046808510638298,0.47622950819672133,0.4489510489510489,0.4249888442659527,0.40482406356413164,0.38954578226387887,0.3788655077767612,0.37279480037140206,0.37137387719039905,0.37401869158878503,0.38072632328507,0.3912518853695324,0.4051360674587965,0.4229044834307992,0.44432734035957844,0.46963722397476343,0.4982452622079615,0.5314765356734071,0.5682110682110683,0.6082202875075926,0.6512392513909965,0.6948356807511737,0.7395277989337395,0.7805212620027435,0.8166576527852893,0.8479349186483104,0.8704626334519573,0.8923611111111112,0.885515873015873,0.8629914437344308,0.8347183748845799,0.8069708338375893,0.7815746651646013,0.7583128477163928,0.7392572944297082,0.7225315768029336,0.7065141581810573,0.6928459231757818,0.6812290665501675,0.660546282245827,0.6433201581027668,0.6297816450500738,0.6201022146507666,0.6123962564012008,0.5949575871819038,0.5870736086175943,0.5815503332164152,0.5638680505600658
12500.0,90.0,0.21117699003406082,0.6299144373443084,0.7382892057026477,0.7488188976377953,0.7275658248253627,0.7062888735314443,0.686142001710864,0.6683836406716802,0.6526866034524678,0.6385440180586908,0.6260504201680672,0.6147931160746979,0.6045220966084276,0.5949599083619702,0.5859355166285859,0.5770308123249299,0.5683918669131238,0.5593105778979385,0.5497595264520903,0.5398301657905378,0.5300353356890459,0.5026893523600439,0.47377717391304347,0.4449664429530201,0.4177777777777778,0.3935697039013852,0.3731669266770671,0.35738897396630936,0.34594594594594597,0.3390124169794975,0.336328125,0.33738522081329253,0.3422724824986537,0.35056478405315616,0.3619672131147541,0.3768203883495146,0.3951572641038442,0.41726950900415577,0.44174111385668124,0.4719626168224299,0.5054566341183228,0.5429577464788733,0.5852297123228853,0.6297071129707112,0.6808777429467084,0.7323330832708177,0.7826630920464701,0.8353174603174603,0.88420924869523,0.9713256032591664,1.0349730976172176,1.0727805317710681,1.0879261727762113,1.082885431400283,1.0650923402967,1.0398962049951346,1.0097675985180194,0.9808429118773946,0.9500728862973761,0.9200603318250377,0.8942901234567902,0.8454027664768105,0.8023205844434895,0.7678812415654521,0.7417685794920038,0.7203931203931204,0.6606228373702422,0.6337837837837837,0.612584559218297,0.5672151505743557
4000.0,20.0,0.6288815194452819,0.39628378378378376,0.4049355019629837,0.4266274365575579,0.4378396288933068,0.4372031370816304,0.4352251164395377,0.435793731041456,0.44713421146315413,0.45599808061420344,0.480849714648066,0.49585657370517927,0.5116417910447761,0.5299114620722661,0.5382323733862959,0.54521495634986,0.5543437382474614,0.5570904381610188,0.5669234472797304,0.5673076923076923,0.5669431279620853,0.596887736198592,0.6167718665464382,0.6504854368932039,0.6760299625468165,0.721025641025641,0.763743676222597,0.8145052833813641,0.8903547671840355,0.9626509054325956,1.0207253886010363,1.0777673251803073,1.13058244184072,1.18395267147347,1.223606168446026,1.2484433374844335,1.2244367417677644,1.251731069912888,1.2817035450868428,1.2392711579956845,1.2536087605774018,1.245331950207469,1.241580482630602,1.2762306610407876,1.2233953876076689,1.2339012416979498,1.286999689730065,1.2753714827695226,1.3014338112704236,1.283624687834463,1.2949830252734817,1.29656274980016,1.3182207014542344,1.3399909214707217,1.286387187941592,1.3601823708206686,1.3260981912144703,1.2964531498147167,1.3425196850393701,1.3352837916910474,1.329565734681737,1.338152105593966,1.3738255033557047,1.3740350877192982,1.3627019089574155,1.3687451886066204,1.378553270164086,1.3651093282995124,1.3713096889241134,1.4368253968253968
200.0,50.0,2.468411214953271,2.067327550598926,2.5341796875,2.730366492146597,2.6549847338377806,2.4724669603524227,2.255952380952381,2.048463356973995,1.8657670454545454,1.711786755518534,1.5836930455635492,1.4763458401305056,1.3865853658536584,1.3098782138024356,1.2440298507462686,1.1857610474631752,1.1330357142857144,1.0845481049562682,1.0398692121084274,0.9973717289452633,0.9567206627921355,0.860119940029985,0.7682286954948435,0.6804437676745704,0.5979166666666667,0.5231582219459124,0.45797852647167714,0.4028119507908612,0.35760416666666667,0.32163995067817513,0.2946298984034833,0.27421007685738685,0.26117764471057886,0.2539627444174476,0.24986566362170878,0.2513846153846154,0.25534900035075414,0.2629915036554041,0.2707685473123056,0.28067143915082693,0.29118046132971503,0.3033147550601349,0.3130132659507265,0.31923208776139866,0.3291039426523298,0.33472850678733035,0.33785714285714286,0.34121261777959855,0.34199575371549895,0.3418480675255442,0.337122969837587,0.3318550309966619,0.3262928951184147,0.3179074446680081,0.3121443089430894,0.30559038662486937,0.2995691976305869,0.2959466666666667,0.2909140969162996,0.2866704805491991,0.2837557603686636,0.2778972520908005,0.2726650062266501,0.26862113402061855,0.2620253164556962,0.26364892881824464,0.16483091787439613,0.10057002202357818,0.1426283928920133,1.0290421669924603
2500.0,60.0,0.802016806722689,0.5222551928783383,0.6153096050706972,0.7264469244744355,0.7977852672123255,0.8185419968304279,0.8090141515043406,0.787336316923587,0.768236582694414,0.7479224376731302,0.7429349676540687,0.7369486038041279,0.7331433998100665,0.7393675027262814,0.739938080495356,0.7430555555555556,0.7498459167950693,0.7490179333902647,0.7596261682242991,0.7613277670298341,0.7611874169251218,0.7925539038435784,0.8134600158353128,0.844964095010127,0.8709744876620661,0.9093935790725327,0.9489304812834225,0.9997010463378176,1.0727272727272728,1.1473130402104472,1.2122719734660032,1.2725606962895097,1.3369619000494803,1.3965793693212185,1.4431171786120591,1.4752829064919595,1.4553903345724908,1.4859872611464968,1.5103678929765887,1.469676549865229,1.4785318559556786,1.4625801853171774,1.4533622559652928,1.4740406320541761,1.4233630952380953,1.421934501142422,1.4549082202713488,1.4367445608380338,1.4454621149042464,1.4057093425605536,1.3969669937555753,1.3771849126034958,1.3751196172248803,1.377601585728444,1.3165605739112862,1.3644067796610169,1.3257130648434996,1.2903923051983142,1.3168261114237478,1.3008317929759705,1.2888578414250786,1.2796722496686348,1.2944290395765061,1.282397198080166,1.2618347151644824,1.2552486187845304,1.2045327884079509,1.1743882157282015,1.168384879725086,1.2592307692307692
2500.0,70.0,0.7952976301548796,0.5172732210755024,0.6079112655352131,0.7158283603296391,0.7836842105263158,0.8012110726643599,0.7889753566796368,0.7648970747562297,0.7442193087008343,0.7225903614457831,0.7165062916358254,0.7102022867194371,0.7069143446852425,0.7132701421800948,0.7139973082099597,0.717811320754717,0.7256281407035176,0.7261152416356877,0.7374148276212753,0.7402726970402395,0.7412233079985523,0.7753284671532846,0.7990670352453352,0.8335343787696019,0.8620374600274098,0.9025467775467776,0.9438924605493864,0.996078431372549,1.06993006993007,1.1449691991786448,1.211146352514726,1.2717717717717718,1.3354943273905997,1.394982497082847,1.441961514587213,1.475292587776333,1.4543610547667343,1.4850590687977763,1.5094890510948906,1.4691176470588236,1.4780966767371602,1.4618973561430793,1.4526813880126184,1.4725184577522559,1.4217356042173561,1.4210963455149501,1.453437771975631,1.4345917471466199,1.4450499545867392,1.4047169811320754,1.3959143968871595,1.3762664259203532,1.3750261014825642,1.3772972972972972,1.3158474763059291,1.3635313149988444,1.3248659986017246,1.2897901438340014,1.3161448741559238,1.2994706327199395,1.288109756097561,1.2796476465947937,1.294732498968505,1.2822363765038924,1.2618213660245183,1.2552004823635816,1.2049878345498783,1.175051867219917,1.1691153485464207,1.2592281879194631
200.0,40.0,1.1752464403066814,0.5778923253150057,0.6552,0.7406866325785245,0.7735442127965493,0.756926952141058,0.7197989949748744,0.6838824577025824,0.6575174108971733,0.6394666666666667,0.6318121693121693,0.6229133858267717,0.6189827429609447,0.61303503932986,0.608941070219011,0.6008594229588704,0.5950587924428591,0.5902149321266968,0.5810567397178025,0.5796390120329322,0.5748005319148937,0.5656041512231282,0.5592503022974608,0.5454153182308522,0.5405714285714286,0.5293835452146798,0.5199600798403193,0.5231650182196773,0.5135208220659816,0.5108816964285714,0.5112456747404844,0.5045790251107828,0.5059288537549407,0.4987631416202844,0.4893953782842672,0.491131892937762,0.4905104712041885,0.47466048360384233,0.4726234464225731,0.467005076142132,0.45160179125043054,0.4568935427574171,0.4481664315937941,0.4347672778561354,0.4266429840142096,0.43407192154013796,0.42503639010189226,0.40512820512820513,0.4021339220014717,0.38684503901895206,0.3749066467513069,0.3585142857142857,0.35125920185974435,0.34021571648690296,0.32475480580619853,0.32767602767602766,0.3150813008130081,0.3090086384204031,0.30394354503943544,0.294177645558861,0.2958351600175362,0.2918238993710692,0.27995402298850575,0.2732673267326733,0.2760956175298805,0.2734262125902993,0.20523903077930583,0.19290780141843974,0.1402052849967242,0.0030759615384615383
4000.0,30.0,0.6504780114722754,0.3948090555682598,0.39704006124011226,0.4146095717884131,0.4240402193784278,0.42452248921749847,0.4251949317738791,0.42929475587703436,0.4435923829130211,0.454965034965035,0.48204651162790696,0.49812250645388406,0.5150713130421997,0.5337586390217969,0.5424121237634182,0.5493026669929043,0.5581330352152041,0.5608346709470305,0.5702005730659025,0.5703497615262321,0.5696649029982364,0.5987858719646799,0.6176628609805238,0.6503215434083601,0.6748603351955307,0.7182483346074042,0.7592964824120603,0.8082093821510298,0.8819066468744846,0.9514200298953662,1.0066472787702534,1.0608453320947515,1.1113065326633167,1.1623838162930562,1.200467562828755,1.224164366758663,1.2007684918347743,1.2271376691977551,1.2576557550158396,1.215679318907414,1.2306558585114222,1.2228198232808298,1.2192534381139488,1.2540675844806008,1.2023907666941467,1.2125107112253641,1.2648549055734684,1.2541099107562237,1.27998017839445,1.2625994694960212,1.2740033688938799,1.275595238095238,1.2963671128107075,1.3188896411645228,1.264933239634575,1.338124054462935,1.305019305019305,1.2753164556962024,1.3204373423044575,1.3134851138353765,1.3081032947462155,1.3154425612052731,1.3506441223832528,1.3508106969888398,1.3403199117484832,1.346220627387429,1.353178077394502,1.338686481303931,1.3445454545454545,1.407079646017699
1600.0,10.0,1.0500242836328315,0.5930513278051852,0.68,0.832291074474133,0.9629419764279239,1.0349580503395925,1.0546205144490315,1.045939675174014,1.0349428208386278,1.030502885408079,1.0440691927512356,1.0652712410205598,1.1007141816061798,1.1364016736401674,1.1786928598413298,1.2214060860440714,1.2605698529411764,1.2923654568210263,1.3302850995158688,1.3506605399195863,1.3666666666666667,1.4411764705882353,1.4986269125147116,1.5482475118996106,1.5935453695042094,1.641232945932289,1.6891527253103076,1.723112128146453,1.781230956733699,1.819703799098519,1.8597437626432907,1.9284195605953225,1.9142228739002933,1.9664634146341464,1.9638364779874213,1.9590032154340835,1.955701394585726,1.9700748129675811,1.993138936535163,1.913304721030043,1.9223385689354275,1.92,1.900626678603402,1.9199632014719412,1.86,1.8709677419354838,1.8334919124643196,1.8110687022900764,1.8801169590643274,1.8067729083665338,1.7938081748280048,1.7592592592592593,1.7634022794428028,1.7306862321968062,1.6906631762652704,1.7142857142857142,1.6623229461756375,1.6316989737742302,1.69314036945523,1.6948745648781658,1.6094032549728752,1.6130628401781297,1.627131683549173,1.6233936532913715,1.6064472800537273,1.5703846684130705,1.5013141755738566,1.4578054541550354,1.4450025113008538,1.5995130858186244
12500.0,80.0,0.2112186646810623,0.6299522039298991,0.7379052369077307,0.7489394523717702,0.7273684210526316,0.7061611374407583,0.685678391959799,0.6681465038845728,0.6525363181709931,0.6384742951907131,0.6259300300775684,0.6145982783357246,0.6044310171198388,0.5948372615039281,0.585820895522388,0.5769969805105682,0.5682367149758454,0.5591255382577012,0.5496736765772299,0.5400475812846947,0.5296665223040277,0.5026372443487621,0.47368421052631576,0.44493827160493826,0.4177651591969175,0.3933424760004987,0.3730292361855197,0.35706235912847484,0.345710332103321,0.338718820861678,0.33597072150575114,0.3369527896995708,0.3419354838709677,0.35003261578604045,0.36122284794851167,0.3761668321747766,0.3943368472664869,0.416301224860124,0.44089635854341735,0.47106109324758844,0.5042348955392434,0.5417388292344995,0.5841081994928149,0.6287332646755922,0.6800494132180358,0.730820399113082,0.7815859030837005,0.8343292808572017,0.8834311728764825,0.9708933271404242,1.0347776510832383,1.0726867335562988,1.0880487185993402,1.0826099131895828,1.064748201438849,1.039152759948652,1.009,0.9800068941744227,0.9488103821196827,0.9186870570682582,0.8927890118275468,0.8431845597104946,0.8004246284501062,0.7654375832963127,0.7397769516728625,0.7185832120329937,0.6589358799454298,0.6320035460992908,0.6111521808005069,0.5660665242599939
20000.0,20.0,0.32653137918075914,0.5900076277650649,0.645385587863464,0.6782959641255606,0.6972825442031565,0.712844451136877,0.722994256068186,0.7263017356475301,0.7232704402515723,0.714849681141816,0.7038581856100105,0.6910953506698188,0.6781914893617021,0.6661706349206349,0.6546961325966851,0.6433394720687539,0.6328114363512594,0.6221552373775433,0.6111666666666666,0.6002764976958526,0.5889183133020982,0.5586468129571578,0.5266677813074737,0.4947683109118087,0.4647810715257003,0.4383419689119171,0.41632385120350107,0.3992801771871539,0.38759635599159076,0.3809228039041704,0.37882194244604317,0.38134626354820306,0.3878623188405797,0.3982953236581433,0.4126099706744868,0.43033246171087036,0.45169128156264887,0.47706812652068126,0.5062111801242236,0.5398414271555996,0.5772675665447206,0.61856,0.6633703329969728,0.7099621689785625,0.7574719800747198,0.8037135278514589,0.8458748866727108,0.8823842469398616,0.9099816289038579,0.9396485867074102,0.935226264418811,0.910850439882698,0.8786549707602339,0.8457749562171629,0.8153933220147142,0.7885980221058755,0.7654703708119709,0.7453658536585366,0.7276351856466484,0.7120518688024409,0.6981865284974094,0.6746405053084263,0.655849582172702,0.6407669021190716,0.6304801670146137,0.6224961479198767,0.6106425702811245,0.6060453400503778,0.6025753585016096,0.5845829823083404
1500.0,90.0,1.0615748227391466,0.6656039674105562,0.7893485915492958,0.9510516252390058,1.0697506324539212,1.1218335343787695,1.1240875912408759,1.098009188361409,1.0663523071741328,1.030958439355386,1.0095607235142119,0.9911531421598536,0.9769911504424779,0.9754329440193314,0.9705882352941176,0.9693467336683417,0.9734806629834254,0.970321017565112,0.9789750328515112,0.9787234042553191,0.97782874617737,1.0081521739130435,1.031371723339299,1.0669960236173033,1.097933270295826,1.1392328601630928,1.1790298383063844,1.2260536398467432,1.2897158863545417,1.350640886378449,1.3985067662155857,1.438675696012039,1.4837172359015092,1.5266255605381165,1.560187903699354,1.585514303104078,1.5626373626373626,1.591712174751044,1.6131191432396252,1.5776879002359285,1.5866942433643572,1.5718827269516071,1.5632142857142857,1.5798009583486914,1.533381977380518,1.530066815144766,1.5546153846153845,1.534982605334364,1.5381875741986546,1.4920892494929006,1.4766432410086814,1.4513274336283186,1.445359930615785,1.4422222222222223,1.3816381638163817,1.424029920523609,1.3854460093896714,1.3500473036896878,1.3729809104258444,1.3558558558558558,1.3425553319919517,1.3314344899016053,1.3432112068965518,1.3274434014356709,1.3045944412932502,1.295971978984238,1.2336874051593323,1.1988636363636365,1.192588433464346,1.3244846088675515
800.0,0.0,54.92160278745644,22.97887323943662,16.603595080416273,12.493406013715491,8.983321909984006,6.275880613068029,4.471715055372643,3.3451498549790526,2.6776293251113397,2.2464028776978417,2.0022641509433963,1.8286494925839187,1.706288032454361,1.6307435254803675,1.5612903225806452,1.5083848190644307,1.4720216606498195,1.4317548746518105,1.4115421002838222,1.3828351012536162,1.3559822747415067,1.3401955738548637,1.319593147751606,1.3146503884572698,1.3001705514496873,1.2987089201877935,1.2890625,1.2832618025751072,1.29174543163201,1.2949130714745654,1.287958115183246,1.2793034159410583,1.2772881355932204,1.2804709141274238,1.2818886539816772,1.2819414703783012,1.2530730296456978,1.2642335766423358,1.274024024024024,1.245311327831958,1.248097412480974,1.2378001549186677,1.230709275136399,1.2420127795527156,1.2091554853985793,1.206070287539936,1.2226787181594083,1.2090534979423868,1.2112321877619447,1.1797274275979557,1.1699741156169112,1.152972027972028,1.153225806451613,1.1556776556776556,1.1166666666666667,1.1548076923076922,1.1303088803088803,1.1089494163424125,1.1319234642497482,1.1243822075782537,1.1177872164094065,1.1147855771282271,1.1291038154392192,1.1206543967280163,1.1053918714335624,1.1002988643156006,1.0702356099015806,1.0513876454789617,1.0567331670822944,1.2432697014194811
900.0,0.0,24.38095238095238,10.891700092564024,9.732349841938882,9.40423830467813,8.459037711313394,6.961922030825023,5.475787334913647,4.307491856677524,3.5066993228641405,2.954650982819997,2.6222513948145716,2.38851870835469,2.2202486678507993,2.116614878450009,2.0225352112676056,1.9523443504996156,1.9041364438345423,1.8495077355836849,1.8224356354720066,1.7833852544132918,1.7457197209892201,1.71585178688884,1.6785795068988916,1.66038613631077,1.633909542978925,1.6200290979631427,1.5989146521953626,1.5829372029021767,1.5826952526799387,1.5781695618356235,1.5624016780283168,1.544290288153682,1.5364541296744687,1.5332239540607056,1.5282548476454294,1.523489932885906,1.4856013551665725,1.49375,1.4975297878523686,1.4620069605568446,1.461290322580645,1.4432223543400713,1.4321098179647866,1.4374809857012474,1.401022864019254,1.393746205221615,1.4051536789816828,1.3864059590316573,1.383695310040919,1.3405474220241884,1.3230670516522296,1.2983818770226536,1.2907053394858272,1.2864321608040201,1.239702903443619,1.2724425887265136,1.2433751743375174,1.216187806587246,1.2343186733958182,1.2209985315712188,1.210759027266028,1.2009803921568627,1.2083333333333333,1.1936507936507936,1.1719951436665317,1.1612236461347665,1.0882936507936507,1.0447934845840605,1.0338870431893687,1.1670935663703481
1000.0,60.0,1.7471083070452156,1.207837392418971,1.4336803983703033,1.6607806691449813,1.779702565778722,1.7882562277580072,1.7212996389891697,1.6176329659798754,1.5060532687651331,1.3973509933774835,1.3066202090592334,1.228864734299517,1.1646033929390187,1.1167310167310167,1.075579730890352,1.0432791028273574,1.0190410247533321,0.9950804162724692,0.9810933004521167,0.9655018918317383,0.9509143407122232,0.9425021670037561,0.9407939767282683,0.9571314102564102,0.9806183664051684,1.0185087255420413,1.062874251497006,1.118279569892473,1.1897590361445782,1.2637729549248748,1.3315018315018314,1.3912259615384615,1.4584230934941835,1.5223431349849503,1.5788825990647304,1.627215108006726,1.627027027027027,1.6752901692071038,1.7126504255943646,1.694510739856802,1.7157765500306936,1.7103600758054327,1.711032713277742,1.7348798674399337,1.6930171277997366,1.693494299128102,1.7203816131830008,1.701778862922916,1.7059557774607703,1.658091589126072,1.6414394360971991,1.6131648434552999,1.605843653250774,1.6020973486347447,1.5359071814362872,1.5809326424870467,1.538893510815308,1.5007329842931938,1.5241185377460524,1.504307488402916,1.4900088809946714,1.4753537197626654,1.4854230860393458,1.4660194174757282,1.43714214588001,1.4237461617195497,1.3258943222842139,1.2718052738336714,1.2610364683301343,1.4075580004783543
1000.0,0.0,10.520628683693516,4.858707170611091,4.76730543605788,5.208298755186722,5.4217803324530065,5.166959578207381,4.615934262236513,3.9903492647058822,3.45789763346175,3.0356919223544145,2.7624309392265194,2.562869822485207,2.4180392156862744,2.3316953316953315,2.252551020408163,2.192105263157895,2.152115211521152,2.102873030583874,2.0793950850661624,2.0433526011560694,2.005893909626719,1.979347714957571,1.9426818950930627,1.9260954872465663,1.8990438069824327,1.885759890548398,1.8645446096654275,1.8471337579617835,1.8485067437379576,1.8450048971596473,1.8273042616451933,1.8075176589303734,1.7989821882951653,1.7953692924589315,1.7905361122034342,1.785572468563865,1.7417457559149847,1.7529934077761335,1.7572588413375534,1.715895040527545,1.7155160438949855,1.6936505701816134,1.6808029403449252,1.6878062842317672,1.6450463292943691,1.6371745072651418,1.6514571680894907,1.6298586572438163,1.6278375149342892,1.5782312925170068,1.5584019518145775,1.5303892906601015,1.5202819107282695,1.5142357245108955,1.4576461168935149,1.4927560092196246,1.4572276248557772,1.424056915949702,1.4416709118695874,1.4233690024162926,1.410349601938387,1.395159865748101,1.399854466072403,1.3809700111069974,1.3539505940033942,1.3409703504043127,1.2481600735970562,1.1908602150537635,1.1765970515970516,1.3223776223776225
400.0,30.0,5.117960426179605,2.689779147406266,2.969641930461858,3.3201692524682653,3.371369294605809,3.1403940886699506,2.8010168708111856,2.4884655454680757,2.246989034693511,2.0773046713517984,1.946580704582086,1.8399002493765584,1.7822838847385272,1.7113924050632912,1.6424992631889181,1.6188285801901257,1.5814544299777709,1.5428194993412383,1.5279566248729242,1.488695652173913,1.4642857142857142,1.4475867269984917,1.4174221521482067,1.3977086743044191,1.3713806126731012,1.35377969762419,1.3474613686534216,1.3297345928924877,1.3178258866881623,1.3136150234741784,1.3076190476190477,1.2891156462585034,1.2794695481335954,1.290145072536268,1.2604060913705584,1.26129363449692,1.2407887908666322,1.2132775744903292,1.251740760578468,1.2134831460674158,1.1824580400649702,1.198791872597474,1.1802646085997794,1.172200337647721,1.14293659621802,1.1336327905670973,1.141298104537622,1.1223434807581851,1.122306348281887,1.0901060070671378,1.0736342042755345,1.0394973070017952,1.023170731707317,1.0185873605947955,0.9769038701622972,0.9967824967824968,0.9851708575112832,0.949481865284974,0.948,0.970788043478261,0.9604635310156784,0.9231843575418994,0.9307359307359307,0.9227373068432672,0.903831705484598,0.8847926267281107,0.8211808809746954,0.7912670653277671,0.797926083488434,0.9053333333333333
1100.0,0.0,5.0856888493211665,2.412396694214876,2.4853358561967833,2.8619246861924688,3.167976830781961,3.245526127415891,3.118149934239369,2.8850522489777375,2.64745697157223,2.4367015098722415,2.3018211033743974,2.204105920856888,2.1374269005847952,2.1077136900625435,2.0753676470588234,2.053138236426646,2.040367705835332,2.0145288501452887,2.009816474605207,1.9868766404199476,1.9632122027815164,1.9612659423712802,1.943759250123335,1.9425935417734495,1.9278947368421053,1.9255839217816404,1.9126807563959956,1.90414066931367,1.9133216986620127,1.917458432304038,1.9053646775165762,1.8910098522167487,1.8861232109520847,1.8876903553299493,1.8853831294269157,1.8840390879478828,1.8405797101449275,1.8526874585268747,1.8606390210740993,1.8180583842498304,1.8192439862542955,1.799163179916318,1.7857142857142858,1.7968526466380543,1.7510608203677511,1.7435714285714285,1.7626373626373626,1.7419354838709677,1.740878629932986,1.6918429003021147,1.6748091603053434,1.646604938271605,1.6375786163522013,1.6344,1.573730862207897,1.613598673300166,1.5755813953488371,1.5404503753127607,1.5612682090831191,1.5409407665505226,1.527972027972028,1.5125,1.5179392824287028,1.4985941893158388,1.4689589302769819,1.4546341463414634,1.3572101790763431,1.2960855080510827,1.2797770700636943,1.429616087751371
25000.0,70.0,0.9406153846153846,0.4887255888866519,0.49492342109791776,0.5052070104140208,0.5135135135135135,0.5277389277389277,0.5420420420420421,0.5534690799396682,0.5601851851851852,0.5636241760697129,0.5645418326693227,0.5649867374005305,0.5658492279745686,0.5678001679261125,0.5709117221418234,0.5747792494481236,0.5787488211254322,0.5820842255531763,0.585050505050505,0.5869465997261525,0.5879629629629629,0.5843771507226428,0.575068493150685,0.562296858071506,0.5487535500157779,0.536324346573369,0.5265829548490516,0.5198481187435278,0.5164444444444445,0.5165148063781321,0.5203488372093024,0.5265004616805171,0.5369440877786856,0.549639652890131,0.5657142857142857,0.5853042479908152,0.6077929465301479,0.6341378104232249,0.6606451612903226,0.6932642487046632,0.7249533291848165,0.7572168763878608,0.7892918825561313,0.8163265306122449,0.8444968024234265,0.8649566201433422,0.8789117564138709,0.8910393172813167,0.8966429634529519,0.8981258118389311,0.8883299798792756,0.87245880590627,0.8542519326966803,0.8370033508855912,0.8220402084884587,0.8050380477564943,0.7947751144626987,0.7849223946784922,0.7713787085514834,0.7609417446423181,0.7537843682421995,0.7380327868852459,0.7222222222222222,0.710923133504965,0.7018970189701897,0.6932465419039869,0.6567616737416616,0.6391125718981101,0.6261256703430133,0.6192645623169541
2000.0,80.0,0.8513665293897417,0.538169548713623,0.6392454807440399,0.7682232346241458,0.8584987057808455,0.8931863365262968,0.8894693428649987,0.8679318357862122,0.8463917525773196,0.8239528795811518,0.8164251207729468,0.8115052732502397,0.8094543004715922,0.8188256502704094,0.8231520629829421,0.8307240704500979,0.8423520923520924,0.845679012345679,0.8608034744842562,0.8668081093823669,0.8700536124585142,0.9116748166259169,0.9409660107334525,0.9806504734458625,1.0125,1.0546021840873634,1.0951557093425606,1.144853875476493,1.213633169360506,1.2821896684656902,1.3366750208855471,1.3865698729582576,1.4391891891891893,1.488223799238918,1.5253870304211323,1.5526552655265526,1.528084661007094,1.5557671705749316,1.5763975155279504,1.5371157210697326,1.5434782608695652,1.5263571990558615,1.516116195781934,1.5326564215148188,1.4830393487109905,1.4797400082976075,1.5074798619102416,1.4862518089725036,1.4910063921510333,1.4464176362522965,1.4321954274976512,1.408078217663087,1.402980132450331,1.4011241696474195,1.3402489626556016,1.3836727338259145,1.3452963567156062,1.3102249862813242,1.3337127679757161,1.3172721973965418,1.3049853372434017,1.2950786607503026,1.3085822465292385,1.2953121624540938,1.2740609024227607,1.2667277726856094,1.2167577413479054,1.1903846153846154,1.1862925482980682,1.307774991042637
9000.0,40.0,0.4081702321347292,0.4268292682926829,0.3764747191011236,0.37847419171866137,0.3859606509594365,0.40280409245926485,0.4272626931567329,0.4552932216298553,0.4851885552522495,0.5123934934159566,0.5370073694328741,0.5562415589426973,0.5697727272727273,0.5776088096486628,0.5826112936958471,0.5831932773109244,0.5803070011231748,0.5759336099585062,0.5697302240512117,0.5620291310899046,0.5539647577092511,0.530970406056435,0.5065924657534246,0.4821068280768822,0.45930690469939617,0.43954619124797406,0.4247150569886023,0.41392031480570585,0.4084165909778989,0.4086502609992543,0.413507326007326,0.4235758601240835,0.4382006920415225,0.45508474576271185,0.4792708333333333,0.5061068702290077,0.538533250466128,0.5755287009063444,0.6126809097174363,0.6654626285079188,0.7160535117056857,0.7651273885350318,0.8282876064333018,0.8904573687182383,0.9679738562091503,1.034927866362946,1.0860403863037753,1.1550695825049702,1.205211726384365,1.3031761308950915,1.3902319503430252,1.4361840879448482,1.4295412466570665,1.4370319945541183,1.4244986711766128,1.3762528912875867,1.3807327001356853,1.35170677112479,1.3088192206270144,1.288031833486379,1.275992438563327,1.2408587722240858,1.1986472054111783,1.176249530251785,1.1563737133808392,1.13488759367194,0.9342347879532883,0.8546511627906976,0.8285479057322218,0.7174810736407432
25000.0,30.0,0.9462255902069368,0.49324639031206335,0.49794140934283454,0.5066418084362619,0.5135830252371002,0.5264618011096884,0.5398570643210555,0.5505695547117708,0.556639796351294,0.5593654042988742,0.5598904443091905,0.5597997138769671,0.5605833333333333,0.5623314065510597,0.5651018600531443,0.5686597415758804,0.5723978634329435,0.5758321036235449,0.578644382544104,0.5804489196559681,0.5811258278145696,0.5776299112801014,0.5677609427609428,0.5542222222222222,0.5397520058351568,0.5263107721639657,0.5151966257288177,0.5069109611057537,0.5017638514214567,0.499466097170315,0.5005131713992473,0.5043706293706294,0.5118464961067853,0.5217360621030346,0.5347903657448706,0.5510387422796182,0.570402703463813,0.5931846126822413,0.6179750710693199,0.6474858833019629,0.6783952647155541,0.7096774193548387,0.7423954372623575,0.7716535433070866,0.8005164622336992,0.8232695139911634,0.8401332223147377,0.8532967032967033,0.8601181535996796,0.8602874087591241,0.8465852442671984,0.8253947193843705,0.8019052956010086,0.78007326007326,0.7612844592547713,0.7419405815423514,0.7287173666288309,0.7164502164502164,0.702193815857661,0.6906372374510502,0.6820746132848043,0.6648162327718223,0.6488503428801936,0.6372652458324541,0.6281429201588001,0.6203085424821552,0.5971363488447771,0.587152034261242,0.581095041322314,0.5810964698226777
400.0,70.0,1.7801946193474527,1.566750629722922,1.7764227642276422,1.866938775510204,1.846919870310329,1.7769981696156192,1.682567049808429,1.5745125348189415,1.4650907091808687,1.3585086042065009,1.2614092734574662,1.174002468120115,1.0987540378403322,1.033794162826421,0.9779536461277558,0.9298572315332092,0.888135593220339,0.8516320474777448,0.8196457326892109,0.7906631762652705,0.7643330179754021,0.7099736026626879,0.6680927408225228,0.6369175037049234,0.6189831819060506,0.6071347421040673,0.6061165304508305,0.613705275924803,0.6241258741258742,0.6410051854806542,0.6633707865168539,0.6844783715012722,0.7102593010146562,0.7328292375551355,0.7552155771905424,0.7778620166793025,0.7978635990139687,0.8176056338028168,0.82909796314258,0.8467131172372009,0.8576504791644234,0.8660386029411764,0.8749251944943148,0.8779578189300412,0.886700141624823,0.8888888888888888,0.8867815259881279,0.8887246933648588,0.8865755127408328,0.8836327674303609,0.8795159896283492,0.8736422881969588,0.8659099653712967,0.8585633116883117,0.8527066722618547,0.8437217705510389,0.8396226415094339,0.8347477604903348,0.8270828089604833,0.8215319821005529,0.8184012875536482,0.8097281831187411,0.800865800865801,0.7938682322243966,0.7871167757492249,0.779839883551674,0.712893982808023,0.6780096308186196,0.6668056279312141,0.6525533290239173
1000.0,20.0,2.8516700586615586,1.5409318241642538,1.71455938697318,2.0400518657254,2.290192694851884,2.3698284561049445,2.3092783505154637,2.1771805966750173,2.037121557888331,1.9167465950508344,1.8500231803430691,1.8146052277014282,1.803675344563553,1.824209452567154,1.841635687732342,1.8648757016840416,1.8932080307560872,1.9047186932849365,1.9337779895188185,1.9427575908412145,1.945511157239232,2.002267573696145,2.0298598415600244,2.066104990278678,2.0814111261872457,2.1052631578947367,2.1167775314116777,2.13302752293578,2.168387609213662,2.1934426229508195,2.1991596638655464,2.20103986135182,2.208994708994709,2.2224231464737794,2.2306273062730626,2.2350187265917603,2.185009487666034,2.2049808429118776,2.217305801376598,2.1660117878192535,2.1703187250996017,2.145818586308019,2.1315307989428747,2.145307140629872,2.090012330456227,2.082077922077922,2.1064419795221845,2.0813754805638616,2.081885317115552,2.023166023166023,2.001338688085676,1.9688417249943553,1.9589767227471768,1.9547107825882906,1.8807665010645849,1.9307232589340164,1.8841642228739004,1.8413945494721335,1.8663972723828766,1.8436616096682952,1.826625386996904,1.8091844813935076,1.8184296619411122,1.7934102599749757,1.7591935254862985,1.7407730310956118,1.6170365068002863,1.5426855426855426,1.5215120616762,1.6866902237926973
17500.0,90.0,0.22105263157894736,0.6225283971392511,0.6706135629709364,0.6974398758727696,0.709210072438772,0.7199471598414795,0.7263329706202394,0.7296587926509186,0.7276958882854926,0.7223826714801445,0.7138420126307071,0.7040780350217417,0.6935995768315261,0.6829664647658443,0.6722495894909688,0.6611525177240501,0.6498796147672552,0.638232044198895,0.6260024301336573,0.6130237523352015,0.5995899238429994,0.5631675874769797,0.5242047026279392,0.48431935669155657,0.44689950106913756,0.4131277533039648,0.38534407665505227,0.3635751783550949,0.34773182121414276,0.337893864013267,0.33350568769389866,0.3339805825242718,0.3394394800974817,0.34872188139059307,0.36204896907216494,0.37934959349593494,0.4006160164271047,0.42614446894047464,0.45503774204135217,0.49007444168734493,0.5287685498568081,0.5715218811234487,0.6184477854530679,0.6673376950176145,0.7205613178767541,0.7701908957415565,0.817002629272568,0.8603846545232523,0.8962330369677117,0.9446140427387701,0.9613821138211383,0.9549990585577104,0.9360310647864296,0.9126466753585397,0.8889895786135025,0.8650963597430407,0.8453079178885631,0.8275169470248557,0.809188201513965,0.7933261571582346,0.7805883970305196,0.7563583815028901,0.734855403348554,0.7182829888712242,0.7060777150448356,0.6958780741253897,0.6605681271064034,0.6429906542056075,0.6305699481865285,0.5962532299741602
900.0,40.0,1.7949471210340775,1.1516689439781378,1.3711767755313633,1.6169563175199624,1.7532887145165013,1.7552166934189406,1.6649810366624527,1.5357798165137615,1.4105762035420304,1.3032734274711169,1.2354921766686473,1.1916745061147695,1.1670305676855894,1.1675425038639877,1.1689655172413793,1.1779210925644916,1.1942268041237114,1.2016092981671882,1.2229665071770335,1.2330443651198368,1.2394366197183098,1.292155651636813,1.3252929014472778,1.36535552193646,1.3905614320585842,1.4243219597550307,1.4506517690875234,1.4812992125984252,1.5282565548939726,1.5692747881589084,1.5940696471669924,1.6108836985311823,1.63374332215182,1.6555011594949756,1.6706443914081146,1.6795340647433292,1.642512077294686,1.659443590102055,1.6712328767123288,1.6291486291486292,1.6302594927429996,1.6094356524335622,1.5960324616771866,1.6062895020810852,1.5600243753808654,1.5511653032875443,1.5697933227344991,1.5476418100701084,1.5458827350982622,1.4940436796823295,1.4736665548473666,1.4433480775774072,1.432328862567497,1.4251422475106685,1.363146551724138,1.4007434944237918,1.3612301957129542,1.325145321582599,1.3443670150987224,1.3249703674436981,1.3113713038301251,1.2963717896453322,1.3038510368176048,1.2854667533030106,1.2591605596269153,1.2464065708418892,1.1611957796014067,1.1185454545454545,1.1134109529969816,1.2576020851433536
384399.0,90.0,1.0,1.0,1.0,1.0,1.0,1.0,1.0,1.0,1.0,1.0,1.0,1.0,1.0,1.0,1.0,1.0,1.0,1.0,1.0,1.0,1.0,1.0,1.0,1.0,1.0,1.0,1.0,1.0,1.0,1.0,1.0,1.0,1.0,1.0,1.0,1.0,1.0,1.0,1.0,1.0,1.0,1.0,1.0,1.0,1.0,1.0,1.0,1.0,1.0,1.0,1.0,1.0,1.0,1.0,1.0,1.0,1.0,1.0,1.0,1.0,1.0,1.0,1.0,1.0,1.0,1.0,1.0,1.0,1.0,1.0
20000.0,60.0,0.40178041543026705,0.5553366174055829,0.5917380491848577,0.6162420382165605,0.6298372030958099,0.6434693177922524,0.6528784648187633,0.6570098292809105,0.6558082360172096,0.6499641062455133,0.6416390728476821,0.6323251417769377,0.6225526907028993,0.6135050553683197,0.6050431499460626,0.5968980575214576,0.5890640724589065,0.5810180868916651,0.5728778467908903,0.5642085917757869,0.5551311433664374,0.5299145299145299,0.5021150592216582,0.4741585233441911,0.44746703678001387,0.4237842617152962,0.40467625899280574,0.3900769888793841,0.38037585833032167,0.37545787545787546,0.3751812119454914,0.37913299044819987,0.3876163873370577,0.39958702064896756,0.4154708520179372,0.43509933774834436,0.45858271486712954,0.4862371445856019,0.516727203211623,0.5529157667386609,0.5916466346153846,0.6332710280373832,0.6775528978840847,0.7202247191011236,0.7652173913043478,0.8034727703235991,0.8367158671586716,0.8651791326209931,0.8850547638676245,0.9039730450652815,0.8996994146495808,0.881676111969775,0.858506147917049,0.8350077279752705,0.8139022435897436,0.7926701570680629,0.7770139634801289,0.7627865961199295,0.7470265324794144,0.7339773798303487,0.7240134744947064,0.7043214556482184,0.6867854294070725,0.6732370905052748,0.6632860040567952,0.6546827794561934,0.6243163651661758,0.6100491534680502,0.5990247074122237,0.5769753445932828
7000.0,90.0,0.6080029640607633,0.3966321243523316,0.31724363161332464,0.2924163667866187,0.28337874659400547,0.29010799136069115,0.3110007097232079,0.33942956673198343,0.3727820025348543,0.40509915014164305,0.43610547667342797,0.45494345129514774,0.47828054298642536,0.4874662344678552,0.49326128417037507,0.4990476190476191,0.49949958298582153,0.5005692599620494,0.4983592674923256,0.4921195012938132,0.48837513061650994,0.4792358803986711,0.46725073007926576,0.45827917858071227,0.44834183673469385,0.44952681388012616,0.4555822906641001,0.46423995340710544,0.483557760453579,0.5083404255319149,0.5372109461779259,0.5683020683020683,0.6036440084092501,0.6540167570231641,0.6859802431610942,0.7342869527524925,0.7683435582822086,0.796986301369863,0.8866206030150754,0.8926630434782609,0.9156943921716222,0.9862671660424469,1.0112258643915581,1.0626880641925778,1.0505415162454874,1.0906040268456376,1.1729323308270676,1.186138613861386,1.2485590778097984,1.28966639544345,1.3426510369702436,1.3618290258449304,1.3983237759153067,1.4521770594620673,1.4084145715751668,1.4974547511312217,1.5039694207586005,1.4573226895916487,1.4871241069945174,1.5636427566807314,1.5630785986567435,1.531039936733887,1.597698653929657,1.6249417249417248,1.6226840260390585,1.6205969346598548,1.6526917579799905,1.632183908045977,1.6502415458937199,1.5950718685831622
4000.0,70.0,0.6522601110229976,0.40465686274509804,0.4122404371584699,0.4348291742529721,0.4499327311166635,0.4562300319488818,0.4616799204771372,0.46903553299492384,0.48489150273778137,0.49674708593114664,0.521800779865296,0.5355408388520971,0.5496724890829694,0.5644951140065146,0.5699501724798773,0.5738938053097346,0.5789738430583501,0.5792192881745121,0.5847284345047923,0.5820948336871904,0.5789968652037617,0.5964705882352941,0.6063256259734037,0.6285137667579646,0.6458789819652789,0.6809400517825135,0.7163661581137309,0.7607655502392344,0.8288009888751545,0.8954063604240282,0.9515488482922955,1.0076199013895115,1.0622549019607843,1.1167922497308935,1.1608594657375144,1.1918819188191883,1.176051779935275,1.2076612903225807,1.2419006479481642,1.2065693430656934,1.2237442922374429,1.2197452229299364,1.2179591836734693,1.2534722222222223,1.2046431642304385,1.215756490599821,1.26878612716763,1.2583497053045187,1.284632146933693,1.2687645946847548,1.279576221306651,1.282147315855181,1.3032490974729243,1.3257564995027702,1.2720436449424948,1.3455555555555556,1.3116798963226957,1.282370517928287,1.3279816513761469,1.3209627043909609,1.3153961136023917,1.3231285798933439,1.3591638513513513,1.3589573669096533,1.3486811661267932,1.354454964797281,1.3653352876511542,1.3523523523523524,1.3596713021491782,1.4286587851610273
1600.0,50.0,0.980064308681672,0.6106244175209693,0.7258215962441315,0.8757635365979916,0.985634477254589,1.034059945504087,1.036373220875066,1.0158251695553882,0.9916860995640272,0.9653606642449403,0.9543488707352235,0.9468755971717944,0.9425441538117595,0.9508700102354145,0.9540860525555876,0.9607590865229978,0.9716713881019831,0.9735819735819736,0.9882005899705014,0.9927239654388358,0.9946157611355849,1.0346420323325636,1.0626666666666666,1.1015151515151516,1.1331086773378265,1.1738317757009347,1.2124628471866352,1.2587802430594268,1.321328628786957,1.3813971845809763,1.4269631297495076,1.4660033167495854,1.5088832487309645,1.548770286096704,1.5790393013100437,1.6002164892657407,1.5733902393765078,1.598712852545902,1.616201337003539,1.5774397471355195,1.583467741935484,1.5657731958762886,1.5556943576931084,1.5701716738197424,1.5227079796264855,1.518015102481122,1.5417783735478106,1.5213195691202872,1.524006432345509,1.4775135389686838,1.461501559126889,1.4356968215158925,1.4284636660799597,1.425257731958763,1.3642055830941822,1.4053102140341371,1.3673469387755102,1.332236842105263,1.3542257515598413,1.3371014492753623,1.3246866802681434,1.3130434782608695,1.325015595757954,1.3105212663895107,1.2876847290640394,1.278810408921933,1.2188463232056364,1.1868798235942668,1.182175622542595,1.312022583859183
20000.0,0.0,0.3480435422182995,0.6331511839708561,0.7005444646098004,0.7408390410958904,0.7628854377672744,0.7793513666619459,0.7890463026952315,0.7917266927351306,0.7874489059870161,0.7778699861687414,0.7646134506599623,0.7496463932107497,0.7338072669826224,0.7181060938185007,0.7025193798449613,0.6875,0.6725455614344503,0.6580478345184227,0.6434659090909091,0.6291959406713505,0.6145797598627787,0.5779926135129263,0.5412881915772089,0.5058352203448877,0.47282728272827285,0.4438591627391184,0.42029996512033485,0.4021061869240895,0.3895637769188294,0.3823938761308281,0.3807387862796834,0.3834854217671934,0.39073969508752115,0.4019730941704036,0.41712328767123286,0.4359720605355064,0.4587667161961367,0.4852801519468186,0.5163426488456865,0.5515928515928515,0.5917576961271103,0.6359843216588696,0.6844045520115403,0.7361419068736141,0.7896715968914515,0.8425099969240234,0.8926847382101746,0.9374724790841039,0.973899692937564,1.017555266579974,1.021472392638037,0.9991460290350128,0.9641873278236914,0.9269565217391305,0.8908345007004203,0.8589664401894174,0.8310646829165348,0.8066047917116339,0.785163139329806,0.7663330709546835,0.7497136311569301,0.7212920080750505,0.6985122341079553,0.6804018822332443,0.6680252432290297,0.658430627206082,0.6429199648197009,0.6371428571428571,0.6322482197355036,0.6085198555956678
2500.0,30.0,0.7850045998160073,0.5124774890661178,0.5999363462762571,0.7051405071967101,0.7677053824362606,0.7788750536711034,0.7561929595827901,0.7235078053259871,0.6978055657717298,0.6780800500312696,0.6713151268642262,0.6662033819782256,0.6709483465427712,0.6739130434782609,0.6831718693936132,0.6943548387096774,0.7062248096730855,0.7164179104477612,0.7317736670293797,0.7381516587677726,0.74243399871217,0.7846630518977536,0.8207461328480437,0.8578029825666876,0.8952842453610684,0.9409490802452679,0.9933115338882283,1.0433564127926145,1.1182220582810771,1.1846625766871166,1.2548184670551323,1.3508124076809453,1.3742736397253037,1.4507801418439716,1.4722305613929751,1.485142320925868,1.493199481865285,1.5140868412330128,1.5428373222337843,1.4691745036572623,1.4803711634546752,1.481848184818482,1.4643652561247216,1.4863092942537601,1.4287890327494288,1.4444877288663809,1.4159869494290376,1.3977786918963389,1.4681393372982159,1.407587119541244,1.40236148955495,1.3764044943820224,1.3852898197759376,1.359375,1.3235747303543914,1.3482238966630786,1.3022246337493217,1.2760702524698133,1.3325714285714285,1.335483870967742,1.260047281323877,1.2665036674816625,1.2826086956521738,1.2815789473684212,1.2684745762711864,1.2401960784313726,1.1903864278982093,1.1602703355056723,1.1537341680011646,1.2352941176470589
200.0,10.0,inf,inf,inf,inf,inf,inf,inf,inf,inf,inf,inf,inf,inf,inf,inf,inf,inf,inf,inf,inf,inf,inf,inf,inf,inf,inf,inf,inf,inf,inf,inf,inf,inf,inf,inf,inf,inf,inf,inf,inf,inf,inf,inf,inf,inf,inf,inf,inf,inf,inf,inf,inf,inf,inf,inf,inf,inf,inf,inf,inf,inf,inf,inf,inf,inf,inf,inf,inf,inf,inf
2500.0,20.0,0.7387047031611411,0.4887005649717514,0.5772277227722772,0.6862473347547975,0.7522459572769016,0.7642007926023778,0.7418073485600795,0.7077562326869806,0.6813186813186813,0.6619130434782609,0.6552511415525114,0.6513247282608695,0.6571542606266214,0.6613902271163111,0.6725755995828988,0.6855805791167008,0.6991236611489776,0.7108390349297803,0.7283464566929134,0.7363909129875696,0.7428970656730322,0.7892376681614349,0.8288347597103357,0.8678815489749431,0.9085470085470085,0.9551491819056785,1.009442060085837,1.0609088746133715,1.1371010638297872,1.205188679245283,1.2770150218058471,1.375266146202981,1.4004188880426505,1.4788300265903047,1.5018402251569605,1.516245487364621,1.524521251751518,1.5462586660291657,1.5760380190095047,1.5018839487565938,1.5136387030365415,1.514799154334038,1.4975922953451044,1.5204223395387608,1.4620027434842249,1.4776998597475455,1.4497944803288314,1.4313203078744818,1.5032100275145215,1.4422588832487309,1.437949052906597,1.4131313131313132,1.4222689075630253,1.3969576240492576,1.3612546125461256,1.3873212214920758,1.3413873733437256,1.316121403232164,1.3732567678424938,1.376525031552377,1.3005510809665113,1.308636562911004,1.3252404947320202,1.3245407442298633,1.3124696749150897,1.2837837837837838,1.237808951235805,1.2100340136054422,1.2040441176470589,1.296416938110749
1600.0,40.0,0.9511677282377919,0.5929625764127031,0.7018140589569161,0.8454391891891891,0.9469246031746031,0.9862227324913893,0.980126467931346,0.952755905511811,0.9265232974910395,0.9015556071511492,0.8968265468772642,0.8983966538863716,0.9043317593923219,0.9254013220018886,0.939353459791611,0.9564828614008942,0.9776902887139107,0.9870410367170627,1.0101285547331516,1.0205450733752621,1.0274527452745275,1.0820189274447949,1.1181763647270546,1.162962962962963,1.1942392909896602,1.234008097165992,1.2695346795434592,1.3097261567516525,1.3686038198345418,1.4235654840122645,1.462932837555194,1.4948071216617211,1.5312055821165524,1.5641095147736515,1.587837837837838,1.6037053119119988,1.5702846975088969,1.5915599095704598,1.6052467207995003,1.5625978090766823,1.5656678355116354,1.5458984375,1.533727227966519,1.546468401486989,1.4984137585573551,1.4927905004240882,1.5149227528089888,1.4942711087607967,1.4963016417102653,1.4491869918699187,1.4326307866014303,1.4063279002876319,1.3989351212778545,1.395109135004042,1.3349018003273323,1.3749734438070957,1.337102624279923,1.3023855577047065,1.3237714031576606,1.3068181818181819,1.2942654786383367,1.2825575928537847,1.293959403277085,1.2792679869641514,1.256951596292482,1.2483434932414523,1.1896850121149187,1.1589231437255754,1.1540051679586563,1.282986568343429
4000.0,60.0,0.6535,0.4072256913470116,0.41582089552238805,0.43966861598440543,0.4564039839245151,0.4648868253047011,0.4727108705457826,0.4818002628120894,0.49926605504587157,0.5120548280504222,0.5377735186072512,0.5514297061159651,0.5657926978681695,0.5801459854014599,0.5851063829787234,0.5882120253164557,0.592276605298608,0.5916069600818833,0.5959021058622652,0.5923125393824826,0.5878745644599304,0.6019163763066202,0.6085984888794296,0.6275137696938645,0.6422788605697152,0.674703066832122,0.7080156604162374,0.7508305647840532,0.8166252416459542,0.8819993672888327,0.9380121125757036,0.9939564867042707,1.0490282685512367,1.1050072921730676,1.1497635312664214,1.1818181818181819,1.1681363903586126,1.201223241590214,1.2360655737704918,1.2017310252996005,1.2194444444444446,1.216,1.2149253731343284,1.2517871326449563,1.202989771833202,1.2147540983606557,1.2680776014109347,1.2574257425742574,1.2842205323193916,1.2678353037097432,1.2798100787741449,1.281904543893785,1.3031751869559887,1.3258661109663974,1.2722725429228066,1.3458011934216272,1.3118966285459677,1.2824532034697915,1.3278343846029435,1.3210375610577734,1.3152937146771708,1.3233749773673729,1.3590090961873427,1.3587044534412955,1.3486005089058524,1.3541713014460512,1.3648875461564283,1.3516735442457588,1.3587962962962963,1.4275051315543945
7000.0,80.0,0.6075718966144885,0.396687898089172,0.31759794476557485,0.29290018339009694,0.28425407641761985,0.2910517387616624,0.3121866295264624,0.34062533347561624,0.37414649286157664,0.4063566552901024,0.4373582766439909,0.4557774607703281,0.4792219274977896,0.4880211081794195,0.493424317617866,0.4994992846924177,0.49951179820992675,0.5002775208140611,0.49814164773900477,0.4919123551680624,0.4880254777070064,0.4786975538635995,0.4662327095199349,0.4571501014198783,0.44696734059097976,0.44786456329357444,0.4536871770784406,0.4622298065984073,0.481038062283737,0.5059900166389351,0.5343534057255677,0.5655294117647058,0.6007135016465422,0.6509494689411007,0.6832402234636872,0.7315051020408163,0.765655105973025,0.7946164199192463,0.8845322630441494,0.8907815631262525,0.9137356534616808,0.9848422777550184,1.010172490048651,1.0617588932806323,1.0503304524656838,1.090457804743519,1.173053152039555,1.1861979166666667,1.2487562189054726,1.2899598393574296,1.342526690391459,1.3631010794896958,1.3993248393771098,1.4530728918532634,1.4099315936154042,1.4997905320485965,1.5057354435893713,1.4586112795633717,1.488597210828548,1.5648324943586183,1.5644380713389496,1.5323052898692173,1.5985855122160308,1.626092959042798,1.6240731586752348,1.6218152866242037,1.6524189760450916,1.6312809624911535,1.6489058039961941,1.5927272727272728
20000.0,70.0,0.39628180039138944,0.5574817518248175,0.5947271612507664,0.6196779174939334,0.6333825701624816,0.6469472885855139,0.6562942008486563,0.6605714285714286,0.6594025797691786,0.6532488114104595,0.6446575342465753,0.6349619752057506,0.6251621271076524,0.6159660522477125,0.6072171072171072,0.5991379310344828,0.5912112259970458,0.583008413708188,0.5747152619589977,0.5659423951490652,0.556706804816578,0.5312612938200216,0.5034867503486751,0.4753726893261777,0.44878048780487806,0.42514563106796116,0.4058221290243,0.39136555607695916,0.3816884661117717,0.3769134253450439,0.376866857324436,0.38096579476861164,0.3897553516819572,0.40193673337637187,0.41797385620915034,0.438230125090458,0.4621618089138675,0.49026723853513693,0.5210416666666666,0.5579634464751958,0.5970636215334421,0.6388325901905147,0.6835820895522388,0.7263349514563107,0.7712230215827338,0.8101694915254237,0.843026706231454,0.870996640537514,0.890634820867379,0.9096205557215417,0.9058823529411765,0.8886052871467639,0.8660818713450292,0.8432943109468063,0.8229654878568385,0.8020531131443874,0.786678873884184,0.7727913533834586,0.7572649572649572,0.7443968773608662,0.7345679012345679,0.7151744657830673,0.6975484606613455,0.6842418826333035,0.6741363211951448,0.6651510230594349,0.6329690346083788,0.6172106824925816,0.6054532577903683,0.5822382365409071
384399.0,80.0,1.0,1.0,1.0,1.0,1.0,1.0,1.0,1.0,1.0,1.0,1.0,1.0,1.0,1.0,1.0,1.0,1.0,1.0,1.0,1.0,1.0,1.0,1.0,1.0,1.0,1.0,1.0,1.0,1.0,1.0,1.0,1.0,1.0,1.0,1.0,1.0,1.0,1.0,1.0,1.0,1.0,1.0,1.0,1.0,1.0,1.0,1.0,1.0,1.0,1.0,1.0,1.0,1.0,1.0,1.0,1.0,1.0,1.0,1.0,1.0,1.0,1.0,1.0,1.0,1.0,1.0,1.0,1.0,1.0,1.0
900.0,50.0,1.7883663366336633,1.2197371454922759,1.4674626865671643,1.714978929894011,1.8438670411985019,1.8498293515358362,1.7731843575418995,1.656226126814362,1.5340572556762093,1.4181197414949396,1.3245332555425904,1.2471166892808685,1.185113394068618,1.1422657952069717,1.1053523855655123,1.0778874366497733,1.0591491841491842,1.0393650793650793,1.030895983522142,1.0196078431372548,1.0087544767210506,1.012241054613936,1.018640350877193,1.0403276622558286,1.0654804270462634,1.1016,1.1404444444444444,1.187866927592955,1.2498654322316718,1.3109756097560976,1.3616268788682582,1.4042958129418162,1.45344653907037,1.4989322757779133,1.5368977109012325,1.5678868552412646,1.5541401273885351,1.588411941353118,1.6134020618556701,1.5864955357142858,1.5988194973343488,1.5877073170731708,1.5825434439178514,1.5991861648016277,1.5569901149889045,1.5533920885427341,1.575783234546994,1.5562167906482465,1.5572916666666667,1.5095301418439717,1.4917848300697727,1.4633142857142858,1.454311152764761,1.4492337164750957,1.3876119041858215,1.4270676691729323,1.3882323359316067,1.3525689698810428,1.3733333333333333,1.3547784303256807,1.3415615776764154,1.3275434243176178,1.3368662274419938,1.3191551774713992,1.2934095696659644,1.281472316733684,1.1994437822804926,1.1580502215657311,1.1552831290134267,1.3104105571847509
17500.0,80.0,0.2213664596273292,0.622548007433409,0.6703064459316661,0.6971312515866971,0.7090108401084011,0.719412019022914,0.726349545697488,0.7287371134020618,0.7275914634146341,0.7214348981399469,0.7135448444173277,0.7037977605910193,0.6932969602494155,0.6827285921625544,0.6718825617035006,0.6608322914806215,0.6496451104100947,0.6380021715526601,0.6258357211079274,0.6129032258064516,0.5995970063327576,0.562794064422729,0.5237879474399637,0.48430265386787125,0.44688156972669935,0.4132582322357019,0.38529065410555613,0.3635521439915299,0.34765496884224334,0.3378185524974516,0.3333333333333333,0.3338637810311903,0.3392728725529365,0.3484665661136249,0.36172370088719896,0.37881694644284575,0.4002020202020202,0.42567308919229296,0.45445736434108525,0.4894179894179894,0.5279343926191696,0.5704180064308682,0.6180944755804644,0.6666666666666666,0.719182200841852,0.7697320782041999,0.8159896283491789,0.8596966957919052,0.8954844670285252,0.9441332758868304,0.9609911267369831,0.9544016378187232,0.9353535353535354,0.9119415807560137,0.8880429914912673,0.8638928067700987,0.8442405216131369,0.8263458198958075,0.8076823923691673,0.7921318447634237,0.7792560412707032,0.7551369863013698,0.7334735576923077,0.7172002510985562,0.70478374836173,0.6944634313055366,0.6597057427622212,0.6417177914110429,0.6294974508375819,0.5956770502225048
15000.0,0.0,0.17617857142857143,0.7697505197505198,0.883725956343203,0.8952828659426163,0.8650638943036604,0.832150655021834,0.8014584023864766,0.7764243614931238,0.7569794050343249,0.740546218487395,0.7280858676207513,0.7166778298727394,0.7067164179104478,0.6976052848885219,0.6881925522252498,0.6788059701492537,0.6690202042146426,0.6583116576022701,0.6470588235294118,0.6348565059905266,0.6220947781466949,0.5871441689623508,0.5493991989319092,0.5110155830198818,0.4741100323624595,0.4404669260700389,0.41150608044901776,0.387289088863892,0.36808943089430896,0.3537643207855974,0.3434653465346535,0.3372987262677241,0.3345513007892429,0.33481824661439774,0.3379055083823209,0.34409175780208057,0.35309531608254174,0.3650544135429262,0.38054726368159203,0.3993849938499385,0.4227307398932113,0.4505681818181818,0.48391657829621776,0.5229505792638217,0.5685630926331146,0.6205882352941177,0.6785015376013419,0.7421901819430141,0.8101212881639481,0.9507803121248499,1.0799347471451877,1.176103896103896,1.2262201195219125,1.2314002828854314,1.2035411855273288,1.1576113558492414,1.1056481796529432,1.053232607167955,1.0034277467075592,0.9577178729689808,0.915928369462771,0.8427648325827296,0.7835699797160244,0.7357817418677859,0.7025385116077241,0.6768920734437975,0.6395047509357904,0.6257122507122507,0.6161409258500614,0.5775709219858157
1000.0,30.0,1.9388777555110221,1.1691334768568353,1.358948087431694,1.6183500385505012,1.790726052471019,1.8289824187533297,1.7643847123057539,1.651432053625838,1.5380794701986755,1.4392085948303373,1.3815271582261874,1.3489640130861504,1.3362240289069558,1.3506546644844517,1.364797081623347,1.3860220440881763,1.414468316562415,1.4298735665980593,1.4610552763819096,1.4776368491321763,1.4895649097983727,1.5582699239086903,1.602575488454707,1.652932622394571,1.6869158878504673,1.727626459143969,1.759128386336867,1.7941723496590205,1.8491803278688526,1.896765313145217,1.924785100286533,1.9431563201196709,1.968437259430331,1.994422310756972,2.013104013104013,2.0233918128654973,1.9829787234042553,2.004306632213609,2.0177462289263532,1.9706927175843694,1.9747520288548241,1.9513761467889907,1.9372114496768236,1.9517045454545454,1.8971000935453695,1.8900473933649289,1.913170731707317,1.8885630498533725,1.8903290129611166,1.8330455976439524,1.8132207578253707,1.7808648422811781,1.771813515825492,1.7661827311428884,1.694410759563444,1.74230330672748,1.696969696969697,1.655354883239388,1.6801139060275272,1.6579934648432773,1.642153883554151,1.6248908841501435,1.6337081556158717,1.6109422492401215,1.5791610284167794,1.5618492294877135,1.4416359487449535,1.3737373737373737,1.354024728740853,1.4876543209876543
400.0,60.0,1.9877340219496449,1.638610947616245,1.9357682619647356,2.085232693734761,2.072393972347367,1.9847216408539137,1.859504132231405,1.7229663508657302,1.58816660179058,1.4632152588555858,1.3503649635036497,1.2508854781582055,1.1649006622516556,1.0905743740795286,1.0252237591537836,0.9686940966010733,0.9184133202742409,0.8742636821248795,0.8342863811413234,0.7977656468198553,0.764040292534842,0.6894861392832995,0.6256684491978609,0.5711442786069652,0.5268496420047732,0.4916221033868093,0.4672027084214981,0.45344655344655344,0.44740871613663136,0.4499310344827586,0.4609462710505212,0.4749767441860465,0.49627342419080067,0.5172833495618305,0.5412137057933122,0.5668819188191881,0.5922016005448664,0.6176470588235293,0.6352046062101583,0.6598862642169728,0.6769880365939479,0.6907268170426065,0.7048319327731092,0.7103718199608611,0.7242844998583169,0.7281296023564064,0.725886745488488,0.7290015847860539,0.7260769483722459,0.7217838765008576,0.7158527954706299,0.7070596797671034,0.6967863894139887,0.68671875,0.679267807401512,0.6687552213868003,0.6634372367312552,0.657995735607676,0.6501782531194296,0.6449541284403669,0.6415006947660954,0.6348287506029908,0.627540650406504,0.6221755123489228,0.6171023965141612,0.611864406779661,0.5591582229150428,0.5403127538586515,0.54600530102234,0.5634314794620138
25000.0,20.0,0.8365037322417529,0.5032209170140205,0.5194285714285715,0.5341643582640813,0.5454889589905363,0.5615550755939525,0.5771355716107097,0.5888594164456233,0.5957860615883306,0.5980544747081712,0.5978811607554122,0.5976267529665588,0.5971839799749687,0.5979812545061284,0.6005789909015715,0.6035882908404154,0.6066136998067425,0.6094948265368229,0.6119218061674009,0.6131738387447568,0.6133659902029391,0.6086041617956511,0.597334159950403,0.5822784810126582,0.5663811563169164,0.5516061452513966,0.5392921960072595,0.5298884321785086,0.5237157145021973,0.520662768031189,0.5208697825543614,0.5242966751918159,0.5309698451507743,0.5398963730569948,0.552365308804205,0.567551867219917,0.5858501410805727,0.6078122951894088,0.6320538057742782,0.6608377389182595,0.6916520431185761,0.7239583333333334,0.7572958995197636,0.7887075430083811,0.8193945613134941,0.8445626477541371,0.8640646029609691,0.8790141896938013,0.8867924528301887,0.8874528301886793,0.8718400331537505,0.8478789217852408,0.8218779123951537,0.7973975434756172,0.7762430939226519,0.7559034572733203,0.7405672999732406,0.7268359643102265,0.7122587968217934,0.6999708284714119,0.6903129657228018,0.6718237224566338,0.6556758530183727,0.6433829823660332,0.6341724692019283,0.6267435372884508,0.6097057305110997,0.6035642232683255,0.6001609010458568,0.6031468531468532
9000.0,50.0,0.4147841006577066,0.4332088480321747,0.38739635157545604,0.3934290903087337,0.404296875,0.42342071336484743,0.44783683559950554,0.4740928270042194,0.4991698948533481,0.5202182734014271,0.5376806607019958,0.5495680789798437,0.5565992292870906,0.5590921671740936,0.5589437283872996,0.555594775855983,0.5498821681068342,0.542844715093519,0.534515819750719,0.5253951527924131,0.5157225433526011,0.4896451846488052,0.4627256317689531,0.436225061645371,0.41198501872659177,0.39125964010282777,0.375713983499048,0.3645833333333333,0.35879332477535303,0.3589469517022961,0.36374269005847953,0.37352587244283997,0.3884444444444444,0.40591985428051003,0.43007974839941593,0.45765046136895743,0.49088453747467925,0.5289273213918056,0.5671529175050302,0.6207317073170732,0.6725533480500367,0.7233201581027668,0.7869451697127937,0.8485037406483791,0.925845932325414,0.9899916597164303,1.0384985563041387,1.1030368763557483,1.1499694935936546,1.2355719557195572,1.3067749740753543,1.3404089581304772,1.3307708733717702,1.3319317916374678,1.318654131618011,1.2772511848341233,1.2795907079646018,1.255913365631234,1.2204606640741849,1.2035010940919038,1.1935069109611058,1.1654676258992807,1.1312910284463895,1.1132947976878613,1.0967086550182852,1.0787334189131366,0.9002557544757033,0.8259130434782608,0.7976434980002162,0.6862885857860731
9000.0,70.0,0.4185706452202522,0.42548517026730137,0.3695024077046549,0.36730727704599436,0.37148148148148147,0.3856894553881808,0.407112616426757,0.4317702227432591,0.4577805525206805,0.48100759696121553,0.5017421602787456,0.5174383644016837,0.5282415630550622,0.5339087546239211,0.5373414748708314,0.5373608903020668,0.5345766725873298,0.5300657894736842,0.5242732558139535,0.5172,0.5099384344766931,0.48927228489272284,0.46730264067468547,0.4455922865013774,0.42591801878736124,0.40946338884483213,0.39771241830065357,0.3907042253521127,0.3886904761904762,0.3926039119804401,0.4011252813203301,0.41515711645101666,0.43418222976796833,0.4552496887536312,0.48406779661016947,0.515657189946436,0.5532766383191596,0.5951160687368103,0.6358002187386074,0.6932114882506527,0.7463768115942029,0.7957446808510639,0.8586647727272727,0.9164578111946533,0.9877358490566037,1.045137023105857,1.0866209262435678,1.1417910447761195,1.1794871794871795,1.2475952974706093,1.3042588042588044,1.3292293661650707,1.317480079681275,1.3184782608695653,1.306896551724138,1.2713011381113504,1.2747500806191552,1.2544910179640718,1.2246835443037976,1.211283185840708,1.2037950664136623,1.1809678731191542,1.1527050610820244,1.138425925925926,1.1250613045610593,1.1094966268811624,0.9417946645109135,0.8678245178752678,0.8397252432741843,0.7299703264094956
1300.0,90.0,1.282992565055762,0.8110504774897681,0.9565144109219619,1.1395097332372026,1.266711229946524,1.314666958328776,1.3032467532467533,1.2599374720857526,1.2085390647690968,1.1534850126399423,1.1136264693077929,1.0795107033639144,1.0516735173223724,1.037873754152824,1.0237918215613382,1.014827018121911,1.0117434507678411,1.0039564787339268,1.007076989062835,1.0038220986796387,0.9995005618678986,1.0232868584989618,1.0432825484764543,1.0776737701653056,1.1102875112309074,1.1542929292929294,1.1975343233398712,1.248305606900801,1.3159322033898304,1.3807237813884785,1.4331742243436754,1.4770681525932277,1.526077097505669,1.573628488931665,1.6119252147549268,1.6428571428571428,1.623913043478261,1.6583054626532887,1.6850989522700814,1.6512037580739871,1.6636582430806257,1.6512345679012346,1.645,1.663225806451613,1.617007672634271,1.6141834743005856,1.6412677006068779,1.6205962059620596,1.6252602359472588,1.5782361308677098,1.56118754525706,1.5350553505535056,1.5288315629742033,1.526438569206843,1.462992125984252,1.5077677841373671,1.4671592775041051,1.4301075268817205,1.4546232876712328,1.4356955380577427,1.4212840809146878,1.4094202898550725,1.42090395480226,1.4034749034749034,1.377601585728444,1.366649668536461,1.2872971903442818,1.2413171690694627,1.230709577355564,1.3613933236574747
400.0,40.0,0.9956140350877193,0.5526028394612305,0.6643149284253579,0.7779605263157895,0.8259860788863109,0.810804224207961,0.7619661979099471,0.7101832609106367,0.6676143706384079,0.6405468489496499,0.6224322103533279,0.6171039844509232,0.6099608282036934,0.6078517587939699,0.6056210964607911,0.6046863189720333,0.606519967400163,0.6037620297462817,0.606313834726091,0.6086359175662415,0.6100186296832953,0.6149032332831151,0.6191989828353465,0.621941160296948,0.6275912408759123,0.6290847142635898,0.6338326278085314,0.6402179465349906,0.643979992854591,0.6491620111731844,0.6549797726834906,0.6565313062612522,0.6597663455626153,0.657861369399831,0.6556951061065396,0.6528451698279665,0.649170031404217,0.6453369639210347,0.635024549918167,0.6334502923976608,0.6263657957244655,0.6183224558859077,0.6135700389105059,0.6023916292974589,0.603151157065485,0.5956651718983558,0.5825864276568502,0.5783132530120482,0.5685967657798644,0.5552317880794702,0.5440664345030806,0.5319783197831979,0.5193905817174516,0.5077661677492233,0.49985750926189804,0.4887905604719764,0.48403311649911296,0.47917906008328376,0.47217952659083917,0.4675039246467818,0.46498422712933757,0.45944192083062946,0.45460681741478226,0.45089903181189495,0.44748048261178136,0.44363371032469895,0.4017021276595744,0.3926347305389221,0.4032918800292612,0.43018945634266886
1000.0,10.0,7.583474816072439,3.5004585753592172,3.534915563669557,4.0024764735017335,4.347075743048897,4.345016960103376,4.062950504565113,3.65892972275951,3.278379462494986,2.9552520018841264,2.749065670048051,2.5982456140350876,2.4936868686868685,2.4420629604822506,2.3891625615763545,2.350915750915751,2.3287878787878786,2.29153605015674,2.279518072289157,2.250616269515201,2.2184873949579833,2.207929515418502,2.1825688073394494,2.17680608365019,2.1548198636806233,2.1500953145379755,2.1342089062179355,2.122099100982647,2.131305558530577,2.1325616946931643,2.1187285413667074,2.101514808953199,2.0948029697315818,2.0954043048283886,2.093517534537726,2.0899976127954165,2.041752141909014,2.0551774428779774,2.0639860575127598,2.0174021131137354,2.0191219021260536,1.9959162838182747,1.9820512820512821,1.993455497382199,1.9438333117639446,1.9359477124183007,1.9555317439057058,1.9313764910869857,1.9314005716619027,1.8763796909492274,1.8556701030927836,1.824067558057706,1.8149210903873745,1.8106215348701489,1.7448184624430398,1.7907962458371178,1.7482941622441244,1.7103259214133415,1.7342307090311473,1.7136486701704092,1.698354369707621,1.681907250163292,1.6913746630727762,1.6695846206659801,1.6381302521008403,1.6231209735146743,1.5156046814044213,1.4489378039416432,1.431764705882353,1.604887983706721
900.0,70.0,1.7749221183800623,1.2918454935622317,1.4895057549085986,1.6518789144050103,1.7000646412411118,1.6568253968253968,1.5624190064794816,1.4462305986696231,1.3328776486671223,1.2261224489795919,1.1383587786259541,1.0629990156403806,1.0011155180961824,0.9544950055493896,0.9140083217753121,0.8818429105746345,0.8575158522939201,0.8335375816993464,0.8186263614136475,0.8021235521235521,0.7869667626275844,0.7748176339993657,0.7687927107061503,0.778876404494382,0.7957045573598743,0.825531914893617,0.8613240418118467,0.9066455696202531,0.967713004484305,1.0318099456412322,1.08984375,1.143845773603559,1.2052935644229477,1.2667056587220353,1.3218553459119498,1.3713855925121177,1.3782209671726084,1.429098285082058,1.472777124951038,1.4603206412825651,1.4874194219172385,1.489430543572045,1.494273127753304,1.5222477064220183,1.4853814527181362,1.4897148200093502,1.5206913339824732,1.505521472392638,1.5129821023443408,1.472632944228275,1.4607843137254901,1.4375,1.4347098214285714,1.4336866227441993,1.374491574665892,1.4199697428139184,1.381807118953453,1.3475591034694505,1.371656050955414,1.3545335942596217,1.342200328407225,1.3301694915254236,1.3417049876193845,1.3248546511627908,1.299925205684368,1.2890173410404624,1.2154001006542527,1.1731493099121706,1.1694029850746268,1.3186256102140441
20000.0,50.0,0.4175618073316283,0.5487688098495213,0.5824772018931086,0.6057371581054036,0.6189195247702309,0.6320346320346321,0.6415976970133141,0.6462614779186707,0.6451612903225806,0.6400730816077954,0.6321152494729445,0.6232128514056224,0.6143897996357013,0.6056193601312552,0.597493676707289,0.5899511693652018,0.582438046125197,0.5748207171314741,0.5670267398618736,0.5585691823899371,0.5498146936995858,0.5250704225352113,0.4980036297640653,0.4701770736253495,0.44388789505068577,0.420532319391635,0.40135396518375244,0.3870056497175141,0.37725856697819315,0.3722353870458136,0.3717146433041302,0.37543636940653763,0.38362173038229375,0.39510204081632655,0.41047865459249677,0.42959016393442623,0.4525441329179647,0.47937467157120334,0.5091453275690057,0.5444467684584815,0.5822618735240095,0.6230366492146597,0.6661283811061768,0.7088482451804251,0.7529550827423168,0.7914625612316305,0.8245901639344262,0.8527544351073763,0.8723583219430133,0.8906780727135489,0.8853367433930094,0.8660493827160494,0.8417064733981222,0.8174259483803915,0.7955850681981336,0.7738072965388213,0.7574827321565618,0.7429639834678213,0.7272356895498064,0.7140163419233186,0.7038938810440736,0.6842341332137251,0.6669020715630886,0.6535723054259759,0.6435516888433982,0.6353223228556206,0.6081527726771943,0.5953510436432637,0.5858187957231289,0.5659902733523394
4000.0,40.0,0.6614017769002961,0.39826167934192147,0.4026517794836008,0.4215564738292011,0.4323650417653659,0.434463986599665,0.43638760711931446,0.44180048661800486,0.4569855471438403,0.4695813953488372,0.49668141592920356,0.5126504165381055,0.5294230769230769,0.5471959381490884,0.5551611141452758,0.5612148054413161,0.5686486486486486,0.5707800247626909,0.5785845588235294,0.5779022403258656,0.5764241398759166,0.6002114164904863,0.6146655231560892,0.64224049331963,0.6626074498567335,0.7015302541064158,0.739264300761627,0.7851453972957955,0.8555507929704244,0.9227394589324884,0.9779471821399401,1.0324059920513604,1.084441489361702,1.1369415183436251,1.1774570982839314,1.2042745581586518,1.1844032744506678,1.2139991083370485,1.2458313482610768,1.2065479056331248,1.2229458917835672,1.2166405023547882,1.2144772117962466,1.2495726495726496,1.1988732394366197,1.210557184750733,1.2630914826498423,1.2522522522522523,1.278532608695652,1.2612809315866085,1.2737085582112568,1.275551921504497,1.296847635726795,1.3190697674418606,1.2657004830917875,1.3389513108614233,1.30600976852835,1.2762485039712763,1.3221515326778486,1.3142994819901217,1.3097280078412155,1.3175281772250291,1.3530470914127424,1.3528474134183452,1.3430003036744609,1.3485741596303966,1.3586223506743738,1.3455204216073782,1.352476071577195,1.420684082951791
1600.0,60.0,1.022848438690023,0.6413566739606127,0.767467248908297,0.9322538397428265,1.0567744854105405,1.1173120728929384,1.1276718659734257,1.1097560975609757,1.0846104036261601,1.0538177844556755,1.0349323082065853,1.018026941362916,1.0043809084620705,1.0021041557075223,0.996150429375185,0.9940691927512356,0.9960101559666305,0.9908475925189018,0.9969762419006479,0.9957963568425969,0.9924433249370277,1.0173341303048415,1.0347705146036161,1.0644904458598725,1.0911528150134049,1.1292258451690338,1.1677540639168418,1.2140691328077622,1.2774890043982408,1.3400087070091424,1.390373495858728,1.433479285954867,1.4812900926585888,1.5260672459387987,1.5611012081600317,1.5870994248151191,1.56509754028838,1.5939262472885032,1.6146374519990965,1.5791628753412192,1.5872093023255813,1.5715646582519647,1.5629665302191187,1.578097839582816,1.5319567354965584,1.5278819704926232,1.551929551929552,1.532274856845393,1.535181236673774,1.4887978142076503,1.4729955456570156,1.4472190692395006,1.4401634559252774,1.4367334729285073,1.375832828588734,1.4172955974842767,1.3790271636133924,1.343620744511613,1.3660302830809743,1.3489232839838492,1.3358133243151844,1.32428670842032,1.3362287368802026,1.3212166172106825,1.2986666666666666,1.2896903175225403,1.2290816326530611,1.196553924696873,1.1901515151515152,1.3212574276404063
7000.0,0.0,0.6810290069870845,0.4186851211072664,0.32494969818913483,0.2851222420989863,0.2567830566685747,0.24077163712200209,0.23902439024390243,0.24853286384976525,0.26841385597082956,0.29330655957161983,0.32088122605363983,0.33652251562699326,0.3649128743021485,0.3730613979179945,0.37812253484091507,0.39166140240050534,0.39612807148175727,0.40412051395657955,0.41185410334346506,0.4100632547441058,0.41621975147155005,0.44206008583690987,0.4631232876712329,0.493327830513138,0.5161022576361222,0.5637224624253655,0.614529280948851,0.6596797671033479,0.7227241139680334,0.7833601286173634,0.8344640434192673,0.884140061791967,0.9218662169758292,0.991875,1.0095367847411445,1.0503649635036496,1.0646921278254091,1.0641447368421053,1.1743869209809263,1.1384758364312269,1.1400198609731877,1.2104758862983072,1.2178559501280195,1.271217486872634,1.230356925325862,1.270678650514524,1.369719843228335,1.376207729468599,1.451575837163493,1.5020235467255334,1.5697178810635275,1.6004034065441506,1.6620879120879122,1.741625480505217,1.69800820152314,1.8333875691506671,1.8467277043065446,1.7987220447284344,1.8565351894818252,1.9675564681724846,1.9774851316907391,1.9553488372093024,2.0647149460708785,2.12015503875969,2.133134328358209,2.146812620734063,2.306054872280038,2.343607514134598,2.413216957605985,2.574626865671642
200.0,30.0,145.39787312064541,49.915052667346245,37.23803755299818,29.836852207293663,23.1058570660935,17.566409597257927,13.765165535677564,11.281088690755515,9.65179262316224,8.48076923076923,7.717579250720461,7.086943531520765,6.653312788906009,6.319974554707379,6.056844168572362,5.81185135587546,5.655765920826162,5.531537916371367,5.412710007304602,5.317489788340141,5.211480362537764,5.077596498209312,4.960985626283367,4.81044650379107,4.735711216158143,4.6461538461538465,4.574753804834378,4.528216704288939,4.4511070110701105,4.398135198135198,4.384250474383302,4.338795180722891,4.317715959004392,4.319180819180819,4.234817813765182,4.321689259645464,4.340740740740741,4.316248636859324,4.403607666290868,4.328651685393258,4.285631517960603,4.533374157991426,4.432068543451653,4.401991288114499,4.369017632241813,4.504879635653872,4.544362908605737,4.413116970926302,4.466896551724139,4.413549752999294,4.526706231454006,4.441896024464831,4.520766773162939,4.593234323432344,4.762589928057554,4.874296435272044,4.903883495145631,5.340183883180098,5.4986951094973335,5.620597522467817,6.163248675811491,6.668682897323454,8.525693311582382,9.896500739280434,23.869377695625385,27728.285077951,26011.313907567506,26648.110167008497,20328.05012900848,26.88953488372093
200.0,20.0,1989.2650701899256,587.754174713166,321.6126098817823,208.62447594330206,144.9896694214876,105.57548092598633,81.56626506024097,67.42387626872885,59.24871940808196,54.94736842105264,52.44394618834081,51.349538977367985,50.8364312267658,50.89759281925745,51.182676290949466,50.732468780019204,51.54878678368612,52.491373360938574,52.8002351903572,53.2678209327718,54.26638059085658,57.059597668734725,59.76694915254238,63.72479240806643,68.06366047745358,73.10324308241594,79.42857142857143,86.95318495778972,97.69605671245016,110.81643265730628,126.43391521197009,152.8735632183908,186.67953667953668,231.01857623737686,298.6455236207466,394.37570303712033,543.581616481775,758.2519758251975,1115.549215406562,1806.2736987245778,2896.2703962703963,4911.684782608695,8020.833333333333,11580.333625987707,14766.146993318485,15898.133267400171,15503.775058578496,16062.52526613664,16104.86891385768,15163.45592527729,14914.320685434517,14202.87539936102,13596.06732211298,13081.324778914512,11651.721664275467,11263.351749539595,8943.701751082659,8803.385917660638,4853.77821393523,6304.521808723489,808.3112650234264,47.775669407547966,46.69430504036657,45.74011299435029,44.84451718494272,44.009661835748794,35.73148705599037,29.804063860667636,25.866060355518808,13.06885742081937
2500.0,10.0,0.6834985835694051,0.4498948843728101,0.5356685177274669,0.6441582336706532,0.7123217047602681,0.7265801354401806,0.7058823529411765,0.6744051073708648,0.6504566210045662,0.6332695984703632,0.6290492340077184,0.6280487804878049,0.6367029044296609,0.6439732142857143,0.657878084792238,0.6732813607370659,0.6895287958115183,0.703714451538015,0.7236133122028526,0.7335401585660117,0.7417664670658682,0.7922661870503597,0.8350026357406432,0.8762135922330098,0.918200408997955,0.9662576687116564,1.0213310580204777,1.072710103871577,1.1483354403708386,1.2160429054447943,1.287318193416688,1.3847768294389253,1.4098409840984099,1.487604636188023,1.5102145045965272,1.524290780141844,1.5329297376628142,1.5541580626994556,1.5835949764521193,1.51044540796216,1.521589991928975,1.5227837613918807,1.5054484492875104,1.5278381905176164,1.4701460481099657,1.485513608428446,1.4578838650447556,1.4398426654326701,1.5105062082139447,1.4506065857885615,1.446765155374427,1.4224612962477041,1.4318429661941112,1.407271702367531,1.3728473019517795,1.3993389423076923,1.353617923100212,1.3287419651056014,1.3857415658816041,1.3900130548302871,1.3152531229454307,1.3237092391304348,1.3403048564338886,1.3406193078324227,1.3295838020247468,1.3022806339389255,1.2672811059907834,1.2470817120622568,1.2449612403100776,1.360958764980703
1600.0,70.0,0.9949281487743026,0.6276442307692308,0.7455303933253874,0.8987227454521998,1.0109382596013612,1.0602507076425394,1.0622330689444783,1.040068201193521,1.0112447992803328,0.9790368271954675,0.9595924710758073,0.9430379746835443,0.9300284629981025,0.9288997026223303,0.9242470337693945,0.9238320920785376,0.9276659209545116,0.9242734343020876,0.9328291814946619,0.9330765527202696,0.9323972958918356,0.961609907120743,0.9840925524222705,1.0199667221297837,1.0506091846298031,1.0925165772023997,1.1340182115339714,1.1832306111967128,1.249151103565365,1.3134167052647832,1.3653173413293354,1.4101457096600107,1.4592945662535748,1.5057703988661673,1.5424197320859026,1.5700088339222615,1.5490643541761753,1.5794763908368397,1.6015110894467464,1.5667976424361494,1.5756281407035175,1.5609065155807365,1.5527481114873665,1.5693921463152232,1.5231629392971247,1.519371444053102,1.544229149115417,1.524414338131527,1.5276091355883203,1.4819098457888493,1.4664449818621523,1.4412580943570767,1.435099968264043,1.4316851008458036,1.371004942339374,1.4128723040054776,1.374484181568088,1.3395703395703396,1.3622668579626973,1.345067840117345,1.3325958702064897,1.3210626185958254,1.3328069482826688,1.3182186234817814,1.2956340956340957,1.2868150684931507,1.2276785714285714,1.1955307262569832,1.1908713692946058,1.3204616998950682
4000.0,50.0,0.6574923547400612,0.40565672220069743,0.4132697311361665,0.43597612958226767,0.45066748503912846,0.4567332309267793,0.4624,0.47063305978898007,0.48790123456790124,0.5016013252346769,0.5291388808350247,0.5448126018468223,0.5612932195779075,0.577986577181208,0.5849952516619183,0.5901939260885474,0.5963379109446525,0.5977175463623395,0.6031746031746031,0.6014067995310668,0.5982478909798832,0.6169642857142857,0.6265346534653465,0.6487386958591147,0.6651395251978343,0.6999180999181,0.734624145785877,0.7782135076252723,0.84597875569044,0.9121894858463316,0.9675955930006481,1.0226442658875092,1.0757575757575757,1.129864451246174,1.1719265190767783,1.2012954658694568,1.1832460732984293,1.2145573058120587,1.247093023255814,1.2095350206003532,1.2269938650306749,1.2219371391917897,1.2195923734385272,1.255944055944056,1.2048442906574395,1.2168587896253602,1.2697674418604652,1.259493670886076,1.286549707602339,1.2694717994628468,1.281516587677725,1.2822831876193348,1.3046286329386436,1.3266239707227814,1.2724035608308606,1.3467927421415793,1.3119457485654669,1.282870122928915,1.3284578244816814,1.321307112228301,1.3157419936851602,1.323795898903195,1.3594971117906898,1.3593389017238315,1.3492181682799702,1.354813512985745,1.365055981143194,1.3517102615694165,1.3585576434738447,1.427704918032787
20000.0,40.0,0.41798063623789766,0.551371705217859,0.5829576194770063,0.6042857142857143,0.6157867224255097,0.6275212909009413,0.6364906398435317,0.6402853260869565,0.6389001213101496,0.6332229058211074,0.6249316566429743,0.615875,0.6066619418851878,0.5981629392971246,0.5902329749103943,0.5829407637566403,0.5758050089445438,0.5684590490415733,0.5608912261278716,0.5527205656317246,0.5441828727396792,0.5200883002207506,0.4934510250569476,0.4659590043923865,0.4401500938086304,0.41694610778443114,0.3976371951219512,0.38323643410852715,0.373262821301193,0.36797752808988765,0.3671287128712871,0.37044483538577533,0.3778698979591837,0.3887449392712551,0.40334018499486124,0.4217873450750163,0.44379139072847684,0.46952051201342987,0.49847013436211257,0.5325721961047682,0.5694062962180435,0.6093047845625165,0.6517038007863696,0.6940418679549114,0.7374031007751938,0.7763688760806916,0.8097494922139472,0.837984496124031,0.8580560420315236,0.876290832455216,0.869939089931924,0.8492403583950137,0.8232770550788818,0.7977919814061593,0.7748872180451127,0.7528107432854466,0.7358309317963496,0.7206630559658624,0.7050956492297275,0.6917998610145935,0.6813829787234043,0.6616611049314053,0.6444918541505043,0.6315364425600646,0.6219281663516069,0.6140580659244707,0.5912192227825571,0.5806697108066972,0.5730337078651685,0.55477078891258
900.0,60.0,1.837345003646973,1.3142857142857143,1.5563002680965148,1.77319309600863,1.8624363131079202,1.837799717912553,1.7432365961633054,1.6194462330972312,1.4939662107803702,1.3753637245392822,1.2779552715654952,1.1953781512605042,1.1272537624795111,1.0756134201301952,1.031319495922906,0.9963227783452503,0.969120608637279,0.943276283618582,0.9264080765143464,0.9084628670120898,0.8922454064154469,0.876265466816648,0.8675880517164511,0.8762454116413214,0.8924665856622114,0.9216235129461162,0.9585326953748007,1.0063006300630064,1.0694374049670552,1.1371086243924493,1.1982554517133956,1.2545205479452055,1.3180808529542425,1.3789574672209786,1.4337431693989071,1.4814280562567617,1.4857196898051825,1.5337917485265227,1.5712512926577042,1.556820577693443,1.579038921504675,1.576457399103139,1.5784671532846715,1.6005191127890515,1.5632777647335054,1.563397129186603,1.589153046062407,1.572247135027404,1.5755414012738853,1.5305164319248827,1.5145888594164456,1.4873247033441208,1.479524073049253,1.4753820033955858,1.4137339055793992,1.4552194543297745,1.4157738095238095,1.379982019778244,1.4012383900928793,1.3829854522454144,1.3693579148124602,1.3555555555555556,1.3646859083191851,1.3467826086956523,1.320842255531763,1.3085106382978724,1.2245762711864407,1.1805474665113571,1.1758620689655173,1.3274732850741124
400.0,50.0,1.6742969260954872,1.2235600390497885,1.6083262531860663,1.9205071098166866,2.059149184149184,2.0682819383259914,1.9957160342717257,1.884185303514377,1.7594433399602385,1.6413809580695258,1.5324384787472036,1.4366693354683746,1.3527923368877643,1.279701973419251,1.2159697508896796,1.1592682926829267,1.108776595744681,1.0636389933468324,1.0219160926737634,0.983429151166723,0.9471188913202042,0.8636363636363636,0.7877529839128179,0.7188264058679706,0.6572649572649573,0.6046242774566475,0.5635327635327635,0.5338753387533876,0.513640291322059,0.5028579394953298,0.5002338269680436,0.5017379214459506,0.5089660434948493,0.516203219736567,0.5254928619986404,0.5355841632256497,0.5452196382428941,0.5545281479466957,0.5582271147161066,0.5673335323977307,0.5711622125543816,0.5735056542810986,0.5764394440767703,0.5740358126721763,0.5790017211703958,0.5769095388947554,0.5703324808184144,0.569060773480663,0.5633962264150943,0.5551257253384912,0.547244094488189,0.5380304243394716,0.5281545417180435,0.5185029436501262,0.5121225010633773,0.5030918727915195,0.49889135254988914,0.49463806970509383,0.48935185185185187,0.48602558029369963,0.48379408960915155,0.48003933136676497,0.4769625448948178,0.4747496046389036,0.4726532826912642,0.47013422818791945,0.4385239852398524,0.4352497643732328,0.4529944289693594,0.496198347107438
1300.0,80.0,1.28226724334168,0.8124581379772271,0.9575346992729676,1.1384778012684988,1.2630208333333333,1.3091951582076875,1.2957724343862957,1.2513484358144553,1.1988795518207283,1.1430062630480167,1.102263202011735,1.0672227674190382,1.0390050876201244,1.0249520153550864,1.0093056549749464,1.0,0.9965187119234117,0.988560533841754,0.9914176403681109,0.9881524533363139,0.9838437424644321,1.0073181231166595,1.0271812080536913,1.0620889748549323,1.0953005464480874,1.1400787789266371,1.184455391351943,1.2365883062085594,1.30531561461794,1.3718738673432402,1.4247753028526768,1.4704890387858347,1.5212148280482358,1.5702087286527515,1.6101694915254237,1.6412649040953862,1.6233905579399142,1.658590308370044,1.6854514088556642,1.6529309344167151,1.665279429250892,1.652837095790116,1.6466954910438543,1.6668793873643906,1.6194690265486726,1.617117117117117,1.644,1.6246648793565683,1.6282578875171467,1.5815752461322081,1.5647816750178956,1.538293216630197,1.5326331582895725,1.5295926210607225,1.4661478599221789,1.5105008077544426,1.4695863746958637,1.4333605887162715,1.4576988155668358,1.4382022471910112,1.424847958297133,1.4123434704830053,1.4232558139534883,1.4061010486177312,1.3809990205680704,1.3697250478396616,1.2895456320791563,1.2432913029421273,1.2323580034423407,1.3630725190839694
25000.0,10.0,0.7502685284640171,0.512186865267434,0.5391937290033595,0.5593724859211585,0.5753484320557491,0.5946253376937296,0.6124954857349224,0.625615763546798,0.6328528691868371,0.6350649350649351,0.6344168260038241,0.6327985739750446,0.631633178773828,0.6319526627218935,0.6332205683355886,0.6352850539291217,0.6375,0.6396636993076162,0.6416359369761985,0.6422364941443143,0.6418756197761722,0.6355563952389949,0.623,0.6069078947368421,0.5900086132644272,0.574957888826502,0.5615889212827988,0.551555136663525,0.5450455927051672,0.5419142946512355,0.5418422636965683,0.5448240431543796,0.5506723515906855,0.559548683660677,0.5708975039830059,0.5853872053872053,0.6027257240204429,0.6239114073755511,0.6479426096372496,0.6759823848238482,0.7065767284991569,0.7397188964081207,0.7745627980922098,0.8084452975047984,0.8406718111665911,0.868713605082054,0.8923357664233577,0.9091530054644809,0.9183673469387755,0.9198943661971831,0.9017526777020448,0.8734006033496307,0.8432574430823118,0.8150848809388174,0.7904627672069533,0.7680649854510184,0.7499378573204076,0.7338596714631351,0.71849234393404,0.7051488334674175,0.693950177935943,0.6736676668095443,0.6569212410501193,0.6437548487199379,0.6345161290322581,0.6269881131759585,0.6183136899365367,0.6169531022429362,0.6173733195449845,0.6254713028906578
9000.0,60.0,0.41834191726200365,0.42871319880913,0.3764367816091954,0.3764367816091954,0.38208469055374594,0.39666498231430014,0.4176556776556777,0.4410757453666398,0.46477560261020107,0.4853315245039851,0.50314993700126,0.5160394038898711,0.5245462659922642,0.5288659793814433,0.5305882352941177,0.5298540468819106,0.5259259259259259,0.5210757409440175,0.5151699029126213,0.5080213903743316,0.5005147058823529,0.4792592592592593,0.457086522848527,0.4350217076700434,0.41470429624303434,0.39768167632634865,0.3855920507866409,0.37759618658495064,0.37490542244640607,0.37789309807991694,0.385632183908046,0.3983451536643026,0.41595744680851066,0.4361437210956955,0.46335421827189277,0.4937788837539993,0.5297812432315356,0.5708289611752361,0.6109519261381725,0.6674311926605505,0.720292504570384,0.770102536427415,0.833756345177665,0.8928035982008995,0.9667235494880546,1.025390625,1.069289226642825,1.127177700348432,1.1672449687716864,1.2399735930021456,1.299904671115348,1.3261656376410476,1.3142591300302395,1.3142929677583144,1.3014765100671142,1.2640481651376148,1.2663860493084786,1.245195288282703,1.213002286834368,1.1980841601094765,1.1900739176346358,1.1652239367707942,1.1348631239935587,1.1194029850746268,1.1045987376014428,1.0885714285714285,0.9161196207148067,0.8424181360201511,0.8138709268416381,0.7041036717062635
1900.0,80.0,0.8704035874439462,0.5486714519581917,0.6519561815336463,0.784741144414169,0.8793326435592344,0.9174809989142236,0.9156187954996691,0.8949579831932774,0.872591671845867,0.8499210110584519,0.8409708737864078,0.8357035495432998,0.8330401840075767,0.8419910063575748,0.846140350877193,0.8533620858655165,0.8648180242634316,0.8678929765886287,0.8826437678896696,0.8882618510158014,0.8916030534351145,0.932191031717098,0.9616695059625213,1.0004889975550122,1.0329489291598024,1.0751231527093597,1.1152010906612133,1.1641679160419791,1.2315963606286187,1.2974683544303798,1.3509286412512218,1.397564849126522,1.4488029672923457,1.4955170352659892,1.5314070351758795,1.5575267414557787,1.5330728815842651,1.5616815988973123,1.581141296535863,1.5427993059572007,1.5500665582014495,1.5327471194663433,1.5224589912616895,1.538985736925515,1.490048581727002,1.4864303959131546,1.5126078301260784,1.4924924924924925,1.4967465753424658,1.4513913349771046,1.4370050395968323,1.4124033860875966,1.406950246866692,1.4047619047619047,1.344090279152643,1.3870103092783506,1.3486733001658375,1.3136107045787162,1.3370908302623021,1.3203905036609718,1.3080357142857142,1.297813578826237,1.310865915087551,1.2972174341295248,1.275766016713092,1.2680062630480167,1.2164024810475533,1.1889420983892034,1.183991683991684,1.3071045576407507
1700.0,30.0,0.8836565096952909,0.5488667271078875,0.6457907873837078,0.7785642062689585,0.8724852071005917,0.9054903960564338,0.8949323427964977,0.8646271510516252,0.8356661482633488,0.8101604278074866,0.8049044056525353,0.8076846307385229,0.8143410397840629,0.8365034399028733,0.8526042462196426,0.8721009549795361,0.8960135389244077,0.9082455052696838,0.9341250280080663,0.9482716944645878,0.9583983359334374,1.019835215135795,1.0625655365256903,1.1125098347757671,1.1497187364777153,1.1934410646387832,1.232318017552917,1.2767260579064588,1.3385636692818346,1.3971447112264763,1.4399171270718232,1.4760501105379513,1.5158301158301157,1.5506893755068938,1.5772151898734177,1.5951346655082537,1.5627782724844168,1.5842391304347827,1.596622889305816,1.5559736594543745,1.5584291187739463,1.5391389432485323,1.5256410256410255,1.5386959171237051,1.490066225165563,1.4843511061270263,1.5071240105540897,1.486858838490886,1.4882308276385725,1.4415916416583305,1.4254981884057971,1.4002077802147062,1.392946205913787,1.3889227023737067,1.3287316652286454,1.3687580025608195,1.3323045267489713,1.2969681264576316,1.3188094918889932,1.301904892421543,1.2897492422154864,1.2784630653622573,1.2897802683969917,1.275434618291761,1.2531822415398945,1.2445686900958466,1.1862888101687852,1.1557762676424463,1.1497824735860782,1.2697784810126582
35800.0,40.0,1.9167583425009167,0.6323351220356587,0.6000730460189919,0.5816856780735108,0.5636454183266932,0.5577121011615939,0.5575368028198217,0.5596614950634696,0.5620573984345881,0.565112926477655,0.5699088145896657,0.5781391830559758,0.5898698884758364,0.6062796476168963,0.6256626342259073,0.6474213428478754,0.6702495201535509,0.6926895306859205,0.7141352987628323,0.7335164835164835,0.7502641775272983,0.7821146245059288,0.8028552005438477,0.8185767097966729,0.8360248447204969,0.8570954356846473,0.8830601092896175,0.9114819004524887,0.9394157951676885,0.9636608344549125,0.9831613253666486,0.9961089494163424,1.0037565740045078,1.0069204152249136,1.0068493150684932,1.0063235935455734,1.005540166204986,1.0055197792088317,1.0066021126760563,1.0079488778054864,1.0092811339858252,1.0105878057685287,1.0112033996523082,1.0115376547094608,1.0108927808628791,1.0099435028248587,1.0090575275397797,1.0070778564206269,1.0048218590945621,0.9979792147806005,0.9889638258736971,0.9792477302204928,0.9690972222222223,0.9597785977859778,0.9522525991528686,0.9429879317519767,0.9370719178082192,0.9318282425852147,0.92406264831514,0.9176235646530204,0.9133333333333333,0.9035476718403548,0.8934624697336562,0.8855109961190168,0.8796680497925311,0.8736141906873615,0.8415892015790144,0.8229464455879549,0.8078994614003591,0.8110351562499999
15000.0,10.0,0.17285429141716566,0.7550387596899225,0.8656873032528857,0.884037558685446,0.8627164615063635,0.838150289017341,0.8151340996168582,0.7958333333333333,0.779690949227373,0.7662271805273834,0.7547495682210709,0.7438551099611902,0.7339581831290555,0.7237450199203187,0.713672217353199,0.7022051773729626,0.6907227277481435,0.6782707622298066,0.6652667984189723,0.6513122656668452,0.636745939675174,0.5978835978835979,0.5568619067977768,0.5156290364246965,0.4766355140186916,0.4414853713428357,0.4109706546275395,0.3860174102285093,0.3664257555847569,0.35158982511923687,0.3416023166023166,0.33576299083000233,0.33342902253480694,0.3343876295905816,0.3386540120793788,0.3456331298115211,0.3557156894857517,0.36901579586877276,0.3858362631843295,0.40636704119850187,0.4309246309246309,0.4604651162790698,0.49558164871080984,0.5362756952841596,0.5832705350414469,0.6364700374531835,0.6952243125904486,0.7591474245115453,0.8259179265658747,0.9612068965517241,1.0802315963606286,1.1630570595585172,1.202640997161545,1.2008618293021962,1.170929882636172,1.1259930092151256,1.0767068937014384,1.028137789904502,0.9819740987049352,0.9396706050841389,0.9011511054266399,0.8341555977229601,0.7796776729559748,0.7357186420004066,0.705338377469525,0.6819956616052061,0.6470588235294118,0.6337931034482759,0.625148750495835,0.5864330251558805
300.0,60.0,2.3310849434091687,2.062178828365879,2.3543939082115664,2.4528920203178766,2.387543252595156,2.2608169440242056,2.1048448145344434,1.9409070087036189,1.7807255008121279,1.6319095477386936,1.4953338119167265,1.375506893755069,1.2715712988192551,1.1804435483870968,1.1017364203027604,1.0329051987767583,0.9725458684880139,0.9189110070257611,0.8703556051666401,0.8263057435363526,0.7857008111677042,0.6962757344436734,0.6208744710860367,0.5571526351813826,0.5059744540585085,0.46511627906976744,0.4359716479621973,0.4181052631578947,0.4088407005838198,0.4076847290640394,0.4157121369894713,0.42669019820798265,0.4457034938621341,0.46680043779642466,0.4894240837696335,0.5164051355206847,0.543239625167336,0.5720238095238095,0.5950468540829986,0.6216998191681736,0.6444619629483642,0.6672369546621043,0.6857402361489555,0.6967615309126595,0.7126379137412236,0.7221929362150765,0.7275803722504229,0.7332175925925926,0.7351515151515151,0.7378205128205128,0.732620320855615,0.7272727272727273,0.7239621267297888,0.7127562642369022,0.7069260700389105,0.7003297609233307,0.6896494156928215,0.6883701188455009,0.6817694369973191,0.6730804810360778,0.6694470477975633,0.6611822660098522,0.6535078534031413,0.6461538461538461,0.6392304189435336,0.6321360608943863,0.5688674366488536,0.5277906438165817,0.5376631079478055,0.4042095416276894
600.0,90.0,1.6185350485691783,1.2384909050078599,1.4038076152304608,1.4960247349823321,1.4889187374076562,1.4267161410018554,1.340305325159274,1.2453869047619048,1.1565403859899928,1.0775988286969254,1.0086830680173662,0.945975443383356,0.9020871700429711,0.8611869031377899,0.8235294117647058,0.7971014492753623,0.7743102668475803,0.7546983184965381,0.7394101876675603,0.7214161346488682,0.7083595223130107,0.6862774829416225,0.674841628959276,0.6719469121267259,0.6627719080174022,0.6748483973433439,0.6922949735449735,0.7048565535345959,0.7317281056893246,0.762087123025371,0.791721942159724,0.8174837566450088,0.8478120978120978,0.8795478629459554,0.8973573343546534,0.9281314168377823,0.9268826619964974,0.9455216989843028,1.0039980009995002,0.9748071979434447,0.9708108108108108,1.018202502844141,1.011137162954279,1.0136561142147735,0.9863945578231292,0.9903969270166453,1.0210454854039375,1.006198347107438,1.0236559139784946,0.9992498124531133,0.9914529914529915,0.9822866344605475,0.964527027027027,0.9735915492957746,0.9377256317689531,0.95727969348659,0.9583899127061106,0.9209279368213228,0.9195127030403999,0.9491744901262544,0.9363586659376708,0.9040229885057471,0.9189585625229189,0.9132705043301069,0.8979808714133901,0.8836661120354963,0.8561480302427378,0.8400735294117646,0.8504551365409623,0.9678571428571429
3000.0,50.0,0.7414370078740158,0.4780793319415449,0.5439971243709562,0.6211532715864954,0.665118819994537,0.6727924697445092,0.6620945945945946,0.64573055028463,0.6358564726765563,0.6244321868916288,0.6283400809716599,0.6281614785992218,0.6294474978304888,0.6381623071763917,0.6392623895505186,0.6423611111111112,0.6484261501210654,0.6475365457498646,0.6563614744351962,0.6566970091027308,0.6551846590909091,0.681590319792567,0.6988683127572016,0.7269332690917851,0.7493124312431243,0.7860413705984526,0.8240773916159083,0.8730543763897312,0.944918183913344,1.0192507804370448,1.084033613445378,1.1466494011006798,1.2102112676056338,1.2710889570552146,1.3180139515798113,1.3498705780845557,1.330481764970734,1.3603896103896105,1.3865752082312592,1.345679012345679,1.3565970453387672,1.3435194942044257,1.3360128617363345,1.3617977528089888,1.3109383675735702,1.3144654088050314,1.3553268765133173,1.3396689147762109,1.3559105431309904,1.3266129032258065,1.3251748251748252,1.3150984682713347,1.322085889570552,1.3309294871794872,1.2728019720624486,1.3275412684622068,1.2899824253075571,1.2571428571428571,1.2869158878504674,1.2736030828516378,1.2626459143968871,1.2572122684482234,1.275667624215342,1.2657949675859796,1.2467325832480964,1.2426383981154299,1.1971511816121723,1.1626594187748276,1.154883011190234,1.214641080312722
10000.0,40.0,0.3251133272892112,0.47023611572996343,0.4885318783469738,0.520977675134719,0.5310802655401328,0.5381974248927038,0.5464101091326824,0.5556047197640118,0.5665745856353591,0.5769532563613945,0.5865436062065276,0.5933635936766317,0.5972597800612944,0.5984848484848485,0.5972829841123647,0.5939425051334702,0.5885194657573174,0.5815847165674913,0.5732462173314993,0.5642184557438795,0.5543657331136738,0.5273937532002048,0.49860494610019024,0.4702194357366771,0.44328502415458937,0.4196811042360781,0.4004100761570006,0.38594594594594595,0.3764418811002662,0.37199124726477023,0.37200674536256323,0.37644852021675695,0.38511843460350154,0.396882951653944,0.4133070866141732,0.433398247322298,0.45772103107684897,0.4864583333333333,0.5177487585065293,0.5583030852994555,0.6016192071468454,0.6482051282051282,0.7042606516290727,0.7620988283239939,0.8328230251071648,0.8995601173020528,0.9616724738675958,1.0326197757390418,1.0934877674033803,1.206213828815108,1.2934904601571269,1.3393833369779138,1.3393954288522978,1.3269386652256148,1.2992216777169212,1.2455126254943718,1.2177368086458995,1.1780911774352247,1.1280135823429542,1.090749824807288,1.0624775583482944,1.0041509433962263,0.9493670886075949,0.9095041322314049,0.8796895213454075,0.8518850987432675,0.7269919703520692,0.683533173461231,0.6648571428571429,0.6026849471579548
500.0,10.0,521.150971599402,204.95599814729042,107.15203426124198,62.72681871150325,39.3991253089941,26.12401448966546,18.350058343057174,13.889310083396513,11.291723202170964,9.771808203350666,8.831847525361205,8.180640984137261,7.882312692439275,7.605329492257832,7.311303041682313,7.24677356276887,7.218570254724733,7.232375979112271,7.209510991475998,7.168224299065422,7.250859106529209,7.458622530699412,7.67266395821242,7.908863920099876,8.255578093306289,8.494236311239193,8.911196911196912,9.22824302134647,9.520905923344948,10.075117370892018,10.292397660818713,10.499897561975004,10.930560069331602,11.25098347757671,11.216685979142525,11.70571010248902,11.735754539762052,11.605440447438667,12.301619162317678,12.196649870625086,12.167930356641392,12.399885583524028,12.666369578134283,12.73547400611621,12.873671044402752,12.723851340755841,12.811649863978237,12.968621652702481,12.842798353909464,12.996725831466483,13.025875726104559,13.072002923976607,13.179059180576632,13.934760448521915,13.973538198890312,15.133876600698487,16.145153189352087,16.698087799622947,17.36826950763029,18.688019710502,20.15126050420168,21.76923076923077,23.863049095607234,26.12373127114548,29.373235460191985,26.56930430164631,564.3421998562185,47874.720357941835,47962.16680997421,62935.08936970838
1100.0,40.0,1.5316017316017316,0.9531656548135299,1.1230078563411896,1.3351898734177214,1.4715852442671984,1.5043493389004872,1.4606926882902693,1.3815052041633307,1.3027322404371584,1.231638418079096,1.19193689745837,1.1691438141092736,1.159599169008921,1.1716791979949874,1.1808244846970644,1.1959599447513811,1.2175716440422322,1.2275805458649702,1.2529217199558986,1.2646712231911383,1.2728643216080402,1.3327561327561328,1.3717990275526741,1.4188462916517377,1.4515128006206361,1.4916107382550337,1.5258194881005838,1.5646778042959428,1.6214977075904229,1.6729627630868862,1.7066817667044167,1.731823599523242,1.7612584824182604,1.7901155327342748,1.809933774834437,1.8218157181571815,1.7835408022130015,1.8037841625788367,1.816931982633864,1.7711803041274439,1.7746686303387333,1.7524381095273818,1.7386706948640482,1.7503875968992249,1.699616858237548,1.6923076923076923,1.7125700560448358,1.6907630522088353,1.6895986895986896,1.6349206349206349,1.6157760814249365,1.5839793281653747,1.5736981465136806,1.5671776375112714,1.5,1.5424528301886793,1.499526963103122,1.4605137963843957,1.4823182711198428,1.4622404974425836,1.4467056215998388,1.4321192052980132,1.4403866809881847,1.4215039577836412,1.3933040243490025,1.3794301598332175,1.2830581585601666,1.2314644042788638,1.2198689956331878,1.354679802955665
800.0,20.0,7.182738521321198,3.7871503496503496,4.020714655618851,4.559173947577443,4.85310119695321,4.728260869565218,4.321218599679316,3.82319255547602,3.3791257805530774,3.0163072067332983,2.783431102597869,2.6189534730459996,2.5042881646655233,2.444816562642716,2.388755020080321,2.3500755921384178,2.326473665852808,2.290685030808264,2.281290803954486,2.252442060907872,2.2222222222222223,2.2159916926272065,2.191572545612511,2.1847752428281004,2.1640751914597356,2.1568111084510413,2.140019617459539,2.128878878878879,2.137577002053388,2.139638459523186,2.1255653099228518,2.1076379450937757,2.10197910940077,2.1016806722689076,2.0995732574679944,2.095512082853855,2.0450974687227235,2.0583235638921455,2.0657657657657658,2.016791604197901,2.0169954476479512,1.9923029556650247,1.9774203526136716,1.9867382380802021,1.9353730877302529,1.9258908861557869,1.9444264943457188,1.9194956353055286,1.916940249507551,1.8586161011310711,1.8360765871682903,1.802511028164235,1.791767554479419,1.7850861765740416,1.718185040765686,1.7615918218327857,1.7194586686174105,1.680014695077149,1.7034378541745372,1.6828143021914648,1.6678240740740742,1.6512820512820512,1.6596091205211727,1.6385892116182572,1.6079593564775614,1.5935064935064935,1.496580746975276,1.4389027431421446,1.4261119081779052,1.606352902045568
800.0,30.0,2.5432835820895523,1.5792420327304049,1.8475106050457692,2.181634201871996,2.3693379790940767,2.3617571059431524,2.2193877551020407,2.023076923076923,1.8359938208032955,1.678734507501631,1.5782798256044392,1.5134508348794062,1.4748010610079576,1.4688796680497926,1.4637964774951076,1.4684620836286322,1.483231707317073,1.4848979591836735,1.504325259515571,1.5086599817684594,1.5091083413231063,1.5531596925704525,1.5745920745920745,1.6041169825530313,1.6184280403611258,1.6395054790671537,1.6519434628975265,1.6682013505217925,1.7006584229966275,1.7281683085657038,1.7387558159572636,1.74205073240443,1.7534722222222223,1.7668423033496425,1.7741190063547083,1.7780172413793103,1.7364649681528663,1.7523138832997989,1.7609190643759056,1.7170358103912233,1.7177656446871064,1.6958564715933362,1.682062298603652,1.6911570611526616,1.6430434782608696,1.6344038715354157,1.6517412935323383,1.6289920724801812,1.626700484205672,1.5735052754982415,1.5522069292833411,1.521153846153846,1.5101990661096092,1.5037593984962405,1.4414368833797115,1.4806485355648535,1.4416469971151324,1.4054339224479029,1.426006528835691,1.407325194228635,1.3934243521872387,1.379073756432247,1.3872592592592592,1.3688673531193216,1.34221946683199,1.3296249205340114,1.2496,1.2095749877870055,1.205848623853211,1.3611188811188812
1100.0,50.0,1.5488625440563921,1.001992867631634,1.1903871829105475,1.4091435185185186,1.5494791666666667,1.5898542903399893,1.5569688768606225,1.4845516201959306,1.4023727137913988,1.3205445544554455,1.256544502617801,1.2026315789473685,1.1609578660200062,1.1354499771585198,1.1122305828338221,1.096674182638106,1.0885529157667386,1.076456719434153,1.0772594752186588,1.0718633418417436,1.0663006756756757,1.0875311720698255,1.1070601851851851,1.142336974511751,1.1776951672862455,1.2236076475477973,1.2705558107487367,1.3249496981891349,1.3955922865013775,1.4638374178123132,1.5198973042362003,1.5661157024793388,1.616557734204793,1.6646201074443592,1.7036144578313253,1.7337770382695508,1.7141630901287555,1.7486818980667838,1.773308957952468,1.7394106813996317,1.7514124293785311,1.7360308285163777,1.7283349561830574,1.7457134262508773,1.6981132075471699,1.6940772878619716,1.7184243434764486,1.6980539861895794,1.6992625841615903,1.6475597772682606,1.6293256433007985,1.5994138863841298,1.590567564443417,1.5845444877702943,1.5181557572861921,1.5629253805222125,1.5197417432331761,1.4810648668916386,1.504002065582236,1.4843132085420512,1.4701986754966887,1.456376752415952,1.4657243816254417,1.447178002894356,1.4193261095443075,1.4065598779557589,1.3138099902056808,1.263157894736842,1.2530846484935438,1.3946991404011462
10000.0,50.0,0.3301983002832861,0.47385103011093505,0.4915353867857983,0.521835024261138,0.5301369863013699,0.5355587808417998,0.5410702772404901,0.5467821782178218,0.5528530377668309,0.5578527836592353,0.5618144085383932,0.5635387811634349,0.5631474103585657,0.5608322026232474,0.5571101500890359,0.5516458569807038,0.5449685534591195,0.5369663311350226,0.528827796869034,0.5194805194805194,0.509641873278237,0.48323765786452355,0.45582558970693354,0.42857142857142855,0.4035164835164835,0.38170947139557004,0.36433848220282067,0.3517827529021559,0.34409428644632334,0.3414711477488903,0.3434458398744113,0.34963503649635036,0.36025331724969845,0.37419596110695585,0.39312267657992567,0.4154094207071289,0.44246145059965736,0.4742140586365242,0.5079816313142357,0.5519935344827587,0.5980132450331126,0.6475111290975314,0.7057086614173228,0.7634408602150538,0.8338068181818182,0.8981481481481481,0.9545094152626362,1.0186349605579055,1.0701846274715203,1.15956749672346,1.221180148495506,1.2461538461538462,1.2366016300321068,1.2194466827827022,1.1930622689792436,1.1489617815227204,1.1258609893550406,1.094577146546159,1.055144586415602,1.0257570483814828,1.0042826552462527,0.9581763376036172,0.9141153081510934,0.882034180908712,0.857267568747272,0.8343222272934733,0.7189119170984456,0.6732765957446809,0.6513441411861276,0.5854420493595751
3000.0,40.0,0.7368587213891081,0.4709371293001186,0.5316151202749141,0.6030096739519886,0.6427786326665201,0.6472727272727272,0.6344026548672567,0.6166014095536414,0.6062427501845408,0.5948404616429056,0.599727474024868,0.600739371534196,0.6039725355566454,0.6145299145299146,0.6175989532221132,0.6222715501294858,0.6303180503923999,0.6310679611650486,0.641298833079655,0.6428175263449806,0.6432465172622653,0.6746872700515084,0.6960698689956332,0.7282641932524717,0.7537088548910524,0.7931812151764394,0.8330833833233353,0.8831365935919055,0.9566717791411042,1.030838904464093,1.0955459770114941,1.1571085622832755,1.2195545270465722,1.2786679233427585,1.3240523314324053,1.3543279380717805,1.3328445747800586,1.361100640784018,1.3862370723945903,1.3448137765318382,1.3545191910854313,1.341296928327645,1.3330442324371206,1.3586363636363636,1.307139649753031,1.3106796116504855,1.3507827788649707,1.3361427863163113,1.3517561983471074,1.3213897937024972,1.320520067834935,1.3093694755450795,1.3174209547427154,1.325777202072539,1.2669322709163346,1.321629213483146,1.2859174964438123,1.251985559566787,1.2821482602118004,1.2681215900233826,1.25748031496063,1.2532786885245901,1.271551724137931,1.2617987533392698,1.2421731123388582,1.2387774594078318,1.192292516112061,1.1575633826782372,1.1500207210940738,1.208478513356562
600.0,80.0,1.5960080848913594,1.22497308934338,1.3820867079561696,1.4676409185803758,1.4579380139152436,1.3958151700087185,1.311864406779661,1.218583823117828,1.1306541113166302,1.0522167487684728,0.9833977712076416,0.9209170530654301,0.8761241659413983,0.8353776630083926,0.7977849231868525,0.7710133542812254,0.747852233676976,0.7277856135401974,0.7124616956077631,0.694905869324474,0.6812725090036015,0.6592296511627908,0.6473867595818815,0.6439871781615139,0.6358262967430639,0.6478199718706048,0.6657498786604109,0.6798746774788057,0.7077375946173254,0.7393881906568651,0.7711193241816262,0.798879386611619,0.8310767246937459,0.865152590489709,0.8846450617283951,0.9174958540630183,0.9189548272807795,0.9382600561272217,0.997467071935157,0.9702505219206681,0.9676002196595277,1.015028901734104,1.0089392133492252,1.0119873817034701,0.9861548143486469,0.990228013029316,1.020703933747412,1.0055983205038488,1.0218340611353711,0.997716894977169,0.9905437352245863,0.9804241435562806,0.9632478632478633,0.9715302491103203,0.935278030993619,0.9542028985507247,0.9551859099804306,0.9176119402985075,0.916229817571818,0.9452828140267072,0.9326880774307083,0.9003464203233257,0.914990186457311,0.9093346954411953,0.894064413095555,0.8796668979875086,0.851741884402217,0.8359802134860713,0.8465744612415568,0.9656387665198237
300.0,70.0,1.9688359303391385,1.8580593424218124,2.049884881043745,2.0995517810804434,2.0428015564202333,1.951673640167364,1.8403731536667531,1.7176616915422886,1.5941499085923219,1.4738617200674535,1.3654309099662976,1.26580226904376,1.1814882032667877,1.1085063630274614,1.045018450184502,0.9919093851132686,0.9453262786596119,0.903757225433526,0.867877269881027,0.8358545947166404,0.8069682151589243,0.7471569930586324,0.7018754423213022,0.6691207404291123,0.6505283853526665,0.6389288799308955,0.6384820239680427,0.6465878764773161,0.6571679088119246,0.6734795613160518,0.6955791829882485,0.7155499367888748,0.7409217877094972,0.7622759158222915,0.7840068787618228,0.8055243445692883,0.8253807106598985,0.8442052620134812,0.8567648827420324,0.8729821048679764,0.8845484949832777,0.894729303924377,0.9037369207772795,0.9082835459389634,0.9160071070909385,0.9197488971835766,0.921028466483012,0.9235393575051664,0.9239324726911619,0.9244321800042453,0.9224389150414705,0.91960274296524,0.9168356997971604,0.911566459962254,0.9082748948106593,0.9038754958803784,0.8991570402747424,0.8974276527331191,0.892894280762565,0.8879152975538518,0.8853193873739261,0.8794354838709677,0.8724624889673434,0.8673565380997178,0.8615153035624685,0.8553829673272629,0.7981634527089072,0.754968690443779,0.744952769031302,0.6351612903225807
35800.0,50.0,1.9468485418626529,0.6256923732424372,0.5938337801608579,0.5767387944358578,0.5597141472868217,0.5547028377654828,0.5551646142246796,0.5578695800614544,0.5608108108108109,0.5642111368909513,0.5695014662756598,0.5782133090246125,0.5904410118647863,0.6067644661776691,0.6263269639065817,0.6482382713646097,0.6711919005982513,0.6933261280734937,0.714735516372796,0.7338680277068903,0.7511559478772594,0.7831962397179788,0.8037842190016103,0.81974716652136,0.8373379933012961,0.8582479210984336,0.8841972187104931,0.9123661148977604,0.9388341543513957,0.9620253164556962,0.979951397326853,0.9927953890489913,1.0,1.0028436018957345,1.0032,1.0024816828173009,1.0019488112251527,1.0019751693002257,1.0031426775612822,1.0044843049327354,1.0057368232341342,1.0067711356161733,1.0075525617472953,1.0081949058693245,1.0074123989218329,1.0066460954189413,1.0059171597633136,1.0045092838196286,1.0028113578858588,0.9969724492885256,0.9890745501285347,0.9806188371302278,0.9719183078045223,0.9639115250291036,0.9570676387201296,0.9495171202809481,0.944469525959368,0.9397477814105558,0.9327646763672856,0.9270998415213946,0.9234527687296417,0.914756025867137,0.9054054054054054,0.8988300068823124,0.8931466470154753,0.88801261829653,0.8575365114356572,0.8395755305867665,0.8245416078984485,0.8268878595281698
1700.0,20.0,0.9334442595673876,0.5638535031847134,0.6592781482934484,0.8014028934677773,0.9104220499569337,0.9560997461549948,0.952514619883041,0.9256756756756757,0.8987167736021998,0.8799526907155529,0.8778513612950699,0.8833922261484098,0.9021095292528317,0.9217817052782422,0.9487976222642529,0.9774062358788974,1.0054690089492875,1.0287011807447775,1.0581304006284367,1.0745512143611404,1.0871632329635499,1.1510279388508171,1.2023381294964028,1.2486595174262736,1.2920483693660683,1.3382706164931946,1.386343993085566,1.4253938832252084,1.4857713429855217,1.5306666666666666,1.5767494356659142,1.648502994011976,1.645846346033729,1.7004578155657293,1.7042062415196744,1.7040389972144847,1.7034925160370635,1.719044170890659,1.7408239700374533,1.6676669167291822,1.6768525592055004,1.6749805144193297,1.6567164179104477,1.6734033953112368,1.6182108626198084,1.6293592862935928,1.5947986577181208,1.5732323232323233,1.636520241171404,1.5687830687830688,1.5574506283662477,1.5255941499085923,1.5291353383458646,1.4985563041385948,1.462962962962963,1.4834664779047426,1.4366940806173216,1.409142039063299,1.4642139761074109,1.4654427645788337,1.3881050575211635,1.3925463066279848,1.4060507708357481,1.4033004867624361,1.3885505481120584,1.356293049467752,1.2986403366785368,1.265807490938381,1.2583868665239115,1.3912009512485137
6000.0,10.0,0.691358024691358,0.38230547550432276,0.30973451327433627,0.27985257985257983,0.2613254652746255,0.2518518518518518,0.25468215994531784,0.26808417360806663,0.29321175278622086,0.3162882527147088,0.3518987341772152,0.3739252336448598,0.3955352738036507,0.41395277048927304,0.4233548877900342,0.42918943533697634,0.437015244717839,0.4425761421319797,0.45027124773960214,0.4514543219991807,0.4528783658310121,0.47681159420289854,0.49307984790874526,0.5212605832549388,0.5406885758998435,0.5833333333333334,0.6203688853247795,0.6613353170913149,0.7253059440559441,0.7804695304695305,0.8202059560256053,0.8642207588585764,0.9008152173913043,0.9473094170403588,0.9846588615260395,1.0124356775300172,1.0022696323195643,1.0365448504983388,1.0844997407983412,1.0553797468354431,1.0859854829704076,1.096085409252669,1.1065270935960592,1.1619812583668006,1.1170212765957446,1.146685472496474,1.226032735775526,1.2306451612903226,1.280243690165361,1.2982625482625483,1.345282024248814,1.3804636143466729,1.4373010821133037,1.4926409330741461,1.4479564833872391,1.5641524736415247,1.5363437972133624,1.514749519986036,1.5911153119092627,1.5959656480926703,1.6006160164271048,1.6356158292574479,1.7072992700729928,1.728051948051948,1.7345181893918356,1.762258543833581,1.8997389033942558,1.9444009397024276,1.9945612383641877,2.077184054283291
1900.0,90.0,0.8699224098585121,0.5480030721966206,0.6511775938892426,0.7843273231622746,0.8786561264822135,0.91674047829938,0.9145847400405132,0.8937082936129648,0.8717460317460317,0.8490718321226796,0.8409136047666336,0.8355597588367419,0.8332641483326415,0.8426645519429025,0.8471200430647766,0.8546511627906976,0.8666075781076888,0.86980947728383,0.8848097898377228,0.8906835881165273,0.8939157566302652,0.9355679702048417,0.9647826086956521,1.003992015968064,1.036394176931691,1.0777917189460477,1.11875,1.1670480549199085,1.2338099243061396,1.2996323529411764,1.3528827037773359,1.399376142841777,1.4496062093368336,1.4963592233009708,1.5327722519765365,1.557908669755129,1.533624931656643,1.5604026845637584,1.580405306896049,1.5412817128611234,1.548154815481548,1.5315190651906518,1.521455223880597,1.5379299260687882,1.489192625556262,1.4853488748583454,1.5115222876366694,1.4915397631133671,1.4955721479423512,1.4506966773847803,1.436108068638189,1.4115341545352744,1.4062018489984591,1.4038004750593824,1.3431726907630521,1.3862400669176076,1.34798149705635,1.3130434782608695,1.3364116094986807,1.3198289444069322,1.307518115942029,1.2972215736633201,1.3102189781021898,1.2965276042967775,1.275179856115108,1.2674079957638338,1.2156588605382734,1.1881625441696113,1.1835443037974684,1.3062695498436012
1400.0,80.0,1.162396006655574,0.7326923076923076,0.8668332738307747,1.0392006149116064,1.1623563218390804,1.2132701421800949,1.2105449816763212,1.1775884665792922,1.1367631296891747,1.092225201072386,1.0616883116883118,1.035114503816794,1.0141218005295676,1.0060090135202804,0.9955081414935429,0.9900373599003736,0.9904240766073872,0.9842578710644677,0.989430894308943,0.9876977152899824,0.9839015151515151,1.010798650168729,1.0317418677859391,1.0664456832906433,1.0987444859178825,1.1414699162223916,1.1835443037974684,1.2330321982858468,1.2989559460147695,1.3621501801052924,1.4126416219439475,1.4552166934189406,1.5027155465037338,1.5480388629003239,1.5843714609286523,1.6124608150470219,1.591497975708502,1.6229780174201576,1.6473388143660752,1.612734409071086,1.6232142857142857,1.6096109839816934,1.6025937934228809,1.6195028680688337,1.5733901515151516,1.5698458574181118,1.595309381237525,1.5757271815446339,1.5785420944558521,1.5326315789473683,1.5160771704180065,1.4898962315674495,1.4834362717574396,1.4804372842347526,1.4181712288875947,1.4615849969751966,1.422235722964763,1.3861689106487147,1.409753008233059,1.3915857605177993,1.3780091086532205,1.3654618473895583,1.3774373259052926,1.3611705924339756,1.336996336996337,1.3262999246420497,1.2578125,1.217053321996842,1.2092621889831727,1.3408927285817134
6000.0,30.0,0.6779034864927268,0.3726871320437342,0.30067404910929224,0.2720266412940057,0.25411868910540303,0.24593528018942384,0.2494487765528368,0.2626943005181347,0.2858565737051793,0.31411992263056093,0.3455217748562038,0.3655972448794635,0.3970064148253742,0.4087548062703342,0.4163649529326575,0.4312796208530806,0.4364504776269482,0.4443000590667454,0.45137307434695245,0.44871794871794873,0.45293118096856416,0.47197898423817863,0.48380010982976385,0.5027127839945744,0.5145631067961165,0.5456784043339079,0.5808523058960887,0.6113760217983651,0.6563504823151125,0.7024525682554373,0.7429760665972945,0.7802717070289427,0.8118939883645766,0.8680057388809183,0.8811571540265832,0.914501257334451,0.9247985675917636,0.9212264150943397,1.0080820640348152,0.9767491241108398,0.9727775895176777,1.0267695646931148,1.0289126335637964,1.0663286282033713,1.03143364766981,1.0582764133120186,1.1318539958192635,1.1326445592401266,1.1871734822554494,1.2173738991192955,1.2607838843880008,1.2747542555742029,1.3128476821192052,1.3660017346053772,1.3243491577335376,1.420892494929006,1.4233193277310925,1.3801020408163265,1.4179163378058406,1.4956195244055068,1.4972091026191499,1.4706703910614525,1.5436002039775625,1.5757906215921482,1.5781796966161026,1.5825,1.6904367053620786,1.71976647206005,1.7673012318029115,1.8003731343283582
27500.0,80.0,1.140625,0.4860547978867183,0.47878787878787876,0.4832347140039448,0.487657196087564,0.500253164556962,0.514654454621149,0.5275111964171465,0.5371062466631074,0.5438309028346715,0.5488022173826965,0.5534576351191881,0.5590200445434298,0.5655711031565246,0.573262839879154,0.5816993464052288,0.5907953976988495,0.5986277873070326,0.6059206245933637,0.6122599704579025,0.6171404682274247,0.623150762281197,0.6218665055874358,0.6160785886126704,0.608833641893679,0.6015272474835127,0.5961973743775464,0.5935483870967742,0.5925925925925926,0.594294003868472,0.5995822582626859,0.606832298136646,0.6182701652089407,0.6316044595249637,0.6482923906530856,0.6686238532110091,0.6914846188140883,0.7177289769683985,0.7421018697614442,0.773172569706104,0.8003518029903254,0.8259500101605365,0.8511713367018833,0.8703703703703703,0.8905150576977202,0.9036534607676893,0.9114592201600545,0.9188945086705202,0.9210781462090363,0.9198375374091492,0.9111162149747358,0.8981729598051157,0.8829787234042553,0.8682191780821917,0.8562072892938497,0.8410194174757282,0.832658148956061,0.8242852553806618,0.8118206521739131,0.8024079320113314,0.7963702359346643,0.7817829457364341,0.7675,0.756721022476862,0.7477855477855477,0.7397732873336619,0.6991544965411223,0.6776372212692968,0.6617029917422499,0.6555504796710827
15000.0,20.0,0.17106570955273329,0.7232049947970863,0.8178926441351889,0.8425966447848285,0.8354307841239109,0.8242749207896661,0.8122775800711743,0.8005637773079634,0.7894736842105263,0.7782505910165485,0.7673293927995701,0.7558912386706949,0.7446091644204852,0.7334328358208955,0.7216105176663927,0.7091891891891892,0.6960629921259842,0.6825839682369353,0.6684185937864985,0.6536312849162011,0.6382567921665977,0.5974640743871513,0.5547294506402313,0.5122012578616352,0.4718826405867971,0.43587842846553004,0.40476190476190477,0.3797709923664122,0.3601722995361166,0.3458804523424879,0.3367588932806324,0.33163698049194235,0.33050216063179855,0.33278206541712607,0.33825533848250794,0.34674922600619196,0.35874125874125873,0.37349869451697126,0.39185667752443,0.4142566191446029,0.4405267629566695,0.47182873575460643,0.5081463675213675,0.55,0.5974947807933194,0.6502335236118318,0.7078795643818065,0.7685076380728555,0.8304121269540502,0.949535192563081,1.045335658238884,1.1027837259100643,1.1217272614468297,1.108973478081627,1.0770588235294118,1.0365458750963763,0.9942482824732385,0.9539625123314699,0.916076845298281,0.8814814814814815,0.8506151142355008,0.7963875205254516,0.7525033062535424,0.7170216923978894,0.6928672459082643,0.6741760534000835,0.6451959205582394,0.6337325349301397,0.6260536398467433,0.589437283872996
35800.0,70.0,1.9389086595492289,0.6221515633280339,0.5914634146341463,0.5757894736842105,0.5599340725202278,0.5556780595369349,0.5568992248062016,0.5603702145561632,0.5640599001663894,0.56802284082798,0.5735135135135135,0.5827458878818396,0.5953328757721346,0.6121464226289517,0.63189448441247,0.654138915318744,0.6773378264532435,0.6996047430830039,0.7210727969348659,0.7408063801506425,0.7577766445690974,0.7899219304471257,0.8108422071636011,0.8274244004171012,0.8455551712210307,0.8666210670314638,0.8919078558771412,0.9193245778611632,0.9445228020686413,0.9667049368541906,0.9829584185412407,0.9935897435897436,1.0,1.002803738317757,1.0029019152640744,1.0023012017386859,1.0015378163008528,1.0016613804561245,1.0025163563160544,1.0035273368606703,1.0045549440121466,1.0057212913771965,1.0060163300386764,1.0065207265952492,1.0061190868439633,1.005464480874317,1.004847831941826,1.0036031042128604,1.0020564042303173,0.9971546000632311,0.9906040268456375,0.9833096590909091,0.9759725400457666,0.9695245835026413,0.9635129401781927,0.9571230982019364,0.9530583214793741,0.9485041687101521,0.9429477020602218,0.9376391982182628,0.934745277618775,0.9273743016759777,0.9196185286103542,0.913202042304887,0.90852228303362,0.90360435875943,0.8761140819964348,0.8589540412044374,0.8443206437635407,0.8462633451957297
300.0,50.0,1.7229683896350563,1.3631165117941386,1.7964860907759883,2.109564596716631,2.2200704225352115,2.200172562553926,2.1007615700058584,1.970539606192695,1.8324704142011834,1.7015418502202644,1.584315735520246,1.4798245614035088,1.3897300855826202,1.3108751373123397,1.2412121212121212,1.179362267493357,1.1240946402704008,1.074579831932773,1.0273037542662116,0.984009840098401,0.9428950863213812,0.8481215027977618,0.7594078319006686,0.6772144720426448,0.6018704074816299,0.5367727771679472,0.48070945328213566,0.43702290076335876,0.4035819430814524,0.37799717912552894,0.3630225080385852,0.35177330895795245,0.3474374743747437,0.3513079394217531,0.35050813008130083,0.35737340011129665,0.3626586102719033,0.3703631647211414,0.3791286015460295,0.37974963181148746,0.38608087091757387,0.39836199836199837,0.40076335877862596,0.3991978609625668,0.40035938903863433,0.4012025901942646,0.40405797101449276,0.4022504892367906,0.4018719806763285,0.39912781642612394,0.3881341541074082,0.3813596016453778,0.3832442067736185,0.3702181112253055,0.36648548629582517,0.36557199566943344,0.35154078549848944,0.3554716061418474,0.3537294563843237,0.34637305699481863,0.34476463684965447,0.3411510985307993,0.34080338266384774,0.3379750507687845,0.3358744394618834,0.33333333333333337,0.30566967953985213,0.2856387199153663,0.3205931356214595,0.17919916796671867
3000.0,60.0,0.7334404775571117,0.4810082872928177,0.5490878938640132,0.6289049090284929,0.676351140268666,0.6872134488028527,0.6787022900763359,0.6639309315710936,0.6549914917753829,0.6434766895554752,0.6463058612171569,0.644605864944848,0.6445437141033823,0.6507936507936508,0.6507601351351351,0.651738923296808,0.6558682952734998,0.6540059347181009,0.6605863192182411,0.6591880341880342,0.6561430793157076,0.6786729857819905,0.6921599638499774,0.7171261930010604,0.7373691397360036,0.7720922109675166,0.8087388282025819,0.856629213483146,0.9275808936825886,1.0008715862870423,1.0661907852044128,1.129360465116279,1.194136291600634,1.2555123216601816,1.3042671614100185,1.3387096774193548,1.321410321921308,1.3528481012658229,1.3805803571428572,1.3412162162162162,1.3534883720930233,1.3411552346570397,1.335171568627451,1.3611825192802056,1.310038119440915,1.3141361256544504,1.3555093555093556,1.3398876404494382,1.3562545720555963,1.3261538461538462,1.326121794871795,1.3157894736842106,1.3222124670763828,1.3311926605504587,1.272812793979304,1.328358208955224,1.2911672877429752,1.2580546179809757,1.2886984467059455,1.2748344370860927,1.2643550005574757,1.2584087218742752,1.2775813726685359,1.2663645518630413,1.248046875,1.2436918094724059,1.1983685576566556,1.1639932966243716,1.1560407569141193,1.2154471544715446
10000.0,70.0,0.33151236342725704,0.4626980071538068,0.4692031810385155,0.4932775619958171,0.49787835926449786,0.5014854827819041,0.5066424021838034,0.5138284100270684,0.5226264418811003,0.5310519645120405,0.538879235447437,0.5446884576098059,0.5481678486997635,0.5491913746630728,0.5484975275770255,0.5455319148936171,0.540859707132735,0.5352480417754569,0.528522139160437,0.520770202020202,0.5124567474048443,0.4896103896103896,0.4650862068965517,0.4408026755852843,0.4183504471679364,0.39905814905814907,0.38416793120890236,0.3737909516380655,0.36822033898305084,0.3678248453117563,0.37225161669606116,0.38094545454545453,0.394165170556553,0.4108251996450754,0.4325472991499863,0.4580165568508194,0.4885559717020391,0.5237487231869254,0.5602636534839924,0.6080305927342257,0.6564388656438865,0.7069062324536777,0.7664872139973082,0.8240516545601292,0.8929378531073446,0.953076923076923,1.0042204885535235,1.0619469026548674,1.1065506484977836,1.1817635270541083,1.2319418386491556,1.2500660851176315,1.2396501457725948,1.2245802977510294,1.2006028131279303,1.1624419850053553,1.1429101707498144,1.1153256704980843,1.080482897384306,1.054857621440536,1.0352233676975946,0.9945205479452055,0.9543023821098687,0.9257172131147541,0.9023732470334412,0.8809523809523809,0.7626050420168067,0.7129755434782609,0.687952142459655,0.6190061028770706
500.0,20.0,79.36945209672483,32.53393665158371,23.015741507870754,16.886701872299568,11.95798834713278,8.349758107865973,6.015142458657103,4.581005586592179,3.7293956043956045,3.2160925078294387,2.890803141626552,2.6489892360199527,2.5261285909712723,2.396780570460322,2.2857142857142856,2.2413793103448274,2.1813153042409343,2.1316624365482233,2.106286454957874,2.053937789543349,2.024390243902439,2.0142500890630566,1.9903201787043932,1.9871894409937885,1.968849840255591,1.9693581780538303,1.9808347529812607,1.9733972961186217,1.978847884788479,1.9898477157360406,1.9934210526315788,1.9840733590733592,1.980420949583945,2.0115346038114343,1.9810838445807772,1.9911825726141077,1.971578947368421,1.937799043062201,2.013713658804169,1.9577850877192984,1.9220055710306407,1.959681998864282,1.9388221841052031,1.9424544920728126,1.8955916473317866,1.8901292596944772,1.920654149000606,1.8944815039417826,1.9078540507111936,1.8722466960352422,1.8590561224489794,1.8188874514877102,1.811295681063123,1.8210884353741497,1.7648275862068965,1.8219669777458722,1.8108303249097473,1.7602040816326532,1.7766843300529902,1.8308766485647787,1.8217357310398747,1.7738287560581583,1.8096040438079193,1.8082901554404145,1.7845744680851066,1.761384335154827,1.745939675174014,1.7408618973119045,1.76030585106383,1.9720582447855175
1100.0,70.0,1.5686517783291978,1.0576330250636643,1.2353132099967543,1.4247027741083222,1.526911526911527,1.5363847666726265,1.4839362509486467,1.4006024096385543,1.3123680878007598,1.225128205128205,1.1535194174757282,1.0926315789473684,1.0424339471577262,1.0072007200720072,0.9759301975729616,0.9521117392750249,0.9355231143552312,0.9172661870503597,0.909459655222367,0.8985393434898696,0.8879632777966678,0.8915046059365405,0.8989310009718173,0.9233836513813728,0.9530531845042679,0.9954802259887006,1.0418088737201365,1.0986117759693634,1.1706008583690988,1.2446428571428572,1.3091976516634052,1.3668807994289793,1.4313123561013046,1.4938067712634187,1.5483304042179262,1.5951940850277264,1.5922705314009662,1.6404764287859073,1.6793088916982721,1.6575650497911982,1.6795409401898036,1.675011379153391,1.6761133603238867,1.7008270406328658,1.6573401595428028,1.6589749817828516,1.6889337030501639,1.6704718417047184,1.6768490835824776,1.6313191943444045,1.6165873555404486,1.5897435897435896,1.5856266932839014,1.582639193336256,1.5186500888099468,1.5654313393818238,1.5243318399505639,1.4862213918729565,1.5116841257050766,1.4929948903906378,1.47886623570363,1.4656879481051552,1.4777896233120114,1.4595481049562682,1.431967059704286,1.4196033121509726,1.3320049813200499,1.2812113720642768,1.2699341623994147,1.4105839416058394
800.0,10.0,48.10593362386859,20.611738771011296,17.228915662650603,15.501379944802208,13.090476856383722,10.235228746064086,7.759197324414716,5.93647592639274,4.724972497249725,3.90807962529274,3.4175654853620956,3.0788633461047255,2.841044282881692,2.693898305084746,2.5681028492008338,2.4737402413058907,2.409255242227043,2.3390081421169504,2.303497555471982,2.2536287242169597,2.2055167055167053,2.1653923541247484,2.1160862354892207,2.0915672913117547,2.0563014291901256,2.0372175454142667,2.0090049527239984,1.9872262773722629,1.9846582984658299,1.977819726285984,1.9570815450643777,1.9344978165938864,1.9237163814180929,1.9190263288623943,1.9129340714645193,1.9065515490096496,1.8594871794871795,1.870934434692824,1.8753959873284054,1.8318397469688983,1.8310234541577826,1.8087520259319287,1.7954422137818773,1.8025442477876106,1.7571115973741793,1.7477924944812362,1.7618510158013545,1.7392776523702032,1.7351258581235698,1.6813186813186813,1.6594752186588921,1.6278659611992945,1.618562874251497,1.612530413625304,1.5548743102391172,1.5946969696969697,1.5578747628083491,1.5244755244755244,1.5457516339869282,1.528942115768463,1.5170340681362726,1.5044429254955571,1.5119887165021157,1.494608195542775,1.467008797653959,1.4528443113772456,1.358744394618834,1.301333893498582,1.2885793202834153,1.457150655021834
1100.0,60.0,1.6205069996216421,1.0815567674764501,1.2862407862407863,1.5144508670520231,1.655697956356079,1.6932526585991932,1.655711635303472,1.577444682369736,1.4863263445761168,1.3935159306875349,1.315579227696405,1.2474864655839133,1.1909814323607426,1.1492537313432836,1.112466725820763,1.0842930654251408,1.0633982538616522,1.0409631478490677,1.0296414342629483,1.015,1.0013032954757028,0.9977728285077951,0.9992123917038592,1.0192542787286063,1.0451364590622814,1.0848943802311677,1.1306104129263914,1.186780170255383,1.2593418851087563,1.3335384615384616,1.397719651240778,1.4547445255474452,1.51875,1.5781119465329991,1.6295313881520779,1.673148148148148,1.6666666666666667,1.7100297914597815,1.7437870437766456,1.7193759224119756,1.7380952380952381,1.7289303980431399,1.726042841037204,1.7467706272547423,1.7030618139803582,1.7011521279097108,1.7276595744680852,1.7082111436950147,1.7114303560274828,1.6626198083067092,1.645010395010395,1.616014799154334,1.6079175704989155,1.604048246222099,1.536305018222596,1.5816993464052287,1.5393586005830904,1.5011005135730007,1.5234197362437472,1.5041795665634674,1.489656245139213,1.475063938618926,1.4856383861862859,1.466428692843787,1.4382845188284519,1.4251164457183805,1.3315716911764706,1.2792613636363637,1.2678751258811682,1.4085213032581454
500.0,30.0,3.2496350364963504,1.8685326547921968,2.1450651357915653,2.4661393969352448,2.5807365439093486,2.4722091748864883,2.2559164733178654,2.032735284859931,1.8526946107784432,1.729236677868459,1.64,1.574004975124378,1.5478796169630642,1.51070110701107,1.4728132387706856,1.4712260216847373,1.4566170026292726,1.436982520699172,1.4386973180076628,1.4165009940357853,1.4045927298939347,1.4130434782608696,1.4031783402001177,1.397995793640975,1.3844378925778746,1.3770622671633848,1.3800191859668356,1.370536969356199,1.3661115133960897,1.3693198693198694,1.3695125643354527,1.3553693358162633,1.3497560207775854,1.3651866151866152,1.3374263261296662,1.3406338145014103,1.3210084033613445,1.2925919647397865,1.33588583362339,1.2946086956521738,1.2623788546255506,1.2813171080887618,1.2620503597122303,1.2544117647058823,1.222202034883721,1.2129612630805948,1.2232680722891565,1.2026365348399246,1.2039410751865314,1.1706418460345163,1.1535147836303115,1.1182987141444114,1.101352715525944,1.0978618421052633,1.0528716566452416,1.0762475904904691,1.0635465865178186,1.025474956822107,1.0247050968172713,1.049931911030413,1.0394346934123546,0.9997662459093034,1.0106511740498667,1.003708281829419,0.983826130907253,0.9650711513583441,0.9112825458052073,0.8880626223091976,0.8959005066789498,1.0121646202819463
10000.0,60.0,0.33189259986902425,0.4662379421221865,0.4747446867237096,0.4986917844060701,0.5030750307503075,0.5061952074810052,0.5103529411764706,0.5163834951456311,0.523568170299037,0.5303311668214176,0.536693847294292,0.540905134899913,0.5430080482897385,0.5430045871559633,0.5415723066968618,0.5383779869659667,0.5337892196299276,0.5275800711743772,0.5210784313725491,0.5131394722670974,0.5047844063792085,0.48186528497409326,0.45752539242843954,0.43313052462403856,0.4105338078291815,0.3910132158590308,0.3756809762475485,0.36500672947510093,0.3590682196339434,0.3581069958847737,0.361882951653944,0.3699873896595208,0.3826053042121685,0.39807135969141755,0.4188462916517377,0.4433628318584071,0.4726875455207575,0.5068339681828367,0.5425179458862507,0.5889902060114826,0.6368507831821929,0.6868131868131868,0.7454873646209387,0.8030412744388125,0.8724489795918368,0.9339980059820538,0.9869555089680876,1.046480743691899,1.0930618401206635,1.1719213649851632,1.2247436177176523,1.243770046878855,1.232843137254902,1.2165680473372782,1.19180225281602,1.1509810442301296,1.1300138312586445,1.1009632536567964,1.0646245797534553,1.0376260667183863,1.0175089534421011,0.9751054852320675,0.9332736229287953,0.9030131826741996,0.8797624938149431,0.857736240913811,0.7400454201362604,0.6919345057610673,0.6680231841164139,0.6011494252873564
3000.0,70.0,0.06449598572702944,0.04347496206373293,0.06291173794358508,0.09314630013180192,0.12616438356164383,0.15951982132886655,0.19590301003344482,0.23604949801540975,0.27841614906832296,0.3123639960435213,0.3502213477619282,0.37890394814378314,0.3996503496503496,0.42394822006472493,0.43722222222222223,0.4498432601880878,0.4646270396270396,0.4706188925081433,0.4867668097281831,0.49444444444444446,0.4999145299145299,0.5444687728078407,0.5795101330349373,0.6238692734169828,0.6619341907466176,0.709919261822376,0.7575956284153006,0.8136431043005438,0.8907088393109291,0.9687100893997446,1.0374198146828226,1.1028708133971292,1.1699261190786614,1.233649289099526,1.2835365853658536,1.3188871054039593,1.3024035774175517,1.3350634371395618,1.3634146341463416,1.3255384615384616,1.3377777777777777,1.325886990801577,1.3204013377926422,1.3464235624123422,1.2968099861303746,1.3014285714285714,1.3408919123204837,1.3272030651340996,1.3423782920989624,1.3140218303946263,1.312937062937063,1.3035551504102096,1.3106423777564717,1.3197156303194153,1.2620661326761142,1.3159609120521172,1.2792614573030003,1.2466517857142858,1.2765957446808511,1.2624984941573305,1.2533463129715259,1.2477215189873418,1.2665335994677311,1.2562869314277862,1.237953091684435,1.233794932233353,1.1894736842105262,1.156078431372549,1.1488076311605724,1.211367673179396
300.0,40.0,0.8203906622201048,0.4325661215424995,0.5092408302530566,0.5897385620915032,0.6238852268321055,0.6143019296254256,0.5833333333333334,0.5522945570971185,0.5281938325991189,0.5145714285714286,0.5051230714874573,0.5041911148365466,0.49951675257731964,0.4979185520361991,0.49490305816510094,0.49281984334203655,0.4921564036525403,0.48746238716148443,0.487772461456672,0.48766124509254066,0.4861356932153393,0.48520710059171596,0.48436938555515635,0.4821981424148607,0.48340843916427695,0.48116067561715026,0.4820699046754426,0.4846190250828206,0.4849009900990099,0.4869207003089599,0.4896863370547581,0.489366391184573,0.4907553551296505,0.48821822402785836,0.4859774212715389,0.48354506957047794,0.48031980319803197,0.4775980087118855,0.4697883258499037,0.46844130853110966,0.4631921824104234,0.4571618037135278,0.4534356237491661,0.44511278195488724,0.4457123565158677,0.4397540983606557,0.4300561797752809,0.42663387210119463,0.4193848354792561,0.4092955700798838,0.4006607929515419,0.39153674832962143,0.381638846737481,0.37285382830626446,0.36697892271662763,0.35823909531502424,0.3545748987854251,0.3507328990228013,0.3451178451178451,0.3414445399828031,0.33929188255613124,0.3350222222222222,0.33059149722735676,0.32755681818181825,0.32407766990291265,0.32087912087912085,0.28253600823045266,0.2720612178443504,0.2818329278183293,0.31407129455909943
15000.0,30.0,0.1766611295681063,0.6948873007146784,0.7728827197746932,0.79827131555816,0.7979365388358964,0.7943856193055897,0.7887281494876431,0.7814187972632337,0.7723817567567568,0.7615797172111165,0.7508342602892102,0.738857501569366,0.7273366127898805,0.7155347384855582,0.7030172413793103,0.6907020872865275,0.6780807660283097,0.6646549760874516,0.6507462686567164,0.6360922659430122,0.6208783084429986,0.5805154450740266,0.5379248255683097,0.4957194145263739,0.4552516041877744,0.41962077493816985,0.38884422110552763,0.3640711220110362,0.34486891385767793,0.33131313131313134,0.3225733634311512,0.3182577233509602,0.31779077770130765,0.32081911262798635,0.3273257354890008,0.3367448002641136,0.3496290189612531,0.36565239814337286,0.38513251454427927,0.40852272727272726,0.436255996733694,0.46842105263157896,0.5054058415362273,0.5474600283343453,0.5946424058630275,0.6462841015992474,0.7012736395214203,0.7581023954908408,0.81443880428652,0.9177018633540373,0.9920239282153539,1.0289300657501494,1.0334329980973092,1.0149918361288408,0.9842569269521411,0.948768472906404,0.9134860050890585,0.8804253093951543,0.8496965369510889,0.8218128761626846,0.7970610119047619,0.7536203900366866,0.7182,0.6898406786674943,0.6703038083012409,0.655324790101635,0.6308437856328393,0.620616365568544,0.6136549468520033,0.5795300497062811
35800.0,60.0,1.9403147042864894,0.6226874391431353,0.591743119266055,0.5754401408450704,0.5592332092125224,0.5547208121827412,0.5555555555555556,0.5587436991081814,0.5618609406952966,0.5655921052631578,0.5712385702410641,0.5801920892285449,0.5926489226869455,0.6092837380879188,0.628808864265928,0.6509018917729873,0.6739412834502468,0.6963414634146341,0.7175301632363378,0.7371663244353183,0.7541371158392435,0.7862796833773087,0.8068468468468468,0.8233434650455927,0.841287817505258,0.8622459893048129,0.8878998609179416,0.915542938254081,0.9415439535921464,0.9638949671772429,0.9804305283757339,0.9930715935334873,0.9991204925241864,1.0022075055187638,1.0024735776928266,1.0017376194613379,1.0010879912960697,1.0013250883392226,1.0022917007693566,1.0034494653328734,1.0046451133407654,1.0056056056056055,1.0065359477124183,1.0066285714285714,1.0062456627342125,1.0058622374206156,1.0050304474450622,1.0035451322607036,1.0020231213872832,0.9968886123210952,0.9897622192866579,0.9821740650122335,0.9741185296324081,0.9672393128246105,0.9612015018773467,0.9538252602987777,0.9492551210428305,0.9450867052023122,0.938860103626943,0.9333697433096668,0.9298540965207632,0.9221411192214112,0.9133333333333333,0.907209136331192,0.9028309104820199,0.8975409836065574,0.8687175043327556,0.851063829787234,0.8364723467862482,0.8383665065202471
1700.0,10.0,0.9410160245482441,0.5426646706586826,0.6264689929488338,0.767178658043654,0.8848,0.9480755773268019,0.9633230225364561,0.9540930979133226,0.9439824945295405,0.9405099150141643,0.9526501766784452,0.9719626168224299,1.0039035131618457,1.036495510016118,1.0752702174762339,1.1149325206791467,1.152288311274119,1.1831501831501832,1.2199435559736596,1.2413236481033092,1.2580366774541532,1.3334996258418559,1.3932901043135044,1.4463949843260189,1.494033412887828,1.5450500556173525,1.5961768219832735,1.6355140186915889,1.6977696859353664,1.7431059506531206,1.7876782077393076,1.8617536309844003,1.853072625698324,1.910204081632653,1.910735826296743,1.9091470951792335,1.9071383449147188,1.9237179487179488,1.94831013916501,1.8673740053050398,1.8771929824561404,1.874828060522696,1.8551628551628552,1.8745545260156806,1.814788732394366,1.8257142857142856,1.7895125553914328,1.7666666666666666,1.8363636363636364,1.7621998450813323,1.7509850275807723,1.7161186848436247,1.7215815485996706,1.6897133220910623,1.6501706484641638,1.6737400530503979,1.6228926353149955,1.5933869526362825,1.6531365313653137,1.655367231638418,1.5704824976348155,1.576287657920311,1.5905654671908074,1.587416193914389,1.5709905909715616,1.5367072111207645,1.4740205612670185,1.4343659079240116,1.423293172690763,1.5736738703339883
27500.0,90.0,1.138962514199167,0.4856892888388951,0.47864376926464114,0.48295454545454547,0.48792041686404547,0.5001930501930502,0.5147332768839966,0.5275368603642672,0.5373235613463626,0.5438947193070132,0.5488025759710203,0.5535028790786948,0.5590150014152279,0.5656632484287132,0.5737327188940092,0.5821887461231724,0.5907473309608541,0.5990703079604881,0.6060846560846561,0.6123873873873874,0.6170773152081563,0.6232067026282566,0.6219119226638024,0.6160114076186596,0.6089760816984682,0.6021164021164022,0.5965961361545539,0.5936271590232282,0.5928626247122026,0.5949901768172888,0.6001496632576703,0.6074692719823511,0.6190100571879313,0.632342098795773,0.649453219927096,0.6697657121606545,0.6928635953026197,0.7190889370932755,0.7434725848563969,0.774390243902439,0.8013333333333333,0.8269349209607884,0.8520579710144928,0.8712649730156641,0.8912704045422285,0.9042586260491141,0.912274678111588,0.9193519024212634,0.9218291967949971,0.9205255222916218,0.9118463674224896,0.8991411042944786,0.883921568627451,0.8694091662065158,0.8573888091822095,0.8425076452599388,0.8341187558906692,0.8257772020725389,0.8136348064405619,0.8039285714285714,0.7975841874084919,0.7834245504300235,0.7688104245481294,0.7584519572953736,0.7496470588235294,0.7417910447761195,0.7007770007770008,0.679175704989154,0.6632401315789473,0.6566404442387784
6000.0,20.0,0.6919098633173254,0.37496274217585696,0.30120481927710846,0.27106732348111656,0.2521951219512195,0.24202646995009763,0.24380776340110905,0.25620351085986315,0.2799355729406351,0.3024307900067522,0.3370656370656371,0.35901723694365834,0.3809118747873426,0.399445510769887,0.40941362082566396,0.41606299212598424,0.4238165680473373,0.4299298860648554,0.4374937593609586,0.4385875706214689,0.4402813299232737,0.46312292358803986,0.4790293902311474,0.5055613036730471,0.5233630494927759,0.5633644859813084,0.5977062196735774,0.6358056265984655,0.6955214908325819,0.747165922363449,0.7836906584992342,0.8244933160845191,0.8588125292192613,0.9022633744855967,0.9366314619232907,0.9627879503839338,0.9530663329161452,0.9849476439790575,1.030758226037196,1.0029133284777858,1.0316114109483423,1.0418375717801476,1.051107325383305,1.1037037037037036,1.0607175712971482,1.0888671875,1.1642209753992232,1.1674107142857142,1.2148969507050742,1.2305533279871692,1.2735766423357664,1.3054934525710635,1.3587799717912552,1.4089598154201115,1.3653023824068418,1.4740507751067176,1.4468481042102814,1.4255988386160174,1.4967234600262123,1.5002770083102492,1.503988603988604,1.535967891324483,1.6017579445571333,1.619718309859155,1.6244204018547141,1.6487381050889534,1.7596785975164353,1.79267084846484,1.8348082595870205,1.8885505481120584
1400.0,90.0,1.16043507817811,0.7298091042584435,0.8643039203786868,1.037463976945245,1.162082514734774,1.214459788789602,1.2123095673369897,1.1804027754273143,1.140860692102928,1.097195223549014,1.0673174015483002,1.041963578780681,1.0215102974828376,1.014018691588785,1.0040745052386495,1.0,1.0,0.9945652173913043,1.0,0.9990909090909091,0.9951028403525954,1.022526706920576,1.043660448769938,1.078592466284297,1.1101045296167247,1.1524497364825297,1.1939106024616712,1.2424242424242424,1.3074324324324325,1.369774011299435,1.4189435336976322,1.4604833442194645,1.5072463768115942,1.5515350877192982,1.5869731800766282,1.614314115308151,1.5930184804928131,1.624053826745164,1.6470846120122753,1.61246133451171,1.6227951153324287,1.608715808993973,1.601313320825516,1.6181026137463699,1.571907957813998,1.568780487804878,1.5942395149065185,1.574403250380904,1.577743109724389,1.530633990410229,1.5143787303309821,1.488938053097345,1.4823663253697383,1.479020979020979,1.4171091445427728,1.460171568627451,1.420923076923077,1.3849969001859888,1.40795381654907,1.3908196721311474,1.3770599868160844,1.3649932157394844,1.3758815232722144,1.3600867678958786,1.3355605048255383,1.3262032085561497,1.2574257425742574,1.2171182266009852,1.2090140023337224,1.3406352683461118
6000.0,60.0,0.6567357512953368,0.38529352835103187,0.31795218764095623,0.29666958808063104,0.2917066922830612,0.30080847504878727,0.32220175034546295,0.3502849002849003,0.3837294524133599,0.4163757998836533,0.4478779581459026,0.4657398212512413,0.49020217729393467,0.49756645451141895,0.501109631602308,0.5077239958805355,0.5067137809187279,0.5071524966261808,0.5052114803625377,0.4973905723905724,0.49315838800374884,0.4865090735434575,0.4759982054733064,0.4706973293768546,0.46408466561585227,0.4712707182320442,0.48483838720426525,0.5005968961400716,0.5277246653919694,0.5609949123798756,0.5966447368421053,0.6323846153846154,0.6706654991243433,0.7266981037423498,0.7542152314133755,0.7994726268206931,0.8257261410788381,0.8415678029734195,0.9301581958936385,0.919646017699115,0.928680981595092,0.9894058994599086,1.0017574692442883,1.043730369654506,1.0190243902439025,1.0498694516971279,1.1243478260869566,1.128925120772947,1.1841674844618908,1.2167883211678832,1.2613045218087235,1.2760736196319018,1.3120464441219157,1.363396624472574,1.3221663874930207,1.41389913899139,1.4162953532781668,1.372600926538716,1.408017179670723,1.4829931972789117,1.4828926905132194,1.4553872053872055,1.5248618784530388,1.5520628683693516,1.5549485185963439,1.557653405259609,1.653061224489796,1.6726260257913248,1.7087075361187036,1.6968184653774172
1700.0,50.0,0.9321948769462581,0.5809110629067246,0.6906579425663395,0.833466773418735,0.9363636363636364,0.9805570152390962,0.9817073170731707,0.9616502033701336,0.9390148553557467,0.9157820949329061,0.9075266154988859,0.9024246008279124,0.9007276507276507,0.9112214498510427,0.9164983164983165,0.9246369554331497,0.9373274434014357,0.9411229135053111,0.956507413509061,0.9622507122507122,0.9654510556621881,1.0072628234226055,1.0367840252233316,1.075956937799043,1.1065246338215713,1.147298297557365,1.1852152721364744,1.2311780336581044,1.2945736434108528,1.3552382951921058,1.402205716857979,1.4429003021148037,1.4877085721564132,1.5287309917911451,1.5599943733295822,1.5808609656777195,1.5551564137105223,1.5793493202993738,1.597332486503652,1.558870453095086,1.564657980456026,1.5472421263122813,1.5366879838438237,1.5513710517181534,1.504119464469619,1.499389073136673,1.5237922923828477,1.5033630249045629,1.5065176908752327,1.4605539637058262,1.4449853943524829,1.4195470798569725,1.413087934560327,1.4098154362416107,1.349479498619078,1.3910355486862442,1.3528498558438677,1.3180599016540009,1.340351689032855,1.3236337828246985,1.3111322549952427,1.299951028403526,1.3121814475025484,1.2976221583485759,1.2754362416107383,1.2669983416252073,1.2096890817064352,1.1793009532455743,1.1739600216099406,1.301803662398458
5000.0,80.0,0.6420984455958549,0.368409243886022,0.3297831325301205,0.3204231830726771,0.3202527435982707,0.32684044686336294,0.34279680900985454,0.365007215007215,0.3956765921373318,0.42140221402214023,0.4567259644213472,0.4776614756190962,0.49789983844911145,0.5144984326018809,0.522248243559719,0.5260940919037199,0.5307547169811321,0.5319535221496006,0.5349633251833741,0.5313921747042766,0.5279357984559122,0.537058595265813,0.5400966183574879,0.553995253164557,0.5637092968381312,0.5923494147873252,0.6203515889114266,0.6561264822134387,0.7125524965002333,0.7668645439827307,0.8121175030599755,0.8597348220516399,0.9060816012317167,0.9564102564102565,1.0,1.0326195717430457,1.0259117082533589,1.062549041587266,1.1047816540619664,1.0787470360663922,1.1046251152984583,1.1099637175551214,1.11652450484314,1.1616019947015739,1.1175193798449612,1.137565274151436,1.201104381902387,1.1974720644806742,1.2334181177851693,1.2311139564660691,1.2560807709958697,1.2696962212892071,1.3041610738255034,1.3377636521236638,1.288007268322229,1.3757015516672169,1.3443012211668928,1.3179271708683473,1.3739195791055994,1.3710567823343849,1.3693548387096774,1.3873056994818653,1.4361851332398317,1.444114737883284,1.4410686223153484,1.455,1.5187557182067704,1.529023746701847,1.5521694214876034,1.60625
35800.0,20.0,2.0206620282521612,0.6064846416382252,0.576686036273992,0.562273276904474,0.547945205479452,0.5447148817802503,0.5472549019607843,0.5511537948512738,0.5547522482807266,0.5583617747440273,0.5636520737327189,0.5715823466092572,0.5834068843777581,0.5990338164251208,0.6181759379042691,0.6394126738794436,0.6614468864468864,0.6837450113256391,0.7048435923309788,0.7238598034902478,0.7404580152671756,0.7712778710141452,0.7908757908757909,0.8053137883646359,0.8210262828535669,0.8410212765957447,0.8666743092972601,0.8963888465640714,0.9261477045908184,0.9534407776925045,0.975383631713555,0.9909733124018838,1.0,1.0044247787610618,1.0038412291933418,1.0021897810218978,1.0,1.0009182736455464,1.0014512283611485,1.003493351363534,1.0056937739819285,1.00744954625491,1.0088727272727274,1.0096871526123552,1.008887425938117,1.0080631025416302,1.0066413662239089,1.0041477384949635,1.000418672807201,0.9895809739524348,0.9749578617866602,0.958576874205845,0.942671714440238,0.9279794226921978,0.9157988693841119,0.9017175572519084,0.892962356792144,0.8840432724814064,0.8723098995695839,0.8630907726931732,0.8567026194144838,0.8420835055808186,0.8276016078606521,0.8172757475083057,0.8083711548159355,0.7998929909042268,0.7651000870322019,0.7466716905300176,0.7334863137190624,0.7427869858809085
15000.0,70.0,0.18284620737647878,0.6678016599276442,0.7281213535589265,0.7456614509246088,0.7414448669201521,0.7366892545982575,0.7306317044100119,0.7236936292054402,0.7147554806070826,0.7048875855327468,0.6946838276440962,0.6842438838889593,0.6738295147289028,0.6636003172085646,0.6534810126582279,0.6431205123229187,0.6325789923142613,0.6213683223992502,0.6096997690531177,0.5975301712040415,0.5846625766871165,0.549580472921434,0.512275731822474,0.4743306169965076,0.43824160114367405,0.40586690017513133,0.378630371878684,0.35662776976530747,0.3400256986829425,0.32847003154574134,0.3215324927255092,0.3190789473684211,0.3203101920236337,0.32510288065843623,0.33321995464852605,0.34475721323011965,0.35958005249343833,0.3781988456931286,0.399429580334103,0.42613252197430695,0.4564026958719461,0.490956749672346,0.5305393112410657,0.5733815842380378,0.6231599607458292,0.6730310262529833,0.7243867243867244,0.7764102564102564,0.8246212501254139,0.9078274550937458,0.9620944426598137,0.9862223049711413,0.9866722199083715,0.9717705510388437,0.9492252681764005,0.9226894988667842,0.8976357495453364,0.874030489435678,0.849596886294134,0.8282683486238532,0.8096074985354423,0.775623268698061,0.7458724506312723,0.7222034471105103,0.7049700387733522,0.6906686260102866,0.6511156186612576,0.6316373124592303,0.6171935235158057,0.5783664459161147
3000.0,30.0,0.724009900990099,0.47264653641207816,0.5348141819735156,0.608206958073149,0.6485376273414394,0.6513711648112951,0.63520197856554,0.6142191142191142,0.6014128728414443,0.5874684183931278,0.591243654822335,0.5918211058355032,0.5946539729036983,0.6059637912673056,0.609547123623011,0.6145746744250485,0.6235294117647059,0.6248266296809986,0.6363290175171363,0.638218151540383,0.6392174704276615,0.673852957435047,0.6972477064220184,0.7330275229357798,0.7610243055555556,0.8028769841269842,0.8445091234747565,0.8964433831846174,0.9717506063632473,1.0479243468504569,1.113361762615494,1.1754940711462452,1.2376470588235293,1.2966141001855287,1.3414091470951792,1.3701786176546726,1.3467025572005384,1.3740669062759192,1.3979027090008738,1.3551128039847642,1.3636911942098915,1.349112426035503,1.3408227848101266,1.3654738237243207,1.3130520117762512,1.3157186132615282,1.3556425774296903,1.3395818312905552,1.355105105105105,1.3241324921135647,1.3219852337981952,1.3106837606837607,1.317160826594789,1.325046904315197,1.266955266955267,1.320793085917641,1.2834362139917694,1.250783699059561,1.2800875273522976,1.2660653889515219,1.2556947608200455,1.25,1.2683686176836861,1.2578778135048232,1.2388556220891551,1.2344827586206897,1.1870845204178537,1.152256794982167,1.1438417740485467,1.1978947368421053
22500.0,80.0,0.8543342269883825,0.5119883040935672,0.5356204858831254,0.5546558704453441,0.5666343981929655,0.5805369127516778,0.5916534601162177,0.5979909267660402,0.5989875389408099,0.5952205882352941,0.5892053973013494,0.5829729395774126,0.5773531493276716,0.5730174081237911,0.5699396599012616,0.5678246484698097,0.5661301609517145,0.5644526122341822,0.5622418879056047,0.5595632031767042,0.5559673832468495,0.5431372549019607,0.5265463917525773,0.5083544303797468,0.4901055408970976,0.4741723744292237,0.461283185840708,0.45198008062603745,0.4462006079027356,0.44448757763975155,0.44629446640316206,0.4515056461731493,0.4607142857142857,0.4728293563264488,0.4887569479535119,0.5085714285714286,0.5319275910085538,0.5594735535137819,0.5887096774193549,0.6242354740061162,0.6605633802816901,0.6977142857142857,0.7363013698630136,0.7719771241830066,0.8078947368421052,0.8363342318059299,0.8578811369509044,0.8758995247793618,0.8862991184819962,0.8923367049545688,0.8830288189866264,0.865349727877444,0.8448349764252036,0.8249211356466877,0.8082671648762261,0.7895899828136509,0.7773860488541929,0.7663043478260869,0.7520259319286872,0.740782122905028,0.7329334475864039,0.7159227985524729,0.6996805111821086,0.6877721943048576,0.6783707865168539,0.6702205882352941,0.636604774535809,0.6195499296765119,0.6072402044293015,0.5936181434599156
10000.0,20.0,0.3377971858321203,0.4215361999264976,0.3833226837060703,0.37752870420995077,0.3549070369498706,0.33500363108206244,0.32531446540880504,0.32743105950653123,0.3375728155339806,0.35576679340937895,0.3771548251973578,0.399800796812749,0.42045728038507824,0.43813847900113506,0.45088408644400785,0.46136618141097424,0.4677284157585918,0.47198879551820727,0.47532333160889806,0.4752272727272727,0.4748286604361371,0.4716510903426791,0.4657971014492754,0.459889846743295,0.45604395604395603,0.4536253220463747,0.4549395391284508,0.46082036775106083,0.4697022767075307,0.4833116601647161,0.5029506437768241,0.5256461232604374,0.5534257748776509,0.5852923447860157,0.6206005414718189,0.6629484473922219,0.7087004405286343,0.7591111111111111,0.810126582278481,0.8810529736756582,0.9404715887127948,1.0050412465627865,1.0787061994609164,1.1443037974683545,1.2557449962935507,1.3178360101437026,1.3660886319845857,1.4531318440648269,1.4902676399026764,1.5846994535519126,1.676988036593948,1.6997607655502391,1.6693034497912547,1.6397217558167427,1.6182615424297138,1.5333333333333334,1.5077142857142858,1.4720071471113758,1.4002478314745972,1.349903784477229,1.3246107982775754,1.2668559261887864,1.1916885061774616,1.1475474683544304,1.1127348643006263,1.0758106923751096,0.8575129533678757,0.7787346221441125,0.752127427449269,0.6596530084902178
500.0,70.0,1.6463675213675213,1.3372670807453415,1.5269382391590014,1.6253443526170799,1.6214689265536724,1.5650472774698403,1.4824050983651982,1.3850330901069066,1.2886055454361465,1.197262859839547,1.1139446554530656,1.0371279533599262,0.9768965517241379,0.9225460122699386,0.8727735368956743,0.8339552238805971,0.7994897959183673,0.7698324022346369,0.7437765634486946,0.7178642056690837,0.695994277539342,0.653437771975631,0.6228373702422145,0.6023809523809524,0.5805309734513274,0.5789382373351839,0.5845936680782415,0.5893147502903601,0.6082529474812433,0.6316916488222698,0.6576949620427881,0.6817649355720422,0.7113803548247511,0.7399903521466473,0.7614240170031881,0.793063583815029,0.79625,0.8209752839011356,0.8757309941520468,0.8533434650455927,0.8548387096774194,0.9024807527801539,0.8987566607460036,0.9014204545454545,0.879431279620853,0.8844181459566075,0.9147303122700031,0.9018936557184123,0.9183240223463687,0.8954171562867215,0.8883726616945837,0.8822408536585366,0.8634661674244452,0.8726052300377569,0.8402069262825119,0.8537107880642693,0.8572093745149775,0.8221237537585061,0.8177405857740586,0.8437337041543542,0.8303350970017637,0.8,0.8112832737385777,0.8036529680365296,0.7883195831524099,0.7740909090909092,0.7367367367367368,0.7131991051454138,0.7164514317798989,0.8020532563362207
800.0,40.0,1.8542931483087597,1.198780487804878,1.4327868852459016,1.6807878112225938,1.8057580174927115,1.7900063251106895,1.681592039800995,1.5363531448355452,1.399451732915606,1.282302664655606,1.2063737623762376,1.1556776556776556,1.1241525423728813,1.1177033492822968,1.1122340425531916,1.1149358226371062,1.125237191650854,1.1272229822161424,1.1440058479532165,1.1491841491841492,1.1516900247320692,1.1927034611786718,1.2161179769446464,1.2450346158211327,1.2620060790273557,1.2851379489849037,1.3022614451185879,1.3235080586612458,1.3585021485573971,1.388790465453374,1.4051290646999666,1.4144932609837213,1.4300900900900901,1.4458123484424548,1.455434157561817,1.461071987480438,1.4265789998007572,1.4412832929782082,1.449531737773153,1.4114952103290295,1.412399492170969,1.3930187459599224,1.381344902386117,1.3891855807743658,1.34740545294635,1.3399420806415683,1.3544390915347557,1.3344827586206895,1.332317787672838,1.2856801909307876,1.2668118045476535,1.2391464311994114,1.2290881688018085,1.2226782965623397,1.1684374190204716,1.2010198604401503,1.1669359181475498,1.1360433604336044,1.152855543113102,1.1369745496139547,1.125287356321839,1.1131462333825701,1.120319214241866,1.1056603773584905,1.0841935483870968,1.0742705570291777,1.015825491873396,0.9914712153518124,0.9955583756345178,1.1496532817287533
1100.0,20.0,2.1095052807115064,1.1557930949748125,1.3038277511961722,1.5703653585926929,1.78561736770692,1.8755694078158716,1.85882800608828,1.7824406405300939,1.6980568011958146,1.6217765042979944,1.5873201544040239,1.5736530246658398,1.578588421887391,1.6096561553536433,1.6344488188976378,1.6633090441491643,1.6970046082949308,1.7126295017266897,1.7449139280125197,1.7577503429355281,1.7650446300028793,1.8275422378068218,1.861997226074896,1.903538175046555,1.925285096342902,1.955925155925156,1.9747496734871572,1.9959220661531492,2.036949313121743,2.069355632070831,2.0816016218955906,2.0876640419947505,2.101931330472103,2.118653421633554,2.128668171557562,2.134251290877797,2.087361677344205,2.1058823529411765,2.117896009673519,2.0689238210399035,2.0698529411764706,2.047352024922118,2.031934877896055,2.0455128205128204,1.9904942965779469,1.9826923076923078,2.005928853754941,1.9808707124010554,1.9818670248488919,1.9228668941979523,1.902557014512785,1.8691392582225332,1.8605150214592274,1.8556851311953353,1.7838235294117648,1.8315629742033384,1.7863117870722434,1.7433155080213905,1.7694728560188828,1.7467948717948718,1.7312952534191473,1.7141680395387149,1.7225531914893617,1.7011294526498697,1.6678507992895204,1.6524112829845314,1.5393309222423146,1.4731960169144729,1.453030783878134,1.6057619408642911
1100.0,30.0,1.6536769327467002,0.9901477832512315,1.1509199917304114,1.3794871794871795,1.5420129270544782,1.5942146089204914,1.5620046024034773,1.488268156424581,1.4113763331640428,1.342295081967213,1.3062550771730301,1.2897286821705427,1.2867148666967916,1.3070299447371803,1.32307249712313,1.3451833042374226,1.373271092669433,1.3871693866066404,1.417889447236181,1.4322124651959733,1.4419663177059627,1.5090767634854771,1.551474840948525,1.6013963821009203,1.6343461932400136,1.6754772393538913,1.7071456462319405,1.7437061494015682,1.7998247919404293,1.84910013844024,1.8786127167630058,1.90005047955578,1.9270833333333333,1.9546191247974067,1.9733036707452725,1.9846590909090909,1.9426751592356688,1.9636363636363636,1.9764207980652964,1.927404718693285,1.9305470190534726,1.9073842302878599,1.8935097668557026,1.9069166127989658,1.851213282247765,1.8440129449838187,1.867911941294196,1.842914438502674,1.8432174505794137,1.7872044506258693,1.7658674188998589,1.7329992841803865,1.7241379310344827,1.7183520599250937,1.6479939439818319,1.6938136256851997,1.6488609583660645,1.607905138339921,1.632137030995106,1.6098169717138102,1.5953177257525084,1.5780445969125214,1.5889679715302492,1.56778889899909,1.5368126747437092,1.5210325047801148,1.41349187090512,1.3521965748324647,1.3346753019429372,1.4649763644177052
800.0,50.0,1.8323090430201932,1.2692577030812324,1.5383211678832116,1.785590110102376,1.9001745200698081,1.8889508928571428,1.7946428571428572,1.665934065934066,1.5333708814418474,1.4090202177293936,1.308119218910586,1.223994287074506,1.155639913232104,1.1054711246200608,1.0627318718381114,1.0289317507418398,1.0040485829959513,0.9797178130511464,0.966142107773009,0.9496402877697842,0.9352876106194691,0.9259016393442623,0.9203065134099617,0.9301503094606542,0.9429459540760052,0.9671871464132157,0.9952044422009086,1.0316596931659694,1.0815761120517162,1.1320437342304457,1.1743636363636363,1.2105986261040236,1.252605252188412,1.2922020381036774,1.3259501049195617,1.3537414965986394,1.342655580750819,1.3733160621761658,1.396103896103896,1.3734939759036144,1.3847880999158013,1.3755760368663594,1.3710618436406068,1.3852631578947368,1.3485526708445241,1.3451622687291478,1.3641491695393293,1.3464443045940844,1.347155255544841,1.304005252790545,1.2874291430476825,1.26176769387064,1.2526900381811872,1.2476933995741661,1.1940459110473458,1.2282527881040892,1.193957478552779,1.1629740893728877,1.1808304229724487,1.1653449643140366,1.1538461538461537,1.1426814268142682,1.1508951406649617,1.1367409349060724,1.1151949798296728,1.1060396496081144,1.0505952380952381,1.0274074074074073,1.033509700176367,1.1974949675687765
500.0,60.0,1.7415647015202076,1.3378673383711166,1.5888804841149773,1.7348029392117568,1.7420469559914626,1.6729931112048362,1.5688742930122241,1.4534541336353342,1.3415962952873877,1.2392069075791494,1.148653633345629,1.0695725062866723,1.0032987747408106,0.9454068241469816,0.8948896631823461,0.8523961661341853,0.8151260504201681,0.7817764165390505,0.7524603836530442,0.7245916515426497,0.6989162561576354,0.6465486086013733,0.6016070124178232,0.5649956024626209,0.53376677852349,0.5139442231075697,0.5045467879143444,0.5013736263736264,0.508019246190858,0.5244072524407253,0.5461825947677522,0.5685626911314985,0.5984116022099447,0.6341368584758943,0.658008658008658,0.6938095238095238,0.7135887054915395,0.7342719856967259,0.7866001945525292,0.7854044399081399,0.7901134521880065,0.8269669327251996,0.8310421286031043,0.8394080996884735,0.8273482828916419,0.8320388349514564,0.852078032230704,0.843191196698762,0.8529359588433564,0.8354151359294637,0.8278070836473248,0.8106075216972035,0.7972488038277511,0.798522773902339,0.7664096686809753,0.7821070962124511,0.7762927256792288,0.7467345583351782,0.7453917050691244,0.7653736991485336,0.7563185503099666,0.7283737024221453,0.738082901554404,0.7332443257676903,0.7199558985667034,0.7076923076923077,0.6804915514592934,0.6707798617966437,0.6853864734299517,0.8018836748182419
10000.0,30.0,0.3263545150501672,0.44583987441130296,0.442832909245123,0.4604060913705584,0.4586878945923689,0.4570626003210273,0.46,0.4687319884726225,0.4826605504587156,0.4986924388857305,0.5156486970908589,0.5303154110148717,0.5418410041841004,0.5498259355961705,0.5547355473554736,0.5566868464501926,0.5552165954850519,0.5526758667115449,0.5480413895048042,0.5426952650748684,0.536045997346307,0.5176276771004943,0.4970807875084861,0.4760469011725293,0.4565441783649876,0.43954227590591227,0.42640150328844345,0.4175824175824176,0.41326045627376423,0.414197711938985,0.41947158885269636,0.42936436884512086,0.44375,0.46151742993848255,0.48460236886632824,0.5114942528735632,0.5434950955085184,0.5804040082710354,0.6195609564876519,0.670599566578377,0.7231721698113207,0.7787737540337039,0.8455850369725968,0.9135477069056405,0.9949811794228356,1.0707371556217424,1.1367221735319895,1.2152001625685835,1.27803738317757,1.3913494297141165,1.4770642201834863,1.5151262257458795,1.501866542230518,1.4810159055926115,1.4433497536945812,1.3765557163531115,1.3438447543966041,1.2959599123081742,1.2356957087126137,1.1917900403768507,1.1585492227979275,1.0892857142857142,1.0233806055960137,0.9759036144578314,0.9394957983193277,0.9065379552435279,0.7512315270935961,0.697983870967742,0.6773786407766991,0.6107281989811209
22500.0,90.0,0.8526379624014554,0.5118055555555555,0.5355830270631473,0.5545322346097916,0.5666447800393959,0.5806313993174061,0.5916174099946265,0.5979564930784443,0.5986539984164687,0.5950467289719626,0.5893246187363834,0.5830086716099032,0.5773715272779617,0.5731147540983607,0.5699144663443659,0.5678233438485805,0.5661764705882353,0.5643352909770422,0.562387522495501,0.5595558546433378,0.5559743686392763,0.5430991529646239,0.5266710353866317,0.508147512864494,0.49022018553705154,0.4741804467653032,0.4613943028485757,0.4522661523625844,0.44640098856966326,0.4447513812154696,0.44643574297188754,0.45168897386870616,0.4610483870967742,0.4731642733475914,0.48922247882986913,0.5090264345583495,0.5326196727933751,0.5601209982354424,0.5893643801132787,0.6250484683986041,0.661113755354593,0.6987253765932793,0.7376821651630812,0.7727874276261373,0.8084600760456274,0.8371864776444929,0.8586713112714606,0.8766296143817758,0.8870772946859904,0.892987012987013,0.8837961201977939,0.8663003663003663,0.8457043929885306,0.8261265361857077,0.809433962264151,0.7911188290746713,0.778880407124682,0.7677824267782427,0.7536865101037684,0.7424456368257555,0.7343343921455385,0.7175968283013113,0.701453957996769,0.6895967468654693,0.6805259417199716,0.6721250465202828,0.6376344086021506,0.6208273894436519,0.6082973206568711,0.5944860813704497
3000.0,20.0,0.6900050735667174,0.4610016420361248,0.5297969875573019,0.610252904989747,0.652994873077404,0.6549612086565946,0.6336694164375191,0.6071580741371965,0.590702947845805,0.5785404624277457,0.5784878487848785,0.5757150566648678,0.5822638603696099,0.5839405204460967,0.5915828931674902,0.5995766788531846,0.6076411247048723,0.6145908327333813,0.6258557135334386,0.6283084004602992,0.6300251256281407,0.6626000762485703,0.6906052393857272,0.7215789473684211,0.7532855436081243,0.796043656207367,0.8466872110939908,0.8961038961038961,0.9707964601769912,1.039619300575476,1.1124769514443762,1.2121917808219178,1.2419019316493314,1.3226847370119392,1.3492336834854486,1.3658844765342961,1.3767843726521412,1.3989967200463052,1.4324928832858885,1.3613496932515337,1.375499894758998,1.380052151238592,1.3660044150110375,1.394268546336954,1.3367556468172486,1.3569584604552922,1.3380491437081161,1.3240321769733534,1.4017272965192358,1.3519384107781138,1.3570815450643776,1.3413834227787715,1.3587092731829573,1.3405299313052013,1.3084143479718404,1.341126461211477,1.2967741935483872,1.2731902510003639,1.3349828701941377,1.3406507252058018,1.2652414885193983,1.276429452900041,1.295768566493955,1.2976827094474153,1.287292817679558,1.2607244995233555,1.2175324675324675,1.184474123539232,1.1766491299069202,1.2335664335664336
35800.0,30.0,1.9197217018999198,0.6220628246351719,0.5927187008905186,0.5759233926128591,0.5583033788641265,0.5531053584744859,0.5533614712089238,0.555738379267791,0.5581585399073822,0.5609154929577465,0.5653726015171798,0.573734001112966,0.5850684931506849,0.6008333333333333,0.6201145383301517,0.6416476522156839,0.6643884379894632,0.6867873910127431,0.7082924916683003,0.7277904328018223,0.7449947312961012,0.7774061687105165,0.7983539094650206,0.8140845070422535,0.8312022900763358,0.852475884244373,0.8786789869952087,0.9081541218637993,0.9370306181398036,0.9625454545454546,0.983058403923317,0.9973089343379978,1.0056746532156369,1.0087976539589443,1.008361204013378,1.0075187969924813,1.006169612046429,1.0057497700091997,1.0067001675041876,1.0078685808945334,1.0093121057374588,1.0104387538737563,1.0111053270865868,1.0113228911115304,1.0104468949506675,1.0094358974358975,1.008216744392627,1.0057497700091997,1.0029239766081872,0.9942166140904312,0.9829656520524993,0.9704927707288286,0.9580838323353293,0.9468582887700535,0.9372822299651568,0.9261342332208474,0.9189814814814815,0.9122807017543859,0.9029374201787995,0.8950424296560965,0.8903166590178981,0.8783382789317508,0.8665949435180205,0.8572247706422018,0.8501529051987767,0.8429967426710098,0.8087928955158425,0.7899417852522639,0.7752470992694457,0.7810766721044047
15000.0,60.0,0.18424821002386635,0.6620169651272384,0.7206338270754392,0.737891019172553,0.7345491388044579,0.729776247848537,0.7237539766702015,0.7170172084130019,0.7081893313298272,0.6986922406277245,0.6888111888111889,0.6784784331484207,0.6681928017296197,0.6582978723404256,0.6484190655969797,0.6382904794996526,0.6278447121820616,0.6170480789418433,0.6056143580303728,0.5934038267875126,0.5807872281860721,0.5460774237752655,0.5089134125636672,0.4715557883708748,0.4358016741790084,0.403870458135861,0.37659574468085105,0.3545562130177515,0.3378790076889598,0.32626514611546686,0.31951754385964914,0.31682900432900435,0.3179933110367893,0.3225766362883181,0.3304727646454265,0.3418263090676884,0.3565182829888712,0.37475247524752475,0.3956016802569805,0.4217739451801663,0.45159431425278523,0.4856390617520345,0.5249702734839476,0.5674281503316139,0.6163210099188458,0.6664835164835164,0.7172322022621423,0.7693280632411067,0.8173791821561338,0.9010372178157413,0.9555955595559555,0.979261066573719,0.9791341653666147,0.9632135306553912,0.9397455925016738,0.9124705882352941,0.8866504854368932,0.8621378621378621,0.837522674267945,0.8153681963713981,0.7966748432815481,0.7618639222412807,0.7319927971188476,0.708072590738423,0.6909031626997065,0.6766202918221921,0.6392757660167131,0.6212841854934602,0.608479327259986,0.5711142228445689
300.0,10.0,20732.568402471315,5602.094240837696,2645.114769859392,1492.1030756442228,922.2847948511666,605.6758775205376,424.51612903225805,319.4512493875551,257.3869900771775,220.09803921568627,196.93086003372684,182.80559646539027,173.97205588822354,167.82795698924733,163.37638376383762,160.73891625615764,159.74842767295598,158.5881045025014,157.58823529411762,156.7617866004963,157.7777777777778,162.8782287822878,166.88741721854305,175.139146567718,185.9880615771285,201.98161633042852,222.09975199779555,249.2673396287854,294.60911080167097,352.46727089627393,445.1783355350066,576.3016157989229,781.8066157760815,1126.6666666666667,1715.4174283973184,2849.235635213495,5230.692076228685,10258.422264071982,21005.069429138195,34342.46047049749,41991.06256206554,43908.0459770115,44451.50115473441,43271.30852340937,43140.906269397885,40550.576184379,38072.60726072607,38966.689326988446,37900.62981105668,26272.18934911243,30304.449648711943,10798.69600651997,297.72727272727275,294.4540727902946,290.49733570159856,286.72727272727275,282.72980501392755,278.95734597156394,275.072463768116,271.35826771653547,268.0701754385965,261.5512407849652,255.25751072961373,249.41828254847644,243.99725588840613,239.03301886792454,187.36722843789832,158.75931381043148,138.184694482895,68.30738322451029
5000.0,90.0,0.6421503957783641,0.36818078064368864,0.3297204512015694,0.3203183520599251,0.3198510746319174,0.326334208223972,0.3420926899187769,0.3644117647058824,0.3948590560535695,0.420680313064419,0.45615823817292006,0.4773319437206879,0.4975255691191026,0.5144115292233787,0.5220095693779905,0.5263422818791946,0.530719794344473,0.5322197475872309,0.5353333333333333,0.5317209302325582,0.5285194805194805,0.5380341314988755,0.5413372859025033,0.555510616784631,0.5656054027978775,0.5945157526254375,0.6225828729281768,0.6581920903954802,0.7147619047619047,0.7692731277533039,0.8146067415730337,0.8620199146514936,0.908235294117647,0.9590592334494773,1.0019011406844107,1.0347285874325287,1.0274492785071063,1.0638467677573822,1.106053088563632,1.07981220657277,1.1055451379587464,1.1106226067224507,1.1170853533127663,1.16215360253365,1.1179899180844362,1.1379310344827587,1.2015924719507782,1.1978042426497952,1.2339495130192804,1.2312527091460772,1.255824790307549,1.2698771005768748,1.3042529989094875,1.3377347417840375,1.2878228782287824,1.375796178343949,1.344126765415088,1.3178101670814077,1.3740458015267176,1.3712454945935122,1.3693693693693694,1.387110916264796,1.436372269705603,1.443997990959317,1.4404255319148935,1.4554176072234764,1.5195167286245352,1.5292856185497923,1.5522126989679903,1.6073697585768743
1700.0,40.0,0.905016447368421,0.5653428769337335,0.6691948658109685,0.8050682261208577,0.901610244706479,0.9381307591048705,0.9321391663796073,0.9065934065934066,0.8815520762423418,0.8585537918871252,0.8543294091759269,0.8562731604023293,0.8620904836193448,0.8823846291973424,0.896011396011396,0.9131423374261027,0.9338179994986212,0.943510608983191,0.9665371974902898,0.9774484536082474,0.9847539847539848,1.0394469296461977,1.075955265610438,1.120734908136483,1.153757225433526,1.1938970120788304,1.2301313061506565,1.2723880597014925,1.3327935222672065,1.3902439024390243,1.4322820037105752,1.4673267326732673,1.504718448615576,1.5405582206716093,1.5668255048786022,1.5827590234785656,1.5512697652132248,1.5720204728247624,1.587261468469607,1.5442107930073474,1.5478956880970824,1.5288220551378446,1.5169660678642714,1.530234471410942,1.4821839859097683,1.4775543927292756,1.4992867332382311,1.4801547499641783,1.4820249449743212,1.435750827565453,1.419720901702193,1.3941194870190803,1.3875382386089197,1.3838533927686973,1.3240802675585284,1.3644421272158498,1.3268156424581006,1.2923997185080929,1.3141504279730467,1.2972067039106145,1.2849653622917057,1.2739541160593792,1.285513643659711,1.2714550318995679,1.2495242123070416,1.2412366644894404,1.1844133599771625,1.1548132183908046,1.1502568493150684,1.2768758227292671
500.0,0.0,1914.2805690617683,576.6929887532903,305.30512112848817,191.08255451713396,129.23377257198635,92.07683073229292,69.90606936416185,56.873935264054516,49.32019704433498,45.1169034567625,42.95016278487353,41.960947237224765,41.600970285021226,41.592629154327085,41.71985815602837,42.33618233618234,43.02772718073265,43.40918849291541,44.09163075527331,44.97253403391449,45.8876629889669,47.91023842917251,50.71428571428571,53.777777777777786,57.06235912847483,61.108812577575506,66.48326455754241,72.32188621219888,79.74537037037037,89.63011889035667,101.52905198776757,118.001800180018,138.4748325772305,167.5475687103594,204.61665292662818,255.9311358387571,328.41530054644807,432.42258652094716,582.8343313373254,814.9190710767065,1160.5495181464014,1716.0037002775211,2616.889312977099,4113.4485349361385,6388.88888888889,9406.474820143887,13192.946847646836,16532.388011601673,18862.664932168744,20706.521739130436,21493.922651933703,21713.29479768786,22051.71580473659,22968.750000000004,23166.14420062696,22863.30547317336,23445.121951219513,23657.013060760935,23861.988982313716,23726.359338061466,23402.527075812275,23625.621890547263,23828.15004809234,24018.536908308506,23563.84799726121,23530.24407499116,22896.2472406181,20687.14211348256,21845.342706502637,9277.448071216617
400.0,0.0,inf,inf,inf,inf,inf,inf,inf,inf,inf,inf,inf,inf,inf,inf,inf,inf,inf,inf,inf,inf,inf,inf,inf,inf,inf,inf,inf,inf,inf,inf,inf,inf,inf,inf,inf,inf,inf,inf,inf,inf,inf,inf,inf,inf,inf,inf,inf,inf,inf,inf,inf,inf,inf,inf,inf,inf,inf,inf,inf,inf,inf,inf,inf,inf,inf,inf,inf,inf,inf,inf
6000.0,70.0,0.6586883676400191,0.38276773909211104,0.31399503722084365,0.2911111111111111,0.2836904551089074,0.2898079306071871,0.3083934088568486,0.3343223736968725,0.36654001424839705,0.3992022602625893,0.43169522091974755,0.4507488479262673,0.4778181818181818,0.4865816102067752,0.49181961195595175,0.5005497861942578,0.5010511562718991,0.5031426269137792,0.503254972875226,0.49641812127938656,0.49364239900978957,0.4912431811656618,0.48399856166846456,0.48251280908888394,0.4785540868626922,0.4892632969937232,0.5065554231227652,0.524102079395085,0.5544425580079231,0.5899467376830893,0.6270416024653312,0.6635304659498208,0.7010225777057811,0.7572927476075176,0.7825581395348837,0.8260931491240564,0.8493684702947139,0.8618310333221137,0.9498591549295775,0.9351669941060904,0.9414882340470638,1.001144950767117,1.0111030654115376,1.0516556291390728,1.0245398773006136,1.0541464804787688,1.1280025284450064,1.131492439184747,1.1865432538269847,1.2176843774781918,1.2609639600521059,1.2756653992395437,1.3116474291710387,1.362492853058891,1.3214285714285714,1.4126666666666667,1.4154589371980677,1.3725771715721464,1.4076086956521738,1.4831829368334701,1.4835443037974683,1.4561243144424132,1.525,1.5536572343833421,1.556469110425945,1.5591397849462365,1.6582441113490365,1.6805644644002566,1.7194860813704498,1.715195319222165
30000.0,80.0,1.391792656587473,0.4956662259438813,0.4785425101214575,0.47790994052676294,0.4786377708978328,0.488458225667528,0.5015035854730511,0.5139538391914316,0.5241935483870968,0.5328065134099617,0.540223135642983,0.5488107916222932,0.5583368689011455,0.5699949824385349,0.5826368452030606,0.596639231824417,0.6104761904761905,0.6238574040219378,0.6359258871558673,0.646251193887297,0.654769982358529,0.6678353939841299,0.6715418939018344,0.6706349206349206,0.6690048224462954,0.6672453703703703,0.6689445709946849,0.6727272727272727,0.6772547518816175,0.6838331160365059,0.6927190456602221,0.7020345093999485,0.7148301047951731,0.7285825545171339,0.7444601603017444,0.7631133671742809,0.7837116154873164,0.8065522620904836,0.8272477064220184,0.8518941359626362,0.8726715397311955,0.8910733262486716,0.9083333333333333,0.9203453331161427,0.932807679122386,0.9399371650341896,0.9435793731041456,0.9468332980300783,0.9466907612378586,0.9428712139867028,0.9337539432176656,0.9217923740606735,0.9085239085239085,0.8959446714869538,0.8854712041884817,0.8723254998246229,0.8651766402307137,0.8582061778935616,0.8472497032053818,0.8385093167701864,0.8330501274426508,0.8204193254329991,0.8067061143984221,0.7968586387434555,0.7886540600667408,0.78099173553719,0.7404397705544933,0.7178014766201805,0.7006706671373103,0.6980781153130812
6000.0,50.0,0.6496885305972884,0.38460195530726254,0.31771902131018154,0.2963873943120676,0.291167770108466,0.2998522895125554,0.321700040866367,0.35127064803049557,0.3873239436619718,0.42379328436516267,0.4603371783496007,0.48268839103869654,0.5121048134434634,0.5233837689133425,0.530036779730282,0.5394112060778727,0.5402173913043479,0.5427680798004988,0.5418702023726448,0.5341880341880342,0.5307093425605537,0.524008350730689,0.5122787762381671,0.505427408412483,0.4966139954853273,0.5018830027617374,0.5134400483237692,0.5264293419633226,0.5519620526088831,0.582909460834181,0.6166568222090962,0.6501722949689869,0.6855242566510172,0.7400179051029543,0.7653524251285672,0.8086509444506539,0.8336818796899987,0.8471703150026695,0.9346688593212737,0.9235849056603773,0.9317098092643051,0.9915097822074567,1.0035149384885764,1.0459720730397422,1.0212719774256567,1.0520688052068805,1.1273243801652892,1.1321668909825033,1.1886131386861314,1.2231647634584013,1.268170426065163,1.284367635506677,1.3220486111111112,1.3745265151515151,1.332998996990973,1.4265193370165745,1.4284897025171626,1.3854848304580607,1.422136422136422,1.497282608695652,1.4975541579315164,1.4697428139183055,1.5401157981803144,1.5684024713150926,1.570754716981132,1.5744852644327816,1.6714185146075327,1.691701680672269,1.7293706293706295,1.7224478364374738
1700.0,60.0,0.9620853080568721,0.604269015754701,0.7224334600760456,0.8768663594470046,0.9924601087147116,1.0471837216160425,1.0553057553956835,1.0380469245402664,1.0160337552742615,0.988550026752274,0.9740123375771098,0.9616523772408417,0.9521905108162152,0.9538845035313669,0.951276645584446,0.9519832985386222,0.9571469657750935,0.9548040455120101,0.9639299209893507,0.9639539204756596,0.9626955475330926,0.9918931807343825,1.0122154358689617,1.043921069382559,1.072194424588992,1.1104,1.1486725663716815,1.1941747572815533,1.2582781456953642,1.3214576784258936,1.372081345719307,1.4167682513883246,1.4646392196241573,1.509207122203622,1.5445544554455446,1.5704108681245859,1.5475376196990425,1.5762029746281714,1.5963185711682157,1.559897266556595,1.5678109172763084,1.5515850144092218,1.5425407925407926,1.5583400160384924,1.5114064669708391,1.5074687121517965,1.5319104415149614,1.5122002524190155,1.5157327586206897,1.4699248120300752,1.45456595264938,1.4292615596963423,1.422685294814113,1.4197230993441827,1.3589175891758918,1.4009204806954743,1.3627022861546365,1.3277245663991717,1.349852665416555,1.33278553820871,1.3202974387221151,1.309328040827899,1.3216287990557687,1.307110438729198,1.2843380981976382,1.2757517594369803,1.21831869510665,1.1873032528856244,1.1815346225826575,1.3090966820130179
6000.0,0.0,0.6839910647803426,0.3833768949294302,0.3122587968217934,0.28267076652756423,0.2648440664236533,0.25595408895265426,0.25980511571254566,0.2744676694666927,0.3011750527267249,0.325705467372134,0.3633102580239144,0.38668341708542714,0.40947321823815847,0.4288882728028833,0.4385575115364895,0.44471744471744473,0.45262145262145265,0.4579172610556348,0.4656910569105691,0.4662983425414365,0.46725073007926576,0.4913774403470716,0.5077133105802047,0.5365400843881857,0.5562011620917652,0.5998782714546561,0.6378246520304204,0.6799667497921862,0.7456568416943198,0.8022737405260811,0.843098311817279,0.8884540117416829,0.9261277626400242,0.9743675099866844,1.0122214234363767,1.041237113402062,1.031111111111111,1.0663006756756757,1.1157749077490775,1.0863444392304082,1.1177347242921014,1.1282321899736147,1.1397260273972603,1.1971411554496725,1.1507983441750445,1.1813048933500627,1.2642163661581138,1.267383512544803,1.3204334365325077,1.3390557939914163,1.388003748828491,1.4252025017943197,1.4848347668628339,1.5414044181167468,1.497060744611365,1.6169476869865975,1.5896212347151804,1.5671988838939699,1.646634211851603,1.652127659574468,1.6571897211591033,1.6947513812154695,1.7696459412780656,1.7921658986175115,1.8,1.8297760210803689,1.986104678091709,2.0452646239554317,2.1013953488372095,2.1955286093217126
300.0,30.0,21.5188799321171,9.212178877259753,8.80338266384778,8.624038850667747,7.693307342430149,6.355535553555356,5.142182758233113,4.245270711024135,3.6073849704312706,3.1680271061142764,2.8391472868217056,2.6152821708007323,2.424190508823026,2.279566130160952,2.160471765546819,2.0658900618856935,1.993706034801925,1.9213313161875945,1.8742802303262955,1.831548198636806,1.7916501780767708,1.714227309893704,1.6558168836623268,1.6079569892473118,1.575916230366492,1.5422597864768683,1.517023675310034,1.4966947800319126,1.4733549582947176,1.4553990610328638,1.4417337754618664,1.424205967276227,1.4138599466925126,1.3979817868570021,1.3850947158524427,1.3742763654669017,1.3635901347571828,1.3553507424475164,1.3355176933158586,1.3329842931937173,1.3201800847457628,1.3064732742412035,1.298893984353925,1.2798569069895431,1.2821768707482992,1.2693574958813838,1.2469794886203989,1.239887640449438,1.223076923076923,1.200864553314121,1.1818181818181817,1.1622729935559462,1.140769460184909,1.122158229766596,1.1099236641221375,1.0905945265806858,1.0834908632640203,1.0763141228625714,1.0628664495114009,1.0543946932006634,1.050266311584554,1.0388283378746594,1.0267323250087936,1.017562724014337,1.0069419071976615,0.9970126960418222,0.8679413072476657,0.8105703819989535,0.8170580964153277,0.8364252298757864
15000.0,40.0,0.18429105746344782,0.6702328508495909,0.7304940374787052,0.748512888301388,0.7457067371202114,0.7409167132476244,0.7345467032967034,0.7262247838616714,0.7162227602905569,0.7051569506726457,0.6929487179487179,0.6810007251631617,0.6693246541903987,0.6580235720761559,0.6470056270096463,0.6359400998336107,0.6246796045404613,0.6130242529813748,0.6010279001468429,0.5883960141433623,0.5750439367311072,0.5397590361445783,0.5021750951604133,0.4642016806722689,0.4283347141673571,0.3961323155216285,0.36876951905059335,0.34659003831417623,0.32975517890772127,0.31806586270871984,0.31081854607899256,0.30784209594618517,0.30853631775290763,0.3127897463866921,0.32026476578411406,0.33080829454083793,0.3446853516657853,0.3617063492063492,0.38225538971807627,0.40677613801704426,0.43546284224250326,0.46829029094475316,0.5059304703476483,0.5475886705792294,0.5948847489737923,0.6444099378881988,0.6952200662565073,0.747583854462763,0.7977073499662846,0.8843101893597836,0.9410441044104411,0.9650441894209207,0.9630286897367643,0.9443999359077071,0.9171737660581474,0.8872193742266219,0.8583409298085688,0.831584863244661,0.8058233706131893,0.7826516498715669,0.7622983870967742,0.7261454392601934,0.695994747209455,0.671967287596547,0.6548067860508954,0.6414449597266293,0.6127783155856728,0.5995125913891145,0.5898770104068117,0.5559552358113509
35800.0,10.0,2.0029673590504453,0.5940939597315437,0.5726415094339623,0.5664923846328711,0.5567190226876091,0.5555555555555556,0.5592151366503153,0.5636876763875823,0.5685960591133005,0.5738403281792364,0.5808823529411765,0.5911670367628917,0.605207387223736,0.6233002572583609,0.6445623342175066,0.6677215189873418,0.6920674578388507,0.7160058737151248,0.7379605826906598,0.7573558648111332,0.7748047772163528,0.8049095607235142,0.8217954443948191,0.8325681052953781,0.844258872651357,0.8602272727272727,0.8823981552651806,0.9084731802738598,0.9359585774628696,0.9615861214374225,0.9824561403508771,0.9974733295901179,1.0064912880081995,1.0094262295081968,1.0086872586872586,1.005592841163311,1.0044900577293137,1.004360465116279,1.0058091286307054,1.0091743119266054,1.0136762604613185,1.0173834518568687,1.0203506191001595,1.0222192297333692,1.022024565861923,1.0216175359032502,1.0204850868567683,1.0174867135264871,1.0134643377001455,1.0005925340707091,0.9825556956704498,0.9621094615555064,0.9426422190879172,0.9249256689791873,0.9098635075972187,0.8937277458230621,0.8822203437588053,0.8714742657749346,0.8587223587223587,0.8479026577009285,0.8396319421623398,0.8232607167955025,0.8069512655836797,0.7947178871548619,0.7850784230606189,0.7762331838565022,0.7436260623229461,0.7289888543026408,0.7193390136844824,0.7340274491244675
8000.0,80.0,0.5184992183428869,0.40778443113772456,0.32814814814814813,0.30800542740841247,0.3033600493218249,0.31583592938733124,0.3408496732026144,0.3727503321657205,0.4078544712682761,0.4394730865319101,0.468209786111925,0.488388969521045,0.5054704595185996,0.5134635149023639,0.5191895113230036,0.5234013605442177,0.5214231063504208,0.5184233076263924,0.5146527117031399,0.507996632996633,0.5020910780669146,0.48619676945668133,0.4681516936671576,0.45156106519742883,0.43579545454545454,0.42485955056179775,0.42162982228001733,0.41998939554612935,0.42599090318388566,0.44009546539379474,0.45697786333012513,0.4799389957766307,0.508323927765237,0.5415332771693344,0.577079107505071,0.6200287494010541,0.6597850678733032,0.699505766062603,0.7734827986084267,0.8158716005349977,0.8542199488491049,0.917193789534215,0.9663430420711974,1.0312267657992564,1.0586816720257235,1.1094306049822065,1.1777557100297915,1.2090032154340835,1.2658227848101267,1.3101640225867168,1.3841211564938045,1.400913860213234,1.394273127753304,1.4520381261407422,1.3989258861439313,1.4435427776489682,1.4741506646971936,1.4017721518987343,1.4032432432432433,1.4720068906115418,1.4626777251184835,1.4152759948652118,1.4446764091858038,1.452513966480447,1.4337445284520494,1.4156396090097747,1.3113006396588487,1.2382543328461058,1.2059986366734834,1.1368186874304782
1200.0,90.0,1.4125242091672046,0.907360157016683,1.0664732898235436,1.2565017848036717,1.379182156133829,1.4156698564593302,1.3895081967213114,1.3310570071258907,1.2650878533231475,1.197362223268959,1.1460800902425268,1.1011162179908076,1.065561416729465,1.0442176870748299,1.0246913580246915,1.009867730422003,1.0024171270718232,0.9908048872653986,0.990983606557377,0.9850878488114573,0.9791268323773104,0.9971520789823429,1.0137961726746774,1.0457818930041152,1.0775736366287547,1.1212920237310482,1.165380374862183,1.217214778725132,1.2863554757630162,1.352970054000982,1.4063660477453581,1.453241537578887,1.505789152955515,1.5557717250324254,1.5976775956284153,1.6324786324786325,1.6159527326440177,1.65375854214123,1.6836248012718602,1.6535369774919615,1.6683168316831682,1.6567796610169492,1.6529209621993126,1.6746666666666667,1.628193832599119,1.6251121076233184,1.653953488372093,1.6342376052385408,1.6404602109300095,1.5913555992141455,1.5763645468202303,1.5494539144636112,1.543793320730939,1.5416083539670578,1.4773222852158745,1.5235613955595833,1.482872425173552,1.445285615966965,1.4699596295416766,1.452161243322001,1.4385150812064966,1.4247987927565393,1.4371727748691099,1.4187919463087248,1.3923352633030053,1.3811888211093772,1.2988062442607897,1.250341997264022,1.2394062078272605,1.3723905723905725
10000.0,10.0,0.3529208301306687,0.4261046906866077,0.36205882352941177,0.3387273124863328,0.3010184097140619,0.2675251256281407,0.24718941898913557,0.24106776180698153,0.24479768786127168,0.25877659574468087,0.278016469745793,0.3010049076887123,0.32401902497027346,0.345221530574881,0.3614610673665792,0.37720020586721564,0.38846153846153847,0.396906523201076,0.4059939301972686,0.4098567818028644,0.4142990654205608,0.4243621990657564,0.4313784764207981,0.44067149942769934,0.45500603136308804,0.4722560975609756,0.4965277777777778,0.5291238374938816,0.5662337662337662,0.6124902419984387,0.6710059171597633,0.7333250835292662,0.8062230437461491,0.8853149530920926,0.9664791373652133,1.0630914826498423,1.156206896551724,1.2485714285714287,1.3344643722733882,1.4623717217787913,1.5278497409326426,1.59501100513573,1.6707717569786535,1.7159926470588236,1.8608013217678645,1.8693868499833683,1.8647540983606556,1.938493888815876,1.914775100960869,1.9399937166195413,1.9967937299608123,1.9694921799575207,1.894639175257732,1.847753927860146,1.8302644003777149,1.7292543968293288,1.7188149688149688,1.6965012205044752,1.6214992927864216,1.5768439612106964,1.5662100456621004,1.5314455054329932,1.461914744933613,1.4327137546468403,1.4090909090909092,1.3740617180984154,1.0837118754055808,0.9752747252747253,0.9442939583087975,0.821330902461258
500.0,40.0,1.2941176470588236,0.7576634877384196,0.9165481270744429,1.0756950477845353,1.1417575368826172,1.1151266766020864,1.0376692171865805,0.9486301369863014,0.8729770636861102,0.8205051561799432,0.7855700385533321,0.7623483535528596,0.7586034912718205,0.7509106192210703,0.7427154370737755,0.7522842639593909,0.7541103397880892,0.7534408179315769,0.7626622017580578,0.7587583148558759,0.7600749765698219,0.7846965699208444,0.7952297847585805,0.8073278584965256,0.8115746971736204,0.8187679083094556,0.8338368580060423,0.8386075949367089,0.8484596169858452,0.8619130434782609,0.8733092876465284,0.8725140712945592,0.875842155919153,0.8928429423459245,0.8769748241769442,0.8820779220779221,0.8698456333262847,0.8506312861117056,0.8821972203838517,0.852460825424851,0.8290933542530539,0.8425556189389618,0.8283582089552238,0.8224288067780654,0.798976863155447,0.7919265623161115,0.7988137029415324,0.7836625863531693,0.7840572556762093,0.7594682718836219,0.7459713234361122,0.7198458574181117,0.7061219127693116,0.7020905923344947,0.6691922608578,0.6836648921266462,0.673644282101714,0.6465931580435397,0.6450905902980714,0.6615912822809374,0.6536153615361536,0.626331223954314,0.6336490608444373,0.6291543270812767,0.6162810336091876,0.6042715749262025,0.5747178329571105,0.5675135598058807,0.5809128630705395,0.6887955182072829
17500.0,0.0,0.19147540983606556,0.7383720930232558,0.8172628304821151,0.8572866569734929,0.8717683557394003,0.8816083395383469,0.8871480472297911,0.8887987012987013,0.8864642631246047,0.8805970149253731,0.8710210830921868,0.8596654275092936,0.8463528194516295,0.8319039451114922,0.8159547738693468,0.7986254295532647,0.7811094452773614,0.7631836734693878,0.7436170212765958,0.7238691049085659,0.7038545910372924,0.6507085407889698,0.5958669981354879,0.5418941818866504,0.49124801091157083,0.4466977254042203,0.4095867768595041,0.3805044035228183,0.35891812865497075,0.3442985074626866,0.33593519882179673,0.33318098720292505,0.3352726443075519,0.34177758694718763,0.352442761853254,0.3668261562998405,0.3850375505488157,0.40763863385971355,0.43441011235955057,0.4659892408846384,0.5029793735676089,0.5452682926829269,0.5938005726378688,0.6480544131603923,0.7080087876972239,0.7721930482620655,0.8393188854489164,0.9069591527987897,0.9709223080417991,1.0787841191066998,1.1408450704225352,1.15625,1.137411620043037,1.1000330870188595,1.0560574473013666,1.01272967455266,0.9730431556819586,0.9371196754563894,0.9050829875518672,0.8768864177918984,0.8519568151147099,0.8092971156538785,0.7748949123061313,0.7476761619190405,0.7292312461252325,0.7152688860435339,0.6902709359605911,0.6800610376398779,0.6731107205623902,0.633974358974359
800.0,70.0,1.7905441956074868,1.3458933107535986,1.543756145526057,1.6845391112743298,1.708994708994709,1.6513102282333052,1.5502257336343115,1.4324517512508934,1.318499127399651,1.2095188825659597,1.1202310747382356,1.0419013600769336,0.9768597608324274,0.9262536873156342,0.8821490467937608,0.8458925918064105,0.8172718808193669,0.7897017588580169,0.7707466000555093,0.7503768465480857,0.731675392670157,0.7085487077534791,0.6914995224450812,0.6903409090909091,0.6964047936085219,0.7137529137529137,0.7373655913978494,0.7708056095813287,0.8183623408480317,0.8693931398416886,0.9162373031061387,0.9606040709126723,1.0127560186848725,1.0655769988184325,1.1143100874386862,1.1586033774532176,1.1656560756730536,1.212592403772623,1.2535441657579063,1.244326141776408,1.2699386503067485,1.2737515225334957,1.2796504369538078,1.306135770234987,1.2737630208333333,1.2786501837621116,1.3080684596577017,1.2944287729196051,1.302215764620414,1.266591676040495,1.2566269688820593,1.2363350373574518,1.2341463414634146,1.2344077019673503,1.1820501914079116,1.2230119946690359,1.1891771019677997,1.1591320072332731,1.1814762576398683,1.166988416988417,1.1561284046692606,1.1460221550855991,1.1570901423299946,1.1433224755700326,1.122060470324748,1.1132947976878613,1.0651340996168583,1.0405405405405406,1.0448295782784518,1.2008269344359126
1100.0,10.0,3.792579075425791,1.8099971598977562,1.8966644865925442,2.2288892141080052,2.5290132547864506,2.6637122002085505,2.6374077112387204,2.5142923812857307,2.3720502604964757,2.2364941443143183,2.1599018733273865,2.107766253478371,2.0793248945147678,2.081601466992665,2.076343381389253,2.075962539021852,2.081002542680712,2.0703154694032686,2.0762278978389,2.0639935196435806,2.0475594493116396,2.0638864241348713,2.058851004203643,2.0698924731182795,2.0630676084762865,2.0690737833594977,2.06297093649085,2.0606394707828004,2.0777525539160044,2.0871586287042416,2.079243051448847,2.0678376741368867,2.0681399631675874,2.0720551378446115,2.073248407643312,2.0722114764667956,2.0267624020887727,2.0414473684210526,2.05195681511471,2.0053908355795147,2.0081911262798635,1.9868329868329868,1.9735376044568245,1.9864768683274021,1.9345991561181435,1.9288762446657184,1.950401167031364,1.9284149013878744,1.9287305122494431,1.8756593820648078,1.856816450875857,1.8266563944530045,1.8199685534591195,1.8174539631705364,1.7514124293785311,1.7986688851913477,1.7572977481234362,1.7177554438860971,1.7439655172413793,1.7236842105263157,1.7086267605633803,1.6945945945945946,1.7041860465116279,1.6824644549763033,1.6515004840271055,1.6366336633663365,1.5334302325581395,1.468934697996252,1.4508891474156556,1.6186244204018547
800.0,60.0,1.8719059405940595,1.3653846153846154,1.6123876123876124,1.806546452371619,1.8638897999344046,1.8125,1.7021419009370817,1.5695764909248056,1.4407958070381859,1.3230020491803278,1.2243858597962851,1.1413360810578739,1.072497570456754,1.019126276896327,0.9732465654374548,0.9360063728093467,0.9063408958696917,0.8782581055308328,0.8583275742916379,0.8380809595202399,0.8193993506493507,0.7939156035328754,0.776084407971864,0.772002772002772,0.7765561843168958,0.7928772258669166,0.8168529664660361,0.8518880606134669,0.900942089221391,0.9547293092719353,1.0057004664017966,1.0533460803059274,1.108451290591174,1.1622539035980992,1.2113326848249026,1.2552312064066133,1.2618528610354223,1.3063139931740615,1.3413533834586466,1.3314866112650046,1.3528662420382165,1.3521080368906455,1.354936198791135,1.3748694744169858,1.3433922996878251,1.3439490445859872,1.365969930326366,1.3510520487264672,1.353985644125425,1.313467492260062,1.2989365892083498,1.2748397435897436,1.267379679144385,1.2625157761884729,1.2094508301404854,1.2445916114790287,1.2105496453900708,1.1795444394819117,1.1981524249422633,1.1827195467422096,1.170859041290935,1.159257449926722,1.1682765632943568,1.153204794163627,1.131621187800963,1.1221794166208034,1.066145092460882,1.0398230088495575,1.044507575757576,1.2016471838469713
500.0,50.0,1.6555172413793104,1.152490297542044,1.4809322033898304,1.7578125,1.8837314105452907,1.88909384367074,1.8171206225680934,1.7076397780623134,1.5910064239828694,1.4786821705426356,1.378891419893698,1.289198606271777,1.2167487684729064,1.151308555091269,1.0943465045592706,1.0487121313225678,1.006260920209668,0.9687797147385103,0.9365242751758449,0.9036501760237169,0.8747252747252747,0.8166387759980875,0.7632248939179632,0.718025182239894,0.6788041395170563,0.6499118165784833,0.633852335509794,0.6237230419977299,0.6235444657709533,0.6333095067905646,0.6479462875197473,0.6593559617058312,0.6772426817752597,0.7057318321392017,0.7121694282892571,0.7335893854748602,0.7406817067189799,0.740598618572525,0.7810682893847194,0.7685069876850698,0.7591982820329276,0.7808705952028427,0.7761171497584541,0.7785255908592894,0.7616968184653773,0.7602608972319439,0.7718806658974782,0.7609489051094891,0.7649355057705363,0.7463516330785268,0.7367491166077739,0.7143113664930868,0.703778801843318,0.7018668678106732,0.6711806217814229,0.6876609229550407,0.6785288270377734,0.6528445512820512,0.6532475617347998,0.6704883227176222,0.6633917129431868,0.638246309759859,0.6477481617647058,0.6447958461175359,0.6338028169014084,0.6233733733733733,0.6067415730337078,0.6063157894736843,0.6256410256410256,0.7536677378789997
1200.0,80.0,1.4061712846347607,0.9047938638542665,1.061690605133035,1.248019801980198,1.3678057553956835,1.4014998557830978,1.3741324921135647,1.314709236031927,1.2487179487179487,1.1805054151624548,1.1285097192224622,1.0842767295597484,1.048375451263538,1.0268948655256724,1.0063694267515924,0.9918453639383872,0.9844250524687949,0.9726690047164107,0.9725721784776903,0.966647743400511,0.9606190622126877,0.9778752971292741,0.9944182052382997,1.0268589903009202,1.0596382136800453,1.1043533930857874,1.1499105545617174,1.2036450079239303,1.2732456140350876,1.3416626621816434,1.3975026014568157,1.4456338028169013,1.500299580587178,1.551372048500319,1.594885598923284,1.6294736842105264,1.615440640932265,1.6531835205992509,1.683921568627451,1.6547619047619047,1.6693811074918568,1.6585774058577405,1.6539440203562341,1.6754385964912282,1.628695652173913,1.6279893711248892,1.6571691176470589,1.6361957525392428,1.641438032166509,1.5935984481086325,1.5780632411067195,1.5516372795969773,1.5464344941956882,1.543445931591247,1.479130808950086,1.5254805543138132,1.4842258897496352,1.4471599909481783,1.472241742796908,1.4538922155688623,1.4392388293387932,1.426268138410021,1.4376048522389986,1.4211988884477968,1.3944006523511825,1.3824639910502028,1.2987882076324833,1.2500561167227835,1.2391073326248672,1.371769383697813
3000.0,10.0,0.6526077097505669,0.44101907864122847,0.5151430953042512,0.601508120649652,0.6468542522921277,0.6469789545145961,0.622,0.5918297288019224,0.5716216216216217,0.5578409090909091,0.5561009817671809,0.5532163742690058,0.5594274432379072,0.5620371425316167,0.5703877179287016,0.5795954265611257,0.5889650669278486,0.5975209624498724,0.6103117505995204,0.6143605412483631,0.6173809523809524,0.6524249422632794,0.6822685343354971,0.7147971360381862,0.7481949458483754,0.7918598660484286,0.8429319371727748,0.8934640522875817,0.9695393759286776,1.0392976588628762,1.1133828996282529,1.214885456618638,1.2457798784604996,1.3277906834576354,1.3565739652696174,1.3732201533406352,1.3853825331243768,1.4080796252927401,1.4415664508171446,1.3707551558381144,1.3849712827058074,1.3899868247694334,1.3758153537380833,1.404095204760238,1.3471574218074995,1.3673360582903857,1.3494926719278466,1.3351721514171582,1.4135472370766489,1.3650925733305597,1.3706989829041334,1.35595130748422,1.3743784039782145,1.357478368355995,1.326241134751773,1.359454399572078,1.3157467532467533,1.2929708951125756,1.3549684089603675,1.3612178539757611,1.2864816472694718,1.2977075588599751,1.3180636777128005,1.319718781386006,1.3100587625302453,1.2842331069002502,1.2483091787439613,1.2203703703703703,1.2160953800298062,1.2975391498881432
8000.0,90.0,0.5186853962364166,0.4075540664026805,0.3277219430485762,0.307426597582038,0.30248115577889445,0.3147697194282689,0.33978315262718933,0.37154491609081935,0.40681502086230875,0.4388656438865644,0.46788715486194477,0.48810408921933085,0.5056078959174518,0.5135405690200211,0.5194987775061125,0.5238660153524075,0.5218995290423862,0.518804920913884,0.5150243902439025,0.5084690905167764,0.5026801667659321,0.4869015356820235,0.46895640686922063,0.4524705882352941,0.4366812227074236,0.4264123785534365,0.4233229675699689,0.4217816404128191,0.42809587217043943,0.44218241042345274,0.459861932938856,0.4828828828828829,0.5114801444043321,0.545,0.5807923667288944,0.623898139079334,0.6639699508812482,0.703429724277068,0.777602523659306,0.8196274420717855,0.8578125,0.9210064365125804,0.969078947368421,1.033987915407855,1.0612244897959184,1.1110108303249098,1.1790173177607732,1.2102118413905487,1.2660332541567696,1.3104152484683458,1.38343653250774,1.4001027221366205,1.3932417378388415,1.4510769230769232,1.3977840538779056,1.4425422138836772,1.4733565737051793,1.400921658986175,1.4025157232704402,1.4711007841998258,1.462091699130956,1.4150698278661904,1.4445227192673478,1.4524886877828054,1.43409915356711,1.4158415841584158,1.3129055515501082,1.240195039219843,1.2087835965641454,1.1409966024915064
15000.0,50.0,0.18654646324549237,0.6580246913580247,0.7101732811626607,0.724025311288018,0.7193989071038251,0.7147838214783822,0.7091222030981067,0.7024364955935718,0.6940024479804161,0.6847795163584637,0.6745513866231647,0.6640148011100833,0.6543145622983242,0.6445090063916328,0.6349206349206349,0.625142694063927,0.6153483252083661,0.6047355686138957,0.5939692774511663,0.5823810513193435,0.570031832651205,0.5364539007092198,0.5003523608174771,0.4638186573670445,0.4288936627282492,0.39755775577557756,0.3708502024291498,0.3492552135054618,0.33276450511945393,0.32133753186384767,0.3146025878003697,0.3119433660653117,0.3131712832108536,0.317601683029453,0.3253048780487805,0.33636856368563683,0.35050641458474,0.36823925863521484,0.38902349099336353,0.4144736842105263,0.44367702680480187,0.4770020533880904,0.5154691894656098,0.5573197840584313,0.6051502145922747,0.6547448736289938,0.7050318102949682,0.7560303239145417,0.8046341463414635,0.8869947464350809,0.9404604392696481,0.962580843855867,0.9605648355433098,0.9431288457952638,0.918174665617624,0.8896694214876033,0.8627743447688047,0.8378259916721456,0.8130523453433038,0.7908709827666511,0.7717003567181926,0.7365671641791045,0.706923477355544,0.6835545922514223,0.666384897154128,0.652619256657887,0.6192733017377567,0.6032144650929181,0.5919811320754716,0.5574018126888218
300.0,20.0,487.4578809434669,185.01849568434034,113.25518485121731,78.16192015918418,56.608397320699225,42.3968807715986,33.56539035305818,28.470588235294116,25.528372409106353,24.234514998052198,23.61646234676007,23.760473139477575,24.135090609555192,24.699088145896656,25.984900480439258,27.174242424242422,29.474137931034484,31.012416427889207,35.59283350450759,37.65439800374298,49.96589358799454,81.64670658682634,88.47330839850392,95.7471264367816,103.61601377529057,113.12348668280872,125.41073384446877,138.70162297128587,155.49174443646805,177.79632721202003,204.3222003929273,240.94969440526563,286.18421052631584,350.28348688873143,431.6048278945015,544.2528735632185,703.2428355957768,930.197268588771,1256.6063977746871,1755.6427870461239,2483.6415362731154,3622.147083685545,5384.861066751836,8133.462282398453,11883.954154727793,16124.811273276295,20748.565466875327,24227.4412855377,26433.447098976107,28118.590341226925,28957.680250783695,29064.542483660134,29340.425531914894,30429.01371074746,30551.109078435853,30025.925053028517,30750.60532687651,31000.248200546044,31276.97385123128,31104.19906687403,30663.494581020354,31037.321624588363,31390.38953653682,31693.66715758468,31053.435114503816,31011.378002528443,30532.087733549957,28239.96033713436,30256.84931506849,13376.18088895772
22500.0,0.0,0.7769161043408198,0.5589576547231271,0.6109032602886157,0.6445117335352006,0.6650976464697046,0.6825295839165288,0.693634368140483,0.6971353185073502,0.6930934932267377,0.6841020355578459,0.6727756429204848,0.6609485368314834,0.649923896499239,0.6410806174957119,0.6335583413693346,0.6273661438615468,0.6224242424242424,0.6175033921302578,0.6121304018195602,0.6069491525423729,0.6009460737937559,0.5829295564666418,0.5617886178861788,0.5395546129374337,0.5179162072767365,0.4987513378523011,0.48298068077276907,0.47099822799763735,0.4630862329803328,0.45893719806763283,0.4583282038655669,0.4614540896270761,0.4681147867676365,0.47820577800304104,0.49178214631002254,0.5088150881508815,0.5292275574112735,0.5533554817275748,0.5818104906937395,0.6140860215053764,0.6501362397820164,0.6896788596943156,0.7317282889079966,0.7748802554550293,0.8172077922077922,0.8569200779727095,0.8910845588235294,0.9187035069075452,0.937424789410349,0.9490167516387472,0.9338842975206612,0.9024171888988362,0.8675496688741722,0.8351084812623274,0.8057334553217445,0.7803631051752922,0.7584401709401709,0.7393204413853381,0.7226252930014511,0.7077448747152619,0.6946378830083565,0.672289156626506,0.6544227886056971,0.6400931797592856,0.6303241360835788,0.622766929788118,0.6152027641389344,0.6128293241695304,0.6111704970603955,0.6043171114599686
1700.0,70.0,0.9414088215931534,0.594005956813105,0.7059095106186519,0.8512322179923862,0.957394432872562,1.0037950664136623,1.005749880210829,0.9845430107526881,0.9590747330960854,0.9307398246008545,0.9154290429042904,0.9030154849225754,0.8938674767419783,0.896357328707719,0.8948912246394525,0.8970307818033233,0.9033033033033033,0.9025759577278731,0.9130747126436781,0.9152080902372618,0.9159310634720471,0.9488977955911824,0.9742388758782201,1.0100942126514132,1.0416666666666667,1.0833333333333333,1.1254716981132076,1.173908534688375,1.2404252886704012,1.3044563724878293,1.3573257851462461,1.4023306627822287,1.4519616929255483,1.4985231375123071,1.535080158593346,1.562298603651987,1.5404105788792306,1.5699678091270592,1.5913129318854886,1.5555776496321336,1.5640764849471114,1.548790658882402,1.5400674820750737,1.5562812976268234,1.5093729799612152,1.5060320245667909,1.5309372156505914,1.511090784358564,1.5148816498711037,1.469682386910491,1.454478527607362,1.4292511895817681,1.4232654114005674,1.420481608891241,1.360053619302949,1.4018952062430323,1.3637636516381966,1.3288173863957098,1.3515488018702513,1.3347280334728033,1.3225127742711151,1.3113587124729187,1.3234536082474226,1.309319233311302,1.2869269949066213,1.2782243970639637,1.221408966148216,1.1900114810562572,1.1851092896174864,1.3122502172024326
6000.0,40.0,0.6521101992966002,0.37510584250635054,0.3064972660019299,0.2817780580075662,0.2707799767171129,0.27155172413793105,0.28503964150293004,0.30733695652173915,0.3385118560915781,0.3723849372384937,0.40794744431982055,0.43091286307053944,0.46284501061571126,0.47615958481998055,0.4844115354637568,0.49725776965265084,0.5006319115323855,0.5060292326431182,0.5084873374401095,0.5034429992348891,0.5030769230769231,0.5068209101822547,0.5042315042315042,0.506918663516706,0.5056933712891419,0.520248447204969,0.5403153823266885,0.5598591549295775,0.5928571428571429,0.6301032956222331,0.6672316384180791,0.7034617896799478,0.7391941391941392,0.7954394693200664,0.8166974169741698,0.8568544316575812,0.8764957734109123,0.8834334157541505,0.9710846526233154,0.9514087382605145,0.9542062911485004,1.0114996849401385,1.0188772975658222,1.0591544184358557,1.0291545189504374,1.058159891071776,1.13244176013805,1.1352017937219732,1.190337460548677,1.2224025974025974,1.2665283130744145,1.2810266406757636,1.3187365398420674,1.3707909162098668,1.3293239319784322,1.4238683127572016,1.425662878787879,1.3822660098522168,1.4189765458422174,1.4954954954954955,1.4965237543453072,1.4686323713927227,1.539835164835165,1.570799706529714,1.572549019607843,1.5768261964735517,1.6784452296819787,1.7031560361951004,1.7449130050132704,1.756156156156156
1700.0,0.0,0.9085303186022611,0.5101449275362319,0.5864165363904812,0.7224601012066952,0.843944099378882,0.9171119331415263,0.9463350785340314,0.9514687100893997,0.9548839246605344,0.9635327635327635,0.987152034261242,1.016365202411714,1.0582010582010581,1.099448809663422,1.145855472901169,1.1920912322274881,1.2343851659076122,1.2693812233285917,1.3097107833748325,1.3328547990155866,1.3509962776439677,1.4311649016641452,1.4946022727272728,1.550236220472441,1.6001367053998632,1.6523350630096367,1.7041302621127878,1.7427122940430926,1.8049661399548533,1.8474414155906265,1.890562248995984,1.96351136964569,1.9517543859649122,2.0079954311821817,2.006489675516224,2.0042296072507555,2.000616903146206,2.0168961201501876,2.0413703943115706,1.9592233009708737,1.9671052631578947,1.9657947686116701,1.9459093982420554,1.9652536483669214,1.9018531228551818,1.916376306620209,1.8776097912167027,1.8534296028880866,1.925461254612546,1.8498113207547169,1.8387096774193548,1.8037529319781078,1.8081861958266452,1.7750410509031198,1.73421926910299,1.7590361445783131,1.7078651685393258,1.6756521739130434,1.7403414195867026,1.7424381301558203,1.6537753222836096,1.658790170132325,1.6754901960784314,1.6723515248796148,1.6562146602241183,1.6205658783783783,1.559682411519311,1.5208126858275521,1.5104408352668213,1.676677616142656
1600.0,0.0,1.034954407294833,0.5682800801434146,0.6461848400906572,0.7934352009054896,0.9275411697898921,1.009689140088817,1.043379734541923,1.0490943755958055,1.0512147078135259,1.0591259640102828,1.083780880773362,1.1157335406946605,1.1619018498700504,1.2076666080534553,1.2589356632247817,1.3097286565188617,1.3560222061308231,1.3937483582873653,1.4367427444350522,1.4606606606606607,1.4797318863708906,1.5618181818181818,1.6255578093306289,1.6807846633972359,1.729236677868459,1.7811691670977754,1.8299394606494221,1.8650378126817917,1.9240271772699198,1.9616384915474643,1.9993215739484396,2.068230277185501,2.0520909757887016,2.1042617960426178,2.1003134796238245,2.096076861489191,2.092244897959184,2.108354011579818,2.132992327365729,2.0494880546075085,2.0607111882046834,2.060070671378092,2.038222222222222,2.0602739726027397,1.9972924187725631,2.010978956999085,1.9707547169811321,1.9488636363636365,2.021256038647343,1.945705824284304,1.9340284740324845,1.8986954749286589,1.9040652105758178,1.8711951297661007,1.8296632124352332,1.8554512957998213,1.8009638014120812,1.7690833239373098,1.8350971043144553,1.838235294117647,1.7460695569318723,1.7503358983754733,1.7651524737441477,1.7612828139143928,1.7410300542830663,1.7033414832925835,1.6215057451552048,1.568115336397827,1.551278928136419,1.7128654970760233
30000.0,90.0,1.3903296703296704,0.49544300014940984,0.47845182541861103,0.47818574514038875,0.47877833753148613,0.4885288966725044,0.5015286923800565,0.5140315902468946,0.5243021666991997,0.5328627069133398,0.5404356908385557,0.5487012987012987,0.5584303579128935,0.5701172870984191,0.5830640335128665,0.597071129707113,0.6110573042776433,0.623769730733519,0.6361702127659574,0.6465663673865567,0.6549917264202979,0.6681042565160322,0.6720403022670025,0.6711454484380248,0.6691896705253785,0.6678424456202234,0.6695451040863531,0.6729824561403509,0.677799352750809,0.6845759629690858,0.6932221063607925,0.7029496215087444,0.7158944658944659,0.7294952681388013,0.7455847255369928,0.764403879064461,0.7852802160702228,0.8077226162332545,0.8284522706209453,0.8529226901319925,0.8736917221693625,0.8919099919635681,0.9090909090909091,0.9210569505990481,0.9333793579565067,0.9404761904761905,0.9440260533279056,0.9473572037510657,0.9472607410775176,0.9432747089422838,0.934408886537953,0.9224524076147816,0.9091723931879295,0.8968680797216071,0.8870223978919631,0.873587570621469,0.8667876588021779,0.8595505617977528,0.848605577689243,0.8402835696413679,0.8344739093242087,0.8218549127640037,0.8087431693989071,0.7989445910290237,0.7909192825112108,0.7828673408685306,0.7424710424710426,0.719574526868352,0.7022301516503122,0.6990595611285266
30000.0,40.0,1.425142291512002,0.4909246575342466,0.4710363434375496,0.46871073133953256,0.4679675994108984,0.47655526992287917,0.48823529411764705,0.49990950226244346,0.5097586326365631,0.5176046176046176,0.5249069313951427,0.5330613997423786,0.5425340529426883,0.5538976857490865,0.566571224051539,0.5803757828810021,0.5943852855759922,0.6071428571428571,0.6193982074263764,0.62953216374269,0.637936772046589,0.6508855585831063,0.6544758990053557,0.6530110610405572,0.6505728314238952,0.6485703944987332,0.6489971346704871,0.651031894934334,0.6551668022782751,0.6601697579377555,0.6669336537177947,0.6745951417004049,0.6851851851851852,0.6964797913950457,0.7106777493606138,0.7275193798449613,0.7467411545623837,0.7689331122166944,0.789612097304405,0.8150113722517058,0.8375874125874125,0.8581836327345309,0.8769505127061971,0.8908362543815723,0.905010718113612,0.913511939429237,0.917650813916374,0.9214694978092349,0.920972097209721,0.9151873767258383,0.9029331082506858,0.8870787770586922,0.8696373548234179,0.8538230884557722,0.840384116273034,0.824551724137931,0.8151403459030337,0.8061970184156679,0.7930289944478717,0.7828461291358818,0.7763504611330698,0.7607167955024596,0.745475113122172,0.7344497607655502,0.7251264755480608,0.7168299198575245,0.6780774550484094,0.6585907335907335,0.6448381185094685,0.6470588235294118
1400.0,20.0,1.1944167497507479,0.6929784304726939,0.8030474040632054,0.980119791002931,1.1242378048780488,1.1924966502903083,1.1988676574663837,1.1727122835943942,1.1422952661890715,1.1148611867174743,1.1135902636916837,1.1240560949298812,1.1410539602398233,1.177721701514059,1.2051800890327802,1.2358997314234557,1.2696629213483146,1.2870026525198939,1.31875,1.334140435835351,1.344694533762058,1.4117216117216118,1.4534313725490196,1.502692998204668,1.5342995169082125,1.5745655114996358,1.604432132963989,1.6383452478612446,1.6905265778663014,1.735764891104697,1.762609649122807,1.7818652105187527,1.8073898204481378,1.8321785989222479,1.8487394957983194,1.85809168961607,1.817731550272412,1.8361204013377928,1.848594585273323,1.8015530629853322,1.803680981595092,1.7802570510531952,1.7662174303683738,1.778535865756961,1.7266763848396502,1.719298245614035,1.7416222391469915,1.7185948835433371,1.7191273860537593,1.666732909379968,1.6474384832593787,1.6179061667691046,1.6092798656309049,1.604117520909286,1.5383448873483536,1.5814839722035419,1.5401394198335956,1.5019226419362135,1.5244983667755483,1.5049976201808664,1.4909177820267687,1.4765873988722726,1.487166454891995,1.4692127825409198,1.442788717402874,1.431576072111445,1.352879944482998,1.307495741056218,1.2953523238380809,1.4301403294691886
6000.0,90.0,0.6599587203302374,0.3821234334358004,0.31289291422482685,0.28930164989104495,0.28130360205831906,0.28643501503508184,0.30406458797327396,0.3293913043478261,0.361732385261797,0.39484199055575736,0.4281829419035847,0.44789356984478934,0.4761331728840754,0.48570038910505836,0.4914053426248548,0.5009485094850948,0.5021011673151751,0.5049283154121864,0.5053795877325289,0.4987091705017398,0.4965560425798372,0.49536741214057506,0.4894042383046781,0.48898787428854246,0.485944976076555,0.49798755945847056,0.5164690382081687,0.5346534653465347,0.5661059190031152,0.6026335040234089,0.6398312236286919,0.6766895200783546,0.7137341423055709,0.7697994987468672,0.7942577030812324,0.8367975365665897,0.8587523120901295,0.8700217233888486,0.9578459056070996,0.9412507896399241,0.9466878402903811,1.0058737151248165,1.0146869363566091,1.0548177451257417,1.026712134129014,1.0555218446601942,1.1294988227379752,1.1325174825174824,1.1873580620741861,1.2173546756529066,1.260027662517289,1.2749747729566094,1.3101336302895323,1.3616504854368932,1.3204881181759796,1.4118895966029723,1.4146520146520147,1.3716679360243718,1.407254740313273,1.4825783972125435,1.4807520143240824,1.454898157129001,1.524001699235344,1.553034600113443,1.5554477068672652,1.5584415584415585,1.659826721386229,1.6836525307797539,1.7238225880201188,1.722703001288897
1900.0,10.0,0.8018993352326685,0.48272884283246975,0.5650943396226416,0.691771269177127,0.7918367346938775,0.8393135725429017,0.844457904300424,0.8302672683096147,0.8176924877135502,0.8112980769230769,0.8191648023862789,0.8328118015198928,0.8569174118884797,0.8813559322033898,0.9121482498284146,0.9439754412893323,0.9745977984758679,1.000931098696462,1.0334377209819174,1.0525340599455042,1.0676515417985697,1.1388659510046792,1.196372239747634,1.2488012786361216,1.2973236960343817,1.3490768570201803,1.4029363784665578,1.4474874371859296,1.5151102640893004,1.5678759508484494,1.6218487394957983,1.702855245683931,1.704695652173913,1.766812865497076,1.7740585774058577,1.7768206734534064,1.7768860353130016,1.7946938775510204,1.8193739424703892,1.741839762611276,1.7508635578583764,1.7491181657848325,1.729657625611383,1.7480531378836464,1.6886877828054299,1.7014719411223551,1.6655550262029537,1.6448061273336525,1.7117647058823529,1.6415284062342885,1.6309584828293182,1.5988493723849373,1.6027987082884823,1.5731639977912755,1.534116331096197,1.557815223707147,1.5096322241681261,1.4811764705882353,1.5392574558734022,1.5432482887367767,1.462163852407755,1.4691119691119692,1.4849498327759196,1.4832076764907471,1.4683544303797469,1.4384949348769898,1.3939962476547842,1.3679906542056075,1.362896551724138,1.5111876075731498
27500.0,20.0,1.0717190889370933,0.49745331069609505,0.4967741935483871,0.5041204263267772,0.5108745950948634,0.5249791840133222,0.5408719346049047,0.5543969412582551,0.5643693107932379,0.5708222811671088,0.5751437699680512,0.5796958174904943,0.5840787119856887,0.5902734293466917,0.5973884657236126,0.6053767934252682,0.6135419993612264,0.621330902461258,0.6282928852935076,0.6341176470588236,0.6384451544195953,0.6432937792161093,0.6410009624639076,0.6332053742802303,0.6235194585448393,0.6133733867378727,0.6046003785121561,0.5976880803486829,0.5925380461462936,0.589873417721519,0.5900974025974026,0.5925349922239502,0.598090849242923,0.6065,0.6183478534690878,0.6334121976866456,0.6516614830577836,0.6736842105263158,0.6971285892634207,0.7252347773401999,0.7534696859021184,0.7817944250871081,0.8105209397344229,0.8347205707491082,0.8587684069611781,0.8760330578512396,0.8883291351805206,0.8974475843208751,0.9007897334649556,0.8979138925876609,0.8831387651943675,0.8617958870864734,0.8385704652730951,0.8165137614678899,0.797634691195795,0.7782701711491442,0.7645490196078432,0.7520554570369177,0.7374601576916625,0.7254935919639764,0.7163359319631467,0.6985046728971963,0.6816834617664493,0.6693598508390305,0.6597222222222222,0.6516802906448683,0.6278993792878145,0.6181976491075316,0.6130573248407644,0.6183416652301327
5000.0,70.0,0.6418092909535452,0.36889077773055673,0.3305340027384756,0.3213228894691036,0.32154644035832153,0.32891533675953477,0.34542237947810706,0.3680244399185336,0.39860696517412936,0.42389050186644545,0.4588081449654399,0.4790376369699857,0.49849578820697954,0.5145772594752187,0.5215311004784688,0.5248730964467005,0.5291545189504373,0.5301480484522207,0.5324528301886793,0.5290893760539629,0.5251175917215428,0.5329420220412074,0.5351440083569616,0.5479728490185287,0.5572117492327926,0.5845500398194851,0.6118980169971672,0.6468853667526723,0.7023965141612201,0.756688541140838,0.801605504587156,0.8493778650949574,0.8958031837916064,0.9476650563607085,0.9903169014084507,1.0245746691871456,1.0200787004338614,1.0573491928632115,1.1000462641684017,1.0751006870409856,1.101639754662661,1.1072944297082228,1.114379983502887,1.1596501630595908,1.1161280802715066,1.1363989436072706,1.199966078697422,1.196615491974878,1.23276183376817,1.2305346615165684,1.255574989068649,1.269475170628383,1.3039918116683726,1.3372797356828194,1.2877344877344878,1.3752752437873546,1.3435681965093729,1.3172114743162109,1.373567335243553,1.370913190529876,1.368805224740684,1.3866721513780338,1.4356347438752783,1.4432406971267076,1.44061876247505,1.4544973544973545,1.5182926829268293,1.527742907356264,1.5501146413363904,1.6030897207367796
30000.0,0.0,1.1799947903099766,0.501984126984127,0.5011142061281337,0.512187333688132,0.5229036676304977,0.5419974926870038,0.5626562934148375,0.5818051060769507,0.5970895861755343,0.6084507042253521,0.6179821551132464,0.6271228359439407,0.6375122428991186,0.6493087557603686,0.6625874125874126,0.6767503508498363,0.6908143088261729,0.7043298969072165,0.7165057687779609,0.7269560557341908,0.7355623100303952,0.7484536082474227,0.7513842746400886,0.7479674796747967,0.7416502946954814,0.7355543987506507,0.730267673301304,0.7259842519685039,0.7222873900293255,0.7197113558678314,0.7183992191312836,0.7186525265127885,0.7212025316455696,0.7267732267732268,0.7351283656856606,0.7473093121197941,0.7630258587417985,0.782618991238456,0.8038818076477404,0.8292173913043478,0.8540630182421227,0.878847093307279,0.9022046353872244,0.9213263979193758,0.9385838150289018,0.95028067361668,0.9582593250444049,0.9627151051625239,0.9637673700463201,0.9548734394685603,0.9356710705025312,0.9111807732497388,0.8858283982922462,0.8623522628999711,0.8420346062052506,0.8217466020934229,0.8066431322207959,0.7929042904290429,0.7776250214813542,0.7647372159090909,0.7546792658549882,0.7351247600767754,0.717391304347826,0.7040511727078891,0.6939414263357926,0.6855537344884102,0.6656472986748216,0.6595259799453054,0.6571588366890381,0.6756355539061051
15000.0,80.0,0.18242723778143877,0.6696873584050748,0.7311917098445596,0.7487117308275235,0.7451377633711507,0.7402061855670103,0.7336715282181357,0.7257990867579909,0.7168458781362007,0.7070738547834217,0.6965410673956971,0.6860950329788666,0.6757328498035661,0.6654318908907223,0.6553461466691547,0.6447693574958814,0.6342015855039638,0.6230119284294234,0.6113228089275994,0.5988095238095238,0.5860162601626017,0.5509296685529507,0.513,0.4755240443896424,0.43943981831945494,0.40695088044485633,0.37954880399047725,0.35759844703272325,0.34097469859059265,0.32944363409043553,0.32257238022034335,0.31996209728363867,0.3215288611544462,0.32635135135135135,0.3345693779904306,0.3463251670378619,0.3613468634686347,0.3800344234079174,0.40151623515949075,0.42857142857142855,0.45891472868217054,0.493803359955935,0.5337653478854024,0.5769717418810628,0.6264131551901336,0.6772784019975031,0.7276563677467973,0.7799465240641711,0.8282458707923898,0.9108991825613079,0.9648626144879268,0.9888203546646106,0.9894396551724138,0.9749941575134378,0.9528860384805131,0.9271920668058455,0.902557200538358,0.8791574279379157,0.8552062301701759,0.8339285714285715,0.8156934306569343,0.7821497120921305,0.7523584905660378,0.729064039408867,0.7116091109478325,0.6974339333588664,0.6562167906482466,0.6363262508567512,0.6214285714285714,0.5818012566907145
8000.0,40.0,0.5029648776037707,0.40488075429839154,0.3283375959079284,0.309521293458734,0.30526720492118414,0.31810819565921605,0.3439795918367347,0.37743396226415094,0.41588586030664393,0.4519532363843741,0.4856247696277184,0.5109739368998628,0.5322847682119205,0.5440699935191186,0.5531754979331078,0.5591259640102828,0.5589792970630717,0.5568120624663435,0.5538507462686567,0.547364953886693,0.5418300653594771,0.5255941499085923,0.5069682430888737,0.4888510154807556,0.4714035087719298,0.4584235599826765,0.4523109804969276,0.4481856815952926,0.4513026052104208,0.462475442043222,0.47674418604651164,0.49694100509832484,0.5219876868953386,0.5530343007915567,0.586356668369954,0.6263669501822601,0.6664859981933152,0.7034599872638506,0.7746302331411381,0.8212404915155062,0.861449864498645,0.9223972339608144,0.9763882815916047,1.0486815415821502,1.0856983861992209,1.1430348258706469,1.214385474860335,1.2560975609756098,1.3182199832073886,1.3806262230919766,1.4740178874674517,1.4960729668102357,1.493524386883439,1.5598159509202454,1.5019569471624266,1.5479572155006136,1.5820671543800413,1.5008668849932576,1.4991809991809992,1.57,1.5615177368657387,1.505459839844698,1.5290423861852434,1.5363534675615214,1.5129657228017883,1.4907936507936508,1.3527591542031976,1.2678571428571428,1.22848948374761,1.1583657587548637
22500.0,70.0,0.8572635135135135,0.5119926199261993,0.5349596022374146,0.5539016689219666,0.5657090464547677,0.5798887122416534,0.5905905905905906,0.5974185617701291,0.5977859778597786,0.5945074106364429,0.5885220924327069,0.5822295158832493,0.5766080300792266,0.5723462832670542,0.5693215339233039,0.5672227674190383,0.5656409121098074,0.5639172688761525,0.5615901455767077,0.5590452261306532,0.5552427867698804,0.542577943229409,0.5261321909424724,0.5076923076923077,0.48955722639933164,0.473498712213637,0.4605009633911368,0.4512057696641875,0.44524703842819996,0.4433370247323736,0.44511278195488724,0.45,0.4590634441087613,0.471251193887297,0.4867597496389023,0.5062046004842615,0.5294229309035687,0.5566888045540797,0.5858286391935962,0.6209293816319064,0.656770130454341,0.693911135490949,0.733201581027668,0.7680817610062893,0.8041704442429737,0.8328992603396187,0.8547120418848168,0.8728300894266176,0.8832898928467999,0.8893326676651689,0.8795974382433669,0.8615354484919703,0.8403746097814776,0.8202099737532809,0.8030818037616134,0.7843883864826273,0.772216796875,0.7607223476297968,0.746272560816113,0.7350635306839687,0.7269209508015478,0.7096209912536443,0.6938271604938272,0.6819799417664186,0.6723144696712978,0.6641843971631206,0.6311767702496179,0.6152964959568733,0.6036674816625918,0.5905313523042055
1200.0,50.0,1.413018825130415,0.8893587033121917,1.054584373885123,1.2578763127187864,1.3986735445836405,1.4520311149524632,1.4384846211552889,1.3879378456676323,1.3271841280891055,1.2633654688869413,1.216302610548748,1.1762860727728983,1.145032632342277,1.1281840591618735,1.1112132352941178,1.101841489469936,1.097759447107346,1.0882746864726653,1.0920827295481492,1.0885734563520226,1.0839310239584923,1.1090124123043712,1.1297105975432022,1.1652814058418428,1.1987247608926674,1.2431151909979272,1.286925334202804,1.3386752136752136,1.406614785992218,1.4721988205560237,1.523680649526387,1.566183574879227,1.613936927772126,1.6591519055287172,1.6943353897924847,1.7219965177016832,1.6981470412432755,1.7293830177153329,1.751111111111111,1.7154731457800512,1.7256694970607447,1.7098930481283423,1.7008777852802162,1.717663421418637,1.6682725395732967,1.6643356643356644,1.6878612716763006,1.6656997824510515,1.6686434395848777,1.6166666666666667,1.5973826020015396,1.5672926447574336,1.5590361445783132,1.5533661740558293,1.487136929460581,1.529664660361135,1.4883520276100086,1.4509122502172025,1.4730700179533214,1.453712190650779,1.4392265193370166,1.4247871333964048,1.4341846758349706,1.4164989939637826,1.3899494376225363,1.3775185577942737,1.289082731361592,1.2404593042890915,1.2298781705612143,1.3639082751744767
500.0,80.0,1.5333839150227617,1.226766417290108,1.3912274495932084,1.474404761904762,1.4672489082969433,1.4136064030131827,1.339087361152807,1.2534460577099797,1.170721016874863,1.0944359367023992,1.0261226885823305,0.9615766810202053,0.9154877140729709,0.8722612649855312,0.8322669104204753,0.8023080782739589,0.7764383561643836,0.7547961630695443,0.7360208062418726,0.7161971830985916,0.7006106870229007,0.6722068328716528,0.6549474847982311,0.6461477884236776,0.6301852135313026,0.6369483651956406,0.6484985602632661,0.6547116736990155,0.6765809217577706,0.701180744777475,0.7259534255821802,0.7477307110438729,0.7742336371168186,0.798992673992674,0.816,0.8441208198489751,0.8390272148233932,0.8611793611793612,0.9148793565683646,0.8843490304709142,0.882051282051282,0.930178432893716,0.9228915662650602,0.9237360754070265,0.8982035928143712,0.902135231316726,0.9335551330798479,0.9191489361702128,0.936760093089143,0.9117082533589251,0.9045818505338078,0.9007067547213532,0.8807687599461379,0.8919717405266538,0.8595817893065113,0.8730181200453002,0.8788837744533946,0.8425925925925926,0.8378589263420725,0.8655721716514954,0.8514786056500909,0.8209033613445377,0.8330202854996244,0.8250591016548463,0.8095139607032057,0.7950890916992611,0.7570399476096922,0.7308377896613191,0.7322033898305085,0.811575139756659
500.0,90.0,1.5551629367883786,1.2428596157175005,1.4175334323922735,1.5091137649277184,1.5036968576709797,1.4485165794066317,1.3740263869019234,1.2866031499125024,1.2029186935371785,1.1263810293721368,1.0575673166202415,0.9923264736658528,0.9471210340775558,0.9039965247610773,0.8633093525179856,0.8333333333333334,0.8073394495412844,0.7862068965517242,0.7678207739307535,0.7466960352422908,0.7309769658459094,0.7023923444976077,0.6855805457243977,0.6767444999325145,0.6592012529365701,0.6660597232337946,0.6767529215358932,0.6815814393939394,0.7026954177897574,0.7261146496815286,0.7488215488215488,0.768796992481203,0.7936833470057424,0.816003616636528,0.8312007874015748,0.857521186440678,0.8502552467385139,0.8703481392557023,0.9234293193717278,0.8906882591093117,0.8873038516405135,0.9365558912386707,0.92734375,0.9275,0.9003322259136213,0.9048442906574394,0.9362292051756007,0.9219190968955786,0.939271653543307,0.914140365448505,0.9069238270668545,0.903954802259887,0.8837098123580733,0.8955430006277464,0.8631892311674864,0.8767503119367809,0.8832980972515857,0.8465417867435159,0.8417828151324859,0.8698914431673053,0.8555194805194806,0.8250086117809162,0.8373427091043671,0.8294151933164949,0.8137635286910353,0.7992269701524587,0.7610821382007822,0.734075723830735,0.7344280860702151,0.8118056707013762
1200.0,40.0,1.356015779092702,0.8328563251287923,0.9779961860055743,1.1677121162099704,1.2979830839297333,1.3374205267938237,1.3129263913824059,1.2566718995290425,1.1994281629735526,1.147086031452359,1.1219091431857389,1.1094287680660702,1.1071716357775987,1.1232750689972402,1.1350232798758406,1.151376146788991,1.1739239553268916,1.1839332147256056,1.2093400117855038,1.2210127780407005,1.2283981808994442,1.2876286657603417,1.3262535581344428,1.3729966002914036,1.405590717299578,1.446065808297568,1.4801964998464845,1.5198036006546645,1.5772329246935202,1.6292301970992935,1.66366836136097,1.6894845360824742,1.7202737382378102,1.749554367201426,1.7702578268876612,1.7826496935407827,1.7448242657679345,1.76513671875,1.7776096822995462,1.7328282828282828,1.7354904982023627,1.7127158555729984,1.6995255666842384,1.7114239306984298,1.6607811663991439,1.653282691264243,1.6752519596864501,1.651880965749579,1.6525229357798166,1.59918080748976,1.5787284610814023,1.548913043478261,1.5386996904024768,1.5329113924050632,1.4670505438259758,1.5082836315440689,1.4667553191489362,1.42904953145917,1.4505874222529371,1.4311926605504588,1.416017009213324,1.40203932993445,1.411497730711044,1.3934934159566228,1.3661636219221605,1.353469387755102,1.2633900441083805,1.214676746611053,1.203395061728395,1.3337204800619435
22500.0,60.0,0.8623225152129818,0.5110091743119266,0.5334833989870569,0.5519215044971382,0.5636262822289991,0.5775613275613276,0.5889040472942246,0.5951982132886655,0.5959060402684564,0.5926249008723236,0.5866913123844733,0.5804971727301824,0.5749388753056235,0.5707520891364902,0.5677939317319848,0.5657071339173968,0.564252572120234,0.5624432334241598,0.5603470273028834,0.5576868021757801,0.5540583894770613,0.5415959252971138,0.5247767857142858,0.5064327485380117,0.488465204957102,0.4722187848038609,0.4592130518234165,0.44966028412600373,0.4438869817797729,0.4414444819439757,0.44325021496130695,0.4477334789732387,0.45660899653979237,0.4680664916885389,0.48349343049574917,0.5025013896609227,0.525213749781888,0.5518672199170125,0.580759770429079,0.6150726596823252,0.650978758850479,0.6880407124681934,0.7267156862745098,0.7617302052785924,0.7977947413061917,0.8271749755620723,0.848809922896413,0.8671536461557509,0.8777125699467722,0.8834905660377359,0.8732906352778259,0.8541782471743561,0.8325462416371507,0.811944616656334,0.7941365289963621,0.7751851020866053,0.762310170271514,0.7506499645473883,0.7364016736401674,0.7245934959349594,0.7161776162035834,0.69896004378763,0.6829621058721435,0.6711084191399153,0.6616994292961319,0.6536294332117998,0.6226950354609929,0.6077258566978193,0.5968444778362133,0.5848969191568218
8000.0,50.0,0.5107361963190185,0.41304347826086957,0.3416666666666667,0.32886830245368054,0.33153638814016173,0.35132216014897577,0.3826036866359447,0.4186454849498328,0.456227593384989,0.48821651208757794,0.5156431054461182,0.5338842975206611,0.5475788288288288,0.552898788077301,0.5555555555555556,0.5563620836891545,0.5513616817964644,0.5452609158679447,0.538656452563347,0.5292857142857142,0.5205861329521086,0.497214734950584,0.4720260118847404,0.44825184566095555,0.42596732588134134,0.4084835630965005,0.39796185001306505,0.390595009596929,0.3900745390349157,0.397017797017797,0.4080210772833724,0.42444444444444446,0.4465217391304348,0.4743966421825813,0.5043999489860987,0.5423858255689629,0.5804976216611782,0.6184695425970085,0.6859354838709677,0.7323216995447648,0.7752570010634526,0.8399024786672085,0.896037296037296,0.967373572593801,1.0090198436560434,1.0682432432432432,1.1410060975609757,1.1854636591478698,1.2472324723247232,1.3124662709120345,1.4018458468445996,1.4257839721254355,1.423502653525398,1.4839414831007232,1.4304836694627878,1.4732399769806253,1.503269309358398,1.4288413098236776,1.4267558528428093,1.4919659735349717,1.4831789371038517,1.430939226519337,1.4533597958605047,1.4590015128593041,1.4368556701030928,1.4158381899211518,1.2842920353982301,1.1996830427892236,1.158524224609771,1.0602836879432624
600.0,10.0,209.0778097982709,78.59298574253305,42.65171503957784,25.353425508777377,15.749475890985325,10.161658425256752,6.964940888707704,5.122003886849492,4.071363220494053,3.45283926852743,3.08005082592122,2.8072957969865184,2.6810870770937325,2.549798503166379,2.4436135207897096,2.4055057222394063,2.3518164435946463,2.312148295266468,2.295276928304451,2.249302649930265,2.2297200287150036,2.2457011845624764,2.2505058680696077,2.278870829769033,2.2832369942196533,2.3200748713149277,2.3633706770579637,2.381744831064044,2.4219409282700424,2.4644420131291027,2.495216657287563,2.5146198830409356,2.5301852958756723,2.5955473098330244,2.5814249363867687,2.613385315139701,2.606905710491368,2.5778826702629805,2.7086558761435606,2.6405919661733614,2.6139971139971143,2.6864343958487766,2.670164917541229,2.7079439252336446,2.6362240982348424,2.6533333333333333,2.734426229508197,2.7106347897774117,2.7572156196943975,2.747589833479404,2.7634892086330938,2.7412199630314236,2.7690086621751684,2.8251748251748254,2.760485763853455,2.8966112669976254,2.8947081287506817,2.8324468085106385,2.8972834324355836,3.0149541726965747,3.0123275967289147,2.9777436684574057,3.091748099891422,3.135760654812306,3.1418074944893464,3.14894269077536,3.5712697353791416,3.8768866528558745,4.143586005830904,5.682268320650474
15000.0,90.0,0.18226646818012654,0.6699399260628466,0.7315578101881209,0.7492269635126778,0.7454545454545455,0.7404098791382029,0.733678086619263,0.726066718386346,0.7170776255707763,0.707433290978399,0.6969586816915061,0.6865139250926053,0.6761127367934698,0.6658657971511928,0.6556379539836471,0.6453305351521511,0.6345798707294552,0.6234489744239048,0.6117581808097615,0.5991510006064281,0.5864811133200796,0.5508439687114038,0.5134997452878247,0.4755806654111739,0.4397070161912105,0.40736543909348444,0.3798199030247056,0.35789919525624736,0.3411134163208852,0.3296563428086551,0.32290036515388626,0.3203150112504018,0.32182539682539685,0.32676817288801574,0.33505782105903836,0.3468277945619335,0.3617260787992495,0.3806745244485938,0.40224032586558045,0.42937240007234584,0.459927960378208,0.49482227819759306,0.5348112227225493,0.5777301927194861,0.6280646844027126,0.6784810126582278,0.7286478227654698,0.7811201445347786,0.8292915387059198,0.9116227767820212,0.9654824044451928,0.9890923256719907,0.9899825783972126,0.9759093056211621,0.9538883349950149,0.9282511210762332,0.9036996735582155,0.8803921568627451,0.8567677946324388,0.8356411800120409,0.8175384615384615,0.7838187702265372,0.7541766109785203,0.7310295689348059,0.7139136904761905,0.6993793638479442,0.6582210242587601,0.6377870563674322,0.6229372937293729,0.5828206341694273
5000.0,60.0,0.6415198237885462,0.37173786970809974,0.3338870431893688,0.325870253164557,0.32815173987450086,0.3381488736532811,0.35728542914171657,0.3821123321123321,0.4144385026737968,0.4405275483791446,0.4754723235001657,0.49515993265993263,0.514021164021164,0.5287356321839081,0.53475123433346,0.5371352785145889,0.5400202634245187,0.5396270396270396,0.5404699738903395,0.5354439592430859,0.5302514193025142,0.533876456636073,0.5320323533187828,0.5407325544679508,0.5465885465885466,0.5699885452462772,0.5941752857920523,0.6265984654731458,0.6787878787878788,0.7309555261999119,0.7754897036664993,0.8231566820276498,0.8707613563659629,0.9228020014295926,0.9686028257456829,1.0050804403048264,1.0036297640653358,1.0431447746883988,1.0872750104646296,1.0651542844855393,1.0931238615664844,1.1002899951667473,1.1087829360100376,1.1549505621021265,1.1128662076414202,1.133570412517781,1.197482908638906,1.194626579241964,1.2312820512820513,1.2297070348945698,1.2549688817506526,1.2694054054054054,1.3039492242595205,1.3372122438654186,1.2877220896313974,1.3751445086705203,1.3436293436293436,1.3171927673919706,1.3730263157894738,1.370728339661719,1.3683839096683132,1.3864752550056667,1.4351738241308793,1.4427150886294855,1.4395604395604396,1.4541039339485187,1.5155626496408618,1.525638077719016,1.5467625899280575,1.5985877240630093
27500.0,30.0,1.179163901791639,0.4886096256684492,0.4787593984962406,0.4806787394838158,0.4836297493936944,0.4945054945054945,0.5075976845151954,0.5194805194805194,0.5281231841952353,0.5342857142857143,0.5385146804835924,0.5428777571634714,0.5478885237921383,0.5542425968109339,0.5617661650405159,0.5697918655718923,0.5781969730203992,0.5863020572002007,0.5933123749642755,0.5991561181434599,0.6036764705882353,0.608955223880597,0.6060626249167221,0.5995563442768411,0.5907490021131722,0.582276523352923,0.5752786220871328,0.5702217529039071,0.5670773442847364,0.5663872959858844,0.5683615819209039,0.5727665706051873,0.5804744525547445,0.5903129314312011,0.603604902667628,0.6201759109675103,0.6400177659338219,0.6632152588555859,0.6873540206873541,0.7163461538461539,0.7441415590626494,0.771880293619424,0.7989521938441388,0.8216175359032502,0.8445378151260504,0.8598690364826941,0.8701893072602455,0.8786010536935321,0.8815486993345433,0.8783583097070339,0.8652078774617068,0.846272811630065,0.8251553810925745,0.8054888507718696,0.7887724284952923,0.7703510082150858,0.7585810162991371,0.747534516765286,0.7334157395962093,0.7218077169047111,0.7138804015713662,0.6968367582544447,0.6808823529411765,0.6690703064640742,0.6595457003785831,0.6511627906976745,0.6206322795341098,0.6070627802690582,0.598001378359752,0.5994550408719347
6000.0,80.0,0.659908768373036,0.38223668914206,0.31314824515453116,0.2896776825785394,0.2818352059925094,0.28710206760748275,0.3050300710770913,0.33046075085324234,0.36265686398783115,0.395799964406478,0.42895182764463813,0.44868217054263565,0.4762652020400157,0.48597242035187826,0.4916572077185017,0.500992720052945,0.5018996960486323,0.5046369203849519,0.5048086359175662,0.4983563445101907,0.49602738051582934,0.4946203025105255,0.4882903981264637,0.48755738100990575,0.4842289719626168,0.4960686204431737,0.5141630901287554,0.5326197757390418,0.5636197440585009,0.6,0.6372727272727273,0.6740882917466411,0.7111495620201146,0.7672074729596854,0.7917811984606927,0.8346182917611489,0.856788899900892,0.8683274021352313,0.9563665212217374,0.9401408450704225,0.9455357142857143,1.0048169556840076,1.0142059868087265,1.0539638386648122,1.026308424293311,1.0552898983861327,1.1292246520874751,1.132276954874268,1.1871737509321403,1.2175176421751763,1.260909090909091,1.2754848334162108,1.3106476399560922,1.361842105263158,1.3210892970234325,1.4124214933705512,1.4151624548736461,1.3716216216216217,1.4069861900893583,1.482403433476395,1.4819064430714917,1.4550669216061185,1.5248560962846678,1.5539407490217998,1.555661843835944,1.558740721781418,1.659555355939816,1.6828282828282828,1.7235479513732552,1.7215075194781664
1400.0,30.0,1.0878734622144113,0.6622935987333183,0.7746319365798414,0.9347218694437389,1.053039779834876,1.1002615518744552,1.0934065934065933,1.060878243512974,1.0273357813137496,0.9966578715919086,0.989494418910046,0.9913408554185253,0.9987684729064039,1.0239858906525574,1.0417495029821073,1.0631904551480336,1.0891904992729036,1.1016949152542372,1.1297142857142857,1.1433823529411764,1.1526867627785058,1.2153146322971948,1.2562125107112254,1.3047619047619048,1.338860103626943,1.3795045045045045,1.4131881427707198,1.4525500322788896,1.5084417381677278,1.5597410241318423,1.5946071594607159,1.6201309328968903,1.6517006802721088,1.6811568488289568,1.701651376146789,1.7145006582659394,1.678070344032289,1.6979329173166926,1.7101975010076582,1.6659939455095862,1.668103448275862,1.6465787821720026,1.6332209106239461,1.6453639514731369,1.595803896381931,1.5887079261672095,1.6104507737160798,1.5883014623172103,1.5890599862100667,1.538750587130108,1.5206493196466937,1.4923525127458122,1.4839272364814353,1.479347271800102,1.4163444186646044,1.4575093532870123,1.41818669527897,1.3821226032946259,1.403347280334728,1.3850754770720592,1.3717801946193475,1.3591176470588235,1.369465648854962,1.3529227883713661,1.3283103558832958,1.3175230566534915,1.2431173231681492,1.2022058823529411,1.1924270639354437,1.313816604708798
30000.0,50.0,1.3910999686618615,0.4952464211561578,0.4770068576038725,0.475493316359007,0.4758139534883721,0.48509397278029814,0.4974738675958188,0.5094361073215098,0.5194090382387022,0.5276572668112798,0.5350488021295474,0.543064126643413,0.5526315789473685,0.564209726443769,0.5771632471008028,0.5907436297451898,0.6048192771084338,0.6179736294240111,0.6296502384737679,0.64010889292196,0.6485705439157807,0.6613243357233235,0.6649640559969732,0.6635490394337715,0.6610681894524689,0.6592526690391459,0.6598360655737705,0.6623853211009174,0.6659068384539147,0.6717158859470469,0.6791599353796446,0.6873474369406021,0.6988377968671046,0.7109448082319925,0.726027397260274,0.7439192290041303,0.7637061403508771,0.7865459249676585,0.8076628352490421,0.8324276950043821,0.8547171707023008,0.8744010951403148,0.8929702343255225,0.9061259217243335,0.9198433026970017,0.9277088772845953,0.931712549159814,0.9354778028592927,0.935140562248996,0.9301866081229418,0.9195024642102793,0.9053886267693072,0.8895348837209303,0.8752093802345059,0.8630295995356936,0.8485599256735832,0.83991088478676,0.8315824031516743,0.8192561696211331,0.809575625680087,0.8035714285714286,0.7894946279347393,0.7746358183376179,0.76395823876532,0.7551707551707552,0.7465648854961832,0.7073268921095008,0.6860742254000681,0.6709154113557358,0.6712052445789207
30000.0,70.0,1.392886345053148,0.4957479436776802,0.47847257816504357,0.4780153287615974,0.47841176470588237,0.4881342062193126,0.5010440707770084,0.5134747706422018,0.5238182150027377,0.5320892125625853,0.5394920457716997,0.5480931488356395,0.5574828559903187,0.5691793893129771,0.5823068309070548,0.5958251793868232,0.6098942598187311,0.6230434782608696,0.6350597609561753,0.6454214951147467,0.6538809247061862,0.6669009135628953,0.6706798866855525,0.6696062992125984,0.6675020885547202,0.6661147902869757,0.667608695652174,0.6709433962264151,0.6753626721931001,0.6817898347365139,0.6901713610399842,0.6993334979017527,0.711890243902439,0.7252994011976048,0.7412619155696777,0.7596519847743338,0.7806451612903226,0.8030188679245283,0.8234666666666667,0.8484879032258065,0.8695801789401238,0.8881842888572538,0.9056926808389214,0.9178997613365155,0.930571859802113,0.9379297864639884,0.9415725886314121,0.9449750830564784,0.9448504983388705,0.9408212560386473,0.9316305469556243,0.9191698525395958,0.9053306146227789,0.8927250308261405,0.8816549069916613,0.8684300927516317,0.861228813559322,0.8538629737609329,0.8424312814556717,0.8336032388663968,0.8280016618196926,0.8146993318485524,0.8011555127587867,0.7914110429447853,0.7829625610417797,0.7748992515831894,0.7347260909935004,0.7121673507215676,0.6952592087312415,0.6931818181818182
1400.0,10.0,1.4098728496634256,0.7558259968928016,0.8485412787088765,1.033028812368236,1.1986924388857305,1.2934893184130214,1.3226863226863226,1.3116930131531315,1.2922745358090186,1.2746236559139785,1.2849117174959872,1.3076431084106173,1.337686567164179,1.3879456706281834,1.4274881516587679,1.4677083333333334,1.5084554678692221,1.530661809350334,1.56608639587363,1.5820285908781484,1.5921146953405019,1.66,1.6993865030674846,1.747628083491461,1.7755595886267392,1.8122317596566524,1.835328665010165,1.8613440415731664,1.9057071960297767,1.9420364859619614,1.9593147751605995,1.9696758937265266,1.9863111364608583,2.0058823529411764,2.0183901115465783,2.0257826887661143,1.9831486971446404,2.0018930430667297,2.0152646963299774,1.9665475803832413,1.9693473961766645,1.948030176026823,1.9348852901484481,1.948478561549101,1.8950786056049214,1.889927310488058,1.9155381325730578,1.8917470525187567,1.8936635105608157,1.8422712933753944,1.824614226571321,1.7956845522245561,1.7887434043384796,1.7858424725822533,1.717737064626535,1.7657582691907634,1.7224191866527634,1.6828859060402686,1.7079282782458414,1.6875825627476881,1.672486187845304,1.6574598143536337,1.6685406418364956,1.6486486486486487,1.61912915851272,1.6063189568706118,1.5156838143036386,1.4586180713743355,1.441306266548985,1.5939139559286464
27500.0,10.0,0.9388902176512796,0.502220577350111,0.5115650534255185,0.5252093023255814,0.5369101486748545,0.5555170621860385,0.5748422001803426,0.5914163090128756,0.603411513859275,0.6110870506712863,0.6155844155844156,0.6200738916256158,0.6245487364620939,0.6303106633081444,0.6371483996120272,0.644744175677182,0.6527671512369293,0.6601772482928956,0.6669417395609837,0.6726490932884651,0.6768808114961962,0.681378132118451,0.6785850133130468,0.6703685007571933,0.6596269153897402,0.6487314085739283,0.638784138955548,0.6305316305316305,0.6245196003074558,0.6205445544554455,0.6195617656398856,0.6211936662606578,0.6255165289256198,0.633311475409836,0.644076222038111,0.6580564524528695,0.6755312214835093,0.6964980544747081,0.7197426618415762,0.7471123126075203,0.7755893763055804,0.8045894585873072,0.8334039847392963,0.8593439363817097,0.8847457627118644,0.9035759897828863,0.9175627240143369,0.9272300469483568,0.9327659574468085,0.9289423076923077,0.9132300607075571,0.8901245551601423,0.8648363252375924,0.8409174536980253,0.8200836820083682,0.7995236204843191,0.7842205323193916,0.7702608453061793,0.7551404575731249,0.742498880429915,0.7324072660662494,0.7130462724935732,0.69586580820061,0.6828662646328485,0.6729734743090335,0.6647286821705426,0.6461030019278435,0.6398397669337218,0.6368049426301854,0.6458923512747875
1900.0,20.0,0.8341728012398295,0.5197524988100904,0.6117564237944386,0.7411642411642412,0.8350983358547656,0.8704663212435233,0.8622073578595317,0.8345778288340034,0.8092903225806451,0.7915147497514087,0.7881530234471411,0.7918105574740997,0.8066202090592335,0.8216432865731463,0.8446969696969697,0.8702290076335878,0.8937265917602997,0.914775072224515,0.9421459804910864,0.9578181818181818,0.9700770939500849,1.0326807461075997,1.0841171251109138,1.1315947843530592,1.176783340717767,1.2258064516129032,1.2783697389451252,1.3234275822273514,1.3903894472361809,1.4440677966101696,1.4994567185802246,1.5802948021722265,1.5864600326264273,1.6491831470335339,1.658000896458987,1.6626617375231054,1.6646110056925996,1.6822790922259778,1.7064128256513027,1.6333500753390255,1.642089093701997,1.6406903765690377,1.6221635883905012,1.6403699673558216,1.583557227297152,1.5956284153005464,1.5614730878186969,1.5406943653955607,1.6056009334889147,1.538323353293413,1.5284056200366525,1.4971927635683093,1.5012853470437018,1.4726072607260725,1.4354515050167225,1.4575799721835883,1.4109014675052411,1.3840732910500353,1.4390955506929248,1.4417910447761193,1.3645911477869468,1.3701700154559506,1.3842443729903537,1.382522671063479,1.3683319220999153,1.3382737576285963,1.2857305546065367,1.2574653521931705,1.251866938221317,1.3793698748381529
12500.0,0.0,0.21417721518987343,0.6202484004516372,0.8026228639554908,0.8038255190109633,0.7319034852546917,0.6595932802829354,0.5992239467849224,0.5533602150537634,0.5200477326968974,0.4964879852125693,0.47969972510044406,0.46778242677824267,0.45924240396198635,0.45300416418798334,0.4482588699080158,0.4442839082535669,0.44112408470215714,0.43833838165296407,0.43555240793201133,0.43298173398507844,0.43025210084033616,0.4231833910034602,0.41545687446626817,0.40753027909426015,0.4001298701298701,0.39384,0.3895566502463054,0.3871397432792444,0.38753347218089856,0.3906849315068493,0.3965478592243892,0.4053905390539054,0.4172006745362563,0.4317617866004963,0.4494421906693712,0.47035425730267244,0.49459665144596654,0.5225325884543761,0.5542031623251052,0.5902094023020386,0.6296171361106426,0.6738952536824877,0.7232673267326732,0.7783412887828163,0.8377507163323782,0.8985879332477535,0.9664292980671414,1.0360576923076923,1.1079745942131263,1.2521408182683158,1.3900285962949148,1.5027442371020856,1.585766075176493,1.6381740881628999,1.6371905002526528,1.5944674965421854,1.5390070921985815,1.4640198511166254,1.3827597298166614,1.297485109199206,1.2136810023704707,1.0726375176304654,0.9564581046469082,0.859363153904473,0.7841444270015698,0.7283049472830495,0.6235480464625132,0.5883091149273448,0.570750382848392,0.5146211312700106
5000.0,40.0,0.6509684770224079,0.3636610537751222,0.3240931878501917,0.31257790368271954,0.30871446229913474,0.3105234947293193,0.32182890855457225,0.34086120018323407,0.36986394557823127,0.3954022988505747,0.4322834645669291,0.4550989345509893,0.4773218142548596,0.49630801687763715,0.5060240963855421,0.5113425065079955,0.5180102915951973,0.5211337642963699,0.526048071548351,0.5241875,0.5223619846261356,0.5372217275155833,0.544770337576093,0.5635426556354266,0.576328502415459,0.6089743589743589,0.6397159871736143,0.6770583533173461,0.7361328737073017,0.7918470418470418,0.8365189101260675,0.8837101984310106,0.9271623672230652,0.9765100671140939,1.01578627808136,1.0459844559585492,1.0357388316151204,1.0697841726618704,1.1100702576112411,1.0812101910828025,1.1057046979865772,1.1090425531914894,1.1136571952337304,1.1579466929911155,1.112855740922473,1.132562461284328,1.1966197183098592,1.1919379126607206,1.228560821680485,1.2262113645566204,1.2511249818551313,1.2656347717323326,1.3004591055942867,1.3343097766385938,1.2846449136276392,1.3725408120552531,1.3411486341148635,1.3148312611012434,1.3711561382598332,1.3690267700775582,1.367101560501407,1.3853738701725555,1.4345891426876298,1.4425972396486826,1.4400132934529744,1.4543531899894255,1.5174216027874565,1.528918692372171,1.5509132669802035,1.6081404628890663
1700.0,90.0,0.9375448671931084,0.5876081271373969,0.6978489244622311,0.8422661281519485,0.9476526796842543,0.9930118798043326,0.9941395844432606,0.9736842105263158,0.9493,0.9229890890636894,0.910958904109589,0.9021819526627219,0.8964401294498382,0.9028120374938332,0.9045631608235949,0.9100775193798449,0.9196581196581196,0.9210822998872604,0.9342588811759902,0.9385771100309324,0.9403910348116357,0.9790368271954675,1.00659195781147,1.0444947209653093,1.0768581081081081,1.1189801699716715,1.1585747030631381,1.2057951174994297,1.271451835149693,1.3337421640774052,1.383228265650198,1.425683146422366,1.472444889779559,1.5161918244558485,1.5501762196253015,1.5748894443376273,1.5505751685838953,1.5783816670046644,1.5984368398817068,1.5608926673751329,1.5684485006518905,1.5523152270703473,1.5427542754275427,1.5590148698884758,1.5113766950126408,1.5076023391812865,1.5331230283911672,1.5129268292682927,1.51675,1.4708750320759558,1.456020942408377,1.4306705850921722,1.4248761695101817,1.422479525557752,1.361659513590844,1.4040464147575127,1.3659192825112108,1.3309222423146474,1.353932584269663,1.3367379508458346,1.3245585874799357,1.3138227513227514,1.3259896729776248,1.3114406779661016,1.289187227866473,1.2805379155771386,1.2240704500978474,1.1934889434889435,1.1869978086194302,1.3146255342873072
3000.0,0.0,0.6210801393728222,0.4154898978926787,0.4884625356494685,0.5742145178764897,0.6188235294117647,0.6186068402886727,0.593628237451295,0.5637101811367895,0.5441595441595442,0.5303416624171341,0.5282227784730914,0.5258351893095768,0.5320804195804196,0.5347340906806072,0.5432367426411636,0.5526790314270994,0.5623836126629422,0.5709950487142629,0.5840042002100105,0.5887297039159504,0.5923765882107894,0.6279656739020697,0.6585001493875112,0.6911304347826087,0.7251184834123223,0.769404332129964,0.8199898011218766,0.8719126938541069,0.9483322432962721,1.019940915805022,1.0971993410214167,1.200921658986175,1.2366994579401727,1.322467731349814,1.3537884998243355,1.374261811023622,1.3886395691755353,1.4123697744955823,1.4472403725844571,1.3778150790320325,1.3929445644348453,1.3987511150758252,1.384929024463908,1.414387351778656,1.3573212613175147,1.3785737230966912,1.3619371282922685,1.3483049389089659,1.4282897095733238,1.381975867269985,1.3892051030421981,1.3763814981580025,1.3965146299483648,1.3808988764044945,1.350610458419719,1.385064461201654,1.3413733694314547,1.3190107419435424,1.382183908045977,1.3887096774193548,1.3137042062415196,1.3251689189189189,1.3454277286135694,1.3473108477666362,1.3368849890316514,1.310880829015544,1.2749782797567333,1.2462727774710105,1.243189368770764,1.3344709897610922
22500.0,40.0,0.8933468765871001,0.5071938495332236,0.5247680890538033,0.5401026194977046,0.5500459136822773,0.562425113826983,0.573159648591336,0.5794776119402985,0.5804856115107914,0.577209797657082,0.5721219663970131,0.5665946724262059,0.5616528925619835,0.5575871819038642,0.5552817655881723,0.5535735954374469,0.5523574561403509,0.5510424710424711,0.549149010072942,0.546606864274571,0.5434069538596108,0.5311323486823052,0.5148741418764302,0.49665,0.4787206266318538,0.46273344651952464,0.44967032967032966,0.43992632473788607,0.43366696997270243,0.4308014911463187,0.431757359500446,0.43581976524043925,0.4433173076923077,0.4538086532602072,0.4677717810331534,0.48529698149951317,0.5063213452804713,0.5311004784688995,0.5584642233856894,0.5908212560386473,0.6249251048532055,0.6608920014743827,0.6982990152193375,0.7331536388140162,0.7683080808080808,0.7976539589442815,0.8197811447811448,0.838381937911571,0.8489485738080367,0.8537410854587212,0.8409941207910209,0.8192357234864749,0.7951515151515152,0.7725614591593973,0.7529103131660928,0.7333105685504524,0.719187675070028,0.7064846416382252,0.6922647824470063,0.6805050698297302,0.6716826265389877,0.6542956735698175,0.6384399913811678,0.6266306792622582,0.6175504458000939,0.6100244498777506,0.5862538278325962,0.5754758742806552,0.5680254102699841,0.5599870298313878
600.0,30.0,2.7917293233082705,1.7072450601862366,1.9964114832535884,2.3233143785540213,2.4620036813042336,2.3830734966592426,2.1828029790115098,1.9538171536286522,1.7605893186003683,1.6212534059945505,1.524296216603909,1.4586065573770493,1.4353211009174311,1.4092508798391152,1.3853061224489795,1.3935333527526945,1.3896786155747838,1.3818717277486912,1.3912148249828415,1.3781362007168458,1.3744394618834082,1.3991836734693877,1.4028934677772906,1.4110800744878957,1.408272506082725,1.4108961303462322,1.4249471458773784,1.4241266375545851,1.4297848244620612,1.441588785046729,1.4502994011976047,1.4423195558297348,1.4422110552763818,1.4639175257731958,1.4385272846811308,1.444592790387183,1.4251861882193635,1.3957621326042378,1.4448348559381587,1.4012649332396345,1.3668091168091168,1.388848660391021,1.369264384559359,1.3621460506706409,1.3262150220913107,1.3181818181818181,1.3312930374904361,1.3093415007656968,1.313328137178488,1.2784810126582278,1.2608,1.2242914979757085,1.2069536423841059,1.2042194092827003,1.15587734241908,1.181338028169014,1.1676963812886143,1.1269982238010656,1.1254578754578755,1.1542056074766356,1.1427230046948358,1.1001926782273603,1.112887112887113,1.1070261437908495,1.0860248771819796,1.0668666952421775,1.0172274562584118,0.9952231922253336,1.0046574810789832,1.139568345323741
8000.0,70.0,0.5180157946692991,0.40822695035460993,0.3299065420560748,0.31048839071257006,0.3065312046444122,0.3198439785470502,0.34510703363914375,0.37685894547093285,0.4114764464116345,0.4425021061499579,0.4703332430235708,0.4896182183523108,0.5056451612903226,0.5130023640661938,0.5181917808219179,0.5214865708931917,0.5191011235955056,0.5162077104642014,0.5120524017467248,0.505019305019305,0.4990405117270789,0.48260986788891885,0.4642313546423135,0.4470464135021097,0.43088581134047554,0.41952165481577247,0.4155688622754491,0.41359413202933987,0.41876498800959233,0.43218221895664954,0.4485307212822796,0.4708695652173913,0.4986251145737855,0.5314214073029305,0.5665154950869237,0.6091722595078299,0.6491924808048716,0.6889301175015461,0.7625454545454545,0.8057190916736754,0.8447775628626693,0.9084468664850136,0.9587945879458795,1.024769992922859,1.0544896392939371,1.1063829787234043,1.1749049429657794,1.2079777937699188,1.2649110961062344,1.3117723156532988,1.3874963137717486,1.4046374918354017,1.3980874800779175,1.4560579369739675,1.4027374533388635,1.446556350626118,1.4773105250653362,1.4047386419149976,1.4054194893173528,1.4733056708160444,1.4647445047102483,1.4162546353522867,1.4445932373619015,1.4520057306590257,1.433052792654935,1.4144548795426706,1.3057065217391304,1.2306163021868788,1.196068287635799,1.121593291404612
1200.0,60.0,1.4657097288676235,0.943986820428336,1.1225991009399265,1.3389756944444444,1.4884462151394422,1.546604699199587,1.5336246200607904,1.48066441733714,1.4132841328413284,1.3395599833955998,1.2795216741405082,1.2257126236183828,1.1803607214428857,1.1485671191553544,1.1196293176074137,1.0969245107176142,1.0812468063362288,1.0623672739465744,1.055299539170507,1.0433984528648224,1.0315461875795728,1.0350818013155676,1.0407678606768256,1.0639175257731959,1.090956476413865,1.1313459268004722,1.1753632760898283,1.2295862321493958,1.3002028397565923,1.3707165109034267,1.4305019305019304,1.4824882383690539,1.5406458797327394,1.5939537640782455,1.64,1.6762214983713355,1.6635135135135135,1.7025712300208478,1.7302393038433648,1.7013939838591343,1.7157894736842105,1.7031611410948342,1.6978922716627636,1.7157809983896941,1.670926517571885,1.6677497969130788,1.691855583543241,1.6725738396624472,1.6747195858498707,1.6248896734333627,1.606822262118492,1.5766423357664234,1.5683520599250935,1.564176245210728,1.499031007751938,1.5418590644448906,1.5001007455168245,1.4614604462474645,1.4845468831849136,1.4646410613030918,1.4502257579015265,1.4361467079098542,1.4467645709040844,1.428403617996006,1.4010360197566558,1.3889576627878188,1.3020336828725771,1.2531446540880504,1.2421639192013003,1.3760831889081455
800.0,80.0,1.7687903520526251,1.3120533587422583,1.4947649810648251,1.6203432398493094,1.6332996292551398,1.5669099756690998,1.4631441617742988,1.3476821192052981,1.240004048992813,1.1397332692538749,1.0607162842753217,0.9921775223499362,0.9366311608593609,0.8955434563420044,0.8595078299776286,0.830909539068277,0.8091252699784017,0.7874667454921667,0.7747429305912596,0.7594980829557337,0.745275888133031,0.7352537722908093,0.7284153005464481,0.7362637362637363,0.7471074380165289,0.7698606271777003,0.7962113659022931,0.8306979896092161,0.879380915835252,0.9293797450222031,0.9722750316856781,1.0120988953182535,1.0589914367269266,1.107357512953368,1.1507918804372073,1.1896510799905056,1.1892570281124497,1.2322038350407145,1.270687237026648,1.2546655182314097,1.2783258594917788,1.2795765877957659,1.283391775581766,1.309873248832555,1.2739043824701195,1.2785543811796796,1.309642857142857,1.295347998557519,1.303830420230569,1.2684615384615385,1.2592738752959747,1.2399838122217726,1.2395134228187918,1.2410212029424492,1.1884632320563628,1.2329335793357934,1.198977219897722,1.1678420310296191,1.1926470588235294,1.1783375314861462,1.1671747967479675,1.1582278481012658,1.170448256779192,1.1563926940639269,1.1356132075471699,1.127439024390244,1.0815660685154975,1.0571369636963697,1.0617727160188166,1.2192258883248732
800.0,90.0,1.7731932666751045,1.3164933135215453,1.507121176745272,1.641767955801105,1.659391771019678,1.5943983402489628,1.488857938718663,1.3716814159292035,1.2620413464660678,1.160801438479322,1.0816143497757849,1.0127811860940694,0.9574345146379045,0.9166308551783412,0.8806858775899024,0.8522012578616353,0.8311353211009175,0.8093446221386015,0.7974123255022132,0.7817109144542773,0.7676646706586826,0.7584215591915303,0.7528669724770642,0.7608108108108108,0.771618451915559,0.7943992773261066,0.8199608610567515,0.853539462978031,0.9015877181472248,0.9502050380785003,0.9909619109102646,1.0285001781261134,1.073039121217961,1.1193717277486912,1.1605576793343828,1.1969914040114613,1.1944024205748864,1.2355110642781875,1.2729828507168963,1.2556066705002875,1.2778941070894405,1.2784179383369667,1.281389420012747,1.3083083083083082,1.2711583139727847,1.2753919563735514,1.3064285714285715,1.292463036422647,1.3005952380952381,1.2652040030792917,1.2564203871987356,1.2371301175516822,1.2375946173254837,1.2395833333333333,1.1869200176756518,1.2320518758684575,1.1979458450046685,1.1677693761814745,1.1922129127649088,1.17840851495185,1.1671779141104295,1.1587891662241105,1.1712214166201895,1.1570771001150748,1.1361474435196195,1.1286153846153846,1.0842279108175061,1.0594504231532755,1.0637550200803214,1.2211136144190538
27500.0,0.0,0.8910175519100608,0.5055140519388118,0.518116376724655,0.5333333333333333,0.5465853658536586,0.5663140764849471,0.5867454622203462,0.6040609137055838,0.6161482461945731,0.6241448692152918,0.6286127167630058,0.6330484330484331,0.6370913942628419,0.6425251742835012,0.6489722966934763,0.656339762002462,0.6638143242292814,0.6711597490991592,0.6777760945311316,0.6831903945111493,0.6874031007751938,0.692247454972592,0.68943882886023,0.681313598519889,0.6711409395973155,0.6599679743795036,0.6496762063923125,0.6410847457627119,0.6345311130587205,0.6303317535545023,0.6289435600578871,0.6300406955234924,0.6347785108388313,0.642130460801915,0.6525359576078729,0.6663489037178265,0.6834369024856597,0.7042001787310098,0.7271885989265223,0.7543103448275862,0.782596685082873,0.8119174434087882,0.8412322274881516,0.8680910357640501,0.8930084745762712,0.9129129129129129,0.9277515192437542,0.9386094674556213,0.9436392914653784,0.9406934306569343,0.925273631840796,0.9014173894647768,0.8755858067395671,0.8509794776119403,0.8293770333775153,0.8083689369188238,0.7924187725631769,0.7779690189328744,0.762565229332601,0.7494340690435767,0.7390423839143643,0.7192635423006695,0.7016672010259699,0.6882441723964448,0.6782959326788219,0.6701446091890902,0.6527705851890212,0.6475409836065574,0.6449215524360034,0.6551542314790403
1200.0,70.0,1.4138031450203843,0.9203935599284436,1.0815122377622377,1.2699135184342285,1.3892068683565004,1.4237508111615833,1.3956497281080067,1.3350996719656825,1.2659574468085106,1.1946202531645569,1.1372641509433963,1.0877674163466813,1.045854271356784,1.0198440822111978,0.9936708860759493,0.9754816112084063,0.9634615384615385,0.9486153522164894,0.9447305183659458,0.9364075864633693,0.9280160857908847,0.9382537385431742,0.9502468666919863,0.9783137862358929,1.0093694606229424,1.052798615118292,1.0989938331710483,1.1544303797468354,1.2259363672976238,1.2973812694185531,1.3583172147001934,1.4121052631578948,1.4721440630275746,1.5291992775436485,1.5774378585086042,1.6177451634422948,1.6083333333333334,1.6511461318051577,1.6831831831831832,1.6575342465753424,1.6739640344018765,1.666130329847144,1.663673469387755,1.6843881856540084,1.6398659966499163,1.6390784982935154,1.6666666666666667,1.6462222222222223,1.6520947176684881,1.6026119402985075,1.5874524714828897,1.5605033881897385,1.5532338308457712,1.5509330070357907,1.486374896779521,1.5314542921444647,1.4906899149714778,1.4530470613749729,1.477451200358986,1.4585483316133472,1.4445469218353701,1.4309444708115804,1.442497532082922,1.424234758411333,1.3985196727697702,1.386403098704421,1.301620130989314,1.253045522547553,1.2419110212335693,1.3755513547574039
8000.0,60.0,0.5170174652933274,0.4111139696423977,0.336120871398454,0.3195002871912694,0.3181818181818182,0.33324742268041235,0.3597731821214143,0.3912451361867704,0.4243243243243243,0.45263157894736844,0.47701411015020484,0.49315451243364067,0.5058548009367682,0.5107463853067604,0.5139891696750902,0.5156651258346173,0.5119377162629758,0.5078064516129033,0.5030802292263611,0.4955661124307205,0.4888111888111888,0.4711155378486056,0.4515501181704435,0.43311327310632386,0.41591203104786545,0.4035275253874933,0.3978174603174603,0.3948030856678847,0.3986520219670494,0.40993255671367257,0.42507462686567166,0.44538812785388127,0.4715833701901813,0.5030585106382979,0.5367268041237113,0.5781699597160944,0.6180365296803653,0.6578099838969405,0.7296096477308791,0.7748613678373383,0.8160821214713431,0.8801552644347405,0.9333333333333333,1.0019120458891013,1.0354906054279749,1.0906976744186045,1.159860990443093,1.1962264150943396,1.2551781275890639,1.306532663316583,1.3851628798248015,1.403980553023397,1.3982198780286796,1.4554401312192455,1.4020857473928157,1.4441903970068592,1.473928413610252,1.401226158038147,1.4006286266924566,1.466786355475763,1.4574074074074075,1.4077780955104375,1.4329419035846724,1.439564068692206,1.4191616766467066,1.3993993993993994,1.2807881773399015,1.2007136485280998,1.163192445007486,1.0744972577696525
600.0,20.0,32.59144237405107,15.047801147227533,13.245375759927564,12.15672514619883,10.272108843537415,8.012304779933743,6.101021566401816,4.733674775928297,3.853846153846154,3.2580164056674126,2.9108832807570977,2.663114754098361,2.4854948805460753,2.3773087071240107,2.2780797101449277,2.2026022304832713,2.1490978157644824,2.0908203125,2.062686567164179,2.020478507704785,1.9805463576158941,1.954854735932606,1.9194977015360466,1.9078565626087964,1.883903133903134,1.876987038395696,1.8594472927347754,1.8471337579617835,1.8552390906715444,1.8570857219037462,1.8438852813852813,1.829622458857696,1.823521185848133,1.8264840182648403,1.826225703510299,1.8237885462555066,1.7826345524829021,1.7961019490254873,1.8073959938366717,1.7654301985531782,1.768378336194787,1.7505157911442628,1.7395467602936483,1.7532679738562091,1.7064901517597675,1.7020581509310682,1.7220543806646527,1.7019489247311828,1.7027350427350427,1.6550347222222221,1.6382156656129259,1.6121977240398295,1.6086956521739129,1.6094707520891365,1.5535747795083505,1.6021379980563653,1.5674146341463413,1.5356651601493418,1.564987814784728,1.5515453225471894,1.540980187695516,1.5343053173241854,1.5508568884932115,1.5365353972228546,1.5137529137529138,1.5047801147227535,1.452091367546722,1.4203413940256044,1.4223320972393902,1.642512077294686
22500.0,50.0,0.8774509803921569,0.5066057624736472,0.5271861986912552,0.5451707993757586,0.5565770862800565,0.5702428527513065,0.5819099378881988,0.5880668257756563,0.5896551724137931,0.5860733695652174,0.5808088818398097,0.5751604032997251,0.5698823034888608,0.5659518389840661,0.5631120783460283,0.5613548883756736,0.5599582898852972,0.5584263065179096,0.5564356435643565,0.5539639417140034,0.5505120398560753,0.5382924148039575,0.5216972034715526,0.5032217308907139,0.4854080791426216,0.4691648822269807,0.45609418282548475,0.4464859079557617,0.44047619047619047,0.4380673499267936,0.4393430384471818,0.44366397721879447,0.4518652226233454,0.46298552932216297,0.47795957651588067,0.49624060150375937,0.5181513117754728,0.5440810862497609,0.5721476510067114,0.6057091882247992,0.6407053637031594,0.6773177317731773,0.7154515778019587,0.7501630789302022,0.7860394537177542,0.8153508771929825,0.8372513562386981,0.8555952646861738,0.866198051547663,0.8713125267208208,0.8601288700298602,0.839811542991755,0.8170622880599678,0.7956204379562044,0.7770675963587061,0.7577966788173349,0.7443406022845275,0.7321961620469083,0.7178294573643411,0.7063256451244576,0.6976201586560896,0.680166912125675,0.6643374741200828,0.652232746955345,0.6431805319750991,0.6351550960118169,0.6074259491030455,0.5937670858392564,0.5847568988173456,0.5746615477874318
1700.0,80.0,0.9380281690140845,0.5886538841668314,0.6992628992628993,0.8434689507494647,0.9485249237029502,0.9938482570061518,0.9947943779281624,0.9735876742479824,0.9488304093567251,0.9223733003708282,0.9096559041988783,0.9001079913606912,0.8939521209575808,0.899663946231397,0.901164365014893,0.9058539529269765,0.914836992681304,0.9162399414776884,0.9292246520874752,0.9333046471600689,0.9349442379182156,0.9729281767955801,1.0006435006435006,1.0383198231392778,1.0710743801652893,1.11275415896488,1.1535320538995508,1.2012079185773403,1.2659783677482792,1.3290969899665552,1.379176267281106,1.4222291213908724,1.4692168773600394,1.5136640557006091,1.5478102189781022,1.5728339008702232,1.5488971305875463,1.5771611100019964,1.5973377703826954,1.5600669736291335,1.5679435052428847,1.5515124945199474,1.542331560283688,1.5585812356979405,1.5112067013810278,1.5073732718894008,1.5323775388291518,1.512611097766034,1.516248153618907,1.470558503917109,1.4555297757153907,1.4304130491975795,1.4242752641560552,1.4217403391715318,1.3611267605633803,1.4033391915641475,1.3652148322542672,1.3301690892910116,1.3533026113671276,1.3361608545397423,1.3235387045813587,1.3127237227465018,1.3248644986449865,1.310632383599722,1.288111388789718,1.2797794117647059,1.222810394610202,1.1921450151057402,1.1869158878504673,1.3141342110074967
384399.0,0.0,1.0,1.0,1.0,1.0,1.0,1.0,1.0,1.0,1.0,1.0,1.0,1.0,1.0,1.0,1.0,1.0,1.0,1.0,1.0,1.0,1.0,1.0,1.0,1.0,1.0,1.0,1.0,1.0,1.0,1.0,1.0,1.0,1.0,1.0,1.0,1.0,1.0,1.0,1.0,1.0,1.0,1.0,1.0,1.0,1.0,1.0,1.0,1.0,1.0,1.0,1.0,1.0,1.0,1.0,1.0,1.0,1.0,1.0,1.0,1.0,1.0,1.0,1.0,1.0,1.0,1.0,1.0,1.0,1.0,1.0
5000.0,50.0,0.42719174871073606,0.26750841750841753,0.2456063907044299,0.23775156141568354,0.236320281124498,0.23864128083080918,0.2432825239276852,0.24762684124386253,0.25560897435897434,0.2644628099173554,0.27927382753403934,0.28913799768071125,0.30520909757887016,0.31702253855278767,0.32951807228915664,0.3392221762515515,0.34743346007604564,0.35885902358749316,0.3636923076923077,0.367239010989011,0.3714176245210728,0.37777777777777777,0.3806232569419183,0.38663093642995383,0.3894811656005686,0.4059342076972694,0.42318471337579616,0.44543828264758495,0.48273431994362226,0.5197878416972664,0.5542168674698795,0.5941798941798941,0.6298245614035087,0.6731770833333334,0.7102491103202847,0.7414373088685016,0.7544861337683524,0.7848797250859106,0.8297474275023387,0.8245210727969349,0.8556815880089123,0.878192745224297,0.8952815490763409,0.9463514162265962,0.9250717017208413,0.9568281938325991,1.026663001649258,1.0397397822090229,1.0903732809430255,1.1347740019795447,1.1908058217962372,1.2433569107245268,1.3155925155925157,1.3848735735063773,1.3842364532019704,1.4998721554589618,1.4997372569626906,1.5040672451193058,1.590221187427241,1.6180152671755725,1.63284420855448,1.6901737967914439,1.7793053545586106,1.8195028680688337,1.850546780072904,1.8990549828178693,2.360621030345801,2.7109168530189063,3.0078176758977078,5.103415103415103
1900.0,30.0,0.8378843259514083,0.5269186712485682,0.6214705460799771,0.7461928934010152,0.8312883435582822,0.8573825503355704,0.8427550357374919,0.8113075849232201,0.7821036106750392,0.7562550443906376,0.749498997995992,0.7501501501501502,0.7553041018387553,0.7741253051261188,0.7879963065558634,0.8047520661157025,0.8261763362265875,0.836942835557794,0.8609779482262704,0.8739807264640475,0.8833413346135381,0.9424024251610459,0.9846760070052539,1.0345170101812764,1.072922399559714,1.118489186719464,1.1603867955985327,1.2092095721537346,1.2767644726407612,1.3413585554600171,1.3920664206642066,1.4350198412698412,1.481694560669456,1.5243362831858407,1.5560693641618497,1.5751789976133652,1.5460122699386503,1.5677701436602123,1.5840363400389357,1.5406636304489265,1.5441274054412741,1.5244233378561738,1.511978097193703,1.5254237288135593,1.47662247034194,1.4712562100780695,1.4948453608247423,1.4744633604737232,1.477238239757208,1.4310210444271239,1.4152744630071599,1.3910569105691057,1.3847443419949708,1.3812392426850257,1.3202443280977312,1.3611615245009074,1.322992700729927,1.2888684452621895,1.3107721639656815,1.293372319688109,1.281372549019608,1.2710922501768214,1.2827528149005578,1.2687614728431056,1.2476412476412477,1.2392820395564192,1.183556693269086,1.1546215290985165,1.1489554950045413,1.2627565982404692
30000.0,60.0,1.396737115313311,0.4957471118446109,0.4781593085727634,0.4773647405226353,0.47776584317937704,0.4872944693572496,0.49989961855049186,0.5122462344466274,0.5223482321547699,0.5306844185562721,0.5381474866037255,0.546604938271605,0.5558834378458134,0.5674378000872982,0.5804303278688525,0.5942089552238806,0.6084370677731673,0.6214171974522293,0.6336678832116789,0.6437714642522635,0.6521533364884051,0.6650563607085346,0.6687594717471315,0.6676300578034682,0.6653875671527245,0.6636225266362252,0.6646666666666666,0.6675065160729801,0.6719910011248594,0.6780002881429189,0.6858132749817651,0.694756125486604,0.7069160997732427,0.7199162888036275,0.7353689567430025,0.7534386143657666,0.7739393939393939,0.797153024911032,0.8170445004198152,0.8424474187380497,0.8639537420903338,0.8831297050475133,0.9010779096738982,0.9137458092045109,0.926683854334515,0.9343548667943583,0.9380480365993138,0.9417534027221778,0.9414780008543358,0.937048262998368,0.9270236612702366,0.9140748550342647,0.8994382022471911,0.8862150920974451,0.8748454882571075,0.8608724388631858,0.852921195652174,0.8454258675078864,0.8337671997024916,0.8247182277497085,0.8186528497409327,0.8052114480991029,0.7907834101382488,0.7809290953545233,0.7723029045643154,0.7647058823529411,0.7239226033421284,0.7020479520479521,0.6857875340490306,0.684593837535014
1400.0,40.0,1.106280193236715,0.6818927789934355,0.8036211699164345,0.9659055364404129,1.080590587511535,1.123324396782842,1.1134631668077901,1.0787265547877591,1.0431703204047218,1.010275470048098,0.9994548923412374,0.9970549738219895,0.9996156802459646,1.019391802556192,1.0318091451292246,1.049198452183527,1.0697392359005458,1.0782493368700266,1.1015736766809727,1.11128165771297,1.1174055829228242,1.1723809523809523,1.2071197411003236,1.2506012506012505,1.2817788272333728,1.3211271634959234,1.3548188126445644,1.3940894832425292,1.4510917805787324,1.5031232254400908,1.5390765540675595,1.5668641557342362,1.5994274388901124,1.6295444086516337,1.651179413867048,1.663978494623656,1.628935532233883,1.6491628614916287,1.6620309630018368,1.6186596583442838,1.6215565659267184,1.6006546644844517,1.588397030519659,1.6000565291124929,1.5516759776536313,1.545506095832152,1.5667838312829525,1.545267489711934,1.5461099429258036,1.496928746928747,1.4793878825733917,1.4510800508259212,1.4425962165688193,1.4375834445927904,1.37575962187711,1.415470773538677,1.376669009135629,1.3409975238769014,1.3614766081871346,1.343913368185213,1.3305816135084427,1.3173929811029694,1.3278557114228458,1.311576354679803,1.287278854254423,1.2767431788653096,1.2041503084688727,1.164220824598183,1.1567164179104477,1.2832635983263598
30000.0,20.0,1.377715704531347,0.5036927621861153,0.49005328596802844,0.4922544951590595,0.4946946946946947,0.5056802438348573,0.519644180874722,0.5332690453230472,0.5437844458052664,0.5522103658536586,0.5595149253731343,0.5676467274980286,0.5770368378596397,0.5882446386020651,0.6008192142990132,0.6144343302990898,0.6281344032096289,0.6410848240046163,0.652791542781632,0.6627731725697061,0.6706638115631691,0.682798833819242,0.6845368916797488,0.6813740939174283,0.6762771168649405,0.6716223750232299,0.668467583497053,0.6670967741935484,0.6669473684210526,0.6679389312977099,0.6699790062981106,0.6737734165923283,0.6802207704437937,0.688339222614841,0.6995602462620932,0.7139136097243325,0.7315257841573631,0.7527401676337847,0.7740928599297698,0.8,0.8243610657966286,0.8480050664977834,0.8704775687409552,0.887881286067601,0.9042457091237579,0.9152238805970149,0.9214998355443482,0.9259432856808062,0.9258421317244847,0.9178710394663702,0.901299089144393,0.8797348484848485,0.8574287143571786,0.8368310598111228,0.8193513317630006,0.8006099885627145,0.7877007442224834,0.7758516428139488,0.7614330874604848,0.749617987339009,0.7408897831433042,0.7231170061582188,0.7063711911357341,0.6937748344370861,0.683932052353105,0.6752411575562701,0.6474664356864444,0.6352941176470588,0.6285714285714286,0.6383763837638377
27500.0,40.0,1.1961202302280964,0.48104667609618107,0.4698053986189579,0.4717958557175748,0.4747336793225895,0.4860335195530726,0.49926289926289924,0.5114267676767676,0.5203483768804434,0.5270955165692007,0.5318471337579618,0.5365647456671833,0.5420482930890924,0.5488399298108794,0.556663644605621,0.5652173913043478,0.574051776038531,0.5821563899414399,0.5897133882999608,0.5958965209634255,0.6006066734074823,0.6066392881587953,0.6052293577981651,0.5989990234375,0.591437802907916,0.5841310359497979,0.5782729805013928,0.5746918056562726,0.5729704364148287,0.5736111111111111,0.5770061728395062,0.5828263002944063,0.5916852264291017,0.6027972027972028,0.6173222243751211,0.6348597458643012,0.6556701030927835,0.6795698924731183,0.7035745422842197,0.7326424870466322,0.7602697731453096,0.7867910983488873,0.8128500823723229,0.8336166194523135,0.8552003321569441,0.8696900114810563,0.8786105102430335,0.8863605395830495,0.8887910798122066,0.886156351791531,0.8746488764044944,0.8578075563000186,0.8387924230465666,0.8209914955403443,0.805979780597978,0.7887323943661971,0.7781147923471768,0.7681960124909921,0.7543461829176115,0.7435294117647059,0.7362078200321371,0.7200113700966458,0.7042424242424242,0.6926268751994893,0.6833613445378152,0.6747967479674797,0.6393008474576272,0.6223104693140794,0.6111210762331838,0.6100328456255599
1900.0,70.0,0.8725283971392511,0.5522281639928699,0.6566371681415929,0.7901471529110684,0.8856624319419237,0.9247572815533981,0.923572744014733,0.9029335634167386,0.8808705612829324,0.8563134978229318,0.8459483526268923,0.8383442727080246,0.8333745670460169,0.8396600566572238,0.8413384566122318,0.8463876967095851,0.8557312252964426,0.8572673785138374,0.8701021135122299,0.8747422680412371,0.8766741071428571,0.9144956579826319,0.9420743639921723,0.9801533603969328,1.0116869918699187,1.0537142857142856,1.0945431472081217,1.144856543037089,1.2128482972136223,1.2798982188295165,1.3345588235294117,1.382851445663011,1.4353914704010184,1.4837834783591366,1.5225407398596407,1.549400272041548,1.5264638199948861,1.5553809897879025,1.5765027322404372,1.5389905102461834,1.5465803546298902,1.5295815295815296,1.520945847321559,1.537649011619134,1.4888789371547992,1.4852493917274938,1.5112972033496603,1.491417673235855,1.4957585644371942,1.450503355704698,1.436042524005487,1.4114656381486677,1.4061143270622287,1.4037925264919129,1.3430133886479352,1.3858236795601806,1.347680157946693,1.3126244524093986,1.3358794384805945,1.319247834354532,1.3069075451647183,1.2967346044269121,1.3096597396665905,1.2958274730426629,1.2743490838958533,1.266832298136646,1.2147540983606557,1.1872410936205469,1.182492581602374,1.3051798928298035
5000.0,10.0,0.6112621359223301,0.35799442896935935,0.32392065344224036,0.31420341236428095,0.3088764494202319,0.3070936639118457,0.3136456211812627,0.3278429998247766,0.3530638852672751,0.37504614248800294,0.41040285568587453,0.4322516556291391,0.45303159692570455,0.472771236333053,0.4820198928844682,0.48846327854019,0.4970217238962859,0.5012315270935961,0.5099814298978644,0.5104384133611691,0.5107132374523041,0.5386646548472275,0.5585882352941176,0.5926139642238892,0.6187457396046353,0.6684729064039409,0.7141618497109826,0.7658389934305757,0.8435258834267831,0.9133025472962908,0.9659242021276596,1.019241546796189,1.0657362459546926,1.1166850828729282,1.1553236898268913,1.1803196803196803,1.159549384333246,1.1896879240162823,1.2277372262773723,1.1883116883116882,1.2096973440395307,1.2090230444660823,1.2103505843071787,1.255281059792338,1.2034018426647768,1.2225938312894835,1.2888349514563107,1.2828701783492327,1.3206545776205219,1.3163461538461538,1.3417525773195875,1.356786703601108,1.3932651834034877,1.429217840982547,1.3761840324763193,1.4701547531319086,1.4372163388804842,1.4095163806552262,1.4702928870292886,1.4684210526315788,1.4668458781362008,1.4865900383141764,1.5393374741200827,1.5486338797814208,1.5464632454923717,1.5630354957160342,1.6405658497708706,1.658675799086758,1.6851851851851851,1.7717161016949152
300.0,90.0,1.75390625,1.651851851851852,1.8129194630872483,1.8522815158546018,1.8024385933910585,1.7224619577560754,1.6288197364732269,1.527284901238701,1.4280109846998823,1.3333333333333333,1.2483324781939455,1.1724928366762177,1.1081946222791292,1.0536723163841808,1.0069875776397517,0.9669491525423729,0.9328426862925483,0.9039638735574511,0.8788272205993725,0.856743535988819,0.8369141851991456,0.7971797179717972,0.7686302342086586,0.7494276795005202,0.7416347992351816,0.7377139701822197,0.7418444165621079,0.7522935779816514,0.7629896083133493,0.7779267202859697,0.7960591133004926,0.8119517543859649,0.830952380952381,0.8465573770491803,0.8609129814550642,0.876438986953185,0.8889802631578947,0.9014821272885789,0.9091083413231065,0.9191699604743083,0.9258559126233984,0.9318334452652788,0.9371003371700964,0.9392002005766579,0.9439520659093746,0.9456735174761094,0.9458463283243551,0.9471397538015931,0.9470056670240465,0.9464636542239687,0.9444540577954663,0.9422303473491773,0.9398703085085479,0.9359028068705488,0.9331877729257642,0.9294566253574833,0.9262515262515263,0.924918115394306,0.9209809264305178,0.9174100719424461,0.915659097611324,0.9105431309904153,0.9054481546572936,0.9007891770011273,0.8961770623742454,0.891332470892626,0.8441558441558441,0.806720741599073,0.7956438180653428,0.7001146788990825
22500.0,10.0,0.7605866556496592,0.5498167277574142,0.5980284775465499,0.628982128982129,0.6481137909709338,0.6652213900932861,0.6766330841728957,0.6811139439105707,0.6786542923433875,0.6713513513513514,0.6611698817672682,0.6507992895204263,0.641273679967755,0.6334244080145719,0.6275012827090816,0.6222606689734718,0.6179288025889967,0.6137055837563452,0.6093344155844156,0.6042649727767695,0.5989250583105161,0.5818109081210828,0.5610267155578837,0.5387243735763098,0.5173230678116671,0.4978919126101955,0.48215521502718733,0.4701397712833545,0.4618388934092758,0.4574102964118565,0.45675245423189176,0.45969241169511577,0.46602150537634407,0.47578659370725035,0.48903585102680125,0.5057573073516386,0.5259301014656145,0.5497130559540889,0.5773722627737227,0.6093659441288977,0.6448584421299692,0.6835302806499262,0.7243367935409458,0.7663151895126816,0.8074253990284525,0.8453865336658354,0.8782991202346041,0.9041713641488163,0.921656050955414,0.9323597232897771,0.9156521739130434,0.8847601128880527,0.8513916500994035,0.8194430065224143,0.7909731113956466,0.7665096922571459,0.7452893674293405,0.7268869006652902,0.7107360525082044,0.6964114832535885,0.6838575957083638,0.6622784810126582,0.6450426789231779,0.6312066385525779,0.6218309859154929,0.6146227789105738,0.6077379812296495,0.6057018603527422,0.6045133991537377,0.5993349958437241
600.0,60.0,1.7361111111111112,1.2853964401294498,1.5083509762408844,1.6468305304010349,1.6542625169147496,1.5837320574162679,1.4765270065623421,1.3604687994931897,1.2508637236084452,1.1533408833522083,1.0692005242463958,0.9964189794091316,0.9381512605042017,0.8872236792806294,0.8432185815014517,0.808675799086758,0.776888444222111,0.7490431930016402,0.7266229898749256,0.7029126213592233,0.682935393258427,0.6450342465753425,0.613626964433416,0.5911567996036661,0.574468085106383,0.5684884123140782,0.5743734842360549,0.5851886571361612,0.6056910569105691,0.6356854211998757,0.6713731027179668,0.7043547742708749,0.744103248776146,0.7926768926274121,0.8205546492659054,0.8625368731563422,0.8863492063492063,0.9047940580688724,0.9665940450254176,0.9615384615384616,0.9628164556962026,1.0008278145695364,1.0025553662691653,1.0106951871657754,0.9946380697050938,0.997250229147571,1.0181644359464628,1.0067632850241546,1.015888778550149,0.9950910206586214,0.9856844305120167,0.9616163770124747,0.9479292540920576,0.94847801578354,0.9098285714285714,0.9310878362294691,0.9219815723345698,0.8878425691174695,0.8878446115288221,0.9119157678479713,0.9018745959922431,0.8689378757515029,0.8813512004466778,0.8771174275050244,0.8620638675340037,0.8478426589419119,0.8208955223880596,0.8125799028381487,0.8289067325509573,0.9649551752241239
8000.0,20.0,0.5485714285714286,0.39563953488372094,0.29321663019693656,0.25169988276670574,0.22051569506726457,0.20229699778359864,0.19753424657534246,0.2056541019955654,0.2234737747205503,0.24885145482388973,0.27584953661639106,0.30327868852459017,0.3321358589157413,0.35288023207625363,0.36919528446950284,0.38553113553113555,0.39642090193271295,0.4085570469798658,0.42122958693563883,0.4253310180160625,0.43039513677811553,0.4601385086165244,0.47342700061087356,0.4961399897066392,0.5251215559157212,0.5571717171717172,0.5914243469689502,0.6424649176327029,0.6903774981495189,0.736832895888014,0.7979274611398963,0.8319618366129994,0.8947586779145347,0.943677269200931,0.9804680626429703,1.0360855069621495,1.0623113410952998,1.0784037558685446,1.1524859046642748,1.1541838134430726,1.1759566134377826,1.2412109375,1.2730459165790395,1.2553113553113553,1.2933333333333332,1.3758710801393728,1.3923818265259293,1.4262616364527192,1.4614583333333333,1.5055849500293945,1.5686274509803921,1.6196454948301329,1.6508972267536706,1.64402407566638,1.6217228464419475,1.726455081153727,1.7247686679578222,1.6804814352219826,1.6607015032211883,1.7498100785008863,1.8013763324787477,1.7412280701754386,1.77676178464449,1.8056735179208425,1.835014947683109,1.8251860792597063,1.6975694444444445,1.6441947565543071,1.625,1.894842868654311
1200.0,30.0,1.4059642147117297,0.8404092071611253,0.9773047826644442,1.1768275065010112,1.324742268041237,1.3825301204819278,1.3688146380270485,1.3203342618384402,1.2689502061528704,1.221173574066475,1.2024477307496175,1.1969512195121952,1.1995723449750535,1.2253864930838079,1.2429223744292237,1.2660402142063252,1.2944162436548223,1.307166006481815,1.336684712554782,1.3508602890571233,1.3597185576077397,1.4252140339096862,1.4665287702143663,1.5159618573797677,1.5485675917636526,1.5895143754530079,1.6214543579164518,1.6587366694011485,1.7152009318578916,1.7649230769230768,1.796069587628866,1.8182741116751269,1.8463960811756472,1.8741818181818182,1.8924287856071964,1.9037945573016481,1.8623924941360437,1.883122028526149,1.8957481602616517,1.848137535816619,1.8502495840266222,1.8266949152542373,1.8122866894197953,1.8252299605781865,1.7710947641713544,1.7639315489249672,1.7868778280542987,1.762704174228675,1.7625,1.7071327350023617,1.686810551558753,1.6551388212372138,1.6458541458541458,1.6401225114854519,1.5717234262125903,1.6159188034188035,1.572347266881029,1.5329018338727076,1.5571030640668524,1.5361000568504832,1.5214163335237008,1.5067448680351907,1.5164233576642336,1.4975093399750934,1.468112244897959,1.4551407989521938,1.358931552587646,1.3048843187660668,1.2896585129571325,1.4179372197309417
1200.0,20.0,1.6292420814479638,0.9090334807327859,1.0378319950586783,1.2618130906545326,1.4472573839662448,1.5360657779992526,1.540095275903136,1.497826716893654,1.4476904855902093,1.402135231316726,1.3879472693032016,1.3907531692766593,1.4043290043290044,1.4411764705882353,1.4683102432638813,1.498983131953583,1.5339805825242718,1.5506902802956353,1.583629893238434,1.5981806775407779,1.6061207609594705,1.6711135816194183,1.7079177691837981,1.7524818001323628,1.7777517014785262,1.8106420184861354,1.8323684210526316,1.8580876274455773,1.9029266879165458,1.939503932244404,1.957080200501253,1.9667644183773216,1.9846256684491979,2.003448275862069,2.014487632508834,2.0208708168405902,1.9758507135016465,1.9944506104328523,2.005329272934907,1.9562238294632661,1.957142857142857,1.9336213668499607,1.9190043461082575,1.9312019425333873,1.8776,1.868825910931174,1.8912952936276552,1.8672787979966612,1.866921768707483,1.8104716572912158,1.7895659798334065,1.7577777777777779,1.7477272727272728,1.742234585071859,1.6729059429106223,1.7182213629772838,1.6744186046511629,1.6337067705796395,1.6573005519317612,1.635480572597137,1.6206365503080082,1.6041009463722398,1.6137105549510338,1.5942190105614231,1.5639567936327459,1.5495337995337994,1.450036469730124,1.391496899911426,1.3748191027496381,1.518048294747324
8000.0,30.0,0.5170146499019495,0.386046511627907,0.2966551326412918,0.26474878444084277,0.24470338983050846,0.23917743211178485,0.24745030250648228,0.2671571906354515,0.29653121902874136,0.32984949832775917,0.3659413434247871,0.397062423500612,0.4273451870018394,0.4467061435973353,0.46370435547734273,0.47849846782431055,0.4843876958792803,0.4890419947506562,0.49231332357247437,0.4908353609083536,0.49111310592459606,0.48990471869328495,0.48496880317640384,0.4807963354474982,0.4756123997398656,0.47531358420069386,0.48274728885967794,0.48902195608782434,0.5034046692607004,0.5266429840142096,0.5495750708215298,0.5797945205479452,0.613024484405161,0.6504113509002027,0.6900369003690037,0.7343647136273864,0.775611620795107,0.808608258684728,0.8870967741935484,0.9277730008598453,0.9582794307891332,1.0110438190238689,1.0566336633663367,1.1251129177958445,1.1460348162475822,1.1943706850770048,1.26,1.292590246991767,1.3494475138121547,1.3979430379746836,1.486413043478261,1.5034260378879485,1.4965615107521013,1.5685081528352398,1.5084087968952133,1.5616285554935863,1.6025736944486009,1.5185925015365704,1.5217177511883297,1.6038790843962956,1.5983014094687387,1.5457221350078494,1.5792942176870748,1.594569929272188,1.575091575091575,1.5557586837294333,1.4300791556728232,1.355134074558535,1.3273040482342808,1.3387673956262425
600.0,70.0,1.6662796098467254,1.3011811023622046,1.4787578175544533,1.5772113943028485,1.5727990970654628,1.5116279069767442,1.4239903797975748,1.322672616834015,1.2244381604405417,1.1332635618349904,1.0517206681424833,0.9778589363159096,0.9210796915167095,0.8697394789579158,0.8239771646051379,0.7887569832402235,0.7575525812619502,0.7310431503979891,0.7086183310533516,0.6854878652798415,0.666487358795051,0.6318479685452163,0.6084651898734177,0.5948912015137181,0.5821161779462594,0.5872016784683975,0.6008230452674898,0.6143985952589991,0.6403721682847896,0.6722785977859779,0.7066770589763575,0.7374743627307354,0.7741412832145171,0.8136020151133502,0.8389897395422258,0.8768704574604532,0.8868445262189513,0.9099804305283757,0.9718384697130712,0.9531938325991189,0.9540964555490994,1.0018382352941178,1.0,1.0060321715817695,0.9832439678284183,0.9888965995836225,1.0183418928833456,1.0052083333333333,1.0208655332302936,0.9983883964544722,0.9916666666666667,0.9776440240756664,0.9614003590664273,0.9692164179104478,0.9324118207816968,0.9520885757423251,0.9506512006512007,0.9140407066845749,0.9126898047722343,0.9405108671297333,0.9284823756092033,0.8959098992294013,0.9099347717009533,0.9045572916666668,0.8891895548640238,0.8750175932441943,0.8469267139479905,0.8331622176591376,0.8452568547116293,0.9692307692307692
1300.0,0.0,1.9704558244231851,0.9830878341516639,1.0632684426229508,1.2782129387873513,1.4836988737403676,1.6079862601975097,1.6488749345892204,1.6350967741935485,1.604881499823134,1.5744874715261958,1.5753501400560224,1.5894389438943894,1.6153262518968134,1.6627017841971112,1.6965452847805789,1.7327133036797413,1.7684505826499783,1.7863698944469941,1.8161030208207967,1.8266331658291457,1.831151832460733,1.8862275449101797,1.9158377964804896,1.9528071602929211,1.970367847411444,1.9971392812444126,2.009667224391151,2.0230547550432276,2.057884231536926,2.082389289392379,2.087185982689466,2.0879025239338556,2.096345514950166,2.1094708153531685,2.1170064874884154,2.120592383638928,2.076042908224076,2.093817656964157,2.1074870274277244,2.06,2.0635635635635636,2.042461225527587,2.030171311684991,2.045264259549974,1.9930160372478014,1.9874378434964668,2.0134480903711673,1.9911075181891673,1.9939659901261657,1.9425223214285714,1.9254237288135594,1.8969662278191184,1.8914887393974846,1.8897168405365126,1.821654135338346,1.8718585169097115,1.828358208955224,1.788125,1.8144694533762058,1.793713163064833,1.7785080512651987,1.7626092804303968,1.772837790899618,1.750974140984768,1.7185238784370478,1.7027027027027026,1.5912608101957215,1.5195652173913043,1.4968632371392723,1.6501023092662963
300.0,80.0,1.7563981042654029,1.6513377926421404,1.8092948717948718,1.8479330708661417,1.7988525143435707,1.7189400521285838,1.6244295302013423,1.5215157353885678,1.4202789295137581,1.323503902862099,1.2363996043521266,1.157079646017699,1.0909653465346534,1.03485987696514,0.9864559819413092,0.9449013157894737,0.9105545617173524,0.88017578125,0.8540700126528891,0.8312677657760091,0.810711214838472,0.7695818610129564,0.7398146529113482,0.7197281713344317,0.7117395437262357,0.7076329567373932,0.7124882038376849,0.7234269463206541,0.7352465642683913,0.7517022242396731,0.771859296482412,0.7888826501965188,0.8097859327217125,0.8269100743745774,0.844280442804428,0.8599840891010342,0.8751069289991446,0.8889191643960037,0.8976000000000001,0.9091190746669421,0.9170147285117608,0.9240150093808631,0.930017069007559,0.9326581612521374,0.9379997378424434,0.9400522480406986,0.9407297096053612,0.9420267802799757,0.9419147224456959,0.9418544641321177,0.9396583060705197,0.9372240353234786,0.9350247524752475,0.9305494505494505,0.9280806229958771,0.9240569572820384,0.9204196519959058,0.9192185850052798,0.9152639087018545,0.9114457831325302,0.9092872570194384,0.904109589041096,0.8986784140969164,0.8936837975676736,0.8887489504617968,0.8835955056179775,0.8338607594936709,0.7951505016722408,0.7841975308641975,0.6864357017028772
1200.0,0.0,2.9393305439330546,1.436375749500333,1.5236024844720497,1.8013986013986014,2.0549497238351506,2.180829539706626,2.1825141015310234,2.105232558139535,2.0093023255813955,1.9185257032007759,1.8726070309780718,1.8468708388814914,1.8385650224215246,1.8571896495250573,1.8663838812301166,1.879187053067369,1.895049504950495,1.8951747088186357,1.9099935247140083,1.9062918340026773,1.8990550818160867,1.9280433711187777,1.9358874120406568,1.9564741308513551,1.9586050467819678,1.971984665290475,1.973836324916337,1.9772088666874805,1.9996778350515463,2.0135492399206876,2.01044474393531,2.0041479433114415,2.0066619915848527,2.0136151916875673,2.0178701677607584,2.019209456963428,1.976056864945754,1.991701244813278,2.003482972136223,1.9593967517401392,1.962397179788484,1.9427207637231503,1.9312275089964015,1.94560327198364,1.8961196443007275,1.8908421913327882,1.9147774979009236,1.8940285954583684,1.89606501283148,1.8465884398087788,1.8302550571679859,1.8032056990204808,1.7980900409276943,1.7966651227420103,1.7323680523120037,1.7798651252408477,1.738899613899614,1.7012609117361785,1.7256857855361596,1.7060913705583756,1.6917982679572083,1.6769150599270453,1.685852608929532,1.6644736842105263,1.6334639059876888,1.6197021764032073,1.5143456962911126,1.4475873544093179,1.4272030651340997,1.5864978902953586
1900.0,60.0,0.8877086494688923,0.5604550379198266,0.6691851052347545,0.8096357226792009,0.9108237654665032,0.9552853133769879,0.9586659064994298,0.9412947326095698,0.921306209850107,0.8980285520054385,0.8887959866220736,0.8814925373134328,0.8762214983713354,0.8823137411701986,0.8835141651597348,0.8878787878787879,0.8962053571428571,0.8966789667896679,0.9084412684234033,0.9113801452784503,0.9122347393240765,0.9461827284105131,0.9696415508412582,1.003784693019344,1.032166508987701,1.0705944798301485,1.1088875809299588,1.1568373298768633,1.2234957020057307,1.288627450980392,1.3432455395072218,1.3895027624309393,1.4427032321253672,1.4894725870335626,1.526483167013927,1.5530993618960802,1.5298551407372512,1.55877034358047,1.5792782597761852,1.540311352993292,1.5486210022012172,1.5317228563843908,1.5210095314807357,1.537180910099889,1.489157287949492,1.486089752551377,1.5117629973860005,1.4911640134365416,1.4953537170263789,1.4502851857561276,1.4352755905511811,1.410495814552479,1.404916126889221,1.4023890784982935,1.3416407061266875,1.3841441441441442,1.3457706937149068,1.3109243697478992,1.3340276462791139,1.3171865917457857,1.3050682261208577,1.2945549527828009,1.3073058404856606,1.2937258272453802,1.27220503756076,1.264284088322331,1.2123123123123123,1.1843003412969284,1.1797193300135809,1.3024179418292257
27500.0,50.0,1.1530804412160345,0.4841485507246377,0.4756860857005296,0.47909024211298606,0.4833217512161223,0.4950354609929078,0.5094080996884736,0.521884984025559,0.5315378454144974,0.5380735637839833,0.5431419220470098,0.5477458288959887,0.5532271584241408,0.5600490196078431,0.5678906917164817,0.5764048636214262,0.5849056603773585,0.5930082002589555,0.6007866273352999,0.6065848214285714,0.611441213653603,0.6172649572649572,0.615859938208033,0.6096744752053544,0.6022110552763819,0.5946088794926004,0.5889464594127807,0.585464333781965,0.5837681159420289,0.584672619047619,0.5888045540796963,0.5946596102958864,0.6045983966117078,0.616710875331565,0.6319755121262067,0.6507982583454281,0.6725852272727273,0.6976344086021505,0.7217300677436165,0.7515375153751538,0.779869659666908,0.8058178752107926,0.8316346153846154,0.8522465121388553,0.8732478734874806,0.8872904843605649,0.8957055214723927,0.9033966967902773,0.905982905982906,0.9039139306251159,0.8935702875399361,0.8784670760110099,0.8611923509561304,0.8445497630331753,0.8307919331037875,0.8140808344198175,0.8047147066702384,0.7952538631346578,0.7818762706941621,0.7716701902748414,0.7648514851485149,0.7494237734606519,0.7339675828047921,0.7226765799256506,0.7136131816398588,0.7052501033484911,0.667296786389414,0.6483954900260192,0.634836332104921,0.6318462096481683
30000.0,30.0,1.4494252873563218,0.496875,0.47691045475855603,0.4741411156261544,0.4723794125572622,0.4799400074990626,0.4904833836858006,0.5011169513797634,0.5097071129707113,0.5170864249137841,0.5237362073389787,0.5313034022059966,0.5404350250976018,0.5513215859030837,0.5638105099663474,0.5773413897280967,0.5906862745098039,0.603552684699233,0.6148148148148148,0.6250661025912215,0.6327513546056592,0.6443349753694582,0.6469611424775822,0.6443291326908821,0.6405138339920948,0.6376050420168067,0.6365845192641444,0.6379388964888281,0.6406900654372397,0.6443846153846153,0.6503448275862069,0.6567854909318324,0.6659861809045227,0.6766549157853505,0.6899637243047159,0.7060910703725606,0.725089605734767,0.7468844005156854,0.768160741885626,0.7942238267148014,0.8179271708683473,0.8403225806451613,0.8612932604735883,0.8767236056801812,0.892292269993317,0.9018629002800438,0.9068057226901992,0.9109880749574105,0.9108309281482607,0.9039425325760106,0.8897045658012533,0.8713096139288418,0.8513026052104209,0.8333333333333334,0.8181420765027322,0.8007857638086434,0.7898361434338637,0.7797895767066307,0.7656731757451182,0.7548025613660619,0.7470604320481269,0.7305232558139535,0.7146848804719032,0.7026850032743942,0.6928916494133885,0.6842296511627907,0.6492290748898678,0.6324242424242424,0.6215370018975332,0.6258127438231469
8000.0,0.0,0.5910120311394197,0.4333555703802535,0.3179861501029384,0.2677979797979798,0.23079340141398272,0.20955404820320392,0.20417295123177476,0.21383909962484368,0.2343481138318994,0.2632952036925547,0.2924981791697014,0.32144304823672476,0.35247900298022217,0.3724668064290706,0.38712653778558875,0.40429025423728815,0.41478917558212713,0.428099173553719,0.4445898778359511,0.44810756972111554,0.45416666666666666,0.4998467667790377,0.5200545171339563,0.5564894932014833,0.6033083645443196,0.6525948876839659,0.7027906976744186,0.7781589479702687,0.8431105047748977,0.8981191222570533,0.9737080689029919,1.0019207440355844,1.0725714285714285,1.1182314952806756,1.1487285223367698,1.2048138735236955,1.2215443891475357,1.2276227965086428,1.3081726354453627,1.2996131528046422,1.318898465419382,1.3914118705035972,1.424969987995198,1.3984103328365622,1.4415343915343914,1.539319248826291,1.5581896551724137,1.5992128566743193,1.6416144745998609,1.6998823067869753,1.7807323452484742,1.8532608695652173,1.9036672140120416,1.9031141868512111,1.8897290485192186,2.0307692307692307,2.0364166059723234,1.9923017705927637,1.9781199351701784,2.097497842968076,2.1715867158671585,2.1116456203648024,2.169862420106164,2.2185817926515328,2.2709627329192545,2.2711390635918938,2.1730342617697804,2.1430781129157,2.1293193717277488,2.731299212598425
1400.0,50.0,1.142051341084379,0.7106164383561644,0.8431660899653979,1.014857142857143,1.1405049396267837,1.196017423771002,1.1975071907957815,1.1709448388858548,1.1368786549707601,1.0991158678455095,1.0765714285714285,1.0583446404341927,1.0438215554678247,1.0436543654365436,1.0389479008598888,1.039303761931499,1.0437461491065927,1.040458530006743,1.0503649635036496,1.0511006289308176,1.0498732037193577,1.0825049701789264,1.106795004010542,1.1433402705515088,1.1746238425925926,1.2156957149735195,1.2548364403798804,1.30089848977251,1.3638067471886715,1.4236907170150597,1.4694024478041756,1.5069266290405336,1.5491781191053624,1.5887028101050242,1.6193013617525163,1.6408924205378974,1.6143934632306725,1.6412311638345625,1.6594540612516644,1.6218206157965194,1.6287568306010929,1.6113826815642458,1.601904090267983,1.6161946259985476,1.5695292849443048,1.563868613138686,1.5873914684786712,1.5661235316407731,1.5679969004261913,1.5202220459952418,1.5030254134731746,1.4753694581280787,1.4675379426644182,1.463098834700043,1.4006983849847228,1.4418288818469895,1.403181818181818,1.3670480549199084,1.3888363292336803,1.3705314009661835,1.3572815533980582,1.344311377245509,1.3558091286307055,1.3388210302708443,1.3149863760217984,1.304932735426009,1.2331643736422881,1.1945945945945946,1.1868929448180168,1.3181574718800215
1400.0,70.0,1.1651854121973644,0.7414874551971327,0.8781782003095291,1.0515122873345937,1.1751313485113835,1.2270773638968482,1.2236870082925793,1.1905458802868432,1.148,1.1008303677342823,1.065864833906071,1.034934497816594,1.0093023255813953,0.9960456942003515,0.9817823732151649,0.9726925177498634,0.9687875150060024,0.9585798816568047,0.9614285714285714,0.9567567567567568,0.9516263552960801,0.9710735586481113,0.9880023296447292,1.0195076012377238,1.0504419384334045,1.0925193465176268,1.1358758144883097,1.1870899470899472,1.254911131898971,1.3210539779994883,1.3753803596127248,1.422075979658989,1.474269377382465,1.5233108108108109,1.5630998933522928,1.5951147298297557,1.5783825220390955,1.6121164437450826,1.6380443714050945,1.606387391124015,1.6183595410114746,1.6054925893635572,1.5988526037069726,1.6175934366453966,1.5711060948081264,1.5689338235294117,1.5940028557829604,1.5746411483253588,1.5778648383937317,1.5303562468640242,1.5145631067961165,1.4882873503383653,1.4817987152034262,1.4780701754385965,1.416204217536071,1.4585253456221199,1.4193175245806824,1.3834498834498834,1.4062688366485834,1.3879310344827587,1.375232198142415,1.3630573248407643,1.3741721854304636,1.3575305291723203,1.3328690807799444,1.3230659025787965,1.2532467532467533,1.2132395340791142,1.2055168646729482,1.3366370471633628
30000.0,10.0,1.2425108932461875,0.5035549979088247,0.5000741289844329,0.5086020280278,0.5166721150702844,0.5330485611510791,0.5511669658886894,0.5678294573643411,0.5814524043179587,0.5920876445526476,0.6007423904974016,0.6098302055406613,0.6199893673577884,0.631796542219995,0.6449912126537786,0.6592957986052049,0.6734733948556842,0.6868094701240135,0.6989690721649484,0.7096300645918967,0.718,0.7306473517428701,0.7334144856968959,0.7295121951219512,0.7235860279009408,0.7177060931899641,0.712961210974456,0.7095332671300894,0.7069300518134715,0.7055369127516778,0.7055016181229773,0.7066115702479339,0.7102966841186736,0.7163752336962499,0.7256089170221549,0.7381644163390874,0.7543748682268606,0.7739108017530292,0.7953473750392959,0.8206766917293233,0.8454667262170612,0.8694284216046145,0.8923821039903265,0.9112343966712899,0.9278587874136608,0.9404761904761905,0.9482596425211665,0.9524098211579266,0.9527328045202651,0.943888017376614,0.9252761533463287,0.9016078054143191,0.8769208466222094,0.8542805100182149,0.8346951602765557,0.8149612786290987,0.800304620071078,0.7872562674094707,0.7722323049001815,0.7594746716697937,0.7499039569727238,0.7309644670050761,0.7134251290877797,0.7004066877541798,0.6903745851114272,0.6817391304347826,0.6596592968466836,0.6521951219512195,0.6484703059388123,0.6646658663465386
1900.0,40.0,0.8588667366211962,0.5369710467706014,0.635208372266866,0.761668731928955,0.8489208633093526,0.8792701330772397,0.8706435749412016,0.8453481207640172,0.8215628917676556,0.7993527508090615,0.7956989247311828,0.7966882067851373,0.801906577693041,0.820188927943761,0.8323562429836597,0.8476044140243051,0.8668725868725868,0.875809199318569,0.8975356679636836,0.9081612191698416,0.9155844155844156,0.9689982065078145,1.005922416345869,1.051445864156019,1.0849795005590757,1.1272201569599338,1.1659882406151063,1.2115100836202657,1.2764927380311997,1.3387755102040817,1.3871169480925578,1.4283792871553462,1.472714386959603,1.5131086142322097,1.5442443226311668,1.5626515763945028,1.5328345802161263,1.5554614733276884,1.5713028169014085,1.5291519434628975,1.5324324324324323,1.513364055299539,1.5027932960893855,1.515850144092219,1.4658444022770398,1.4628019323671497,1.4864593781344033,1.4660213752772737,1.4696452580411625,1.4234081003508026,1.4080990120508088,1.383710608078118,1.3782051282051282,1.3748088909796543,1.3142516398330353,1.3560163914069292,1.3181874921982275,1.284149565655294,1.3062769150463265,1.2894350207025511,1.277344799785004,1.2669344784596204,1.2794860690053413,1.2658565500889152,1.2448170731707318,1.2368834432924913,1.1851620947630923,1.1578947368421053,1.153918791312559,1.2753267973856208
27500.0,70.0,1.1440648115533638,0.48596389050669775,0.47854649969205504,0.48284466625077976,0.48717948717948717,0.4995795795795796,0.5140711462450593,0.5268806317707806,0.5364431486880467,0.5431061313414255,0.5481383978939451,0.552914798206278,0.558053425019836,0.564935064935065,0.5728643216080402,0.580952380952381,0.589828897338403,0.5980445410103205,0.6051329622758194,0.6115870786516854,0.6162957074721781,0.6221816620141722,0.6207639287765652,0.6149885583524027,0.6077000503271264,0.6002642880740007,0.5952586206896552,0.5921787709497207,0.5909942363112392,0.592619926199262,0.5974909133544378,0.6045373665480427,0.615570419918246,0.6287966612566659,0.6453371592539455,0.665258711721225,0.6879280821917808,0.714064914992272,0.7385093167701864,0.7687272727272727,0.7966836734693877,0.8219272369714847,0.8476445038422987,0.867291376472078,0.8874589266155531,0.9007656508031827,0.9087591240875912,0.9163143058491896,0.9186376537369915,0.9173277661795407,0.9084586044424501,0.8948370211753509,0.8794020775272359,0.8641711229946524,0.8516666666666667,0.8367346938775511,0.8277642770352369,0.819348778960551,0.8068144227588488,0.7969665632540504,0.7908127208480565,0.776395173453997,0.7611336032388664,0.7504280821917808,0.7415119963784518,0.7336202773792444,0.6936106983655275,0.6723496590204588,0.6568563615054044,0.651601579640193
5000.0,20.0,0.6355833913245187,0.35789849892780556,0.31862446743761413,0.3062590975254731,0.2992600422832981,0.29670027497708523,0.302699423718532,0.3168480832938949,0.3419354838709677,0.3641271442986882,0.3988803358992302,0.42060164083865087,0.44160282852091925,0.46084556152840334,0.4701005468336567,0.47630974744312254,0.4844810863239573,0.48863636363636365,0.49694828140057823,0.49729144095341277,0.4973609419407227,0.5239833159541188,0.5423276983094929,0.5738853503184713,0.5970892018779342,0.6434704021690013,0.6849206349206349,0.7321128909229596,0.8035650623885918,0.8675066043487096,0.9149128762163385,0.9636871508379888,1.0060422960725075,1.0530893821235754,1.0888030888030888,1.112542372881356,1.0935610103166133,1.1224188790560472,1.159253375694996,1.1220883534136545,1.142977291841884,1.1432994250331712,1.1447428311333636,1.1880801172447484,1.1398161586840831,1.1578680203045686,1.221116639027087,1.2161089052750993,1.252268602540835,1.2480263157894738,1.2725988700564972,1.2862566438876233,1.3217821782178218,1.3558118899733806,1.3057620817843867,1.3951367781155015,1.3643459256946613,1.3377710972729224,1.3953220417098744,1.3923132704858594,1.390982087708462,1.4100700409673583,1.4600314600314601,1.4681880006045036,1.465365541513358,1.4802441919620146,1.5440644981929386,1.5544,1.5763418447107869,1.6274546827794563
35800.0,80.0,1.9462835727670207,0.6217788861180382,0.5915411355735806,0.5761,0.5601439073987173,0.5562715765247411,0.5574247816240698,0.5610184372256365,0.5646038172353962,0.5688244047619048,0.5744600938967136,0.5840233236151603,0.5966819221967964,0.6135181975736569,0.6335067637877211,0.6555225359088658,0.6788427819988311,0.7011651816312543,0.7229972100438422,0.7423963133640553,0.7598091198303287,0.7914517317612381,0.8129770992366412,0.8295515937331173,0.8477366255144033,0.8688485990110666,0.8943361753958587,0.9208799691238904,0.9464285714285714,0.9676660787771899,0.98397212543554,0.9942763695829926,1.0,1.0030632724199853,1.003184337775681,1.0024649714582252,1.001700680272109,1.0018357044515833,1.0025471217524198,1.0035669698591048,1.004602991944764,1.0055727554179568,1.0060737527114967,1.0063469675599437,1.005934013766912,1.005259203606311,1.0048886474741987,1.0033528918692372,1.0017767249037608,0.9974506054811982,0.9908691241122759,0.9842463301109917,0.9769319492502884,0.9704918032786886,0.9653253424657534,0.9586046511627907,0.9540889526542324,0.9500247402276101,0.9445628997867804,0.9398200224971879,0.9369942196531792,0.9297805642633229,0.9222298692360633,0.9166666666666666,0.9114624505928853,0.9067796610169492,0.8796505497815936,0.8628939498504716,0.848503937007874,0.850326165740517
3000.0,90.0,0.7276607462481068,0.47512234910277323,0.5416258570029383,0.6191636215996752,0.6635825314581791,0.6706948640483383,0.6593834995466908,0.642368154158215,0.6318811212428234,0.6193451098664369,0.6222520107238606,0.6210221793635486,0.6213740458015267,0.6292532037118869,0.6305668016194332,0.6322101656196459,0.6382165605095541,0.637153024911032,0.6458952306489445,0.6456410256410257,0.6442577030812325,0.6708371246587808,0.6880671813625897,0.7163942231391842,0.7393906420021763,0.7765735723218008,0.8149550402271651,0.8640128239380176,0.936280487804878,1.0103270223752152,1.0755947812739832,1.1385671385671385,1.2021475256769374,1.2634791454730416,1.311716621253406,1.3440366972477065,1.325748502994012,1.3561728395061727,1.3829093281148075,1.3434210526315788,1.353459972862958,1.341994382022472,1.3342857142857143,1.3602996254681647,1.30940044411547,1.3125,1.3535108958837772,1.338511856091578,1.3554987212276215,1.325268817204301,1.3236940298507462,1.3142023346303502,1.3216039279869067,1.330696879008123,1.2726076948372247,1.3270746407046825,1.290473955889254,1.2569998808530918,1.2879071508798203,1.2736625514403292,1.2634450506625097,1.2581429922962561,1.2766017900269924,1.2661384976525822,1.2476855365002277,1.2433155080213905,1.1984006915928247,1.1644332774986041,1.1564833672776647,1.2170616113744075
600.0,50.0,1.7559621710526316,1.2171903881700554,1.522897988853889,1.783132530120482,1.8934859154929577,1.8804704595185995,1.7912621359223302,1.6676970633693973,1.5397856446898344,1.4224409448818898,1.3195732838589982,1.2310565635005337,1.1613293051359517,1.0998650472334683,1.0477968633308439,1.0081967213114753,0.9722719141323792,0.9393968871595331,0.9144210526315789,0.8873111439282063,0.8651162790697674,0.8266900277412761,0.7930856553147575,0.7692924433754259,0.7509208103130756,0.7430975545621877,0.7485884101040119,0.7566577896138482,0.7735217552993678,0.7999176615891314,0.8291253381424707,0.8512315270935961,0.8782424563260984,0.9180421172453045,0.9267554479418886,0.9535031847133758,0.9613333333333334,0.95922598479613,1.0101818181818183,0.9911176905995559,0.977116704805492,1.003933910306845,0.9968,0.9983457402812241,0.9761316872427983,0.9731768650461022,0.9878577623590633,0.9738219895287958,0.9785905441570026,0.9552919708029197,0.9434137291280148,0.916320754716981,0.9031945788964182,0.9011881188118812,0.8628393948502154,0.8844273379798191,0.8731070496083551,0.8404882154882155,0.8411418609718894,0.8636718314569166,0.8546922300706357,0.8226999537679148,0.8347187085893265,0.8311897106109325,0.8169103623649078,0.8037187377242372,0.7805422100205903,0.7767179709516584,0.7964416535845107,0.9432132963988918
8000.0,10.0,0.5776611694152923,0.41564327485380115,0.3051681706316653,0.25830388692579503,0.22303754266211603,0.20258285358643224,0.1964516129032258,0.20474080638015063,0.2235459004905396,0.2509291706488266,0.27936409939805523,0.30830464716006883,0.33919308357348704,0.3598809080759211,0.37567947516401123,0.393159977388355,0.4042310275352586,0.41802884615384617,0.4343255813953488,0.43858159040237815,0.44485779431177247,0.48842139595564255,0.5086188992731049,0.5436046511627907,0.5888256942121111,0.6369320550229263,0.6861167002012073,0.7586848635235732,0.8230483271375465,0.8772532188841202,0.9513459621136591,0.9795918367346939,1.048425843975218,1.0928758440126773,1.1228606356968216,1.1764314247669774,1.192231967066404,1.1972880061115356,1.2737338527783473,1.264203931734716,1.2817562808170933,1.34964859437751,1.3805950147413562,1.3539528432732317,1.3939751919669225,1.4856020942408377,1.5017158544955387,1.5392765801972963,1.5784579620302208,1.6300174520069808,1.7041162227602906,1.7687671232876712,1.812121212121212,1.8085513720485002,1.7924791086350975,1.9212962962962963,1.9229534510433386,1.8804071246819338,1.8644067796610169,1.9734345351043643,2.0397203364069307,1.9806444517760915,2.032307875044542,2.075641025641026,2.122327622823163,2.1210268948655258,2.0262875536480687,1.997485331098072,1.9892290249433107,2.5234619395203337
22500.0,20.0,0.7650390846267134,0.5324157913799348,0.5699221090473338,0.5954545454545455,0.6113406795224977,0.6273264401772526,0.6388940092165899,0.644524236983842,0.6435643564356436,0.637903984938814,0.6295892402762632,0.6211931581143095,0.6132254995242626,0.6071235833783054,0.6024405125076266,0.5989676531314522,0.5955882352941176,0.5927826086956521,0.5897560975609756,0.5857096034087185,0.5810513447432762,0.5661290322580645,0.5472257518000847,0.5265927977839335,0.5063154095994226,0.4885245901639344,0.47318401937046006,0.4615744349181606,0.4535,0.4490083173384517,0.44829276262048684,0.4506661115736886,0.4566887417218543,0.4661502189289323,0.47881899871630296,0.49472826086956523,0.5143547273982056,0.5376532399299475,0.5645465645465646,0.5955119214586255,0.6298323036187113,0.6666666666666666,0.7058018609742748,0.7447165380744717,0.7830303030303031,0.8173537871524449,0.8461968680089486,0.8684546615581098,0.8825214899713467,0.8907849829351536,0.8741626794258374,0.8465663023303774,0.8164398475775722,0.7882192713653388,0.7632256554307116,0.7410488245931284,0.7227025691699605,0.706663294980402,0.6917692806221646,0.6788176033934252,0.6677031228876572,0.6482263513513513,0.6322883094052153,0.6196197718631179,0.6107604922688545,0.6038907961418997,0.5936750272628135,0.5901275651691625,0.5878136200716846,0.5835111542192046
10000.0,80.0,0.33166666666666667,0.461763115197404,0.4675733952562614,0.491390306122449,0.49596570852244076,0.499493487698987,0.5048828125,0.5122598584428716,0.5214626391096979,0.5303856641994547,0.538821328344247,0.5449793672627236,0.5487261146496816,0.5503087540864512,0.5498154981549815,0.5472477064220184,0.5425369332654101,0.5370495495495495,0.5301734820322181,0.5226530612244898,0.5144668158090977,0.49151910531220877,0.4672929714683368,0.4432930339666091,0.42101513802315227,0.4019370460048426,0.38722826086956524,0.3772194304857621,0.37191894127378,0.3718079673135853,0.37643352236925015,0.38535825545171337,0.39942307692307694,0.4163996677346624,0.43859906213364597,0.46473029045643155,0.4956733969380963,0.5315388798259923,0.5682349015682349,0.6166328600405679,0.6656819300837026,0.7158956109134045,0.775177304964539,0.8325127334465195,0.90069033530572,0.9602664216812127,1.010404161664666,1.0665158371040724,1.1100511073253834,1.182646510664734,1.2305649444712699,1.2479630635524173,1.2373540856031129,1.2226918075422626,1.199656357388316,1.163302752293578,1.1441647597254005,1.1173228346456694,1.084092792046396,1.0591026747195857,1.040283311199646,1.0004710315591145,0.9618090452261306,0.9332273449920508,0.9111731843575419,0.8900646678424456,0.7720562390158172,0.7223809523809523,0.696813977389517,0.6269070735090152
1100.0,80.0,1.5575022461814914,1.0378120940972724,1.2116197183098592,1.398986241853729,1.5025641025641026,1.5118378812199036,1.4595988538681948,1.3776250477281404,1.2918683446272992,1.2083825265643446,1.142957252978276,1.0876623376623376,1.0426320667284523,1.013661487120659,0.9874462396838313,0.9684048291805806,0.9567544724609099,0.9424737816162863,0.9392061631217552,0.9312907904278462,0.9237553900431204,0.9363251879699248,0.9503467406380027,0.980284421460892,1.0121996303142329,1.0564448188711035,1.10279488394126,1.1577004219409284,1.2284204345273046,1.2994825355756792,1.358198451794511,1.4104134762633997,1.4677023712183157,1.5253940455341506,1.572752548656163,1.6135922330097088,1.604775877769908,1.6482139126801756,1.684776643617605,1.6577659101023587,1.677544944463529,1.6715819275687154,1.6698610445615716,1.693968726731199,1.6488117226942496,1.6490831449384578,1.6807928021906375,1.6609813697192337,1.6677874915938131,1.6220320265046935,1.607545045045045,1.5819695664656905,1.5770026603606266,1.5764741549189025,1.5114421747811395,1.5600447141488343,1.5186968383887016,1.481229773462783,1.5072075092189072,1.4887669353455668,1.4749827467218772,1.4625644673661746,1.474902759770328,1.4568605093120486,1.4296875,1.417856424693344,1.3320292123109025,1.281594296824368,1.271121351766513,1.4126679462571976
1100.0,90.0,1.5657591139824643,1.0411486086441681,1.2173913043478262,1.4104868913857678,1.5173698921868761,1.5291657955258207,1.4774019754564502,1.39568345323741,1.3099949264332826,1.2260061919504643,1.161029411764706,1.1055319148936171,1.0602526724975705,1.0319160563996066,1.005966877739893,0.9872260320021514,0.9756888168557536,0.9614702563275834,0.9585519412381952,0.9506336296576509,0.9430030643513789,0.9562667969704374,0.9700805523590333,1.0003344481605352,1.0316673025562761,1.0759219088937093,1.1206812652068125,1.1746890210924825,1.2451923076923077,1.3137384412153237,1.3708751793400287,1.4216679657053781,1.4779717373233583,1.5333333333333334,1.5789473684210527,1.6175024582104227,1.6079475624743957,1.6504649196956889,1.6860916860916861,1.6589809920143965,1.6780465223932415,1.671236142567648,1.6690873880416364,1.693002257336343,1.6471759144065687,1.6482679862961553,1.680284659989457,1.6613630336780694,1.6666666666666667,1.6217725052337753,1.60711743772242,1.5810104529616724,1.5772163253102107,1.5766871165644172,1.5115013988187753,1.5604591011962496,1.518843404808317,1.481651376146789,1.5076374745417516,1.4892323723515108,1.475449938843264,1.4628962536023056,1.4755113529742916,1.4575389948006932,1.430522565320665,1.4183819034033014,1.333421540089971,1.2835526315789474,1.2729044834307992,1.4152046783625731
10000.0,90.0,0.3315359728855338,0.46139867841409693,0.46685830233344605,0.49056603773584906,0.49521112255406796,0.49859571322985957,0.5040918163672655,0.5114987080103359,0.5208062418725617,0.5299860529986054,0.5386456089973678,0.545045045045045,0.5488917861799217,0.550185873605948,0.5497272345782627,0.5474178403755868,0.543274244004171,0.5371543778801844,0.530564362714014,0.5231894150417827,0.5146453089244851,0.4922709923664122,0.4679007950634864,0.4438392462829383,0.4216757741347905,0.40274651058081945,0.38816337871631007,0.37821171634121276,0.37293868921775897,0.3728079331941545,0.3775917578879588,0.3868630573248408,0.40088408644400786,0.41793939393939394,0.44037109082747267,0.46658074019517587,0.4976228209191759,0.5338325013865779,0.5706022456617897,0.6192641587432823,0.6681704260651629,0.7187688593844297,0.7779379956741168,0.8345689655172414,0.9029126213592233,0.9620444754919083,1.0118951067856177,1.0676439151015422,1.1106514994829368,1.1822175732217572,1.2295321637426901,1.246507806080526,1.2360398430425596,1.2215666994428056,1.198891198891199,1.1629026286560533,1.143846153846154,1.1179976162097736,1.084448160535117,1.0601045296167246,1.041573535985695,1.0019029495718363,0.9634332148298629,0.9351901446170326,0.9135593220338983,0.8923900118906064,0.774777183600713,0.7249093107617895,0.6992683291025832,0.629472693032015
1200.0,10.0,2.3216710182767626,1.1465160834929917,1.2362260581697802,1.4839228295819935,1.7190408409066025,1.856379821958457,1.8925831202046035,1.8634443923040827,1.8140127388535032,1.7629870129870129,1.7480237154150198,1.7463976945244957,1.7572892040977148,1.7913931436907367,1.8129679783335988,1.8357901954062392,1.8598726114649682,1.8657291465998844,1.8860937814449588,1.8863541230640435,1.8813301456205174,1.9184297132110955,1.9307576517812344,1.954871250331829,1.959612724757953,1.9754122071159965,1.978423733892718,1.9842495367510808,2.0095969289827256,2.0266710569641093,2.0255892255892256,2.0197368421052633,2.0239352340725096,2.032072072072072,2.036356959236137,2.03723008190618,1.9920754716981133,2.007613247049867,2.0183665494333725,1.9718859820382664,1.9742777997625642,1.952572347266881,1.9401778496362168,1.9528730880529144,1.901920719248059,1.895824720959074,1.918895966029724,1.8958333333333333,1.897446992643877,1.8452066842568162,1.8273253226524255,1.7985579089680037,1.791072250345145,1.7889305816135084,1.7228003784295176,1.7701317715959004,1.7281173594132029,1.6902654867256637,1.7147192716236723,1.6950025759917569,1.6804550155118925,1.6650793650793652,1.6757791142700929,1.6553262688232013,1.6250712250712251,1.6114352392065345,1.5132997843278218,1.4526678141135974,1.4333996023856859,1.5955762514551803
1900.0,0.0,0.7777346780449961,0.4558198810535259,0.5298926928972918,0.650941256520753,0.7522241992882562,0.8073959938366718,0.8224175294967493,0.8189386056191468,0.816580554250822,0.8193645990922844,0.8355287918705306,0.8570782451379466,0.8885927505330491,0.9195331695331695,0.9560975609756097,0.9937646141855028,1.0292347377472055,1.059546313799622,1.0958623514952888,1.1168745171614611,1.1342504743833017,1.211380985426787,1.2736357868020305,1.3293551834698967,1.380570758405004,1.4346335190741535,1.4895591647331787,1.5334164588528678,1.6012931034482758,1.6528138528138527,1.7050183598531212,1.7858072916666667,1.784013605442177,1.8458794149125937,1.851371386212009,1.8528963414634145,1.8527918781725887,1.8698412698412699,1.895970394736842,1.8154859967051071,1.8258497691984894,1.8243359040274207,1.8038876889848812,1.8237650200267024,1.7626373626373626,1.7761394101876675,1.7399352151781582,1.7182705718270572,1.7881960970966206,1.716796875,1.7063215530114484,1.6739461655662773,1.6799163179916319,1.6496781115879828,1.6108695652173912,1.6354401805869074,1.585933068633012,1.5565714285714285,1.6185688941454761,1.6217522658610273,1.5388821385176186,1.5452841973766396,1.5623376623376624,1.5615435795076513,1.5474402730375427,1.5150877192982457,1.471441523118767,1.4441570127094816,1.4397350993377482,1.600327868852459
22500.0,30.0,0.8355042298912314,0.5181190681622088,0.5414563806777217,0.5594791666666666,0.5706445257528849,0.583744292237443,0.5942095588235294,0.5999436143219622,0.5998645903859174,0.5959232613908872,0.5896599906846763,0.5824825362708221,0.5769704433497537,0.5723001402524545,0.5690533015115354,0.5668766876687669,0.5652615540883698,0.5634720951509606,0.561367433491839,0.558632626568585,0.5548731210602877,0.5422459893048128,0.5253378378378378,0.5060863150129103,0.48748796920115495,0.47048155096935584,0.4563106796116505,0.44581203713361844,0.43869757470186255,0.4350437617985241,0.43480166557089633,0.4381457693381737,0.4444444444444444,0.454463480613165,0.46731428571428574,0.48386396526772796,0.5038426349496797,0.5277200277200277,0.5543256626856976,0.5856908194926082,0.6196766112502847,0.655571227080395,0.693503800967519,0.7297863426895685,0.7657568238213399,0.7960488088320744,0.8213566151779718,0.8411497730711044,0.8528174936921783,0.8580295566502463,0.8446708292255449,0.8208744710860366,0.7946073558648111,0.7701194184839044,0.7487935656836461,0.7284602556976097,0.7129629629629629,0.6990801576872536,0.6847809724522054,0.672794685617179,0.6631446144141303,0.6451666116793138,0.6296616022099447,0.6176946592339507,0.6088339883960322,0.601556420233463,0.5836658685820697,0.575934178950977,0.5707892595606184,0.5641341884558461
1800.0,0.0,0.8287002253944402,0.47491926803013995,0.5492248062015503,0.6765638512539637,0.7872219053051911,0.8514970059880239,0.8747637051039697,0.8770885786221103,0.8789013732833958,0.8856103476151981,0.906108026249369,0.9319148936170213,0.9684361549497847,1.0041356492969395,1.0459662288930582,1.0880503144654088,1.127136258660508,1.1594478216818642,1.1983018351136674,1.220995288574794,1.2389143127662932,1.3188990825688074,1.3823222847613093,1.4389846297158826,1.4897025171624714,1.5432852386237514,1.597188995215311,1.638515674984005,1.7040220006875215,1.750915750915751,1.7989949748743719,1.8763814981580025,1.8691947166595655,1.9282850779510021,1.930318412551915,1.929891046897205,1.927325581395349,1.9439252336448598,1.9689567430025445,1.8868501529051989,1.895746887966805,1.8946532556908418,1.8740661686232658,1.8924259055982438,1.8302603036876355,1.844077134986226,1.8056980056980056,1.7826086956521738,1.853130485664131,1.7793764988009593,1.768009768009768,1.7342874922215308,1.7389635316698657,1.7064220183486238,1.6668878566688785,1.6909841706813489,1.6392536281962682,1.6100278551532032,1.6724262059035278,1.675735294117647,1.589364844903988,1.5960516324981018,1.612293144208038,1.6109765940274414,1.596026490066225,1.5620748299319729,1.5134308801048264,1.4813317158646717,1.4749089757796423,1.6415533980582524
600.0,40.0,1.5629564062845762,0.9646246764452114,1.1650392950702548,1.3656147986942329,1.4528907922912206,1.4221227382950943,1.3216494845360824,1.2005141388174807,1.0926573426573427,1.0119760479041917,0.9558417663293468,0.9182055181403432,0.906985478217326,0.894847972972973,0.8843335931410756,0.8945844686648501,0.8973132131026867,0.8982546608488695,0.9097823790407775,0.9065860215053764,0.9097370291400142,0.9398877905423457,0.9545856679445591,0.9705128205128205,0.9771174863387978,0.9872727272727273,1.0057493292449213,1.0140618722378465,1.026204564666103,1.0441696113074206,1.0586080586080586,1.0591039084842708,1.0645792563600782,1.0859019706922688,1.0689834024896265,1.0761501850872555,1.0624663435648896,1.040348964013086,1.079865016872891,1.045045045045045,1.0177345537757436,1.034965034965035,1.0193661971830985,1.0132450331125828,0.9851279000594884,0.9776974080771549,0.9882060831781502,0.9701492537313433,0.9721166032953105,0.944516129032258,0.9300196206671026,0.899867374005305,0.8851902173913043,0.8814147018030514,0.8416257883672039,0.8619186046511628,0.8498542274052479,0.8165810711665444,0.8162490508731967,0.8370830100853375,0.827613104524181,0.7945425361155698,0.8049289891395155,0.8005141388174808,0.784872471416007,0.7709502262443438,0.7398067405137874,0.7320154577883472,0.7465569665533893,0.8746465598491989
3000.0,80.0,0.7279978369609301,0.4755412991178829,0.5420596727622714,0.6199122106943336,0.6641221374045801,0.6718100890207716,0.6606411398040962,0.6434793429566948,0.6329134902220749,0.6203762418093426,0.6230931088900579,0.6218858404288868,0.6222388618494946,0.6298222800173385,0.6307692307692307,0.6330532212885154,0.6383510306058713,0.6375698324022346,0.6459355828220859,0.6455155071248952,0.6441391941391942,0.6704976567730417,0.6874418604651162,0.7157320872274143,0.7386505251913833,0.7755269081235933,0.8140831977689984,0.8632545931758531,0.9355901737567406,1.0094722598105548,1.0746887966804979,1.1379164909320962,1.202020202020202,1.2631315657828914,1.3108252947481243,1.344049633389735,1.325088339222615,1.3557984213721919,1.3825417201540438,1.343042071197411,1.3538050734312417,1.3420870767104354,1.3347398030942335,1.3613569321533923,1.3097667638483965,1.312828207051763,1.3542494042891184,1.3389694041867954,1.3557046979865772,1.3253968253968254,1.325068870523416,1.3151340996168583,1.3218564381355078,1.330738480959394,1.2730607401014133,1.3267168605977642,1.2909930715935334,1.2570356472795496,1.2885394914629653,1.2732565498038222,1.263649149725099,1.258313381218409,1.2768456375838926,1.2662431417845799,1.2477968633308438,1.243498452012384,1.198681131674112,1.1645604395604396,1.1566989642499164,1.2164179104477613
35800.0,90.0,1.9413988657844992,0.6219921656407387,0.591812865497076,0.5764729620661824,0.5610102604577742,0.5570002321801718,0.5587467362924282,0.5621956617972554,0.5660443407234539,0.5701425356339085,0.5761363636363637,0.5855379188712522,0.5984138428262437,0.6154114974663638,0.6354101111810363,0.6576779026217229,0.6809074837949323,0.7036269430051814,0.7248995983935743,0.744661095636026,0.7617521367521367,0.793615441722346,0.8154779969650986,0.8319282023388632,0.8501710786962002,0.871120587538498,0.8964777947932618,0.9231664726426076,0.9481086323957323,0.9692852923803899,0.9853044086773968,0.9958949096880131,1.001865671641791,1.0040271301398898,1.0041405418194724,1.0032526671870934,1.0024158021884326,1.002453611409293,1.003063829787234,1.0039320822162645,1.004997117047857,1.0057899090157154,1.0065203216692022,1.0065944418276025,1.0061816452686638,1.0055193176116408,1.0051686615886835,1.003638399104394,1.0023731830317413,0.997765719757421,0.9915311653116531,0.9842237361061312,0.977657935285054,0.9708538587848933,0.9656946826758147,0.9589934762348555,0.9549592716818399,0.9509172037679723,0.9455128205128205,0.9402816901408451,0.937463810075275,0.9302763819095478,0.9227586206896552,0.9172209903917221,0.9120443740095087,0.907391673746814,0.8806646525679759,0.8640664666512808,0.8498261144483086,0.8516003879728418
5000.0,30.0,0.6560736560736561,0.3607512302902481,0.31890363280400263,0.30498533724340177,0.2972498090145149,0.29457983752829936,0.30070859167404784,0.3152724748351267,0.3408141962421712,0.3638599105812221,0.3993371996685998,0.42166396542409507,0.44347370260352964,0.46326222796811034,0.47306485355648537,0.4797401793999381,0.48797127468581686,0.4922301553968921,0.5004743833017078,0.5004794885455515,0.5008976660682226,0.5256134969325154,0.5419847328244275,0.5712951068550741,0.5921487603305785,0.6350993377483444,0.6732558139534883,0.7166480446927375,0.7841294701122422,0.8437964891401368,0.8880053015241882,0.9341517857142857,0.9742247281514297,1.0198150594451783,1.054399243140965,1.0778831752371443,1.0598111227701994,1.088235294117647,1.1258083480305703,1.0904761904761904,1.1117353308364544,1.1123521681997373,1.1151761517615175,1.1579330422125182,1.110310021629416,1.1286903860711581,1.1915772089182495,1.1864406779661016,1.2226244343891404,1.2187192118226602,1.2447033898305084,1.2579835766423357,1.2937236417762341,1.3273237179487178,1.2778944421111578,1.366065974343311,1.3349552660492858,1.3088139987038236,1.3652340351487733,1.3631050228310502,1.3615988046320509,1.3803521408563426,1.4295622019939316,1.4382022471910112,1.435131195335277,1.4498582108790925,1.5119250425894377,1.522167487684729,1.5458937198067633,1.6009459060005913
27500.0,60.0,1.149234693877551,0.4859169843286743,0.47795216741405083,0.4818181818181818,0.4863013698630137,0.49846659364731655,0.5128334534967556,0.5253000923361034,0.5351689032855159,0.5417613636363636,0.5466094420600859,0.5513923013923014,0.5568978014013046,0.5635593220338984,0.5713348638897999,0.5798637395912187,0.5881841876629018,0.596621957277695,0.6040723981900452,0.6098844672657253,0.6146802325581395,0.6207269155206286,0.6192666579051124,0.6134101623886852,0.6058091286307054,0.5984251968503937,0.5931198102016607,0.5897435897435898,0.5882859033752482,0.5895674300254453,0.5940839900680125,0.6008202323991798,0.611425630468348,0.6241423670668954,0.6400850611376927,0.6595883698137863,0.6820717131474103,0.7076923076923077,0.7322880371660859,0.762619372442019,0.7896882494004797,0.8159554730983303,0.8417448108734591,0.8617212819589485,0.8824065633546034,0.8959942775393419,0.9042872963138744,0.9118142039717267,0.914270211611503,0.9126873126873127,0.9030941125913193,0.8892433910665452,0.8727272727272727,0.857325492201483,0.8441317047265002,0.8283940163703076,0.8191304347826087,0.8103345280764636,0.7976678222502364,0.7874015748031497,0.781102891728312,0.7659498207885305,0.7509607993850884,0.7404549147034931,0.731016731016731,0.7224988682661838,0.6833914863921842,0.6634429400386848,0.6485731633272617,0.6439641109298533
1900.0,50.0,0.8760090410074265,0.5474907063197026,0.6510598648963429,0.7835630423685553,0.8771260997067448,0.9139874047066623,0.9119448698315467,0.891312250090876,0.8701805758906784,0.848314606741573,0.8432432432432433,0.8395756457564576,0.8397963604852686,0.8514555859666584,0.8578072153325818,0.8671394799054374,0.8804878048780488,0.8851325393776411,0.9012965286491008,0.9079990935871289,0.9120529152376287,0.9550889472149314,0.9854039375424304,1.0248543689320389,1.0560382276281495,1.0965082444228904,1.1359743040685224,1.1829912023460412,1.2490322580645161,1.3138634764250527,1.3649468892261,1.4098360655737705,1.4583333333333333,1.504147465437788,1.5386847195357833,1.5618112602684833,1.5349653961367626,1.5607851414098777,1.579120879120879,1.5396509829909433,1.5449723507504796,1.5268146093388812,1.5161780165868473,1.5323359073359073,1.4839556244781105,1.4792324508136994,1.5047931382441977,1.4840182648401827,1.4875065070275897,1.4423334225314424,1.4281809484761514,1.4026264319642359,1.397031272517654,1.394491337183474,1.3338339089953446,1.376172607879925,1.337944042753851,1.303265694356373,1.3261583963194217,1.309399697326383,1.2971921515561569,1.2870095902353966,1.299781976744186,1.2860339362297222,1.264621284755513,1.2568662319699664,1.2050078247261347,1.1773236651285433,1.1732283464566928,1.2956371402420421
5000.0,0.0,0.5944534485863497,0.35258924082453497,0.32144351464435145,0.31331747919143876,0.3095033940693105,0.3088560885608856,0.31624621594349145,0.3314071528970795,0.35772357723577236,0.3806706114398422,0.41689373297002724,0.4391278727165586,0.46056231003039516,0.48046728971962616,0.49024500907441015,0.4968469072856568,0.5059263880224579,0.5105138050831962,0.5198675496688742,0.5208478919170743,0.5214997378080755,0.5511306108673641,0.5723323492197385,0.6081780538302277,0.6358629130966952,0.6876843657817109,0.7348615916955017,0.7886788678867886,0.8691884295584963,0.9411528687976461,0.9952260182008056,1.050117331545424,1.0979680696661829,1.1497622820919176,1.1886151231945625,1.2139982110912344,1.1919831223628692,1.2222761465663674,1.2603704669971303,1.2196729957805907,1.2406947890818858,1.2388535031847134,1.2403216200119118,1.2856686881583148,1.2324699936828807,1.2512413108242304,1.3178545716342693,1.311439114391144,1.3481335952848723,1.3425767918088738,1.3676268861454046,1.3819342169857634,1.4177754124534327,1.453973699256718,1.4003590664272891,1.4947916666666667,1.4612299465240641,1.4325068870523416,1.4940915805022157,1.4922600619195046,1.4901185770750989,1.5109797297297298,1.5662100456621004,1.5766634522661525,1.5737437570074406,1.5911053540587219,1.6764964016148851,1.6961866532865029,1.7247885491216657,1.8206142391810145
1400.0,60.0,1.2043986254295533,0.7594473791141813,0.9087776201094668,1.1004826678367705,1.2446369636963697,1.3134839151266255,1.323514265114842,1.2979486443838761,1.2589521296645307,1.213052731142114,1.1776183644189384,1.1456573166610342,1.1176240719030872,1.1024844720496894,1.0855721393034825,1.07280750137893,1.0660205935796487,1.0537135278514589,1.0532374100719424,1.0458430458430459,1.0368200836820083,1.0506454816285997,1.0607638888888888,1.0861244019138756,1.111560347409404,1.1490756302521008,1.1880357808423407,1.2358123335382094,1.3006535947712419,1.3641944990176817,1.4159830643027256,1.4602224123182208,1.509507998792635,1.5560179257362357,1.593015446608462,1.6220362622036262,1.6023054755043227,1.633948339483395,1.6564181398923905,1.6236434108527131,1.6333729686880698,1.6187576126674788,1.6114989733059548,1.6274343776460627,1.581551362683438,1.5775788576300085,1.6016762240846933,1.5813026140894992,1.583597643860444,1.5357142857142858,1.51864086833412,1.4920711196540124,1.4846989141164857,1.47979797979798,1.4174757281553398,1.4594594594594594,1.4196808510638297,1.3835029459025174,1.4050913115661317,1.387224420576597,1.3744318181818183,1.36077057793345,1.3719660194174756,1.3561218147917962,1.3307839388145315,1.3204456094364352,1.248730964467005,1.2084909625893232,1.2005719970156676,1.3310516490354698
25000.0,0.0,0.7262471537983854,0.517026850032744,0.5474137931034483,0.5695685670261942,0.5865684035706872,0.6068341437061048,0.6252350829201573,0.6386892177589852,0.6461696131181143,0.6483516483516484,0.6472909939002511,0.64578111946533,0.6441658630665381,0.6438053097345132,0.6449778900821226,0.646551724137931,0.6488182559087204,0.6505990783410138,0.6521015397419891,0.6524082971991093,0.6516010014494663,0.6443742320519572,0.6308584686774942,0.613719512195122,0.5958549222797928,0.5793568464730291,0.5655010087424345,0.5549087749782797,0.5482859063410263,0.5449697319112136,0.5448824727003516,0.5481499051233396,0.554004854368932,0.5629600929872143,0.5745310957551826,0.5886377903327056,0.6055776892430279,0.6259464916708734,0.6494450822809031,0.676678445229682,0.7069589702333066,0.7399349837459365,0.7750385208012327,0.8102737157855268,0.8438061041292639,0.8737453777073428,0.8986568986568987,0.917590027700831,0.9283513097072419,0.9302536231884058,0.909906278343243,0.878451251078516,0.8452394429978489,0.8141967328710776,0.7867424700616911,0.7632526381129733,0.7430352372471696,0.7254263767738576,0.7098535286284954,0.695906432748538,0.6835899569981967,0.6625306593565142,0.6456303402788187,0.6320373250388802,0.6229243914235048,0.6160908028709732,0.6138679663269827,0.6160563380281691,0.6192523982798545,0.6310891089108911
2000.0,30.0,0.822175364610789,0.5204898728214791,0.6140164899882214,0.7355157183684073,0.8169084542271136,0.8398297872340426,0.8238539340601603,0.791713535808024,0.7627460878344271,0.7367227979274611,0.7304138208115709,0.7298988926336062,0.7341269841269841,0.7519582245430809,0.7644444444444445,0.78,0.8001836547291092,0.8101612412534226,0.8332228849127458,0.8453435480009577,0.8541666666666666,0.9118868214670153,0.9534593437945792,1.0028420625253756,1.0410649819494584,1.087490599147656,1.1305066079295154,1.181244364292155,1.2507423292642692,1.3182471264367817,1.3726780185758514,1.4193817878028405,1.4692885550154662,1.5142857142857142,1.5480863591756624,1.5697615423642821,1.5404699738903394,1.5644302449414271,1.579966795794134,1.5374791782343142,1.5410764872521245,1.521159420289855,1.5084844938560562,1.5232628398791541,1.4734328358208955,1.4678007290400972,1.4930555555555556,1.4720812182741116,1.4762214983713355,1.4293369055592766,1.415068493150685,1.3900560224089635,1.3846710050614606,1.3811292719167905,1.3202712886209496,1.3618524332810047,1.3235990528808208,1.289012738853503,1.3121387283236994,1.2939189189189189,1.282312925170068,1.2716914986853638,1.2840182648401826,1.2699156513589502,1.248794599807136,1.240317775571003,1.1858906988964792,1.1572641038442337,1.1517021700179175,1.2619047619047619
1300.0,50.0,1.2658532669770428,0.7902912621359224,0.9377761413843888,1.1252019386106624,1.2597736625514404,1.3165217391304347,1.3130330490405118,1.2765515940388605,1.2310396785534907,1.1819917276487433,1.1485803189420458,1.1205151793928243,1.0987193169690501,1.0909642207398422,1.0816326530612246,1.0768651092690278,1.0776859504132232,1.07226738934056,1.0801564027370478,1.0797429685031075,1.0768708253141628,1.107128580946036,1.1301338255652977,1.1672498250524843,1.2001170275014628,1.243442445263386,1.2856462746965007,1.334888543286677,1.400791407574901,1.4635114503816793,1.5119086460032627,1.5525305410122163,1.5972120322817314,1.639350599149594,1.672448567970956,1.696957065443935,1.6722436722436722,1.700525394045534,1.721236925875398,1.6838975297346752,1.69187675070028,1.6757402101241643,1.6658630665380907,1.6817279046673288,1.633906633906634,1.6282435129740518,1.6523981433728727,1.631279129984464,1.6328042328042327,1.5827922077922079,1.5649064906490648,1.536653609401231,1.5284319356691556,1.5235017626321974,1.459298871063577,1.501231527093596,1.4610630407911,1.4237710018668326,1.4453727506426735,1.4274458305975048,1.412928759894459,1.399322033898305,1.4098591549295774,1.3922134102379236,1.3668639053254439,1.3551330798479087,1.2720156555772995,1.2263234579893152,1.216204568309151,1.3475763016157989
400.0,80.0,1.6219806763285025,1.4111200213846564,1.5849973016729628,1.6562770562770563,1.6345800122624157,1.5715207224641188,1.4887765419615773,1.396918561995598,1.305668016194332,1.2181331549013048,1.1402298850574712,1.0705983641842445,1.0106177606177607,0.9599144842330305,0.9168632075471698,0.881060116354234,0.8498942917547568,0.8221709006928406,0.7992493744787322,0.7781981981981982,0.7600975609756098,0.7227513227513227,0.6954934718517478,0.6766954787234043,0.6692411662483105,0.6653915391539154,0.6703694135882201,0.6819383259911894,0.6945003353454058,0.712178517397882,0.7338947368421053,0.7523584905660378,0.7759421786267424,0.7947398513436249,0.813125,0.8311951384199865,0.8474945533769063,0.8625482625482626,0.8703389830508474,0.8843120070113936,0.8917132216014898,0.8977205153617442,0.9039629439011838,0.9055727554179567,0.9119788219722038,0.9131287494231657,0.9108074534161491,0.9119249778228361,0.9096851654215581,0.9067195917210095,0.9028894846589217,0.8978889757623144,0.8911122227780556,0.8846153846153847,0.87966349670812,0.8716884143930407,0.8680653621141821,0.8640977833022582,0.8572380106571937,0.852119236143456,0.8492987877347279,0.8415690269994904,0.8334255672385169,0.8271315558159976,0.8201863354037268,0.8138385502471169,0.7499999999999999,0.7148968678380443,0.7017490952955368,0.6839080459770115
35800.0,0.0,1.958652646587061,0.5870867124142233,0.5728179551122194,0.5719070546368014,0.5639145680586548,0.5625570776255707,0.5652446675031367,0.5686143572621035,0.573056882327399,0.5784300152291292,0.5864347826086956,0.5978870202673566,0.6132698916204071,0.6329804299005454,0.6561173292165187,0.680939226519337,0.706267029972752,0.7311139564660691,0.7542942494398805,0.7750433275563259,0.7927,0.8226303982052721,0.8380676328502416,0.8466209081309398,0.8556552962298025,0.8688444661140907,0.8873517786561265,0.910856134157105,0.9364391899801007,0.9601648351648352,0.9797270955165692,0.9938815467449829,1.0023995200959808,1.0054347826086956,1.0042973785990545,1.0020060180541626,1.0005793742757823,1.0013218770654329,1.0045558086560364,1.009306260575296,1.0151371807000946,1.0201998947922146,1.0244658855961406,1.0274683544303798,1.028,1.0280520967511093,1.0270186335403726,1.0240924629659776,1.0198755617006567,1.006198347107438,0.9870025994801039,0.9654300168634065,0.944605762787581,0.9261350270524582,0.9098240469208211,0.8930980799169694,0.8809396689802456,0.8694574497383641,0.8559814169570267,0.8445721197459933,0.8361266294227188,0.818754141815772,0.8019203413940256,0.7892359804290553,0.7793707686180804,0.7702986958350863,0.7394736842105263,0.725949953660797,0.7180460042684373,0.735142118863049
17500.0,60.0,0.2251889168765743,0.6176675369886858,0.6636444708680143,0.6899141630901288,0.70146257527961,0.7118768328445748,0.719147005444646,0.7217962760131434,0.7206740116655865,0.7149321266968326,0.7072790294627384,0.697736220472441,0.6873891843971631,0.6770317145688801,0.6664829866372779,0.6558302808302808,0.6448676891960222,0.6333580980683506,0.6213731099305272,0.6088030541208175,0.5956607495069034,0.5595903165735568,0.5206065318818041,0.48161978661493693,0.4444578313253012,0.4111111111111111,0.38313364055299537,0.3615419708029197,0.3456859971711457,0.3356790992258973,0.33113746157224416,0.33140814081408143,0.3364421416234888,0.3453240539364941,0.3582875960482986,0.3749133749133749,0.39561787905346185,0.4206032379685074,0.44878460025291556,0.4829666430092264,0.5208240035826243,0.5626584060827936,0.6091388400702987,0.6572052401746725,0.7095744680851064,0.760128617363344,0.806774441878368,0.8512129380053909,0.8871168185584093,0.9363907241870708,0.9531392174704276,0.945598918736273,0.9253758709204254,0.9004868549172347,0.8754058441558441,0.8502548853016143,0.8295876063713724,0.8109318996415771,0.7921987462270722,0.7758661887694146,0.7625671059053196,0.7379063219861787,0.7162053211502284,0.6995515695067265,0.6876095850379895,0.6772132643748099,0.6455114822546972,0.6301663982823403,0.6187182741116751,0.5867966164030894
1500.0,20.0,1.080921052631579,0.6360706062931696,0.7398865784499055,0.903747870528109,1.0333051563820794,1.093546477205447,1.0977092099111734,1.0719619823489477,1.044362292051756,1.020542219037382,1.0206445863656617,1.0311498754004984,1.0475991649269312,1.0824766913698303,1.1090468497576738,1.1382915173237753,1.1709150326797386,1.1876112495550017,1.2195868400918133,1.2354865085854456,1.2460801393728222,1.3138430784607695,1.3572630398205272,1.4083023543990087,1.443326626425218,1.4847605224963716,1.5166795965865012,1.5539983511953834,1.6094986807387863,1.6582867783985102,1.689453125,1.7125822368421053,1.74190800681431,1.7693330378905385,1.7882460553395838,1.799672361338638,1.761404346787676,1.7806560949037646,1.792275965504312,1.7463097322992245,1.7482517482517483,1.727131381186836,1.7134281612945321,1.726310146093017,1.6752747980399947,1.6682337139019476,1.6911560853895204,1.668520578420467,1.6697430072412325,1.6185641769398114,1.6003536693191867,1.5715355805243445,1.5629322268326418,1.5593966059082338,1.4951548848292295,1.5380059230009873,1.497358864311654,1.4603754776540954,1.4829360315554794,1.464123206160308,1.4505977496483826,1.4372856885038803,1.4486051301254448,1.4319095958628616,1.4069493521790342,1.3965725806451612,1.3277462609592574,1.2881679389312977,1.2787130564908342,1.4139834406623735
384399.0,60.0,1.0,1.0,1.0,1.0,1.0,1.0,1.0,1.0,1.0,1.0,1.0,1.0,1.0,1.0,1.0,1.0,1.0,1.0,1.0,1.0,1.0,1.0,1.0,1.0,1.0,1.0,1.0,1.0,1.0,1.0,1.0,1.0,1.0,1.0,1.0,1.0,1.0,1.0,1.0,1.0,1.0,1.0,1.0,1.0,1.0,1.0,1.0,1.0,1.0,1.0,1.0,1.0,1.0,1.0,1.0,1.0,1.0,1.0,1.0,1.0,1.0,1.0,1.0,1.0,1.0,1.0,1.0,1.0,1.0,1.0
20000.0,90.0,0.39252880251367395,0.5578171091445427,0.5958044268252395,0.6210501306723687,0.6348600508905853,0.6483068135454917,0.657707910750507,0.6619545175169023,0.6605397520058351,0.654855195911414,0.6461236506378802,0.6362618914381645,0.6265197568389058,0.617148554336989,0.6085153882953277,0.6002135991456035,0.5921521997621879,0.5841409691629956,0.5757946210268948,0.5669739696312365,0.5576923076923077,0.5321705426356589,0.503988035892323,0.47608695652173916,0.4494281045751634,0.4259105098855359,0.40655564366904573,0.39219299715195177,0.3825588796944621,0.3777538957549704,0.3777626657599456,0.3823428079242033,0.39111716621253406,0.4036576949620428,0.4200873362445415,0.44043281439770343,0.464778909192356,0.4932277924362357,0.5243063263041066,0.5613888888888889,0.6009015256588072,0.6430107526881721,0.6875658587987356,0.7305965362411803,0.7754172989377845,0.8143621766280107,0.8467456851736328,0.8747650375939849,0.8940990516332982,0.9130095267843199,0.9096491228070176,0.8929046984972417,0.8710071210579857,0.848991848991849,0.8290674382372579,0.8083566760037348,0.7935823754789272,0.7799360708138677,0.7643295803480041,0.7515839493136219,0.7419093851132686,0.7226795344876525,0.7052127022168964,0.6917293233082706,0.6816246315099902,0.6727086183310533,0.6391702846116739,0.6225582860743542,0.6100226073850791,0.5860822413014007
7000.0,60.0,0.6047960137028963,0.39960543621218764,0.3238699007717751,0.3022371364653244,0.29699093157460843,0.30739161336176263,0.33139400921658985,0.3615518744551003,0.39484548980357814,0.42527173913043476,0.45308669489636727,0.4684809775062483,0.48738922972051807,0.49333333333333335,0.4962228517469311,0.4994037940379404,0.49741856177012905,0.4961699164345404,0.4925465838509317,0.4852586206896552,0.47982791586998086,0.4670396497202627,0.4517362704604559,0.4392434084829958,0.42658823529411766,0.4237386993292505,0.4263759828448892,0.43195652173913046,0.44710568242166754,0.4686136071887035,0.4947045280122794,0.5236648250460405,0.5577589943649761,0.6058160389444017,0.6387434554973822,0.6875323331608898,0.7244032353521405,0.7564016922734358,0.8449074074074074,0.858307562552713,0.885678391959799,0.9583624912526242,0.9882084442753899,1.0422535211267605,1.0362511052166226,1.0789600385170919,1.1634199134199135,1.179061784897025,1.2428035043804755,1.2890625,1.3441199684293608,1.3653007846556233,1.4027105517909002,1.456259267104427,1.412798557908968,1.5024813895781637,1.5070967741935484,1.460326013741075,1.4895165987186954,1.563798676312144,1.564526382708201,1.5312932226832643,1.5953012504736643,1.6218248323511482,1.618487028558971,1.6155285313376988,1.63379705400982,1.6035430665852168,1.6115635179153094,1.5327229569345542
1800.0,10.0,0.8589263420724095,0.5065290178571429,0.5883623599297961,0.7199519230769231,0.8281157708210277,0.8818889571809055,0.8917054387935184,0.880268642890227,0.8687185929648241,0.8642625607779578,0.8739283913262733,0.8903694730466384,0.9186875891583453,0.9466338259441708,0.9813953488372092,1.017658668328659,1.0520654537132395,1.0807281858129316,1.1156092922157315,1.1362373921941236,1.1527603513174405,1.227056672760512,1.2866958151155528,1.3399347623485554,1.389087200407955,1.4413158628380263,1.4944293887383318,1.536648369389732,1.6028541594152454,1.6519152101152845,1.7016922471467926,1.7794486215538847,1.7772449869224063,1.8366042902784117,1.8409090909090908,1.8419260700389104,1.8412145345943256,1.8588770864946889,1.8837696335078533,1.8054535920293655,1.8137673425827108,1.8131808278867103,1.7930845225027443,1.811864406779661,1.7522321428571428,1.7653061224489797,1.729032258064516,1.7073027090694934,1.7753012048192771,1.7032695866748921,1.6928391959798994,1.6594110115236875,1.6642527978933508,1.6342780026990553,1.5945392491467576,1.6187101346562722,1.5693950177935942,1.5405017921146953,1.5992592592592592,1.6021180030257187,1.5201520912547528,1.525,1.5405844155844155,1.5386533665835411,1.5234441602728048,1.49079754601227,1.4355038934657487,1.402012859938496,1.393550510036196,1.5422764227642276
4000.0,80.0,0.6515966386554621,0.40378140378140376,0.41138070479491623,0.433718558803535,0.44840219824954203,0.45426829268292684,0.4593453009503696,0.46622976098689284,0.48212935968038007,0.4942894318346104,0.5200681560015146,0.5342304060434372,0.549094097019287,0.5643979057591623,0.5707236842105263,0.5750237416904084,0.5804535637149028,0.581134401972873,0.5870967741935483,0.5844984802431611,0.5814129520605551,0.6004419656950437,0.6109969167523125,0.6341312741312741,0.6517036235803136,0.6875931049159396,0.7234147545028374,0.7679886685552408,0.8365131578947368,0.9034197670048854,0.9595107549557149,1.0147408464098906,1.0685358255451713,1.1236467236467236,1.1663597298956414,1.1968810916179338,1.1796448087431695,1.2111977321048901,1.244309559939302,1.207532667179093,1.2259615384615385,1.2202680067001674,1.2190721649484537,1.2547945205479452,1.2043399638336347,1.216572504708098,1.2689892647356695,1.258654541696807,1.2851843770456033,1.2682641729982467,1.279544610815493,1.2814591260989372,1.3033028812368237,1.32566820964611,1.2720086794792314,1.3457366928082763,1.3118188010899183,1.2823242017099983,1.3281394917455018,1.3210353486575237,1.3154586525240621,1.3235721703011423,1.3594582593250444,1.359349593495935,1.3489051094890512,1.3546081184580037,1.3662297609868927,1.3528172722485519,1.360372340425532,1.4297662449067123
12500.0,30.0,0.20667408231368187,0.6404914529914529,0.7740259740259741,0.7930129240710824,0.7721275426058274,0.7486818980667839,0.7271941201902291,0.7085921325051759,0.6936170212765957,0.680126404494382,0.6686698717948718,0.6580470162748644,0.648457258472433,0.6391416694753399,0.6299007444168735,0.6207696506550219,0.6111277295842058,0.6013082583810303,0.5909334285204355,0.5801556420233464,0.5690677966101695,0.5392259414225942,0.507563566140972,0.476077500988533,0.4464822901504124,0.41954842543077836,0.3967272727272727,0.378202846975089,0.36446866485013624,0.35520513163169853,0.3501230516817063,0.34872932634126663,0.35095557210225864,0.3563780972774549,0.3647924528301887,0.37637465051258157,0.39107142857142857,0.4091233071988596,0.43071491615180935,0.45570726379027854,0.4849918875067604,0.5189831075430674,0.5574380165289257,0.6002037178507766,0.6492653954360738,0.7015267175572519,0.7574074074074074,0.8162583518930958,0.8759946949602122,0.9918181818181818,1.090208629682314,1.1612903225806452,1.2002767208578347,1.2037145650048875,1.1832907075873829,1.1453514739229025,1.0991931656383485,1.0530712530712532,1.0042961839777609,0.9575569358178054,0.9167327517842981,0.8420763526503707,0.7808141189866211,0.7309958750736594,0.6964340140201158,0.6688700031476236,0.6227106227106227,0.6068895643363729,0.5977751756440282,0.559961158763554
12500.0,20.0,0.20671981776765375,0.622303809086737,0.7863013698630137,0.8024665107378269,0.7648791985857395,0.7250284846183062,0.6913696060037523,0.6646032639279685,0.6446794448116325,0.6300229182582123,0.6188153310104529,0.6097249508840864,0.6021517180810187,0.5950584225900681,0.5881405956533405,0.5811865155306933,0.5739578303557058,0.566438476391083,0.5584638899503248,0.5502700457000416,0.5413940897811865,0.5181189488243431,0.49306260575296107,0.4681555004135649,0.4442424242424242,0.42229064039408865,0.4037537537537538,0.3891941391941392,0.3782394995531725,0.37150266138938176,0.3684474123539232,0.36904518503373546,0.3727751316119328,0.38011695906432746,0.3899394856278366,0.40335039553280594,0.41964490263459336,0.43966125617501767,0.46304347826086956,0.49041037179899283,0.5223703312656724,0.5592009095338639,0.6011179876222799,0.6474908200734394,0.7005683517798384,0.7580058224163028,0.8191816981962164,0.884310618066561,0.950314465408805,1.083982683982684,1.2042004337404406,1.2985652797704448,1.3587181254307374,1.374678026550426,1.359710653222271,1.3175388967468176,1.2606211180124223,1.2034117342982682,1.1391257995735609,1.0768179332968835,1.0220732048058117,0.9218477629285299,0.8394578313253012,0.7720611163080761,0.7248387096774194,0.6875416389073951,0.6234381732012064,0.6032171581769437,0.591517027863777,0.5506307534947152
4000.0,90.0,0.6514554794520548,0.4035318924617818,0.4110523221634333,0.43349867343407544,0.44808290155440417,0.4536046912728527,0.4585483870967742,0.4655145326001571,0.4815100154083205,0.49358879882092854,0.5194052905966403,0.53383096556706,0.5485986881335718,0.5641025641025641,0.5702895509861519,0.5748909355307804,0.5810363836824697,0.5811831340465702,0.587386124737211,0.5847944142746315,0.5820446735395189,0.6010958315427589,0.6118541830579596,0.6350456980775292,0.6529336030899393,0.6888020833333334,0.7245975855130785,0.7695639618827607,0.8380824673147838,0.9050535987748851,0.9609106529209622,1.015972894482091,1.0703331570597567,1.1252900232018561,1.168125,1.1976206212822207,1.1806810284920084,1.211968276856525,1.2445987654320987,1.2087568412822518,1.22557003257329,1.2206132879045997,1.2192139737991265,1.254410399257196,1.2049632352941178,1.2162679425837322,1.269432719036343,1.2584033613445378,1.2853498946434512,1.2678231939163498,1.280503144654088,1.2817126850740297,1.3034719245606514,1.3258955676988464,1.2720541902961562,1.3456580732700136,1.311926605504587,1.2823696346222064,1.3282428355957767,1.3212252110740232,1.3156948881789137,1.323622545915136,1.3595125253893026,1.3593860684769776,1.3489982686124165,1.354788476511809,1.365987460815047,1.3533190578158458,1.3603786342123056,1.4302224160488444
7000.0,70.0,0.6067493112947658,0.3971511347175278,0.31879562043795623,0.2948829141370338,0.2868626550298576,0.2944111776447106,0.3160026126714566,0.344810379241517,0.37818287037037035,0.4097938144329897,0.43997898607827685,0.45811345646437995,0.4802282918874847,0.48833819241982507,0.49315459212778096,0.49848883048620235,0.4980582524271845,0.498641765704584,0.4961174242424242,0.48963703314045237,0.4854573063894405,0.4752637052443916,0.4621989919731193,0.45238649592549474,0.4415213039748356,0.44125973106864824,0.4463667820069204,0.4544071353620147,0.47220447284345046,0.49623076923076925,0.5241537053979872,0.5545970735968552,0.5895570024256351,0.6393098274568643,0.6718885987815492,0.7203187250996016,0.7552036199095022,0.7850443599493029,0.8744903902154921,0.882780410742496,0.9070175438596492,0.9786075457020614,1.0050483803113168,1.0569143932267169,1.0465341735336888,1.0879410215903107,1.1706021251475798,1.1849315068493151,1.247450713800136,1.2909930715935334,1.3438566552901023,1.3644067796610169,1.4014003553140348,1.4551897576588935,1.4117217898832686,1.5007369690473,1.5064102564102564,1.4607885930452496,1.4903195340783881,1.5662670662670664,1.5661966987620357,1.533695245226507,1.5996302382908791,1.626763668430335,1.6245265151515151,1.6218551461245234,1.6497757847533632,1.626010781671159,1.6410488245931283,1.5789071455865495
20000.0,80.0,0.39390467461044915,0.5582608695652174,0.5958792991563919,0.6207701283547258,0.635,0.6480961923847696,0.6576980568011959,0.6618357487922706,0.6604301075268817,0.6544769874476988,0.6459016393442623,0.6361636603607567,0.6263380632312671,0.6170212765957447,0.6083072100313479,0.6000699790062981,0.5919361121932216,0.5838926174496645,0.5755827925979332,0.5668976545842217,0.5572947430596574,0.5320121951219512,0.5044117647058823,0.47592708988057825,0.4493172690763052,0.4256777493606138,0.40649772579597143,0.39186295503211993,0.3822240767786355,0.3775429326287979,0.37759197324414717,0.38195679796696314,0.39062165058949627,0.4031907671418873,0.4195017182130584,0.4399174272055628,0.46403075233388247,0.49246753246753244,0.5233828671328671,0.5606019151846785,0.5999316706525453,0.6417973717676981,0.6862337662337662,0.729746835443038,0.7745318352059926,0.813215859030837,0.8458851330525018,0.8738529445928679,0.893303804064617,0.912210200927357,0.9088066701406983,0.8920700696929742,0.8698630136986302,0.8477383733276704,0.8277153558052435,0.8068838068838069,0.7917555081734187,0.7781561663828752,0.7625917489243229,0.7498694516971279,0.7401973859695918,0.7207409486387876,0.7030787448194198,0.6900928792569659,0.6799352750809061,0.6709459459459459,0.6379638439581351,0.6211180124223602,0.6089086859688196,0.5850945494994438
10000.0,0.0,0.3570422535211268,0.4321961879324997,0.3590728476821192,0.33054726368159204,0.288745055735347,0.25218277066356226,0.23026140894993355,0.22348336594911938,0.2273664479850047,0.24237602757889154,0.263621353880022,0.2900049236829148,0.31662379421221865,0.34195379002837456,0.3613905325443787,0.38082595870206487,0.394646533973919,0.4048031496062992,0.41621863799283154,0.4206793206793207,0.4258847095481861,0.4387505398013531,0.44770943602847235,0.4607366226546213,0.4818423383525244,0.5069575028206093,0.5427884615384615,0.5920938851142681,0.6465299684542587,0.7151197906180793,0.8026773072467499,0.8951915240423798,1.001834862385321,1.1164801627670398,1.228217054263566,1.3591097698981516,1.4745080500894454,1.5775012960082944,1.6680773881499396,1.8107167710508003,1.8476263399693722,1.8871103622577927,1.9368131868131868,1.95078031212485,2.0938429342438596,2.0617725020168263,2.0221266133988935,2.0831683168316832,2.032218091697646,2.029161603888214,2.075118966689327,2.037914691943128,1.9540007730962505,1.9067796610169492,1.8938793483047116,1.789983844911147,1.7878420925163478,1.7719342604298356,1.6967537608867775,1.6550493962678376,1.6518645032735553,1.6282803334362457,1.5630334865397242,1.5420168067226891,1.524822695035461,1.493485984998026,1.17875,1.0674460431654675,1.03512252042007,0.9158297465327595
1500.0,30.0,0.9900744416873449,0.6073658927141713,0.7125100240577386,0.8603231597845602,0.9693013408609739,1.0119485294117647,1.0052961001444392,0.9748953974895398,0.9453510436432637,0.9186802404023059,0.9136141636141636,0.9170481596777147,0.9253602925360292,0.9501480750246791,0.967679019225411,0.988833746898263,1.0143149284253579,1.026865671641791,1.0544354838709677,1.0675617150281507,1.077030162412993,1.139697950377562,1.1812614819350888,1.2295081967213115,1.2647278150633856,1.305691056910569,1.340929009640666,1.3808630393996248,1.4389505549949546,1.4919268030139936,1.52848857045377,1.5564389832550296,1.5911657673484754,1.6216216216216217,1.643332880250102,1.657134886316083,1.622200028534741,1.6427640156453716,1.6556787533712916,1.6118865375956777,1.6139868682241563,1.5934579439252337,1.5805995919008005,1.5928974979822437,1.5441786283891548,1.5375526060213662,1.5592171294747408,1.5376867550780595,1.5387783115991764,1.4903474903474903,1.4730453409496609,1.445857558139535,1.4377682403433476,1.4334288443170964,1.3726323927328952,1.41299117882919,1.374522036627088,1.3394123606889565,1.360913280268119,1.3433889602053914,1.3304665663298216,1.318523430592396,1.3295819935691318,1.3142789931780758,1.2907818532818534,1.281071694368643,1.2160949022122476,1.1817092651757188,1.1739952718676123,1.298408172962699
384399.0,70.0,1.0,1.0,1.0,1.0,1.0,1.0,1.0,1.0,1.0,1.0,1.0,1.0,1.0,1.0,1.0,1.0,1.0,1.0,1.0,1.0,1.0,1.0,1.0,1.0,1.0,1.0,1.0,1.0,1.0,1.0,1.0,1.0,1.0,1.0,1.0,1.0,1.0,1.0,1.0,1.0,1.0,1.0,1.0,1.0,1.0,1.0,1.0,1.0,1.0,1.0,1.0,1.0,1.0,1.0,1.0,1.0,1.0,1.0,1.0,1.0,1.0,1.0,1.0,1.0,1.0,1.0,1.0,1.0,1.0,1.0
17500.0,70.0,0.22261623325453112,0.6212062256809339,0.6686586985391766,0.6950694112015319,0.7067092651757189,0.7172582619339045,0.7245206861755802,0.7273280584297017,0.7257019438444925,0.7202680067001676,0.7115273775216139,0.7021276595744681,0.69175979368783,0.6812131192534651,0.6704805491990846,0.6594594594594595,0.6484520701230884,0.6368118323746919,0.6247175779484863,0.6118143459915611,0.59847453010079,0.5620287868403016,0.5229515229515229,0.4834224598930481,0.44591904445919045,0.4124794745484401,0.38461538461538464,0.3629062617643368,0.3470213096904651,0.33707213304970024,0.3327702702702703,0.33323262839879153,0.33826317785362153,0.34746895893027696,0.3605659241420831,0.3776595744680851,0.3988472622478386,0.4239592183517417,0.45258951897956046,0.4871099050203528,0.5254030288226673,0.5677914110429448,0.6146788990825688,0.6633475580844002,0.716589861751152,0.7659722222222223,0.8131120331950208,0.8571980676328502,0.8929286190793863,0.9419345898004434,0.9587445397184922,0.9517551755175517,0.9323954669792888,0.908411214953271,0.883982683982684,0.8596730245231607,0.8395522388059702,0.8213173652694611,0.8025366824173091,0.7867760123013839,0.7736194713425805,0.7493128092358439,0.7275882012724117,0.7111379414428011,0.6985826771653544,0.6884438608010506,0.6545619609623241,0.6379613356766256,0.6259027777777777,0.5926598104456543
400.0,90.0,1.6469104665825978,1.429334082607474,1.6070615034168565,1.6797804208600182,1.6567357512953367,1.5926493108728943,1.5091645353793692,1.4166237776634072,1.3257368580978426,1.239817415730337,1.1626506024096386,1.0936936936936936,1.0358404846037355,0.9860413176996091,0.9434194341943419,0.9084175084175085,0.8776556776556776,0.8504,0.827681660899654,0.807749766573296,0.7892240944405207,0.7526647286821705,0.725910989485813,0.7074206147053829,0.6997055937193327,0.6957412890002277,0.7001561686621551,0.7110456553755523,0.7226130653266332,0.7391795257809559,0.7589658048373644,0.7768979972054029,0.7979695431472081,0.8145658263305322,0.8320097739767868,0.8480263157894737,0.8629943502824858,0.875748502994012,0.8834154351395731,0.8949152542372881,0.9019784172661871,0.9075598086124401,0.9122023809523809,0.913771050948625,0.9194730691596729,0.9202399466785158,0.9179131267201148,0.9187210153771052,0.9164631795399049,0.9133998087692938,0.9095477386934674,0.904690091992158,0.8982778046032514,0.8921084029316515,0.8873762376237623,0.879854601109623,0.8763671875,0.8723916532905298,0.8658772874058127,0.8612429378531073,0.8583294877711122,0.8509532062391681,0.8430263866451266,0.83675799086758,0.8304058146577832,0.8237942122186495,0.7614533965244865,0.7263794406651548,0.7127744510978044,0.6921362623368353
1400.0,0.0,1.4971712432730786,0.7713739415460257,0.8522580645161291,1.037691745799854,1.2170542635658914,1.3344138303619666,1.3859030837004405,1.3955625574373112,1.3941765241128299,1.3966745843230404,1.4184460260972716,1.4490592829250977,1.495857497928749,1.5423728813559323,1.5942257217847768,1.6432681242807825,1.6867619639527658,1.719626168224299,1.7574257425742574,1.7728965003723007,1.782642689601251,1.8466204506065858,1.891406987724268,1.928665785997358,1.9585302965191234,1.992943318916458,2.0255278539902184,2.040740280710471,2.080301455301455,2.098515519568151,2.1168289290681503,2.1682754646304567,2.1358079245838857,2.1749014852985753,2.1615754380524113,2.1488254769036734,2.1409127301841475,2.1530249110320283,2.1756487025948106,2.092133710294362,2.101534828807556,2.0991253644314867,2.07866137657409,2.097173144876325,2.036681222707424,2.047745358090186,2.00836820083682,1.9854147675478577,2.054234769687964,1.9784376773217325,1.9647306881349436,1.9290435458786936,1.9332007952286283,1.8994322789943228,1.8569967266775778,1.8810982048574445,1.8278636459877198,1.7950627793147478,1.8589266155531217,1.8607764390896921,1.7680250783699059,1.76993583868011,1.7823306489815254,1.7750120831319478,1.7530864197530864,1.7117572692793932,1.609008445417579,1.5422138836772983,1.5210594876248371,1.6783929846028347
1500.0,0.0,1.2146847565841978,0.6480728573751829,0.7272024729520865,0.8893728222996515,1.0399507215769095,1.1353739349952667,1.1754207037225906,1.183673469387755,1.1856963613550815,1.1922393769640662,1.2174657534246576,1.2515463917525773,1.301090909090909,1.3500832870627428,1.4051186017478152,1.458592132505176,1.5061960195268493,1.5451219512195122,1.588286334056399,1.611315547378105,1.6288910505836576,1.7071702244116038,1.7657004830917875,1.8159105851413544,1.8595505617977528,1.9039759939984997,1.9492466296590008,1.9750415973377704,2.026292725679229,2.056880733944954,2.086584205518554,2.1486620416253714,2.123371335504886,2.171626879798086,2.1632124352331608,2.155115511551155,2.1490933512424446,2.1628354659721434,2.1875,2.1040354560298575,2.113176275600805,2.112998433923624,2.0926285160038796,2.1121332670313278,2.0496436470877364,2.062741192580605,2.0233363251698937,2.0002571024553286,2.0726271630833772,1.9957224969923808,1.9839978302142662,1.9468539171141401,1.9523541020580772,1.9182616203770326,1.8759081662307469,1.9011863643189668,1.8461075139286252,1.8140520896426409,1.879581968491655,1.8820537275472897,1.7871389819690442,1.7898005884275907,1.8041934392965844,1.7973066298342542,1.7764435811407382,1.7352036199095022,1.6361581920903956,1.5713895713895714,1.5496038034865294,1.7065462753950338
1300.0,40.0,1.2209861282790826,0.7501963864886095,0.8827482447342027,1.0581998646514776,1.1818586038239218,1.2251552795031055,1.2108885338576871,1.167981355324489,1.1240804315841098,1.0832803560076287,1.0673267326732674,1.0612826603325416,1.0623955431754875,1.0816326530612246,1.0948275862068966,1.11244019138756,1.1336244541484717,1.1439466158245948,1.1680706800904048,1.178996036988111,1.185742853781908,1.2433754586220953,1.2800798035604666,1.3255457025920874,1.357262103505843,1.3971774193548387,1.431079323797139,1.4704929414487387,1.5274125527164475,1.5792666842521763,1.6146151708808003,1.6411384976525822,1.6726607741542212,1.7024793388429753,1.7229707525468287,1.7362748400134727,1.699587061252581,1.719371727748691,1.7323232323232323,1.6882225433526012,1.6909224549797868,1.6695391532409143,1.656474141185353,1.6687354538401862,1.6186278267535454,1.6126021003500584,1.6338819751103975,1.6117599677809102,1.612093788564377,1.5609243697478992,1.542271562766866,1.5125868055555556,1.5042316258351893,1.4981785063752278,1.4341620626151013,1.4751908396946565,1.434179033030158,1.3975903614457832,1.4186162269785962,1.4001016776817488,1.3861082737487231,1.3714585519412381,1.3814713896457766,1.3638392857142858,1.3377218088151117,1.3258823529411765,1.241849886277483,1.1960414703110274,1.1855324849296718,1.312587608634707
700.0,10.0,112.9352137505509,45.46377792823291,30.647709320695103,21.953212031191978,15.347091932457786,10.516866158868336,7.352941176470588,5.3926735218509,4.230088495575221,3.4946466809421843,3.0778443113772456,2.7916343919442292,2.5950080515297906,2.4751243781094527,2.3668941979522184,2.288091068301226,2.233661593554163,2.1740331491712706,2.144465290806754,2.1022944550669216,2.0614634146341464,2.0399632990111125,2.006990044482101,1.9989029072956666,1.9773186615764653,1.9731512556417081,1.9585553582001185,1.947863866763215,1.9578947368421054,1.9620733249051834,1.9494353182751538,1.9354415431045795,1.9323158593231586,1.9347414026536691,1.9345074298293892,1.9326093010303536,1.8895307876567562,1.9031387586990485,1.9148315589908123,1.870084474220798,1.8733392382639504,1.8556855685568556,1.8428592972402351,1.8577380033945379,1.8079268292682926,1.8033292231812579,1.8243670886075949,1.8014880481241093,1.8023817186997104,1.7515507672216781,1.7340372875763075,1.7053228766894712,1.703141003755548,1.705000871231922,1.6479394152870732,1.7014789118130362,1.666422152943334,1.63470066518847,1.6678134556574922,1.6557921469036923,1.6460298742138364,1.6415857605177995,1.6614835049380123,1.6478176736185766,1.6241743725231177,1.614985330625141,1.5601451297795144,1.5275275275275275,1.5243949289281598,1.7506607929515416
2000.0,20.0,0.800652579241765,0.505011565150347,0.5959125475285171,0.7206961627175509,0.8090614886731392,0.8403303509979353,0.8294984625172304,0.801177536231884,0.7762010946685587,0.7583701012198287,0.7547412407585985,0.7571208622016936,0.7703804347826086,0.7837415320479416,0.8042578356002366,0.8271523178807947,0.8498168498168498,0.8690379951495554,0.8952464788732394,0.909628217349857,0.9211366210233708,0.9820534733243804,1.0324858757062148,1.079550922213312,1.1248443891161302,1.1743498817966902,1.2277334483502265,1.2746891860192353,1.3440225756798359,1.4009460211463551,1.4598387578381606,1.5441696113074206,1.5540494747543205,1.6191329272662127,1.6313225927313602,1.6377708978328174,1.6404136833731107,1.6591001216051884,1.6842105263157894,1.6106418918918919,1.619724375538329,1.6193832599118942,1.6007114273010228,1.618348623853211,1.5618486633439057,1.5747232472324724,1.5409286740067019,1.5206929740134745,1.5858835143139192,1.5197969543147207,1.510108864696734,1.4790673025967143,1.4838709677419355,1.4550561797752808,1.4182336182336182,1.4415430267062315,1.3949880668257757,1.3682310469314078,1.4233167082294265,1.4260204081632653,1.3498074454428755,1.3558201058201058,1.371212121212121,1.36864406779661,1.3558460421205518,1.3258594917787743,1.2777232580961728,1.2513897467572577,1.246764705882353,1.370761115297664
9000.0,80.0,0.41901272657153876,0.42475822050290135,0.36750198435196735,0.364616796695732,0.36827150749802684,0.38193069306930694,0.40335448776065275,0.42844556324732536,0.4550646732739795,0.47908581285036655,0.5006722237160527,0.5170731707317073,0.5284615384615384,0.5354120267260579,0.5392057026476579,0.5392528735632184,0.5364569961489088,0.5321683309557774,0.5265563435776202,0.5196877710320902,0.5124880838894185,0.4920920201294033,0.47035928143712574,0.4488541084404695,0.4295612009237875,0.41326093169476996,0.4021892655367232,0.3954367666232073,0.3937901498929336,0.3981542518127884,0.40752427184466017,0.4216915422885572,0.44144144144144143,0.46320796789059016,0.49245042750591234,0.5247240618101545,0.5627508696815627,0.6054071451560992,0.646076146076146,0.7043035631652013,0.756860592755214,0.8063063063063063,0.868815592203898,0.9261213720316622,0.996039603960396,1.0518385246823345,1.0922702841054517,1.1458863443596268,1.1821176470588235,1.2477843426883308,1.302497883149873,1.3264297481760414,1.31466735165682,1.3155829596412556,1.3042962962962963,1.2702445220704985,1.2735440931780366,1.2540336422931686,1.2256540697674418,1.2128146453089246,1.205651491365777,1.184,1.156490275893261,1.143131604226705,1.130412633723892,1.1154261057173678,0.9500423370025403,0.8772096334084708,0.8494786156868671,0.7405462184873949
2000.0,0.0,0.7332112332112332,0.438883214164113,0.513136288998358,0.6292399782332668,0.7229085774797035,0.7698364627498486,0.7786116322701688,0.7706852621697734,0.764525442078672,0.7639981490050902,0.7762478485370051,0.7933287482806052,0.8202429149797571,0.8466200466200466,0.8783712321523004,0.9112426035502958,0.9431372549019608,0.9697841726618706,1.003125,1.0219224283305228,1.0381471389645776,1.1099241534024142,1.1688343558282208,1.2223452858922885,1.2717009916094584,1.3245967741935485,1.3794993604969852,1.4248224151539068,1.4938932933361904,1.5478662053056518,1.6028508232981076,1.6855791962174942,1.6888950124001103,1.7531186539019437,1.7612571773949834,1.7649439601494397,1.7664536741214059,1.7844603381014303,1.8104553119730185,1.7329276538201488,1.7422467263955892,1.741549295774648,1.722202486678508,1.7417582417582418,1.6819826338639652,1.6949963208241354,1.6610687022900763,1.640199462984273,1.7090051120723555,1.640145395799677,1.6306677658697444,1.5998315080033698,1.605731654363873,1.5769059295586267,1.5386353366470853,1.5646450399623884,1.5165406427221173,1.488804192472606,1.5481006413418845,1.551185073121533,1.471602434077079,1.479373368146214,1.495656894679696,1.4947134112409572,1.4822857142857142,1.4526748971193415,1.4163483575248281,1.3939105613701237,1.3908549601168407,1.5476724621424565
700.0,30.0,2.722704157941968,1.695729537366548,1.9871884463079432,2.3313953488372094,2.501812156984571,2.455111111111111,2.2713305898491085,2.0423465423465426,1.8364197530864197,1.6664520283322601,1.5603715170278638,1.4901433691756272,1.4452451030143103,1.432906271072151,1.421382103841905,1.418167372881356,1.4259442636865185,1.4211637021404884,1.4349968213604578,1.4346012679346012,1.4306939346268135,1.4634522661523626,1.4754440961337514,1.4957513416815742,1.5018814675446848,1.5149789551869275,1.5207956600361663,1.5302949061662199,1.5546241967029897,1.5741169658367111,1.5783204288266826,1.577100646352724,1.5842237586423633,1.5925088795608653,1.5970297029702971,1.5987923515598792,1.5602861035422344,1.5736407432897455,1.5803255484784147,1.54069355980184,1.5403659849300322,1.5198832542867566,1.5075229357798166,1.5150262960180316,1.4723356851095433,1.4639368895567242,1.4785796989579314,1.4576729802860455,1.4551534225019669,1.4060751398880895,1.3871359223300972,1.3583128583128583,1.3488274706867671,1.342869342442357,1.2875,1.322192513368984,1.2873100983020553,1.2552808988764046,1.274582560296846,1.2578051087984863,1.2461977186311788,1.2341463414634146,1.242286292362165,1.2264736297828336,1.2038115404976177,1.1926207270754206,1.1331967213114753,1.108695652173913,1.111984282907662,1.2758786711603274
1300.0,60.0,1.3290199809705043,0.8443045220377791,1.0076857386848848,1.2126489459211733,1.3627060830017055,1.4281716417910448,1.429365189609668,1.3919877324132643,1.33974519110667,1.2808219178082192,1.2332832456799399,1.190748898678414,1.1538071065989848,1.1310344827586207,1.1073264781491003,1.089679715302491,1.07890625,1.064102564102564,1.0593141797961074,1.0508916048887997,1.0408295528191833,1.0497109826589595,1.0582582582582583,1.0832467982000693,1.1100665883274579,1.1496358419774884,1.191891891891892,1.2434924078091105,1.31139694884834,1.379208891794704,1.4355351465913104,1.484166348721862,1.5380566801619433,1.5888172043010753,1.6309362279511532,1.6632173095014111,1.6475170399221033,1.6828171828171827,1.7088541666666666,1.6771819137749737,1.6894510226049515,1.676227247655819,1.6700167504187604,1.6879677605066206,1.641186537364518,1.6380510440835268,1.6634673065386922,1.6431585292344786,1.645101663585952,1.596469104665826,1.579858883899936,1.5512067840834964,1.5432016075016746,1.5383561643835617,1.4747054747054746,1.5179597701149425,1.476568132660418,1.439042089985486,1.461769115442279,1.442572741194487,1.4284615384615384,1.4150197628458498,1.4252873563218391,1.4087468460891506,1.3810344827586207,1.3705673758865249,1.2863165090577646,1.2390966831333803,1.2281901584653878,1.358686616791355
17500.0,50.0,0.23182102628285356,0.609820788530466,0.6517266715650257,0.675814447592068,0.686344238975818,0.696114146933819,0.7033132530120482,0.7066059225512529,0.7051835853131749,0.6998112020138452,0.6929036929761043,0.6838550247116969,0.6740947075208914,0.6642760627793368,0.6544381437333642,0.6443332049801053,0.6340286646800056,0.6231022069181406,0.6116856256463289,0.5996208530805687,0.586875,0.5520231213872833,0.5145118733509235,0.4758961681087763,0.43956945156330085,0.4067979669631512,0.37946498819826907,0.3580896686159844,0.3424077434966727,0.3325297574205213,0.32806324110671936,0.3282208588957055,0.33274021352313166,0.3415700934579439,0.3540821142048136,0.3704653937947494,0.3906344410876133,0.41462715105162523,0.44244996967859307,0.4756060141147591,0.5125072716695753,0.5538724651844613,0.5992051360440233,0.6468797564687976,0.6979990693345742,0.7478849407783418,0.7944557133198107,0.8376880443388757,0.87419945105215,0.9227586206896552,0.9384698421265686,0.9297215951843492,0.9078303425774877,0.8817930079612323,0.8556496666065958,0.8299793116419033,0.8087695576588758,0.7896927651139742,0.7707437000614629,0.7543157894736842,0.7408123791102514,0.7159244264507423,0.6944640753828033,0.6778704612365064,0.6659856996935649,0.655959649588532,0.6273873873873874,0.6138248847926268,0.6042345276872965,0.5744346733668342
900.0,80.0,1.7442455242966752,1.2503113325031132,1.4393149664929263,1.5952346360598577,1.640378548895899,1.5929267412486467,1.496538081107814,1.3822590938098276,1.2740916271721958,1.174077578051088,1.0941619585687383,1.026790248857288,0.972926267281106,0.9342571704801804,0.9006800286327845,0.8749260209114224,0.8564944888696779,0.8377099597823515,0.8282776349614396,0.8161047645583728,0.8047676523838262,0.8037859483072443,0.8062418725617685,0.8249106687085248,0.845926800472255,0.8795918367346939,0.9164086687306502,0.960801393728223,1.0215686274509803,1.0820423303512983,1.1342925659472423,1.1821536839330433,1.2362137578169414,1.2909621887488472,1.3391390075583305,1.3813824244529351,1.37999634969885,1.4253703000379796,1.4652707871954902,1.4466338259441707,1.4700255102040816,1.4694866710729235,1.4719101123595506,1.4989468757313362,1.4592833876221498,1.4628571428571429,1.4945382323733862,1.4787287287287287,1.4868759650025734,1.4465942221044261,1.4358904852263485,1.4131338320864506,1.4118488838008014,1.4120070629782224,1.353450851508814,1.4005610972568578,1.3629234629861982,1.3287931580614507,1.3540638367884172,1.337719298245614,1.3256288239292997,1.3145869947275923,1.326478149100257,1.3105402342274273,1.285603112840467,1.2749899638699318,1.2047493403693932,1.165125495376486,1.160503540519276,1.309098132697656
384399.0,50.0,1.0,1.0,1.0,1.0,1.0,1.0,1.0,1.0,1.0,1.0,1.0,1.0,1.0,1.0,1.0,1.0,1.0,1.0,1.0,1.0,1.0,1.0,1.0,1.0,1.0,1.0,1.0,1.0,1.0,1.0,1.0,1.0,1.0,1.0,1.0,1.0,1.0,1.0,1.0,1.0,1.0,1.0,1.0,1.0,1.0,1.0,1.0,1.0,1.0,1.0,1.0,1.0,1.0,1.0,1.0,1.0,1.0,1.0,1.0,1.0,1.0,1.0,1.0,1.0,1.0,1.0,1.0,1.0,1.0,1.0
1500.0,10.0,1.189807976366322,0.6570890249646726,0.7472569050321605,0.9129692832764505,1.0580976863753213,1.1393791844187462,1.1626095423563778,1.152251608291637,1.138370951913641,1.1314045373438695,1.1433115953554955,1.1652340019102196,1.2026905829596413,1.2406979727995895,1.284972598788578,1.3288676236044656,1.3686587908269632,1.40075329566855,1.4370221327967807,1.4561778537836683,1.4694431869624265,1.5391705069124424,1.591709256104486,1.6368715083798884,1.677762982689747,1.7214285714285715,1.7636363636363637,1.7916999201915402,1.8429054054054055,1.874113475177305,1.904981549815498,1.9672131147540983,1.9473684210526316,1.9944455873277103,1.9883659439450025,1.981651376146789,1.9766930518909411,1.989761851769419,2.0133073305036135,1.935039596005968,1.9431169133931694,1.9416093045335865,1.922341696535245,1.940426575140966,1.8815119941846377,1.893418467583497,1.8556962025316455,1.8342218837268343,1.9013081207097526,1.8292360560401797,1.8167181000939219,1.78298800436205,1.7863128491620113,1.7548865744043374,1.7151916978956472,1.7382230172927848,1.686602870813397,1.6558881034742066,1.7180958288106682,1.7201581027667985,1.633592633751389,1.6357421875,1.6499241530423057,1.6453057708871663,1.626873567272086,1.5904486251808974,1.5141552511415526,1.4653685674547983,1.4513303049967554,1.6074766355140186
7000.0,50.0,0.5967656415694592,0.39965629177009737,0.3252890173410405,0.3050930460333007,0.3012832098319176,0.31388455538221527,0.34098277608915906,0.3748273215656178,0.41284201235657547,0.44804318488529016,0.481094919259551,0.5007363770250368,0.5236374585968082,0.5320970042796006,0.5368289637952559,0.540514775977121,0.5389428263214671,0.5378048780487805,0.5331525423728813,0.5248498498498498,0.5183554817275747,0.501626954970085,0.48195774832699123,0.46496088657105605,0.44795204795204796,0.4402267685481883,0.43785735780920854,0.4393718042366691,0.45037828215398307,0.4674543501611171,0.48959537572254336,0.5148690292758089,0.5454132606721163,0.5901462994836488,0.6208895048506993,0.6673472364007583,0.7041568890378813,0.7354507417268924,0.821570357300397,0.8383102694828842,0.8675027262813523,0.9398656898656899,0.972630173564753,1.029721595184349,1.0282352941176471,1.0742170742170742,1.1595744680851063,1.179158110882957,1.2463359639233371,1.2985842985842986,1.3591954022988506,1.3835725677830941,1.4259094942324757,1.4815175097276265,1.4390799834231247,1.5314390049069952,1.5358118541394465,1.488833746898263,1.5196998123827392,1.5960912052117264,1.595729120959485,1.5620229007633588,1.627198328399791,1.6541620007465472,1.6511208967173738,1.6477150826003004,1.661819537658464,1.628808864265928,1.6352941176470588,1.551797684338818
1800.0,20.0,0.8763092269326683,0.5377871825876662,0.6308104886769964,0.765661252900232,0.8660194174757282,0.9068496207050424,0.9007474361202851,0.87375,0.8481055480378891,0.8305010893246187,0.8272874932322686,0.8322496749024707,0.8492731446059678,0.8669014084507042,0.8914257228315055,0.9186629526462395,0.945195379700172,0.9674500270124257,0.9961927075706546,1.0123164377072478,1.0253014094073696,1.0891897272546287,1.1412944393801276,1.1883166794773252,1.2331737538721488,1.2813852813852813,1.3321033210332103,1.3745480838756328,1.4385277995301489,1.488645920941968,1.539803220035778,1.6165951359084407,1.618072890664004,1.6769795490298898,1.683206106870229,1.686307519640853,1.687571921749137,1.7029239766081872,1.7272727272727273,1.6533090467516698,1.6623376623376624,1.6614024005053696,1.6426751592356688,1.659672131147541,1.6040181464679197,1.6155365371955235,1.5807770961145193,1.560958904109589,1.6248246844319776,1.5578720345075485,1.5472527472527473,1.5145631067961165,1.5188316679477325,1.4885736800630418,1.4517158818834797,1.4734660033167495,1.4271440466278102,1.4005037783375316,1.4548611111111112,1.4569653948535937,1.3800178412132025,1.3856749311294765,1.3988549618320612,1.3962818003913895,1.3815261044176708,1.3509605453418716,1.2952074103906566,1.2641730962764173,1.2575516693163753,1.3875813720580872
1600.0,90.0,0.9888785912882299,0.6190600522193211,0.7344155844155844,0.8866562897976511,0.9978506179473401,1.0468890892696123,1.0486634681288554,1.0270009643201543,1.000127893592531,0.9703931402685649,0.9546714172604909,0.9422941590429276,0.9333697433096668,0.9364485981308411,0.9357894736842105,0.9383294301327089,0.9454232917920069,0.944811320754717,0.9559651817716334,0.9584947426674045,0.9594029850746268,0.9936305732484076,1.019753086419753,1.0574387947269304,1.088858437862338,1.1297844776822519,1.1694166558399377,1.2165197611600795,1.2803680024949322,1.3420874279905117,1.3903149462952848,1.4312573443008225,1.4770376499793132,1.5197109067017083,1.5531085111264051,1.5777460770328102,1.5539480137322217,1.5819959879638916,1.6026645768025078,1.565720294426919,1.5741935483870968,1.5580947136563876,1.5492761692650334,1.5655172413793104,1.518623827125391,1.514608041654614,1.5394302848575712,1.5195901145268234,1.5230009262117938,1.4773519163763067,1.4620600581207621,1.4367588932806323,1.4305084745762713,1.4280250347705146,1.3672535211267605,1.4090742773508964,1.3713235294117647,1.3364208966283808,1.3590333716915994,1.3419607843137256,1.3292586750788644,1.3183110028420626,1.3299535276721588,1.315424610051993,1.2928348909657321,1.2846012832263978,1.2259414225941423,1.1946107784431137,1.1884444444444444,1.3195412637733304
1600.0,80.0,0.9891205802357208,0.6206808292807781,0.7366412213740458,0.8881660899653979,0.9992128050380478,1.047912087912088,1.0493662441627751,1.0262417994376758,0.9996273291925466,0.9693781407035176,0.9531400038409833,0.9401592718998862,0.930614406779661,0.9332326283987915,0.9316093909493025,0.9341158652025748,0.940808670279283,0.9395881006864989,0.9507952286282306,0.9532509403546481,0.9536231884057971,0.987611837577426,1.0128102481985588,1.0504587155963303,1.0829990743597655,1.124223602484472,1.1643592023371014,1.211851439699541,1.2762253779202932,1.3385356134816537,1.3873616565512317,1.4290930053804765,1.4751269035532995,1.5188212518821251,1.5527502254283139,1.577570093457944,1.5544840887174542,1.582983970406905,1.6036475725661443,1.5673648823377295,1.5756213643574828,1.5598591549295775,1.5510818953711312,1.5669869983041267,1.5202797202797202,1.5166524338172502,1.5417527294187077,1.5216488730723605,1.5249088699878492,1.4792770333437208,1.4637865311308766,1.4387556707712248,1.432621747831888,1.429548563611491,1.3688950467613439,1.4110871130309575,1.372875226039783,1.3378279883381925,1.3606186344775557,1.34375,1.3312645461598138,1.319888178913738,1.3320864505403158,1.3170004260758414,1.2950963222416814,1.2861649391617846,1.2275132275132274,1.1957321559970566,1.1896853146853146,1.3206545776205219
12500.0,10.0,0.21197282762524766,0.6108490566037735,0.7940828402366864,0.8008157715839564,0.7397745571658615,0.6770657672849916,0.6248029427220179,0.5846446700507614,0.555880149812734,0.53515625,0.5211519364448858,0.5109988776655443,0.5035184719778839,0.4979757085020243,0.49321615787850753,0.48915254237288136,0.48533234311177126,0.4815415821501014,0.4776647501105705,0.4736335179388394,0.46935568360398117,0.4577691811734365,0.44475247524752476,0.4318093385214008,0.41935483870967744,0.40791208791208794,0.3990116801437556,0.3921892189218922,0.38836520333961755,0.38767100708752267,0.38979632990522284,0.3946719289590528,0.4024132730015083,0.41276281814828475,0.4263086642599278,0.44260485651214126,0.4620107962213225,0.48514851485148514,0.5116911912920782,0.5424354243542435,0.5771479982006298,0.6167183792662895,0.6617125110913931,0.7132095776163573,0.7691807542262679,0.8288958496476115,0.8949343339587242,0.964245810055866,1.0370125578321217,1.1835443037974684,1.324898543805204,1.4401696455619508,1.5217712177121772,1.5672703751617076,1.5596419066053715,1.5128947368421053,1.4548504333240146,1.3817597193802982,1.3047158403869408,1.2264678471575023,1.1506196377502382,1.0228250082699306,0.9172958133150309,0.8294243070362474,0.7624126517101876,0.712386018237082,0.6224086870681145,0.592483056069008,0.5771041369472183,0.5264926848556742
1800.0,30.0,0.8557976863061609,0.5348011363636364,0.6302222222222222,0.757994472956968,0.8473926380368099,0.8768926925608953,0.8642228138439484,0.8334314302530901,0.8045382165605095,0.7785750896975909,0.7726114649681529,0.7744648318042814,0.7798561151079136,0.8007242628039317,0.8156444235956374,0.8340107512783532,0.856687898089172,0.8683665338645419,0.89354336160637,0.9070332959221848,0.9173387096774194,0.9774239543726235,1.0205086136177195,1.0704573547589618,1.1084953940634596,1.1534988713318284,1.1936013125512714,1.240337627721013,1.305757135945815,1.3671018276762401,1.4140625,1.4536760310818888,1.4962311557788945,1.5357615894039736,1.5638371290545203,1.5829181494661921,1.552227903579255,1.5739776951672861,1.5882806476484195,1.5467904098994587,1.549251379038613,1.5297906602254427,1.5174654752233956,1.5305439330543933,1.4822167080231596,1.4756302521008404,1.4991289198606272,1.478565179352581,1.4811827956989247,1.4351425942962281,1.4193245778611632,1.3942583732057416,1.3862068965517242,1.3829357056207037,1.323363720167981,1.3639267461669506,1.326486949080017,1.2917834806987276,1.313909354766689,1.2968036529680365,1.284435261707989,1.2740810778867746,1.2853628536285362,1.2716033808502587,1.249254698639015,1.2405603735823882,1.1841875109323072,1.154557463672391,1.1487408184679957,1.265635507733692
7000.0,40.0,0.591167192429022,0.389727626459144,0.3113618368962787,0.2859577922077922,0.27490160460187707,0.2785581765173602,0.2970227670753065,0.3243572395128552,0.3585898709036743,0.39368450082735795,0.42928544983339506,0.45313601127554615,0.4818075117370892,0.4952448045086298,0.5049916805324459,0.5146705146705147,0.5173245614035088,0.5208619612742036,0.5205718270571827,0.515891472868217,0.5133390705679862,0.5069436850738108,0.4965025373748457,0.4885587431693989,0.478761247122829,0.48007246376811596,0.4857864813644978,0.49426166794185156,0.5128085700978109,0.5373460246360582,0.564983388704319,0.5954869358669834,0.6292705447830101,0.6800303391483368,0.7105956112852665,0.7575150300601202,0.7913085779147073,0.8167814425516492,0.9064643525254625,0.9120359955005625,0.9341152982281008,1.0030386740331492,1.0280597014925372,1.0817757009345794,1.0691196698762035,1.1106128550074739,1.195971464540495,1.209384683488269,1.2747093023255813,1.3217821782178218,1.3785932721712537,1.4004065040650406,1.442351168048229,1.4983471074380166,1.454625550660793,1.5510204081632653,1.5538694992412747,1.506979695431472,1.5395173281482328,1.618874773139746,1.6202025253156644,1.5861130020422056,1.6544721517097207,1.6845648341080302,1.6820998278829604,1.6798448180306669,1.7062073448163797,1.68259385665529,1.6992824527071102,1.6633719288336628
384399.0,40.0,1.0,1.0,1.0,1.0,1.0,1.0,1.0,1.0,1.0,1.0,1.0,1.0,1.0,1.0,1.0,1.0,1.0,1.0,1.0,1.0,1.0,1.0,1.0,1.0,1.0,1.0,1.0,1.0,1.0,1.0,1.0,1.0,1.0,1.0,1.0,1.0,1.0,1.0,1.0,1.0,1.0,1.0,1.0,1.0,1.0,1.0,1.0,1.0,1.0,1.0,1.0,1.0,1.0,1.0,1.0,1.0,1.0,1.0,1.0,1.0,1.0,1.0,1.0,1.0,1.0,1.0,1.0,1.0,1.0,1.0
900.0,90.0,1.7524314765694076,1.2522639068564037,1.4474708171206225,1.6111789859499084,1.6614556637621734,1.6174445294567712,1.5212821860220704,1.406653088934148,1.2977291841883936,1.1964951153187633,1.1172584640792733,1.0497364508717395,0.9957094698130555,0.957162440027416,0.9237207532813392,0.8977582233396187,0.8795871559633027,0.8605117912694431,0.8513071895424836,0.8387382075471698,0.8271132376395535,0.8262370540851554,0.8283242258652095,0.8456196581196581,0.8652307692307692,0.8974540311173974,0.9318910256410257,0.9748201438848921,1.0335082761404926,1.0917441469698668,1.1409453652547574,1.1861279461279461,1.2373569047964064,1.2895807259073842,1.3353373413493654,1.3751101709853693,1.3715766099185789,1.4153520584840322,1.4541190864600326,1.434150394682177,1.4566573456657346,1.4554168524297815,1.4573766765173903,1.4840161022969454,1.4441044951753355,1.4476029872319922,1.4796380090497738,1.4636432733721814,1.4719833203023196,1.432062298603652,1.421544380324265,1.3996627318718382,1.3984896892245136,1.3991634299372573,1.341122913505311,1.388466413181242,1.350765306122449,1.3169082125603864,1.3428188818212252,1.3265796703296704,1.3140781736423384,1.30386542591267,1.3162425149700598,1.299961494031575,1.2753968253968253,1.264946764946765,1.1969778737182946,1.156081081081081,1.152296535052377,1.3004885993485342
17500.0,40.0,0.2291346646185356,0.6157354618015963,0.6593810444874275,0.6827030033370411,0.6923790098275542,0.701467803030303,0.7071742313323572,0.7087310003534818,0.7055625261396905,0.6987834549878346,0.6903297931805478,0.6797966963151207,0.6695060844667143,0.6588470776621297,0.6484848484848484,0.6385756676557863,0.628090133450011,0.6172601086300543,0.6060646362548211,0.5940289770232694,0.5815899581589958,0.5472657044114657,0.510355407824086,0.47232,0.43637814120462703,0.40406342913776017,0.3768285187461586,0.3555301296720061,0.3397156398104265,0.3298652163632064,0.3249038745933156,0.32479584261321454,0.32905184493227463,0.33736004714201534,0.3492737430167598,0.364969354078265,0.38439928272564255,0.4076573161485974,0.4347784200385356,0.4667644183773216,0.5028651076351247,0.5431591309453905,0.58780127889818,0.6350230414746544,0.6858223062381853,0.7356057116536159,0.7827050997782705,0.827023498694517,0.8637395912187736,0.9131351869606903,0.9289110255829749,0.9189975952411087,0.8956533662416015,0.8680999418942476,0.8405380894800484,0.8141690229343387,0.7917741935483871,0.7717876633041177,0.7527668993699983,0.736254145575144,0.7221727515583259,0.6972118959107807,0.675911559348332,0.6594115276098348,0.6476868327402135,0.6382193268186753,0.6138671308384102,0.6025027603974973,0.5946528676153514,0.56631135349529
1300.0,70.0,1.2889917912018523,0.8242651657285803,0.9726574500768049,1.1549204287106203,1.2798573975044563,1.3253358925143954,1.312165587158547,1.2667946257197698,1.2112955164726282,1.1526202880784555,1.1070640176600441,1.0670391061452513,1.033596837944664,1.0139664804469273,0.995,0.9813148788927336,0.9741444866920153,0.9616985845129059,0.9619909502262444,0.9563173359451518,0.9497567167336577,0.9661145530408396,0.9817154749516872,1.012752024814751,1.0450980392156863,1.0890913130415463,1.134973900074571,1.1889807162534436,1.2598473282442748,1.3292029470864033,1.3875771885216128,1.4377952755905512,1.4937133277451802,1.5473637176050046,1.5906735751295338,1.6265356265356266,1.6129525752167262,1.6512847404299948,1.6807460230389468,1.6511369938990572,1.6655290102389078,1.6542056074766356,1.649112426035503,1.6687041564792175,1.623030303030303,1.6212214682294879,1.647923322683706,1.6291773778920309,1.6318211702827088,1.5849056603773586,1.5689773507206588,1.5415793151642208,1.5352011494252873,1.532008830022075,1.4676098287416233,1.5123647604327666,1.4720496894409938,1.4347146207974981,1.4575586095392077,1.4396694214876034,1.426079734219269,1.412820512820513,1.4236234458259325,1.407103825136612,1.3813084112149532,1.3688760806916427,1.2887620937732573,1.2416499923041404,1.2308392499544876,1.3608715388107127
700.0,20.0,14.42736737729301,7.259847266881029,7.23573539440782,7.67200754005655,7.55340622371741,6.756617836031868,5.690492713393477,4.698589140658401,3.9439066765946884,3.3913764510779436,3.0457005411906195,2.800829875518672,2.626936026936027,2.52260778128286,2.4292984369320245,2.3581865867366054,2.310649750096117,2.253760886777514,2.2284674484431863,2.1863917525773195,2.1452631578947368,2.1187335092348283,2.079379562043796,2.0636492220650635,2.0346820809248554,2.021782178217822,2.0,1.9845758354755785,1.988427143608627,1.9860739153722549,1.9695982627578719,1.9501661129568106,1.9429530201342282,1.9407744874715263,1.93757225433526,1.9328271028037383,1.8865918487891318,1.8982748364069006,1.9060975609756097,1.8611449451887943,1.8618988902589395,1.8397997496871088,1.8258956631049654,1.836223506743738,1.7874365482233503,1.7794871794871794,1.7969776609724046,1.7744904667981591,1.7716955941255006,1.7185385656292287,1.6974043715846994,1.6673567977915804,1.6591549295774648,1.6551971326164874,1.5950831525668836,1.6388059701492537,1.6005983545250562,1.5665914221218962,1.5902401239349342,1.5730071033938438,1.5614591593973037,1.5491470349309504,1.5591939546599496,1.541559554413025,1.5157618213660244,1.5031333930170099,1.4260736531526608,1.3800259403372244,1.373412994772218,1.5575129533678755
600.0,0.0,348.59658778205835,142.38227146814404,84.26455301455302,55.39617486338798,38.10440735986307,27.086007702182282,20.2623732856291,16.168129642133692,13.764573147799926,12.335526315789474,11.46177916852928,10.888995675156176,10.658097686375323,10.376021798365121,10.12672811059908,10.339506172839506,10.304601425793908,10.230978260869565,10.489560835133188,10.593607305936072,10.684713375796177,11.23784261715296,11.813725490196079,12.330666666666666,12.940630797773654,13.610586011342155,14.445658110322228,15.30581947743468,15.939037942530561,16.85992816829143,18.202436738519214,18.6145648312611,19.624155405405407,21.04518484710178,21.520115634786798,22.643149284253578,23.182548179871517,24.383838383838384,26.183441058787317,25.79421821572894,26.916638767994645,28.25491573033708,29.482694454782287,30.717684377478193,30.4247717348154,31.213872832369937,33.52043107319264,33.11011235955056,33.67837338262476,36.45661157024794,38.235942668136715,40.86374695863748,43.901947615849565,47.696296296296296,54.6991150442478,59.333333333333336,78.28718609143593,81.28201578291568,150.5,123.07527801539777,1014.4436519258203,25521.821631878556,25914.45427728614,26220.071319409068,26191.23085050185,26090.759978130125,26474.7191011236,26643.71772805508,26736.11111111111,35190.695158236405
9000.0,90.0,0.41915227629513346,0.4245766049625837,0.36694386694386694,0.3636576239476146,0.3671629778672032,0.3808591282375237,0.4021296296296296,0.42750546764441016,0.4542174884040543,0.4782704610633135,0.5001376273052573,0.5169886742171885,0.5283687943262412,0.535371976266545,0.5391440501043842,0.5397760754272245,0.5369078947368421,0.5329188002926115,0.527140549273021,0.5206405693950178,0.5132942326490714,0.4928159155102542,0.47108452216597635,0.44987588313920185,0.43066729768102224,0.41451990632318503,0.40325497287522605,0.3967512238540276,0.39533991228070176,0.3996626180836707,0.4091887417218543,0.42359767891682787,0.4435313161499191,0.46519756838905774,0.4947016174010039,0.5271702367531004,0.5654192843485386,0.6082101806239737,0.6489698890649762,0.7072135785007072,0.7596422582448296,0.8094302554027505,0.8711890243902439,0.9276139410187667,0.9980910278308048,1.053496064788411,1.0935634570464574,1.1466628473216844,1.182525814138205,1.2475247524752475,1.301733361866039,1.3250118877793629,1.313521930962886,1.3145526613816534,1.3035019455252919,1.2698973042362003,1.273032952252858,1.2535553243149498,1.2254865956665442,1.212798766383963,1.2059523809523809,1.184759472115794,1.1578947368421053,1.1438289601554907,1.1314432989690721,1.1168122270742358,0.951931330472103,0.8797590361445784,0.8520510062989707,0.7433155080213903
700.0,0.0,107.45084511900656,42.4331550802139,24.31654676258993,14.93859649122807,9.493594270150307,6.24066852367688,4.355266329235961,3.2640225901681426,2.639040348964013,2.26894374282434,2.043043346468627,1.8720453829183736,1.7930920509006776,1.70776882181444,1.6370766488413546,1.6135399372809445,1.578767123287671,1.5542574257425743,1.544770044770045,1.5152655792555416,1.5040965933592065,1.5191068139963169,1.5254154447702837,1.5469598965071152,1.5528301886792453,1.5793808577108777,1.6111933668936929,1.6257291986490636,1.654241645244216,1.6844563042028018,1.7059025394646536,1.717391304347826,1.727603787327021,1.7704177643959353,1.759087393658159,1.7779092702169625,1.7713365539452495,1.749693752552062,1.8330501274426507,1.7861394557823131,1.7649869678540402,1.8102449888641425,1.7983798379837985,1.816953889147648,1.7715992647058825,1.7767898923724847,1.8214980544747081,1.8013665202537823,1.8244122061030514,1.806153846153846,1.8064853556485356,1.7820512820512824,1.7939058171745152,1.8240687679083096,1.7812865497076025,1.8672019765287213,1.8669581511555278,1.8274111675126905,1.8685790527018014,1.9440993788819874,1.9440950384346611,1.920263350402341,1.9845440494590418,2.0015987210231816,1.990909090909091,1.9761092150170647,2.1453984819734346,2.3133626097867004,2.445548337791364,3.0886974151039026
2000.0,10.0,0.7584185207456404,0.46460791117279665,0.5462447257383967,0.6675988068605518,0.7605633802816901,0.8009858287122612,0.801329534662868,0.783842204809511,0.7688824488317334,0.7607688744789254,0.7656831853337153,0.7762165867032214,0.7973408541498791,0.8183503243744208,0.8455070940620073,0.8741916519694297,0.9019480519480519,0.9256080114449213,0.9564541213063764,0.9747687132043734,0.9891205802357208,1.0579229122055676,1.1142504626773597,1.1658291457286432,1.2142526608051827,1.2661331517112209,1.3210770659238626,1.367732850533092,1.4375547765118317,1.493610979649787,1.550834597875569,1.634959349593496,1.6416761687571266,1.706855081178593,1.7162119786767012,1.721216041397154,1.7236798405845235,1.7417173766058147,1.7673684210526315,1.6911712979247273,1.7002509860164934,1.6991572004397215,1.680473372781065,1.6984369043080443,1.64030131826742,1.6532567049808429,1.6185935637663886,1.5978434504792332,1.664756446991404,1.5971404541631624,1.5871244635193134,1.5558965366067514,1.560777225485766,1.5317865429234339,1.4943555973659455,1.5181017612524461,1.4707329070339399,1.4432325235498265,1.5012840267077556,1.5047268907563025,1.4255543822597676,1.4328439369222403,1.4485294117647058,1.4477958236658932,1.434782608695652,1.4058859595340283,1.3669064748201438,1.345,1.3406697432256538,1.488822652757079
700.0,60.0,1.8262060569167555,1.3552123552123552,1.5936009844639287,1.7558343057176196,1.780556866446437,1.7127222982216141,1.598714416896235,1.469592622855142,1.3463735008566533,1.237239274207224,1.1435331230283912,1.0637243863994597,1.0010167768174885,0.9466666666666667,0.9003458032065388,0.8650051921079959,0.8335229427379598,0.8059701492537313,0.7842960288808665,0.761391474767271,0.7422954303931987,0.7101355713363461,0.6851708074534162,0.6708603145235893,0.6631120783460283,0.6672609193938622,0.6849173553719008,0.7072094995759118,0.7389191290824261,0.7810154525386314,0.8280823616968495,0.8686111111111111,0.916156670746634,0.974764468371467,1.003654970760234,1.0506279434850863,1.0739657333890513,1.0889084507042253,1.1576724542468324,1.1479690522243713,1.1430010070493455,1.1821036106750393,1.1806002143622722,1.1886160714285714,1.1666666666666667,1.1676168757126568,1.1889810426540284,1.1750298685782556,1.1844362745098038,1.159119496855346,1.1474358974358974,1.1174934725848564,1.1020134228187919,1.1024759284731775,1.0571030640668524,1.0817655571635312,1.069767441860465,1.0307692307692307,1.0311313591495823,1.0590520590520591,1.0476935105551213,1.0096774193548388,1.022689075630252,1.0181190681622088,1.0008873114463177,0.9844606946983546,0.9505730659025788,0.937368894216362,0.9512282589205665,1.0917050691244239
2000.0,50.0,0.859860664523044,0.5378190255220417,0.6392870980240217,0.7674714104193139,0.8561034761519806,0.8896787423103213,0.8851564140247743,0.8639212175470009,0.8431372549019608,0.8220858895705522,0.8166877370417194,0.8134441087613293,0.8141969831410826,0.8257236037505096,0.8319085027726433,0.8412205844323766,0.854527249320555,0.8592861655085281,0.8757314974182444,0.8823749066467513,0.8866208569118836,0.9305019305019305,0.9611267605633803,1.0012924071082392,1.0329590727997102,1.0741791649777057,1.1143497757847534,1.1625615763546797,1.2298913043478261,1.2966706302021402,1.3511254019292605,1.3986062717770036,1.450037009622502,1.4976377952755906,1.532671629445823,1.55793991416309,1.5314437555358724,1.5574660633484163,1.5764150943396227,1.5360531309297913,1.5421920465567411,1.5238568588469186,1.5126556850140618,1.5285565939771548,1.4791623896530486,1.475787051563644,1.501739886907351,1.4810763509078977,1.4861828802516288,1.4409621834162136,1.426374926079243,1.40159767610748,1.39625,1.3934953078801902,1.3333333333333333,1.3759347382732834,1.337708504238447,1.3028003862601738,1.326226928029761,1.3096982127160857,1.2974646226415094,1.287365060057777,1.300729232720355,1.2873188995604754,1.2661195779601406,1.2588052486187846,1.2084191260581103,1.1817918237170195,1.177939646201873,1.297565374211001
1300.0,30.0,1.2223377974255623,0.7371945095413458,0.8598993288590604,1.0352564102564104,1.1658591129332836,1.2177314211212515,1.2083719971131044,1.1692954784437435,1.1282314320886335,1.0908607863974495,1.0790082644628098,1.078446909667195,1.084493964716806,1.110462028677642,1.1297071129707112,1.152418820410868,1.1806966618287373,1.1938291139240507,1.2240204429301533,1.2379216043755696,1.2480544747081712,1.3139912624621934,1.3563595109038196,1.4064462118041021,1.4401270033262776,1.4814996725605762,1.5154277699859748,1.5537945179936603,1.6106353316072495,1.6614605318699873,1.6946598714823842,1.7192532088681447,1.7494558645707377,1.7781973816717018,1.798284377436964,1.810537519957424,1.771591526344378,1.792068300743597,1.8051763367463025,1.7586108738969541,1.7615050651230102,1.7390150398112652,1.7252747252747254,1.738255033557047,1.68625678119349,1.6790953545232274,1.7016713970356354,1.6783681214421253,1.679367129480142,1.626772172766238,1.6072982926012722,1.5774072813882274,1.568935427574171,1.5633250089190154,1.4976559682654165,1.5405304445274561,1.4992503748125936,1.461509433962264,1.4838332684067004,1.4640159045725647,1.4502596883739514,1.436192039392696,1.4463373083475297,1.4278867102396515,1.4006252791424743,1.3885321100917432,1.2998826291079812,1.2492753623188406,1.235897435897436,1.3597793805685192
1500.0,40.0,1.016865776528461,0.6293664890467733,0.743859649122807,0.895115103874228,1.0035281146637265,1.045663852647736,1.0393462469733656,1.0096830985915493,0.9801515698303861,0.9522844222672696,0.945903872348706,0.9462114125350796,0.951031636863824,0.9718799368088468,0.9857193859335951,1.0027833001988071,1.0240384615384615,1.0330301579703207,1.0558428128231645,1.066111111111111,1.0726622989874925,1.126038781163435,1.1614173228346456,1.205105633802817,1.2358036573628488,1.2756551941900853,1.3099840800545828,1.3497681230168417,1.4062088923967377,1.4595050618672667,1.4968010712691564,1.5255762551310388,1.5591769547325103,1.5909012579700155,1.6131856351616938,1.6271559633027524,1.5934272300469483,1.6131985504482167,1.626258637709773,1.5839762611275965,1.5865888038662908,1.5663789560213728,1.5542892664732697,1.566403751865274,1.518432694333263,1.5122994652406416,1.5341738553417386,1.5130994671403197,1.5145322434150772,1.466651173599814,1.4495152518325845,1.4225860823501084,1.4146462147451757,1.410184950595389,1.3493975903614457,1.3891992551210428,1.35086782376502,1.3160301237224314,1.3370411568409344,1.3193181818181818,1.3066818960593947,1.2945668135095447,1.3053435114503817,1.290362953692115,1.2672663026019917,1.2577660277594185,1.194241512677267,1.160752688172043,1.1545338441890165,1.283470940586045
1800.0,70.0,0.9003115264797508,0.5682051282051283,0.6756363636363636,0.8145224940805051,0.9148363962348722,0.9577605598600349,0.958649468892261,0.9386666666666666,0.9150743099787686,0.889336917562724,0.8772797187431334,0.8677103718199609,0.8614283538906654,0.8662253962724265,0.8670338316286389,0.8711589113257243,0.8793312333414103,0.8802027748132337,0.8919546906767354,0.8957808564231738,0.8974795640326976,0.9328995526636844,0.9591060389919163,0.9961706783369803,1.0277093596059113,1.06984785615491,1.11128165771297,1.160472972972973,1.2264678471575023,1.2926903863798553,1.3460478447800683,1.392601431980907,1.4430508045103256,1.490365179894893,1.5269121813031161,1.55532666274279,1.532846715328467,1.5615755877315896,1.582562104237701,1.5458558116723884,1.5537715337012878,1.5379735984913423,1.5288711635165597,1.545324256538875,1.4978730946472882,1.494134632737773,1.5196702884975646,1.5001883948756594,1.5040571870170016,1.4587137753076618,1.4439716312056738,1.4190811258278146,1.4136974610625133,1.411171960569551,1.3503552397868561,1.392931392931393,1.354771302530764,1.3197565543071161,1.3429541595925296,1.3259737037955843,1.3139505864736711,1.303162766778092,1.3157471880021425,1.3016483516483517,1.2795820389720418,1.2717486179807973,1.2175908221797322,1.188252286952335,1.183017785427424,1.3084496693607641
12500.0,50.0,0.2127579737335835,0.6323809523809524,0.7290770757525636,0.7373481781376519,0.717136958017894,0.6967285587975243,0.6777899343544858,0.6609498680738787,0.6447819314641745,0.629746835443038,0.6165491497304023,0.6044214487300094,0.5933121860956913,0.5833333333333334,0.5739073498117532,0.5647612156295224,0.5557991231566362,0.5467484125246332,0.5373349339735894,0.5274783066000526,0.5172612197928653,0.49030868628858576,0.4614011601963409,0.4323561946902655,0.40485304169514696,0.38035413153457,0.3596718928460181,0.3435143769968051,0.33170731707317075,0.32421950746558076,0.32105263157894737,0.32141802067946823,0.3255661066471877,0.33276095797559874,0.34314493564633464,0.35693481276005545,0.37386070507308683,0.3943301715869125,0.41769139230464103,0.4458265139116203,0.4775212636695018,0.5136284071017755,0.5544615384615385,0.5977358490566038,0.6477324782409528,0.6983951300498064,0.749667994687915,0.8029827315541601,0.8536338546458142,0.9437862669245648,1.0102347983142685,1.0490196078431373,1.0628559804719284,1.0540965207631874,1.03270016830969,1.0022976767934644,0.9689655172413794,0.936986301369863,0.9028685032661176,0.870798012277112,0.8425925925925926,0.791119449656035,0.7469721767594109,0.7110732538330494,0.6852180077986529,0.6644567219152855,0.6140438247011952,0.5931472081218274,0.5771812080536913,0.5375132837407014
200.0,90.0,1.7897932629752784,1.6874602164226606,1.768136225798927,1.7473720489402034,1.6693492756955621,1.5798026697620429,1.489030431705591,1.3974036850921272,1.3121951219512196,1.2317548746518105,1.1619228336495888,1.09915611814346,1.0470588235294118,1.003451251078516,0.9659090909090909,0.9341101257991339,0.9076493579006142,0.8840914619314035,0.8647835752582712,0.8480550484482516,0.8329048843187661,0.803770197486535,0.7837837837837838,0.7716748768472906,0.7693820224719101,0.7695287282117496,0.7765220561429093,0.7880146759070525,0.8,0.8148337595907928,0.8327721661054994,0.8480697384806973,0.8660834454912517,0.8795269770879527,0.8940609951845907,0.9086993970714901,0.920552995391705,0.9315789473684211,0.939195710455764,0.9491226133980797,0.9561135883595399,0.96159139246841,0.9671172342084742,0.970513900589722,0.9751361922056154,0.9777028018189818,0.9789741956036956,0.9809477283829995,0.9818778046254746,0.9833425874514159,0.9839089481946623,0.9839816933638444,0.9831649831649831,0.9824561403508771,0.9819050012565972,0.9804245933278193,0.9801699716713881,0.9789103690685413,0.9780254777070064,0.977364864864865,0.9767522553782096,0.9750189250567753,0.9731656184486372,0.9715832205683357,0.9698590179873603,0.9680125852123754,0.9517821782178217,0.9420015760441293,0.9527089072543617,0.994439295644115
200.0,80.0,1.8120805369127517,1.7051520794537554,1.7852288173991844,1.7648042823686851,1.6837167746258654,1.592885375494071,1.4991382281971735,1.4045770331017573,1.3150619637750238,1.2311886586695746,1.1567534076827757,1.0910973084886129,1.0362095531587057,0.9889737065309584,0.9496738117427772,0.9159552845528456,0.8877989639589993,0.8628063431042768,0.8423027166882276,0.8245443161263393,0.808309584520774,0.7771224307417337,0.7560666807343321,0.7430195206325674,0.7408666100254885,0.7409343351845802,0.748702742772424,0.761865112406328,0.7747408105560791,0.791578947368421,0.8110144927536231,0.827741935483871,0.8481455563331001,0.8643022359290671,0.8800335570469798,0.8955776173285198,0.9096805421103582,0.9225323209521855,0.9310656571363995,0.9425608761505302,0.9505208333333334,0.9569878242456326,0.9632585661208201,0.9674252565818832,0.9726047682511476,0.9755756067205975,0.9771920932589965,0.9794402211472012,0.9805860805860805,0.9823217442545669,0.9831320283215328,0.9832229580573951,0.9823767563705644,0.9816466989548815,0.9810767590618338,0.979538146740719,0.9792792792792794,0.9779571561626823,0.9767206477732794,0.9760286225402505,0.9753766997427414,0.9735576923076923,0.9715934309809143,0.9699284009546539,0.9686213991769548,0.9661862527716186,0.9489348370927319,0.9381426202321725,0.9492998551424432,0.9931773879142299
12500.0,40.0,0.2102661596958175,0.6440886699507389,0.7567757337452605,0.7730694773069477,0.7562043795620438,0.7375700934579439,0.7196864914707238,0.7032115171650055,0.6877444589308996,0.6737915407854985,0.6604490500863558,0.6478515625,0.63630391942194,0.6251674990863686,0.6143685132767219,0.6036531036531037,0.5929549902152642,0.5819935691318328,0.570703125,0.5590870307167235,0.5471259017919479,0.5151427747331987,0.48182466143977193,0.4488361879666227,0.4176025917926566,0.3897945659377071,0.3662063363119415,0.34741035856573704,0.33361868655986304,0.3243121335137573,0.31950361177995923,0.3184,0.32090395480225986,0.32700244840853443,0.3360797918473547,0.3483315392895587,0.36374581939799333,0.38261231281198005,0.4047200082807163,0.43070582174137045,0.46090996475488627,0.49562101910828027,0.5349296470007405,0.5780964002440513,0.6265466816647919,0.6784241868987632,0.732519422863485,0.788948069241012,0.8437253354380426,0.9473740392826644,1.02839590443686,1.0798083278255122,1.1013939278212717,1.0951369717562116,1.0720329293391264,1.0372070548441652,0.9979879275653923,0.9600207684319834,0.9207154297917779,0.8835429196282122,0.8507254464285714,0.7917029300841312,0.7428485395965071,0.702837542874961,0.6749515816655907,0.6527685123415611,0.611304347826087,0.5952121871599565,0.5846056782334385,0.5456946645536186
7000.0,10.0,0.6760201229737284,0.40956907477820026,0.3148558758314856,0.27558330594807756,0.24773013871374527,0.23189071289174606,0.22995822558185797,0.23909385113268608,0.2586189516129032,0.28343239227340267,0.31111348122866894,0.3277730253778158,0.3564525298465037,0.3656093489148581,0.37174940898345155,0.3859275053304904,0.3909471919530595,0.3998502246630055,0.4077054794520548,0.4067444876783398,0.41343173431734315,0.4398642095053346,0.46114760193332505,0.4911242603550296,0.5136355087455332,0.5606909430438842,0.6105971404541631,0.654659616655651,0.716370808678501,0.775445002282063,0.8253723677452491,0.8730994152046784,0.9099616858237548,0.9779985805535841,0.9938128383604021,1.0339966832504146,1.0469026548672566,1.0457516339869282,1.1526961542427054,1.1177960734642178,1.1176868447751098,1.1855520657163565,1.1920939631220004,1.2431796150117713,1.2036755561696835,1.2418020679468242,1.3372820006581112,1.3428571428571427,1.4150241725548531,1.4619870860237452,1.5260739719733518,1.5531051964512042,1.6094808126410836,1.683297180043384,1.6391275611368143,1.7664099743307664,1.7773109243697478,1.7290167865707433,1.7804347826086957,1.8859649122807018,1.8940334128878282,1.868929503916449,1.9700460829493087,2.019230769230769,2.0307692307692307,2.0403749098774333,2.1749471458773786,2.210204081632653,2.275111607142857,2.4444444444444446
1800.0,60.0,0.9181094992980814,0.5775136867405528,0.6901830282861897,0.8359941944847605,0.9442451007452387,0.993501972615456,0.9996458923512748,0.9825087456271864,0.9613848202396804,0.9366018596787827,0.9258335930196323,0.9164813442055844,0.9099307159353349,0.9145878076986618,0.9145362940847173,0.9175515302935665,0.9248621323529411,0.9243803743045018,0.9350756533700137,0.9371275327771156,0.9371980676328503,0.969313387034906,0.9914988814317673,1.0246406570841888,1.0530565167243369,1.0910852713178294,1.1294706723891272,1.1761006289308176,1.2417677642980935,1.3055818353831599,1.3578732106339468,1.4029850746268657,1.4532019704433496,1.4992522432701894,1.5357423409269442,1.5615656428377276,1.5384615384615385,1.5670784257397299,1.5868263473053892,1.5503992767816785,1.5577812018489985,1.5408904325860435,1.531449553001277,1.547568013190437,1.4997553417060838,1.496180670873464,1.5214544201275202,1.5013860013860014,1.5049733570159858,1.4595876664842182,1.4446927374301677,1.4196615326107624,1.4136782284930434,1.4106999195494772,1.3504587155963304,1.3924936386768447,1.3541444704879608,1.3194414607948441,1.3419354838709678,1.3252162039144288,1.3128862439917601,1.301980198019802,1.3144329896907216,1.3004281037522034,1.2782091097308488,1.2699893390191899,1.215260763038152,1.1859850154252976,1.1805774278215224,1.305944055944056
1500.0,50.0,1.0472175379426645,0.6501723289020187,0.7720496894409938,0.9310958904109589,1.0480337820005279,1.09995497523638,1.1030640668523677,1.08051689860835,1.0528704939919893,1.0225102319236017,1.0071428571428571,0.9957478739369685,0.9877336448598131,0.992992992992993,0.9932356257046223,0.9970748015043878,1.0059742647058822,1.0055387713997985,1.0179934569247546,1.0205761316872428,1.0214917825537295,1.0580357142857142,1.0840480274442539,1.1226874391431354,1.1530557057869117,1.1935483870967742,1.2319716274793118,1.2772305496074232,1.3393995955825166,1.398320738874895,1.4434080717488789,1.480621642363776,1.5226860254083485,1.561504142766093,1.5909594504764015,1.612216884008236,1.5852740531639615,1.6106046065259116,1.628300946686597,1.5901352028042064,1.5963208993357179,1.5788923719958203,1.568715378528093,1.5831521739130434,1.5360215053763442,1.5310024583447146,1.553985302430752,1.533636105591825,1.5358698809178042,1.4882545346416889,1.4719951559188615,1.4455750847980264,1.4380348652931854,1.4339500162284973,1.3731931668856767,1.413910671667235,1.375085557837098,1.3398827990348157,1.3618538324420677,1.3446265938069217,1.3317466129622848,1.3196536144578312,1.3307240704500978,1.3156839149618933,1.2923013585837793,1.2833545108005082,1.2205720572057206,1.1859986273164036,1.1799674267100977,1.3112297269554507
384399.0,10.0,1.0,1.0,1.0,1.0,1.0,1.0,1.0,1.0,1.0,1.0,1.0,1.0,1.0,1.0,1.0,1.0,1.0,1.0,1.0,1.0,1.0,1.0,1.0,1.0,1.0,1.0,1.0,1.0,1.0,1.0,1.0,1.0,1.0,1.0,1.0,1.0,1.0,1.0,1.0,1.0,1.0,1.0,1.0,1.0,1.0,1.0,1.0,1.0,1.0,1.0,1.0,1.0,1.0,1.0,1.0,1.0,1.0,1.0,1.0,1.0,1.0,1.0,1.0,1.0,1.0,1.0,1.0,1.0,1.0,1.0
9000.0,0.0,0.4716788321167883,0.42389306599832915,0.30986652708714996,0.2623916811091854,0.22238053485313458,0.19584854891408804,0.18439195659112673,0.18761514841351074,0.20272217774219375,0.2289554062309102,0.2612710483432917,0.29836829836829837,0.33917378917378915,0.3732831608654751,0.40228502705953095,0.42963235294117647,0.4502202643171806,0.47150967199327165,0.49296291763554034,0.5041380277738813,0.5163346613545817,0.5693654266958424,0.6030294369819948,0.6514925373134328,0.7106156083373728,0.7751552795031056,0.8406805877803558,0.933822091886608,1.018253872943437,1.0913748932536294,1.1842416062088745,1.2268259780304491,1.3104901308494123,1.3632572970321315,1.3995603187688925,1.458635265700483,1.474149214659686,1.4761068165846802,1.5568181818181819,1.541299117882919,1.554054054054054,1.6223776223776223,1.649402390438247,1.613953488372093,1.6512651265126512,1.7370012091898428,1.7465145754119138,1.776731674512441,1.8073916133617627,1.8373015873015872,1.8916083916083917,1.922027290448343,1.934178293748003,1.9185916124691635,1.8700072621641248,1.9591567852437417,1.9519890260631,1.8915019477708845,1.8591293833131801,1.9425837320574162,1.977744056651492,1.895829539246039,1.921088701781868,1.9373423044575273,1.9357567443987198,1.9043308049914363,1.6453464534645346,1.5326289620882536,1.5142857142857142,1.664459161147903
17500.0,10.0,0.186913357400722,0.7157338034376377,0.7923954372623574,0.832151815901407,0.8477697841726619,0.8586700489219061,0.8649425287356322,0.8672286617492097,0.8647566235366605,0.8584604469670096,0.8491935483870968,0.8372620126926564,0.8237373737373738,0.8084868788386377,0.7918968692449355,0.7753866845998655,0.7577092511013216,0.73992,0.7211488250652741,0.7019867549668874,0.6826735218508997,0.6322637695805963,0.5808448089122699,0.5303116147308782,0.48311509303928324,0.44140625,0.4067796610169492,0.3796694214876033,0.3595852301466869,0.34613947696139474,0.3387047031611411,0.33656429942418425,0.3393779272246908,0.34636281316027767,0.35737392959086584,0.3720818291215403,0.3907203907203907,0.41288319751649205,0.4400098911968348,0.47141955835962146,0.5081385979049154,0.5504115226337448,0.5981908757210278,0.6514219191751206,0.7099748533109808,0.7720492017796389,0.8362403100775194,0.899803536345776,0.9595674659144334,1.056579783852511,1.1096108022239872,1.1174838112858465,1.0958341883849785,1.059419014084507,1.017758302583026,0.9773107236684977,0.9402875046074456,0.9070646014355874,0.8775431367499357,0.8513406940063092,0.8282422293676313,0.7887421820708825,0.7569784172661871,0.7316964285714286,0.7143516382095062,0.7013977128335451,0.6780905752753978,0.6688607594936709,0.6620951269331777,0.62570281124498
1300.0,20.0,1.3622136172959018,0.777044371103777,0.8944244604316547,1.0903724811723998,1.2509164969450102,1.3271028037383177,1.3329525985151343,1.2998001332445037,1.2618669089257324,1.2268464243845252,1.220849981837995,1.2280017338534894,1.244186046511628,1.2813578826237053,1.3097231165486156,1.3413768630234209,1.376543209876543,1.3931552587646077,1.4260249554367201,1.4431818181818181,1.4522114130979842,1.5207530052166025,1.5617539891946224,1.6092742488681575,1.639488761568973,1.6758457907159716,1.7041854260463565,1.7341994382022472,1.7834075723830736,1.8251217137293088,1.8482269503546098,1.8634920634920635,1.8858387799564271,1.9075743913435528,1.9221681723419042,1.9305293005671078,1.8881404859273514,1.906767283349562,1.9182547642928787,1.870328567845498,1.8724216959511077,1.8491837263539777,1.8349413298565842,1.847099705960973,1.7947159841479525,1.786994915707787,1.8093138605676495,1.7859116022099448,1.7862573922838636,1.7319942611190817,1.7119581029967996,1.6814289932093298,1.6721063765488062,1.6668723010487354,1.5995017128620368,1.6435930457179653,1.6012269938650308,1.562012987012987,1.5846720214190093,1.5643125213237803,1.549845837615622,1.5349490691956444,1.5445616587850128,1.525650557620818,1.4973363774733637,1.4843871975019516,1.3938946331856228,1.3409500901984366,1.3258268824771289,1.4617486338797814
2000.0,40.0,0.8443579766536965,0.5281499692685925,0.6237837837837837,0.745578231292517,0.827653997378768,0.8553663455075061,0.8454846006612146,0.8197950512371907,0.7969543147208121,0.7749672917575229,0.7714440825190011,0.7723418134377038,0.7761538461538462,0.7944099378881988,0.8052811933078008,0.8196091720320795,0.8380845211302825,0.8465681535699489,0.8676492705670026,0.8777705345501956,0.884954193093728,0.9378270881306259,0.9749878581835842,1.0201936376210234,1.0547692307692307,1.0982203969883642,1.13796992481203,1.185960591133005,1.2532672374943667,1.3182932810201078,1.3693931398416888,1.4140091116173121,1.461167971101746,1.5054243777919591,1.5381016042780749,1.5583966827919835,1.5295373665480427,1.5529753265602322,1.5694864048338368,1.5265151515151516,1.5305491105955142,1.5114806017418845,1.5,1.5148760330578512,1.4644897959183674,1.4608985024958403,1.4857389801210026,1.4660869565217391,1.4696428571428573,1.4246323529411764,1.4097744360902256,1.3846153846153846,1.3793445878848063,1.376774588908181,1.3161985697999792,1.3588248001728236,1.321021184139055,1.285761262742519,1.3086981239340534,1.2923506811037373,1.2806092560046867,1.270244138264443,1.2830854550037811,1.2698083894355257,1.2488675726085798,1.2413461538461539,1.1906238599051442,1.164234422052351,1.1607440310938368,1.2799129804205946
700.0,70.0,1.76200285216289,1.3604424202992844,1.5460140679953107,1.659037095501184,1.661106590724166,1.5954415954415955,1.49663928304705,1.3833955223880596,1.2742444745151105,1.1738610705272945,1.0856527756420113,1.0073465104075565,0.9469323337936476,0.8932893289328933,0.8463414634146341,0.8110722923945176,0.7796759941089838,0.7525806451612903,0.7309448542325254,0.7077451354444868,0.689598010774969,0.6579212916246215,0.6374695863746959,0.6284676833696442,0.6222222222222222,0.6330358038311102,0.6542980109340467,0.6762032085561497,0.709855695425238,0.7508288256848717,0.7943943551548412,0.8327096632181378,0.8772440562833576,0.9271168274383709,0.956140350877193,1.0003151591553734,1.0161943319838056,1.0378436272759728,1.1073903002309469,1.0906560636182903,1.0896954526491447,1.1382327209098864,1.1359747861323728,1.1444812884888678,1.1202082347373403,1.1248171623598244,1.1547131147540983,1.1410788381742738,1.1554126473740622,1.132369299221357,1.1240708976558034,1.103934233705226,1.089078706528371,1.094577553593947,1.052665382145151,1.0775455158462577,1.071380013596193,1.0323691460055096,1.03235082674335,1.0629163582531458,1.0508221225710015,1.013986013986014,1.0302534750613246,1.025337837837838,1.0087412587412588,0.9927601809954751,0.9627992633517496,0.9481028535591096,0.9605612438376945,1.0946012877662208
700.0,50.0,1.78562226230353,1.2391184573002756,1.5203580710366733,1.7649016641452344,1.8700808625336927,1.8521665250637214,1.7570869990224829,1.6288896167703897,1.4978138663335416,1.3786185881157949,1.2766085387853277,1.1894517696044413,1.1246056782334384,1.066607851786502,1.0180840664711632,0.984954325631381,0.9536656891495601,0.9265644955300127,0.9074585635359116,0.8852459016393442,0.8683788121990369,0.8459407831900668,0.827914798206278,0.8213031603589543,0.8195455220555473,0.828272604588394,0.8507010231148162,0.873471109236609,0.9037470725995316,0.9430559134243751,0.9829035874439462,1.0121765601217656,1.0461788617886179,1.0931202223766505,1.1025735294117647,1.1331793687451885,1.140336808340016,1.1353476821192052,1.1934924078091107,1.169528841919859,1.151131221719457,1.1805490926012099,1.1704438149197356,1.1721951219512194,1.1448643410852712,1.1409561360275997,1.1580826109127995,1.1408811475409837,1.1465968586387434,1.119914346895075,1.1054921152800434,1.0734806629834255,1.058390022675737,1.056231884057971,1.0117302052785924,1.0371272063298844,1.0238240684178375,0.9858461538461538,0.9859961807765755,1.0123697916666667,1.0019646365422397,0.9642616318273769,0.9775280898876404,0.973342939481268,0.9563286454478165,0.9413109756097561,0.9097222222222222,0.9003611906837713,0.9174503657262278,1.0656370656370657
2000.0,60.0,0.8674660776270117,0.5495479204339964,0.6556380823767725,0.7907090464547677,0.8875,0.9283387622149837,0.9292285916489739,0.9112662013958126,0.8916887709991158,0.8697361033127456,0.8612836438923396,0.8553820870994249,0.8511538461538461,0.8581192812258847,0.8599051896207585,0.864834704979774,0.8736695974086072,0.8747234042553191,0.8869920207830766,0.8902316213494461,0.8913612565445026,0.9261096605744126,0.9501529051987767,0.9845015850651638,1.0126933756445855,1.0517395182872435,1.0906838453914767,1.1388737014762165,1.2072727272727273,1.2741184298070525,1.3302023121387283,1.380204241948154,1.4334728033472803,1.4839285714285715,1.5221072436500471,1.5499021526418786,1.5263157894736843,1.554887529802011,1.5754165764985935,1.536869622045529,1.544035674470457,1.526412074091013,1.5164835164835164,1.5338597750658052,1.4840236686390533,1.4811241104812447,1.507588109870814,1.487884906612822,1.491898898250162,1.4468766684463428,1.431886431886432,1.4082145850796313,1.402827874765546,1.4006529158628878,1.3394067158560459,1.3827683615819208,1.3442234848484849,1.3090764331210192,1.332617671345995,1.3160297598917823,1.3038965458567295,1.2937872937872938,1.3068057080131723,1.2936865839909808,1.272323154232702,1.2649930264993026,1.2147757255936675,1.1878342245989304,1.1838529176658672,1.3048894425412645
25000.0,90.0,0.9354304635761589,0.4884274280770063,0.4950110864745011,0.5057251908396947,0.5139307228915663,0.5285,0.5426915647134578,0.5541632983023443,0.5612711022840119,0.5644157088122606,0.565310187820148,0.5658642594450016,0.5666472076279432,0.5685701438848921,0.5716869026091449,0.575354609929078,0.5792662403231236,0.5827283148643485,0.585893552574643,0.5876893014167074,0.5886563876651982,0.5854089904200442,0.5760508308895406,0.5630392788151964,0.5496118798515018,0.5374119718309859,0.5276984580239863,0.5212098856510513,0.517797816801139,0.5181155015197568,0.5221705426356589,0.5289655172413793,0.5393607760228827,0.5524585029752583,0.5689080572436777,0.588780487804878,0.6116475558237779,0.6381481481481481,0.6651501364877161,0.6980306345733042,0.7298360655737705,0.7617120622568093,0.7938405797101449,0.8206990945462203,0.8486233157586409,0.8689040377556371,0.8826725403817914,0.8945950229830401,0.9001375042970092,0.9015793528505393,0.8925067835524942,0.8770255271920089,0.8593344347415625,0.842196819085487,0.8277906676978602,0.8114082969432315,0.8011204481792717,0.7918108419838523,0.7782490154498637,0.7678515256369928,0.7610305958132045,0.7455540355677155,0.7299270072992701,0.7186779400461184,0.7094293808174827,0.7011494252873564,0.6636885768985322,0.6445407279029463,0.631449368443588,0.6236633321835117
17500.0,30.0,0.21401298205421918,0.6404978458592628,0.697161394971614,0.7276106400278778,0.7412145499383477,0.7522019964768056,0.7590941941700795,0.7609261939218523,0.7578444747612552,0.7508896797153025,0.7410593028519692,0.7293695540748334,0.716915995397008,0.7042976266837716,0.6919572953736655,0.6789308176100629,0.6662045060658579,0.6531935176358437,0.63931337659619,0.6252440565062594,0.6104255854948376,0.5712930761934872,0.5300514037168842,0.48854961832061067,0.4495721271393643,0.4147448015122873,0.3854604955586723,0.3623481781376518,0.3457286432160804,0.33467381590705986,0.329125237403642,0.32842724978973925,0.3321567243205083,0.34009360374414976,0.3513818386914834,0.3665951359084406,0.3855909090909091,0.4082128397917872,0.4348563006632277,0.46616541353383456,0.5018560651418992,0.5421870240633567,0.586952325805829,0.6356344190568789,0.6874810548651107,0.7401869158878505,0.7922727272727272,0.841304347826087,0.8832908163265306,0.9436619718309859,0.96580259222333,0.9574492099322799,0.9319911613061626,0.9003253090435914,0.8680753081403224,0.8381591831025318,0.8116920425165183,0.7881729920564872,0.767308850090307,0.7486935136796803,0.7324142252859157,0.704408654628274,0.6815651880586946,0.6634648969612295,0.651066136610047,0.6415763914830034,0.6238776995874787,0.6160849772382397,0.6104855735397607,0.5828031809145129
1000.0,80.0,1.6813939016801493,1.1620301550222978,1.3473792394655704,1.5244971634863331,1.6006747159090908,1.5802168021680216,1.5018953752843063,1.3996023856858848,1.298070939639079,1.2013523666416228,1.1266607617360496,1.0633738136544546,1.0127758420441346,0.9779775866562419,0.9478033927794693,0.9254280684909586,0.9107017543859649,0.8943729594776263,0.8883788858752347,0.8790687160940326,0.8703522504892368,0.8776110620770815,0.8873386815486571,0.9133986928104575,0.9426691729323309,0.9843834141087776,1.0292326431181487,1.082537517053206,1.1519083969465649,1.2204391891891893,1.28003696857671,1.333737496210973,1.3921717445516644,1.4522337571445234,1.5037220843672456,1.5478987209605848,1.5442381212452212,1.590041024190126,1.6313432835820896,1.6095266990291262,1.6316943313498278,1.6302765647743813,1.63100724160632,1.6582365003417634,1.6152410047522063,1.618238557558946,1.65109989181392,1.6341020519339022,1.6418188594856504,1.5984674329501916,1.5863485233717973,1.5621880614893193,1.5599917678534678,1.5604395604395604,1.496893079065781,1.5473003123605533,1.506505159264244,1.4695632496039828,1.496597042947665,1.478731074260995,1.465166908563135,1.4530703944083874,1.4660244727935434,1.4481283422459894,1.4207920792079207,1.408614338339473,1.3220088626292468,1.2708045977011495,1.2609170305676856,1.4080459770114944
384399.0,30.0,1.0,1.0,1.0,1.0,1.0,1.0,1.0,1.0,1.0,1.0,1.0,1.0,1.0,1.0,1.0,1.0,1.0,1.0,1.0,1.0,1.0,1.0,1.0,1.0,1.0,1.0,1.0,1.0,1.0,1.0,1.0,1.0,1.0,1.0,1.0,1.0,1.0,1.0,1.0,1.0,1.0,1.0,1.0,1.0,1.0,1.0,1.0,1.0,1.0,1.0,1.0,1.0,1.0,1.0,1.0,1.0,1.0,1.0,1.0,1.0,1.0,1.0,1.0,1.0,1.0,1.0,1.0,1.0,1.0,1.0
1500.0,70.0,1.065370432450553,0.6726630260199165,0.7987271280827367,0.9602331162152897,1.0783055198973042,1.129973474801061,1.131160572337043,1.10522247984984,1.0711078928312816,1.0328553276456707,1.007051564565888,0.9844236760124611,0.9657245941070355,0.9593162393162393,0.9500959692898272,0.9454157782515992,0.9451219512195121,0.9387860082304527,0.9446618222470654,0.9425634824667473,0.9392950391644909,0.9634809634809635,0.9827429609445958,1.0155874045402238,1.0462919225318847,1.0874070138150904,1.1286705031724953,1.1777416734362307,1.2432384022926741,1.3071959327336722,1.3592991344732954,1.4036927285160703,1.4528757854035765,1.4998716302952504,1.5370919881305638,1.5654611718530977,1.5465352276022035,1.5777117384843982,1.6007439553626783,1.567677399187246,1.57792,1.563976377952756,1.5567729083665338,1.5733379026730638,1.5276552426196133,1.5245165745856353,1.549194991055456,1.5296655879180152,1.5327687776141385,1.487353718384296,1.4715384615384615,1.4457075656605254,1.439516129032258,1.4363636363636363,1.3751568381430364,1.4170286707211122,1.3791448516579408,1.3437362637362638,1.366075488858572,1.3485130111524164,1.3364485981308412,1.3245192307692308,1.336,1.3208610968733983,1.2973684210526315,1.2880346507850569,1.2250351617440225,1.1913959613696226,1.1843063794359454,1.3150039277297723
1800.0,40.0,0.8777165098929613,0.5484018264840183,0.649470290188853,0.7802759325498212,0.8720953326713009,0.906025333789798,0.8990358864488485,0.8737901664730933,0.8499210110584519,0.8270932607215793,0.8231748726655348,0.8250612745098039,0.8304431599229287,0.8496532593619972,0.8624921334172435,0.8784092908674995,0.8983874101418302,0.9077877620881472,0.9300650557620818,0.9412503138337937,0.9488636363636364,1.0028708133971291,1.0404114621601763,1.085619285120532,1.1194304088194764,1.1602434077079107,1.1981184283342556,1.2416067146282974,1.3043762246897452,1.3638928067700988,1.4091936699321779,1.4463276836158192,1.4877014418999153,1.5268336314847943,1.555037313432836,1.573076923076923,1.541954590325765,1.5639762790230174,1.5788375247834707,1.5370932300931255,1.5407597097737942,1.5205061082024434,1.5092470277410832,1.5236148955495004,1.4750420639371846,1.4694808899030234,1.4931377188831045,1.4728958630527818,1.4753898635477583,1.429464732366183,1.413806303432436,1.38856324084929,1.3823647832505703,1.3789778206364514,1.3194638369170624,1.3604414754574499,1.3226324237560192,1.2882153891422687,1.3102712587625724,1.293530787217459,1.2814361868924429,1.2707155548376676,1.282758620689655,1.2688988608905765,1.2473385379701916,1.2392615609577773,1.185122773230621,1.1567912488605288,1.152757619738752,1.2768942937324603
7000.0,30.0,0.615296803652968,0.380129091747349,0.29439362643847744,0.2613594611145132,0.2392138620769857,0.22866680575839765,0.2316275764036958,0.2451392836839113,0.26808326105810926,0.2962266516234173,0.3273078273078273,0.34961972804793734,0.38018501939719485,0.3952117863720074,0.4065120428189117,0.4210304942166141,0.4275547445255474,0.4362032462949894,0.44181240063593,0.4415850400712378,0.44546360917248257,0.457135556407308,0.46383799421407906,0.47429485897179435,0.480068060281964,0.5001500150015001,0.5234119782214156,0.545770065075922,0.5799373040752351,0.6172839506172839,0.6532904148783977,0.6903171953255426,0.7256143667296786,0.7811149524632671,0.8059810357403355,0.8491176074363465,0.8736280035597745,0.8868654311039484,0.9796917497733454,0.9671567691426389,0.9779763141491793,1.0429767021035965,1.0576784426820476,1.1063546929008243,1.082254584681769,1.1197326358616682,1.2035714285714285,1.2125850340136055,1.276130467012602,1.3188466360217301,1.3739009717723276,1.39386189258312,1.4376778599886169,1.4956304619225969,1.4510978043912175,1.5526122148638706,1.557088122605364,1.5108259823576584,1.5456125108601215,1.6298342541436464,1.6333333333333333,1.6015381417584702,1.676954732510288,1.7115455551457026,1.7120931463350093,1.7122117847993168,1.7592118730808597,1.7525410476935106,1.7870419543281997,1.8394939221036963
12500.0,60.0,0.2122616097403297,0.626079295154185,0.7265879478827362,0.7361809045226131,0.716001716001716,0.6955801104972376,0.6767808219178082,0.6600826446280992,0.644921875,0.6311847480708125,0.6188988676298322,0.6077649837614408,0.5975771656156654,0.588115512773047,0.5793797494352023,0.5707803992740472,0.562047440699126,0.5533315053468605,0.5440072093721838,0.5341880341880342,0.5242544017247575,0.49731663685152055,0.4684414864115363,0.43987645847632123,0.4126164267569856,0.3881825760733639,0.3676658980271586,0.35158954988983315,0.3401044689495067,0.33301594858367056,0.3300117233294256,0.33068305023491146,0.33513152028533216,0.3427863436123348,0.3535374149659864,0.3678721614802355,0.3854556803995006,0.4066881028938907,0.43052681839885404,0.4595602669807617,0.49213265553134833,0.5288862418106015,0.5702298431229478,0.6143557735176104,0.664873587950511,0.7160413971539457,0.7668986852281516,0.8197272727272727,0.86968056882097,0.9590424795904248,1.0246406570841888,1.0633703329969728,1.0784810126582278,1.0716645489199492,1.0520010890280425,1.0241068835318037,0.991553544494721,0.9610227627065794,0.928223449171809,0.8964477211796247,0.869431117203564,0.818214542836573,0.7740348221044663,0.7384433030422758,0.7119901112484549,0.6905579399141631,0.6349112426035503,0.6112718964204112,0.5932371505861136,0.5510996119016818
2500.0,90.0,0.7922627443078784,0.5140606767794632,0.6043403276803679,0.7120098039215687,0.7791690381331816,0.7959662288930581,0.7826638477801269,0.7581596539520251,0.7375812743823147,0.716589861751152,0.7113360323886639,0.7066473988439307,0.704185520361991,0.7121507472384665,0.7138745387453874,0.7185430463576159,0.7278492647058824,0.728894779771615,0.7412447022083426,0.7446834366265646,0.7462982548915917,0.7825531235021569,0.8076995659558407,0.8430856892395354,0.8725149105367793,0.9130925507900677,0.954401519949335,1.006716154118063,1.0802861685214626,1.1554472984942428,1.2204878048780488,1.2804090419806242,1.3433874709976799,1.402377972465582,1.4484364604125084,1.4794711203897009,1.4577006507592192,1.487750556792873,1.5113016367887764,1.4701726844583987,1.4778404512489927,1.4618573797678276,1.4524810765349032,1.4724409448818898,1.421280276816609,1.4194690265486725,1.4526901669758812,1.4344569288389513,1.4443368828654404,1.4037204625439919,1.394963208622655,1.3749599059125415,1.3743601157355887,1.375893062917723,1.3156349113121109,1.3636363636363635,1.324223602484472,1.2895927601809956,1.3156172273857836,1.299690901760516,1.2879588243261546,1.2792653862330015,1.2945145203872104,1.2819622641509434,1.2616342412451362,1.254983922829582,1.2052779580359074,1.1754288876591035,1.1693897965988662,1.260519247985676
2500.0,80.0,0.7922848664688428,0.5145152036718301,0.6048615036743923,0.7126506024096385,0.7796420581655481,0.7970506912442397,0.7836678200692041,0.7592664092664093,0.7387640449438202,0.7176090468497577,0.7123559793404847,0.7069943289224953,0.704772475027747,0.7119184193753983,0.714047791455467,0.7186839967506092,0.7276825969341749,0.7286185855756727,0.740862333114467,0.7442165513951825,0.7457187337830825,0.7817155402226752,0.8065591995553085,0.8420146362462333,0.87109375,0.9115608538952038,0.9533001245330013,1.005211952744962,1.0789370847987496,1.153745644599303,1.2192898272552783,1.2796610169491525,1.342661336379212,1.401725200246457,1.4472822527832352,1.4787671232876711,1.4569395017793594,1.4879297732260424,1.511128165771297,1.4698608964451314,1.4785714285714286,1.4624183006535947,1.4531897265948632,1.4732758620689654,1.4216354344122657,1.4202266782911943,1.453382084095064,1.4354243542435425,1.444232602478551,1.4053518334985133,1.394589076059214,1.37560564567095,1.3746985310238982,1.3770007946418437,1.3156676695209442,1.3639121465841524,1.3252569750367107,1.2900829515909373,1.3165699548678271,1.300066181336863,1.2885923949299534,1.27975697321182,1.2950014446691707,1.2823371989295271,1.261802575107296,1.2552248258391387,1.205111821086262,1.1754768392370571,1.1691297208538587,1.2590308370044052
12500.0,70.0,0.21136390427914653,0.6295409181636726,0.7356509566028931,0.7462148521989906,0.7253937007874016,0.7037974683544304,0.6843260188087774,0.6668555240793201,0.6511757494706342,0.6370811230430845,0.6246108228317272,0.6134072580645161,0.6030188679245283,0.5936053849389987,0.5845185357892283,0.5758043758043758,0.5671007927519819,0.55793724759242,0.5486394557823129,0.5388620304946077,0.5286468915075173,0.5013131313131313,0.4725907384230288,0.44385150812064966,0.41619047619047617,0.3920075002929802,0.37161773172135865,0.3556537102473498,0.3441093512692558,0.336889837289944,0.3344273055464391,0.3350848827809216,0.339960139511709,0.34775660725261215,0.35895295902883156,0.3737582005623243,0.39169173802360563,0.4133695186401943,0.43777581641659313,0.46762277270751845,0.5005347593582887,0.5377544320420223,0.5797914995990376,0.623960880195599,0.6754850088183422,0.726056338028169,0.7771428571428571,0.8300196850393701,0.8794407517763007,0.9677706817169167,1.032157865887082,1.070431608331544,1.0860846172658352,1.080183585313175,1.0621566926857473,1.0355596784168213,1.0048169556840076,0.9754234473596811,0.9434616718695803,0.9131994261119082,0.8866471019809244,0.8366164542294322,0.7934826883910387,0.75809199318569,0.7320872274143302,0.7111007895959127,0.6525974025974026,0.6259882253994954,0.6060212042408482,0.5617070357554786
7000.0,20.0,0.6493573932234195,0.3912828947368421,0.29962390305056413,0.2623314484558504,0.2353871773522065,0.21925456465972537,0.21643229166666667,0.22436548223350253,0.24242424242424243,0.26605058365758755,0.29294199860237596,0.31077788191190253,0.33914776974831795,0.35039246467817897,0.3582814930015552,0.37300326950023355,0.37909790979097907,0.3883235485975212,0.39657228017883756,0.39653716216216217,0.4032598274209013,0.4279432089458475,0.4477228992944195,0.47510582543841967,0.4953590620420127,0.537784522003035,0.5826627651792246,0.6229437229437229,0.6796267496111975,0.7337349397590361,0.7805044308111793,0.8254091971940763,0.8605645851154833,0.9230916030534351,0.939640768588137,0.9771910112359551,0.9902503610977371,0.9889256619144603,1.0884382481340655,1.0553548200607024,1.0553323029366306,1.118222516995523,1.1239153071850052,1.1705367339170156,1.1333206542411562,1.1681919869839332,1.2553191489361701,1.259712738403579,1.325402916346892,1.3656930126002291,1.4224818440164193,1.443941504178273,1.492063492063492,1.5564995751911639,1.5122282608695652,1.6251881585549424,1.6335598536330371,1.5855658829961727,1.6292335115864527,1.723203026481715,1.7292889758643184,1.701854493580599,1.7893081761006289,1.8306519898391194,1.8357664233576643,1.8416912487708947,1.926391382405745,1.937101690218897,1.9856006062902614,2.11031175059952
4000.0,0.0,0.5995623632385121,0.3931890515595162,0.41247906197654943,0.44244408074195307,0.4566650508967523,0.4541930379746835,0.44812175383500424,0.44419410745233967,0.4516206482593037,0.4578005115089514,0.4809384164222874,0.49518828451882846,0.5114583333333333,0.5304449648711944,0.5400184842883549,0.5483974702540465,0.5592660550458716,0.5633862136740138,0.5750078296273098,0.5769899200556134,0.5776792598303778,0.6114327062228654,0.6343896713615024,0.6709926341634515,0.6992694805194806,0.7469077069457659,0.7925561029009305,0.8465377417342483,0.9265658747300216,1.0040883074407196,1.0665451230628988,1.1267749514761467,1.1840939299955693,1.2401978525757027,1.2827461607949413,1.3089948523435384,1.2837150127226462,1.3115804806991989,1.3423255813953487,1.297158026233604,1.3114674441205054,1.3022432113341205,1.297432362571084,1.3325420014609204,1.2771366750811395,1.2873993634150909,1.340899959823222,1.3285597381342062,1.3547413793103449,1.334867663981588,1.3449951409135084,1.3456694937034182,1.3678571428571429,1.3907342657342658,1.3355481727574752,1.4124715816823643,1.3782709506459092,1.3482536453034928,1.3968311127115591,1.390783064818284,1.3857578065498857,1.3956574185765984,1.4353799914126235,1.4376122082585279,1.4293095349929545,1.4377154111275234,1.4701986754966887,1.4675972083748754,1.4819909954977488,1.5970623263199681
1800.0,50.0,0.8985680190930787,0.5605488850771869,0.666571018651363,0.8032786885245902,0.9013317191283293,0.9419155509783728,0.9411764705882353,0.9210167952791648,0.8998778998778999,0.87734375,0.8701449275362318,0.8667128667128667,0.8661427990787156,0.8774685118955061,0.8835122294562731,0.8926675840377433,0.9058159722222222,0.910394265232975,0.9264744089373863,0.932808546527973,0.9365705614567527,0.9794742527907814,1.0096153846153846,1.0491412213740459,1.0809371671991481,1.1215895610913404,1.1599216710182767,1.2061340941512126,1.2715179968701096,1.334468085106383,1.384263494967978,1.4266009852216748,1.4727310574521233,1.5153184923958563,1.5484019845390562,1.5717186193717902,1.5450854963710174,1.5699572971615172,1.5876127009016072,1.5493697478991597,1.554244334182647,1.5374056280027453,1.5268340036056025,1.5414340918849292,1.4930653835267478,1.4890552995391706,1.5132954884971617,1.4935435435435436,1.4972290640394088,1.451470123300664,1.4363607033392483,1.4112996211497282,1.4051255940257976,1.4020905923344948,1.3416313559322033,1.3836547291092747,1.345451190256505,1.3106976744186047,1.333140655105973,1.3163184864012614,1.3040634291377602,1.2934449663059016,1.30576227939613,1.2918848167539267,1.2701793721973094,1.2618332948510738,1.2072208737864079,1.1785168195718654,1.1735763097949885,1.2988075754033201
384399.0,20.0,1.0,1.0,1.0,1.0,1.0,1.0,1.0,1.0,1.0,1.0,1.0,1.0,1.0,1.0,1.0,1.0,1.0,1.0,1.0,1.0,1.0,1.0,1.0,1.0,1.0,1.0,1.0,1.0,1.0,1.0,1.0,1.0,1.0,1.0,1.0,1.0,1.0,1.0,1.0,1.0,1.0,1.0,1.0,1.0,1.0,1.0,1.0,1.0,1.0,1.0,1.0,1.0,1.0,1.0,1.0,1.0,1.0,1.0,1.0,1.0,1.0,1.0,1.0,1.0,1.0,1.0,1.0,1.0,1.0,1.0
1500.0,60.0,1.099859635051133,0.6890634089586969,0.8249818445896877,1.002371166613974,1.137125748502994,1.2033049574361543,1.2156416097190585,1.1955711700202278,1.1661036036036037,1.1294389204545454,1.1041576440017324,1.0809011776753712,1.061218424962853,1.0534506089309879,1.0421892816419613,1.035472972972973,1.033426183844011,1.02441505595117,1.0275938189845475,1.0232558139534884,1.0166987797045601,1.0357958872810358,1.0487156775907882,1.0767201136594275,1.1016755955773396,1.1384635017866258,1.175864502470007,1.221860969190277,1.2848639455782314,1.3468443457338515,1.396613545816733,1.43855886768175,1.4861615245009074,1.5304013458303292,1.565381708238851,1.5918474000522602,1.5705422174264905,1.599779188517803,1.6211555044553032,1.5862767805442965,1.5950266429840143,1.5795695665353138,1.5712534477474716,1.5867298578199052,1.5409887359199,1.5370664969774102,1.5604214685544946,1.5407015221707479,1.5429925524712254,1.496704821366632,1.4798728813559323,1.4535971223021582,1.446210720887246,1.442635365391897,1.3812260536398469,1.4222664015904574,1.3840319361277444,1.3486127864897466,1.369908561928512,1.353016142735769,1.339735381988903,1.3279192273924496,1.3389598540145986,1.3239831697054698,1.300383877159309,1.2912142152023691,1.2271273192578376,1.1931364724660813,1.1873226111636708,1.3167657550535077
1000.0,90.0,1.6905829596412556,1.1645569620253164,1.353846153846154,1.5370608397600685,1.6185356811862837,1.6005681818181818,1.5225189318453567,1.419371727748691,1.3169291338582678,1.2204599524187154,1.145930776426567,1.0825075398535113,1.0317401960784314,0.9973890339425587,0.9674560733384263,0.945240101095198,0.9307990404133604,0.9146144529672992,0.9090909090909091,0.8994784257942152,0.8908252178370066,0.8985863552550707,0.909156976744186,0.9350869749681799,0.9635214007782101,1.0044444444444445,1.0482456140350878,1.1000699790062982,1.16796875,1.2355478861087144,1.2916274694261525,1.3431916204559458,1.3999780050588364,1.457595086227262,1.506900878293601,1.5487017266376697,1.544077134986226,1.5884785398545558,1.6285714285714286,1.6053154116389186,1.628053585500394,1.6241861979166667,1.6246688741721855,1.6519944979367263,1.608398770911574,1.6114405301709103,1.644412191582003,1.626963829009865,1.6352213053263316,1.5919784033937525,1.5798385508958457,1.5560916767189386,1.5538971807628523,1.5546093251011284,1.4914705247246816,1.5417135147290308,1.501130710085934,1.464628023733455,1.4915976331360947,1.4739393939393939,1.4604685212298683,1.4483627204030227,1.461760840998686,1.4438444924406046,1.4162732574284922,1.40440755580996,1.3193873739260367,1.2684969753373663,1.2592592592592593,1.405600221790962
17500.0,20.0,0.1929069031032299,0.6728395061728395,0.7417854463615904,0.7787307032590052,0.7952165298613076,0.807575486867965,0.8150415391342369,0.8176117062973609,0.8149509803921569,0.807991513437058,0.7980652962515115,0.7863636363636364,0.7732587697000508,0.7590293453724605,0.7454772301933874,0.7309540150995195,0.7162019593067068,0.7011560693641619,0.6853658536585366,0.6688055281342546,0.652037955574725,0.6075643776824035,0.5613364361702128,0.5151826015592942,0.4714934409687185,0.432992881460848,0.40075901328273245,0.37538461538461537,0.35672413793103447,0.34434163701067616,0.33773250664304694,0.33632237351931804,0.3395413481584434,0.34687445281036594,0.3581858407079646,0.37331838565022424,0.392310430758277,0.4148550724637681,0.44185912240184755,0.47339719970523214,0.5098777046095955,0.5512651397050006,0.5977432143946325,0.6487945998071359,0.7042594385285575,0.7619477006311993,0.8198231392778187,0.8759448643841707,0.926726410121244,1.0034940600978337,1.038560411311054,1.0373647984267453,1.0124096255530377,0.97769602207404,0.9407105136821892,0.9058663028649386,0.8743308692327301,0.8464551508029768,0.8215429791777896,0.7994550408719346,0.780169420913762,0.7467588591184097,0.7198269431597792,0.6985645933014354,0.6840089371209703,0.6729850008241306,0.6535516801361123,0.6454858353190362,0.6396451514224534,0.6079283887468031
25000.0,80.0,0.937540663630449,0.48862911795961744,0.4950980392156863,0.5056270096463023,0.5140636565507032,0.5282555282555282,0.5425316455696203,0.5542130365659778,0.561328125,0.5642655367231638,0.5651930609960828,0.5654889071487263,0.5665901262916189,0.5684280344903825,0.571501143002286,0.5752469494479954,0.5792783846408474,0.5828635851183765,0.5859574468085106,0.5876982220086497,0.5885219274499188,0.5851449275362319,0.5754082612872238,0.5628879037365421,0.5493775933609959,0.537012987012987,0.527247191011236,0.521044992743106,0.5172735760971056,0.5179533213644524,0.5215865751334859,0.5280038759689922,0.5388759642463573,0.5517347725520432,0.5680633326897084,0.5878394616678683,0.6109458655562165,0.6373265157048941,0.6639748766262898,0.696708041014571,0.7288025889967638,0.7604919292851653,0.7927484333034915,0.8195919217155945,0.8476698353814051,0.8678951466389826,0.8817970340215179,0.8937205651491366,0.8991997275668313,0.9007444168734491,0.8916011584609019,0.8761276127612762,0.858044901777362,0.8409258803250431,0.8265644955300128,0.8097297297297297,0.7996670366259712,0.7901199314677327,0.7765446910617877,0.7661164746184989,0.7590054191903092,0.7434856175972927,0.7280606717226435,0.7167300380228137,0.7077662129703763,0.6993684210526315,0.6622558286074354,0.6432848588537211,0.6301731418918919,0.6225773546412784
1300.0,10.0,1.7507670521595469,0.9054182509505704,1.0002261420171867,1.2116469984607492,1.4073107049608355,1.5221072436500471,1.5576513538180712,1.542414721723519,1.5153846153846153,1.4874950377133784,1.4901960784313726,1.505807200929152,1.5302013422818792,1.5759637188208617,1.609531772575251,1.644808743169399,1.6793743890518085,1.693641014931607,1.723530706581554,1.733010268835814,1.735666867833434,1.7898368050948654,1.81570259796182,1.8525345622119815,1.8684338128333602,1.8942881500426259,1.906372374510502,1.9231479770921855,1.9572336736659603,1.98244213886672,1.9893333333333334,1.9906720373118507,2.0008654262224144,2.0137808401867083,2.021576198046786,2.0251499769266266,1.9800983376258487,1.9971624497517144,2.008993680116675,1.9613702623906706,1.9637841832963785,1.9418983220636112,1.9282296650717703,1.9419804022692109,1.8901351006882487,1.8836429308565532,1.9071618037135278,1.884635832004253,1.8857916102841679,1.8336546405948775,1.8155691964285714,1.7864819004524888,1.7791269152934375,1.776009431181845,1.7093991671624034,1.7562173779551735,1.7140658664204371,1.6748143564356435,1.6990445859872612,1.6791044776119404,1.6642787365678933,1.649,1.6597724922440538,1.639465353499824,1.609273903666427,1.596097201767305,1.5009132420091325,1.441515650741351,1.423027989821883,1.5779211039448027
2000.0,70.0,0.853983853983854,0.5415506958250497,0.6437207007155193,0.7733832175307322,0.8641315311680452,0.8998147836336083,0.8968861664114344,0.8756272401433691,0.8539486203615604,0.8306208559373116,0.8216136195410807,0.8147887323943662,0.8105187319884726,0.8176456711488559,0.8200747463961559,0.8256716417910448,0.8355621594848935,0.8374339347548752,0.8508946322067594,0.855538760526884,0.8581792651532881,0.8964355879876509,0.9236088244978597,0.9616261398176292,0.9935705100728676,1.0352316602316602,1.0762211486849167,1.1262596324836989,1.1959237343852729,1.2644508670520231,1.3218210361067504,1.372331340734415,1.4267515923566878,1.4766990291262136,1.516020063466066,1.5445249254367277,1.522098534112201,1.5501862933273118,1.571563310539967,1.5335311572700296,1.5407047387606319,1.524367443599651,1.5146928994829107,1.5318371607515657,1.4827719705768487,1.4785582741383847,1.506568144499179,1.4856120060581026,1.490595389619573,1.4455286921060297,1.431466030989273,1.4071363220494053,1.4021105685934794,1.400194426441996,1.339253412267719,1.3827562564278368,1.3440786071367006,1.3090972343016176,1.3327318657524359,1.3163340724316335,1.3042023056898475,1.2940161104718066,1.3074,1.2939001848428835,1.2728233305156382,1.2655773420479304,1.2155844155844155,1.1890310786106033,1.184521206821163,1.3056312443233424
700.0,40.0,1.7576634653335088,1.1163583252190847,1.342629482071713,1.573502722323049,1.6793349168646081,1.650846058605035,1.5363754465735628,1.3927478219919944,1.2620645573665707,1.152521525215252,1.0827029752899646,1.035756853396901,1.006194081211287,0.9976744186046511,0.9913941480206541,0.9915174363807728,0.9989794877028269,0.9984571302622879,1.011288805268109,1.0143624328712377,1.0149530236866482,1.0485393258426967,1.0662240663900415,1.0896089790007242,1.1018195896244676,1.118899917287014,1.1307675486551498,1.1467003908944584,1.1741872877244057,1.1980676328502415,1.209830866807611,1.2152701212789416,1.2267573696145124,1.2380533567868661,1.2448057813911473,1.2485407066052228,1.2173913043478262,1.2296484003801076,1.2355439398889252,1.2023537103628636,1.2022583859182996,1.1850473612990529,1.1743869209809263,1.180293501048218,1.1439420089748016,1.1367132867132868,1.1483615412315449,1.1305916305916306,1.1275735294117648,1.0860778443113772,1.0690178232840348,1.0442137639369473,1.0346456692913386,1.0281350482315113,0.9817221770917953,1.0088383838383839,0.9797382861967074,0.9528462192013594,0.9670619235836627,0.953770197486535,0.94361750112765,0.9336426914153132,0.9401544401544402,0.9277942631058358,0.9101522842639594,0.9023498694516972,0.8611111111111112,0.8495748299319729,0.8604153940134392,1.0134316565709771
