altitude,inclination,0.01_mmAl,0.1_mmAl,0.2_mmAl,0.3_mmAl,0.4_mmAl,0.5_mmAl,0.6_mmAl,0.7_mmAl,0.8_mmAl,0.9_mmAl,1.0_mmAl,1.1_mmAl,1.2_mmAl,1.3_mmAl,1.4_mmAl,1.5_mmAl,1.6_mmAl,1.7_mmAl,1.8_mmAl,1.9_mmAl,2.0_mmAl,2.25_mmAl,2.5_mmAl,2.75_mmAl,3.0_mmAl,3.25_mmAl,3.5_mmAl,3.75_mmAl,4.0_mmAl,4.25_mmAl,4.5_mmAl,4.75_mmAl,5.0_mmAl,5.25_mmAl,5.5_mmAl,5.75_mmAl,6.0_mmAl,6.25_mmAl,6.5_mmAl,6.75_mmAl,7.0_mmAl,7.25_mmAl,7.5_mmAl,7.75_mmAl,8.0_mmAl,8.25_mmAl,8.5_mmAl,8.75_mmAl,9.0_mmAl,9.5_mmAl,10.0_mmAl,10.5_mmAl,11.0_mmAl,11.5_mmAl,12.0_mmAl,12.5_mmAl,13.0_mmAl,13.5_mmAl,14.0_mmAl,14.5_mmAl,15.0_mmAl,16.0_mmAl,17.0_mmAl,18.0_mmAl,19.0_mmAl,20.0_mmAl,30.0_mmAl,40.0_mmAl,50.0_mmAl,100.0_mmAl
700.0,90.0,0.7562434963579605,0.7694436353043985,0.7599222869830696,0.752829334540516,0.7496532593619972,0.7483027662377141,0.7475755847119224,0.7463556851311953,0.7445932028836252,0.7413563829787234,0.7382747068676717,0.7343991748323878,0.7311291328758578,0.7290895632864545,0.7265164644714038,0.7246943275205452,0.7233749856700676,0.7217073489100639,0.7212415416298912,0.7203109493880251,0.7195325542570952,0.7212837837837838,0.7258064516129032,0.7352134743439092,0.7484184914841849,0.7648456057007126,0.7822695035460993,0.8008264462809918,0.8171830985915493,0.8310344827586207,0.8417010545621275,0.8491557223264541,0.8553993101618467,0.8593267882187938,0.8618614210217264,0.8634287454323996,0.8630424261977738,0.8639489194499018,0.8633203323723927,0.8624626734586334,0.8619637408005744,0.8608420268256334,0.8600189933523267,0.859253499222395,0.8586179507545671,0.8578669910786699,0.8572315332091869,0.8564805057955743,0.8558810857389056,0.8543136808559071,0.8537614248886806,0.8531842489061741,0.8524096385542169,0.8520618556701031,0.851145038167939,0.8510989010989011,0.8506106219823913,0.8497942386831275,0.8495203836930456,0.8484754200373367,0.8480531813865148,0.8469927296761401,0.8460747343160782,0.8444206008583691,0.8427980443775855,0.8413009404388715,0.8276805251641138,0.8174097664543525,0.8064026958719461,0.7543575920934412
9000.0,20.0,0.8761122518822724,0.8480011714745936,0.8044103547459253,0.7935807422266801,0.7882132834424695,0.7860808210391277,0.7884615384615384,0.7955390334572491,0.8058172031880758,0.8175694253505636,0.8282186948853616,0.8366184844502847,0.8412447257383966,0.8433208489388264,0.8433296982915304,0.8410596026490066,0.8390266729059429,0.8369279326670174,0.8350877192982457,0.8353936239427456,0.8351331893448524,0.8394881170018281,0.8479140182595631,0.8584276182187409,0.869172388868811,0.8789027653880463,0.8865671641791045,0.892705266601243,0.8969555035128806,0.8993103448275862,0.901824034334764,0.903125,0.9037356321839081,0.9044117647058824,0.9051546391752577,0.9059343434343434,0.9059646626348867,0.9056930034583666,0.9072924187725632,0.9062699936020473,0.9042892591279688,0.904635761589404,0.9030216414863209,0.9004195186575403,0.8985915492957747,0.8960099750623441,0.893168029543656,0.8902812587023113,0.8871345029239766,0.8791423001949318,0.8721830985915493,0.8636715724244771,0.8558786346396966,0.8490566037735849,0.8405725567620927,0.8354822073233625,0.8309935205183585,0.8242142025611175,0.8201483312731768,0.8177247014456317,0.8147423352902805,0.8085880640465793,0.8044822256568779,0.8013147082990961,0.7986690328305235,0.7961722488038278,0.7885771543086172,0.8007135575942915,0.8231500339443313,0.8793440649917256
25000.0,50.0,0.8160586170050373,0.8705427293605705,0.873462580779654,0.8785932721712538,0.885605740818911,0.8908489525909592,0.8944444444444445,0.8959044368600683,0.8958419102511321,0.8942801271082865,0.8921357971637301,0.8898291023726563,0.8875998478508939,0.88550442860229,0.8842028278888348,0.8831417624521073,0.8827311696264544,0.8824333561175667,0.8826219512195121,0.883127921801955,0.8838862559241706,0.8857677902621723,0.8886138613861386,0.8909905969822873,0.8930380662903459,0.8945357279327474,0.895357590966123,0.895771878072763,0.8964635705155518,0.8970264317180616,0.8981612446958982,0.899096657633243,0.9014084507042254,0.9037656903765691,0.9066161889309536,0.9098415532247266,0.9129720853858785,0.916058394160584,0.9182692307692307,0.9210028382213813,0.9228206551915602,0.9239200515796261,0.9256259204712813,0.9269521410579346,0.9279112754158965,0.929002557544757,0.9284985835694051,0.9290598290598291,0.9286657859973579,0.928763440860215,0.9291364535266974,0.9295698924731183,0.9297801984049796,0.9295862933556206,0.9295027624309392,0.9281479724922931,0.9282355852511754,0.9281653746770026,0.926728869374314,0.9259365994236312,0.926246640788295,0.9255663430420712,0.9244819107832807,0.9240886884629839,0.923969587835134,0.9231422505307856,0.9153944020356234,0.9115120274914089,0.9073976638956119,0.9053430079155673
400.0,10.0,0.742811755361398,0.753314121037464,0.7668209876543209,0.7841726618705036,0.7942359249329759,0.7951994267972295,0.7949066874027994,0.8005211349160394,0.8097696584590945,0.8202927814235235,0.8292831105710814,0.8447552447552448,0.8415765069551777,0.8482293423271501,0.8569608735213831,0.8506679389312978,0.8546820230345519,0.8564517825218214,0.8552374756018218,0.8643340857787811,0.86737431470897,0.8597523599362511,0.8611468243764464,0.858323337331734,0.8630682598544156,0.8611777997457986,0.856732701693942,0.8595719730284375,0.8576565777644591,0.8536029188203101,0.8520000000000001,0.854416403785489,0.8555236270753512,0.842299662758953,0.850891677675033,0.8449135638297872,0.8494915254237287,0.8595427779702113,0.8273430782459158,0.8458699472759227,0.8552845528455285,0.8376330506945697,0.8425959780621572,0.8357568978374347,0.8534888094790295,0.8508371385083713,0.8323076923076923,0.8391676390509529,0.8283303904257406,0.8330308529945554,0.8308447535283289,0.8389402859545836,0.8351624704110179,0.8252723311546841,0.8451977401129943,0.8176657584014532,0.8205539024948502,0.8405386250885897,0.8323251875151222,0.8091804854602259,0.8133042000485555,0.8339728830903044,0.8190352020860495,0.8186182982128567,0.8279867256637169,0.8358680057388809,0.8064981949458484,0.8009623797025371,0.8001998001998002,0.6697087378640776
900.0,20.0,0.7864983534577388,0.7053398058252427,0.7341534612176814,0.7557639703008988,0.7602459016393442,0.7534963047185901,0.7429813439594276,0.7355782500690036,0.7357886309047238,0.7436604189636163,0.7571428571428571,0.774145486415425,0.7903475301639682,0.8050365556458164,0.8170185540627,0.8269523151347615,0.83492296404989,0.8409728718428437,0.8461163470913227,0.8498218225012727,0.8525402726146221,0.8576027267562961,0.858894472361809,0.8583420776495279,0.8567391304347826,0.8538444295001121,0.8511520737327188,0.8481995763709108,0.8458223605458463,0.8434232920009725,0.8410891089108911,0.8385376999238385,0.8365409289196818,0.8349413298565841,0.8332452431289641,0.8317757009345794,0.8301626688723462,0.8292011019283747,0.8280504908835905,0.8269450800915332,0.8260618318405085,0.8250961823024563,0.8245142002989536,0.8241891482267354,0.8234571691740866,0.8233281493001555,0.8229363579080026,0.822760599298693,0.8223875768359754,0.822499157965645,0.8225197391005836,0.8224727016555125,0.8230630630630631,0.8231841526045488,0.8238679969301612,0.8245479030396307,0.8251085669166995,0.8255578093306288,0.8263374485596707,0.8268251273344652,0.8275268817204301,0.8285077951002228,0.8292794860027536,0.8304761904761905,0.8319201995012468,0.8327291558777835,0.8464311463590483,0.8586303939962476,0.8602162649245325,0.8215906376880822
1000.0,40.0,0.8112616426756986,0.7691337258200168,0.7570198105081826,0.7471371092541009,0.7388888888888889,0.7327811682650393,0.7299930410577592,0.7307568091290774,0.7356672555002409,0.7439024390243902,0.7552491382011909,0.7677340899878394,0.779839518555667,0.791371158392435,0.8013559322033899,0.8098484848484848,0.8169014084507042,0.8226943942133815,0.8285024154589372,0.8334194481760876,0.8373580328591906,0.846077457795432,0.8511371467953136,0.8538990140424261,0.8545686493382235,0.8536051212938005,0.8518257188216617,0.8501461988304093,0.8483652762119503,0.8464794151596768,0.8446372239747634,0.8426943426943427,0.8411813300289137,0.8395451674036639,0.8383297644539615,0.8370932754880694,0.8356195187767034,0.835095613048369,0.8341373765219389,0.8331766917293233,0.8325802615933413,0.8321114369501467,0.8315607222359634,0.8313222724987431,0.8310362429811128,0.8307851775071262,0.8305709023941068,0.8303547612696719,0.8306188925081434,0.8310580204778157,0.8309572301425662,0.8316831683168316,0.8323057953144266,0.8329656476520643,0.8338859416445623,0.8341105929380414,0.8349914236706689,0.8354564755838642,0.836272040302267,0.8369322412509308,0.837174159425765,0.8382410679230468,0.8389452332657201,0.8399493243243243,0.8407275953859805,0.8410351201478743,0.8489687292082502,0.853927625772286,0.8492858665529738,0.80411407199626
2500.0,0.0,0.8613819415006359,0.8288016112789527,0.7769106566200216,0.7276825969341749,0.6896750902527076,0.6648769574944071,0.6526440277073831,0.6529192546583851,0.6656028368794327,0.6872246696035242,0.7144711226476315,0.7422918384171475,0.7669414840136738,0.7867219917012448,0.8022751895991332,0.8139745916515426,0.8227574750830565,0.8289617486338798,0.8347673054360579,0.8390027466723009,0.842273453549418,0.85099685204617,0.8576099881093936,0.8625827814569537,0.866546762589928,0.8695652173913043,0.8719110378912686,0.8742907027498908,0.8766560073092736,0.8791946308724832,0.8812127236580517,0.88268156424581,0.8857296137339056,0.8873701476216512,0.8903483723586522,0.8924985233313645,0.8940961655508217,0.896,0.8975332068311196,0.9004676018704075,0.902107409925221,0.9029329608938548,0.9047959914101646,0.9060895084372708,0.9073097211755841,0.9083969465648855,0.9095354523227384,0.9100749375520399,0.910655737704918,0.9121561668145519,0.9128440366972477,0.9128970163618865,0.9124254473161034,0.9118970388197133,0.9110382513661203,0.9101010101010101,0.9086341862367099,0.9073962717979555,0.9071385722855428,0.9058477381390218,0.9027976577748862,0.9003335557038026,0.897914379802415,0.8951885199774902,0.892415198718882,0.8888888888888888,0.8753799392097265,0.8779800051268906,0.8855330715795832,0.8666232921275211
1800.0,80.0,0.8070469798657718,0.789120151371807,0.7656307129798903,0.7437578027465668,0.7257491112239716,0.7121621621621622,0.7052099627000361,0.7042897327707455,0.708838821490468,0.7160618279569892,0.7283896445809566,0.7415792379900608,0.7501678979180658,0.7648412698412699,0.7715462031107044,0.7767331335881806,0.7836284203265118,0.784877800407332,0.790620230331622,0.7952445857943359,0.799009900990099,0.8135693215339233,0.8242214532871972,0.8410842412968377,0.8512988951925948,0.8616352201257862,0.8656126482213439,0.8754833720030936,0.8824733824733825,0.893644617380026,0.8937415578568213,0.8752886836027713,0.8979591836734694,0.888558692421991,0.9001544004117344,0.9088016967126193,0.8906420021762785,0.8946212952799122,0.8899494665918024,0.9048178613396005,0.9017272185824896,0.8910529519172246,0.8938547486033519,0.8912768647281921,0.8934108527131783,0.8839634941329857,0.9159779614325069,0.915266106442577,0.881461061337009,0.8903605592347315,0.8861236802413273,0.8886274509803922,0.8810289389067524,0.8958858102434929,0.8789198606271778,0.8921568627450981,0.8961182994454714,0.8905982905982905,0.8699716713881019,0.8579556412729026,0.8975934459805428,0.8868340863717558,0.8858566168507689,0.8777418995657499,0.871875,0.8864468864468864,0.8844917977338068,0.8854828114736151,0.882414151925078,0.8513740886146943
1600.0,30.0,0.831026424591048,0.7967479674796748,0.7761911700422556,0.7532401524777637,0.7299915754001685,0.710827168796234,0.6973423658155289,0.6930196078431372,0.6982640475102787,0.7118589743589744,0.7309513560051657,0.7520706791827719,0.7715254237288136,0.7877305533279871,0.8013774104683196,0.8122562102237734,0.8210621265080618,0.8280922431865828,0.8349655902593965,0.8406953548019379,0.8461302681992338,0.8593202522775053,0.8700275699094131,0.878096479791395,0.8838951310861424,0.8879719929982496,0.890407358738502,0.8922271223814774,0.8931123178050872,0.8937370139507272,0.8941104668904486,0.8943290982336536,0.8942089938531219,0.8938401048492791,0.8936314363143631,0.8930184091698506,0.8923623445825932,0.8920657612580415,0.8917243893547211,0.890833016356029,0.8903002309468823,0.8896741264232431,0.8892885691446842,0.8886178861788618,0.8875985068436334,0.8875888006686168,0.8863436123348017,0.8854586129753915,0.8855633802816901,0.8834269662921348,0.8826628352490421,0.8817097415506958,0.8809766022380467,0.8796394485683987,0.8786381109280615,0.878226711560045,0.8779779198140616,0.8771615980918307,0.8772241992882562,0.8766626360338573,0.8761232349165597,0.8768926925608953,0.8766101694915254,0.8766550522648083,0.8768115942028986,0.8770053475935828,0.8804865150713908,0.883326494323622,0.8805848903330625,0.8506267409470752
4000.0,10.0,0.8323068309070548,0.8051181102362205,0.7399103139013453,0.7117950925527335,0.7116854750637058,0.7283064033512866,0.7530360531309298,0.7803792013789141,0.8028459476180656,0.8163380281690141,0.8203812316715543,0.8164759725400458,0.808075221238938,0.7980392156862746,0.7882441597588545,0.7800170794192998,0.7730659025787966,0.7687600644122383,0.76552210724365,0.7653194263363755,0.7663578459756804,0.7729502452697968,0.783535311324697,0.7957094100438811,0.806549257017061,0.8173431734317343,0.8261744966442953,0.8340627279358133,0.8410596026490066,0.8467305289462724,0.8514460999123575,0.8551380715255772,0.8594357976653697,0.8615692153923038,0.86500794070937,0.8677365799667958,0.8696655132641292,0.8710433763188745,0.8727936701156421,0.8753263707571801,0.8774279973208305,0.8790826963168867,0.8805755395683453,0.8817843866171003,0.8833976833976834,0.8849487785657998,0.886695278969957,0.8876106194690265,0.8885017421602788,0.8923300970873786,0.8942484193351009,0.8963521188291831,0.8985989894350023,0.8999753330044401,0.9012070322749934,0.9018831877729258,0.9023088023088023,0.9020726945028537,0.9029974393733996,0.9027648337993166,0.9002677376171352,0.8989251040221914,0.8966696669666967,0.8942665673864483,0.8905946366109599,0.8854145237605431,0.8429319371727748,0.8175182481751825,0.8201982067012742,0.8368949536560247
200.0,60.0,0.6512541806020067,0.6608548931383577,0.6619573063834175,0.6633711507293355,0.6653012048192771,0.6662120695533583,0.665275846082522,0.6622032866707243,0.6562354763749032,0.6490403071017274,0.6410554457747297,0.6333747755214809,0.6263132374333279,0.6201232032854209,0.6147278548559232,0.6105594574957617,0.6067722555980338,0.6039239730226855,0.6015089163237312,0.5993111366245695,0.5979513444302177,0.5948517067711248,0.5945387453874539,0.596751968503937,0.6012473460721869,0.6082865930884748,0.6182314952806756,0.6312371838687628,0.6466165413533834,0.6641025641025641,0.6844099913867356,0.7060166685694714,0.7296460176991151,0.7525214792678371,0.7752653437932626,0.7968447273733739,0.8158833063209076,0.8326560768378279,0.8437631247375053,0.8552511415525115,0.8616071428571428,0.8662759722962174,0.8702247191011236,0.8711619506321493,0.8750765462339253,0.8753993610223643,0.8733062330623307,0.8743927827897294,0.8726483357452967,0.8722264728385617,0.8721864951768489,0.8714285714285714,0.8689929328621908,0.8672558139534884,0.8672115384615384,0.8631825590872046,0.8635126648524177,0.8632670515287577,0.8597657129984231,0.857880530454172,0.8577070368597415,0.8555668272888663,0.8520974289580513,0.8504194511588228,0.8486026005081453,0.8462989156058462,0.8277697145621673,0.8163334462893934,0.8068469991546915,0.7982105767694521
2500.0,50.0,0.8173374613003096,0.8084916864608076,0.7573529411764706,0.7181992337164751,0.6951429017647978,0.6857566033078252,0.6866237211064797,0.6959459459459459,0.7111380145278451,0.7302029890698193,0.7496671105193076,0.767200754005655,0.781430886779347,0.7920573634859349,0.7995531439514842,0.8050632911392405,0.8088709677419355,0.811295383236217,0.8142717497556208,0.8163811563169164,0.8182883939038686,0.8258741258741259,0.8340180772391126,0.8425592417061611,0.850281585378812,0.8579337966780539,0.864519427402863,0.8703142227122381,0.8752559227844399,0.8796712668630795,0.8833063209076175,0.886,0.8894196744515216,0.8919457013574661,0.8943875616230565,0.8964025948496167,0.8984359130611416,0.8998560559325519,0.901354784081287,0.903269144648455,0.9044033766826375,0.9054212626144098,0.9065510597302505,0.9076315139540627,0.9080284552845529,0.9090909090909091,0.909366391184573,0.9098337559876022,0.9104270660011092,0.9105960264900662,0.9108756622000623,0.9102228047182176,0.9101085481682497,0.9090909090909091,0.90783064818284,0.9070932922127988,0.9054706355591311,0.904189133139776,0.9035596026490066,0.902542372881356,0.8997742663656885,0.8979118329466357,0.8952153110047847,0.8927693064436792,0.890194075587334,0.8875739644970414,0.8752767527675277,0.8752862595419847,0.877799249744231,0.8576962809917356
2500.0,40.0,0.8148148148148148,0.808480228680324,0.7584474885844749,0.7195330739299611,0.6963578274760384,0.685784014643075,0.685336689741976,0.6940509915014165,0.7093023255813954,0.7287213740458015,0.7495530012771392,0.7685882738290206,0.7837674136886735,0.7949397590361446,0.8031232571109872,0.8087724834332597,0.8127853881278538,0.8155226209048362,0.818490245971162,0.8214285714285714,0.8231120121642169,0.8313325330132053,0.8396358543417367,0.8478783026421137,0.8558823529411764,0.8630029440628066,0.8685351665785299,0.8737092930897538,0.8779376498800959,0.8817790167257983,0.8849557522123894,0.887503388452155,0.8907889064520764,0.8927208687995304,0.8950844854070661,0.897199236155315,0.8989484061781137,0.9004321808510638,0.901813205610674,0.9035992041960571,0.9045689019896831,0.9056460780598712,0.9066874027993779,0.9075328816261459,0.9081590815908159,0.9090153718321562,0.9093333333333333,0.9099795408047283,0.9103108924178036,0.9103933948518699,0.9105302839909525,0.9101479915433404,0.9097127222982216,0.9087759815242494,0.9075249320036265,0.9064054726368159,0.9052255761116521,0.9039169735520589,0.9034413631807551,0.9021887824897401,0.8994169096209913,0.8973398276508056,0.8948995363214838,0.8930842607313195,0.8902187371027651,0.8873913043478261,0.8749251944943148,0.8744186046511628,0.877613320999075,0.8571428571428571
200.0,70.0,0.694296228150874,0.6965199590583419,0.6969917958067456,0.6983216783216784,0.7000202552157181,0.7016264722378015,0.7021036814425244,0.7006369426751592,0.6970643347907558,0.6916536661466459,0.685536398467433,0.6796947271045328,0.6737842678054828,0.6689331390642707,0.6647202863062723,0.6615250923310885,0.6590400397910967,0.6569322370286362,0.6557377049180327,0.6552851434798401,0.6549180327868852,0.6567656765676567,0.6619852941176471,0.6708823529411765,0.6863636363636364,0.7047913446676971,0.7281683833407971,0.7554535017221584,0.7825454545454545,0.8111510791366906,0.839546191247974,0.8637532133676092,0.8865143699336773,0.9046413502109705,0.9191871455576559,0.9315680166147456,0.9410569105691057,0.9484174921478619,0.9521652231845437,0.9569417609715705,0.9591956553647439,0.9603310947993129,0.9618692195359403,0.9615988828765928,0.9634401114206128,0.9633546034639927,0.9620302970686602,0.9623969434948724,0.9613752122241087,0.9607709750566893,0.9604031677465803,0.9596549099213397,0.9580610021786493,0.9566986341179888,0.9563239308462239,0.9537801254539452,0.9534962661235572,0.9530483531885074,0.9504913076341647,0.9493013972055888,0.9484029484029485,0.9467376830892144,0.9439571150097466,0.9421272158498435,0.9396984924623116,0.9383602633153801,0.9163558870538093,0.9043662430759204,0.8677704194260487,0.853082191780822
1600.0,20.0,0.8409131442839308,0.7822997416020672,0.7717571884984026,0.755535674345784,0.7342709104367136,0.7137809187279152,0.6977293369663942,0.6900584795321637,0.6923985821189445,0.7038461538461539,0.7217741935483871,0.7427637721755369,0.7638019351166762,0.7814171122994652,0.7963525835866262,0.8089451476793249,0.81963133640553,0.8281390920933961,0.8360427807486631,0.8428767750801649,0.8489710926016658,0.8629322268326418,0.8735208237282927,0.8808124895081417,0.8861190817790531,0.8890791476407914,0.8909886612293615,0.8920041536863966,0.892466194462331,0.8926428095132252,0.8926128590971272,0.892485549132948,0.8916706788637457,0.8915956151035322,0.8906485671191554,0.8903192584963955,0.8892979226926111,0.8889770023790642,0.8884698275862069,0.8872370266479663,0.8868406125921724,0.8858711355099682,0.8853952394945637,0.8850059737156512,0.8840182648401826,0.8835427520686485,0.8823339780786589,0.881871727748691,0.8815577727711619,0.8797814207650273,0.8789253314724355,0.8778460426454644,0.8770310192023634,0.8758647194465795,0.8751987281399046,0.8746450304259635,0.8745279060008393,0.8739242685025818,0.8738237810094097,0.8735832606800349,0.8737864077669902,0.8739933680720038,0.8741463414634146,0.87468671679198,0.8755208333333333,0.8769230769230769,0.8832448824867324,0.8873900293255131,0.8857706134755885,0.8539931406173444
1800.0,90.0,0.8073217726396917,0.7892857142857143,0.7657153516135049,0.7441045251752709,0.7259989621172808,0.712520325203252,0.7051581927859165,0.7042304230423042,0.7088511285822977,0.7159090909090909,0.7282950967161493,0.7413695529145444,0.7506887052341598,0.7654190398698129,0.771883786316776,0.7773309344904222,0.7842006121968448,0.7855374592833876,0.7911994322214336,0.79572556914976,0.7995613295090265,0.8143832864604259,0.824623352165725,0.8414634146341463,0.8515363553392151,0.8621038435603506,0.865764447695684,0.8760330578512396,0.8829166666666667,0.8935795954265612,0.8937728937728938,0.8746478873239436,0.8977272727272727,0.8882175226586103,0.9000523286237572,0.9088948787061994,0.8904867256637168,0.89453125,0.8898401826484018,0.9038805970149254,0.9013317191283293,0.8905380333951762,0.8933753943217666,0.8913881748071979,0.8935611038107752,0.8840291583830351,0.9159663865546218,0.9152421652421653,0.8808689558514365,0.8900523560209425,0.8857361963190185,0.8883572567783095,0.8814390842191333,0.8958155422715628,0.8787422497785651,0.8923844061650046,0.8960526315789473,0.88996138996139,0.8702209414024976,0.8576470588235294,0.8973344439816743,0.8865384615384615,0.8855978859282096,0.8775048115023208,0.8717194303871955,0.8861576660459342,0.8844368013757523,0.8857715430861723,0.8822751322751323,0.8511972633979475
20000.0,10.0,0.8745644599303136,0.9439252336448598,0.9483002832861189,0.9480531813865147,0.9464177476057704,0.9458974742191003,0.9460678210678211,0.9465435809360241,0.9475949367088607,0.9484902309058615,0.9491408934707903,0.9492868462757528,0.9491833030852994,0.9483471074380165,0.9478922716627635,0.9464285714285714,0.9448584202682563,0.9437919463087249,0.9418867924528301,0.9407643312101911,0.939777751224758,0.9376610824742269,0.935582154515778,0.9330199764982373,0.9297553275453828,0.9268805891635981,0.9243580846634282,0.9230072463768116,0.9233828517955316,0.926208651399491,0.930726893148605,0.9358148413266524,0.9410714285714286,0.9454478437154441,0.9487528344671202,0.9506378258458126,0.9501011463250169,0.9486133768352365,0.9464180569185476,0.9426123694402065,0.938459391571309,0.9341909945571499,0.9302460763417942,0.9263775971093045,0.923277661795407,0.9204545454545454,0.9184782608695652,0.9170489296636085,0.9168443496801706,0.9169246646026832,0.9184782608695652,0.9197530864197531,0.9221374045801527,0.9232053422370617,0.9252925292529253,0.9265384615384615,0.9277551020408163,0.928994720396509,0.9302958177490649,0.9315833234350873,0.9330191019598114,0.9355923087266371,0.9378253325621747,0.9397869383974062,0.9412244897959183,0.9423274974253347,0.9424,0.9428736295441431,0.942722371967655,0.9405566600397615
1000.0,50.0,0.784860883797054,0.7689057879171948,0.7609674728940784,0.7545311831026117,0.75040369088812,0.7475935828877005,0.7454931071049841,0.744106463878327,0.7431791846623829,0.7424819991529014,0.7421360643745428,0.7423059255856683,0.7426243326777184,0.7438127090301003,0.745013687915526,0.7468525179856115,0.7488537952114112,0.7504302925989673,0.7533460803059273,0.7558221594918842,0.758177570093458,0.7674373795761079,0.7773888694434722,0.7887652794945749,0.8000631213507969,0.8103264726756565,0.8187683284457478,0.8255274261603376,0.8305350346989031,0.8339985912185959,0.8359049718344355,0.8366615463389657,0.8372703412073491,0.837378640776699,0.837055417700579,0.8367461430575035,0.8355685131195335,0.8353801169590643,0.8346291866028708,0.8337415799142682,0.8333850449891406,0.8328548644338118,0.8323643410852714,0.832183908045977,0.8318879252835224,0.831357941076871,0.8314993122420908,0.8312412831241283,0.8314407381121363,0.8316610925306578,0.8319391634980988,0.8326146609172873,0.833266210229561,0.8340881020996295,0.8350649350649351,0.8355806872553284,0.8360949395432155,0.8369515011547344,0.8375586854460094,0.8382710053423992,0.838836865450961,0.8396516393442623,0.8402116402116402,0.8414096916299559,0.8421052631578947,0.8427710843373494,0.8516017316017316,0.8571592605350786,0.8539497431625711,0.810958904109589
200.0,0.0,0.5911536162582187,0.5469924812030075,0.5511722272317403,0.5728268468888371,0.6108617594254937,0.6605833333333333,0.7136329017517137,0.7636871508379888,0.8047767393561787,0.8338249754178958,0.8488239757207889,0.8485185185185186,0.8324873096446701,0.8040512027008018,0.761942465030351,0.7095588235294118,0.6557692307692308,0.6133333333333334,0.588724584103512,0.5785039571100332,0.5747999457479995,0.5719276925413945,0.5704989154013016,0.569853605638894,0.5698736637512148,0.5702719534980278,0.5706725468577729,0.5713286713286713,0.5719548133595285,0.5723140495867769,0.5731310942578548,0.5735335789175403,0.5742603550295858,0.5747764415664508,0.5752325954443375,0.5760000000000001,0.5764177040110651,0.5768541741311358,0.5770941438102297,0.5773946360153257,0.5779272151898733,0.5779591836734694,0.578039545645772,0.5779896013864818,0.5779857397504456,0.5781035272560696,0.5783529411764706,0.5779816513761468,0.578504210004953,0.577962577962578,0.578116494284159,0.5784982935153584,0.5780545670225385,0.5780728844966029,0.5781129653401798,0.5784143904063958,0.5783988957902001,0.5785714285714286,0.5788035450516986,0.5790999237223494,0.5793863099921323,0.5798663324979115,0.5800176834659593,0.5807476635514018,0.5815581854043392,0.5822088436786381,0.5869599872469313,0.5888606424774671,0.5929632999696695,0.6185044359949303
900.0,30.0,0.8239795918367347,0.7696396928529238,0.7637670565302144,0.7557806650517507,0.7452901281085155,0.735895846249225,0.7282329713721619,0.7248250684514755,0.7266772080415631,0.733419188667096,0.7448846321288637,0.7593523171412618,0.7729138166894665,0.7869912210694333,0.7998185117967332,0.810251256281407,0.8194611105050725,0.8267753751624719,0.8337095560571859,0.8389932081502197,0.843167701863354,0.8514866979655712,0.8547696523377291,0.8554150632215503,0.8539086687306502,0.8511241644723516,0.8479679932617393,0.8449023861171366,0.8423273373306684,0.8397915250396556,0.8373870743571925,0.8347245409015025,0.833252779120348,0.8314053654934778,0.83,0.8286943319838057,0.8273060796645703,0.8263033796175007,0.825668449197861,0.8248155233670402,0.8241636715510091,0.8237297757592961,0.8233773693279725,0.8231689524365334,0.8229197512585135,0.8227163461538461,0.8228118328758768,0.8231839258114374,0.8233259981138007,0.8239552484369859,0.8244197780020182,0.8256499133448874,0.8260405549626467,0.8273355143584151,0.8288116163546045,0.8292402148887184,0.830173775671406,0.8314332247557004,0.8316094331816302,0.832691484809585,0.8328993055555556,0.8340847610459874,0.8351187703772706,0.8358353510895884,0.836807320793086,0.838009528851244,0.8471385542168675,0.8509396636993076,0.8456336022781206,0.7958564931783729
300.0,0.0,0.5717066050358837,0.5746380429355965,0.5872186994902399,0.5956555875425281,0.6381260096930533,0.6825985587113184,0.7299637535239629,0.7747050147492625,0.8081395348837208,0.8245443761457996,0.8242174062607499,0.8113654301499605,0.7911490683229814,0.7690595436839176,0.7476635514018692,0.7291288081239979,0.7132342329340452,0.6999037536092397,0.6884537131230926,0.678,0.6679670567837018,0.6416070007955449,0.6137018600995546,0.5915441843585556,0.5819901139050075,0.5806074766355139,0.5810306198655714,0.5815546772068512,0.5821517931609674,0.5828454332552694,0.5835894283958205,0.5841647891857097,0.5845946855028591,0.5850578744300245,0.5858290723155588,0.5861807137433561,0.5864513588026783,0.5869387755102041,0.5876637093367131,0.5877729257641922,0.5883678990081154,0.5888372093023255,0.5886864813039309,0.5888450148075025,0.5893401015228427,0.5894627021387584,0.5897161221210498,0.5895604395604396,0.5898591549295774,0.5902482269503546,0.5904143475572047,0.5905100064557779,0.5909764309764309,0.5909600560616678,0.5914056809905317,0.591465256797583,0.5921691464369616,0.5923824959481361,0.592462311557789,0.5929065743944637,0.5935714285714286,0.5945920303605313,0.5951758793969849,0.5959188011478371,0.5967687647256815,0.5975652996099752,0.6041098381523914,0.6086842105263158,0.6142114384748699,0.6414682900236234
25000.0,40.0,0.8085472043996333,0.8690207156308851,0.8730756632820177,0.8784730611258759,0.8854655056932351,0.8907415533128565,0.8941828254847646,0.8956343792633015,0.8953871499176277,0.8943192948090107,0.8915939366100137,0.8891255157726607,0.8868874980918944,0.8848222029488292,0.8835160532498042,0.8825857519788918,0.8819188191881919,0.8818681318681318,0.882046568627451,0.8824735223778613,0.8833841463414634,0.8855421686746988,0.8877822045152722,0.8899647887323944,0.892128279883382,0.8930991990141713,0.8938626696374317,0.8940397350993378,0.8944827586206896,0.8946428571428572,0.8959770114942529,0.8977189109639441,0.8992523364485981,0.9016528925619834,0.9045857988165681,0.9076047024246877,0.9107142857142857,0.9136176066024759,0.9154460719041279,0.9178515007898894,0.9194974406700791,0.9202819956616052,0.9216417910447762,0.921875,0.9236220472440945,0.9231441048034934,0.9228460793804453,0.923165497749398,0.922562358276644,0.9221864951768489,0.9222775800711743,0.9226116625310173,0.9225589225589226,0.9224091155724362,0.9224435082343929,0.9208692086920869,0.9209511568123393,0.9207521826729349,0.9193548387096774,0.9186162269785964,0.9187096774193548,0.9183673469387755,0.9176007270524084,0.9173955296404276,0.9169538249483115,0.91672753834916,0.9101667563206025,0.905823148813803,0.9028871391076115,0.9019073569482289
9000.0,30.0,0.8732625482625482,0.8509513742071881,0.8154450261780105,0.8084856396866841,0.8082602676511306,0.8111028315946349,0.8160664819944599,0.8234387047031612,0.8314125446200918,0.8394614189539099,0.8464359751235847,0.852000765843385,0.8554731400314678,0.8573288206196303,0.8583780560524746,0.8578646008757157,0.8576296857251041,0.857566765578635,0.8571428571428571,0.8578174186778594,0.8585564610011641,0.863568215892054,0.869942196531792,0.8788739350537104,0.8875078665827565,0.8954066414794194,0.9014643832216431,0.9058859595340282,0.9086484462748035,0.9097472924187726,0.910118406889128,0.909323116219668,0.9086142322097378,0.9077458659704091,0.9064463815122643,0.9057962597281914,0.904647756026102,0.9036913261430959,0.9042876434841324,0.9031155015197568,0.9013874066168623,0.9016507788886305,0.9003567787971458,0.8986599664991625,0.8970499698976521,0.8950777202072538,0.8932778932778933,0.8906538603620244,0.8880187940485513,0.8813409792677548,0.8750605326876514,0.8674892703862661,0.8601645123384254,0.8537200504413619,0.8460471567267683,0.8411078717201166,0.8360153256704981,0.8312655086848635,0.8271767810026385,0.8247302158273381,0.8219101123595506,0.8161941625693064,0.8127303182579565,0.8095351609058403,0.8071079062580478,0.8047189451769604,0.8001420790906938,0.811660777385159,0.8312528895053167,0.8803353658536586
700.0,80.0,0.7541311967951928,0.7675261324041812,0.7582010582010582,0.7513978494623655,0.7483574244415243,0.7470813397129187,0.7468405485345523,0.7457906295754027,0.7439437984496124,0.7406944010009384,0.737091052424123,0.7332361516034985,0.73,0.7269553072625698,0.7238134206219312,0.7218957345971564,0.7202083785543738,0.7180311649765025,0.7172760256768071,0.7160358096434741,0.7147893530759739,0.7158306488725265,0.7198813056379822,0.7287434161023326,0.7422535211267606,0.7583429228998849,0.7762430939226519,0.7947495961227786,0.8119815668202764,0.826404610002058,0.8376910016977929,0.8455827765404603,0.8522219300552195,0.8566457898399443,0.8595595741577949,0.861228813559322,0.8611066559743384,0.8620745806871845,0.8615047233468286,0.8609121090337236,0.8603571428571428,0.8591810264962015,0.8583301851152247,0.8577227914169727,0.8568608094768015,0.8561064087061668,0.8554390294057166,0.854869109947644,0.8542380136986302,0.852814831562288,0.8520241973010703,0.8513872135102534,0.850597609561753,0.8502044989775052,0.8489597406106457,0.848897359106997,0.8483398987056837,0.847699475829936,0.8471356485604037,0.8463196797043425,0.8458646616541353,0.84472049689441,0.843728813559322,0.8422913719943423,0.8408921933085501,0.8396591789310612,0.826133909287257,0.8170391061452514,0.8047302904564315,0.7534513274336283
9000.0,10.0,0.88107822410148,0.8490251277239078,0.7974549310710498,0.7792109256449166,0.7674553636231674,0.7601126472094214,0.759567387687188,0.7655954631379962,0.7779691749773345,0.7936666251090887,0.8084824387011266,0.8197662061636557,0.8259726603575184,0.8274322169059011,0.8253606681852695,0.8204117389399912,0.8154463390170511,0.8107183580387686,0.8062460165710643,0.8048606147248034,0.8035003977724742,0.8062062671128689,0.8164866255144033,0.8301400740621478,0.844851623182633,0.8584630350194552,0.8698311007571345,0.8788819875776398,0.886326860841424,0.8916900093370682,0.896588486140725,0.9,0.9039780521262003,0.9070830159939071,0.9090128755364807,0.9111947318908749,0.9123518402994385,0.9126602564102564,0.9152542372881356,0.913886324673612,0.911226401498775,0.9115297663903542,0.9091346153846154,0.9056345264600103,0.9029649595687331,0.899546827794562,0.8958086200079083,0.8920148944973108,0.8881947436449806,0.8785157173245096,0.8706983805668016,0.860850358917725,0.8517745302713987,0.8446969696969697,0.835119253370204,0.8299856527977044,0.8251774374299589,0.8187299035369775,0.8140425531914893,0.8120430107526881,0.8091637010676157,0.8022738507167573,0.7990605427974948,0.7962451684152402,0.7931034482758621,0.7901471529110684,0.7743635751934507,0.7824736932896326,0.8060185185185185,0.8753082448804546
2000.0,90.0,0.8125097732603597,0.7974683544303798,0.7658912631863674,0.7381885227010831,0.7173423423423423,0.7045990566037735,0.6983856502242153,0.7000660066006601,0.7083411433926898,0.7210674878111367,0.7365754812563323,0.751603249251817,0.7654127481713688,0.7769516728624535,0.7857142857142857,0.793139628732849,0.7991023339317774,0.8030784508440914,0.8079334198011241,0.8117411293174585,0.8151001540832049,0.8257956448911222,0.8361180234624955,0.8467495414713674,0.8567524481894785,0.8654764898164445,0.8730288200108755,0.8788321167883212,0.883641975308642,0.8876221498371335,0.8904713462190573,0.8928695652173914,0.8947561422808947,0.8957009345794392,0.8968470221876217,0.8975903614457831,0.8984310487200661,0.89875,0.8992314261315115,0.8991935483870968,0.89949977262392,0.8994413407821229,0.8991916310033286,0.8995145631067961,0.8991554893194238,0.8991470145509283,0.8984042553191489,0.8981581798483207,0.8981876332622601,0.8970840480274442,0.8965922444183314,0.8952847519902021,0.8948362720403022,0.8932102834541858,0.8917066483893078,0.8911516853932584,0.8905908096280087,0.8897224306076519,0.8894697535474234,0.8886346300533944,0.8873581847649918,0.8868552412645591,0.885934819897084,0.8853615520282186,0.8842490842490842,0.8833976833976834,0.881076042082834,0.8833247289623128,0.8827135267674704,0.8564444444444445
25000.0,60.0,0.8181482847657691,0.8709083179821454,0.8737251092763477,0.8786373314407381,0.885686370297997,0.8910828025477707,0.8949478748997595,0.896259842519685,0.8959914611005693,0.8946923834999296,0.892462477321458,0.890183346065699,0.8879404683738236,0.8861546109868258,0.8844967760022427,0.8835379288637079,0.8830985915492958,0.8828616352201258,0.8829973707274321,0.8832437713727406,0.8839869281045751,0.8859397417503587,0.8886255924170616,0.8913725982669848,0.8934862080425391,0.8950021920210434,0.8958573072497124,0.896733007885843,0.8971233544612384,0.8979848866498741,0.8990306946688207,0.9004636785162288,0.9026329509906152,0.9050664043285784,0.9081987323655694,0.9113860136329209,0.9147621988882026,0.9182225541448843,0.9203778677462888,0.9237691900476442,0.9256505576208178,0.926829268292683,0.928921568627451,0.929368029739777,0.9318181818181818,0.9324932493249325,0.9321295143212951,0.932940704055682,0.9325712632035885,0.9329417523250122,0.9333453108156665,0.9340487804878049,0.9341520220199026,0.9340459404139185,0.9341187785525367,0.9325755618703178,0.932669000807972,0.9325463743676222,0.9312406576980568,0.9305686459315111,0.9307091737150293,0.9298059964726632,0.9290644171779141,0.9286007386130488,0.9282903366856143,0.9275429633070135,0.9190140845070423,0.9141626794258373,0.9104090534009195,0.9079093947270701
400.0,20.0,0.8041898247114151,0.7998740355849473,0.8022022838499184,0.8034001743679163,0.7966268216800393,0.7876501816149762,0.7839371453513749,0.7897049591964846,0.8034367141659682,0.8203974895397489,0.8350361325691503,0.8461318869540393,0.8537928863707901,0.8581243558914462,0.8608324043106651,0.8628827774527013,0.8642886428864289,0.8658036677454154,0.8670970614425646,0.8690503830972836,0.8707352234502642,0.8748419721871049,0.8788200903534413,0.8821418713773117,0.8851197263397947,0.8871915393654525,0.888988629563136,0.8901132537496175,0.8911884603323926,0.8913666772857599,0.8918657198192382,0.8919098143236074,0.891801075268817,0.8920838971583219,0.8912891986062719,0.8911898911898912,0.8906810035842294,0.8903154805575935,0.8903860160233066,0.8896757361162877,0.8890595009596929,0.8888463012648525,0.8884136858475895,0.8876538308852719,0.887374749498998,0.8867694805194805,0.8866995073891626,0.8861653510594102,0.8859060402684563,0.885097192224622,0.8846491228070175,0.8834688346883468,0.8828161185734136,0.8822149225715626,0.8814055636896047,0.8812561334641805,0.8811881188118812,0.880184331797235,0.8791382028376248,0.8794363256784969,0.8796198521647307,0.8782122905027933,0.876782658300057,0.8765359859566999,0.8746958637469586,0.8738910012674271,0.8618152085036795,0.8489483747609943,0.8348623853211009,0.7760599672054346
900.0,10.0,0.7480748074807481,0.6693037974683544,0.6815015479876161,0.7025278810408921,0.7193052772211089,0.7291857273559011,0.736783320923306,0.7467124070897656,0.759688013136289,0.7758372941306511,0.7927489929156827,0.8084297520661157,0.8210626185958254,0.8317287568020092,0.8395174140678352,0.8457420924574209,0.8504481434058899,0.8535135135135136,0.8564633463905987,0.8577235772357723,0.8584763625414031,0.8600444303395748,0.8583776595744681,0.8561620322691383,0.8533662319351427,0.8501805054151624,0.8464944649446494,0.8437852046564025,0.8408225437928408,0.8382863759166345,0.836078431372549,0.8334002408671216,0.8317112733171127,0.8300411522633745,0.8286786160900376,0.8273684210526315,0.8259548611111112,0.8252385082393755,0.824360105913504,0.8232913669064749,0.8225147526100771,0.8221086855550395,0.8217636022514071,0.8212927756653993,0.8205868205868206,0.8203505355404089,0.8201084277969443,0.8201295465869457,0.82011116725619,0.8203781512605042,0.8204168893639765,0.8204707170224411,0.8210290827740492,0.8209209778283115,0.8219584569732937,0.8222354340071344,0.8232784887263863,0.8236397748592871,0.8238276299112801,0.8249510124101894,0.8253968253968254,0.826265389876881,0.8274647887323944,0.8291970802919708,0.8305343511450382,0.8328050713153724,0.850507033038927,0.8663282571912013,0.8672086720867209,0.8315903353768482
1000.0,70.0,0.7752646775745909,0.7636278195488722,0.757899461400359,0.7538963930532878,0.7520775623268698,0.7512846865364851,0.7511024007839294,0.7508486082824168,0.7500456621004566,0.7488628202058893,0.7476321417659639,0.7463850837138508,0.7454756380510441,0.7453639634652643,0.7452830188679245,0.7459479834150019,0.7464424320827943,0.7476681394207167,0.7487575924903368,0.7503097893432465,0.7513850415512465,0.7587188612099645,0.7665548098434004,0.7774431973720229,0.7891988905204764,0.8010242792109257,0.8118811881188119,0.8211904761904761,0.8284756254836213,0.8338833883388339,0.837452747891829,0.8390663390663391,0.8405843124801524,0.8409986859395532,0.8409321175278622,0.8405797101449275,0.8397551314368024,0.8395508873596523,0.8388414407723728,0.8380335365853658,0.8375241779497099,0.8367184388689765,0.8364297253634895,0.8360049321824907,0.8357709987463435,0.8352441613588111,0.8351316357358654,0.8349387040280211,0.8346702317290553,0.8350467289719626,0.8354066985645933,0.8361303060217177,0.8362068965517241,0.8367029548989113,0.8379705400981997,0.8382675438596491,0.8390739695087521,0.8398369248689574,0.8395500296033156,0.8406862745098039,0.8407960199004975,0.8421733505821475,0.8422459893048129,0.8427279053583855,0.8441843452816387,0.8445121951219512,0.8534794520547945,0.8595113438045375,0.8565393416651997,0.8142414860681114
1500.0,80.0,0.8012332245194052,0.7748830995323981,0.7588996763754046,0.7439427312775331,0.7310222222222222,0.7202364586197415,0.7129989764585466,0.7098384728340675,0.7105156313438896,0.7145957677699403,0.7211740041928721,0.728,0.7350427350427351,0.7421516317160938,0.7480258435032304,0.7535096310806398,0.7589106196307804,0.7628676470588235,0.7682981589582398,0.7731424339669217,0.7776273022751896,0.7919684002633312,0.806782334384858,0.8224471021159153,0.8366596638655462,0.8493231312536786,0.8601036269430051,0.8686233403214535,0.8753709198813057,0.8799688230709275,0.8834555827220864,0.8853721129170231,0.8866432337434095,0.8872282608695652,0.8870937790157846,0.8870265151515152,0.8865479723046489,0.8860973187686196,0.8856618771018038,0.8849576049408563,0.8843660325220534,0.8833844804910127,0.8827846975088968,0.8820530251529571,0.881369610329721,0.8807038123167156,0.8799665910989142,0.8793019873969947,0.8787055335968379,0.8770927968851395,0.8759483561826168,0.875,0.8740447212001132,0.8733700376702405,0.8724637681159421,0.8720270062912383,0.8716611348190295,0.8713517038969509,0.8710425990386209,0.8710783473341334,0.8711304347826087,0.871142393069843,0.8716945996275606,0.8723897911832946,0.8730255164034022,0.8739743320008416,0.8807069219440353,0.8853087840429612,0.8836463582226294,0.8524137931034482
20000.0,30.0,0.85,0.9128358208955224,0.9221280602636535,0.9265816193699558,0.9288760020467337,0.929719305763874,0.9299396483862503,0.9307838179519595,0.9315274642588413,0.9325643300798581,0.933160621761658,0.9333733493397359,0.9337931034482758,0.9331761006289309,0.9330954504906334,0.9317220543806647,0.9306122448979591,0.9295361875637105,0.9284487693188322,0.9275269162783224,0.9265342960288808,0.9246973365617434,0.9234278266536331,0.9223343571741992,0.9210371243370654,0.9205974842767296,0.9202371048252912,0.9208231125647315,0.9223283793347488,0.9251081265649898,0.9280325014509576,0.9314264759809314,0.9342830882352942,0.936,0.9372355430183357,0.9369057908383751,0.9361052631578948,0.9339190221543163,0.9307598039215687,0.9276051188299818,0.9238776837996097,0.9202861522738887,0.9172640382317802,0.9143550624133149,0.9125943583631307,0.9113122171945701,0.9104859335038363,0.9098173515981736,0.910759493670886,0.9124528301886793,0.9163763066202091,0.9190615835777126,0.9216087987923226,0.9233021077283372,0.9247150194162596,0.9251001335113485,0.9258581879572313,0.9264293100901168,0.9266853059956508,0.9272136474411048,0.9278594357154925,0.9288840262582057,0.9296905601253427,0.9307467667918231,0.9314373897707231,0.9320343307817212,0.930564362714014,0.9304595363969093,0.9303888622179549,0.929425320466657
12500.0,90.0,0.8332371609924986,0.9065541211519365,0.9088509947218839,0.9062107904642409,0.9038290293855743,0.900059488399762,0.8954996186117468,0.8927756653992396,0.891075355943975,0.8911809497438737,0.8921872451476105,0.8943274520963764,0.896551724137931,0.8989798457327693,0.9016624401239786,0.9041269841269841,0.9066286528866714,0.9090183559457302,0.9112399643175736,0.9137587238285144,0.9153674832962138,0.919970631424376,0.9240543161978662,0.9270540056309189,0.929809796330584,0.932013201320132,0.9335993160444571,0.9342825848849945,0.9347222222222222,0.9338747099767981,0.9338129496402877,0.9328621908127208,0.9312567132116004,0.9299792531120332,0.9286824114356743,0.9277531411677753,0.926839921380214,0.9264479753972322,0.9259148170365927,0.9257460097154754,0.9256,0.9253321117727897,0.9250780437044746,0.9250295159386068,0.9250493096646942,0.9252199413489736,0.9248366013071896,0.9246636771300448,0.9241379310344827,0.9230144927536232,0.9220796578454958,0.9207501512401693,0.9193903471634208,0.9187159752205745,0.9180796731358529,0.91733690795353,0.9183429118773946,0.9181957186544343,0.9179698216735254,0.9183255269320844,0.9186189889025894,0.9180665066849503,0.9175845043676415,0.9174958540630183,0.9171888988361683,0.9169068203650336,0.9182344428364689,0.9182879377431906,0.9172691715064596,0.9204927211646137
4000.0,20.0,0.8137024870952605,0.8144578313253013,0.7621214498666248,0.7383177570093458,0.7359550561797753,0.7462191358024691,0.7630418809698751,0.7824314306893996,0.7992545260915868,0.809471766848816,0.8125594671741199,0.8096658711217184,0.8027556200145033,0.7946551724137931,0.7868,0.7793598359722064,0.773466512997823,0.7702761312707821,0.767530608999841,0.7677339465770388,0.7691095350669819,0.7760691975012013,0.7865589847130083,0.7989167230873392,0.8104575163398693,0.8217522658610272,0.8312056737588652,0.8396907216494846,0.8471302428256071,0.8534278959810875,0.8586550435865504,0.8622021893110109,0.8670360110803325,0.8703703703703703,0.8739622641509434,0.8768745067087609,0.8782894736842105,0.8804347826086957,0.8827106863596872,0.8848230912476722,0.8863419293218721,0.8879088206144697,0.8894245563647554,0.890857021637675,0.8920585967617579,0.893294395147703,0.894775480239814,0.8957991674025483,0.896324807549044,0.8984105044920525,0.8999709639953543,0.9011347738224779,0.902466917170397,0.9028070175438596,0.9033401754058593,0.9033385093167702,0.902729324851221,0.9021367521367522,0.9027420736932305,0.9019001325673884,0.899237732253454,0.8975308641975308,0.8948178553104156,0.892221927263074,0.8882418191902385,0.8833039388594944,0.8422156945027277,0.8175223214285714,0.8209366391184573,0.8298444401766852
200.0,50.0,0.6611729938622414,0.6018166804293972,0.5893511876295233,0.5835515976951283,0.5819506272764063,0.58274231678487,0.5822276822276822,0.5800865800865801,0.5755169108585513,0.5692796256058833,0.5625248114331084,0.55635103926097,0.5513499205929063,0.5470905818836233,0.5441970310391363,0.5422641509433962,0.5409836065573771,0.5396825396825397,0.5390584583548887,0.5387965616045846,0.5385786802030457,0.5380639868744873,0.5379753615425816,0.5388659940315476,0.5407634759255707,0.5438504082170135,0.548256880733945,0.5540051679586563,0.5607771260997068,0.569267682036303,0.579406116117595,0.5907864702220378,0.6042979942693409,0.619876256767208,0.6362244897959184,0.6538961038961039,0.6702161729383506,0.6853612167300379,0.6972497249724973,0.7064922241421872,0.713031735313977,0.7186059907834101,0.7216887669562567,0.7213857859802493,0.7239029255319149,0.7239896818572658,0.723074179743224,0.7232761765778912,0.722462000375305,0.7220809700762761,0.7202210397052804,0.7192870782940801,0.7195547795722391,0.7165750915750916,0.7163653439774594,0.7147724507179362,0.7128438051980822,0.714540361599185,0.7127042698998419,0.7107709130672499,0.7113888888888888,0.7105950653120464,0.7102945642271485,0.7098200189453742,0.710206760748277,0.7096994535519126,0.7044117647058824,0.7003994673768309,0.7060371517027864,0.6682974559686888
2500.0,60.0,0.8204562178072112,0.8099827882960413,0.758957654723127,0.7197410292988039,0.6976330307883966,0.68921185019564,0.6910950149126545,0.70062893081761,0.7166666666666667,0.7351384615384615,0.7543089430894309,0.7715998346424142,0.7856418061897514,0.795708673315201,0.8035026269702277,0.8091451292246521,0.812972012438916,0.8158415841584158,0.8187229437229437,0.8211527035056447,0.8233376792698827,0.8295543393275997,0.8371191135734072,0.8451668092386655,0.8528279181708784,0.8597218507622358,0.8658235208605902,0.8712715855572999,0.8757712189428047,0.8800212351796143,0.8835616438356164,0.8862640502952943,0.8897207608255767,0.8917184265010352,0.8943142361111112,0.8964663515642584,0.8983484531286345,0.8998822143698468,0.9015041242115478,0.90325891711573,0.9042887029288703,0.9055435952637244,0.9066556199944766,0.907391673746814,0.9084814922763043,0.9093057607090104,0.9093206951026856,0.909825468648998,0.9105949729557747,0.910880829015544,0.9109760457633178,0.9105263157894737,0.9104710003892565,0.9088669950738916,0.9080360979802321,0.907563025210084,0.9058606368251039,0.9039010466222646,0.9040835707502374,0.9027710257656781,0.9000517866390472,0.8978179882916445,0.8957189901207464,0.8928369994359842,0.8904510837727007,0.8871763255240444,0.874894336432798,0.8750546089995631,0.8779440468445022,0.8576491435321913
2500.0,70.0,0.821993410214168,0.8103777184280809,0.7581227436823105,0.719381543705868,0.6969577242196761,0.6882955603849736,0.6900473933649289,0.6997196916608269,0.7159443499149234,0.7351440783124225,0.7549753514697827,0.7726110206928621,0.7872036560982576,0.797752808988764,0.8054459352801894,0.8114643976712942,0.815,0.8179287305122495,0.8206686930091185,0.8232154769846565,0.8245614035087719,0.8321959755030621,0.8397033068919336,0.8474435196195006,0.8547418967587035,0.8613451589061345,0.8672651490862456,0.8724948168624741,0.8768554150632215,0.880753544377549,0.8843109397199107,0.886686143572621,0.8898980948161276,0.8921368683435305,0.8945868945868946,0.8968488429345151,0.8984991096413126,0.9000772598506309,0.9016176080615221,0.9035063113604488,0.9048027444253859,0.9058823529411765,0.9070329006942348,0.90776849272671,0.9085987261146496,0.9092963202065849,0.9098756906077348,0.910279053338043,0.9109874826147427,0.9109433962264151,0.911328125,0.9108463434675431,0.9106763079540621,0.9093764019739794,0.9084077031470174,0.9072463768115943,0.9057459677419355,0.9048361934477379,0.9045147898287493,0.9028146574614976,0.8998868778280543,0.8976744186046511,0.89568345323741,0.8933415536374846,0.8905950095969289,0.8881401617250674,0.8751615881809788,0.8750298115907464,0.8779656201164938,0.8578794714792136
200.0,40.0,0.8426443202979516,0.754806777079764,0.7623947614593077,0.7736084452975048,0.7635964109137521,0.7361660079051383,0.7064732142857143,0.6882874889086069,0.6876401530141142,0.7030791788856305,0.7267511355486492,0.7518463810930576,0.7736179146256122,0.7902125952667468,0.802880288028803,0.8113300492610837,0.8177943526904635,0.8216340621403913,0.8245398773006135,0.8267358857884491,0.828551912568306,0.8304953560371517,0.8346449957228399,0.8381086142322098,0.8432972862681085,0.8486278814489573,0.854120655585261,0.8582394453386157,0.861933968419679,0.8647952264713861,0.8665440135861874,0.8678997960967085,0.8683414043583536,0.868718107314056,0.8681389022243559,0.8676543209876544,0.8670598146588037,0.8663570691434468,0.8655847592167931,0.8649471610245388,0.8638132295719844,0.8626854317230886,0.8617332035053554,0.861170941844527,0.8602838297021786,0.8587298260322783,0.858052196053469,0.8570808935155064,0.856353591160221,0.8545454545454545,0.8529621698786581,0.8511066398390343,0.849499209277807,0.8485896753592337,0.8472454090150251,0.8454680534918276,0.8451380552220888,0.8442118226600986,0.8435631098520617,0.8432397126061397,0.8425008541168432,0.8417878680383114,0.8416023520764424,0.8413424866514111,0.8407224958949098,0.840017248814144,0.8343004513217279,0.8328984156570363,0.8359416586819972,0.8224666142969363
4000.0,30.0,0.8028549382716049,0.8184568835098336,0.7768166089965398,0.7564151666028341,0.7518009168303864,0.7567684643708036,0.7673139714727616,0.7809251559251559,0.7935026138909634,0.8016486347243689,0.8048452220726783,0.8032939189189189,0.7986082260074782,0.7920127015144114,0.7854077253218884,0.7791461412151067,0.7743485492515246,0.7717781058848344,0.7694450893893662,0.7699069286452948,0.7716262975778547,0.7773876404494382,0.7878401360544217,0.7992047713717694,0.8103644646924829,0.8219794344473008,0.8316690442225392,0.8401861908456167,0.8471760797342193,0.8530864197530864,0.8592696629213483,0.8640874010223514,0.8675765784538445,0.8709642233856894,0.8739782016348774,0.8764678252700798,0.8795317220543807,0.8811464968152867,0.883160138555822,0.8853832193215133,0.8867788807365846,0.8887539839125815,0.8899656142544545,0.8914276454383406,0.8926894701542589,0.8939788304702412,0.8951337762614473,0.896366332962551,0.8975938402309913,0.899641577060932,0.9013802315227071,0.9026821742226442,0.9038993710691824,0.904887714663144,0.9048577177349814,0.905726872246696,0.905305367057372,0.9049626986701265,0.904603068712475,0.9031129765652326,0.9023954236682159,0.8999623918766454,0.8974158183241974,0.894026186579378,0.8901335631193451,0.8855475763016158,0.8453074433656957,0.8211255411255411,0.8231132075471698,0.8283469326080387
1600.0,10.0,0.8253547776726584,0.7649208282582217,0.7880811078140455,0.7910906298003072,0.7709923664122137,0.740506329113924,0.7102022867194371,0.6896731345227243,0.6831222056631893,0.6898409440738841,0.7067974298275279,0.7288207747977863,0.751412429378531,0.7719928186714542,0.7898648648648648,0.8046234153616704,0.8170040485829959,0.8269466316710411,0.8366171003717472,0.8448514851485148,0.8515633224549952,0.8669719384759892,0.8782563838019087,0.8857740585774059,0.89064578099601,0.893491124260355,0.8949158031088082,0.8954897340962639,0.8956672443674176,0.8953488372093024,0.8949295259015193,0.8947368421052632,0.8934000384837406,0.8930585261520513,0.8920704845814978,0.8911174785100286,0.8902108119390524,0.889727463312369,0.8888651877133106,0.8874612317235268,0.8868008948545861,0.8859808830223032,0.885139819736538,0.8843808630393997,0.8835322195704057,0.882889368850492,0.8814497860558772,0.8808673469387756,0.8808030112923463,0.8790450928381963,0.8778378378378379,0.8768844221105527,0.8761742100768574,0.8753323485967504,0.8744285278878391,0.8744951848400124,0.8739980763065085,0.8742200328407225,0.8737769080234834,0.8735059760956175,0.8744284206823778,0.875045012603529,0.8758339510748703,0.8766653977921584,0.8781645569620253,0.8794829024186822,0.8895917193789534,0.896807720861173,0.8983200707338639,0.8713406675368264
12500.0,80.0,0.833427922814983,0.9067251461988304,0.9088194306191519,0.9064615384615384,0.9035355739851593,0.8997084548104957,0.8952879581151832,0.8929170549860205,0.8911587787992282,0.8911361476856251,0.8925143953934741,0.8943452380952381,0.896832191780822,0.8992191312835529,0.9019066040342636,0.9041095890410958,0.9070255155540021,0.909197651663405,0.9115973741794311,0.9130009775171065,0.9153468050245768,0.920028818443804,0.923977164605138,0.9270467101958815,0.9299520898727903,0.9321814254859612,0.933687744823727,0.9343850842595912,0.9345454545454546,0.9344729344729344,0.9335689045936396,0.9322916666666666,0.9312783701045075,0.9300280397654856,0.9288114879315612,0.9276889534883721,0.9269759450171822,0.9261406604487018,0.925641782236648,0.9255464480874317,0.9251968503937008,0.9251240414975191,0.9251665812403895,0.924956369982548,0.9254698639014906,0.925524222704266,0.9242546333601934,0.9247787610619469,0.9239067055393586,0.9227688787185355,0.9216255442670537,0.920388349514563,0.9188827563137648,0.9180419061746709,0.9176423092450545,0.9169977924944812,0.9178892569805963,0.9176529841349786,0.9173217674166441,0.9178478449522708,0.9180627474870545,0.917993900372755,0.9170731707317074,0.916837361736993,0.9168509509066785,0.9165085388994307,0.9179157744468237,0.9183125599232982,0.9170264908390711,0.9203084832904884
20000.0,20.0,0.8667157584683358,0.9269662921348315,0.9341692789968652,0.9362244897959183,0.9369258192787605,0.9374573960463531,0.9376940592009936,0.9385530227948464,0.939536248899325,0.9403859407305307,0.9414125200642055,0.9420222634508348,0.9420212765957446,0.9418181818181818,0.9409340659340659,0.939487975174554,0.9388111888111889,0.937328094302554,0.936506183745583,0.9354678580292877,0.9344308035714286,0.932320959880015,0.9300328365748927,0.9281824370319945,0.9259597806215722,0.9244363193174894,0.9235104669887279,0.9240012648887952,0.9255464480874317,0.928433608138923,0.9321428571428572,0.9358108108108109,0.9393939393939394,0.9417943107221006,0.943304535637149,0.9430840502978161,0.9419354838709677,0.9396871945259042,0.936057465850212,0.9319977426636569,0.927755376344086,0.9234744583581793,0.9193736854405234,0.9157808667211774,0.9130434782608695,0.9111592632719393,0.9097621000820345,0.9090909090909091,0.9089506172839507,0.9105590062111801,0.9137055837563451,0.916256157635468,0.9198542805100182,0.921449851042701,0.9229620145113103,0.9239859106919668,0.924741524404905,0.9255601974933536,0.9264080765143464,0.9272222222222222,0.9282095817050224,0.929821819318537,0.9314678284182306,0.9329050678087081,0.9338858542098324,0.9347439193197548,0.9349657714586624,0.9357737104825291,0.9354587869362364,0.9348200942637086
1500.0,90.0,0.8011935844834017,0.7743484224965707,0.7588959095443965,0.7444759206798867,0.7312271062271062,0.7201190982560612,0.7126849894291755,0.7096872153051929,0.7108028583438419,0.7140449438202248,0.7210564399421129,0.7284684684684685,0.7351752757453315,0.7425234244641252,0.7484416740872663,0.7539629005059022,0.7594339622641509,0.7635903919089759,0.7690349456144411,0.7739638952453598,0.7783663228324506,0.793033479878255,0.8075990299110751,0.8229755178907722,0.8373590982286635,0.8503605769230769,0.8606340819022457,0.8690391459074733,0.8761329305135952,0.8795562599049128,0.8831814415907208,0.8852173913043478,0.8860714285714286,0.886752529898804,0.8871698113207547,0.8873917228103946,0.8863887493721748,0.8863773965691221,0.8857261153089743,0.8848607271954072,0.8842957366432812,0.8833611574846967,0.8827780914737436,0.8819604233778187,0.8812924373682979,0.8805525783017745,0.8799370002423068,0.8791830708661418,0.8784952978056426,0.8770589010409804,0.875945945945946,0.8749127460561217,0.8738686970262893,0.8730882352941176,0.8723865572247174,0.8718268182526087,0.8714904540349752,0.8710691823899371,0.8709623149394348,0.8708891595615104,0.8709620476610768,0.871038651767723,0.8712908712908712,0.8718602825745683,0.8727646454265159,0.8735853085628871,0.8804185351270553,0.8858589793533307,0.8837209302325582,0.852611566940164
800.0,0.0,0.8365038560411311,0.8587155963302753,0.788971807628524,0.7324508624147613,0.6982696467195386,0.6837186424003935,0.6878841959151298,0.7090200779142942,0.7408343868520859,0.7744444444444445,0.8045112781954887,0.828,0.8431818181818181,0.8527308838133069,0.858433734939759,0.8609582760201743,0.8621270452358036,0.8615306510978551,0.8612640965119328,0.8599592114208022,0.8583309839300818,0.8554074074074074,0.8520700883857962,0.8493918053777209,0.8471400394477318,0.8451558550968828,0.8435937230556992,0.8422901299613629,0.8412981455064193,0.8404774823657081,0.8396174360860769,0.8390197926484448,0.8386359306534578,0.8382665892822596,0.837874926485003,0.8375916022974846,0.8372140522875817,0.837109614206981,0.8369678089304258,0.8370025402201524,0.8369309681555888,0.8368685764268533,0.8366445916114791,0.8367255647506151,0.8367670364500792,0.8368469294225481,0.8367346938775511,0.8368495077355836,0.8369771863117871,0.8371174728529122,0.8370983935742972,0.8373168851195065,0.8373557187827911,0.8378666666666666,0.8379204892966361,0.8382066276803118,0.8380843785632839,0.8383040935672514,0.8383180337577731,0.838719512195122,0.8386798272671191,0.8388021662949984,0.8391745823779888,0.8393764825482887,0.8398727465535525,0.840468349798756,0.8452903855539288,0.8453038674033149,0.8318903318903319,0.7774656217654887
900.0,0.0,0.7966780238500851,0.7540045766590389,0.7058823529411765,0.6830410761470094,0.6773913043478261,0.6823662396382818,0.6983240223463687,0.7228187919463087,0.7531985142385472,0.7827446651949963,0.8089681994966826,0.8291565615736998,0.843010752688172,0.8528123947457056,0.8593864134404675,0.8632645111024543,0.8657937806873978,0.8666378938282262,0.8674698795180723,0.8667900092506938,0.8657718120805369,0.8639798488664987,0.8599262769878884,0.8561346362649295,0.8530066815144766,0.8494868871151653,0.8462434478741991,0.8436018957345972,0.8413461538461539,0.8392204628501827,0.8377708978328173,0.8357641090678504,0.83472133247918,0.8335500650195059,0.8326745718050066,0.8322237017310253,0.8317307692307693,0.8305898491083676,0.8310055865921788,0.8306049822064057,0.8303378864126527,0.8300220750551877,0.8298662704309064,0.8305722891566265,0.8306636155606407,0.8308880308880309,0.8311180609851446,0.8316205533596838,0.8315958299919808,0.8324166666666667,0.8337011884550085,0.8342608695652174,0.8356444444444444,0.835862691960253,0.8374528301886792,0.8379962192816636,0.8392441860465116,0.839662027833002,0.8402176103163409,0.8409963674104827,0.8415467058947147,0.8423854008255486,0.8431876606683805,0.8439634216923255,0.8449818621523579,0.8457586768575367,0.8556910569105691,0.8646080760095012,0.8580215274218349,0.8110992529348986
1000.0,60.0,0.7651085141903172,0.75604670558799,0.7504792332268371,0.7463912064627202,0.7447292269532865,0.7441502463054187,0.7441449403446753,0.7429447852760737,0.740909090909091,0.7385365853658536,0.7357864158251487,0.7332070272132277,0.7312618097837498,0.7302104208416834,0.7294671769208125,0.7294438758103037,0.7303634232121923,0.7308718861209964,0.7324649298597194,0.733970753655793,0.7350534927627439,0.7419302514193025,0.75,0.7609461499748364,0.773508137432188,0.786556396269576,0.7985971943887775,0.8093861209964412,0.8181598647669645,0.8248645860201187,0.8295144571740316,0.8317972350230415,0.8338791306936588,0.835076923076923,0.8355991147644641,0.8357004519044545,0.8349024882313383,0.835023664638269,0.8341412742382271,0.8335108271210507,0.8333333333333334,0.832962962962963,0.8325825825825826,0.8323787705231004,0.8320403413498836,0.8317572892040977,0.8319327731092437,0.8319805194805194,0.8315441783649876,0.8321799307958477,0.8323008849557522,0.833029197080292,0.8336457357075914,0.8342911877394636,0.8353474320241692,0.8356095093576126,0.8364583333333333,0.8368223295759528,0.837882096069869,0.8385093167701864,0.8384879725085911,0.8398809523809524,0.8407134071340714,0.8413307741522713,0.8420698924731183,0.8432470258922323,0.8517923486293805,0.8575229479845683,0.8544313977802799,0.8125
1000.0,0.0,0.7527063599458728,0.6690631808278867,0.6746146435452793,0.6920930232558139,0.7080740117746005,0.7189627698102274,0.7296656390799147,0.7426900584795322,0.7601262493424513,0.7795889440113395,0.7981316725978648,0.8146620120596636,0.8273058252427185,0.8373244147157191,0.8446319464649403,0.8503888024883359,0.8544770011458503,0.8570934853983065,0.8597244587582752,0.8609099350046425,0.8613251155624037,0.8621599675192855,0.8604849000425351,0.8583351636283769,0.8552423900789177,0.8517321016166282,0.8484061393152302,0.8455069678039404,0.8427979527175238,0.8404150197628458,0.8381024096385542,0.8359475443558756,0.8340690729680602,0.8325863432639072,0.8311965811965812,0.8300512543835986,0.828881469115192,0.8281901584653878,0.8273910582908885,0.8266512835304297,0.8261502620850321,0.8256333830104322,0.8254063816977725,0.8248932275777914,0.82483781278962,0.8248357835470754,0.824572514249525,0.824527697726545,0.8246183825917506,0.8250591016548463,0.8250257820556892,0.8255813953488372,0.826133909287257,0.8268033687294032,0.8275334608030592,0.8276522405208733,0.82842559874362,0.8291011688835147,0.829995913363302,0.8307368421052631,0.8311300639658848,0.8323775915306573,0.8333333333333334,0.8343529411764706,0.8361220472440944,0.8371618172537009,0.8525506638714185,0.865076507650765,0.864072437210305,0.8224235560588902
400.0,30.0,0.8247058823529412,0.8402670775552131,0.8550199347589706,0.855494109160856,0.8382417582417583,0.812874251497006,0.7906339370829362,0.7799858055358411,0.7823936696340257,0.7938144329896907,0.8075697211155378,0.8198494825964252,0.8290870488322718,0.8344136711844431,0.8372093023255814,0.8396161754626457,0.8401162790697675,0.8404009252120278,0.8413461538461539,0.8422072451558551,0.8428446005267779,0.8446110590440488,0.8467532467532468,0.8482939632545932,0.8494305738063951,0.8501650916543323,0.8508577430271911,0.8511711711711712,0.8512059369202227,0.8511228867019934,0.8510965756060023,0.8506218576342948,0.8503831160102164,0.8501898047722343,0.8491518295247442,0.8489178101570237,0.848159953636627,0.84721808985421,0.8472673559822748,0.8463288834951456,0.8451764705882352,0.8449600250823013,0.8442283163265305,0.8433774293646905,0.8428618638466623,0.8420258259265472,0.8415235504165958,0.8409522166637915,0.8402862628731017,0.838785469004157,0.8376635341809471,0.8360999809196717,0.8346766266954984,0.8336665333866453,0.831765935214211,0.8312973883740522,0.8306348530038347,0.8287989382879893,0.8276804006373777,0.8276018099547512,0.8269539307815723,0.8242025809593377,0.8229140722291407,0.8214377078536711,0.819078070876632,0.8168935815504307,0.7976104272266474,0.7856179775280899,0.7787656903765691,0.7616780045351474
1100.0,0.0,0.7516622340425532,0.6582278481012658,0.6920745920745921,0.7263369881405236,0.7456140350877193,0.75118004045853,0.7514908381220861,0.7522284582370419,0.7576259162922677,0.7680280791320996,0.7818548387096774,0.7967165620473201,0.8101336302895323,0.8218249075215783,0.8307588985896575,0.8389647735442128,0.8448145344436033,0.8489208633093526,0.8526490066225165,0.8553264604810996,0.8571301247771836,0.8602069614299154,0.8593688362919132,0.858294225668231,0.8556149732620321,0.8524132000429969,0.8491147036181679,0.8460591133004927,0.8432352607065773,0.8407599309153714,0.8381699040486777,0.8354703415218694,0.8338174776083273,0.831941031941032,0.8303882528621205,0.8289771299321438,0.827157294635916,0.8263008024851152,0.8252337679441591,0.8241846731982284,0.8234656550602899,0.8225426313600444,0.8220884658454647,0.8214437668415827,0.821105527638191,0.8207848837209303,0.8203619243784023,0.820169567157519,0.8199095022624434,0.8200062715584823,0.819850007978299,0.8201144726083401,0.8205813564984965,0.8207611281005777,0.8218278615794143,0.8218983291859225,0.8227040816326531,0.8233863423760523,0.8238194576142613,0.8248289345063539,0.8253811126509603,0.8266748617086662,0.8281975517095821,0.8296847635726795,0.8319578175149014,0.8338095238095238,0.8547745358090185,0.8681602757432141,0.8682572614107884,0.8364647026125626
25000.0,70.0,0.818986820428336,0.8712298796686982,0.8739316239316239,0.8787996882307093,0.8853161843515541,0.8910614525139665,0.8945518453427065,0.8962060788963139,0.8961038961038961,0.8947287299630087,0.892579888066438,0.890282131661442,0.8881437125748503,0.8863203698667392,0.8846625766871166,0.8836088154269972,0.8832819722650231,0.883061049011178,0.8830297219558965,0.8834847675040085,0.8843861740166865,0.8862745098039215,0.8889695210449927,0.8915579958819492,0.8937715634646813,0.8953544061302682,0.8963242224316682,0.896763621466612,0.8978723404255319,0.8984910836762688,0.899736147757256,0.9011653966831017,0.9034541336353341,0.90592210563756,0.9089902568644819,0.9123669123669124,0.916,0.9191797346200241,0.9221093372036768,0.9245175936435869,0.9270557029177718,0.9287356321839081,0.9312445604873804,0.9320474777448071,0.9340469239917829,0.9349302824454773,0.9346077785102175,0.9354929975951337,0.9352078239608802,0.935672514619883,0.9360816944024206,0.9369997947876052,0.9367764915405165,0.9368723098995696,0.9368367862556847,0.9355803207393314,0.9357122628150666,0.9355982274741507,0.9342560553633218,0.933531746031746,0.9335843889079083,0.9331600445599703,0.9317447495961227,0.9316608996539792,0.9308437067773168,0.9303921568627451,0.9220973782771535,0.9164279869067102,0.9123561401289996,0.9092363054778089
2000.0,80.0,0.8122317596566524,0.7971014492753623,0.7656892662863208,0.7380790960451977,0.717439293598234,0.7043879907621247,0.698683055311677,0.7002840909090909,0.708631115997801,0.7214142427281846,0.7367205542725174,0.7518796992481203,0.7653061224489796,0.7761645493042952,0.78506629448709,0.7925867507886435,0.7984210526315789,0.8033041788143829,0.8075703108479594,0.8112815780366824,0.8146286288802312,0.8251789976133651,0.8356856595225649,0.8462614954018393,0.8560572194903889,0.8649382716049383,0.872562115949773,0.8783357245337159,0.8834597875569044,0.8872517616912236,0.890260173448966,0.8925761204242217,0.8943001443001443,0.8955498344979772,0.896591344312524,0.8972738048202291,0.8980503655564581,0.898687448728466,0.8991596638655462,0.8990299823633157,0.8992837958818263,0.8996333638863429,0.8993916705662143,0.8996655518394648,0.8992665036674816,0.8992592592592593,0.8984293193717278,0.8981333333333333,0.8982161594963274,0.8970174451322454,0.896471949103528,0.8956574185765983,0.8946063236205828,0.8929266709928618,0.8920377867746289,0.8914246196403873,0.8901651112706389,0.8892988929889298,0.8897058823529411,0.8888888888888888,0.8874700718276137,0.8861588861588862,0.8852320675105485,0.8854166666666666,0.8845807033363391,0.883745247148289,0.8809960681520315,0.8831498729889924,0.8827669414840137,0.8561434193266287
9000.0,40.0,0.8746701846965699,0.8548474945533769,0.8221153846153846,0.817806333180358,0.8202218209956151,0.8259833134684148,0.8326715825297788,0.8403361344537815,0.847534516765286,0.8548744460856721,0.8609946075494308,0.8658340767172168,0.8690029203170629,0.8710532658471921,0.8720705817480011,0.8720748829953198,0.8717047451669596,0.8714003944773175,0.871308946672543,0.8719842442146726,0.8725974739154311,0.8751793400286944,0.880506091846298,0.8872602907047759,0.8939202026599113,0.9002646041115409,0.9054019126389248,0.909179370742783,0.9115755627009646,0.913022113022113,0.913353115727003,0.9124555160142349,0.9114671163575042,0.9104743083003952,0.9095127610208816,0.9087131367292225,0.9075994428107104,0.90636105188344,0.9067543335325762,0.9054816151590345,0.9039245667686034,0.9040022390148335,0.9027477616548317,0.9007140428425705,0.8996680191811139,0.8978859194256082,0.8957975986277873,0.8935291418081689,0.89111328125,0.8845303867403315,0.8782714546561169,0.8704453441295547,0.8632668144863267,0.8579365079365079,0.8503484320557492,0.8458791208791209,0.8417148362235067,0.8367389274971476,0.832984466233337,0.8304950941693922,0.8278938718008922,0.8228444328143399,0.8194386258902387,0.8163265306122449,0.814136546184739,0.8120248790601244,0.8088235294117647,0.8209902666102412,0.8392564242755605,0.8845987920621226
25000.0,30.0,0.8158301158301158,0.874820143884892,0.8778663396689148,0.8822898032200358,0.8887521535810977,0.8937740693196405,0.8965656565656566,0.8973214285714286,0.8965929468021518,0.8942512420156139,0.8911055694098088,0.8885466794995188,0.8857646929099129,0.8835607862777013,0.8819375794379325,0.8808051989221747,0.8804964539007092,0.8804670492776568,0.8806266548984996,0.8814268142681427,0.8823045267489712,0.8851156069364162,0.8881987577639752,0.8910702976567447,0.8926174496644296,0.8941763727121465,0.8944525547445256,0.894263862332696,0.894041386187983,0.8938854739566483,0.8947368421052632,0.8959227467811158,0.8973305954825462,0.8993055555555556,0.9022844026669581,0.9051582969432315,0.9081236277655801,0.9106514994829369,0.9124308002013085,0.9142599277978339,0.9154778887303852,0.9163529903805939,0.9169082125603865,0.9168514412416852,0.9181649101053937,0.9183955739972337,0.9178187403993856,0.9173622704507512,0.9165911151405258,0.9162097858694528,0.9161683532658693,0.9165724337228295,0.9165075034106412,0.9163124725194196,0.9162913495884454,0.9149676777722526,0.9146722164412071,0.91441523118767,0.9130434782608695,0.9123194221508828,0.9123646960865945,0.9119765871229176,0.9110138584974471,0.910932225396001,0.9104189636163176,0.9102302535703877,0.9049015500628403,0.901657458563536,0.8995342648037259,0.8989568418899571
400.0,70.0,0.6926365795724465,0.7069059271343121,0.7079862812346889,0.7090219863532979,0.711674789543642,0.7138661307775545,0.7147028154327424,0.7133077765607886,0.7096207865168539,0.7042750110180697,0.6978260869565217,0.6910408432147562,0.6856018882769472,0.6799814643188137,0.6756493506493506,0.6720450281425892,0.669345579793341,0.6666666666666666,0.6650548633066766,0.6632954066582385,0.6619047619047619,0.6607887143315165,0.6625161013310433,0.6683878370625359,0.6772239263803681,0.692260816575259,0.7116841685497807,0.7335628227194492,0.7582369626881955,0.7841124020534991,0.8092598630583632,0.8311335403726708,0.8519179304192686,0.8678861788617886,0.8808437856328393,0.8926132836747361,0.8990384615384616,0.9065693430656935,0.9105504587155964,0.9118616144975288,0.9130052724077329,0.9152542372881356,0.9147525676937442,0.9127110228401192,0.91282575370465,0.9119390347163422,0.9110262008733624,0.9099819738621001,0.9091644516352712,0.9057025717480433,0.9034859521331947,0.9022668657526809,0.8980392156862744,0.8964741185296324,0.8937559732398854,0.890164752870694,0.8903648898604337,0.8873665480427047,0.8836377330069667,0.8829666160849772,0.8811011323701678,0.8769394261424017,0.873994638069705,0.8710891554928252,0.8681511133350013,0.8651595744680851,0.8448136142625607,0.8313791178112787,0.8219749652294853,0.801610541727672
1000.0,20.0,0.8038067349926794,0.7253317945758799,0.750791331872413,0.7682625309058215,0.769200930954228,0.7587747287811104,0.744783791956456,0.7337513381250956,0.7299755935211892,0.7342743172752378,0.7458917835671343,0.7611496531219029,0.7774515560775103,0.7925531914893617,0.8063328424153167,0.8172386272944933,0.826677994902294,0.833634719710669,0.839943342776204,0.8449604743083003,0.8485286525554981,0.8553521907931225,0.8576155027767931,0.8576023753556847,0.8556753980482794,0.8530309059556971,0.8497338610618261,0.8469159921853195,0.8443181818181819,0.8418242170587387,0.8393828067597355,0.8367500753693096,0.8349588540079245,0.8332301021988232,0.8315805995919008,0.830293417922284,0.8284217419777341,0.8275805660068706,0.8264490339773485,0.8255478172243927,0.8248112560054908,0.8240773286467487,0.8235398544292561,0.8232223222322232,0.8227571115973742,0.8226491779050434,0.8222305389221557,0.8222264293828095,0.8222521137586472,0.8224579663730984,0.8227254181966545,0.8232830820770519,0.8236932305055699,0.824350861880864,0.8255309431377027,0.8258182650492103,0.8266384778012685,0.8273363921758029,0.8280254777070064,0.8288675429726997,0.8291933418693982,0.8305039787798408,0.831555920153131,0.8328129435140506,0.8340273646638905,0.8352395672333849,0.8494342906875544,0.8617932609937179,0.8641379310344828,0.8287885561019223
17500.0,90.0,0.8326266458379826,0.9251256281407035,0.9325707405177603,0.9346859366314619,0.937294932555596,0.9395050412465628,0.9410774410774411,0.9426063470627954,0.9438652766639936,0.9452830188679245,0.944627554383652,0.9445290682914446,0.9443959243085881,0.944122036146576,0.9436196203721106,0.9435244161358811,0.9430622009569378,0.9429340511440107,0.9427792915531336,0.9427792915531336,0.9425067075507857,0.9426356589147287,0.9426974143955276,0.9444654683065279,0.944968152866242,0.9456836369828027,0.9461954074741108,0.9461922963834166,0.9461100569259963,0.94581519109821,0.9445460085313833,0.9437689969604863,0.9418931583880038,0.940920041298612,0.9392926761347814,0.937290409121395,0.9351926163723917,0.9329995231282785,0.9304691916336914,0.9278145695364238,0.9257253384912959,0.9235955056179775,0.9218830832902225,0.9197860962566845,0.9196787148594378,0.92,0.9201359388275276,0.9213145539906104,0.9234921623585591,0.9287031346035648,0.9340302302585111,0.9386590584878745,0.9418584226242754,0.9440291355184972,0.9461348684210527,0.946796719131013,0.9478971962616822,0.9491150442477876,0.9493340297727866,0.9494366584226436,0.9505148741418764,0.9511664074650078,0.9517381032737091,0.9522949042284062,0.9527104959630911,0.9531758957654723,0.9506172839506173,0.9488768396591789,0.9468283582089553,0.9462550028587764
900.0,40.0,0.8164119977362762,0.7674825174825175,0.7604659628685839,0.7548415492957746,0.7501895375284306,0.7471698113207547,0.7464874153441827,0.7476033317617476,0.7513538968683777,0.7569397427217333,0.764678687008784,0.7735170760934691,0.7830609212481426,0.7922807017543859,0.8008671103044969,0.808669150016932,0.8156853043047996,0.821549276733811,0.8274265875886012,0.8320433436532507,0.8360059513969251,0.8447633246366009,0.8496583143507973,0.8518518518518519,0.8521093000958773,0.8505950873638896,0.8488063660477454,0.8466611706512778,0.8448275862068966,0.842836468885673,0.8409495548961424,0.8385416666666666,0.8373250388802488,0.8359251031418597,0.8344092963202066,0.8331697742885181,0.831693247370207,0.8308998302207131,0.8300381546999653,0.8292509762158324,0.8285406182602444,0.827790096082779,0.8271604938271605,0.8269303917839482,0.8268933539412674,0.826530612244898,0.8265550239234449,0.8265264860493328,0.8262659530671058,0.8264997842037117,0.8271441202475686,0.8271773825809393,0.8279418659165495,0.8287769784172662,0.8297979797979798,0.8299492385786802,0.8305439330543933,0.8310847274689692,0.8315038419319429,0.8319136854060193,0.8322766570605188,0.8328340323547034,0.8339529120198265,0.8343004513217279,0.8348002708192281,0.8343904157857647,0.8389201124046568,0.8404746209624259,0.8332806573957017,0.7831120190670753
384399.0,90.0,1.0,1.0,1.0,1.0,1.0,1.0,1.0,1.0,1.0,1.0,1.0,1.0,1.0,1.0,1.0,1.0,1.0,1.0,1.0,1.0,1.0,1.0,1.0,1.0,1.0,1.0,1.0,1.0,1.0,1.0,1.0,1.0,1.0,1.0,1.0,1.0,1.0,1.0,1.0,1.0,1.0,1.0,1.0,1.0,1.0,1.0,1.0,1.0,1.0,1.0,1.0,1.0,1.0,1.0,1.0,1.0,1.0,1.0,1.0,1.0,1.0,1.0,1.0,1.0,1.0,1.0,1.0,1.0,1.0,1.0
20000.0,60.0,0.8446060981272249,0.9141705069124424,0.924741124260355,0.9289392378990731,0.9314789687924017,0.9324497648567764,0.9328788673308862,0.9329962073324906,0.9337349397590361,0.9343389529724934,0.934888543286677,0.9350384245917387,0.9347586206896552,0.9340987731991193,0.933119315141787,0.9321248741188318,0.9310501247448401,0.9299005862860056,0.9287145720011452,0.9279742765273312,0.927049476345251,0.9258720930232558,0.924380704041721,0.9236842105263158,0.9215847636962144,0.9202943939868462,0.9193881769326168,0.9197514185355309,0.9212736179146256,0.923732615522656,0.927065527065527,0.9310839913854989,0.9346463742166518,0.9379295056528486,0.9398557626888012,0.9406695392774279,0.9404809619238477,0.9394085116614571,0.9370508766887037,0.9345318860244234,0.9322169059011164,0.9292694276407631,0.9274583557227297,0.9251237623762376,0.9247386759581881,0.923861852433281,0.9240953221535746,0.9245136186770428,0.9247484478698351,0.9274598393574297,0.9307736226091922,0.9338410280818658,0.9359846502703646,0.9374291115311909,0.9385452347370542,0.9388240380458279,0.9396551724137931,0.9403233475986685,0.9400805639476334,0.9402906208718627,0.9412894375857339,0.9417706476530006,0.9424807197943444,0.9433573635427395,0.9438775510204082,0.9441233140655106,0.940099833610649,0.9385964912280702,0.9366197183098591,0.9344306529951429
7000.0,90.0,0.8415388754371805,0.8101445168603004,0.781733746130031,0.7759368225456797,0.7726763717805151,0.7723424270931326,0.7777777777777778,0.7893772893772893,0.8032934131736527,0.8174776564051639,0.8286883150089491,0.8362068965517241,0.839907192575406,0.8391866913123844,0.8375136314067612,0.8329161451814768,0.8289191123836793,0.8247758761206194,0.8213893967093235,0.8191456510550695,0.8171770665438637,0.8129731334421849,0.812952380952381,0.8150470219435737,0.8184559710494572,0.8230483271375465,0.8271383788625168,0.8325333333333333,0.8384470882905448,0.8443804034582133,0.8497959183673469,0.85636025998143,0.8621507371894009,0.8679160081282457,0.8730178706267304,0.8780885147977192,0.8816901408450705,0.8850556182492343,0.8887399463806971,0.8899746652189648,0.8903732809430256,0.8917055364023525,0.8914579319203597,0.8906107566089334,0.88976003801378,0.8884194831013916,0.8870173620108837,0.8854363685490408,0.8836231071228267,0.8794108622276772,0.8757763975155279,0.871220206332266,0.8670764502497119,0.8642075395216863,0.8596179475788538,0.8573400828347906,0.8557784145176696,0.8524421593830335,0.8508437670114317,0.8497807017543859,0.8488108720271801,0.8461055276381909,0.8448844884488449,0.8435326842837274,0.8426547352721849,0.84185303514377,0.8314130578731294,0.8235179786200194,0.8259334006054491,0.849235852953325
4000.0,70.0,0.8092105263157895,0.8138736263736264,0.7690217391304348,0.7484536082474227,0.7469458987783595,0.7552094757622285,0.7694950188938509,0.7854582693292371,0.7997097242380261,0.8088932806324111,0.8124201380015333,0.8114440548294549,0.8070927513639906,0.8011441647597254,0.7950775815944355,0.7891344383057091,0.7845781466113416,0.7820260149783208,0.7790343627664201,0.7789626757149782,0.7803030303030303,0.7839095744680851,0.7920389926888708,0.8013435700575816,0.8118536639608585,0.8222475611301153,0.8317253121452894,0.839863184079602,0.8466309084813946,0.8527201145311382,0.8581235697940504,0.8631708316263826,0.8666951506088443,0.8699551569506726,0.872778297474275,0.875181774115366,0.8782518210197711,0.8797785394147113,0.881589842671819,0.8839027214823393,0.8853389071364587,0.8871374527112232,0.8885640025990903,0.8898247978436657,0.8911374738311235,0.8923799205489347,0.8934579439252337,0.8945945945945946,0.8961507618283882,0.8980667838312829,0.8997679814385151,0.9015338941118258,0.902464604090194,0.9035812672176309,0.9035350509286998,0.9050826699326393,0.9041800643086817,0.9039891818796484,0.9033379694019471,0.902332361516035,0.9016393442622951,0.899607843137255,0.8971428571428571,0.89419795221843,0.889048473967684,0.8851262862488307,0.8442292171105731,0.8197162865864608,0.8219360568383659,0.8309509011808577
1600.0,50.0,0.8001711596063329,0.7781148867313916,0.7605299584734032,0.74276964954066,0.7272727272727273,0.7135206321334504,0.7045727236368484,0.701384825433977,0.7033479692645445,0.7073895284069811,0.7169082125603865,0.7274379164142943,0.7354886113152094,0.7480935875216638,0.7529880478087649,0.7584073782476661,0.7649856088099112,0.7665466629742453,0.7724252491694352,0.7773566249176005,0.7815472985101418,0.7974710672953279,0.809871568874339,0.8281976744186047,0.8405891980360065,0.8527808069792803,0.858158830501778,0.8694172692471289,0.8765765765765766,0.8874109263657958,0.8882847256549679,0.8703140830800405,0.8915470494417863,0.8830536004331349,0.8938798427849522,0.9013271783035199,0.8840922531046718,0.8873659117997617,0.8826034063260341,0.8958730158730158,0.8926735218508998,0.8826229508196721,0.8845126835781041,0.8824728260869565,0.8848821081830791,0.875,0.9050772626931567,0.9050112191473448,0.8727005150846211,0.8802816901408451,0.8767013610888711,0.8787375415282392,0.8717077315208156,0.8857395925597874,0.8697247706422019,0.8825679475164011,0.8866019417475728,0.8808764940239043,0.860990099009901,0.8490756642085059,0.8886624477099646,0.878314446033667,0.8778773103526477,0.8702040816326531,0.8649041959738055,0.8797849187043912,0.8819543509272468,0.8844372394627142,0.8811034482758621,0.8492581602373888
20000.0,0.0,0.8811777076761304,0.9606767261088248,0.9586776859504132,0.9522935779816514,0.9488974448722436,0.9472401433691756,0.9466781708369284,0.9469153515064562,0.9471907402941886,0.9473536036036037,0.9474543080939948,0.9469924812030075,0.9461902712010332,0.945124938755512,0.9438888888888889,0.9422110552763819,0.9405099150141643,0.9401436552274541,0.9389038634321654,0.9381516347808483,0.9376211654692668,0.9365763546798029,0.9350811485642946,0.9325842696629213,0.9287330316742082,0.9241967871485943,0.9205823957643945,0.9188955996548749,0.9190332999220403,0.9219817767653758,0.9269612263300271,0.9331823329558324,0.9395992097092859,0.9455117010129235,0.9497638471446973,0.9522560335781742,0.9534438775510204,0.9522342064714946,0.95,0.9468556244464128,0.9429022497039863,0.9387818520820386,0.9345368344274252,0.9307561597281223,0.9273975962717684,0.924438202247191,0.9225127551020408,0.9210620739146035,0.9203681472589036,0.9196125907990315,0.9206349206349206,0.9219858156028369,0.9231873653984207,0.9244689221085759,0.9252971137521222,0.9264305177111717,0.9275096525096526,0.9283892685912476,0.9298452943704341,0.931462067410664,0.9329562860846,0.9358843102124392,0.9383873190902826,0.9404568901989683,0.941974730931212,0.9432135237157394,0.9427447552447552,0.9429437706725469,0.9424066924066924,0.9393364928909953
2500.0,30.0,0.8292781832927818,0.8085495067592254,0.7496537396121884,0.7068155111633373,0.6838306063522618,0.6760606524735794,0.6794110662550463,0.6915921288014312,0.7106360792492179,0.7333333333333333,0.7563116370808679,0.7772554002541296,0.7935311665881614,0.8051753234577161,0.8134894816742572,0.8191176470588235,0.8232570806100218,0.8260344306855935,0.8289085545722714,0.8314244810307803,0.8338545738858483,0.8416206261510129,0.8495197438633938,0.8574893875075803,0.8634538152610441,0.8696925329428989,0.8737254901960785,0.8778242677824267,0.8810572687224669,0.8847725162488393,0.8871621621621621,0.8889328063241106,0.8921096693177062,0.8938941076003416,0.8961705928324216,0.8980582524271845,0.8997018485390579,0.9011095031355524,0.9024813895781638,0.9041437188565434,0.9050607557751369,0.9062199643004256,0.9071830985915493,0.9078966363505125,0.9086724086724087,0.9094328268391756,0.9097199871258449,0.9101382488479263,0.9106072874493927,0.9107048690455265,0.910694798108403,0.9103078982597055,0.9101168085527618,0.9087301587301587,0.9077192215176033,0.9068616422947131,0.9053768490255929,0.9038740920096853,0.9035766070565491,0.9023002720751917,0.8995782814971007,0.8975609756097561,0.8951928451648966,0.892816091954023,0.8904477611940298,0.8874213836477988,0.8756499133448874,0.8754208754208754,0.8775100401606426,0.8562031512926419
200.0,10.0,0.6275421266705404,0.607741326410196,0.6258379037172456,0.652377762893503,0.6673996701484332,0.7114347357065803,0.684183982247327,0.6701012613252798,0.6503681885125184,0.6085571233500228,0.5825242718446602,0.5179245283018868,0.5990384615384615,0.7581568402976532,0.7366426676771504,0.7186888454011742,0.7039106145251397,0.6924277907884466,0.6833333333333333,0.675255825422266,0.6681719090625973,0.6526793308760985,0.6364567332309268,0.6212121212121212,0.6128688611910089,0.6115575514062869,0.6117068247760817,0.6124849619034889,0.612985179957657,0.6134403806125484,0.6139309698578791,0.6145662847790507,0.6149897330595482,0.6153846153846154,0.6157992565055762,0.6163509856977194,0.6166499498495487,0.6169681846537742,0.6173052087817478,0.6174899866488652,0.6177348954743854,0.6181559611282295,0.6181285120938187,0.6181132075471698,0.6183699870633894,0.618452539218293,0.6186186186186186,0.6187675070028011,0.61889718552556,0.6191623983127448,0.6195583596214511,0.6197693574958815,0.619718309859155,0.6198140200286123,0.6204460966542751,0.6205167759352103,0.6207034372501998,0.6210177906495656,0.6213093709884466,0.6220159151193634,0.6222627737226277,0.6228793019873969,0.6238437821171634,0.6239130434782608,0.6251435132032146,0.6255293405928615,0.6308123249299721,0.6351919685253019,0.6399641577060932,0.6652963671128108
2500.0,20.0,0.8448795180722891,0.8173965752386725,0.7548185941043084,0.7067238912732475,0.6781902552204176,0.6658952496954933,0.6657934131736527,0.6756152125279642,0.6939271255060728,0.7166289592760181,0.7416224412433662,0.7644314868804665,0.7828632887189293,0.796875,0.8070318887980377,0.8143514259429623,0.819828990228013,0.8234765010119182,0.8273766107464138,0.8301587301587302,0.832997408580478,0.8415208613728129,0.8493415956622773,0.8565179352580927,0.8625660740028832,0.8676085818942961,0.8719955282280604,0.8761167361524718,0.8792240300375469,0.8821593153390388,0.8850889192886456,0.8866340097970609,0.8903703703703704,0.8919939577039275,0.8941548183254344,0.8962418300653595,0.8979763912310287,0.8994032395566922,0.9017543859649123,0.9034291010194625,0.9043396226415095,0.9057225994180408,0.9070646766169155,0.9078397390151901,0.9086810652128329,0.909506107275624,0.9100715340070399,0.9106002554278416,0.9111161887352908,0.9116480793060718,0.9120625560825535,0.9117726293103449,0.9116376306620209,0.9108139876579489,0.909775591761451,0.9088035403824878,0.90753255315642,0.906064209274673,0.9060857772503814,0.9046297901855385,0.9019933554817275,0.8997346474601972,0.89765625,0.8952648475120385,0.8928199791883454,0.8896913985554826,0.8776421554033939,0.8775822494261668,0.8800545206724216,0.858876312837769
1600.0,40.0,0.8127879122903998,0.784804753820034,0.762222593025196,0.7407192575406032,0.7217140105922003,0.7060862865947611,0.6963625521765057,0.692787177203918,0.6952186141651752,0.700493305144468,0.7125581395348837,0.7264705882352941,0.7351467430207588,0.7520270270270271,0.7590513068731849,0.7654535578489952,0.7738023772361629,0.7760760496435173,0.7831428571428571,0.7890661297816324,0.7942655935613682,0.8124509033778476,0.8252889191026512,0.8437821171634121,0.8546643913538111,0.8650077760497668,0.8685352018685352,0.8777540867093105,0.883955223880597,0.893666927286943,0.892799352750809,0.8740710156895128,0.8953739731949849,0.8858146684233641,0.8967712596634834,0.9042950513538749,0.8867112810707457,0.8898508898508899,0.8851251840942562,0.8985655737704918,0.8952825298081908,0.8847170809095717,0.8869143780290791,0.884446878422782,0.8865287870318613,0.8766891891891891,0.9074183976261128,0.9065702230259193,0.8736654804270463,0.8820189274447949,0.8779857972885733,0.8794373744139317,0.8725154215215901,0.8870621872766261,0.8704663212435233,0.8835098335854765,0.8871473354231975,0.8817377312952535,0.8624,0.8491027732463295,0.8890814558058926,0.8790222222222223,0.8781135531135531,0.8710650329877474,0.8650342801175318,0.8804055452100145,0.8818784212042639,0.8838383838383839,0.8801247771836007,0.8489658489658489
4000.0,60.0,0.8092764378478664,0.8140547263681592,0.7700819672131147,0.749820788530466,0.7484566033167898,0.7566554920134095,0.771243842364532,0.7869227251943302,0.8010335917312662,0.8100877192982456,0.8135401335899468,0.8128085766680773,0.8085473031190763,0.8030364372469636,0.7971597633136095,0.7914177077675176,0.7868300153139357,0.784217877094972,0.7816358024691358,0.7814113597246127,0.7823161941374339,0.7855450236966824,0.7937545388525781,0.8027562446167097,0.8124062031015508,0.8224737082761774,0.8318788501026694,0.8398872445384074,0.8467042167757649,0.8527018229166666,0.8581350928980725,0.8631441374159821,0.8667186282151208,0.8698588090853284,0.8727039726612559,0.87533215234721,0.8782691393247741,0.8797300554350446,0.8816254416961131,0.883739406779661,0.8850040972411909,0.8872223824632247,0.8882282996432818,0.8896083872957139,0.8911238825031929,0.8922314049586777,0.8935660506502395,0.8946624248851184,0.895741556534508,0.8978278358809332,0.9001274968125796,0.9012233801540552,0.9024975984630164,0.9036326942482341,0.9034028540065862,0.904655075715087,0.9040047114252061,0.903405572755418,0.9038216560509554,0.9018691588785047,0.9017064846416383,0.8987796123474515,0.8968609865470852,0.89375,0.8889802631578947,0.8851756640959726,0.844069466683089,0.8196317000986517,0.8219150233787356,0.8303927148548662
7000.0,80.0,0.8415763025654589,0.8102535525215938,0.7817490494296578,0.7762056899437091,0.7729521715228147,0.7728531855955678,0.7784992784992785,0.7896515311510032,0.8034902478369262,0.8178988326848249,0.8290362953692115,0.8365114098155674,0.8402725208175624,0.8394391677973767,0.8377801494130203,0.833435394978567,0.8291316526610645,0.8260175578611333,0.8216457960644007,0.8194640338504936,0.8174442190669371,0.8132267441860465,0.8132462686567165,0.8152173913043478,0.8185042861365652,0.8228217280349982,0.8276923076923077,0.8329842931937173,0.8388683886838868,0.8443029016277424,0.8507223113964687,0.8561131386861314,0.862124898621249,0.8678805373598313,0.8728645704382273,0.8779217310004007,0.8816749343449081,0.8848167539267016,0.8885040409038429,0.8897202921788705,0.8901353965183753,0.891573482428115,0.8914189331646637,0.8902603231597845,0.8895648104819841,0.8883720930232558,0.886903242277253,0.8852502662406816,0.8834254143646408,0.879081015719468,0.8753623188405797,0.8710129688047669,0.8667676003028009,0.8638178913738019,0.8590809628008753,0.8571428571428571,0.8555294117647059,0.8525835866261399,0.850402144772118,0.8498109130199892,0.8482989403234802,0.8459158415841584,0.8446033810143043,0.8437285812200137,0.8427626745040412,0.8410700236034618,0.8313331594051656,0.8233492822966507,0.8258817685047193,0.849125660837739
20000.0,70.0,0.8458218232044199,0.9148691767708999,0.9250408496732027,0.9293015332197615,0.9316398954053045,0.9327375352775165,0.9331026528258363,0.9332870048644892,0.9346026490066225,0.9351219512195122,0.935300148080647,0.9353732524399895,0.9351613391910316,0.9345310070823977,0.9336075205640423,0.9325370493253705,0.9312749003984063,0.9303106633081444,0.9292675259352405,0.9283445111189552,0.9274385408406027,0.926063829787234,0.9241773962804005,0.9233878729547642,0.9219455554122049,0.9206321937811373,0.9197642792384406,0.920047379330767,0.9214258336527406,0.9238703339882122,0.9276807980049875,0.9309803921568628,0.9352883675464321,0.9385657274156488,0.9406616229046135,0.9415373511367737,0.9411636522118109,0.9402088772845953,0.9382407985028073,0.9357090374724467,0.9331896551724138,0.9311557788944723,0.9287782281412854,0.927381745502998,0.9266467065868264,0.9259259259259259,0.9253308128544423,0.9263803680981595,0.9270356816102471,0.9299090422685928,0.9333434558153659,0.9362992922143579,0.9383333333333334,0.9398073836276083,0.9410004275331338,0.9410144594904751,0.9419836302359171,0.9425113464447806,0.942261427425822,0.942744877911872,0.9434896591902127,0.9444444444444444,0.9449760765550239,0.9455807158509861,0.9460822342901474,0.9462233169129721,0.9421930870083433,0.9400630914826499,0.9378095238095239,0.9358147713950763
384399.0,80.0,1.0,1.0,1.0,1.0,1.0,1.0,1.0,1.0,1.0,1.0,1.0,1.0,1.0,1.0,1.0,1.0,1.0,1.0,1.0,1.0,1.0,1.0,1.0,1.0,1.0,1.0,1.0,1.0,1.0,1.0,1.0,1.0,1.0,1.0,1.0,1.0,1.0,1.0,1.0,1.0,1.0,1.0,1.0,1.0,1.0,1.0,1.0,1.0,1.0,1.0,1.0,1.0,1.0,1.0,1.0,1.0,1.0,1.0,1.0,1.0,1.0,1.0,1.0,1.0,1.0,1.0,1.0,1.0,1.0,1.0
900.0,50.0,0.774792531120332,0.7630544637843908,0.7570457836693772,0.7534351145038168,0.7523133867982726,0.7522629823725584,0.7517680339462518,0.7512135922330098,0.7494769144929558,0.7468377976190477,0.7443031902134805,0.7418967587034814,0.7400219699743683,0.7391114982578397,0.7387983706720977,0.7397420867526378,0.7405189620758483,0.7415915915915916,0.7438493723849372,0.7454460966542751,0.7471973670677774,0.754595706388996,0.7632325141776938,0.7737871380218128,0.7850877192982456,0.7960970728046034,0.8055322715842415,0.8136058572300183,0.8198168737737083,0.8244037331489803,0.8272859216255443,0.8281904761904761,0.8290866326930616,0.8295638126009693,0.8294701986754967,0.8291859974694222,0.8279192273924495,0.8276773909211106,0.8271660649819494,0.8265494912118408,0.8255977496483825,0.8253738543174144,0.8250244379276638,0.8244654400795625,0.8242424242424242,0.824435318275154,0.8237747653806048,0.8239026969857218,0.8239095315024233,0.8244920993227991,0.8248554913294798,0.8252832438878951,0.8259803921568627,0.8269592476489028,0.8278364116094987,0.8282493368700266,0.8292349726775956,0.8301620859760395,0.8302292263610315,0.8309859154929577,0.8314522197140707,0.8318999218139171,0.8326596604688763,0.8332211942809084,0.8332744924977935,0.8339154411764705,0.8396596858638743,0.8430022379066965,0.8375361719718892,0.7899197145405887
17500.0,80.0,0.832529592284086,0.9252590034533794,0.9324137931034483,0.9347529347529347,0.9373209169054442,0.9392165691130122,0.9415333701047987,0.9429329794293297,0.9432624113475178,0.9443929564411492,0.9447143936939856,0.9444860279441117,0.944349070100143,0.9441003911342895,0.9438389063365971,0.9434474123539232,0.9430989889489771,0.9431066419687748,0.9428571428571428,0.9427519250083696,0.9427279577995479,0.9426104621635348,0.9436426116838488,0.9442379182156134,0.9450219160926737,0.9457649815868765,0.9462151394422311,0.9462272333044233,0.9462686567164179,0.9457659372026641,0.9442780107849011,0.9439461883408071,0.9419354838709677,0.9408577878103838,0.9391697492807234,0.9372937293729373,0.9350315955766193,0.9328638497652583,0.9301419426662956,0.9279191128506197,0.9253048780487805,0.9229747675962815,0.9209989806320081,0.9197422378441711,0.9194719471947195,0.9188988095238095,0.9203688181056161,0.9213160333642262,0.9231636102858314,0.9283980582524272,0.9337332589285714,0.9384591293454432,0.9415133634154808,0.94375,0.9455616494007719,0.9465615418309242,0.947818055876241,0.9487490891425795,0.9489032258064516,0.9492261743144176,0.9499858717151738,0.9511370620774432,0.9513333333333334,0.9521599428775437,0.9525436598329536,0.9529553679131484,0.9501449275362319,0.9488549618320611,0.9476102941176471,0.9462274774774776
15000.0,0.0,0.8167539267015707,0.8929608127721336,0.9092131809011432,0.9133566783391696,0.9148818571231173,0.9145746794292938,0.9131818181818182,0.9115684093437152,0.9103632122625791,0.9104477611940298,0.9113750571037004,0.9132492113564669,0.9160167966406718,0.919782460910945,0.9241379310344827,0.9285099052540913,0.9326254826254826,0.9363862188141268,0.9395000603791812,0.9420896328293736,0.9440084515544823,0.9462430055955235,0.9458167330677291,0.9444247787610619,0.9438414346389806,0.9441656210790464,0.9453189726594863,0.9481167914902855,0.9507666338444226,0.9531447107586952,0.9550638686131386,0.9557774607703281,0.9562301447229086,0.9559014267185474,0.9548793284365162,0.9539141414141414,0.9525244913338358,0.9508489722966935,0.9496107721439091,0.9477437599901636,0.9457530335474661,0.9435762460931074,0.9410435110190243,0.9383429672447013,0.93528133301135,0.9321071138761158,0.9289370671484493,0.926,0.9226823012092341,0.9180470793374019,0.9146341463414634,0.9121582315299592,0.9113591595535128,0.9121522693997072,0.9135702746365105,0.9144620811287478,0.9166507177033493,0.9183441726024569,0.9194816701738842,0.9202461247189682,0.9204174000502892,0.920253164556962,0.9200373366521468,0.9201158235394311,0.9203231136405361,0.9207998431680062,0.9240301724137931,0.9247939560439561,0.9260904684975767,0.9301204819277108
1000.0,30.0,0.8218045112781955,0.7714631197097944,0.7640329218106996,0.753987005316007,0.7418464626191671,0.7307377049180328,0.7226182760855476,0.7189672293942403,0.7210394949346645,0.7287145242070117,0.7414716661967861,0.7566883586406363,0.7717198581560284,0.7867494824016563,0.7992937021777516,0.8101761252446184,0.8199858256555634,0.8271889400921659,0.8344208809135399,0.8397746967071057,0.8442095588235294,0.8535688757275605,0.8580226178479453,0.859474378975159,0.8586653133722405,0.8565350352346762,0.8539217042467838,0.8511548331907614,0.8487370419039276,0.8466239379937398,0.8441499085923218,0.8418823529411765,0.8401144310235219,0.8384851917786049,0.8371137409598948,0.8358283433133733,0.834366391184573,0.8333907056798623,0.832484635645303,0.8315392895586652,0.8310651424423879,0.8305084745762712,0.8300678221552373,0.829730246795485,0.8293866459627329,0.82926348956282,0.8291708291708292,0.8291497975708502,0.8291829594566783,0.8297460180800689,0.8299604047514298,0.8305775764439411,0.8314737331473733,0.8321860906717303,0.8336243452232477,0.8337506259389084,0.8348363823756764,0.8359001593202336,0.8362557323981656,0.8370990237099024,0.8378607809847198,0.8389656185718484,0.8400606980273141,0.8409090909090909,0.8422273781902552,0.8432861580945806,0.8532473971244422,0.8599605522682445,0.858392999204455,0.8168745668745668
400.0,60.0,0.6516336861481823,0.6613257932767829,0.6635404454865181,0.6659494855004677,0.6679351656095842,0.6692276587141124,0.6685221263568049,0.6655592469545958,0.660350544765514,0.6544595392793857,0.6473419540229886,0.6408740359897173,0.6347930895942145,0.6293844367015099,0.6250166157118171,0.6212303980699638,0.618116927260367,0.6155165840640487,0.6134185303514377,0.6117311802422227,0.6100978059740947,0.6080661840744571,0.6078519855595668,0.6108462455303934,0.6162033359809372,0.6251866069524419,0.6376541439632922,0.6530023094688222,0.671190781049936,0.6919208850150855,0.7142243231628707,0.7352782279848731,0.7577353522053983,0.7776736924277908,0.7941659070191431,0.8095091394536866,0.8199264536888071,0.8289159653309885,0.8363877822045153,0.8394410380721519,0.8409436834094368,0.8437988128709778,0.8440650406504066,0.8427234042553192,0.8427398217717981,0.8418688230008985,0.8410095799557848,0.8399395998489997,0.8391756548536209,0.8359026369168358,0.8342066652693355,0.8319877809295222,0.8287343215507411,0.8272153378536358,0.8242811501597443,0.8220381526104418,0.821882951653944,0.8192450824029771,0.8166758696852568,0.8165239016302847,0.8152112676056338,0.8121230398069964,0.8103555832813475,0.8085381630012937,0.8067911714770798,0.8049215406562055,0.7922272047832586,0.7864583333333334,0.7832550860719875,0.7768044182060561
25000.0,20.0,0.8399239543726236,0.8750722961249277,0.874007561436673,0.8781144781144781,0.8845383354580222,0.8899319408589533,0.8936107854630715,0.895848246241947,0.8960034379028793,0.8952187182095626,0.8929845422116528,0.8907216494845361,0.8890637293469709,0.8872321428571428,0.885400945769192,0.8841724994355386,0.883474308799394,0.8831900803156263,0.8829536527886881,0.883166929409704,0.8835710099628834,0.8854568854568855,0.888283378746594,0.8906955736224029,0.8928785158587672,0.8947784810126582,0.8963471745238839,0.8971529764337284,0.8976042590949423,0.8978605935127675,0.8982195845697329,0.8986666666666666,0.8993680116674769,0.9006172839506172,0.9026479750778816,0.904390243902439,0.9060492180870409,0.9079910380881254,0.9091739766081871,0.9105135552126956,0.9114624505928853,0.9118380062305296,0.9124273255813954,0.9121848739495798,0.913064133016627,0.9129738387613454,0.9123434704830053,0.9118798955613577,0.9110320284697508,0.9099099099099099,0.9098991750687443,0.9101236553734794,0.9102732240437158,0.9102338150628598,0.9102468212415856,0.9089944282302999,0.9088128996385877,0.9084036056993312,0.9072259644825474,0.9065001601024656,0.9062967270310683,0.9056840595302134,0.905037637521714,0.9047325102880659,0.9043364567443888,0.9039301310043668,0.9000644745325597,0.8976939203354297,0.8961038961038961,0.8966142684401451
9000.0,50.0,0.8747346072186837,0.8566764609859615,0.8255439924314096,0.8227305218012866,0.8266309204647007,0.8333333333333334,0.8410553410553411,0.8483592400690846,0.8559322033898306,0.8626411936968345,0.8683358882643502,0.8726568867155664,0.875329026082795,0.8772563176895307,0.8781499202551835,0.8782608695652174,0.8783285538713642,0.8781725888324873,0.8779099844800827,0.8782608695652174,0.8792991563919533,0.882051282051282,0.8862895062422674,0.8917563781153223,0.8973669037093984,0.902281746031746,0.9062203978528576,0.9087301587301587,0.9104330708661418,0.9115523465703971,0.9114015976761075,0.9112271540469974,0.9098858142166444,0.9089814591861305,0.9078094164082323,0.9074224459964269,0.9064546304957904,0.9056078767123288,0.9062425257115523,0.9051607673601729,0.9040803897685749,0.9046984338553815,0.903923725705904,0.9023405972558515,0.9013100436681223,0.9000471475719001,0.8983308042488619,0.8962162162162162,0.894374282433984,0.8878807517822424,0.8824786324786325,0.8756884343036979,0.8690783807062877,0.863929889298893,0.8572150363783346,0.8529692977796665,0.8492982846959234,0.8445136559655008,0.8410537032323746,0.8387978142076503,0.836243064014075,0.8316518596596898,0.8286494299020395,0.8255734337555631,0.823464305478694,0.8215348007138608,0.8179708222811671,0.828780487804878,0.8457648546144121,0.8897205588822356
9000.0,70.0,0.8746644641750981,0.8553459119496856,0.8213306753052579,0.817046818727491,0.8207431604736627,0.825507614213198,0.833180987202925,0.841340782122905,0.849102377486657,0.8562703583061889,0.862568715642179,0.8692261547690462,0.8701482004234298,0.8725409836065574,0.8746465598491989,0.8731942215088283,0.8731117824773413,0.8734693877551021,0.8729071537290716,0.8739352640545145,0.8746197718631179,0.8767276802390735,0.8818167019371642,0.8876642645188639,0.8949821771318892,0.900597119775202,0.9046140195208519,0.9091915836101883,0.9107021131561008,0.9106699751861043,0.9110009910802775,0.9124837604818707,0.9130133185349611,0.9076674737691687,0.9116541353383458,0.9081325301204819,0.912925505673409,0.9187219730941704,0.8951788491446345,0.9122377622377622,0.9204233633869071,0.9029787234042553,0.9086672879776329,0.9014300306435138,0.9230346344145135,0.9190785587714116,0.8946372239747634,0.9025537634408602,0.8862828713574982,0.8904876099120703,0.8837412587412588,0.8881616939364774,0.8802357398442433,0.8611267288878893,0.8826499199605959,0.8449080072557658,0.8438304212379791,0.8665986295378335,0.8542830540037244,0.8242750752654096,0.8288822947576657,0.8493754592211609,0.8289241622574955,0.8268868910725486,0.8364169675090253,0.8437803692905733,0.8144329896907216,0.8266748617086662,0.8455349959774738,0.8550161812297734
1300.0,90.0,0.7986688851913477,0.7682136375421312,0.7538847117794486,0.741899915182358,0.7324192234591366,0.7252130534192476,0.7206738131699847,0.7184508268059182,0.7194029850746269,0.7212529738302934,0.7248397272819782,0.7293804637020145,0.733651330973996,0.7386404943656852,0.7430262045646661,0.7471597776166304,0.7517034614336331,0.7552833078101072,0.7601763907734057,0.7646396396396397,0.7684341342170671,0.7823860727086533,0.7971375233354075,0.8132352941176471,0.8286926994906622,0.8421860019175456,0.853368700265252,0.8625287356321839,0.8694002447980416,0.8742916022668727,0.8774437103950384,0.8789079077663036,0.8801977318988078,0.8806350157256253,0.880718452563709,0.8805759899827829,0.8794256811877957,0.8792397181713911,0.8785894206549119,0.8775193798449612,0.8769660957707095,0.8759899208063355,0.8753649635036497,0.87462852897474,0.8740558912386707,0.8733448474381117,0.8728301150770431,0.8723530575895507,0.871825876662636,0.8710632001690974,0.8703463203463203,0.8698079499776686,0.8694055542804682,0.8690448251584135,0.8691358024691358,0.8687344913151365,0.8689320388349514,0.868809272918862,0.8690412426352437,0.8695290858725762,0.8696262995223377,0.8701488182083454,0.8710454956312143,0.8721804511278195,0.8731514952349655,0.8741880341880341,0.8837772397094431,0.8893833439287985,0.8862595419847328,0.8515947777226904
400.0,40.0,0.8401807723911258,0.7834958739684921,0.797287899860918,0.8035714285714286,0.7877503852080123,0.7577011494252873,0.727451752658527,0.7087876844130853,0.7071850393700787,0.7221043699618158,0.7450343773873186,0.7691373025516404,0.7893201050481471,0.803328804347826,0.8126689841637698,0.8184121621621622,0.8219366681964204,0.8245526838966203,0.8259726603575184,0.8276249298147108,0.828978622327791,0.8328964613368283,0.8368080517613228,0.8404337722695585,0.843801652892562,0.8466725043782837,0.8498175182481752,0.850999048525214,0.8519326065411299,0.8521765725354267,0.8523272803172616,0.8514583107448769,0.8510073057338942,0.8505154639175257,0.8486543166724921,0.8480132059898597,0.8462657613967023,0.8443944506936633,0.8443671593590858,0.8421254801536492,0.8394946808510638,0.8389886892880905,0.8371556520559099,0.8351234481796626,0.8336633663366336,0.8321577659421333,0.8304564072557051,0.8288945097455735,0.8273728685679793,0.823825239666824,0.8210780370072406,0.8175268096514745,0.8144741409232905,0.81218993621545,0.8087604846225536,0.8071926190924495,0.8055767761650114,0.803030303030303,0.8012358393408857,0.8006556033599672,0.7994591221135844,0.7967045201514139,0.7953350102904185,0.7941037735849056,0.7929330368173956,0.7918610679108347,0.7881597717546363,0.7878508973768982,0.7888096544157982,0.7816865633731268
1000.0,10.0,0.752096143096702,0.6674087266251113,0.6977290524667189,0.7305097451274363,0.7498332221480988,0.7567994583004175,0.7573502722323049,0.7580110497237569,0.7627520759193357,0.771976558337773,0.7849462365591398,0.7984738955823293,0.8111008325624421,0.8226565697912402,0.8317736185383244,0.8392899690254944,0.845333667837431,0.8496559025939651,0.8536384815677676,0.8560659934575452,0.8576696165191741,0.8607220666044195,0.860594188703885,0.859240506329114,0.8568702290076335,0.8539665599430808,0.8506186317321689,0.8475643637710687,0.8449539560233039,0.8424761904761905,0.8399148277197057,0.8372646184340932,0.8356356356356356,0.8338073953677367,0.8320987654320988,0.8306669436941616,0.8288712786463911,0.8281985451433461,0.827165868524162,0.8259037480594367,0.8251623013207969,0.8241355621708266,0.8236245954692557,0.8229508196721311,0.8224697795686181,0.8222168905950096,0.8217581350169986,0.8215513009327442,0.821304131408661,0.8213085078872511,0.821099710602473,0.8212938005390835,0.8213597577759427,0.8217184438846907,0.8226183518410286,0.8226514486391572,0.8233353329334133,0.8238916256157636,0.8243369734789392,0.82508038585209,0.8257896450667535,0.8268777366116538,0.8279569892473119,0.8294964028776979,0.8313253012048193,0.8330727130570759,0.8517110266159695,0.8665254237288136,0.868824531516184,0.838378279214823
900.0,70.0,0.7682501503307276,0.7607510599636584,0.7577926575848534,0.7565002846840008,0.7568121886903018,0.7578765645230902,0.7581139007960809,0.7580454928390902,0.7563914855276496,0.7536699941280094,0.7506997574174287,0.7477978674084377,0.7450592885375494,0.7432614555256065,0.7419738406658739,0.7412523020257827,0.7411516111991547,0.7406513872135102,0.7411444141689373,0.7416411042944785,0.7420826161790017,0.7463905987688864,0.7525346280165643,0.7619047619047619,0.7734138972809668,0.7857325492201483,0.7976366322008862,0.808843085106383,0.8179824561403509,0.8248520710059172,0.8294018534119629,0.8322117541498429,0.8342670401493931,0.8354368932038835,0.8360902255639098,0.8355601233299075,0.8348574502420656,0.8351409978308026,0.833983286908078,0.8333333333333334,0.8323632130384168,0.8319327731092437,0.8312004875076173,0.8305400372439479,0.8307012002526848,0.8303341902313625,0.8300653594771242,0.8301260783012607,0.830290736984449,0.829666430092264,0.8304221251819505,0.830954169797145,0.8307573415765069,0.8314873417721519,0.83275,0.8327470686767169,0.8335924006908463,0.8341354723707665,0.8343608340888486,0.8350234741784037,0.8351763584366063,0.8359126984126984,0.8360857523848599,0.836466566972869,0.8369064990459086,0.8373479887745556,0.8425091758425092,0.8457142857142858,0.8400740153317473,0.7925501432664757
20000.0,50.0,0.8404187412230307,0.9117134559535334,0.9230769230769231,0.9276950043821209,0.9304750869061413,0.9315770215879985,0.9321043165467626,0.9326818675352877,0.9327296248382924,0.933587786259542,0.9339875111507583,0.9341602067183462,0.9339589024824801,0.9332159306421024,0.9324012905208173,0.9312857886517438,0.9300508010941774,0.9290577641115748,0.9279723729649728,0.9271468144044321,0.9262371615312792,0.9248434237995825,0.9241573033707865,0.9221466364323507,0.9209245742092458,0.91949209779819,0.9186440677966101,0.919000933706816,0.9201451905626135,0.9227184466019418,0.9264197530864198,0.9302615193026152,0.9339035769828927,0.937029893924783,0.9386037691122436,0.9394158473105841,0.9390542907180385,0.9376842105263158,0.9354676077640535,0.9329159212880143,0.930126404494382,0.9269293924466339,0.9249049429657795,0.9226973684210527,0.9218846869187849,0.9209237228831351,0.919748229740362,0.9208695652173913,0.9209770114942529,0.9237011157443931,0.9268637532133676,0.9298597194388778,0.9319792158715163,0.9334243769204507,0.9346202877435804,0.9346596450165789,0.9354508196721312,0.9361839278040396,0.9361508748011815,0.9363831308077198,0.9371287128712872,0.9381028938906752,0.9386574074074074,0.9397404202719407,0.9403474270730908,0.9404432132963989,0.9374384236453202,0.9361290322580645,0.9350348027842227,0.9327195467422096
4000.0,40.0,0.8057372924006039,0.8120267909143856,0.7688266199649737,0.7487100103199175,0.7459030837004406,0.7526178010471204,0.7650172612197929,0.7802426343154246,0.7938553022794846,0.8028552005438477,0.8071618037135279,0.8059272365365476,0.8013819265682157,0.7949737553682201,0.7885831164001488,0.782228851480929,0.7773250239693192,0.7747132714363736,0.7718665464382326,0.7719063545150502,0.7730152814014163,0.7775250227479527,0.7867403314917127,0.798051948051948,0.8085265519820494,0.8200339558573854,0.8298295454545455,0.8382824624935333,0.8454262185622079,0.8517903723025848,0.8573230730415037,0.8624610802761609,0.8661683824566352,0.8695652173913043,0.8725142592878063,0.8750199521149242,0.8782117163412128,0.8795975017349064,0.8817868167786453,0.8838537699923839,0.8853553199842953,0.8870934327739797,0.8885567890691717,0.8899712198361744,0.8911549037580202,0.892526690391459,0.8936901546771422,0.8950038042099924,0.8959978936282254,0.8981828670320161,0.9000609384521633,0.9012345679012346,0.9028591112642095,0.9037626628075254,0.9039370078740158,0.904302372336148,0.904098014364174,0.9035984007107952,0.9031521242576519,0.902252036415908,0.901077375122429,0.899021123132406,0.8969957081545065,0.8929372197309418,0.8890200708382526,0.8849938499384994,0.8440212577502214,0.8198176867526933,0.8220301743078952,0.8297697368421053
1600.0,60.0,0.7941245045465143,0.775353579651354,0.7575052854122621,0.7414844030118322,0.7273252455228192,0.7166071428571429,0.7096345514950166,0.7068571428571429,0.7083114150447133,0.712280701754386,0.7186654643823264,0.7254901960784313,0.7313432835820896,0.7382775119617225,0.743225806451613,0.7479308538501833,0.7526099706744868,0.7560943643512451,0.7606283326127684,0.7646592709984152,0.7684411969380655,0.7815945716709075,0.795611125287063,0.8109080011986814,0.826432022084196,0.8404836193447738,0.8532467532467533,0.8631232361241769,0.871356783919598,0.8774535809018568,0.8818941504178273,0.8850439882697947,0.8870090634441088,0.8883343730505302,0.8891736066623959,0.8894702419882276,0.8892686261107313,0.8893470790378006,0.8892025405786874,0.8883248730964467,0.887988209285188,0.8867781155015197,0.8865740740740741,0.8859166011014948,0.8855084067253803,0.8842705786471068,0.8839137645107794,0.8836424957841484,0.8823024054982818,0.881374321880651,0.8800556586270872,0.8794625719769674,0.8782608695652174,0.877327935222672,0.8764931740614335,0.8759523554029403,0.8754837996240186,0.8749429484253766,0.8748114630467572,0.874714988599544,0.8746195982958004,0.8746841839312784,0.8750325775345322,0.8754395455774953,0.8759733824154042,0.8766539253160835,0.8816167418957734,0.8853333333333333,0.8833439287984742,0.8529411764705882
7000.0,0.0,0.8236459709379128,0.8149236192714454,0.7854231208217838,0.7720067453625632,0.7585551330798479,0.7497481813094572,0.7515723270440252,0.7651601830663616,0.7857740585774059,0.8058997050147493,0.8232044198895028,0.8333333333333334,0.8344155844155844,0.8296529968454258,0.8203467327109926,0.8088070096607504,0.7980819077242094,0.7894578313253012,0.7802569303583502,0.7747231767850324,0.7704565030146425,0.7623978201634878,0.7616120218579235,0.7646128226477935,0.7717564870259481,0.7813603200753119,0.7925248942845451,0.8041189222669557,0.8156530753282654,0.8272380952380952,0.8382045929018789,0.8476365305185866,0.8564769381746811,0.8636363636363636,0.8704995813564053,0.8757344300822562,0.8793377905125757,0.8833714472394643,0.8849069607167471,0.8859426080639302,0.8862523540489642,0.885611797528896,0.8850432632880099,0.8839400428265525,0.8823268206039077,0.8803497468936954,0.8783977110157367,0.8762937407589946,0.8739754098360656,0.8677546426561621,0.863528009535161,0.8583280153158902,0.8539402173913043,0.850179211469534,0.845125786163522,0.842741935483871,0.8401023890784983,0.8369467028003613,0.8362020579981291,0.8343224530168151,0.833485911911301,0.8322846604469516,0.8319029637258267,0.8317961165048544,0.8317101675107129,0.8318912237330037,0.8255840326604672,0.8148148148148148,0.8155298155298155,0.8478602620087337
200.0,30.0,0.7689325407081933,0.8132940811899597,0.8022770398481973,0.7777777777777778,0.7564616447823082,0.7447252492464641,0.7465091299677765,0.7563323201621074,0.7732712765957447,0.7900570497147514,0.8086914995224451,0.8160231040753023,0.8282541932435625,0.8324200331336816,0.8344452008168822,0.8399769751043316,0.8410117434507678,0.8422717924379054,0.8387360838244925,0.8382352941176472,0.8407543216343635,0.8330535347882857,0.8341530592169978,0.8342951360263807,0.8231422505307856,0.8239049086506713,0.8255761409850881,0.8151822796492846,0.815096131023024,0.8177184466019416,0.8096177558569667,0.8171471927162368,0.8056835637480798,0.8147953830010494,0.8105432164838106,0.8066884176182708,0.8058011049723757,0.8032420346562325,0.8166811468288444,0.8077034462785984,0.801889577797461,0.8042296072507553,0.7972560975609756,0.8214173228346456,0.7983219390926042,0.7823473584308763,0.8063773833004603,0.797225891677675,0.8071186440677965,0.8055749128919861,0.8044871794871795,0.7894353369763206,0.7892156862745098,0.8106531881804044,0.7979438513246343,0.7923904052936311,0.7945833333333333,0.7882105263157895,0.8072711344721858,0.8042209250112259,0.7815468113975578,0.7846800560485755,0.7980487804878048,0.7974937343358396,0.7734778121775027,0.7677144379328716,0.7836257309941521,0.7346260387811635,0.7876853154420518,0.30237045203969126
200.0,20.0,0.6678571428571428,0.6812116840966462,0.7047438330170778,0.7309211894364733,0.7597216537044617,0.7881918819188192,0.8135389062876417,0.8313572818970093,0.8397360358237097,0.8415268941584731,0.8399599064483796,0.8375370919881304,0.8354074668807707,0.8337606837606839,0.8327321911632101,0.8323943661971831,0.8317120622568095,0.831733198585144,0.83125,0.8306623931623932,0.8306010928961748,0.8283236994219653,0.8260347930413916,0.823529411764706,0.8209050350541747,0.8180039138943248,0.8153540701522172,0.8135593220338984,0.811764705882353,0.8099579242636746,0.8090128755364807,0.8082489146164978,0.8064992614475628,0.8061148396718867,0.8051750380517504,0.8043310131477185,0.8040752351097179,0.8033306899286282,0.8028180354267311,0.8023538961038961,0.8021576763485477,0.8012647554806072,0.8011120615911036,0.8005993150684932,0.8003466204506067,0.7998211091234347,0.7998199819981998,0.7994530537830445,0.7993548387096775,0.7987735849056604,0.7978886756238004,0.7973187686196623,0.7969356486210419,0.7965651196074423,0.7961154855643044,0.7955692037727571,0.7952297208177621,0.7949146871863499,0.794605574991536,0.794335260115607,0.7940615311233008,0.7938270098816641,0.7933956386292834,0.7932661650299706,0.7936316001612254,0.7936640266777824,0.7990388038447845,0.8047873576574484,0.8117413921228636,0.8489868362668244
2500.0,10.0,0.8587434973989596,0.8208849053919477,0.7618543046357615,0.7117516629711752,0.6775641025641026,0.6579443397272425,0.651010101010101,0.6557989049278248,0.671306209850107,0.694210786739238,0.7208689927583937,0.7473154362416108,0.7701385325808107,0.7878457059679768,0.80125,0.8112562189054726,0.8187264635398837,0.8240496800903274,0.8288780882948562,0.8328214129003949,0.8359876396482053,0.8448844884488449,0.8522584692597239,0.8590509666080843,0.8638281549673955,0.8682460515378221,0.8721238938053097,0.875,0.878265155248891,0.8809523809523809,0.8833960236432026,0.8851648351648351,0.8879210220673636,0.8904677323860273,0.8923933209647495,0.8944337811900192,0.897029702970297,0.8985990660440294,0.8998628257887518,0.9021739130434783,0.9033923303834809,0.9052312357846853,0.905982905982906,0.9068471337579618,0.9082719082719083,0.9087893864013267,0.9096545615589017,0.9103260869565217,0.910873440285205,0.9113899613899614,0.91187624750499,0.9119589141599413,0.9118794710600477,0.910865099292399,0.9098174877728736,0.9088123544552028,0.9073033707865169,0.9058514135437212,0.9056678037260562,0.9042510392919405,0.9011396011396011,0.8987286277948269,0.8961058487445497,0.8935677926885701,0.8905925570995049,0.8873617163928931,0.8730941704035874,0.874251497005988,0.8797574941057595,0.8629329403095063
1600.0,70.0,0.8005502063273727,0.7786730454488229,0.7613138686131387,0.7448304383788255,0.7304869913275517,0.7194504699927693,0.7123709751964258,0.7100132919805051,0.711916461916462,0.7168724279835391,0.7245222929936306,0.733112582781457,0.7408360128617363,0.7484877126654065,0.7549212598425197,0.7604373757455268,0.7658421345191774,0.7698991466252909,0.7749020943299847,0.7793980183211815,0.7836065573770492,0.7970223325062035,0.8105544026089535,0.8252762430939227,0.838849487785658,0.8515901060070671,0.8618677042801557,0.8707983193277311,0.8777219430485762,0.8826291079812206,0.8862937922556853,0.8876694641704326,0.8897742363877822,0.8910958904109589,0.8910751932536893,0.8916786226685797,0.8905547226386806,0.8914845516201959,0.8909512761020881,0.8895071542130366,0.8893376413570274,0.8883333333333333,0.8883248730964467,0.8878343399482312,0.8867427568042142,0.8858802502234138,0.8855323020928116,0.8845656192236598,0.8838831291234684,0.8826388888888889,0.8815682281059063,0.8803832789301885,0.8793926247288504,0.8785555555555555,0.8775175644028103,0.876885014137606,0.876517727051967,0.8759553940608946,0.8756529494203084,0.8755930416447022,0.8754010695187165,0.8755376717080616,0.8756261628739087,0.8762442430545239,0.8765163297045101,0.8772609819121447,0.8817301193962604,0.8855386416861827,0.8835019183815835,0.8536036036036037
4000.0,50.0,0.8083359646353016,0.8133549316054716,0.7694781987133666,0.7490589711417817,0.7469687300574346,0.7546578443322305,0.7683060109289618,0.7839380350591113,0.7972270363951474,0.8058176100628931,0.8093254774481918,0.8081012658227849,0.8036487322201608,0.797569381461999,0.7915254237288135,0.7857663347097401,0.7811816192560175,0.7785046728971963,0.7759450171821306,0.7756508422664625,0.7766865926558497,0.7801678908709339,0.7884615384615384,0.798937784522003,0.8095070422535211,0.8199075934110084,0.8298399819697995,0.8383226125680356,0.8455784130376703,0.8517989720159909,0.8574474565945781,0.8626166693957753,0.8661995898838004,0.8695496142113763,0.8724719101123596,0.875,0.8778912273390289,0.8795689837312487,0.8814159292035398,0.8834996518913901,0.8850849892267177,0.8867829163507708,0.8882521489971347,0.8894893272088624,0.8911583659764969,0.8922363847045192,0.8932533733133433,0.8943945493960979,0.8957864265036989,0.897815362931642,0.8998510796723753,0.9011512504962287,0.9027777777777778,0.9036251105216623,0.9037999037999038,0.9046683046683047,0.9040247678018576,0.903418339663592,0.9034598214285714,0.9022820362785254,0.9013157894736842,0.8993077407174324,0.8965291421087099,0.893223819301848,0.8890489913544669,0.8851351351351351,0.843928764166217,0.8195705433059519,0.8219568704330779,0.8298403193612774
20000.0,40.0,0.8401081193471255,0.911921032649962,0.9227283859906931,0.9275436793422405,0.9304328121459324,0.9312517903179605,0.9316420014094433,0.9318859088974032,0.9319796954314721,0.9322947872977831,0.9327259985984583,0.9318181818181818,0.9314365671641791,0.9308289879748856,0.9297695185229878,0.9285908967020987,0.9274317275237803,0.9263793103448276,0.925459825750242,0.9245652173913044,0.9240537240537241,0.922724296005239,0.9216204315279612,0.921161825726141,0.918918918918919,0.9179563281746873,0.9170287316047653,0.9168349550211126,0.9180171591992373,0.9202942979767014,0.9237983587338804,0.9274074074074075,0.9307359307359307,0.9338970023059185,0.9357345971563981,0.9367822758380698,0.9364430665163472,0.9350781781101292,0.9326942688150112,0.9302325581395349,0.927038626609442,0.9241610738255034,0.9212475633528265,0.9188823794502028,0.9175627240143369,0.9165217391304348,0.9157413455258001,0.9160028964518465,0.9168665067945644,0.9185080264400378,0.9217212671640177,0.9245624622812312,0.926673751328374,0.9282627484874676,0.9292525376807136,0.9294987674609696,0.9303370786516854,0.9307343608340889,0.9307707018550392,0.9312900641025641,0.9319175515302935,0.9329282016655412,0.9335596508244423,0.9345576823590274,0.935068493150685,0.9352975158867707,0.9333333333333333,0.9323544834819087,0.9312929419113054,0.929721538170108
900.0,60.0,0.754470126471871,0.75014164305949,0.7474372955288986,0.7461984069514844,0.7467495760316563,0.7482105263157894,0.748792270531401,0.7482412060301508,0.7457207207207207,0.7422300780674621,0.7382336396024751,0.7343895619757689,0.7312163311596257,0.7290540540540541,0.7274890916303054,0.7270220588235294,0.7273684210526316,0.7273816656680647,0.7280701754385965,0.7287878787878788,0.7293220338983051,0.7335594704015757,0.7393233499722685,0.7483693786474425,0.7597591362126246,0.7723258096172718,0.7851684121143504,0.7967557251908397,0.8068459657701712,0.8146892655367232,0.8201525491770373,0.8233788395904437,0.8262411347517731,0.827506899724011,0.8279620853080568,0.8287239204269772,0.8282674772036475,0.8276389597144315,0.8274058577405857,0.8270676691729323,0.826158038147139,0.8260381593714927,0.8258394991462721,0.8256083429895713,0.8250883392226148,0.824655894673848,0.8248175182481752,0.824799506477483,0.824748743718593,0.8254281949934124,0.825354012137559,0.826722338204593,0.82689556509299,0.8280907095830286,0.8284615384615385,0.8290796597061099,0.8296178343949044,0.8307313064913723,0.8311612364243943,0.8316335350043215,0.8320175438596491,0.8326344576116682,0.8328625235404896,0.8340196078431372,0.83451682618092,0.8351012536162006,0.8412069491008839,0.8447516025641025,0.8393071926870339,0.7912772585669782
400.0,50.0,0.658502119642016,0.635237439779766,0.6282565130260521,0.6263250883392226,0.6285123254611273,0.631955079122001,0.6339092872570194,0.6322674418604651,0.6275,0.6201243201243202,0.6116322701688556,0.6037903136429126,0.5968613326472858,0.5910966981132075,0.5866800535475234,0.5832233741753063,0.580570221752904,0.5783643648362008,0.5766710353866317,0.575254730713246,0.5737810784630287,0.57160751565762,0.5708853883758827,0.5718772305496074,0.5757115749525616,0.5829510703363915,0.59375,0.6079611201110854,0.6251548946716233,0.6462668298653611,0.6691176470588235,0.6925115970841617,0.716774193548387,0.7397156398104265,0.7583094871230465,0.77542269051703,0.7876130076912697,0.7963992974238876,0.8049893519926986,0.8085346215780999,0.8098723404255319,0.81244583116658,0.813047363717605,0.8123150887573966,0.8119577517917766,0.8111389477741376,0.8103753193161721,0.8094951923076924,0.8084283387622151,0.8059035888723721,0.804054054054054,0.8011802088061734,0.7985425481899389,0.7971153846153847,0.7940953822861468,0.7931562819203268,0.7922178988326848,0.7897297297297297,0.7882254464285715,0.7884187082405345,0.7875530410183875,0.7847222222222222,0.7840944392668532,0.7829432510420007,0.7815436241610738,0.7803163444639719,0.7718120805369127,0.7686153846153847,0.7684441197954711,0.766792323509253
1300.0,80.0,0.7976060935799782,0.7685467479674797,0.754170755642787,0.7422885572139304,0.73326262760175,0.7263883259019052,0.7220399642111542,0.7201524132091448,0.7208357515960534,0.72289899768697,0.7261127596439169,0.7305654798570901,0.7347305389221557,0.7395612172682237,0.7439275421984356,0.7481743227326266,0.7525252525252525,0.7563527653213752,0.760847962901623,0.7653098643197653,0.7692307692307693,0.7829573934837093,0.7970749542961609,0.8132660418168709,0.8282264779350541,0.8412982126058326,0.8527664895279775,0.8617886178861789,0.8686552802501805,0.8735282947208507,0.8764744864148443,0.8780250347705146,0.8793423874195854,0.8796937122662347,0.8796981132075472,0.8795199261424834,0.8784087263394289,0.8783631383921379,0.8773522614724332,0.8765453005927181,0.8759450171821306,0.8749115357395613,0.874439461883408,0.8734939759036144,0.8728892187789943,0.8723123349679366,0.8717653824036803,0.8714257926473449,0.8708655179243414,0.8697819314641745,0.8692045937898767,0.8688021061869241,0.8683201803833145,0.868111597878718,0.8680572398738783,0.8679015354618572,0.867754077791719,0.8680124223602484,0.8684556695606419,0.8685714285714285,0.8688931824454872,0.8693035253654342,0.8700799052974253,0.8713846153846154,0.8724983860555197,0.8737407656145064,0.8833888624464541,0.889375,0.8866366366366366,0.851634943875061
25000.0,10.0,0.8738195700221016,0.8664974619289341,0.8646917534027222,0.8701385784532857,0.8776208178438661,0.8843382631778536,0.8895417156286721,0.8929489009420497,0.8951502732240437,0.8959677419354839,0.8955294117647059,0.8951086956521739,0.8937228091982597,0.8928067700987306,0.8918918918918919,0.8906333630686887,0.8889332003988036,0.8884311323906023,0.8877297565822156,0.8872576177285318,0.8868799258229022,0.8870770485120261,0.8882289416846653,0.8903225806451613,0.8930099857346647,0.8956631049654306,0.8983471074380165,0.8993303089220134,0.900561797752809,0.9009990917347865,0.9011220196353437,0.9009278659084107,0.900839054157132,0.9013062409288825,0.9017094017094017,0.9019908116385911,0.904302103250478,0.9051846590909091,0.9062181447502549,0.9071086686757667,0.9076330981398332,0.9081163859111792,0.9084888621312462,0.908675799086758,0.9086151368760065,0.9081772498857926,0.9071318624935865,0.9064095292115711,0.9054726368159204,0.9030390738060782,0.9012244897959184,0.9018018018018018,0.9017664376840039,0.9013727560718057,0.901111235828937,0.9001190476190476,0.8997249312328082,0.899057344854674,0.8979816009886036,0.8973770961731403,0.8971420065495683,0.8964411670407182,0.8958583949132153,0.8954296160877514,0.8951535045375555,0.8948436865611044,0.8931529541689675,0.8929706817379018,0.8924418604651163,0.8953902888752304
9000.0,60.0,0.874224478285392,0.8564937523665278,0.8235556050317266,0.8200979348520332,0.8242271746944644,0.8297282307265669,0.8371723590150913,0.8451037299795765,0.852513966480447,0.8592241530630156,0.8650452001721911,0.8711260330578512,0.872075357034336,0.875,0.8765732846122615,0.8754612546125461,0.8753910323253389,0.875,0.8750821827744905,0.8762886597938144,0.8773662551440329,0.8784017278617711,0.883352208380521,0.888745148771022,0.8957084631982738,0.9008315368032029,0.9044088958252048,0.90869140625,0.9101868595539482,0.9104915627292737,0.9109347442680776,0.911578947368421,0.911987107970745,0.9066204105232726,0.910271546635183,0.9069092316624734,0.911091353634141,0.9171942263864269,0.89383272317657,0.910244211861719,0.9184182401140008,0.9015122140364482,0.9072735006380264,0.8996733551096594,0.9204831404126824,0.9166215484569572,0.8933951332560834,0.900555898702903,0.8842380640941792,0.8880706921944035,0.8821630347054076,0.8858666666666667,0.8773566569484936,0.858925044183387,0.8801093020607993,0.8424140821458508,0.8417293233082707,0.863924477410654,0.8515490533562823,0.8222710622710623,0.8265508306660571,0.846571622539036,0.8265749456915279,0.8244834910214327,0.8338192419825073,0.841326759300762,0.8134695421869088,0.8254769921436588,0.8448023426061494,0.8545933294324166
1900.0,80.0,0.809692881235576,0.7930511182108626,0.7657838004311672,0.7408088235294118,0.7212483967507481,0.707774798927614,0.7014545824432916,0.7016261375503506,0.7080168776371308,0.719010641357492,0.7325537533006413,0.7466666666666667,0.7590011614401858,0.7697594501718213,0.7782884310618067,0.785496866606983,0.7915338645418327,0.7957676622947206,0.8005520220808833,0.8045299816705944,0.8081859669138619,0.8193526520928656,0.830689928628073,0.8419134396355353,0.852768563409033,0.8622636184024838,0.8706422018348624,0.8770545693622617,0.8824347826086957,0.8865222181417555,0.8894837476099426,0.8917647058823529,0.8934324659231723,0.8947368421052632,0.8953131844064827,0.8965672990063234,0.8965677179962894,0.897003745318352,0.8969813128893148,0.8970366649924661,0.8970962812022415,0.8968212610734758,0.8968085106382979,0.8969072164948454,0.8967813540510544,0.8964165733482643,0.8956727919383521,0.8955944477972239,0.8954869358669834,0.8939008894536213,0.8930899608865711,0.8926630434782609,0.8919107391910739,0.8905908096280087,0.8893939393939394,0.8890612878200155,0.8888888888888888,0.8875103391232424,0.8879736408566722,0.8865546218487395,0.8862377122430741,0.8852428964252979,0.8851606805293005,0.8848396501457726,0.8841106400161518,0.8837432130309805,0.8832793641448337,0.8857578065498858,0.8840153741804205,0.8551859099804305
1700.0,30.0,0.8353850558259376,0.8029585798816568,0.777545570649019,0.751260843251967,0.7268178785857238,0.7070707070707071,0.6940740740740741,0.690325777282299,0.6959581378563695,0.7099391480730223,0.7291950886766713,0.7502191060473269,0.769811320754717,0.7865814696485623,0.8,0.8109105824446268,0.8199458483754513,0.8267786561264822,0.8335456475583864,0.8394185647247339,0.8446745562130178,0.8579505300353357,0.8688446215139443,0.8772486772486773,0.8834507712816606,0.8876656472986748,0.890725633319021,0.8924706943192064,0.8939606741573034,0.8946215624239474,0.8950663661407463,0.8956477475184526,0.8952406274926881,0.8954459714362706,0.8951770281572344,0.8949928469241774,0.8945827232796486,0.8945197407189157,0.8941353383458647,0.8932160804020101,0.892845786963434,0.8922777417261518,0.8919365499008592,0.8913555331315169,0.8907967032967034,0.890619591554171,0.8893352812271731,0.888641425389755,0.8886454910551296,0.8871595330739299,0.8864541832669323,0.8853476821192053,0.884272997032641,0.8832375055285272,0.8821641448876663,0.8818565400843882,0.8814382896015549,0.8807980049875311,0.8804563492063492,0.8800607287449392,0.8801719505642128,0.8798235942668137,0.8796138557637706,0.8803269118505546,0.8804611650485437,0.8803582853486884,0.8817699115044247,0.8831198536139067,0.8794788273615635,0.8478577674147478
35800.0,40.0,0.7926639726453217,0.8322802986789202,0.8506407423773752,0.8662884927066451,0.8799465240641712,0.8890672016048144,0.8949152542372881,0.8981375902698594,0.8990598713508164,0.8996235884567126,0.898989898989899,0.8973634651600754,0.8956862745098039,0.8948058761804827,0.8943138741470811,0.8946546338077057,0.8955253301793811,0.8969899665551839,0.899271539814117,0.9022598870056497,0.9053968253968254,0.9151103565365025,0.9261783077796707,0.936267071320182,0.9445004029008863,0.9501528645487173,0.953452154351964,0.9549589527401819,0.9552742616033755,0.954816112084063,0.9546814878153057,0.9545454545454546,0.9549604382227632,0.9550641940085592,0.9556285949055053,0.9562790697674418,0.9574778530484628,0.9587166513339467,0.9587416193914389,0.9603974058230992,0.9608930176805514,0.9612012987012987,0.9619162502154058,0.961646398503274,0.9632042928325029,0.9632412672623883,0.9624093207298308,0.962861699703805,0.9625241779497099,0.9627100840336135,0.9630881938574246,0.9632530120481928,0.9632041680234451,0.9629888268156425,0.9632488055861815,0.9616153538584566,0.9618731869042686,0.9624514458351316,0.9609120521172638,0.9606105366814377,0.9608142493638677,0.9594219010561423,0.9583333333333334,0.9577278731836195,0.9580369843527738,0.9571865443425076,0.9509383378016085,0.9470171890798786,0.9436696745966641,0.9466885380356777
15000.0,10.0,0.8191731575793889,0.8992695117262591,0.9147449336128581,0.9195071868583162,0.921144941770731,0.920937840785169,0.9200726612170754,0.9190160309563294,0.9182058047493403,0.918573090345095,0.9194056731202161,0.9213250517598344,0.9238488783943329,0.9270903010033444,0.930566037735849,0.9338422391857506,0.9381904761904762,0.9409192705556148,0.9437611940298507,0.9459965245288063,0.9477623110312827,0.9502388535031847,0.9503451938396177,0.9492727917701312,0.9483901515151515,0.9472030169704588,0.947804473902237,0.9482851887915179,0.9492804247589772,0.9502318943988584,0.9509230076542098,0.951123595505618,0.9507457509538675,0.9495335029686175,0.948559670781893,0.9474009900990099,0.9453067257945307,0.9438596491228071,0.9414866122195803,0.9395664284849219,0.9375352509870276,0.9355943257785749,0.9336457357075914,0.9315361574668378,0.9292121212121213,0.9266430324515953,0.9243902439024391,0.9220867208672087,0.9196261682242991,0.9154740608228981,0.913134484563056,0.9111644657863145,0.9111864406779661,0.9123204837490552,0.9142381348875936,0.9172727272727272,0.9196059113300492,0.9211112289258827,0.9225440090857467,0.9235707364341085,0.9241937556212257,0.9244985673352436,0.9246445497630332,0.9251466022766471,0.9256305637982196,0.9260723463135007,0.9288997026223303,0.9298245614035088,0.931285367825384,0.9341583563618888
300.0,60.0,0.6706700379266751,0.6875253961804144,0.6868050407709414,0.6865498433329466,0.6871239470517448,0.6869839728023313,0.6851668318467129,0.681304347826087,0.6757508342602893,0.6681692094313454,0.6598138747884941,0.651931461015918,0.6441468372593567,0.6368443022123278,0.6305079314212466,0.6247026532479415,0.6197592361975923,0.6153665963925978,0.6113744075829384,0.6082078535577207,0.6050892267019167,0.599388379204893,0.59675550405562,0.5969016266460109,0.6005431944009193,0.6072747939755613,0.6175329712955779,0.6314814814814815,0.6476293103448276,0.6663452266152362,0.687857596948506,0.7098846787479407,0.733748701973001,0.7554529124967924,0.7762345679012346,0.7951589595375722,0.8111179995866915,0.8242214532871972,0.8320866649471241,0.8409153570443894,0.8449704142011835,0.847366761274046,0.8497033618984839,0.8488453463960811,0.8517863459497701,0.8509544787077827,0.8483320403413498,0.8484968354430379,0.8466282894736843,0.8444924406047516,0.8430755395683454,0.8411214953271028,0.8386463952918097,0.8361495135688685,0.8341232227488151,0.8307349665924276,0.8305949008498583,0.8294797687861272,0.8264563106796116,0.8242310106716887,0.8239795918367345,0.8223860589812333,0.8201847903340441,0.8183839881393625,0.8173374613003096,0.8163430420711975,0.8044396187718664,0.7974333983105913,0.7914587906605467,0.7788180222352253
600.0,90.0,0.7287066246056783,0.7565637471119513,0.7459244532803181,0.7377892030848329,0.7339512195121951,0.731913693414187,0.7308598351001178,0.7295580841492458,0.7274618585298197,0.7247787610619469,0.72170071783545,0.7186234817813765,0.7155214227970897,0.7130725190839695,0.7098676159750806,0.7077041208088047,0.7056763461257843,0.7035566583953681,0.7021395348837209,0.7005012531328321,0.6992762082652346,0.698905109489051,0.7027027027027027,0.7112887112887113,0.7240506329113924,0.74251968503937,0.763758389261745,0.7850402761795167,0.8060990419646471,0.8253625424251774,0.8418965517241379,0.8539907904834996,0.8644840447575632,0.8712541620421753,0.8759837824946339,0.8796711509715994,0.8805614406779662,0.882515168229454,0.8833099579242637,0.8820754716981132,0.8811145510835914,0.8816936488169365,0.8805394990366089,0.8786456587328193,0.8782489740082079,0.8769284712482468,0.8762553802008608,0.8751835535976505,0.8742985409652076,0.8716429699842022,0.870151082074316,0.8689919183326245,0.8668453976764968,0.8657195233730522,0.8639883833494676,0.8616757560733763,0.8619477911646586,0.8598524762908325,0.8571428571428571,0.8571428571428571,0.8558609085810431,0.8526570048309179,0.849906191369606,0.847953216374269,0.844733242134063,0.8422190201729106,0.8167815160113499,0.7990512584003162,0.7848618090452262,0.7414035087719298
3000.0,50.0,0.8146297137664698,0.80100525474069,0.7440243372446762,0.7061119293078056,0.6898344010637012,0.6894625313041803,0.699642431466031,0.7176522899066252,0.7386870618228171,0.7602282704126426,0.7787949015063731,0.7931541060672836,0.8028042423152975,0.8082103912764592,0.810784071234232,0.811833987661245,0.8117757594738491,0.8112548060118839,0.8109965635738832,0.8110037799244015,0.8106235565819861,0.8131929046563193,0.8177049180327869,0.8242009132420092,0.8296740994854203,0.8366507177033493,0.8425336533444642,0.8482516691184792,0.8533671252715423,0.8580985462498392,0.8619665045921123,0.8650871080139373,0.8692674210839786,0.871982890314696,0.8752615483663286,0.8781428092524305,0.8806748999826056,0.882768361581921,0.8848119751734209,0.8880466472303207,0.8897277965428174,0.8918086635187846,0.8936125211505922,0.8952526132404182,0.896939693969397,0.8984214138641043,0.9003207500616827,0.9014690982776089,0.9022443890274314,0.9047358335614564,0.9061608670849971,0.9072227258990632,0.9083464566929134,0.9079651941097724,0.907968970380818,0.907103825136612,0.9056531703590527,0.9043478260869565,0.9043478260869565,0.9030425963488844,0.898959236773634,0.8954890576150067,0.8920166128287955,0.8883610451306413,0.8840078973346496,0.8788351534061363,0.8564249820531228,0.8513084112149533,0.8571589627959414,0.8429390876809615
10000.0,40.0,0.8745201853077432,0.8707557502738226,0.8550098231827112,0.8538113470240167,0.8558928083128248,0.8588374851720048,0.8614393125671321,0.8635097493036211,0.8653275109170305,0.8667021843367075,0.8682970322251943,0.8697472708239868,0.8711858529819695,0.872640572223326,0.873955274452225,0.8754466564573762,0.8768656716417911,0.8786220218931101,0.8804034582132565,0.8824476650563607,0.8844424460431655,0.8904028436018957,0.8962558502340093,0.9030968006562756,0.9089201877934272,0.913967258794845,0.9176917915455155,0.9199772985244041,0.9209964412811388,0.9210758377425045,0.9200863930885529,0.918086500655308,0.9164696611505122,0.9137476459510357,0.911731843575419,0.9099288912299184,0.9083757519666821,0.9072312937376638,0.9057547956630525,0.9054892601431981,0.9048268339241887,0.904275092936803,0.903899721448468,0.9028593811202507,0.9032258064516129,0.9021377672209027,0.9005263157894737,0.9,0.897196261682243,0.8932178932178932,0.8886158886158886,0.8835930339138405,0.877730149010002,0.8723045822102425,0.8675488648779895,0.8625994694960212,0.858610016882386,0.8548026805658973,0.8512951710905021,0.8483050847457627,0.8455543747786043,0.8406924722816572,0.8368174061433447,0.8335635359116023,0.8311143984220908,0.8299104791995787,0.8477157360406091,0.8632881555686506,0.8725274725274725,0.8865979381443299
500.0,10.0,0.7844175491679274,0.7856388595564942,0.7748976807639836,0.7673231218088986,0.7571664829106945,0.746186844613918,0.7430529120669965,0.7519729425028185,0.7719284603421462,0.7961592318463693,0.8185927192768141,0.8358762298588337,0.8479438954415046,0.8547368421052631,0.8582872401296968,0.8609045226130654,0.8623464633629818,0.8634233430037938,0.8645905420991926,0.865912373615792,0.8673647469458987,0.8709253417455312,0.874481614597733,0.8770821367030442,0.8790394307737919,0.8808796579108125,0.8818775256450109,0.882708200890019,0.8826016260162601,0.8827608982826949,0.8826086956521738,0.8819492107069321,0.8814737573861662,0.8810772997551592,0.8798128823317741,0.8793478260869565,0.8787430683918669,0.877882797731569,0.8776735459662289,0.8764389869531849,0.8759873617693523,0.8754434371304691,0.8749000799360512,0.8743882544861339,0.8736625514403292,0.8737499999999999,0.8732097725358046,0.8730293992330636,0.8726881720430107,0.8721238938053097,0.872025145936237,0.8719371243643088,0.8716248223590716,0.8718809980806141,0.8718204488778055,0.8716791979949875,0.872093023255814,0.8719289074751699,0.8717811158798283,0.8716719914802981,0.8718362950996231,0.8712984054669705,0.8714368819080861,0.8706022659511032,0.8698078115313082,0.8695932859909618,0.8633333333333333,0.855529315124756,0.8468307765489356,0.7966553562772661
1100.0,40.0,0.8106546854942234,0.7727840199750312,0.7550377833753149,0.740794627867935,0.7294630999810283,0.7216878684455477,0.7179361179361179,0.7179969879518072,0.7225928396708917,0.7308299147996213,0.7421691881525676,0.7550013702384215,0.7673317551572539,0.7791948983658828,0.7889194139194139,0.797741273100616,0.8059785673998872,0.8119975262832406,0.8187250996015937,0.8244111349036403,0.8292496171516079,0.8423076923076923,0.8511307767944936,0.8586850912231458,0.8634510078061284,0.8658718330849479,0.867042179722295,0.8672397325692455,0.8671456748379825,0.8664254703328509,0.8652988403211418,0.8640627402737199,0.863103609939053,0.8618379068283344,0.8608314387788243,0.8598946328613764,0.8584116140051238,0.857948717948718,0.856993190151912,0.8561472480343102,0.855643994211288,0.8549646708813685,0.854480421686747,0.8541626794258373,0.8536727555382821,0.8535622656404184,0.853306613226453,0.8530786425523268,0.8527708850289496,0.8528710725893824,0.852960745176314,0.8531900297278756,0.8533834586466166,0.8537112659140044,0.8546511627906976,0.8547486033519553,0.8553870292887029,0.8557173678532902,0.8560855263157895,0.8567782189449802,0.8569784172661871,0.8579970104633782,0.8585983328187712,0.859344894026975,0.8600809170600134,0.861003861003861,0.8684738955823293,0.8725945587259456,0.8685897435897436,0.8294614572333685
800.0,20.0,0.7815610267155579,0.6931040857829543,0.71417004048583,0.7345440494590417,0.7424409015942826,0.7408267533673943,0.7369996258885148,0.7369627507163323,0.7439004149377594,0.7567782189449801,0.7743343518114361,0.7922330097087379,0.8081120032942145,0.8215271389144434,0.8319030792529025,0.8399891333876663,0.8461317227494967,0.8505641964013418,0.8544243577545195,0.8565289256198347,0.8581755593803787,0.8610703812316716,0.8605191786129407,0.8592741935483871,0.8570833333333333,0.8537735849056604,0.8507922535211268,0.848607367475292,0.845662100456621,0.8433734939759037,0.8415094339622642,0.8384912959381045,0.8367546432062561,0.8351539225422046,0.8339204831404127,0.8326551373346898,0.8308823529411765,0.8300104931794333,0.8290598290598291,0.8277929155313352,0.8271876719867914,0.826381059751973,0.8257403189066059,0.8250577367205543,0.8250438853130486,0.8240521327014217,0.8241296518607443,0.8239222829386764,0.8237831176833025,0.8236048749198204,0.8235294117647058,0.823608316566063,0.8237311385459534,0.8240223463687151,0.8254200146092038,0.8250366032210834,0.8258258258258259,0.8263888888888888,0.8262910798122066,0.8272800645682001,0.8276143790849673,0.8284263959390863,0.8295553618134264,0.8306509945750452,0.8319772942289498,0.8326790971540726,0.8458631394250237,0.8577398572174821,0.858004158004158,0.8152315015144959
800.0,30.0,0.8291867029061258,0.7778625954198474,0.772573250946781,0.7654545454545455,0.7536050156739812,0.7412718204488778,0.7307692307692307,0.7253484770263294,0.7270624518118736,0.7350993377483444,0.7491754122938531,0.7653179190751445,0.7817084713677236,0.796710889994472,0.8091423185673893,0.8194952132288947,0.8277620396600567,0.8341513292433538,0.8401301518438178,0.8445774810039144,0.8478048780487805,0.8547123953551174,0.8573959255978743,0.8579545454545454,0.8570476507830723,0.854602510460251,0.8517578832910475,0.8498319013821442,0.8474187380497132,0.8454332552693209,0.8431763766959298,0.840937114673243,0.8395833333333333,0.8378607809847198,0.8365674859853385,0.8353711790393014,0.8335594753505201,0.8330316742081448,0.8323325635103926,0.8309726156751652,0.8303870043000477,0.8301423662248405,0.8296075509190264,0.8293791014639071,0.8288934426229508,0.828393135725429,0.8284054910242872,0.828693790149893,0.8285247686445292,0.8284900284900285,0.8292540792540792,0.8300300300300301,0.8298397040690506,0.8311279143037177,0.8312375909993381,0.831781914893617,0.8329911019849419,0.8335684062059239,0.8336917562724014,0.8346923647146034,0.8345864661654135,0.8352849336455894,0.8356164383561644,0.8365159128978225,0.8369622475856014,0.8371350364963503,0.8390906781813564,0.8378999179655455,0.8284714119019837,0.7723609991941982
1100.0,50.0,0.7960484384958573,0.771164863144494,0.7581047381546134,0.748006379585327,0.7400994342533859,0.7346560846560847,0.7307389937106918,0.7284507042253521,0.7281591263650546,0.7284982756818894,0.7300405953991881,0.7321216239171054,0.7341088491898629,0.7368421052631579,0.7394569612940497,0.7421174908728841,0.7454887218045113,0.7475645912748835,0.7515294117647059,0.7544316996871742,0.7580645161290323,0.77,0.7827406764960971,0.7967679247212847,0.8106167608286252,0.8229139072847682,0.8331143232588699,0.8414749448471478,0.8478260869565217,0.8521571378463697,0.8547383827296011,0.8559403099292137,0.8571989015300118,0.8573155985489722,0.8571723000824403,0.8571728187919463,0.8562704471101418,0.8560490045941807,0.8554162936436884,0.8546538285190279,0.85432156133829,0.8535594839942666,0.8533397870280736,0.8528543307086615,0.8525368657835541,0.8522467631378522,0.8520237174529518,0.851764705882353,0.8515562649640862,0.8517279821627648,0.8516828294352539,0.8518082916789179,0.8522658610271904,0.8524235875270145,0.8532467532467533,0.8535073409461664,0.8542156533422909,0.8545706371191135,0.8549806406195002,0.8554787040407718,0.8556129985228951,0.8565400843881856,0.8573692551505546,0.8579077429983526,0.8590575010808473,0.86003600360036,0.8682519280205655,0.8726655348047538,0.8701538461538462,0.8338967771016452
10000.0,50.0,0.8746127506929724,0.872433377020533,0.8584729981378026,0.8589032655576093,0.8626126126126126,0.8671003717472119,0.8699494949494949,0.8720262510254306,0.874393141204421,0.8758550798074487,0.8772838002436053,0.8785265049415992,0.879631567929663,0.8807516261141893,0.8815283122594832,0.8825545171339564,0.8837372672989111,0.8847216739044611,0.8862328463922089,0.8875123885034688,0.8896283971159179,0.8936950146627566,0.8996124031007752,0.9046220633299284,0.9096385542168675,0.9138568631716337,0.9169927333705981,0.9191489361702128,0.9195555555555556,0.9196919691969196,0.9185733512786003,0.9168026101141925,0.9155577299412916,0.913332555698122,0.9115251897860593,0.9098427112047998,0.9085746734809768,0.9076754385964912,0.9065040650406504,0.9065393518518519,0.906157392163319,0.9057377049180327,0.905794080867028,0.9050958391771856,0.9061224489795918,0.905670971364402,0.9043478260869565,0.9040268456375838,0.9021897810218978,0.8992443324937027,0.8953598484848485,0.8910087488141668,0.8862891904539073,0.8814472671285605,0.8772972226060523,0.8728123114061557,0.8695374800637958,0.8663299663299663,0.8629790310918294,0.8604250430786904,0.8580555000998203,0.8538612994968279,0.8501558379285543,0.8475452196382429,0.8453665283540802,0.8443131462333826,0.8592023065833734,0.8734776725304465,0.8812553011026294,0.8934178743961352
3000.0,40.0,0.8096437567470313,0.7999634302431888,0.7444794952681388,0.7071129707112971,0.6900296150049359,0.6881431059047016,0.696992110453649,0.7137560252131998,0.7347266881028939,0.7572598659717051,0.776162215628091,0.7916299004159839,0.8017948321213059,0.8075930704017693,0.8104073363190446,0.8116992990089437,0.8117583603020496,0.8111278195488721,0.8110856018366678,0.8111711711711712,0.8114851485148515,0.8151300236406619,0.8203559510567296,0.8267008985879333,0.8324946081955428,0.8389154704944178,0.8452813852813853,0.8502803738317757,0.8548162859980138,0.8595416622663428,0.8633698417966589,0.8662260711030082,0.8703793774319066,0.8728971962616823,0.8761804826862539,0.8789243789243789,0.8814951153900609,0.8834003446295232,0.8857058037702241,0.888783570300158,0.8903777849531805,0.8922794730698682,0.8941762583748497,0.8960212201591512,0.897496802484926,0.8989786443825442,0.9008612056879631,0.9019325657894737,0.9026709834075273,0.9049311417147934,0.9065031242767878,0.9073075036782736,0.9085100945566061,0.9082020640956002,0.9078683834048641,0.9071555292726198,0.9057364341085271,0.9043645699614891,0.9043952518447225,0.9028646690813302,0.898943661971831,0.8955386289445049,0.8920539730134932,0.8885030864197531,0.8844765342960289,0.879492600422833,0.856140350877193,0.850609756097561,0.8569981583793739,0.8423998209088874
600.0,80.0,0.7278888512368689,0.7556224899598394,0.7451722832260508,0.7371951219512195,0.7337950138504156,0.7315677402182592,0.7304492512479202,0.7289021657953697,0.726768829475057,0.7239800166527893,0.7206035379812695,0.7171974522292993,0.7142966360856269,0.7111111111111111,0.7081794195250659,0.7059109705667721,0.7038066129480411,0.7015302098122732,0.7000177714590368,0.6983016983016983,0.6970239427164914,0.6964285714285714,0.6997349488829989,0.7080504364694471,0.7205428747686613,0.7379815100154083,0.7592836946277097,0.7804518106482007,0.8016297087897408,0.821078431372549,0.8377960865087538,0.8503635667814772,0.8608983647277997,0.867953839325344,0.8727923627684964,0.876746506986028,0.8777836691410392,0.8798010500138159,0.8805844338297274,0.8795394154118689,0.8784872907625543,0.879288833437305,0.8784174975876488,0.8762160348876216,0.8754277891854894,0.8744300245527885,0.8733859397417504,0.8722935779816514,0.8717277486910995,0.8690335305719921,0.8675091724419078,0.8662420382165605,0.8636363636363636,0.8628884826325411,0.8610709117221418,0.8587654320987654,0.859,0.8568432092291557,0.8545653362493165,0.8540983606557377,0.8533184606804238,0.8499399759903962,0.8477315102548166,0.8457069076823758,0.8430706521739131,0.8404864091559371,0.8154278262614104,0.7977089299661545,0.783457249070632,0.7400759406282361
300.0,70.0,0.7061548643282595,0.7216494845360825,0.7203016970458831,0.7189655172413794,0.7200276243093923,0.7208237986270023,0.7207046208833291,0.7189063021007003,0.7150170648464164,0.7095391211146839,0.7033112582781457,0.697181964573269,0.6910144927536231,0.6854202401372212,0.6805574165885033,0.6765209273377937,0.6731803513804231,0.6700246710526315,0.6674478556362784,0.6655126498002664,0.6638477801268499,0.6614690192860074,0.6620498614958449,0.6674626865671642,0.6784646061814557,0.693503387803906,0.7141361256544503,0.7386798828564992,0.7642836635084697,0.7915030346304891,0.8190846286701209,0.8422680412371134,0.8656361474435196,0.8832764505119454,0.8980061349693251,0.9112426035502958,0.9208103130755064,0.9283037475345167,0.9321094938083858,0.9371409259885095,0.9391980849790545,0.9402035623409669,0.9414872539955091,0.9405436013590034,0.9426067288662708,0.9420974889217134,0.9400000000000001,0.9400518470511989,0.9387894288150043,0.9373979314099075,0.9361620795107033,0.9346076458752515,0.9322726295420339,0.9302007299270074,0.9290796963946868,0.9256219543472686,0.9248949579831932,0.9240129799891833,0.9208695652173913,0.9190505173463176,0.9184308841843088,0.9157190635451505,0.9123317570025465,0.910003862495172,0.9076354679802956,0.9056768558951965,0.8861131520940485,0.8725699636829737,0.8604910714285714,0.8386950611690077
35800.0,50.0,0.7931844888366627,0.8328557784145176,0.8515068493150685,0.8680604181254377,0.8809132720105125,0.8899533284205355,0.8955172413793103,0.899074074074074,0.899579073962718,0.9003044140030442,0.8990592662276575,0.897678124288641,0.8963464140730717,0.8954113924050633,0.8949387904257263,0.8953196824070204,0.8961593172119487,0.8978826051996783,0.9001508295625943,0.9030837004405287,0.906392694063927,0.916243654822335,0.9275558564658091,0.9377817853922452,0.9458944106781075,0.9516204790981682,0.9551996756537604,0.9571059431524548,0.9576685118853794,0.9577124446234394,0.9580283064909713,0.9578207381370826,0.9582191780821918,0.9592976855546688,0.9598173515981735,0.9608226221079692,0.961860038941702,0.9631724484665661,0.9633117795895417,0.9648414123279473,0.9655004859086491,0.9660304675188234,0.9668334259773949,0.9664389067524116,0.9680262348841976,0.968112798264642,0.9673478975804557,0.9679222357229648,0.9675090252707581,0.9681208053691275,0.9682539682539683,0.9686500319897633,0.9681881051175657,0.968112717834631,0.968408736349454,0.9672758181045474,0.9678697183098591,0.9674908424908425,0.9663865546218487,0.9654631083202512,0.965945945945946,0.965150620200827,0.9647749510763209,0.9634574841883345,0.9636638909916729,0.9625407166123778,0.9570436794908882,0.9531250000000001,0.9499100179964007,0.9521390676148549
1700.0,20.0,0.842353594227033,0.787266296109146,0.7722939424031777,0.7519004837595025,0.7287749287749288,0.7079566003616636,0.6927576601671309,0.686158015426308,0.6895197825430384,0.7017506855093862,0.7202481669486746,0.7418077061577242,0.7624285085789705,0.7803108808290156,0.7956290608387477,0.8080210387902695,0.818705035971223,0.8268025078369906,0.8347862531433361,0.8414568345323741,0.8479267116682738,0.8619860017497812,0.8728182594898084,0.8807388569133985,0.8862430067422178,0.8896688539600183,0.8919091781259993,0.8929765886287625,0.8938895620564307,0.8941134242641781,0.8943973461113159,0.8943530291697831,0.8941314096315072,0.8938227748174462,0.8935779816513761,0.8928347608105285,0.8923766816143498,0.8922052823706249,0.8918327129406612,0.8908924902990185,0.890556453474948,0.8898564368086609,0.8891283524904214,0.8886994641987336,0.8882265275707899,0.8876938469234618,0.8864594309799789,0.8860353130016051,0.8860526315789473,0.8844755244755245,0.8836145267372033,0.8825970945745627,0.8817106460418562,0.8808846761453396,0.8799869195552649,0.8794255177020708,0.8790183200829589,0.8787234042553191,0.8787023977433004,0.8785046728971962,0.8783371472158658,0.8784206411258796,0.8788244766505636,0.8791890773686388,0.8800515907136716,0.8803263825929284,0.8854101440200376,0.889248181083266,0.8876199616122841,0.8555148555148555
6000.0,10.0,0.8121104185218165,0.8493490390576566,0.8286918560891163,0.8279028436018957,0.8230852211434736,0.8097222222222222,0.7979073243647234,0.7929784824462062,0.7947385514777525,0.7984705353126406,0.8029585798816568,0.8024132730015083,0.7974431818181819,0.7895935329614027,0.779447936594698,0.7689345314505777,0.7595497324229563,0.7531129240017175,0.7463297232250301,0.7433941705257423,0.7422934648581998,0.7399610136452242,0.7453476983349657,0.7535714285714286,0.7650816181689141,0.7783042394014963,0.7919694072657744,0.8040794417606012,0.8148060548722801,0.8240966953838241,0.8321513002364066,0.838821752265861,0.8435958631662689,0.8475773889636609,0.8506883162725026,0.8530492285084497,0.8556456397073363,0.8569419328912999,0.8581664910432034,0.8592608984288559,0.8601462522851919,0.8611446510504709,0.8617339312406577,0.8626487325400931,0.8632707774798928,0.8641289247013059,0.8651685393258427,0.865911799761621,0.8667079975201488,0.8694909463614623,0.8713301920985864,0.8739789964994166,0.8763485477178423,0.8789473684210526,0.8805394990366089,0.8828472565496787,0.8834291688447464,0.884828349944629,0.8844393592677345,0.8851963746223565,0.8846153846153846,0.883399209486166,0.8824343015214384,0.8803792851932896,0.8781055900621118,0.8759183673469387,0.8613450822858624,0.8489036299981574,0.8475967174677609,0.8576104746317512
1900.0,90.0,0.8103947844983701,0.7935720097640357,0.7660809538751177,0.7411670235546038,0.7214472537053183,0.7079343365253078,0.7010694631917765,0.7010513484686881,0.7077852059521242,0.7187408061194469,0.7325357005017368,0.746588693957115,0.7593582887700535,0.7698803659394793,0.7787510137875101,0.7857142857142857,0.7919510952623535,0.7964821287631074,0.801497667566904,0.8054625786584549,0.8092460259588742,0.8205749913404918,0.8319497874063576,0.8432922576145082,0.8542425819885476,0.8636363636363636,0.8716510903426792,0.8784733846668898,0.8834985835694051,0.8875186846038864,0.8903150525087514,0.89270043877144,0.8945378151260505,0.8955032119914347,0.8966131907308378,0.8975654570509876,0.8975932043416706,0.8980952380952381,0.8981481481481481,0.8978549540347294,0.8979274611398964,0.8982511923688394,0.897782585181179,0.8979591836734694,0.8978555304740407,0.89749430523918,0.8963230861965039,0.896319018404908,0.8967391304347826,0.8953488372093024,0.8945623342175066,0.893646408839779,0.8929078014184397,0.8916913946587537,0.8906009244992296,0.889589905362776,0.8887070376432079,0.8881412952060556,0.8886097152428811,0.8871794871794871,0.8865576748410536,0.8859273066169618,0.8854947166186359,0.8855731225296443,0.8848285772941901,0.8844988092660749,0.8838844830166093,0.8862008902651441,0.8846242243162491,0.8552958727001492
1400.0,80.0,0.7998220640569395,0.7709577754891864,0.7560781187724193,0.7430696416497633,0.7314955502496201,0.7222685571309424,0.7161895360315893,0.7135819845179451,0.714078374455733,0.716677398583387,0.7216528925619835,0.7276560732284274,0.7331253898939488,0.7391943546015878,0.744075021312873,0.748930377285103,0.7538797814207651,0.7578431372549019,0.762987012987013,0.7674626865671642,0.7718606180144642,0.7865213882163035,0.8011695906432749,0.8171919770773639,0.8321263989466754,0.8458117123795404,0.8566748566748567,0.8659875996457042,0.8722222222222222,0.8769306930693069,0.8804685880157578,0.8821545157780196,0.8834582261492003,0.8841632088520055,0.8842926368041603,0.8841610414657667,0.8832704402515723,0.883133291219204,0.8824825084218709,0.8814844373503591,0.8809234507897934,0.8799220815361068,0.8793225123500353,0.8785396004024724,0.8777777777777778,0.8771747211895911,0.8764741457514363,0.8758250191864927,0.8752150117279124,0.8737481530126416,0.872959784620562,0.872133425990271,0.8713366690493209,0.8707259096727007,0.8702848344880677,0.8698007351518668,0.8696951583980873,0.8695026715988492,0.869438061416336,0.8695182544826097,0.8696033311417927,0.8698817106460418,0.8704225352112676,0.8712509144111192,0.8722208024533606,0.8730411686586985,0.8830780724691819,0.8887804878048781,0.8856476079346558,0.8521356783919598
6000.0,30.0,0.8252200220022002,0.8229332726030517,0.8002836879432624,0.8016806722689076,0.7988341174064226,0.7873877047736481,0.7772079772079772,0.773552290406223,0.7763320941759604,0.782791095890411,0.7892784895482131,0.7927979422692197,0.7921428571428571,0.7882226980728051,0.7825753704649975,0.7755223880597015,0.7688888888888888,0.7644970414201183,0.7599293909973521,0.7571996027805362,0.7565605806811837,0.7545839210155149,0.7582300884955753,0.7644001732351667,0.7731541873206366,0.7836456558773425,0.7943249593348997,0.8047471620227038,0.8143948160148113,0.8231379575121577,0.8313185268484679,0.838490099009901,0.8445253059874297,0.8497519489723601,0.8540255831452219,0.8578217821782178,0.8612542955326461,0.8638166593212869,0.8659217877094972,0.867748279252704,0.8693210821847882,0.8700595560368165,0.8710039259674706,0.8720794392523364,0.8719660194174758,0.873266078184111,0.8730366492146597,0.8732203389830508,0.873587570621469,0.8745128604832424,0.875724937862469,0.876067615658363,0.8769230769230769,0.8777375929274663,0.8780353200883002,0.8787398005439709,0.8787188099808061,0.8788610652091013,0.8787639710716634,0.8782995276465685,0.8779268989149057,0.8768226002430134,0.8755591054313099,0.8737552742616034,0.8719424460431655,0.870026525198939,0.8556231003039514,0.844880174291939,0.8444816053511706,0.8470044229995979
27500.0,80.0,0.794822256568779,0.8913799768071125,0.8912280701754386,0.8919062832800851,0.8972809667673716,0.9017497988736927,0.9037350789372353,0.9019545526775783,0.8969230769230769,0.8896,0.8817233074658817,0.8744200433034334,0.8687190375088464,0.8648215002005616,0.8626919602529358,0.8622784810126582,0.8631995477671001,0.8645242596093258,0.8667601683029453,0.8704137392661982,0.8731537793223284,0.8815894341341227,0.8892215568862275,0.8954222573007103,0.9001300390117035,0.9027730229373502,0.9039066008082622,0.9043988269794722,0.9045801526717557,0.9053412462908011,0.9060274669379451,0.9072869225764476,0.9098950833161901,0.9124031007751938,0.9159717767799872,0.9198743126472899,0.9235880398671097,0.9277244494635799,0.9302013422818792,0.9344641480339244,0.9363957597173145,0.9383087571471562,0.9407828705252593,0.9417269777888695,0.9445628997867804,0.9455939806106207,0.9454228145327622,0.9464675281087431,0.9464028776978417,0.947011952191235,0.9478129060199221,0.9484367708819412,0.9482192472846679,0.9482384823848239,0.9482709345527294,0.9465884532263044,0.9470304975922953,0.9471218206157965,0.9452201933404941,0.9445283018867925,0.9449433814916048,0.944326391840204,0.9432821943282195,0.9430853719420869,0.9428418803418803,0.9423844837421563,0.9334548769371012,0.926504481434059,0.9210440985732815,0.9153805215540181
15000.0,20.0,0.821386003745956,0.9095744680851063,0.921598770176787,0.9240520282186949,0.9254327563249002,0.9264233024399471,0.9271833294310466,0.9277620396600567,0.9285714285714286,0.9296442687747035,0.9307339449541284,0.9329815303430079,0.9343768813967489,0.9371584699453552,0.9390902081727063,0.9418402777777778,0.9435672514619883,0.9454585200568368,0.947187844626884,0.948489010989011,0.9496225543059621,0.9512445998765686,0.9512262331220722,0.950849963045085,0.9495798319327731,0.95,0.9488291413703382,0.9489472492642065,0.9487441588785047,0.9484267361757587,0.9479239971850809,0.9470914937152879,0.9459069599711504,0.9448853615520282,0.9433155080213904,0.9420476497102382,0.940677966101695,0.9385884509624198,0.9370326216538419,0.9353646098929118,0.9336415150611392,0.9320270504595111,0.9300180469219972,0.928110599078341,0.9261692065160273,0.9240845489729086,0.9222520107238605,0.920254586297267,0.918918918918919,0.9157049673858505,0.9143532191376255,0.9137813985064495,0.9134762633996937,0.9148211243611585,0.9179439252336449,0.920117742590337,0.9226053639846743,0.924727400633134,0.9264632316158079,0.9279075942644716,0.9289019772822886,0.9298572315332092,0.9303786721005264,0.9309519425520162,0.9314690823158724,0.9322884012539185,0.9336922640974781,0.9345559151384394,0.9359190556492412,0.9385384134915677
35800.0,70.0,0.7905327395678707,0.8333831887526174,0.8529411764705882,0.86892177589852,0.8817182410423453,0.8909808685089584,0.8966397277754147,0.8997150997150997,0.9009608277900961,0.9004664179104478,0.8996659371040203,0.8985386221294364,0.8972070732110395,0.8963520555877244,0.8960142507236696,0.8964640040702111,0.8973471741637832,0.8990228013029316,0.9011351153423655,0.9042334566378956,0.9077916090364223,0.917841814837523,0.9290953545232273,0.9392432432432433,0.9477124183006536,0.953591980694264,0.957497612225406,0.9595288432497735,0.9599546656592368,0.9605934167825684,0.9610244988864143,0.9608753315649867,0.9623076923076923,0.9635231316725978,0.9640004044898371,0.9651701911116137,0.9664412722263962,0.9677551578084438,0.9680024379094926,0.969521044992743,0.9702401670727463,0.9707262150497279,0.9716943784639747,0.9712569712569713,0.9725549989109127,0.9730600967073452,0.9723122973310052,0.9727015194437291,0.9726775956284153,0.9727971614429332,0.9731182795698925,0.9736753290583867,0.9733673841663626,0.9730046948356808,0.9732730263157895,0.9721723518850988,0.9726090993500465,0.9724903474903475,0.9718162839248434,0.9712548369264787,0.970907016543069,0.9706982543640897,0.9696760854583046,0.9695393759286776,0.9687750200160128,0.9689655172413794,0.9632615098434351,0.9593147751605995,0.9558823529411765,0.9578439856595377
300.0,50.0,0.6526315789473685,0.6243739565943238,0.6164266666666667,0.6137234413096482,0.6150134048257373,0.617520531873289,0.6186071817192601,0.6164254703328509,0.6104436229205176,0.6019849418206707,0.5925976696367375,0.5837366892545982,0.5757802279947674,0.5691682702587129,0.5637730358874878,0.5595303113052976,0.556439278066687,0.5535836177474402,0.55125284738041,0.5497470489038786,0.5481758652946679,0.5446396123561478,0.5423046566692975,0.5419401896425966,0.5436026231338077,0.5476596551070684,0.5542262678803641,0.5633752244165171,0.5757575757575758,0.5901639344262295,0.607784986098239,0.6275358733300347,0.6498635414994381,0.6720845184884194,0.6941264310602289,0.7148333824830433,0.7324516785350967,0.7468785471055619,0.7557700377675198,0.765151515151515,0.7696310312204351,0.7722969606377679,0.7752577319587629,0.7742980561555076,0.7765726681127981,0.7759197324414715,0.7731239092495638,0.7731290512669416,0.7717061323618701,0.7695214105793451,0.7676833225178455,0.766042780748663,0.7630298818624044,0.7604316546762591,0.7593818984547461,0.7562403697996918,0.755815768930523,0.7551942902458367,0.753344343517754,0.7523769100169779,0.7525773195876287,0.7522788203753351,0.7513589503280225,0.7511627906976743,0.7516569592287607,0.751798186177421,0.7491055456171736,0.7482014388489208,0.7481412639405205,0.7446945337620579
3000.0,60.0,0.816227834497582,0.8013734812466984,0.7442557442557443,0.7067396798652064,0.6914498141263941,0.6919213973799127,0.7030567685589519,0.7209765819631291,0.7427149964463398,0.7640350877192983,0.7824804411953316,0.7966239246875507,0.8060738388249306,0.8117619272555503,0.8145514223194749,0.8157812985399192,0.816127911018422,0.8154623154623155,0.8153977031050617,0.8153701968134958,0.8156943727413526,0.8181818181818182,0.8217455621301775,0.8273040482342808,0.8327166504381694,0.8387553041018387,0.8442067736185384,0.8494582043343654,0.8541924824452706,0.8587164047584079,0.8624093783742095,0.865424430641822,0.8694468085106383,0.8721174004192872,0.8753681885125184,0.8782125047947833,0.8805494724268366,0.8825788197251415,0.884824414715719,0.8880480747829957,0.8896222121074192,0.89160592522925,0.8936273322025684,0.8952095808383234,0.8971119133574007,0.8982961992136304,0.9004806333050608,0.9015965166908563,0.9022577879394112,0.9049262629432068,0.9061784897025171,0.9071700727398684,0.908303249097473,0.9083237437667817,0.9078787878787878,0.9073068893528183,0.9058669001751314,0.904848210240145,0.9044384057971014,0.903300790330079,0.8986587183308494,0.8955987717502559,0.8926493918561608,0.8889493739793141,0.8846153846153846,0.8790226460071514,0.8562037797863599,0.8510319751898193,0.8571797187459682,0.8431740081224617
10000.0,70.0,0.8747944078947368,0.8709494030699261,0.8549546733354173,0.8549295774647887,0.8584269662921349,0.8623188405797102,0.8662137681159421,0.8684148077835786,0.8701201201201201,0.8716291097155523,0.8728323699421965,0.8740157480314961,0.8749617853867319,0.8758790436005626,0.8769539078156313,0.8774954627949183,0.8788962698007153,0.8800917957544464,0.8812580231065469,0.8830703012912482,0.8846153846153846,0.8904355161868607,0.8963701856469937,0.9025054466230937,0.9080378250591017,0.9129505192425168,0.9165366614664586,0.9188790560471977,0.9203431372549019,0.9200603318250377,0.9201834862385321,0.918141592920354,0.9167106652587117,0.9152170506190253,0.9137899206202695,0.9126025032369444,0.9120080220606668,0.9116117850953206,0.9106368789596532,0.9109769898151641,0.9107600341588385,0.9105769230769231,0.9107905982905983,0.9104477611940298,0.9120879120879121,0.9115357395612173,0.9102263856362217,0.910234899328859,0.9083712465878071,0.9053408146300914,0.9020498485907291,0.8978064516129032,0.8932399599828498,0.8887149788699327,0.8847771236333053,0.8804047838086476,0.8771827706635623,0.8742074043771733,0.8707617789520036,0.8679113185530922,0.8658240155566359,0.8616737739872068,0.8579795021961932,0.8550678875907799,0.8530308161192008,0.8518115942028985,0.8640483383685801,0.8771626297577855,0.8845773331867649,0.8965241709948062
500.0,20.0,0.8322053675612602,0.8322496749024707,0.7859797646087137,0.7517141076251818,0.7309297912713473,0.7240490006447453,0.7294897959183674,0.7475582268970699,0.7714932126696833,0.8046129374337222,0.8234540211470682,0.8349370836417469,0.8557130942452044,0.851835070231083,0.8479960899315738,0.8575883575883576,0.8534858387799564,0.8535324526134406,0.8534124629080119,0.8479064039408867,0.8498402555910544,0.8499327052489906,0.8494699646643109,0.8471104608632041,0.8456325301204819,0.8444272445820433,0.8515873015873016,0.8500810372771475,0.8443163097199341,0.8436454849498328,0.848892674616695,0.8472489082969432,0.8458480565371025,0.8531838565022422,0.8399454049135578,0.8422794117647059,0.8503317535545024,0.8303317535545024,0.8512054001928641,0.847394296951819,0.8299900695134061,0.8501777552056882,0.8457435897435898,0.8385118985763276,0.8403113822848727,0.8394378194207835,0.8395301217803642,0.8379084967320262,0.8409542743538767,0.8464449541284403,0.8471590246178976,0.8407407407407408,0.835609756097561,0.8371141688359984,0.8373174828789249,0.8340453074433657,0.845613570103366,0.8367762979070401,0.8246386785960083,0.854795296784247,0.8545220008599684,0.8314590115418763,0.835335259236734,0.8412199339726458,0.840897919056202,0.8332486019318759,0.8300156564526951,0.8159577425632472,0.8014944769330734,0.7310529845741114
1100.0,70.0,0.783410138248848,0.7658321060382917,0.7558057705840957,0.7481299672744273,0.7432803071859572,0.7402349084949468,0.7386006289308176,0.7376779846659365,0.7371576609918579,0.7371957156767284,0.7371826779492284,0.7379032258064516,0.7385138967668746,0.7400900900900901,0.7413474240422722,0.7431276725717776,0.7452073893342628,0.7466349960411718,0.7494446912483341,0.7519880715705766,0.7542983915696062,0.7637906647807637,0.7745358090185677,0.7879406706792778,0.8019600356370116,0.8150815816551521,0.8270601890233792,0.8370735267286992,0.8451397087760724,0.8509303784235835,0.8547498346925281,0.8568440622821287,0.8584792516190933,0.8592666005946482,0.85950623568338,0.8596308812061346,0.8587693141772839,0.8588171163804852,0.8580609108689579,0.8575114678899083,0.8571428571428571,0.8565008987417615,0.85575463103553,0.8556414219474497,0.8551680804272699,0.8547254150702427,0.854639844256976,0.8545095457537853,0.8542225201072386,0.8545326774420239,0.85431654676259,0.8542284866468842,0.854420731707317,0.8550272798129385,0.855327868852459,0.8558484349258649,0.8562340966921119,0.8569553805774278,0.8568252556691863,0.8574057037718491,0.8576761549230051,0.8583899127061105,0.8592184368737475,0.859822824387702,0.8609742747673782,0.8615384615384616,0.869812855980472,0.8751478653618668,0.8722713097713097,0.836046843758926
800.0,10.0,0.7625030495242742,0.7039084090011843,0.6870095902353966,0.6865646544476206,0.6921437271619976,0.6998420221169036,0.711948051948052,0.7297152787060553,0.7528349029406112,0.7770322580645161,0.7998708844415752,0.8188073394495413,0.8320209973753281,0.843042850264805,0.8498953974895398,0.8541899441340782,0.8577307466196356,0.859181141439206,0.861271676300578,0.8614257161892072,0.8604972375690608,0.8603636363636363,0.8576864535768646,0.8547880690737834,0.8510466988727858,0.8483099752679307,0.8449873631002527,0.8419880034275922,0.8392701998262381,0.8370598591549295,0.8349731663685152,0.8327838827838828,0.8315448658649399,0.8301408450704225,0.8292102759276879,0.8279538904899135,0.8273538156590684,0.8266336633663366,0.8260124924440863,0.8253414108224664,0.8250907205806117,0.8247214854111405,0.8246196700235697,0.8244490283356856,0.8243570015387998,0.8243017692222099,0.8242847488173012,0.8243935770413393,0.8245553245553245,0.8250120019203072,0.8255558270217445,0.8260325406758448,0.8266649622906813,0.8272455479006889,0.8283814950481617,0.828757814623539,0.8295502019217379,0.8303558668000571,0.8308227114716107,0.8315428230378992,0.83202416918429,0.8332031860065594,0.8341369334619093,0.8353313353313353,0.8367844092570037,0.838023088023088,0.8525515210991168,0.8659955960994024,0.8633120540743522,0.8199052132701422
1100.0,60.0,0.7764175257731959,0.7609108159392789,0.7498489425981874,0.7417543859649123,0.736635836337984,0.7337859985951768,0.7322330751094644,0.7305529522024368,0.7288242730720607,0.727363184079602,0.7261665432229394,0.725154666315651,0.7241987179487179,0.7242366412213741,0.7243618450515003,0.7250583052604301,0.726303317535545,0.7274258760107817,0.7294429708222812,0.73171768707483,0.7337137422729434,0.7423500611995104,0.7529729729729729,0.7668880455407969,0.7824852339845525,0.7976947535771065,0.8117842073538276,0.8241482965931863,0.8341481079123665,0.841993432489859,0.8471116554398856,0.8502800517018526,0.8528822612953483,0.8541858325666973,0.8551854476730452,0.8555233960443801,0.8549886906257854,0.8552299140980293,0.8545548654244306,0.8540339702760085,0.853835800807537,0.8532262531154805,0.8529329216952006,0.8526556253569388,0.8523353640847113,0.8520483348069555,0.8518407662376534,0.8518518518518519,0.8514056224899599,0.8514563106796117,0.851937727724412,0.8518265619665415,0.8520336605890603,0.8526881720430107,0.853051996985682,0.8535200605601817,0.8542478565861262,0.8545600642828445,0.8550428746427113,0.8555743243243243,0.8556745182012848,0.8567615658362989,0.8571428571428571,0.8585762064022934,0.8595787362086259,0.860125260960334,0.8695976154992549,0.875,0.871599952488419,0.8348982785602503
500.0,30.0,0.8330143540669857,0.8305464121132324,0.840311004784689,0.8366279069767442,0.8190917711516174,0.7955571609174643,0.7745155607751028,0.7637759710930443,0.7648984937786509,0.7766903914590747,0.7924657534246575,0.8076335877862595,0.8200608876782567,0.8286075492143761,0.834,0.8382541720154044,0.841132161606939,0.8431038676720992,0.8453136906273813,0.8473486877343331,0.8490618874264911,0.8531805848658426,0.856819650937298,0.8593856655290102,0.8614285714285714,0.8626721250465202,0.8633066055746468,0.8638867033831629,0.8638573743922204,0.8635799917321207,0.8634453781512605,0.8625921109666234,0.8621752531924263,0.8614564831261101,0.8599632690541782,0.8596572487262621,0.8581593927893738,0.8567949342425718,0.8568665377176016,0.8554396423248882,0.8535457348406988,0.8531827515400411,0.8516971279373368,0.850187265917603,0.8494856524093124,0.8482682792743266,0.8472686733556298,0.8466327108092813,0.845360824742268,0.8427299703264095,0.8413082980012114,0.8392969240426867,0.8374352331606217,0.8358602504943968,0.8329882677708764,0.8322894919972165,0.8309859154929577,0.8293040293040294,0.8279245283018868,0.827456864216054,0.8266159695817491,0.8242914979757086,0.8227385892116182,0.8216054654141759,0.819892952720785,0.8180970149253731,0.802241594022416,0.7919547454431176,0.7873594988022848,0.777601899485556
10000.0,60.0,0.8744848257774447,0.871676891615542,0.856924360400445,0.8571072940004979,0.8608695652173913,0.8649740334679746,0.8679841897233201,0.8699741602067184,0.8715704206950614,0.8730719794344473,0.8741055888609554,0.8752855185015989,0.8762310354005856,0.8771822358346095,0.8780998952148097,0.8793035219628017,0.8800713330361124,0.8813219829744617,0.8827818283791363,0.8845671267252195,0.8857743517869656,0.8914972273567467,0.8971053271710047,0.9029064196742255,0.9082951229679033,0.9128440366972477,0.9164364640883977,0.9184474487570868,0.9193899782135077,0.9194089993284084,0.9189852700490998,0.9177052423343225,0.916065728809552,0.9143821172501054,0.912920882401725,0.9116161616161617,0.9107142857142857,0.9102296450939458,0.9089264173703256,0.9093707250341997,0.908879410624273,0.9090113735783028,0.9094008767657087,0.9084468664850136,0.9100591715976332,0.9097988319273199,0.9083094555873925,0.9074787972243639,0.906276150627615,0.9029693486590038,0.8996126533247256,0.8952960840496658,0.8905795183911087,0.8859089591185851,0.8821144550132544,0.8774501448781319,0.8742353364519612,0.871157495256167,0.8677551020408163,0.8650519031141869,0.8625506985128436,0.8584486166007905,0.8548955790615677,0.8520467836257309,0.849890316515199,0.8485254691689008,0.8620498614958448,0.8753943217665615,0.883433133732535,0.8951729106628241
3000.0,70.0,0.8173652694610778,0.8016359918200409,0.7436464088397791,0.7058768656716418,0.6900076277650649,0.6904819568902882,0.7014925373134329,0.7197558268590455,0.7418253968253968,0.7631980802792321,0.782189613005323,0.7964989059080962,0.80625,0.8116865869853918,0.8148262073208243,0.8159916201117319,0.8160874658336588,0.8155255124291322,0.8158396946564885,0.8156512605042017,0.815606936416185,0.8184979137691237,0.8223228995057661,0.8282296650717703,0.8335849870578085,0.8394037744921264,0.8448840560723175,0.8500851788756388,0.85446293494705,0.8591004352732549,0.8626289967856539,0.8656195462478184,0.8696868008948546,0.8722264728385616,0.8754785412049164,0.8782791185729276,0.8806620209059234,0.8826519337016575,0.8848263254113345,0.8878345498783455,0.8898009950248756,0.8918015934207145,0.8935381355932204,0.8955549495500409,0.8968723584108199,0.8985963907189917,0.90021624961384,0.9016809387884555,0.9025608994378513,0.9046966061021597,0.9064285714285715,0.9076457229371688,0.9085173501577287,0.9086336965632859,0.9081677704194261,0.9073905109489051,0.9057867049258728,0.9045027214250371,0.9045027214250371,0.9029964448958863,0.8990228013029316,0.8959731543624161,0.8925476603119584,0.8882282996432818,0.88442521631644,0.8795572916666666,0.8561938958707361,0.8509693996729736,0.8572636325207834,0.8428230480736447
300.0,40.0,0.8458149779735683,0.7774022211492033,0.8023471996281664,0.816,0.8014279339580545,0.7669076305220883,0.7293294940353764,0.7038342882327017,0.6977053541735949,0.7091334894613583,0.7302672467371037,0.7538996138996139,0.7748381128584644,0.7918041511442256,0.8038723556830405,0.8126971608832807,0.818724250603779,0.8232315482584011,0.8263132216620589,0.8288999485155311,0.8305912131621768,0.8339051463168516,0.8360256693958841,0.8382141142582813,0.8406018872736547,0.8421195652173913,0.8432771909791607,0.8442793462109957,0.8442648430214487,0.8440721649484537,0.8438120450033091,0.8427004797806716,0.8420684835779175,0.8409090909090909,0.839378238341969,0.8382464096749811,0.8368055555555556,0.8354876615746181,0.8329930583911801,0.8323108384458078,0.8304730012557555,0.8284608770421323,0.8268812527185733,0.8243792325056433,0.8240534521158129,0.8221110100090991,0.8193916349809885,0.817790530846485,0.8156727451946771,0.8121181262729124,0.8092002090956613,0.8060182697474476,0.802572706935123,0.7994202898550725,0.7976331360946747,0.794392523364486,0.7935808684707363,0.7920918367346939,0.789859906604403,0.7890034364261168,0.788488210818308,0.7880317231434751,0.7869598180439726,0.7876175548589343,0.7875,0.7881012658227848,0.7907294643966696,0.7916666666666666,0.7910742496050553,0.7762085822922324
15000.0,30.0,0.8261309072529694,0.9136125654450262,0.9215859030837005,0.9234515484515484,0.9239600665557405,0.9241686083456895,0.9248691099476439,0.9255386565272496,0.9267648169120423,0.928031985784096,0.9301603724780134,0.9325373134328359,0.9343814080656186,0.9362859362859363,0.9393139841688655,0.9413690476190476,0.9427838501003792,0.9442635270541082,0.9456002249086308,0.9468286525717892,0.9475735033652143,0.9485538169748696,0.9484404837683005,0.9478186484174508,0.9472477064220184,0.946524064171123,0.9455370650529501,0.9447885096850704,0.9441797140912185,0.9432978492287638,0.9424342105263158,0.9414784394250514,0.9403553299492385,0.9393782383419689,0.9382871536523929,0.9369300911854104,0.935278030993619,0.9337172661088775,0.9323453608247423,0.9309715675840049,0.9293613985016054,0.9279916753381894,0.9263285024154589,0.9245335561125034,0.9228562320688556,0.9213483146067416,0.9201801064265248,0.918348623853211,0.9177732379979571,0.9158936301793444,0.9147851420247632,0.9155518394648829,0.9160865475070555,0.9171178675551853,0.9190232822260079,0.9212076583210603,0.9233807266982622,0.9252139750245545,0.9267311988086374,0.9280768020144791,0.9288315127441245,0.9298564419407596,0.9304760023701363,0.9308363481591828,0.9313392250169953,0.9317365269461078,0.9337213061752344,0.9343724364232978,0.9351273426237385,0.9369125605240671
35800.0,60.0,0.7905853952926977,0.8329218106995885,0.8523869346733668,0.8685805787487133,0.8813495782567947,0.8903189703413542,0.8960376618281679,0.8995265649658075,0.9003412969283277,0.9007765314926661,0.899413958444326,0.8982352183434239,0.8970003060912152,0.896101573676681,0.8957688338493293,0.8959905660377359,0.897003745318352,0.898458748866727,0.9007477906186268,0.9038167938931297,0.9070663811563169,0.9172846548773531,0.9286256643887624,0.9384708493040145,0.9469837895296306,0.952844962589177,0.9564729638770474,0.9584400797039567,0.9589285714285715,0.9591208791208791,0.9597244303126656,0.959493670886076,0.9602356406480118,0.9607173356105893,0.9624148003894839,0.9635371179039302,0.9646232129876423,0.96595124536301,0.9662771779322585,0.9678380922497647,0.9686387523309036,0.968898646176363,0.9698608964451314,0.9696271470465019,0.9710268427780144,0.971164676728993,0.970473401659346,0.9710035300050429,0.9708400214018191,0.9710228919153868,0.9714728682170543,0.971542025148908,0.9713774597495528,0.9712313003452244,0.9713594191206132,0.970523537175539,0.9704142011834319,0.9706439393939394,0.9698055271238485,0.9696476964769648,0.9692393736017897,0.9688264058679706,0.9675894665766374,0.9679533867443554,0.9670588235294117,0.9670608108108109,0.9610095209309354,0.9572254335260115,0.953768207726409,0.9556538369591203
1700.0,10.0,0.8344674556213018,0.7786296118830858,0.7917387127761768,0.7859192976532162,0.7611774507081366,0.729777000437254,0.7010652463382158,0.6827755905511811,0.6779637181830966,0.6864341085271318,0.7047082906857728,0.7277131782945736,0.7509773260359656,0.7715851987208772,0.7894464562855664,0.8036634230108758,0.8161993769470405,0.8263513513513514,0.8359712230215828,0.8433179723502304,0.85,0.8658693652253909,0.8781281790437436,0.8866629773104593,0.8923983500294638,0.8960957964325807,0.8984507225621664,0.8996877969322655,0.900490539593553,0.9006670533642691,0.9008325899494499,0.9009796533534288,0.9002509410288582,0.9002062509915914,0.8995254459171985,0.8989949748743719,0.8984094407388404,0.8980574179130136,0.897566100507792,0.8961748633879781,0.895618556701031,0.8948256467941508,0.8942454268292683,0.8933617185988001,0.8927444794952681,0.8920634920634921,0.8905794080867028,0.8898520084566596,0.8895820336868372,0.8876651982378855,0.8864913463699707,0.8849372384937239,0.8837209302325582,0.8826140567200986,0.8815588385124808,0.8807792207792208,0.8803327072712638,0.880120978828705,0.8795411089866156,0.8792767732962448,0.8797524314765695,0.8799034399517199,0.8804719031356721,0.8810965890978641,0.8821582257530619,0.8835019183815835,0.8913355672570608,0.8988902589395807,0.8989751098096632,0.8745940930879852
27500.0,90.0,0.7949172576832151,0.8914027149321267,0.8914285714285715,0.8916576381365113,0.8970814132104454,0.9017181427694825,0.9037984597311056,0.9020843431895298,0.8969495502542042,0.8894052044609665,0.8819047619047619,0.8745283018867924,0.8687050359712231,0.8650081566068516,0.8627180899908172,0.8625836335563561,0.8632183908045977,0.8648302370275465,0.8673323823109843,0.8706349206349207,0.873321554770318,0.8816109246614975,0.8893791844187462,0.8957079823505816,0.9001057082452432,0.9026086956521739,0.9041970802919708,0.9046483909415971,0.9053529868114818,0.9052113666030726,0.9061451071520785,0.9077100875020637,0.9098497495826378,0.9129750982961992,0.9164227642276422,0.9200159172304019,0.9240384615384616,0.9279588336192109,0.9300746775288526,0.9337490257209665,0.936550491510277,0.938773441459706,0.9412029736427123,0.9421622983870968,0.9449899125756557,0.9461235216819974,0.9457426376440461,0.9470209884901828,0.946852893161618,0.9473789917654147,0.9482645710543549,0.9489651928504234,0.9488289205702648,0.9486479104069926,0.9484447004608295,0.9470899470899471,0.9472662568747978,0.9473861720067454,0.9462093862815885,0.9452054794520548,0.9452755905511812,0.9451585261353899,0.9442100328176277,0.9436336185203825,0.943426724137931,0.9430379746835443,0.9337016574585635,0.926990291262136,0.9214367721830407,0.9154094827586208
6000.0,20.0,0.8181338399831116,0.831053901850362,0.8092680986475735,0.809748427672956,0.8060344827586207,0.7940047070481853,0.7828445158698273,0.7788314469256653,0.781305114638448,0.7866339668914776,0.793354943273906,0.7956877785840157,0.7934768427919113,0.7878359264497878,0.7803359124363087,0.7717198581560284,0.7637614678899083,0.7585084344480616,0.7524883875248839,0.7496251874062968,0.7485182049110923,0.7457173447537473,0.7506720430107527,0.7576923076923077,0.7679060665362035,0.7802716390423573,0.7928742355756447,0.8047132993095166,0.8153999667387327,0.8250591016548463,0.8337287465401344,0.8412081984897519,0.8469271190313,0.8517350157728707,0.856047046791102,0.8594710125567726,0.8624567474048442,0.8641975308641975,0.8661514683153014,0.8676853055916776,0.8684830137907837,0.8697508896797153,0.8705882352941177,0.8708938120702827,0.8712361331220285,0.8717632552404438,0.8725490196078431,0.8729598588442876,0.8728774667278568,0.874051593323217,0.8749329039184112,0.8755760368663594,0.8765356265356266,0.8772727272727273,0.8780313837375179,0.8792093704245973,0.879163439194423,0.8794093519278097,0.8795589482612384,0.8785138764547896,0.8785648574057038,0.8772238514173998,0.876464542651593,0.874877916440586,0.8729920258869757,0.8712582136772937,0.8560326403730328,0.8444444444444444,0.8448153409090909,0.8485503560528993
1400.0,90.0,0.800820419325433,0.770820156019397,0.7559183673469387,0.7428967428967429,0.7312019605658906,0.7217555288873649,0.7153377348908075,0.7125770206596593,0.7130738522954092,0.7158034528552457,0.721245733788396,0.7269736842105263,0.7325611325611325,0.738820676064878,0.7439817255315411,0.7489983974358975,0.7538807649043869,0.7577514494580287,0.7630700778642937,0.7678626188285802,0.7721903476206547,0.7870140612076096,0.801995012468828,0.8185011709601874,0.8334452652787105,0.8466767371601208,0.8575,0.8663366336633663,0.8733014354066986,0.8782696177062375,0.8813809072729186,0.8830351225977469,0.8843491090682102,0.884822263797942,0.885025776285817,0.8849492603007703,0.8839137645107794,0.8839056893900564,0.8831953751149652,0.8822339133953865,0.8817086527929902,0.8806264992239311,0.8800629740947474,0.8791721323422241,0.878576723498888,0.8778833107191316,0.8772037406101487,0.8765758754863813,0.8759911195686647,0.8744797735974696,0.8735710629585395,0.8729739252995067,0.8720782750498278,0.871523915461624,0.8708292682926829,0.8707082597606435,0.8704788846231561,0.8701812877682851,0.8701546282567253,0.8700985761226725,0.8702222222222222,0.8705882352941177,0.8709830992620805,0.8719090009891197,0.8727649650168438,0.8739563695125235,0.8833333333333333,0.8891089108910891,0.8857988165680474,0.8523900573613766
6000.0,60.0,0.8248860284258515,0.8305669325285622,0.8075511274252754,0.8082760016187778,0.8072440380132688,0.8018474374255066,0.7966573816155988,0.7959183673469388,0.7977294228949858,0.8108554722257532,0.8117127433338787,0.8118730808597748,0.8227880010083186,0.8123123123123123,0.8051209103840683,0.8088539511791477,0.8014218009478673,0.8004362050163577,0.7965686274509803,0.7912923289564616,0.7920560747663551,0.7897750100441945,0.7911946446961895,0.7928974979822437,0.796931048226385,0.8031476997578693,0.8175519630484989,0.8234106962663976,0.8245007680491552,0.8313201035375324,0.8430148823811809,0.8478376935397758,0.850634371395617,0.8660436137071651,0.8494337108594271,0.8574453069865914,0.8731744811683321,0.8436507936507937,0.87973086627418,0.8745989304812835,0.8470752089136491,0.8839091806515301,0.8768836494105587,0.865211810012837,0.8692650334075723,0.868628359592215,0.8696542585230695,0.8675827607745159,0.8740557436832509,0.8856115107913669,0.8872053872053872,0.8768092105263158,0.868961883014228,0.8734435978442668,0.8754847928148601,0.8710691823899371,0.889924545051043,0.876792852104397,0.8589151058136706,0.903366743767669,0.9014791336502905,0.8676222596964587,0.872856298048492,0.8790625,0.8771637816245007,0.8656611715187653,0.8559417040358744,0.8453525641025641,0.8474298586934261,0.8402193784277879
1700.0,50.0,0.7980138322397589,0.7810200668896321,0.7612987436775983,0.7415824915824916,0.7243442245743212,0.7102322206095791,0.7016690615673704,0.6988479636540645,0.7014891179839633,0.7069072806471687,0.7175324675324676,0.7293577981651376,0.7371675943104514,0.750728862973761,0.7561976549413736,0.7615675165250236,0.7677635715782855,0.7690972222222222,0.7747135121521219,0.7791798107255521,0.7831469052945563,0.798334219386851,0.81025534565082,0.8282707486247309,0.8403768506056528,0.8528708133971292,0.8587699316628702,0.8701754385964913,0.8779761904761905,0.889937106918239,0.8902988129349161,0.872742545149097,0.8949227373068432,0.8861898335582546,0.897711349836525,0.9058145122537242,0.8876847290640394,0.891261171797418,0.8873096446700508,0.9008483563096501,0.897422126745435,0.8870614035087719,0.8893854748603351,0.8873720136518771,0.889082462253194,0.8793911007025761,0.9110562075355157,0.9102322661644695,0.8770846201358864,0.8854509545753786,0.8814016172506739,0.8831350594821553,0.8767025089605734,0.8908002991772626,0.8744186046511628,0.8874801901743264,0.8908045977011494,0.8853288364249579,0.865046102263202,0.8533789563729683,0.8929155313351499,0.8826654240447344,0.8822286263208453,0.8739387956564659,0.8686101416546911,0.883340554592721,0.8831930246542393,0.8841059602649006,0.8807041927264304,0.8493765586034913
5000.0,80.0,0.8061074319352465,0.8592197722316453,0.8476291955247736,0.8433366238894373,0.8388707178516096,0.8294419134396356,0.8193146417445483,0.8111475409836065,0.8054029304029304,0.800369685767098,0.7961702801076119,0.7910830538567765,0.7850218128938439,0.7779690189328744,0.7724652424550695,0.7666273120818575,0.7621184919210053,0.7608695652173914,0.7582417582417582,0.758800521512386,0.7610294117647058,0.7639069767441861,0.7733551861390775,0.7836449265020694,0.79509035117627,0.8070385922815437,0.8183490457576454,0.8281290322580646,0.8366477272727273,0.8441358024691358,0.8502334889926618,0.8561072852482784,0.8598701794578083,0.8633791430881164,0.865874363327674,0.868141592920354,0.8711217183770883,0.8722060252672498,0.8738508682328907,0.8753358409457281,0.8765981100611451,0.8781636256621542,0.8789537712895377,0.8804554079696395,0.881812212738017,0.8827539195637355,0.884016973125884,0.8850658857979502,0.8864329268292683,0.8898233809924306,0.8916146297948261,0.8943540669856459,0.8974280465401102,0.8997628799310197,0.9021507917749941,0.9039253695178096,0.9051823416506718,0.9066305818673883,0.907249615868138,0.9076855123674912,0.907882814859559,0.9075347944328908,0.9066845367733288,0.9051982378854626,0.9027077497665733,0.899980426697984,0.8674985145573381,0.8453947368421053,0.8450777202072539,0.8433322464949462
35800.0,20.0,0.7923162583518931,0.8316880552813426,0.8519179304192686,0.8685162846803377,0.8808120497707924,0.8893865628042843,0.8947153364205939,0.8974452554744525,0.898389388915206,0.8978430197723187,0.8966283808818081,0.8953749438706781,0.8936965811965812,0.892432770481551,0.8915401301518439,0.8922949461474731,0.892467043314501,0.8939571565597357,0.896021156388989,0.898876404494382,0.9021788816090203,0.9121621621621622,0.9230769230769231,0.933457249070632,0.9415584415584416,0.9472277889111557,0.9504424778761061,0.9513832619516148,0.9505692031156381,0.9490166125644452,0.9473558267528117,0.9457617071724955,0.9446441409058232,0.9434369602763385,0.942886282508924,0.9425695677915926,0.9429735234215886,0.9432950191570881,0.9434290687554395,0.944,0.9444094818544158,0.9445018958979662,0.9449666089537472,0.9443020903573837,0.9457179018422163,0.9455608878224355,0.9442282749675746,0.9447457627118644,0.9441843716240548,0.9440504334121356,0.944468085106383,0.9444825222755312,0.9439644532214269,0.9436209634727369,0.9438390611902766,0.9422960725075529,0.9424347279018559,0.9425098554533509,0.9405348346235046,0.9398216939078752,0.9399306892568348,0.938655462184874,0.9372982941447672,0.9364448857994042,0.9365333333333333,0.936,0.9291547958214624,0.9264177040110649,0.9237180648668237,0.9292795769993389
15000.0,70.0,0.822868810617662,0.9096074923708303,0.9188604399567256,0.9205897568546301,0.9216300940438872,0.9222520107238605,0.9227777777777778,0.9223497636731938,0.9240097008892482,0.9251908396946565,0.9267015706806283,0.9286358366610846,0.930576070901034,0.9328960645812311,0.9348695486573986,0.9368285345938977,0.9388297872340425,0.9402660874287265,0.941786040841207,0.9428864569083447,0.9439324116743472,0.9455292908530318,0.9455172413793104,0.9462465245597775,0.9456035767511177,0.9450876612636454,0.944771883868151,0.9444444444444444,0.9437706725468578,0.9433255269320843,0.9422510312315852,0.942039618488628,0.941282746160795,0.9401520996362834,0.9392162090109304,0.9384295538141691,0.9375119070299105,0.9364578639026588,0.9357066950053134,0.9349240780911063,0.9344380403458213,0.9338051623646961,0.933206106870229,0.9318429661941112,0.9313725490196079,0.930488644184446,0.9297839506172839,0.9292412617220801,0.9287593984962406,0.9288577154308617,0.9292501284026707,0.9300101434574699,0.9308673881440801,0.9323508522727273,0.9343570057581574,0.9356919875130073,0.9376244193762442,0.9393300538767861,0.94,0.9410208939434013,0.9415997785773595,0.9426055268751898,0.9426202321724709,0.9427958526993206,0.9430863254392666,0.9427991886409737,0.9408665105386417,0.9399075500770416,0.9388322520852641,0.9390243902439025
3000.0,30.0,0.8171217292377702,0.8026622752847536,0.7414646859525671,0.7016843971631206,0.6849305047549378,0.6850199577365579,0.6963533076782115,0.7153526970954357,0.7387459807073955,0.7616376892877174,0.781437125748503,0.7965583173996176,0.8066071008699741,0.8117729502452697,0.8143042491080117,0.8149917325004593,0.8149969268592502,0.8146709323583181,0.81449203187251,0.815047879616963,0.8156945279615153,0.8199069101324741,0.8253568429890848,0.8317261330761813,0.8381720430107527,0.8440094899169632,0.8494554772581678,0.853893866299104,0.8583941605839416,0.8622291021671826,0.8656957928802589,0.8685524126455907,0.8727595385980479,0.8751135331516803,0.8780324737344795,0.8805362462760675,0.8833161688980432,0.8852578826477344,0.8874743769554428,0.8904707233065442,0.8920821114369502,0.8941247728649303,0.8958203368683718,0.8975215102093232,0.8991641236566273,0.9004988539840906,0.9022829722262614,0.9034184206597999,0.904069340384898,0.9061593034504999,0.9076096086007055,0.9083303666785333,0.9094787608977927,0.9091267494579145,0.9086188992731049,0.9079399141630902,0.9065946432590591,0.9047508150908244,0.9049836981835119,0.9034416826003824,0.8993099923332482,0.8962611901000527,0.8925462459194777,0.8890756302521008,0.8847161572052402,0.8796807857581338,0.856839422259983,0.8514412416851441,0.8573342263898192,0.8412283567461614
22500.0,80.0,0.835514440433213,0.8699577690403378,0.8833532934131737,0.8950953678474114,0.9040219378427788,0.9089316987740805,0.9131064446053584,0.9155672823218998,0.9181243414120126,0.9199101796407185,0.9209526592635885,0.9215653057767237,0.9210270375413344,0.9200442967884829,0.9183366733466933,0.9165256627185561,0.9142947501581278,0.912212389380531,0.9101701622477246,0.9080053073861123,0.9065281899109793,0.9029508196721312,0.900523560209424,0.8987327054993606,0.8981896951879932,0.8982981340988313,0.8992980561555075,0.9008818342151675,0.9029748283752861,0.9057714958775029,0.9090909090909091,0.9116079923882017,0.9147462686567164,0.9172619047619047,0.9194556822361162,0.9211534129308403,0.9227820372398685,0.923837784371909,0.9243564356435644,0.9257009345794392,0.9264544456641054,0.927063339731286,0.9279941219691403,0.928390901432182,0.9304592314901593,0.9306847882906429,0.9304469599719921,0.9313451776649746,0.9313684793136848,0.9325610917169153,0.9341476367498672,0.9358029480217223,0.9365616409388877,0.9371155160628845,0.9377112506035732,0.9367547952306895,0.9369418132611638,0.9372526851328434,0.936374549819928,0.9357277882797732,0.9363577023498695,0.9360424028268551,0.9352738414400613,0.9357347523536635,0.935568132346539,0.9349330872173511,0.9286204529855868,0.9253456221198156,0.9225574065736155,0.9206293706293707
10000.0,20.0,0.8766014834794336,0.8622203637884173,0.837573385518591,0.8351222035432562,0.8382920735861913,0.8421436383521692,0.8463203463203464,0.8500376789751318,0.8516966067864271,0.852616905335192,0.8530879600748597,0.854766355140187,0.8523225241016652,0.8526582278481013,0.8528476438276958,0.8513205086403651,0.8519195612431444,0.8522448979591837,0.8531943815133666,0.8557788944723618,0.8581757508342603,0.864153627311522,0.8733212341197822,0.8821428571428571,0.8914435389988359,0.8987595767967895,0.9040289723856949,0.908711383245199,0.9111563241776873,0.9116564417177914,0.9114914425427872,0.9120559114735003,0.911340206185567,0.9074074074074074,0.9088679245283019,0.9060622610595304,0.9075640863745422,0.9119953528899216,0.8956934665138366,0.905982905982906,0.911344537815126,0.9004640371229699,0.90397946084724,0.8979880986115046,0.9126273541216425,0.9098525469168901,0.8929088277858177,0.897316219369895,0.8856073211314476,0.8864608076009501,0.8791732909379968,0.8818991097922849,0.8725361366622865,0.8551034975017845,0.8705603788476717,0.836272040302267,0.8346119536128457,0.8501449275362318,0.83767576509512,0.8117445716119371,0.8129068462401796,0.8277215189873418,0.8089102124742975,0.8050947867298578,0.8129229777634547,0.819800942902043,0.8176713947990544,0.8394097222222222,0.8549019607843137,0.8435139218648824
500.0,70.0,0.7009310986964619,0.7233062924797193,0.7205468435866506,0.7188881869867341,0.7190654205607476,0.7205124818385946,0.7211313276887047,0.7202196228216758,0.7173711817340327,0.7127825409197194,0.7078705939159826,0.702527924750147,0.6969760900140647,0.6920331950207469,0.6874031007751938,0.683986562150056,0.6807391248556397,0.6775372916057326,0.6752816434724983,0.672720464332522,0.670675105485232,0.6676048409794539,0.668158090976883,0.6728971962616822,0.6819948186528497,0.6965430016863406,0.7160320207702293,0.7376352925058227,0.7612016293279023,0.7853628536285363,0.8082026537997588,0.8272089761570828,0.8445285398927783,0.8574430823117338,0.8674652241112828,0.8759305210918115,0.8802153432032301,0.8849976336961666,0.8880742913000977,0.8877922077922078,0.8878504672897196,0.889321468298109,0.8885681293302541,0.8870673952641166,0.8868159203980099,0.885403329065301,0.8843626806833115,0.882670262980445,0.8821502412129566,0.8792093704245973,0.8768996960486323,0.8748019017432647,0.8711297071129707,0.8700516351118761,0.8669699727024568,0.8645403377110694,0.863662239089184,0.8609780439121757,0.8580388877273677,0.8573074908328968,0.8557187265516132,0.851753269297535,0.8488204140587386,0.8460283598945916,0.842934710634353,0.8396925227113906,0.8155943074764482,0.8020667726550079,0.7980057896429721,0.7916666666666666
800.0,40.0,0.8301736498327227,0.7753235547886109,0.7772277227722773,0.7785257489060923,0.7764774722059684,0.7732615083251714,0.7695845226768158,0.7673783515392254,0.767302656191545,0.7701460248783126,0.7765404602821084,0.7842359767891682,0.7921733895243829,0.8007422209534685,0.8084265964450297,0.8152254249815225,0.8217620787657328,0.8266281395865748,0.83206288708909,0.8360990553995404,0.8395196506550219,0.8474106041923551,0.8521440823327616,0.8544303797468354,0.8550955414012739,0.8539562289562289,0.852603706972639,0.8508009153318078,0.8488700564971752,0.8474903474903475,0.8455445544554455,0.8434782608695652,0.8420779220779221,0.8404029692470838,0.83917970858068,0.838074398249453,0.8364565587734242,0.8357021034678794,0.8343986054619408,0.8334324806662701,0.8330319469559976,0.8319900805951643,0.8311362209667295,0.830779054916986,0.8306294613887086,0.8304749340369393,0.8304289544235925,0.8293677770224337,0.8296398891966759,0.8299418604651163,0.8288690476190477,0.8294930875576036,0.8300395256916996,0.8294260307194826,0.8304088586030665,0.8303082191780822,0.8309796999117387,0.831056466302368,0.8308333333333333,0.8305555555555556,0.8311284046692607,0.8310756166599272,0.8311050762481721,0.8309981535787987,0.8307324296616927,0.8307072621727284,0.8294176042356055,0.8246739362839427,0.8124683223517486,0.759914255091104
1100.0,20.0,0.8195535345183961,0.7461594732991953,0.7626990144048522,0.7709481808158766,0.7652582159624414,0.7516239969430646,0.7363690832834032,0.7253853127833182,0.721775787116322,0.7266556595120162,0.739288307915759,0.7562158884172225,0.7736535662299855,0.7908333333333334,0.8052190121155638,0.8176260825267447,0.8284153005464481,0.836555360281195,0.8442118226600985,0.8496435515230071,0.8548057259713702,0.8643439584877687,0.8698083067092651,0.8717299578059071,0.8715798764342454,0.8702752293577982,0.8683111954459203,0.8654669260700389,0.8634558093346574,0.8619119878603946,0.8599442666941893,0.8578550970616314,0.8564526519218381,0.8549901725267526,0.8535504597319153,0.8524700347261118,0.8511229451261866,0.8503991669559181,0.8495637821268569,0.8486525505293552,0.8482674772036474,0.8477258566978193,0.8473743860974688,0.8469596320899335,0.8468410150181254,0.8464969824193125,0.8464299960111688,0.8463194724801507,0.8464061218912271,0.8469649472784269,0.8472605725911931,0.8478650343386085,0.8485172730051972,0.8490419068390715,0.8501958224543081,0.8505972835869743,0.8514535372206352,0.8522295195298998,0.8530082441676898,0.8538837588267246,0.8541552008805724,0.8553506937844516,0.8565549676660787,0.8576078112286412,0.8588787039010872,0.8605939716312057,0.8744926631283172,0.8833878887070377,0.880354505169867,0.8424062698580809
1100.0,30.0,0.8225138121546961,0.7762583648530695,0.7651203758073987,0.7522197848114489,0.7378435517970402,0.7249857061177816,0.7159550561797753,0.7128169979437972,0.7166666666666667,0.7266991683395468,0.7421042433636892,0.7602091633466136,0.7775053631627337,0.7934626436781609,0.8068088597210828,0.8181818181818182,0.8276892430278885,0.8350515463917526,0.8426836321573163,0.8481481481481481,0.8532894736842105,0.8650442477876106,0.8718367346938776,0.8762786596119929,0.8782159624413145,0.8775469831849654,0.8766159892439755,0.875334403424291,0.8739283358979996,0.8724552918681813,0.8708227702235538,0.8689810961835691,0.8677925211097708,0.8664370926085352,0.865216304076019,0.8641084093211753,0.8627116419477622,0.8620191676513063,0.8611632270168855,0.8602356810084955,0.8595591293497851,0.8587699316628702,0.8582541054451167,0.8577491584955363,0.8574186840932719,0.8569706103993971,0.8566840012236158,0.8566113780809177,0.8562421185372006,0.8562005277044855,0.8560350640593392,0.8563986803264456,0.8563791874554526,0.8569348380050965,0.8573613766730401,0.8577188940092166,0.8579893343867272,0.8585673585673586,0.8587967748604507,0.8593716606112417,0.8599609798395838,0.8607424071991001,0.8613884374274436,0.8622104247104247,0.8630379746835443,0.8640674394099052,0.873218304576144,0.8782780801583374,0.8757467144563919,0.8415350476439107
800.0,50.0,0.7759878837945753,0.7708168120539255,0.7630997474747475,0.7583693304535637,0.7564270152505447,0.7560483870967742,0.7550796812749004,0.7542312615559664,0.7517119937389943,0.7483736664064533,0.7448945430197522,0.7415307402760352,0.7383987761346252,0.7364905889496054,0.7341862117981521,0.7334426229508196,0.7330223880597015,0.7323557337271864,0.7325787053413513,0.7325016414970453,0.7325852521130866,0.7356131641845928,0.7411121239744758,0.7502762430939226,0.7621391076115486,0.7751908396946565,0.7882608695652173,0.8002901353965184,0.8108535300316122,0.818746470920384,0.8244457759137208,0.8275206087507927,0.8304862023653088,0.8319727891156462,0.8327501749475158,0.8326180257510729,0.832089552238806,0.8325825825825826,0.8314087759815243,0.8309636650868878,0.8301282051282052,0.8292079207920792,0.8290376569037657,0.8285349233390119,0.828682842287695,0.8278169014084507,0.8280214861235452,0.8275204359673024,0.8273820536540241,0.8274757281553398,0.8277611940298507,0.8277030495944142,0.828070545992185,0.8284880579271587,0.8290102389078499,0.8294050343249428,0.829777201461747,0.8301909743340227,0.8303847581343561,0.8306234797081039,0.8307992202729045,0.8311495339727137,0.8313791178112786,0.8313497822931786,0.8313289694017354,0.831222292590247,0.8286156567890314,0.8258378688054998,0.8177792915531336,0.7680115273775217
500.0,60.0,0.6637931034482759,0.6914893617021277,0.6891625615763547,0.6869009584664537,0.6852847714495234,0.6836952652189391,0.6813432835820895,0.6779377301640442,0.673922507618633,0.6688632619439868,0.6636302294197031,0.6585563665855637,0.6536328871892926,0.648585690515807,0.6439018186442833,0.6397864974033468,0.6360240376806886,0.6323636363636363,0.6292021061158364,0.6261534998874634,0.6235646530204693,0.6194149791063966,0.6181592039800995,0.6209677419354839,0.6277699859747545,0.6390467461044913,0.6547860293241149,0.6738996614342875,0.6954394206302603,0.7187347931873479,0.7424108458591218,0.762890213960014,0.7823980621719823,0.7990040742417384,0.8109201213346815,0.8211559432933478,0.8281341965862272,0.8332288401253919,0.8375241779497099,0.8389945652173914,0.839541547277937,0.8415697674418605,0.8404494382022472,0.8398133748055988,0.8396825396825397,0.8383428107229894,0.8381742738589212,0.8374576271186441,0.8364655172413793,0.8349005424954792,0.8333023255813953,0.8312984496124031,0.8290641387656313,0.827949220765817,0.8256432526327218,0.8243988528568277,0.8238057948316366,0.8220378593129236,0.820283190124652,0.8201690821256039,0.8194888178913738,0.816938453445555,0.8157181571815718,0.8145398515198208,0.8127109936885367,0.8108357703555485,0.7920958587344966,0.7788823213326168,0.7735368956743003,0.7717629846378933
10000.0,30.0,0.8723671497584541,0.8679080593540879,0.8501248959200666,0.847919876733436,0.8500126039828586,0.8534189648658859,0.8559366754617415,0.8583391486392185,0.8589902568644818,0.8607994771811349,0.8621635746015155,0.8633921719109747,0.8646629912857905,0.8657718120805369,0.8671280276816609,0.8685031185031185,0.8700844742207982,0.8717447916666666,0.873821609862219,0.8761097659402745,0.8784208165096455,0.8856476079346558,0.8925056775170326,0.9003921568627451,0.9074027286508337,0.91291000161577,0.9169394435351882,0.9188220230473751,0.9194162436548223,0.9187402799377916,0.9169811320754717,0.9147727272727273,0.912483039348711,0.9097502014504432,0.90732635585157,0.9056393076493578,0.9042220484753714,0.9032306763285024,0.9020636586218957,0.9019334263504086,0.9015203085999546,0.901386748844376,0.9011778224648089,0.9004510309278351,0.9010911650827174,0.9004261913986826,0.8985010706638116,0.8975903614457831,0.8955600403632694,0.8910891089108911,0.8870541611624835,0.8816568047337278,0.8753096614368291,0.8693710118505014,0.8639328063241106,0.8587392861017684,0.8541762805722196,0.8497980168931326,0.8455853240068629,0.8422456140350877,0.8388186893917132,0.833171206225681,0.8285969615728329,0.8247482571649883,0.8220233139050791,0.8203926818384649,0.8388048690520103,0.856396866840731,0.8668852459016393,0.8819890554365929
22500.0,90.0,0.835635359116022,0.8699391962034703,0.883443062667642,0.8949740034662045,0.9041860465116279,0.9096850861556743,0.9131075110456554,0.9167412712623098,0.9182032590051458,0.9199238578680203,0.921076099881094,0.9214334941419711,0.9210526315789473,0.9200270331155666,0.9187054026503568,0.9168100975329891,0.914441942746864,0.9124954987396471,0.9102254428341385,0.9082321187584346,0.9064386317907445,0.9026666666666666,0.9006211180124224,0.8987820740215207,0.8983477576711251,0.8984570475396163,0.899258852594016,0.9010043041606887,0.903210795718939,0.9059880239520958,0.9090909090909091,0.9118955512572534,0.9149581463059566,0.9174603174603174,0.9195144724556489,0.9213174748398902,0.9227348526959422,0.9240548678487789,0.924467657693853,0.9256276646139271,0.9265442404006677,0.9274141283214518,0.9285714285714286,0.9291808873720137,0.9301421800947868,0.9310344827586207,0.9309327036599764,0.9317248459958932,0.9317291550083939,0.9331194867682437,0.9347165086746557,0.9363244514106583,0.9369927381460914,0.9374137137597791,0.9380638868568641,0.9371563236449332,0.9373974849644614,0.937482158150157,0.9366474689299787,0.936346276257161,0.9366963402571711,0.9364512674044984,0.9361207897793263,0.9362846503930492,0.935767707875055,0.9356343283582089,0.9284722222222223,0.9256769374416433,0.9227433527330824,0.9208939340191559
3000.0,20.0,0.8304914744232698,0.8012463102656608,0.7339169381107492,0.6894899007189319,0.6707726763717805,0.6698752228163993,0.6821137086733988,0.7023487840365829,0.7271359807460891,0.752197572205944,0.7744988864142539,0.7916371367824239,0.8026886383347789,0.8093669583118889,0.8128481687803721,0.8143792596552185,0.8148917235241768,0.814662273476112,0.8149472554979439,0.815228028968487,0.8158233276157805,0.8196098302508235,0.8244837758112095,0.8305256064690026,0.835949177877429,0.8414133114215283,0.8460858027421495,0.8504273504273504,0.8544176706827309,0.8585106382978723,0.8622222222222222,0.8647260273972602,0.8686930091185411,0.8718108276291225,0.875,0.8775510204081632,0.8808180535966149,0.8827734095782702,0.8841328413284133,0.8884524744697565,0.8900481540930979,0.8922949461474731,0.89419795221843,0.8955223880597015,0.8971894832275612,0.8990783410138249,0.9005958291956306,0.9022226753670473,0.9029700983343367,0.9052388289676425,0.9069340974212035,0.9078771695594126,0.9089644708559869,0.9085783326621023,0.9082555838281029,0.9075912408759124,0.9063504208110176,0.9047317613546447,0.9047619047619048,0.9031158714703018,0.8989426243716415,0.8957701231483134,0.8920412675018423,0.8881940496494221,0.884077937413895,0.8789888106092002,0.8563316297558206,0.8519882179675994,0.8581560283687943,0.8425699393681523
35800.0,30.0,0.7902985074626866,0.8295077433628318,0.8482428115015974,0.8649442160892542,0.8778640776699029,0.8870873502775344,0.8933800783666735,0.8967723984418475,0.8979665940450254,0.8980627306273062,0.8969662278191185,0.8963838664812239,0.8946932006633499,0.893488824101069,0.8933033202025886,0.8934605958983619,0.8943661971830986,0.8958298720717727,0.8980509745127436,0.9008229584300486,0.9040607931607694,0.9139579349904398,0.9242618741976893,0.9344827586206896,0.9424405218726016,0.9478296311391889,0.9509554991313645,0.9521340936581995,0.9520653854649879,0.9514158800666297,0.9507018144471071,0.9498956158663883,0.9497512437810945,0.9494117647058824,0.949419002050581,0.9507427677873339,0.9514134275618374,0.9513752455795678,0.9514434243999558,0.9528301886792453,0.9532125635344715,0.9533597958605047,0.9540160338829224,0.9534616017102451,0.9548770144189992,0.9549468372679762,0.9536243180046765,0.9541953790028375,0.9537435456110155,0.953842549203374,0.954133064516129,0.9541160593792173,0.9539089848308051,0.9534083802376485,0.95385629531971,0.9520915266356811,0.9528231797919762,0.9527498063516654,0.9512905911740216,0.9507042253521126,0.9503642987249544,0.9492789656887121,0.9485495347564313,0.9480825958702065,0.9473684210526315,0.946866485013624,0.9402618657937807,0.936695652173913,0.9335810496980956,0.9385813148788927
15000.0,60.0,0.822737819025522,0.909245283018868,0.9187439300744578,0.9205020920502092,0.9213905418102099,0.9219943707277845,0.9224612306153076,0.9227023737066342,0.9235251274581209,0.9251290877796902,0.9264469453376206,0.9282891678289168,0.9304,0.9322908759678153,0.9344797936371453,0.9363477585872307,0.9384145009827474,0.9396615158204562,0.941079295154185,0.94221260815822,0.943442054129077,0.9447282861124013,0.9457267623206488,0.9455155071248952,0.9451500505788468,0.9447356597274225,0.944433458572276,0.943971081848696,0.9436666666666667,0.9430514237144071,0.9421841541755889,0.9413333333333334,0.9408381265406738,0.9395003511588241,0.9384260383774593,0.9374361965874289,0.9366846408070969,0.9357363542739444,0.9348565872630044,0.9341096279466061,0.9332452081956378,0.9323135755258126,0.9315188762071993,0.9306880964339528,0.9303904923599321,0.9287078294080203,0.9278571428571428,0.9273301737756714,0.9275741710296684,0.9267888578233405,0.9269810869044769,0.9276048714479026,0.9284528301886792,0.9299352482151751,0.931740614334471,0.9330609067912046,0.9351966873706005,0.9368143922773147,0.9375438596491228,0.9386442355269669,0.9391349391349392,0.9400568181818182,0.94015503875969,0.9405278984296692,0.9407777381377096,0.9409090909090909,0.9393282773564464,0.9382978723404255,0.9371282922684792,0.9380347420274826
300.0,10.0,0.6802235597592433,0.6975967957276369,0.7087873462214411,0.7253452635673993,0.7462047489295446,0.7667386609071274,0.7857839551328945,0.8019504876219055,0.8123689727463314,0.8140939597315436,0.8136272545090181,0.806378132118451,0.8017025538307463,0.796875,0.7950772753291357,0.7874251497005988,0.7826899128268993,0.7822423849643552,0.7756195579370395,0.7756366139022711,0.7722143864598024,0.7715355805243447,0.7704598597038191,0.7633870967741935,0.7667497921862012,0.7611584327086882,0.7525496974935177,0.7614703277236493,0.7523938572719061,0.7491758241758241,0.7515406162464985,0.743720491029273,0.748169556840077,0.7410505836575876,0.734920634920635,0.7410057442305754,0.7444115545575176,0.7301259549865786,0.7330259849119866,0.7305174234424499,0.7202329594477997,0.73296077142231,0.7294745028330186,0.7159697508896796,0.7125660929238384,0.7343079243531732,0.7287364368218412,0.7110796125679187,0.714405060269722,0.7099963383376053,0.708167825223436,0.7023733162283514,0.7068283680464013,0.6984043254648556,0.6871024495872242,0.7065969769741489,0.6914803283328617,0.6884869365489521,0.6861748475167004,0.6750446162998215,0.6848642846189236,0.6845490196078431,0.6677347004165332,0.660436137071651,0.6746675876359869,0.6767279871405608,0.6031528444139822,0.6186364989580232,0.4107199492546781,0.0009805491990846683
5000.0,90.0,0.8059925093632959,0.8594327990135635,0.8476138828633406,0.8438725243792098,0.8389132340052585,0.8294663573085846,0.8195011337868481,0.8102872411489646,0.8053221288515406,0.8002010555415934,0.7958360232408005,0.7907444668008048,0.784672435105068,0.7778753292361721,0.7717842323651453,0.7663588920112404,0.7619047619047619,0.7602956705385427,0.7576650943396226,0.7581395348837209,0.760119940029985,0.7639468690702087,0.7731774251282664,0.783367257923815,0.7949652777777778,0.8070032573289903,0.818394570559326,0.8282563025210085,0.8364634498699798,0.8440050219711237,0.8504070556309362,0.8559322033898306,0.859860248447205,0.8635990139687757,0.865832614322692,0.8682553956834532,0.871421639980592,0.8725925925925926,0.873897249610794,0.8760240305843802,0.8768361581920904,0.8779904306220095,0.8794808405438813,0.8804627249357326,0.8819212808539026,0.8829639889196675,0.8836206896551724,0.8854166666666666,0.8869093725793958,0.8889837745516652,0.8920217588395286,0.8949416342412452,0.8973561430793157,0.8998138618197744,0.9022691799735862,0.9039881831610044,0.9053562142485699,0.9065292096219931,0.9071945508727118,0.9075680526473228,0.9079472230745628,0.9076873070047131,0.9068936170212766,0.9052989616899392,0.9026750142287991,0.8999801153310797,0.8677536231884058,0.8458002507312996,0.8452631578947368,0.8434652973331125
1700.0,40.0,0.8131404460518384,0.7890353920888272,0.76390588875289,0.7405660377358491,0.7204847537138389,0.7045596502186133,0.6942028985507246,0.6905311778290993,0.6934246007052479,0.7018900343642611,0.7141234380916319,0.7270983213429256,0.7397660818713451,0.7508626639061422,0.7602533650039588,0.7688612099644128,0.7759095378564405,0.7814426300421758,0.7877369529604493,0.7930728241563055,0.7982685172461179,0.8131638236240747,0.8276374442793462,0.8413066385669126,0.8541083099906629,0.8645540506005622,0.8732510288065843,0.879754242246928,0.8847217952659084,0.8881006127055788,0.8907815631262525,0.8925281473899693,0.8934191702432046,0.8945837877135587,0.8945386064030132,0.894696089818041,0.8945281522601111,0.8945686900958466,0.8943719412724307,0.8934810396250532,0.8930112165660051,0.8925583443416997,0.892328398384926,0.891324200913242,0.8909090909090909,0.8905075187969925,0.8893849206349206,0.8886088709677419,0.8889439762022806,0.8868921775898521,0.8858225108225108,0.8847667228780214,0.8837075417386299,0.8828125,0.881619937694704,0.880891719745223,0.8805280528052806,0.88,0.8799730276466622,0.8795595320027529,0.8793859649122807,0.8793103448275862,0.8794435857805255,0.8799682034976153,0.8801652892561983,0.8796861377506539,0.8825881497637222,0.884978001257071,0.8821989528795812,0.8521212121212122
500.0,0.0,0.6898102875024448,0.7102290076335878,0.7249949484744392,0.743509400179051,0.7636687444345504,0.7824743944074134,0.8006500541711811,0.816884176182708,0.8291457286432161,0.8364912280701755,0.8383084577114428,0.8384758364312268,0.8355202929508697,0.8324277331014996,0.8294306703397613,0.8266922707633222,0.8245832296591192,0.8225326607165956,0.8213716108452951,0.8203380588876772,0.8194405594405595,0.8180076628352491,0.8171481253841426,0.8159821712830309,0.8149292567897218,0.8132932531730127,0.8119469026548674,0.8106754188979098,0.8090700547026646,0.8076439978467612,0.8066448801742919,0.8052212553230884,0.8042219316271249,0.8030851266425444,0.8019342359767891,0.8009005481597494,0.7999999999999999,0.799280287884846,0.7979423868312757,0.7973695026715989,0.7965783434174838,0.7956669498725574,0.7949978623343309,0.793943383805135,0.7936714347637625,0.7930579964850615,0.7919782460910945,0.7914584279872785,0.7905844155844157,0.7895359848484849,0.7886002886002886,0.7877231596967473,0.7865930203364299,0.7859162169108199,0.7851755526657997,0.7845199568500539,0.784186298402383,0.783746932097082,0.7832207207207207,0.783108302212008,0.7827466820542412,0.7827759692216633,0.7824754901960784,0.7827856025039124,0.7829010566762727,0.7832512315270936,0.7907368421052632,0.7976554536187563,0.8075581395348838,0.8453429410194823
400.0,0.0,0.6364238410596027,0.6129032258064516,0.6366319932527411,0.6630999694283094,0.6965052115266708,0.7347244639151487,0.7709083633453382,0.7943954659949621,0.8011617515638964,0.7943221320973348,0.7785515320334262,0.7676258992805756,0.7531802120141342,0.7413001912045888,0.7315709201830198,0.7260038651492376,0.7157445853439569,0.7150198551740248,0.7135391346621294,0.703657470977406,0.7042217374566919,0.7015087671605273,0.6918842625264644,0.6964809384164222,0.6892418339826191,0.686836027713626,0.6907573610455046,0.6788669637173775,0.6842880523731587,0.6837905236907732,0.6754341595009273,0.6745704467353952,0.6715353851504086,0.670968882602546,0.6772381297571585,0.6675173168064163,0.6525408181984957,0.6591251885369532,0.6661594065056116,0.6567479362641582,0.6488307570352755,0.6461751334255782,0.6536761751707514,0.6368281218066626,0.6486318407960199,0.6348943224202238,0.6260741982812827,0.6411700975081257,0.6216804527644754,0.6335639366212898,0.6110732924892217,0.6069241639189825,0.6139088729016787,0.5915697674418605,0.6033744648703097,0.5857142857142856,0.5788376335678915,0.5726020137784844,0.5663265306122449,0.5741773563859454,0.5601471836965752,0.5459537572254335,0.5310990338164251,0.5344558777673839,0.5165329052969502,0.5127272727272727,0.24509896324222433,0.0012005988023952095,0.001471607314725698,0.6693639020004495
6000.0,70.0,0.8243642814902424,0.8306374881065651,0.8073128264654672,0.8083239595050619,0.8067361668003208,0.8007380073800738,0.7948448185165702,0.7930232558139535,0.7947357019064125,0.8081811541271001,0.8085547390239307,0.8084101110323647,0.8196386946386947,0.807705657757723,0.800082270670506,0.803733843944471,0.7960526315789473,0.7944514501891551,0.7905166312809625,0.7851556264964086,0.7870503597122303,0.7841394436107584,0.7861774241084586,0.7884473877851361,0.7931735985533453,0.8001093792726278,0.8155844155844156,0.8217784476262245,0.8229747106729532,0.8301343570057581,0.8423855165069223,0.8475177304964538,0.8503184713375797,0.8654770075497598,0.8497067448680352,0.8573643410852713,0.8734177215189873,0.843304347826087,0.8810138248847926,0.875219512195122,0.8473096446700508,0.8844660194174757,0.8773088548080152,0.8654834189631013,0.8696233292831106,0.8689663886782917,0.8699592801786418,0.8680375868173771,0.8743789921930447,0.8860322934629252,0.8876292097365789,0.8774632748118953,0.8693573068094874,0.8741145517101802,0.8761671854157403,0.871689497716895,0.8905268245529241,0.8775928297055058,0.8593377483443708,0.9040022390148335,0.9021864211737629,0.8683404776484996,0.8731078904991948,0.8795098706603132,0.877765687341313,0.8658769583492548,0.8563569682151589,0.8451923076923077,0.8477531857813548,0.8406549520766773
30000.0,80.0,0.7825783972125435,0.8937078651685393,0.9074074074074074,0.909985935302391,0.9096621343222084,0.9078818423631527,0.9042784626540972,0.8987743985474353,0.8920943134535367,0.8849351513136016,0.8775990584542958,0.8718065693430657,0.8673308862087048,0.86463923673226,0.8640646029609691,0.8641509433962264,0.8659359190556493,0.8681690140845071,0.8718002298610386,0.8757114647461959,0.8797623660080073,0.8902007083825265,0.8996241432677426,0.9061046511627907,0.9097859327217125,0.9110105580693816,0.9103493737640079,0.9087779690189329,0.907756108495853,0.9084179970972424,0.9105478941483414,0.9139120095124852,0.9186846038863976,0.9235645041014169,0.928604118993135,0.9331491712707183,0.9376231122783979,0.9402756508422665,0.9427036705461056,0.945907902674442,0.9477316438511144,0.9490027770764958,0.9508061182306738,0.9514089870525514,0.9538264898546094,0.9545220525141582,0.954171343060232,0.9551156409251274,0.9550491323437174,0.9557339449541284,0.9568880079286423,0.9571922361074182,0.9571469657750935,0.9571252313386799,0.9574122236671001,0.9559548978153629,0.9564581046469082,0.9565383149065955,0.9549733933688088,0.9546044098573282,0.9548300536672629,0.9541686981960019,0.9539367970005356,0.9533410138248848,0.9530284301606922,0.9536423841059603,0.9446332638965026,0.9384080859128238,0.9331834899877401,0.9271844660194175
6000.0,50.0,0.8253053699008989,0.8296073642682698,0.8069533394327539,0.8075088339222615,0.8070588235294117,0.8008884243532793,0.795760293518141,0.7951015531660693,0.799253112033195,0.8041351711871944,0.8097818337373449,0.8129112573359417,0.8131820165866434,0.8110419906687403,0.807774716865626,0.8031272210376688,0.7985377741673436,0.7958041958041958,0.7918410041841004,0.7902180318208604,0.7897877984084881,0.7864334470989761,0.7883753960450126,0.791832259832808,0.7975605624258851,0.8047020004124562,0.8126232741617357,0.8201729106628242,0.8271197624546355,0.8341390851617702,0.8402489626556017,0.845584835876098,0.8502754131196795,0.8542005420054201,0.8571428571428571,0.8606658446362515,0.8629032258064516,0.8651841556636554,0.866519174041298,0.8678655199374511,0.8694942903752039,0.8699045967042498,0.8708746618575293,0.8707431796801505,0.8718627450980392,0.8718890248878008,0.8722681943560365,0.8726612370680167,0.8730778058296993,0.8740646797717184,0.8748987854251012,0.8758160452633106,0.8768205763867369,0.8778488276766683,0.8784440842787682,0.8793709528214616,0.8795534665099882,0.8796680497925311,0.8795878943979395,0.8793650793650793,0.8788161267769751,0.8780064468137863,0.8766301512780386,0.87489666574814,0.8729087173466392,0.871097372488408,0.8572839506172839,0.8455571227080395,0.8458558558558559,0.8498874959819993
1700.0,60.0,0.7961049284578696,0.7805375347544022,0.7607723940640085,0.7421020656136087,0.7267813267813268,0.7153435114503817,0.7085191538021727,0.7066688676130736,0.7091075934847442,0.7132759680393362,0.7217149662564509,0.7305596830113917,0.736810551558753,0.7475247524752475,0.7524469820554649,0.756140350877193,0.7619981422231397,0.7632756050005735,0.7681669600201156,0.7722635787151916,0.7760676022332881,0.7904257262927097,0.8024395556523634,0.8204539658250446,0.8336247086247086,0.8472131147540983,0.8540014419610671,0.86671893375147,0.8756802009208874,0.8875555555555555,0.8888888888888888,0.8722488038277512,0.8946041351487645,0.8857436953165209,0.8972712680577849,0.9057331863285557,0.8885116015846066,0.8915525114155252,0.8873321657910099,0.9011592434411226,0.8980222496909765,0.8876262626262627,0.88996138996139,0.8879423328964613,0.8896321070234113,0.8799730276466622,0.9117437722419929,0.9103398409255242,0.8775800711743772,0.8855193328279,0.8819875776397516,0.8838709677419355,0.8769611890999174,0.8914728682170543,0.8748214285714285,0.8875,0.8911153119092627,0.8860194174757282,0.8658301158301158,0.8539901477832512,0.8936192468619247,0.8831545064377683,0.8824635117204777,0.8747157798999545,0.8692825907103179,0.8839152119700748,0.8834716459197787,0.8846842812360054,0.8810220920947565,0.849942726231386
6000.0,0.0,0.8081718618365628,0.861756373937677,0.8401851347672202,0.8377872795296633,0.8313896987366375,0.8171523730224812,0.8037771229574069,0.7977755308392316,0.7986131175960705,0.8014354066985646,0.8050182958703607,0.8033222591362126,0.7975833333333333,0.7888944472236118,0.7781512605042017,0.7669861855088808,0.7574578469520103,0.7507552870090635,0.7439644218551461,0.741184936435596,0.740146779016037,0.7387263339070568,0.7449112169770463,0.7546076882569773,0.766624843161857,0.7803085966201323,0.7947679324894514,0.8073793755912961,0.81741660604801,0.8262143581652204,0.8334548991004134,0.8393939393939394,0.84343853820598,0.8465245327102804,0.8492354740061162,0.8511517077045274,0.8531169940222032,0.8540980765898458,0.8552751044125658,0.8561904761904762,0.8568901120503244,0.8577953082831637,0.858304794520548,0.8593645856476338,0.8598388952819332,0.860720248032435,0.8615916955017301,0.8624744376278118,0.8636001063546929,0.8664323374340949,0.8688626476072094,0.871623874624875,0.8741557056523285,0.8767843726521413,0.8794882377218325,0.8810833685992383,0.8822739480752014,0.8834123222748815,0.8839373163565132,0.8841778697001034,0.8842887473460722,0.8828169014084507,0.8817267888823181,0.8796758104738155,0.8779840848806366,0.8758716875871687,0.863080145518686,0.8497968115035949,0.8480333730631704,0.8578329882677709
300.0,30.0,0.7964019306713471,0.8228235894817463,0.8368355995055624,0.8308303338711679,0.8135785649409628,0.7952270977675134,0.7818731117824773,0.781140350877193,0.7886140371641615,0.8011626173796393,0.8146690518783541,0.8354639175257732,0.836189170664839,0.8482344102178813,0.8612622415669206,0.857347464909768,0.8634441087613294,0.8669432035737078,0.8659180977542932,0.8769017980636238,0.8804308797127468,0.8705255140898704,0.8701089148850342,0.8657661460531869,0.8705004389815628,0.8675466545289031,0.8621332091290173,0.8650717703349283,0.8622725036891293,0.8576441102756892,0.8554707379134859,0.8579664570230607,0.8590425531914894,0.8439678284182306,0.8527946873270614,0.8459821428571429,0.8504566210045663,0.86132241076653,0.8245206275421267,0.8445503275759381,0.8548585485854859,0.8341523341523341,0.8390517779164067,0.8296107211231654,0.8503225806451614,0.8463047743623283,0.8238410596026491,0.8308724832214764,0.8175033921302578,0.8206026629292221,0.8166904422253923,0.8238761974944732,0.8174242424242425,0.8052347959969206,0.8257028112449799,0.7934518997574778,0.7958333333333333,0.8158340389500424,0.8064459930313589,0.7806228373702422,0.7845884413309981,0.8058550185873605,0.7893536121673004,0.7882926829268292,0.7967306325515281,0.8041477092371178,0.7593150684931507,0.7438240270727581,0.7403694968553459,0.6492056676685273
15000.0,40.0,0.8243691899070386,0.9097791798107255,0.9172884246429333,0.9181099969614099,0.9191116544417278,0.9194263363754889,0.9203109815354713,0.9208349743993698,0.9222065063649222,0.9241917502787068,0.9257328990228013,0.9276018099547512,0.9298701298701298,0.9322803553800593,0.9341089607338628,0.9362051541182416,0.937988906272223,0.9394181585677749,0.9407646742057081,0.941947188066922,0.9429477020602218,0.9444613050075873,0.944920440636475,0.945054945054945,0.9453874538745387,0.9449261083743843,0.9441042345276873,0.9435635123614663,0.9428886438809261,0.9419391206313416,0.9412602349590602,0.9399733214762116,0.9384615384615385,0.9374158815612382,0.9362224039247752,0.9349753694581281,0.9338131193959415,0.9324817518248175,0.9311835106382979,0.9300371311315224,0.9288980338363054,0.9276788088274395,0.9265519360786724,0.9247615683504062,0.9236641221374046,0.9226569608735213,0.9216188524590164,0.9211878926327812,0.9202026599113363,0.9194528875379939,0.9193262411347518,0.9198465576418332,0.9203929539295393,0.9217369665297996,0.923471453637468,0.9249708624708625,0.9269392196486864,0.9283946543474674,0.9294220665499124,0.93032711143966,0.9310211199379965,0.931509754028838,0.9318129463257314,0.9321110009910802,0.9322257383966245,0.9327566964285714,0.9325885978428351,0.9331352154531947,0.9326303456356181,0.9345563591462338
35800.0,10.0,0.7955223880597015,0.8422764227642277,0.863981628687511,0.8792359827479975,0.8893222818137494,0.8958923512747875,0.8993203883495146,0.9001534134492457,0.8991335622036947,0.8973259848948765,0.8946580129805292,0.8918837975441749,0.8893601979498056,0.8873818331278257,0.8865784499054821,0.8863758750673129,0.8871951219512195,0.8885832187070152,0.8909512761020881,0.8940972222222222,0.897270955165692,0.908237747653806,0.9199020636586219,0.9305718992704166,0.9392405063291139,0.9444208739923632,0.9479932165065008,0.9485458612975392,0.9473170731707317,0.9458743376230129,0.9438726278546157,0.9416295095257398,0.940040140491721,0.9385749385749386,0.9374768775434702,0.9364592462751972,0.9359959037378393,0.9358823529411765,0.9350912778904665,0.9359939759036144,0.9362416107382551,0.9359925788497218,0.9362324689738675,0.9356052223943351,0.9368949026011898,0.9368513192447168,0.9359599241808827,0.9365214916026189,0.9359382099045889,0.9365105815697384,0.9372740419378164,0.9378894080996885,0.9380922299431459,0.9380930863081789,0.9383659818442427,0.9373872713218243,0.9376008606777838,0.93785151856018,0.9360168218684289,0.934768841038632,0.9349326322707854,0.9337155141526334,0.9317914543316347,0.9312236286919832,0.9303482587064676,0.9303675048355899,0.9244548286604362,0.921609934582548,0.9193847030337559,0.9231927710843374
8000.0,80.0,0.8547824063299977,0.828272604588394,0.7972729095648686,0.7878848862950292,0.7877917414721723,0.7934078869923484,0.8024042742653607,0.8133030990173847,0.8258064516129032,0.8381287063474632,0.8488950276243094,0.8569012178619756,0.8622778675282714,0.8644148430066603,0.8655229662423907,0.8641819330385344,0.8622668579626973,0.8605028386050284,0.8591280653950953,0.8585982070089649,0.858118102173171,0.8582630566651872,0.8615266589950135,0.8662718973599802,0.8713431896822901,0.8759904912836767,0.8794117647058823,0.8820359281437126,0.8852813852813853,0.8872758326216909,0.8892323030907279,0.8914053426248548,0.8943661971830986,0.897432046853882,0.9,0.9038461538461539,0.9062433411463883,0.9085957849869761,0.9124143183549124,0.9133836267113719,0.9132040627885504,0.9152597402597402,0.9147232857640097,0.9130108736407949,0.9121140142517815,0.9104602510460251,0.9080105633802817,0.9052242256125751,0.9024154589371981,0.8954666666666666,0.8888252148997134,0.8818011257035647,0.8745762711864407,0.8686288585786073,0.8616352201257862,0.8583128583128583,0.8551959114139693,0.8495875343721356,0.8463035019455253,0.8446850393700788,0.8429153924566769,0.8387755102040816,0.8368496763366099,0.8350266700533401,0.8332877835474173,0.8313748531139835,0.8150548354935194,0.8131294293174188,0.8254670599803343,0.8718057022175291
1200.0,90.0,0.7932692307692307,0.7658186562296151,0.7520453115166772,0.7419183889772125,0.7340300016854879,0.7289264668203945,0.7259092613423322,0.7241926945473796,0.7245119305856833,0.7255502392344497,0.7276183468236448,0.730340510001527,0.7330115113256591,0.7367495051682428,0.7397435897435898,0.7430085369443626,0.747,0.749624060150376,0.7540777917189461,0.7575476079888528,0.7613168724279835,0.7737789203084833,0.7874704491725768,0.8029135338345864,0.8175956284153005,0.8311995027967681,0.8428334255672385,0.8522812829393164,0.8598100756478352,0.8649796195652174,0.8683413504364867,0.8702490170380078,0.8716763005780347,0.8722685736988478,0.8724531377343113,0.8724023275145469,0.8716948417858691,0.8715436533855868,0.8707877705869226,0.8703618873110398,0.8698582384382989,0.8690761129727143,0.8684785246299442,0.8680830039525692,0.8676544450025113,0.8672453408220577,0.8668915412558381,0.8665086887835703,0.8661839635290963,0.8658227848101265,0.8654566407375396,0.8653388822829964,0.8649556981362664,0.865,0.8648915187376726,0.8651685393258427,0.8652602926165363,0.8652631578947368,0.8658580092757759,0.8663713547434477,0.8662921348314607,0.8665888759237651,0.8674166331860185,0.868366067697451,0.8689171416045594,0.8699817518248175,0.8788075178224238,0.8840579710144928,0.8806689924071414,0.8456721091478416
10000.0,10.0,0.8822927328556807,0.8595454545454545,0.8241206030150754,0.8174148526195189,0.8179551122194514,0.822538860103627,0.8273599192327108,0.8312453942520265,0.8335884093459851,0.8342787682333873,0.8337361878453039,0.8317297412871499,0.8286596346797016,0.8251748251748252,0.8217821782178217,0.8188785800726099,0.8168113293741435,0.8159383033419023,0.8154727793696275,0.8173690932311622,0.8192771084337349,0.827833182230281,0.8391890335214837,0.8521044992743106,0.8646739130434783,0.8760071620411818,0.8853711790393013,0.8928453676228157,0.8988941548183255,0.9036031820308844,0.907040704070407,0.9096191091026469,0.9108614232209737,0.9129310344827586,0.9123383084577115,0.9130680533574497,0.9125016060644996,0.9114015976761075,0.9119104716227019,0.9103067047075606,0.9078633836378078,0.9077649077649078,0.9062281315605318,0.9036266801927466,0.9019021739130435,0.8997093023255814,0.8972454348498917,0.8941833716726915,0.8913194444444444,0.8832684824902723,0.8759590792838875,0.8669811320754717,0.8580278781621063,0.8508042151968941,0.8418803418803419,0.8354755784061697,0.8293838862559242,0.8229700073152889,0.8169781931464174,0.8132482043096568,0.8091590341382181,0.8010270774976658,0.7963148407770879,0.7916711387785768,0.7889160554197229,0.7866230003778814,0.8033362598770851,0.8285240464344942,0.8466929478756022,0.8708019820150487
500.0,40.0,0.8236514522821576,0.8138856476079347,0.8102094240837696,0.800453514739229,0.7803414859252422,0.755573637103336,0.7333517546283503,0.720998201438849,0.7222415593456317,0.7357723577235772,0.7566433566433567,0.7779691749773345,0.7970982390076421,0.8102008870336551,0.8183856502242153,0.8240618828176431,0.8270474137931034,0.8284265938779489,0.8298488925688263,0.8304559539619301,0.8311444652908068,0.8338101430429129,0.8364312267657993,0.8391478851497376,0.841897233201581,0.843739100104639,0.8458469350743562,0.8469965999244428,0.8476040848389631,0.8482034719418652,0.8488852188274154,0.8483290488431876,0.8483391608391608,0.847922192749779,0.8470372071658245,0.8471189591078067,0.8457497612225406,0.84498031496063,0.8449877750611247,0.84375,0.8419675562532706,0.8413612565445027,0.8403630539241858,0.8391877058177827,0.8380634390651085,0.8369195922989807,0.8354430379746836,0.8344060854300761,0.8332344213649852,0.830655129789864,0.8284810126582278,0.8254281949934124,0.8232081911262799,0.8209059233449477,0.8175824175824176,0.8164322723908216,0.8153153153153153,0.8120595144870791,0.8100242522231205,0.8101367658889783,0.8082448979591836,0.8048865619546247,0.8026857654431513,0.8007380073800738,0.7985521235521235,0.7958977467919571,0.7772020725388601,0.7693778241223497,0.7692940934348632,0.7733395262424524
17500.0,0.0,0.8260038240917782,0.9321063394683027,0.9404915912031048,0.9459698848538529,0.948973741543401,0.9519737779677925,0.9542551355083722,0.9552085473597699,0.9553140096618358,0.9547244094488189,0.9535563494641117,0.9519553072625698,0.9507430997876858,0.9494463168030813,0.9482852476864453,0.947206875383671,0.9467496542185339,0.9470404984423676,0.9464912280701754,0.9457509881422925,0.9461358313817331,0.9466828233868525,0.9481512084280107,0.9498732751337652,0.951508209240168,0.9528688524590164,0.9538357094365241,0.9547471162377995,0.9533714285714285,0.9520279110335804,0.9501187648456056,0.9479545454545455,0.9456582633053221,0.9428082191780822,0.9397339983374896,0.9368104312938816,0.9332129963898917,0.930316091954023,0.9266211604095563,0.9221080209592906,0.9179590387119687,0.9140960022133076,0.9104645555376949,0.9077579806978471,0.9057647309083173,0.9045773795107774,0.904709748083242,0.9053472649047326,0.9071917808219178,0.9114713216957606,0.916217540421362,0.9201349831271091,0.9240025332488917,0.9256661991584852,0.9273700305810397,0.9281585466556564,0.9300265721877768,0.9314150943396227,0.9328731492597039,0.9343189017951425,0.9357380688124306,0.9384353327655433,0.9409511228533686,0.9431090883231403,0.9446293494704993,0.9461317135549873,0.9475262368815592,0.9477813852813853,0.9481504900411002,0.9468283582089553
800.0,70.0,0.765481918361012,0.7635772357723577,0.7610537667539671,0.7598395587866633,0.7602451168134814,0.7611607142857143,0.7611764705882353,0.7603208556149733,0.7581263307310149,0.7546441052050763,0.7509310986964618,0.7470435535044707,0.7431578947368421,0.7406786761625471,0.7379072063178678,0.7357840321654222,0.7347883597883598,0.7328538985616957,0.7324742268041237,0.7309708737864078,0.7305081033727552,0.7316086139615552,0.7350732256853173,0.7427138079311992,0.7540934802024412,0.7678636198766775,0.7826649417852523,0.7975062344139651,0.8105677346824058,0.8213399503722084,0.8293998651382333,0.8345481049562682,0.8387096774193549,0.8411290322580646,0.8429890848026869,0.8440207972270364,0.8428441203281677,0.8437673130193906,0.8431428571428572,0.8422396856581532,0.8414890423296307,0.840471756672874,0.8400505103651479,0.8394027285422709,0.8388615216201423,0.8384074941451991,0.8380465644520159,0.8376818286769799,0.837357201743022,0.8369066798859834,0.8367476778216058,0.836820634293986,0.8368121442125237,0.8369444444444445,0.8370185971591741,0.8372881355932204,0.8374638893112362,0.8374430658080729,0.8375439718580109,0.8376408217362492,0.8375694327554284,0.8375109553023663,0.8374455732946299,0.8371126228269086,0.8368400158793172,0.836536474478198,0.8341080766995933,0.8316944024205749,0.8231046931407943,0.772420443587271
1100.0,10.0,0.764986900909231,0.6774509803921569,0.7195567986230637,0.7574267568121287,0.7755692085290928,0.7770392749244713,0.7697115384615385,0.762882096069869,0.7613588995414756,0.7662997459779848,0.7766606822262119,0.790818536162841,0.8045226130653267,0.8172163219675797,0.828239608801956,0.8367213114754098,0.8442906574394463,0.8493050475493782,0.8549734244495064,0.8579321231254933,0.8598360655737705,0.8646394439617724,0.8655992680695334,0.8646110056925996,0.8625610948191593,0.8595522537897802,0.8565991153173542,0.8538324420677362,0.8513470343946331,0.8489037693055406,0.8465846694487151,0.8442669067176775,0.8425778586042282,0.8408723747980614,0.8394902969371054,0.8382526564344747,0.836844027760867,0.8360496229627827,0.8350451676772677,0.8341531088409635,0.8335879806468042,0.8329641693811075,0.8326756116811366,0.8323113836310317,0.8320064768587235,0.8317169785548423,0.8315818584070797,0.8315392143156718,0.8314192542180633,0.8316875460574797,0.831983198319832,0.8324108241082411,0.833019164310399,0.8335197315865154,0.8347521281922884,0.8349774285236583,0.8357901954062393,0.8366772263287575,0.8372881355932204,0.8381460364171418,0.8387036692121438,0.8400462516862593,0.8412068281063915,0.8427012559192918,0.844363009269239,0.8459816431609581,0.8628125,0.8756117455138662,0.877772301626417,0.8474378056559643
800.0,60.0,0.7490829053558328,0.7513798701298702,0.7486296006264683,0.7475324675324675,0.7482772598297527,0.7490952955367913,0.7496974935177182,0.7483253588516746,0.7453874538745388,0.7411125052279381,0.7363395225464191,0.7320197044334975,0.7279968140183194,0.7250354945575012,0.7222838137472284,0.7205128205128205,0.7194871794871794,0.7180532445923461,0.7176029962546816,0.7169712245326612,0.7163145539906103,0.7169296116504854,0.7199458832624662,0.7270087124878993,0.7381590705987489,0.7515282272563826,0.7663551401869159,0.7818003913894325,0.7954920285871357,0.8070175438596491,0.8157377049180328,0.8220338983050848,0.8264094955489614,0.8299689440993789,0.8315874294923449,0.8325041459369817,0.8322328410078192,0.8329236172080773,0.8329719963866306,0.8317548746518106,0.8314447592067988,0.8307692307692308,0.8307616221562809,0.8303598427577865,0.8300512820512821,0.8298205342237062,0.8295840407470289,0.8293471234647706,0.8292174294808473,0.8291474654377881,0.829239489844119,0.8295537673738113,0.8299473288186606,0.8303388090349076,0.8306320907617504,0.8310241782124422,0.8313741953540442,0.831648859370488,0.8319870759289176,0.8320923871752013,0.8321764615147308,0.8324514991181657,0.8325049701789264,0.8325292901447278,0.8323093603180339,0.8321744033076489,0.8311892885271724,0.8291936032664171,0.821125050586807,0.7701543739279588
500.0,50.0,0.6672190918130594,0.6779783393501805,0.6718676122931442,0.6692003167062549,0.6700927550764603,0.6716952668300962,0.6715367965367965,0.6682727946627132,0.6618075801749271,0.6539877300613497,0.6445945945945946,0.6353942652329749,0.6274119127516778,0.6204185315108262,0.614514348785872,0.6100374064837906,0.6061931420573828,0.603010164190774,0.6003911342894394,0.5981669078630005,0.5963131178199306,0.594028826355525,0.5939019001325674,0.5978260869565217,0.6053691275167785,0.6169590643274854,0.6332868551147167,0.6530912659470068,0.6755352317605487,0.7003349652151507,0.725551071095933,0.7477973568281938,0.768425460636516,0.7862772369031061,0.798974358974359,0.8101750547045952,0.8174927113702624,0.8228395061728395,0.8273697426239799,0.8288524590163935,0.8289835164835165,0.8307905686546463,0.8307254623044097,0.8299120234604106,0.8292319164802386,0.8281368821292776,0.8273993808049536,0.8266351457840819,0.8256,0.8233527939949958,0.8213675213675213,0.8184163701067615,0.8155616942909761,0.8139228598306679,0.8099703849950641,0.8088822355289421,0.8078208894742174,0.8050453873759764,0.8029626402352685,0.8027343749999999,0.801498127340824,0.797602256699577,0.795896197948099,0.7940042293817638,0.7916233090530698,0.7893805309734513,0.7749077490774908,0.767962308598351,0.7663785893504321,0.7621145374449338
1200.0,80.0,0.7919463087248322,0.7660930528999362,0.7524570024570024,0.741888820004133,0.7343288480472596,0.7292652552926525,0.7263464337700145,0.7248459958932238,0.7247899159663865,0.7261353104726599,0.728147268408551,0.7306611448010649,0.7333573227779777,0.7366737739872068,0.7395522388059701,0.7427836524721348,0.7461961799935254,0.7489952502740227,0.7534580960130187,0.7567811934900542,0.7604010025062656,0.7728983688833124,0.785824345146379,0.8011039558417663,0.8164075067024129,0.8300158749542068,0.8416111035515036,0.851044908848377,0.858433734939759,0.8635983263598327,0.867053038285915,0.8689311426989108,0.8704161124833745,0.8710815047021944,0.8711816720257235,0.8712587125871258,0.8706435749412016,0.8704618689581095,0.8698811096433289,0.869182105738816,0.8688674919761578,0.8680358829084042,0.8676083313382811,0.8671703631489154,0.8669474727452924,0.8662805338705616,0.8661377015613002,0.8657142857142858,0.8653795292250728,0.865149833518313,0.8650184711565786,0.8651026392961877,0.8646775165762508,0.8649815043156597,0.8650664936749919,0.8653407238343658,0.8656816655473473,0.8656509695290858,0.8661971830985915,0.8666666666666667,0.8665927568366593,0.8675115207373272,0.8679095596985323,0.8684536082474227,0.8696969696969697,0.8707207207207207,0.8802049967969251,0.8861720067453626,0.8822395780505122,0.8462047661076787
3000.0,10.0,0.8482187656798795,0.7944552529182879,0.7206484945661856,0.6712085308056872,0.6489463601532567,0.6478458049886622,0.6594556873691556,0.6805627931214174,0.7072376659153519,0.7352328005559416,0.7607192254495159,0.7817437097717964,0.7960057061340942,0.8058129738837405,0.8117760617760618,0.8149550914403203,0.8166069295101553,0.8171858500527983,0.8179615110477548,0.8186053735052027,0.818828310193024,0.8223410576351753,0.8260968921389397,0.8306138306138307,0.8344748858447488,0.8385888229784577,0.8422638981915607,0.8461814270347795,0.8494135452137722,0.8524,0.8555926544240401,0.8577549271636675,0.8613771089831281,0.8634032634032635,0.8667319941205291,0.870096790626592,0.8722955145118734,0.8743315508021391,0.8763114301490889,0.8796241926012919,0.8818236352729454,0.8842105263157894,0.8859145952836202,0.8878688524590164,0.8902439024390244,0.891947694425327,0.8946587537091988,0.895738203957382,0.8966292134831461,0.8998357963875205,0.9024807527801539,0.9038009049773755,0.9055607917059378,0.9061624649859944,0.9064013476521373,0.9060971633518096,0.9051684881602914,0.9038597317015769,0.9041289260087049,0.9026772793053546,0.8986234401132124,0.8955796717840127,0.8917849344978166,0.8879382889200561,0.8836363636363637,0.8783060694083473,0.854571783202317,0.8493623804463337,0.8571882951653944,0.85
8000.0,90.0,0.8549112426035503,0.8280713795470144,0.7971221553219716,0.787661406025825,0.7874130991584339,0.7929171668667467,0.801544050862852,0.8129422359449376,0.825355532431495,0.8379349046015713,0.8486730660643704,0.8568464730290456,0.8616845582163501,0.8642996108949417,0.8648190045248869,0.8637830858618464,0.8628026412325752,0.8606965174129353,0.8589600742804085,0.8583775903363532,0.8578904523781835,0.8577690447400241,0.8613124387855045,0.8659949622166246,0.8709470304975923,0.8755052546483427,0.8795,0.8821733821733821,0.8852941176470588,0.8869565217391304,0.8892385786802031,0.8915691143431477,0.8944023796646836,0.8976317799847212,0.900208986415883,0.9039690222652469,0.9064124783362218,0.9088065447545717,0.9128191900954347,0.9134506242905789,0.9134104407627384,0.9152933421226104,0.9151943462897526,0.9132089836315188,0.9124146243471274,0.9100169779286927,0.9079946404644931,0.9056780854059128,0.9029411764705882,0.8955627705627706,0.8895348837209303,0.8826142131979695,0.874828060522696,0.8696285506190823,0.8620414673046252,0.8579734219269103,0.8549222797927462,0.8497211895910781,0.8462524654832347,0.8448103792415169,0.8432588916459884,0.8391214351425943,0.8371838521400778,0.8353517134759083,0.8335181591350153,0.8317687378930114,0.8151239251390996,0.8133282847406286,0.8253493013972056,0.871943371943372
15000.0,50.0,0.8225871045254305,0.9098039215686274,0.9184359043267939,0.9202086553323029,0.9212721584984359,0.9216080402010051,0.9219858156028369,0.9222560975609756,0.9232643118148599,0.9244060475161987,0.9259259259259259,0.9273879142300195,0.9293946514490321,0.9312762973352033,0.9333815028901734,0.935236541598695,0.9368343738523687,0.9383123581596864,0.9397590361445783,0.9407022106631989,0.9418808411214953,0.9432707355242567,0.9442691903259727,0.9441301272984441,0.9444444444444444,0.943783236262345,0.9432730923694779,0.94290089695909,0.9420576596947428,0.9415373511367737,0.9408284023668639,0.9398069278818852,0.938375350140056,0.9383033419023136,0.93675355696334,0.93579013116802,0.9347858528577824,0.9337701434389941,0.9328311362209667,0.9321078431372549,0.9311231780508716,0.9301093077177873,0.9291158536585366,0.927916120576671,0.9274074074074075,0.9265033407572383,0.9255784865540964,0.9244105409153953,0.924079754601227,0.9232876712328767,0.9234353489357195,0.9239352129574085,0.9246015802865943,0.9260241674034777,0.9278646664538781,0.9292249266355946,0.9312373598087884,0.9329303957886528,0.9338036937123885,0.9346634509975883,0.9352319706017456,0.9360523665659617,0.9361118727721415,0.9365032486709982,0.9366929133858267,0.9368948247078465,0.9359397079604334,0.9357011635027557,0.935036496350365,0.9359059658460857
300.0,20.0,0.7413237924865832,0.75,0.7792642140468228,0.8,0.8080568720379147,0.8087401465910662,0.8088752196836555,0.8152380952380953,0.8238516645596291,0.8332467532467532,0.8414634146341463,0.8560606060606061,0.851462865716429,0.8582995951417004,0.8676215277777778,0.8610859728506788,0.8651844843897825,0.8668316831683168,0.8654041946650377,0.8743787670508618,0.8771815008726003,0.8687607081667619,0.8690874343048257,0.8654392685036452,0.8695817973814668,0.8669712793733682,0.8619729514717582,0.8644297118116628,0.8620403649433231,0.8575634375438105,0.8556233158417245,0.8576828027329553,0.8586348926154751,0.8450954283177984,0.8534063260340632,0.8471074380165289,0.8513260530421217,0.8611730953139942,0.8284538692831145,0.8467259498787388,0.8557660352276504,0.8375912408759124,0.8424945368969574,0.834961439588689,0.8527225583405358,0.8497989158943872,0.8307121399540554,0.837055565481508,0.8260634462869503,0.8296296296296296,0.8268544600938967,0.8342338865302971,0.8301402330634011,0.8192722910835665,0.8388635420987143,0.8108727348469069,0.8133529288263699,0.8331166016471607,0.825044404973357,0.8018077601410935,0.8057906458797327,0.8265258215962441,0.8119167264895908,0.8119490695396668,0.8212744351358213,0.8297760210803689,0.8033875788774494,0.7990334273056786,0.7977011494252875,0.6569767441860465
22500.0,0.0,0.8596689895470383,0.8668181818181818,0.8871758934828311,0.9055608820709492,0.9174540029835903,0.9259374031608305,0.9321394910461829,0.9367803115827501,0.9406099518459069,0.9434673366834171,0.9455210237659963,0.9463908822287885,0.9463249516441006,0.9455744914788345,0.9440298507462687,0.9411764705882353,0.9386792452830188,0.9356828193832599,0.9315581854043392,0.9280114828309595,0.9243416986030412,0.9157894736842105,0.90801317233809,0.9025535661872616,0.898590446358653,0.8975559022360895,0.8984910836762688,0.9020664869721473,0.9064723032069971,0.9115217064743879,0.9165067178502879,0.9209245742092458,0.924655436447167,0.9272588055130169,0.9281978126485972,0.9289071680376029,0.9285198555956679,0.9284452296819788,0.9271516063178253,0.9264074892731764,0.9255784865540964,0.9247713272353929,0.9241150442477876,0.9231368475720592,0.9219173952366596,0.9207063711911357,0.9193865513173417,0.9178445229681979,0.9165848871442591,0.914856136230182,0.9138983050847458,0.9140030441400304,0.914501257334451,0.9145454545454546,0.9149805447470817,0.9149111937216027,0.9148773841961853,0.9148911798396334,0.9150467962562995,0.9155388471177945,0.915873222903352,0.9170299535930249,0.9182475158084914,0.9191094025308345,0.919905373436972,0.9205532895903529,0.921244989389295,0.922275163787969,0.9228094575799722,0.9236680327868853
1700.0,70.0,0.8029670839128419,0.7842765307197808,0.7642508143322475,0.745580589254766,0.7295173961840629,0.7176265270506108,0.7103782227457139,0.7083885627722022,0.7114927344782034,0.717948717948718,0.7276084949215144,0.7377238590410168,0.7463106113843991,0.7555371900826446,0.7623686723973256,0.7681394845137535,0.773737617782073,0.7777927321668909,0.7826855123674912,0.7870385297436724,0.7909763835037011,0.8037264450561084,0.816788137723046,0.8307155322862129,0.8437912813738441,0.855457227138643,0.8655326042932361,0.8739092495636999,0.8805002315886985,0.8852140077821011,0.8884928716904277,0.8903743315508021,0.8927392739273927,0.8933635847986386,0.8945835760046593,0.8947681331747919,0.8942786069651741,0.894375,0.8940949935815148,0.8937293729372937,0.8932885906040269,0.8925848925848926,0.8923293455313159,0.8916008614501076,0.8910021945866862,0.8897989575577067,0.8899848254931715,0.8889745566692367,0.8882769472856019,0.8872305140961857,0.8858603066439523,0.8853615520282186,0.8838181818181818,0.882851817334576,0.8820058997050148,0.8816831683168317,0.8808940600122473,0.88028243229002,0.8800514524600708,0.8797826328047023,0.8797119387869923,0.8795982716337732,0.8796675499879547,0.879875,0.880167451596023,0.8806355241716458,0.8832199546485261,0.88575631282177,0.8835716370002918,0.8535512256442489
6000.0,40.0,0.8264220183486238,0.8275808936825886,0.8053869499241275,0.8060695780903034,0.8041250831669994,0.7956795679567957,0.7878787878787878,0.7861302276336686,0.7894345238095238,0.794582620078542,0.8002341006632853,0.8034898891063275,0.8033380253368189,0.8006700167504187,0.7963749645992637,0.7910496873971701,0.7860902255639097,0.7828151986183074,0.7786370227162881,0.7766304347826087,0.7758094074526573,0.7733644859813084,0.7755182625863771,0.780407062285434,0.7873649459783914,0.7959811730629979,0.8049356223175965,0.8138377302140368,0.8216812906878007,0.8294229549778059,0.8363252375923971,0.8425166080500195,0.8473861720067454,0.8516833484986351,0.855544747081712,0.858908341915551,0.8620302860347728,0.8640046296296297,0.8657265481299816,0.8674463937621832,0.868064952638701,0.8697841726618705,0.8700522778192681,0.8713951675759938,0.8710462287104623,0.8717299578059071,0.872280701754386,0.872884440400364,0.87260663507109,0.8737691179551644,0.8746238716148446,0.8755390512697652,0.8765353121801432,0.8773354995938262,0.8780124962808687,0.878820293398533,0.8789839831742436,0.87913595062575,0.8790351188364668,0.8785834738617201,0.8782742681047766,0.8772289403566305,0.8758353093339082,0.874259681093394,0.8723300970873786,0.8706213244694452,0.8563829787234043,0.844938560561732,0.8445440956651719,0.8485821294810059
1700.0,0.0,0.8275217932752179,0.7620889748549323,0.7954768928220256,0.8043175487465181,0.7852426069480333,0.7526006331976481,0.7205781142463867,0.6977381073131149,0.6897646888985131,0.6962200672867603,0.7131722525331254,0.7351598173515982,0.7583497053045186,0.7785910338517841,0.7960764068146619,0.8108262108262109,0.823019801980198,0.8326639892904953,0.8428165007112376,0.85,0.8572580645161291,0.8732014388489209,0.8854743083003953,0.8936738619363112,0.8994337485843714,0.9029253731343284,0.9049453280318092,0.9060359312394985,0.9066080468958166,0.9066629955947136,0.9066553863508178,0.9065847736037709,0.9061339670280707,0.905841717975672,0.9051230459681164,0.9045130641330166,0.9038461538461539,0.9035401104254628,0.9027938502231774,0.9016844276383637,0.9010244834172599,0.9003181336161188,0.8994614003590664,0.8988333940940576,0.8979402486546669,0.8973305954825462,0.8959639498432602,0.8951340615690169,0.8948808128175069,0.8929530894812978,0.8915104276385085,0.8902916848062691,0.8892095914742452,0.8879926250288085,0.8870392390011891,0.8865729520116336,0.8861646234676007,0.8859851396361773,0.8854961832061069,0.8857512953367875,0.8864509051014811,0.8868930676396295,0.8877020785219399,0.8888559573206876,0.8901876345739772,0.8920933246921582,0.9011962782454586,0.9094533029612756,0.9100135317997293,0.8862113218308855
1600.0,0.0,0.8137472283813747,0.737888198757764,0.7830769230769231,0.8040478380864765,0.7931034482758621,0.7639902676399026,0.7326815642458101,0.7087405368203716,0.6989605805059815,0.7034353193773484,0.7182456140350877,0.738939991239597,0.760482180293501,0.7806060606060606,0.7975543478260869,0.8114754098360656,0.8230088495575221,0.833044982698962,0.8423217550274223,0.8496611810261374,0.8563088897992626,0.8710223425863236,0.8817401960784313,0.8887285133184621,0.8932413793103449,0.8956107421311003,0.89663928304705,0.8965996908809892,0.896256345177665,0.8953640222004571,0.8946666666666667,0.8938858009095503,0.8923399057756064,0.8915301989786935,0.8899746652189648,0.8886220908755079,0.8875094055680963,0.8869171228997546,0.8855005753739931,0.88389662027833,0.883049147442327,0.8820052985530874,0.8809425382389418,0.8801341156747695,0.8792332268370607,0.8784506740851701,0.877043673012318,0.8764172335600907,0.8761989739014053,0.8744710860366713,0.87350549976088,0.872534516765286,0.8717691342534505,0.8712948517940717,0.8706480985538296,0.8702290076335878,0.8701517706576728,0.8705408515535098,0.8701113331430202,0.8704241719930274,0.8714241771762534,0.8718917217500787,0.8730569948186528,0.874251497005988,0.8755617006567576,0.8774617067833698,0.8887765419615774,0.8994743758212878,0.9023622047244094,0.8825815171481669
30000.0,90.0,0.7825701100461484,0.8938700823421775,0.9071748878923767,0.9092208720514653,0.9097098564994239,0.9079003558718861,0.904331797235023,0.8989386248269498,0.8920214265576544,0.8847583643122676,0.8775917065390749,0.8715808993973111,0.8673415023974427,0.8648484848484849,0.8632946001367054,0.8642638036809815,0.8663239074550129,0.8682251908396946,0.8718547616519801,0.8757082152974505,0.8797900262467192,0.8903170522707797,0.8997977982475848,0.9063792085056114,0.9099029126213592,0.9106687085247576,0.9103078982597055,0.9082969432314411,0.9079635949943117,0.9084081873067295,0.9106029106029107,0.9141548107065348,0.9188124810663435,0.9237160120845922,0.9286376274328082,0.9334823923979877,0.9375830013280213,0.9411764705882353,0.9438914027149321,0.9464013805705005,0.9480534307569357,0.949446071565007,0.9512296790329304,0.9517813267813268,0.9541210560206053,0.9550484094052559,0.9545882796306765,0.9555862613501777,0.9555695935986523,0.95635103926097,0.9571072319201995,0.9577087794432548,0.9577301679212508,0.9577639751552796,0.9577879581151832,0.9563675062078751,0.9569060773480663,0.9570222563315426,0.9558944765045342,0.9547432550043516,0.954995499549955,0.9548355424644085,0.954177897574124,0.9541763341067285,0.9533291848164281,0.9533333333333334,0.9450525152017689,0.9389446835644828,0.9335397316821465,0.9271198318149967
30000.0,40.0,0.7811833171677982,0.8880597014925373,0.9021398747390397,0.9056842105263158,0.9066583696328563,0.9063032367972743,0.9023822714681441,0.8973537604456825,0.8907290421717603,0.8836445721321567,0.8769716088328076,0.8710771840542832,0.8669053042629352,0.8643942200815117,0.8635412306404353,0.8637218045112782,0.8654755648975302,0.8681898066783831,0.8714938030006523,0.8751814223512336,0.8789346246973365,0.88958157227388,0.898528595224875,0.905032021957914,0.908256880733945,0.908888180949347,0.9073375262054507,0.9053384700055036,0.9041095890410958,0.9039473684210526,0.9053297639328304,0.9083503054989817,0.9125498007968128,0.9166248116524359,0.9210115516703091,0.9254871990829193,0.9290649470290189,0.9318057828696127,0.9336340206185567,0.9352941176470588,0.9364016736401674,0.9375471698113208,0.9387308533916849,0.938751881440315,0.9408575653031049,0.9412782956058589,0.9407493465001452,0.9416002452483139,0.9412149991812674,0.9417721518987342,0.9424587588373919,0.9428934010152284,0.9425760695493022,0.9423312883435583,0.9427312775330396,0.9410120212468549,0.9411764705882353,0.9413195500152022,0.9398765030874228,0.9393627954779034,0.939297124600639,0.9392649903288202,0.9386113463166808,0.9385525716886663,0.9381091617933723,0.9380530973451328,0.9304635761589404,0.9248373605947956,0.9202823944697751,0.91544477028348
1400.0,20.0,0.8346328784925277,0.767479674796748,0.7653084982537834,0.7565897858319605,0.7403846153846154,0.7216177601934278,0.7062127659574468,0.6982626469085335,0.699740836727138,0.7101598762248582,0.7277091906721537,0.748,0.7681846932321316,0.7861542251786154,0.8015607580824972,0.8142329020332717,0.824878620458731,0.8336655191157818,0.8416795069337443,0.848285772941901,0.8540209790209791,0.8673020527859238,0.8765465303926843,0.8825757575757576,0.8865533230293663,0.8884903814802739,0.8893790295215473,0.8895943562610229,0.889171511627907,0.8889305816135085,0.8882488479262672,0.8876797512631169,0.8865563181267663,0.8861689106487148,0.8848739495798319,0.884020618556701,0.8830486202365309,0.882534095908491,0.8817733990147784,0.8804094927873429,0.8796992481203008,0.8790052606408417,0.878581835842642,0.8777120315581854,0.8770080321285141,0.8763250883392226,0.8754636989931107,0.8753358409457281,0.8752642706131079,0.8736017897091722,0.8728620296465223,0.8721272834413671,0.8713168971737824,0.8707058088694566,0.8703225806451613,0.8703947368421052,0.8702445652173914,0.8704735376044568,0.8699861687413555,0.8703312191684285,0.8707025411061285,0.8713629402756509,0.8715524034672971,0.8727714748784441,0.8736310025273799,0.8748444444444444,0.8857670979667283,0.892202200605964,0.8881940496494221,0.8535414165666266
6000.0,90.0,0.8240711336932359,0.8304825121266275,0.8078602620087336,0.8083767098414235,0.80652831820147,0.8002175489485134,0.7941847206385405,0.7922558922558922,0.7933796678053953,0.8071599045346062,0.8073130649137222,0.8070085029631539,0.818384223918575,0.8059871163319439,0.798292902066487,0.8018818609513853,0.7935368043087971,0.7926997245179064,0.7882534775888718,0.78301393728223,0.7849852796859667,0.7821657653125393,0.784546328951587,0.786898342320751,0.7920137187653111,0.7991124260355029,0.814866760168303,0.8216172287687932,0.8227964928472543,0.8302373581011352,0.8427672955974843,0.8478123018389346,0.8505119453924914,0.8661764705882353,0.8494117647058823,0.857379767827529,0.8737601442741209,0.8440520446096654,0.88062930186824,0.8751951701884043,0.8475788105297367,0.8848101265822785,0.8776265520534862,0.865770140704769,0.8699481865284974,0.8693426724137931,0.8703625927481451,0.8683599419448476,0.8747541975495386,0.8864205779188241,0.8879218472468916,0.8778625954198473,0.8698044009779952,0.8745419271394698,0.8766279895808666,0.8718385214007782,0.8911196911196911,0.8778292882465231,0.8597629796839729,0.9042933810375671,0.9025436714679742,0.8685583822570124,0.8734133790737564,0.8799419659049692,0.8778979907264297,0.866042345276873,0.8572359843546284,0.8460820895522388,0.8480801335559266,0.8407155025553663
1900.0,10.0,0.8474088291746641,0.7972887767969735,0.7899938233477455,0.7696581196581197,0.7389111149765176,0.7074497009244154,0.6824742268041237,0.6688942891859052,0.66953125,0.6819161676646707,0.7032043147208121,0.7280772325020113,0.7523250122369065,0.7733678458441184,0.7910936476751801,0.8051001821493625,0.8170585890793145,0.8261625380269448,0.8345724907063197,0.8422366450324513,0.8484199250133905,0.8637469586374696,0.8761904761904762,0.8854790419161677,0.8922829581993569,0.8970840480274442,0.9006311992786294,0.9020793950850662,0.9042198233562316,0.9055102040816326,0.9065322411258139,0.9072275008006833,0.9079946404644931,0.9085144927536232,0.9087924970691676,0.9090909090909091,0.9091357415855011,0.909373060211049,0.9093444909344491,0.9088500264970854,0.9087615725211324,0.9083561643835616,0.9080251221214236,0.9076310927952252,0.907125235814831,0.9068032187271398,0.9053720284038284,0.9049113447356033,0.905048633626679,0.9029445632505346,0.9018022570321711,0.8999825144255988,0.8987999283539316,0.8971055088702148,0.8955512572533849,0.8946640316205534,0.8934342401309061,0.8927822073017205,0.8922980588603632,0.8915124441608169,0.8909172864548118,0.8905817174515236,0.8901020650367909,0.8899171943497322,0.8901515151515151,0.8903054448871182,0.8924073407700611,0.8971061093247589,0.8970747562296858,0.8740301232314012
27500.0,20.0,0.8009188361408882,0.9,0.8959925874449849,0.8944291609353507,0.8988223984619081,0.903041825095057,0.905144694533762,0.902970297029703,0.8973134328358209,0.8896746817538896,0.8809917355371901,0.8733079122974261,0.8671602787456446,0.8629022315374183,0.8605909280066584,0.8598508390304537,0.8605377276669558,0.8623622656098976,0.8648590488487196,0.8677844311377245,0.8709333333333333,0.8797202797202798,0.8876611418047882,0.894224924012158,0.8987138263665595,0.901954535797748,0.9032348410586752,0.9033505154639175,0.9027040077257363,0.9021773430104134,0.9018480492813141,0.901595744680851,0.9021218343600274,0.9028871391076115,0.9045560359161955,0.9064368135687474,0.9085734000345006,0.9108199492814878,0.9124068841510403,0.914119804400978,0.9156756756756756,0.9164918170373478,0.9178279673234022,0.9179431072210066,0.9200968523002422,0.9203480589022758,0.9202363367799113,0.9203821656050956,0.9201030927835051,0.9196896217264792,0.9200556506849316,0.9205166996392412,0.9204488149268785,0.9203084832904884,0.9202005730659025,0.9185672738405021,0.9184947958366694,0.9181178834561285,0.9167257264351524,0.9158149042928824,0.9158950617283951,0.915133779264214,0.9141951550826353,0.9140019379844961,0.9139397062612729,0.9137319137319138,0.9078267779102106,0.9039070749736009,0.9002557544757033,0.8974512146555157
5000.0,70.0,0.8061934585942937,0.8591420050470291,0.8472782258064516,0.8435107376283847,0.838641533961651,0.8295759527643586,0.8195142378559463,0.8114602587800369,0.8054123711340206,0.8009708737864077,0.7968842729970327,0.7917899408284024,0.785827844651374,0.7792417316482926,0.7736808645899556,0.7682656826568266,0.7634680134680135,0.762621359223301,0.759631036353771,0.7602446483180428,0.7625948930296756,0.7658792650918635,0.7745098039215687,0.7844560978889337,0.7957214090397298,0.8076705082184017,0.8188342757720748,0.8284457478005866,0.8366083445491251,0.8440152180275096,0.8502690724912947,0.8558155540261528,0.8596300326441785,0.8632872503840245,0.8660209846650525,0.8683214135464872,0.8710848842487517,0.871996303142329,0.8741496598639455,0.8752556237218814,0.8767195767195767,0.8778711484593837,0.8789808917197452,0.8801926550270921,0.88125,0.8831927319922128,0.8841750841750842,0.8856345885634589,0.886066763425254,0.8895116092874299,0.8920985556499575,0.8945305378304467,0.897181729834791,0.8996202401724315,0.9020931802835922,0.903772931810315,0.9050694613697294,0.9064553536915346,0.907023144453312,0.9074723117902705,0.907679033649698,0.9073876618431074,0.9066687938736439,0.9050335570469799,0.9025604551920341,0.8999254565784569,0.8676096181046676,0.8454011741682974,0.8451676528599605,0.8432407263697036
30000.0,0.0,0.7901234567901234,0.9374605180037903,0.9363071710897798,0.924337105218713,0.9172381177583353,0.9130841121495327,0.9089116719242902,0.9030067895247332,0.8953828170660433,0.8858131487889274,0.8771220695230396,0.8696828358208956,0.8635008517887564,0.8594483921474166,0.8574908647990256,0.8575752989253822,0.8588532883642496,0.8614288393024564,0.8650281191418454,0.8693037242655564,0.8738437821171634,0.8860971524288107,0.8981115502854633,0.9069364161849711,0.9115853658536586,0.9142080354445675,0.9138526987503324,0.912136092599088,0.9100785945446139,0.9084549878345499,0.9078579976067013,0.9082855653986451,0.9087837837837838,0.9103568320278503,0.911503442149678,0.9125139977603584,0.9133693568066934,0.9137967914438503,0.9139365574622985,0.9144004944375772,0.9146075581395349,0.9152256431885281,0.9163059163059163,0.9165757906215921,0.9177671068427371,0.9193121693121693,0.9193313953488372,0.9203125,0.9201680672268907,0.9218336483931947,0.9233170325668505,0.9249378250056522,0.9259213909636341,0.9265247108307045,0.9271486279426104,0.9262954139368672,0.9264224473889322,0.9262642740619902,0.9250690607734806,0.9242890780655678,0.9238435502068447,0.9231396534148828,0.9216162508279974,0.9212952020798866,0.9210460145838572,0.920863309352518,0.9151820294345469,0.911522633744856,0.9078455790784558,0.9031945788964182
15000.0,80.0,0.8229278794402584,0.9096385542168675,0.918960244648318,0.9205043859649122,0.9217712177121771,0.9219119734973971,0.9223529411764706,0.9234620886981402,0.9238665526090676,0.9250807754442649,0.9266855256954267,0.9285908967020987,0.930625,0.9327641408751334,0.9347432024169184,0.9368325380595319,0.9386503067484663,0.9402813666379558,0.9419916210119239,0.9432188065099457,0.9439935064935064,0.9456816947311244,0.9460641399416909,0.9460333006856023,0.9456764204172681,0.9453084046828586,0.9449054863992623,0.9446616541353383,0.9441427463149729,0.9436758893280632,0.9428216283405843,0.9419953596287703,0.9411037107516651,0.9405618760157882,0.939657591916924,0.9387617765814267,0.9381009615384616,0.9370265151515151,0.9363839285714286,0.9359349593495935,0.9350453172205438,0.9341474051460968,0.9335996005991013,0.932686822589846,0.9327784891165173,0.9317528735632183,0.9307568438003221,0.9298401420959147,0.9301665034280118,0.9299363057324841,0.9304962646744931,0.9312678598285457,0.9322942852354618,0.9335297366967409,0.9355352168722643,0.9367716875269745,0.9390187987161852,0.9405339805825242,0.9414204250907205,0.9418700301617768,0.9428981348637016,0.9436575385583884,0.9435844513243894,0.9439910979228486,0.9441141498216409,0.9439764111204718,0.9419315403422983,0.9403706688154714,0.9398445092322644,0.9395293416741137
8000.0,40.0,0.8560011217049915,0.8284221525600836,0.7977736549165121,0.7893108994185327,0.7895663658375522,0.7950377562028047,0.8033586132177681,0.8146453089244852,0.8259848948765054,0.8376572327044025,0.8476875306422618,0.855072463768116,0.8599011066635271,0.8621830209481808,0.8628826530612245,0.8618564176939811,0.8604842018875667,0.8593894542090657,0.8574380165289256,0.8567302137492778,0.8564069542820347,0.8573811509591326,0.8605929919137466,0.8657522859517872,0.8710019438063262,0.8761437179201071,0.8801664355062413,0.8835149863760218,0.8860445912469034,0.8882323978335795,0.8904347826086957,0.8925170068027211,0.8948194662480377,0.8971377459749553,0.899486125385406,0.9025262429345945,0.9044834307992202,0.9062955406587001,0.9095208070617906,0.9103123364159833,0.9097235646626716,0.9111476758535582,0.9104609929078015,0.9087425149700599,0.9074968233799238,0.9051212938005391,0.9026750142287991,0.9001199760047991,0.8969201759899434,0.8893143056038983,0.8828389034923019,0.8744855967078189,0.8669642857142857,0.8606635071090047,0.8533541341653667,0.8495670995670995,0.8452851496329757,0.8406326034063261,0.836340206185567,0.8348563968668408,0.8329952670723462,0.8291948833709556,0.8273667462211615,0.8251895534962089,0.8239347234814143,0.8219084712755599,0.8062612686444846,0.8056502679006332,0.8195153061224489,0.8663400027221995
22500.0,70.0,0.8348545956272554,0.8697988426563792,0.8833673700930338,0.895093608779858,0.9037711313394018,0.9096952908587258,0.9127747252747253,0.9156928213689483,0.918075422626788,0.9197063003315964,0.9207934526286586,0.9211965262142168,0.920945696342815,0.9198738170347003,0.9184110371075167,0.91619812583668,0.9141141141141141,0.9122689075630253,0.9098083427282976,0.9080218395632087,0.9060591827148896,0.9028642590286425,0.899751449875725,0.898718798321184,0.8981182005292561,0.8982852689010132,0.8991531947652041,0.9007044615900704,0.9029168480626905,0.9053221288515406,0.9084406294706724,0.9111514052583862,0.9144190281097075,0.9168322452455294,0.918918918918919,0.9208091241661287,0.9219895287958115,0.9230041022404544,0.9237481031866465,0.9247311827956989,0.9256721138639958,0.9261992619926199,0.9271570014144271,0.9277597402597403,0.9285714285714286,0.9294082003635629,0.9290628171873238,0.9298956414978514,0.9299491025984463,0.9310981236542603,0.9324974235657849,0.9340866290018832,0.9350996097761347,0.9356052223943351,0.9359756097560976,0.9350780070457977,0.9353312302839116,0.9357319417742378,0.9347319347319347,0.9342507645259939,0.9344314222363003,0.9344993141289437,0.9342251950947603,0.9341008336641524,0.9337552742616034,0.9338103756708408,0.9265873015873016,0.9238263950398583,0.9214902807775377,0.919986608637429
1200.0,50.0,0.8006872852233677,0.7705512572533849,0.7547169811320755,0.7417202572347267,0.7320176577512334,0.7243525396506726,0.7191514789363609,0.7163667523564696,0.7160640189685833,0.7164025356576862,0.7187116564417177,0.7217180109932251,0.7248092197477028,0.7286978974548137,0.7317439862542955,0.7354822834645669,0.7394444444444445,0.7425804436113714,0.7468836565096952,0.7505747126436781,0.754653130287648,0.768305439330544,0.7822222222222223,0.7983508245877061,0.8143474503025064,0.8275559883154819,0.8394835933297472,0.8489183531053733,0.8560128537881597,0.8611111111111112,0.864388391646325,0.8660891792104516,0.8675313319731857,0.86810551558753,0.8683645289966248,0.8684375,0.8675776801691882,0.8674502122102514,0.8669563763997994,0.8661983895836902,0.865728678130971,0.8650339649624598,0.8646739130434783,0.864147465437788,0.863832178310545,0.8633422154548915,0.8630825759040804,0.8628605061801059,0.8625923706810465,0.8620184254606366,0.8619210977701544,0.8617562486175625,0.861786769720391,0.8616922361692236,0.8618581907090465,0.8621282870484148,0.8623481781376519,0.8625097834594313,0.8626359055953328,0.8628634119583105,0.8631051752921536,0.8636626227614096,0.8643006263048016,0.8648481091134532,0.8656910569105691,0.8667117726657646,0.8756003842459174,0.881238155401137,0.8777524677296887,0.8435329143235197
500.0,80.0,0.7023381294964028,0.7199237887860642,0.7160931174089069,0.7138263665594855,0.714045618247299,0.7148957977451316,0.7150550222430344,0.713974478680361,0.71163914619412,0.7076766649720386,0.7031446540880503,0.6981693363844393,0.6939090909090909,0.6902115836717247,0.6863354037267081,0.683459397745112,0.6810863555049601,0.6787688905270918,0.6773858921161826,0.6757575757575758,0.6747585486818063,0.6747772446881426,0.678268630075859,0.6871023713128976,0.6994760479041916,0.7174785100286533,0.7400960384153662,0.763530639630237,0.7884162895927602,0.812473210458637,0.8343649418172815,0.8519568916619399,0.8677348413446434,0.8783690393918452,0.8869992441421013,0.8940184664793256,0.8970460469157254,0.900728597449909,0.9029080675422139,0.9027431421446384,0.9023746701846965,0.9036208732694355,0.9021558872305141,0.9003496503496503,0.899164677804296,0.8985239852398524,0.8970309538850284,0.8955223880597015,0.8944923689449237,0.8903818953323904,0.8881530537159676,0.886415963161934,0.8827361563517915,0.8809723386420788,0.8783303730017762,0.8750919117647059,0.874814126394052,0.8714985308521057,0.8684725512411166,0.8676516169025725,0.8657206396272371,0.8619462933210925,0.8589559386973179,0.8561232156273479,0.8530347203816592,0.8500490952447749,0.8259532595325952,0.8103967168262654,0.8023992002665777,0.7898468976631748
500.0,90.0,0.7005519779208832,0.7172627428893269,0.7132352941176471,0.7111204013377926,0.7114253535227131,0.7127052105638829,0.713201077638991,0.7123778501628665,0.7100716392751791,0.706163655685441,0.7014435695538058,0.6966640190627482,0.6921624173748819,0.6884828349944629,0.6846569005397071,0.681891852070134,0.6797385620915033,0.6777925279726911,0.6766837169650469,0.675436498445348,0.6746923488496522,0.6757703081232493,0.6807639836289222,0.6903642773207991,0.7038694992412746,0.7227799227799228,0.746129656507015,0.769956567320653,0.7949972811310495,0.8189987163029525,0.8407297830374754,0.8579481397970687,0.8734808351511374,0.8839041095890411,0.8925898203592815,0.8991262907069102,0.9019776440240757,0.9058558558558558,0.9076994434137291,0.9076999012833169,0.9070496083550914,0.9083728278041074,0.9070021881838074,0.9047344110854504,0.9036643026004728,0.903107861060329,0.9016906700062617,0.9002574002574003,0.8992758393680053,0.8953651685393258,0.8931967812728603,0.8916857360793288,0.8873581847649918,0.8849040867389492,0.8824049513704686,0.8788461538461538,0.8787037037037037,0.8762463343108504,0.8724935732647815,0.8716467189434585,0.869749232885409,0.8656339644291451,0.8625688952791756,0.8595611285266458,0.8564409030544489,0.8531645569620253,0.8276218001651527,0.8114980652294086,0.8035111411208643,0.7905737704918033
1200.0,40.0,0.8104448742746615,0.7693197593706618,0.7495378927911276,0.7341483292583537,0.7213609548634929,0.7123440285204992,0.7071378586424073,0.7057264050901378,0.7085780525502319,0.7147803505734689,0.7242424242424242,0.7352941176470589,0.7458850056369786,0.7572223694672674,0.766676819981724,0.7754962354551677,0.7838551490003772,0.7899543378995434,0.7975817286162113,0.8036750483558994,0.8091762252346194,0.8245931283905967,0.8382656572608397,0.8492731446059678,0.8571428571428571,0.8636363636363636,0.867911877394636,0.8704168759417378,0.8719632989260765,0.8726607872660788,0.8727272727272727,0.8720395493216831,0.8715757433856239,0.8709445708128816,0.8701805758906784,0.8694736842105263,0.8682619323298598,0.8679464055655759,0.8670969441517387,0.8663159314717388,0.8658103306914458,0.8650548214787742,0.8646070615034168,0.8641760787720822,0.8637834657252133,0.8633985951277836,0.8631946553294868,0.8627752964731249,0.8626528692380057,0.862216376192042,0.8621212121212121,0.8620809449365989,0.8621428571428571,0.8621256391526662,0.8625792811839323,0.8626617732277381,0.8629401233339964,0.8631514156750103,0.8635794743429287,0.8638325420802763,0.8640542907180385,0.8647112323783538,0.865461375909838,0.8659995118379302,0.8668373879641486,0.8680703624733476,0.8764215314632298,0.8817365269461078,0.8787515006002401,0.8420845881890795
22500.0,60.0,0.8336810164991466,0.8695760598503741,0.8832372322899505,0.8949530516431925,0.9033911671924291,0.9091826437941474,0.9130162703379224,0.9155251141552512,0.9170464904284412,0.9194384449244061,0.9205465587044535,0.9209329617133637,0.9206402695871946,0.9196085955487336,0.9181680052094638,0.9159540679208404,0.9139490271307208,0.911963190184049,0.9098079561042524,0.9076274434649291,0.9061294470638662,0.9022727272727272,0.9001512859304085,0.898457194716144,0.8978386360585313,0.8978284086863653,0.8986866791744841,0.9003373198405397,0.9024293110314616,0.905079527963058,0.9076015727391874,0.9110556940980881,0.9136202214330479,0.9160255574390402,0.9179983857949959,0.9197224975222993,0.9210335667713113,0.921865889212828,0.9227799227799228,0.9235562941420856,0.9241311796377876,0.9244851258581236,0.9255108767303889,0.9257575757575758,0.9271803556308214,0.9270833333333334,0.9268628281117697,0.9276148695451397,0.9274010587345601,0.9284885407600812,0.9298928919182083,0.9314214463840399,0.9321935107829804,0.9327889447236181,0.9331705150976909,0.9321751546882437,0.9325870646766169,0.9329173166926678,0.9319371727748691,0.9315028901734104,0.9319952067106052,0.9319286871961102,0.9312280701754386,0.9314349943799176,0.9311305732484076,0.9312816188870152,0.9245516388373531,0.921681780708986,0.9198637684062907,0.9186262376237624
8000.0,50.0,0.8552998605299861,0.829605428499623,0.8005865102639296,0.7932031814895155,0.7952417109592508,0.802519301097115,0.8124246079613993,0.8229219143576826,0.8343380218798839,0.8453843955415833,0.8548272176701104,0.8617850953206239,0.8663748712667353,0.8685800604229608,0.8693062368605466,0.868452618952419,0.867453472537449,0.8664612223934258,0.8652073732718893,0.8648124191461837,0.8639652677279306,0.8642654028436019,0.8673191278493558,0.8714814219076725,0.8759577552288258,0.8800738007380073,0.8826631509558339,0.8852725793327909,0.8866897575457694,0.8881656804733727,0.8898186889818689,0.8910728910728911,0.8933837429111531,0.8959612277867528,0.8979970326409495,0.9011781011781012,0.9032761310452418,0.9051694027244149,0.9086792452830189,0.9096410684474123,0.9092378752886836,0.9111438389788905,0.9106529209621993,0.9088831762353613,0.907906694940927,0.9058785737230967,0.9036961681926077,0.9010714285714285,0.8982416760194538,0.8910521955260977,0.8848214285714285,0.8764044943820225,0.8691737288135594,0.8640449438202247,0.856,0.852112676056338,0.8491321762349799,0.8435032304379038,0.8409436834094368,0.8389830508474576,0.8373205741626795,0.8332446808510638,0.8308988764044943,0.8298611111111112,0.8279317697228145,0.8261217948717948,0.8108888033859176,0.8100542702085118,0.8234854151084517,0.8694065376071087
600.0,10.0,0.8172774869109948,0.8302785923753666,0.7799654576856649,0.7373041831640558,0.7083725305738476,0.6931330472103004,0.6938740293356341,0.7114660433709907,0.7405385735080058,0.7724550898203593,0.8024764150943396,0.825621546961326,0.8408018867924528,0.850752688172043,0.8554778554778555,0.8577821979114868,0.8590078328981723,0.8587975730832874,0.8580387685290763,0.857396449704142,0.8568796068796068,0.8551099611901681,0.8528813559322034,0.8514365802382621,0.8501440922190202,0.8498520710059172,0.8492424242424242,0.8479938271604939,0.8471786833855799,0.847255369928401,0.8462783171521036,0.845771144278607,0.845766974015088,0.8452765957446808,0.8452976704055221,0.8445121951219512,0.8446540880503145,0.8442549371633752,0.8440182648401827,0.8435348837209302,0.8433802816901409,0.8435158501440922,0.8437439379243453,0.843516699410609,0.8434393638170974,0.8434765114173625,0.8433587786259542,0.8433611025403682,0.843323256541228,0.8434998918451222,0.843505993621467,0.8436691052335397,0.8438397060512114,0.8439286130876007,0.8441069258809235,0.8442443416889754,0.8444776491096999,0.8446713465220166,0.8447718754039033,0.8449674245446084,0.8450571620712845,0.8453636868406441,0.8456930975470621,0.8460858027421495,0.8466502765826676,0.8471317336723344,0.8519764507989906,0.8503151260504201,0.8377463054187193,0.7846919726197884
15000.0,90.0,0.8231106243154436,0.909731696225557,0.9189873417721519,0.9204132923764312,0.9218045112781955,0.9223722275795564,0.9227082085080887,0.9227967953386744,0.9233449477351916,0.9252288388357502,0.926881978628887,0.9287895613548028,0.9307765754296626,0.9329710144927537,0.934974358974359,0.937051608423976,0.9388180161416297,0.9406432748538012,0.9419100754840827,0.9432780847145488,0.944191814799504,0.9457964601769911,0.9465478841870824,0.946061814556331,0.9456391077868305,0.9452249688778233,0.9450961989676209,0.9445974900520355,0.9439621152328335,0.9436902966314731,0.9430740037950665,0.9417781274586939,0.9416263310745402,0.9407389918545627,0.9397916963903552,0.9389430477167778,0.9381107491856677,0.9372143372624488,0.9365079365079365,0.9359313077939234,0.9351993865030674,0.9344842850818946,0.9336372847011145,0.9328703703703703,0.9325113562621674,0.9315367807720321,0.9314285714285714,0.9306930693069307,0.9302579365079365,0.9303389234197256,0.9308668647042938,0.931669456703698,0.9326890471346219,0.9340659340659341,0.9360160965794768,0.9373499235974678,0.9394852770693253,0.9411042944785276,0.9418086500655308,0.9425956738768719,0.9431389614157238,0.9442852594715059,0.9439805149617259,0.9444861215303826,0.9446672012830793,0.9450127877237852,0.9417956656346749,0.9403107113654947,0.9399408284023669,0.9397881996974282
5000.0,60.0,0.8064820641913153,0.8585669781931464,0.8464692482915718,0.8427249789739276,0.838121627533907,0.8295781399808245,0.8202456270934128,0.8125340599455041,0.8075757575757576,0.8030672354255535,0.7995574645320839,0.7948801036941024,0.7898190495128257,0.783427495291902,0.7783031988873436,0.7730061349693251,0.7691740412979351,0.7675308117297067,0.7646219686162625,0.7655579399141631,0.7674136886735312,0.7699537750385208,0.7778967867575463,0.7873432835820896,0.7979059093516925,0.8092338914256723,0.8200468933177022,0.8293327460911694,0.837265872050596,0.8443796394485684,0.8506176386095949,0.8558474046278924,0.8600198085176626,0.8631910426871938,0.8660287081339713,0.8682795698924731,0.87106135986733,0.8724123362906633,0.8738338516215015,0.8751169317118802,0.8765133171912833,0.877948717948718,0.8791092258748674,0.8803088803088803,0.8814432989690721,0.8828775267538644,0.8834053053670574,0.8849840255591054,0.8862275449101796,0.8892149669845928,0.8916601714731099,0.8946488294314381,0.8975044563279857,0.8997175141242938,0.9017645237849551,0.903608083800656,0.9047938317130405,0.9061798416637127,0.9068065381800439,0.9071860136264301,0.9074367088607594,0.9071229050279329,0.9062454292818488,0.9047838794031687,0.902200488997555,0.8995558592415442,0.8672543427534353,0.8454088952654233,0.8450067781292363,0.8431456200227532
27500.0,30.0,0.7906919275123558,0.8905597326649958,0.8924977127172918,0.8940027894002789,0.8987760502811777,0.9028697571743929,0.9040632054176072,0.9013296011196641,0.8956743002544529,0.8885748889786032,0.880619971604354,0.8733570646221248,0.8675548589341693,0.8636444444444444,0.8616062487482475,0.8612171569728273,0.8619824341279799,0.8637762237762238,0.8660436137071651,0.869233437391606,0.8721514098107377,0.8804457953394124,0.8879252835223482,0.8933920704845815,0.8968207755910097,0.8984771573604061,0.8986623429266315,0.8982689747003995,0.8974180041870202,0.8970387243735763,0.8975725281231498,0.8982402448355011,0.9003925417075564,0.9027743064233942,0.9059398140853947,0.9092872570194385,0.9124758220502901,0.915468153800998,0.9178761061946903,0.9204498125780924,0.9217306757413709,0.9231632080762759,0.9243483788938335,0.9245689655172413,0.9261586802827966,0.9266609145815358,0.926091081593928,0.9264227642276422,0.9258773368317481,0.9256036278955755,0.9257265877287406,0.9260501750291715,0.9257738471257106,0.9252795662487292,0.9250761785266177,0.9235497502881291,0.92333935380293,0.9232221522970422,0.921826280623608,0.9211511464670098,0.9213401310997815,0.9206642066420664,0.9197937553709539,0.9198649063555419,0.9198036006546645,0.9196801112656467,0.9131565262610505,0.9080701754385965,0.9036144578313253,0.9005464480874318
6000.0,80.0,0.8239700374531835,0.8305722891566265,0.8080931943592887,0.8083739740692281,0.8065817409766455,0.8002847988608045,0.7941834451901566,0.7926507018992568,0.7938084786877672,0.8073923892701186,0.8077310247634387,0.8075757575757576,0.8186350888127143,0.8069067953954697,0.7988556338028169,0.8027663934426229,0.7947214076246334,0.7928475033738192,0.7887963663890991,0.7833617747440274,0.7855769230769231,0.7825711820534944,0.7848499135627849,0.7872673849167483,0.7923076923076923,0.7993612078977933,0.8150826446280992,0.8216280925778132,0.8227561196736174,0.8301217038539553,0.8426082068577853,0.8478802992518704,0.8503355704697987,0.866232827187274,0.8495370370370371,0.8572593800978793,0.8736468500443656,0.843510054844607,0.8807357212003872,0.8751024590163935,0.8474088291746641,0.8847853177750085,0.8775270333803479,0.8656533464084334,0.8697870169621221,0.8692481103301949,0.8701585113714679,0.8682480708773935,0.8747393506106643,0.8863486842105263,0.8880531747419975,0.8778425108062394,0.8695826645264848,0.8743366588834642,0.8764280718116111,0.8718869731800766,0.8910012674271229,0.8777867311308085,0.8596832453459294,0.904286553141515,0.9025347012673506,0.8683365446371226,0.8736486486486487,0.88,0.8778538812785388,0.8660785886126704,0.8563181526619628,0.8459136822773187,0.847986852917009,0.8406708595387841
1400.0,30.0,0.8255369226243012,0.788403340999879,0.7723342939481268,0.7535804549283909,0.7340350877192983,0.7161979752530934,0.7043904145530873,0.7007125890736342,0.705814401232191,0.7166035694970254,0.7361918604651163,0.7579683131407269,0.7735892163582362,0.7967337022540154,0.8076211045973465,0.8168044077134986,0.8270392749244713,0.8297960024726972,0.8377125193199382,0.8439278937381404,0.8490710104352253,0.8647552852591949,0.8726919339164237,0.8847385272145144,0.8874045801526718,0.8903330625507717,0.8863829787234042,0.8905693950177936,0.8918545789231477,0.897998093422307,0.8943765281173595,0.8745039682539683,0.893595041322314,0.8829676071055381,0.892722371967655,0.8995030369961348,0.8816234498308907,0.8838526912181303,0.8793302540415704,0.8918269230769231,0.8888213851761847,0.8780940594059405,0.880427942101951,0.8778772378516624,0.8800521512385919,0.8701639344262295,0.8999309868875086,0.8991596638655462,0.8677685950413223,0.87509130752374,0.8716417910447761,0.8732612055641422,0.8666140489344909,0.8808545603944125,0.864910790144435,0.8785776235906332,0.8824955116696589,0.8776243093922652,0.8579139981701739,0.8460820895522388,0.8855445544554456,0.8754441173484926,0.8751961502249189,0.8676850258175559,0.8626902417188899,0.8781467911594374,0.8838475499092558,0.8873148744365744,0.8830304581520348,0.8494505494505494
30000.0,50.0,0.782724168458328,0.8918333333333334,0.9051695752387224,0.9076517150395779,0.9083850931677019,0.9069939688921808,0.903611149251682,0.8982438016528925,0.8914875684787189,0.8841972187104931,0.8772767990444909,0.8713938129996525,0.8669064748201439,0.8644838562983174,0.8634496919917864,0.863479262672811,0.8660656793303284,0.8680057388809183,0.8714057507987221,0.8752220248667851,0.8795454545454545,0.8897210743801653,0.8988135593220339,0.9053782637804062,0.9088503381358424,0.9093374660984115,0.9083503054989817,0.9066044029352902,0.9049694856146469,0.905544846354462,0.907347775175644,0.9104057099924868,0.9148430066603235,0.9193548387096774,0.9242144177449169,0.9284428442844285,0.9325418240690772,0.9351969504447268,0.9372197309417041,0.9398305084745763,0.9414024975984631,0.9424258760107816,0.9439374185136897,0.9442691903259727,0.9466147643542333,0.947242206235012,0.946723320804053,0.9477214101461737,0.9473104461171287,0.948038819247877,0.9489594742606791,0.9493521790341578,0.9492864424057085,0.9491525423728814,0.9492502883506344,0.9479426433915212,0.9481193255512321,0.9485791610284168,0.9471014492753623,0.9464831804281345,0.9465769687376335,0.9460974557999138,0.945179584120983,0.945602440264362,0.9449891067538126,0.9446709376820035,0.9369462770970782,0.9307579200641625,0.9257298958511183,0.9205260148656375
30000.0,70.0,0.7824081699884697,0.8934583422118049,0.907112970711297,0.9092122830440588,0.9093933463796477,0.9077844311377246,0.9041709755256808,0.8987696956615584,0.8920844327176781,0.8845667299177735,0.8775662560656962,0.8715277777777778,0.8672654690618763,0.8649262202043133,0.8636363636363636,0.8642241379310345,0.8659711075441413,0.8686940966010733,0.8720398009950249,0.8754837996240186,0.8796114117068372,0.8901381304208159,0.899536647009267,0.9060941828254848,0.9096209912536443,0.9103547459252157,0.9094908862350722,0.9087921117502055,0.9072705857158154,0.9077157923952262,0.9099179450588655,0.9131722880583409,0.9179340028694405,0.9226083840917234,0.9277214631996474,0.9323388385721897,0.9359543436905516,0.9399555226093402,0.9418402777777778,0.944390243902439,0.9464482076094128,0.9479115479115479,0.9496441520075198,0.94995544995545,0.9524180967238689,0.9532114707362066,0.9526594772436483,0.9538048686984857,0.9537832310838446,0.9544229905702739,0.9553506430478039,0.9557176348007294,0.9557621865314173,0.9555757026291931,0.9560369544440904,0.9547808077321367,0.9548387096774194,0.9548001494209937,0.9534883720930233,0.9530059271803556,0.9535698642137538,0.9531996179560649,0.9522810697430519,0.952058657642414,0.9516031457955233,0.9514248704663213,0.9431745353556932,0.9369438478060756,0.9318811881188119,0.925603217158177
1400.0,10.0,0.8080517613227893,0.7291356611333715,0.7737436883866314,0.7974572555896536,0.7908011869436202,0.7658152303652423,0.7366087920206871,0.714167585446527,0.7043478260869566,0.7084690553745928,0.7228144989339019,0.7420726306465899,0.7634863549820182,0.7826934795856185,0.799482359351587,0.8133750372356271,0.8251042000641231,0.8345645078165264,0.8432295438088342,0.8501242592238578,0.8562789760129006,0.8682119205298013,0.8765196662693683,0.8809040121889284,0.8833067517278044,0.883869179600887,0.8836810517290654,0.8826650943396226,0.8813763960156957,0.8797644871397583,0.8787113076437144,0.8775900541919031,0.8754530477759472,0.8741281966124211,0.8728264575519945,0.8710910354412786,0.8702263083451203,0.8691489361702127,0.8678905687544997,0.8665672754379427,0.8658399098083427,0.8649370469286531,0.8642166344294003,0.8632445141065831,0.8626592356687898,0.8620551779288285,0.8619824341279799,0.8611933982225984,0.8609492089925063,0.8602103418054339,0.8600713012477719,0.8599632690541782,0.8598785614198973,0.8601838413159167,0.8604882909815645,0.8605476673427992,0.8614741244119185,0.8619582664526485,0.8614649681528662,0.8622366288492707,0.8632723112128147,0.8646748681898067,0.8655006031363088,0.8673279603223807,0.8679123711340206,0.8706603131381893,0.887381404174573,0.8982590443264601,0.896042528056704,0.8593604470661286
27500.0,10.0,0.8230958230958231,0.9095127610208816,0.896124031007752,0.8912374020156775,0.8961213517665131,0.9017254313578394,0.904776869893149,0.9034615384615384,0.8980627306273062,0.8905824714207947,0.8815706143128562,0.8739067055393586,0.867109634551495,0.8626291079812206,0.8599620092866188,0.8590833923931018,0.8597231377719182,0.8613396004700352,0.8636363636363636,0.8665817255187477,0.8698824483177949,0.8784897633608083,0.8868651488616462,0.8944932901434521,0.9003058103975535,0.9054927302100162,0.9082783570972547,0.909598993991896,0.9096231247713136,0.9092428946739909,0.9081030735796336,0.9063881076737645,0.9049095607235143,0.9047619047619048,0.9042821158690176,0.9044902271526677,0.9054267650158061,0.9064935064935065,0.907502977371973,0.9087660790852787,0.9102237326536392,0.9112367021276596,0.9124423963133641,0.9132540730955526,0.9149459193706981,0.916256157635468,0.916312916919345,0.9165023011176857,0.9160142348754449,0.9167340339531124,0.9167412712623098,0.91748046875,0.9175312301503282,0.917585540525179,0.9174897615032522,0.9162276757034562,0.9160613397901534,0.9157168988321374,0.9142772247808647,0.9134630350194552,0.9132471728594507,0.9122531026044398,0.9112537764350453,0.9108331652208997,0.9102591561362176,0.910079275198188,0.905177993527508,0.9013605442176871,0.8979070954568658,0.8956439987464744
1900.0,20.0,0.8456888888888889,0.8001319261213721,0.770063694267516,0.7405743095133713,0.7141062455132807,0.694074284094131,0.6816202090592335,0.6785946649316851,0.6852165725047081,0.7005396867184415,0.7211352018332452,0.7436244640036109,0.7647384445059507,0.7823240589198036,0.7973023604346197,0.8090452261306532,0.8186838472158307,0.8267002518891687,0.8339643050297458,0.8403263403263403,0.8462021343377275,0.8590941768511862,0.8696356275303644,0.8778673835125448,0.8834622823984526,0.8875077688004972,0.89012547735952,0.8918701983717464,0.8931252234004528,0.8940972222222222,0.89464947005491,0.8952084144916245,0.8956379942927029,0.8959625189472233,0.8962169878658102,0.8963191083736618,0.8963497070752591,0.8966873392830131,0.8964611342914541,0.8964124111182935,0.8963654223968566,0.8961538461538462,0.8958581898755753,0.8958152457023789,0.8954932576295245,0.895330112721417,0.8944980147475894,0.8944230769230769,0.8942689616039342,0.8933548778024641,0.8925688263299524,0.8919268030139935,0.8909492273730685,0.8900161401890708,0.8892344497607656,0.8886713971127966,0.887648998224702,0.8872102109924459,0.8869880767236911,0.8868024332187252,0.8860190903986525,0.8856896055283616,0.8852313167259787,0.8848263254113345,0.8848101265822785,0.8845897264843229,0.8859770114942529,0.8896142433234422,0.88881069669247,0.8603107557701011
12500.0,0.0,0.8351893095768375,0.9004018369690011,0.8995664739884393,0.893854049317812,0.8852746396571873,0.8716577540106952,0.8574181117533719,0.8457258472432979,0.8394348105330764,0.8374306106264869,0.8391013384321224,0.8432346961825163,0.8492844952080871,0.856132430398796,0.8636053260498464,0.8709429613981179,0.8780592528982396,0.884854276158624,0.8908898305084746,0.896864928215646,0.9022653721682848,0.9132589838909542,0.9212184873949579,0.9267643142476698,0.9285714285714286,0.9293856871437619,0.9282233636243908,0.9260649583809368,0.9232469359051637,0.9203735561563038,0.9175873395043297,0.9145021645021645,0.9120450606585788,0.9098445595854923,0.9081947011706716,0.9060451565914057,0.9048843187660668,0.9039463141025641,0.9031129765652326,0.9025275611723581,0.9020364085158902,0.9018469656992084,0.9017111022682053,0.9015695067264574,0.9011976047904192,0.9010257831993346,0.9003996311097449,0.8994601889338731,0.8985936343449297,0.8954048140043763,0.8918918918918919,0.8873900293255131,0.8835341365461847,0.879154078549849,0.8754208754208754,0.8723782771535581,0.8681892666939779,0.864690147124387,0.8631553339009853,0.8612427593470248,0.8580708939415337,0.853160453808752,0.8496309963099631,0.8454526621089704,0.8430073126142597,0.8424469413233459,0.8666666666666667,0.8754484879548949,0.8788819875776398,0.8922320550639135
5000.0,40.0,0.806720890410959,0.8546015877683034,0.8437908496732026,0.8406593406593407,0.8353004291845494,0.8248790105753719,0.8132956152758133,0.803781512605042,0.7974010632014176,0.7927258193445244,0.7883467160798847,0.7830334190231363,0.7767235926628716,0.769605090772974,0.7635478876354789,0.7575057736720554,0.7529239766081871,0.751010781671159,0.7485907553551296,0.7491539763113367,0.7508337303477847,0.7557022809123649,0.7654135338345864,0.7766423357664234,0.7889021609295255,0.801829268292683,0.8137297770004372,0.8242691491099134,0.8330341113105925,0.8408028059236166,0.8476110292569985,0.8536808413351623,0.8579340235973995,0.861656050955414,0.8645972705378646,0.8669827105409927,0.8700361010830325,0.8714023270055113,0.8731895719343418,0.8747036911615307,0.8760070052539405,0.8775964391691394,0.8784975086239939,0.8800318852132324,0.8812577575506827,0.8823529411764706,0.8832962138084632,0.8846863468634686,0.8861671469740634,0.888771186440678,0.891451068616423,0.893848009650181,0.8964630225080386,0.8987771739130435,0.9016393442622951,0.9029793735676088,0.9047619047619048,0.9052901023890785,0.9066079295154185,0.9065923862581244,0.9067619047619048,0.9063035804336863,0.9054710604140261,0.903920915250472,0.9013537374926427,0.8987169997532691,0.8663542642924086,0.8445367246301583,0.8440156965336821,0.8417088019812197
1700.0,90.0,0.8050217781193953,0.7847793351094637,0.7646398923042406,0.745398773006135,0.7281795511221946,0.7153021442495127,0.707248933980297,0.7049636285836542,0.7081583683263347,0.715272136474411,0.7259767687434002,0.7372600926538716,0.7469404186795491,0.756953642384106,0.7643270385329113,0.7707226683137739,0.7766630016492578,0.7811735941320294,0.7865,0.7908627593738624,0.795116140559857,0.808284023668639,0.8214285714285714,0.8351507376523413,0.8476293883460008,0.8589228295819936,0.8685714285714285,0.8759433962264151,0.8821767348976535,0.8864468864468864,0.8901038819026791,0.891566265060241,0.8933411903358869,0.8937462052216151,0.8947040498442368,0.8951048951048951,0.894281914893617,0.8944555778223113,0.8943758573388203,0.8941425546930134,0.8931899641577061,0.8933333333333333,0.8924812030075188,0.8918711656441718,0.89140625,0.8909235668789809,0.8897893030794165,0.8895300906842539,0.8889823380992431,0.8866253321523472,0.8866120218579235,0.885296889726673,0.8842565597667639,0.8829681274900398,0.8822787471095228,0.8815998307057454,0.8810822605280384,0.8805768364127986,0.8802566746877507,0.8799051570835803,0.8798267773367016,0.8797602696965914,0.8799587841318908,0.880112269446672,0.8804028535459505,0.8807898940031944,0.8834343434343435,0.8860062893081762,0.8836556456643793,0.8535930154466085
3000.0,0.0,0.8576661433804291,0.8078336557059961,0.7301923416269631,0.6751313485113836,0.647610121836926,0.6415994130594277,0.6498765986089298,0.6682764363030808,0.6937410415671286,0.7219286657859973,0.7491258741258742,0.7721238938053098,0.788836583725622,0.8004750593824228,0.8085067873303168,0.8126833215333266,0.8153880414207771,0.8162864851606574,0.8175934486857747,0.8180513703544268,0.8181250974886913,0.8206708975521305,0.8231745371333472,0.8261379633974659,0.8287406644347154,0.8320224719101124,0.8349368610944077,0.8380462724935732,0.8405011852353539,0.8436493738819321,0.8466989929130921,0.8491577335375191,0.8529531568228106,0.8550603915035402,0.8586433260393873,0.8613005911778081,0.8647502356267672,0.8667621776504298,0.8693293885601578,0.8730991085474568,0.8752008569898232,0.8772802653399668,0.8799089356858281,0.8817330210772834,0.8844525105868118,0.8862937922556853,0.8888153540701522,0.890625,0.891042780748663,0.8952380952380953,0.8977879481311976,0.8999192897497982,0.9016806722689076,0.9019607843137255,0.9023430178069354,0.902321083172147,0.9019448946515397,0.9008792128951225,0.9011299435028248,0.900053619302949,0.8964216302732365,0.8937220785328004,0.8904507998061076,0.8869662641603386,0.8830967741935484,0.8781677734110314,0.8555292402987794,0.8516189145119962,0.8622704507512521,0.8551191242755957
22500.0,40.0,0.8250300842358604,0.8689200329760923,0.8828307861765111,0.8946640316205534,0.9032861341170184,0.908716540837337,0.9120409906063194,0.9141519250780437,0.9163023110555902,0.9177777777777778,0.9183318853171155,0.9185648054827655,0.9179986101459346,0.91688654353562,0.9152112255560532,0.9134453781512605,0.9113876319758673,0.9092635577125976,0.9072675790467202,0.905565813769454,0.9035682689472132,0.9006648416112631,0.8979698073919833,0.8965277777777778,0.8957446808510638,0.895725865880619,0.8961270458596662,0.8970276008492569,0.8988670903564521,0.9011420413990007,0.9039341262580055,0.906814210832848,0.9096252755326966,0.911878453038674,0.9142137212232275,0.9157835240921295,0.916955017301038,0.9178398823282202,0.9182326053834434,0.9185588858613382,0.9185796269727403,0.9186683522966709,0.9188264058679707,0.9187358916478555,0.9191597708465945,0.9191123836793128,0.9182692307692307,0.9182058047493403,0.9178055822906641,0.9182284694332887,0.9192718141870684,0.9204592613086181,0.9211837535859883,0.9217122395833334,0.9221991701244814,0.9211886304909561,0.9214852059562947,0.9214892755969243,0.9207603588210167,0.9203757548646835,0.9206312369459271,0.9207424128417356,0.9207251082251082,0.9209235209235209,0.9210526315789473,0.9211376858435681,0.9166282818977429,0.9148036253776435,0.9136429608127722,0.9130434782608696
600.0,30.0,0.8542673107890499,0.8535439795046968,0.8343283582089552,0.8162544169611308,0.7946456692913386,0.7717041800643086,0.7523601398601398,0.7424511545293073,0.7440488301119024,0.7554723502304147,0.7739463601532567,0.7932692307692307,0.8095787651471437,0.8233355306526038,0.8321060382916053,0.837620578778135,0.8426356589147287,0.8446906740535549,0.8477206595538312,0.8492395631315709,0.8505475628086752,0.8542907180385289,0.8562791283536969,0.8575810108014402,0.8581213307240705,0.8579959219341684,0.8573369565217391,0.856832298136646,0.8560991105463787,0.855290876681251,0.8542563762835376,0.853121801432958,0.8523257824658482,0.8513037350246653,0.8505191550304332,0.8497099347353154,0.8484507042253521,0.8480180349427014,0.8471716203259827,0.8464705882352941,0.8458333333333333,0.8449470252648736,0.84436198721913,0.8439463762044407,0.8435374149659864,0.8429341963322546,0.8425662360411649,0.8420235189704903,0.8416064981949458,0.8405284265156877,0.8398842536773571,0.8393743793445879,0.8387671930718288,0.8384915474642393,0.837152209492635,0.8372602739726027,0.8361486486486487,0.8356521739130435,0.835197174808711,0.8341433778857837,0.8336926393594087,0.8322169059011164,0.8310877423595137,0.8293596730245232,0.8271077908217717,0.8249815770081061,0.8037475345167653,0.788235294117647,0.7758496023138105,0.7321270962047661
8000.0,70.0,0.8547140649149922,0.8285897025903421,0.7979146919431279,0.788914198936978,0.7891891891891892,0.7951408061844285,0.8039166666666666,0.8149935271272214,0.8270783847980998,0.8393368808841588,0.8500514403292181,0.8577274158010701,0.862885048835462,0.8654867256637168,0.8661863098301595,0.8648648648648649,0.8638184245660881,0.8618867924528302,0.8605240912933221,0.860056925996205,0.8591862682771774,0.8591918356088816,0.8625134264232008,0.8669587272308047,0.8719458345599058,0.876346082435945,0.8794848206071757,0.8823860438942037,0.8852681602172437,0.8865647626709574,0.8893697083725306,0.891301963365142,0.8939831679437257,0.8971006253553155,0.8997566909975669,0.9032316302581693,0.9057633973710819,0.9080071974808817,0.9118995896693217,0.9128355035875632,0.9124194493263035,0.9143210640272194,0.9140676841406769,0.9124061494458349,0.9112537764350453,0.9093812375249501,0.9071428571428571,0.9045936395759717,0.9017074296262113,0.8944954128440367,0.8887671232876713,0.8809808612440191,0.8735408560311284,0.8681318681318682,0.8609022556390977,0.8566953797963978,0.8541157294213529,0.8489473684210527,0.8453023255813954,0.8439736346516008,0.8417153996101364,0.8379052369077307,0.8359697386519945,0.8342440801457195,0.8323971260613978,0.8305489260143198,0.8139866793529972,0.8122332859174964,0.8249063670411985,0.8713826366559485
1200.0,60.0,0.7835103692463329,0.7612013786312162,0.7475270843146491,0.7376276512175962,0.7300469483568075,0.7251624883936861,0.7219236969371305,0.71996996996997,0.7187817258883249,0.7175216522318454,0.717062818336163,0.7174164998419555,0.7177027372729599,0.7189016990291263,0.7200354609929078,0.7214957090314671,0.7236566643405443,0.7250922509225092,0.7279976373301831,0.7306041597887092,0.7331615752668385,0.7440112728980742,0.7567726737338045,0.7721063982746226,0.7884417808219178,0.8056772908366534,0.8204201490851593,0.8334790755777639,0.8441769241174084,0.8522416029984143,0.8579043557721596,0.8613925068338961,0.8642631666389766,0.8658766958612399,0.8669490029998236,0.8673634889169219,0.867080278247791,0.8673218673218673,0.8668862623522573,0.8664015904572565,0.866048012911035,0.8656003323639385,0.8652064026958719,0.8647374062165059,0.8642701525054466,0.8638175376439327,0.8636363636363636,0.8632420091324201,0.8630869363086936,0.8627833292712649,0.8624906413775892,0.8622908622908623,0.8622057656704576,0.862320800649175,0.8623435722411832,0.8622463561017434,0.8628605061801059,0.8628640776699029,0.8630897317298798,0.8635204081632653,0.8635187580853816,0.8643384822028207,0.8648180242634316,0.8656340057636888,0.8663141993957704,0.8672427336999214,0.8755555555555555,0.8811953352769679,0.8791593695271454,0.8454354869449209
800.0,80.0,0.7655791788856305,0.760759493670886,0.7566710207128196,0.754914004914005,0.7547438330170778,0.7554157931516422,0.7555004955401388,0.7546271094175285,0.7522686025408348,0.7490566037735849,0.7455197132616488,0.7419593345656192,0.7387791741472173,0.7362520021356114,0.7347962382445141,0.7334785766158315,0.7331946755407653,0.7329222011385199,0.7330195742860199,0.7330926594464501,0.7331983805668016,0.7370266479663394,0.7428827617126205,0.7526640493550196,0.7652920962199312,0.7799752781211372,0.7944015444015444,0.8083700440528634,0.8208588957055215,0.8304289544235925,0.8379160636758322,0.8413685847589425,0.8450244698205547,0.8474807856532878,0.8484929078014184,0.8483576642335766,0.8480307396733909,0.848252427184466,0.8471082649589754,0.8460586050350805,0.8454908555812487,0.8443647429627215,0.8437050956118051,0.843037689009253,0.8424381828637147,0.8419264119990626,0.8413891872538489,0.8411407766990291,0.8407627538385339,0.8401356109010302,0.839850026780932,0.8397062898309781,0.8395431834403997,0.8397717295873574,0.8395862281920642,0.8397824397824398,0.8399358460304731,0.8398806563898558,0.8399729912221472,0.8398950131233596,0.8397937411095305,0.8395702111893294,0.8394090560245587,0.8390321935612878,0.8387978142076503,0.8384413309982487,0.8361616784942919,0.833467417538214,0.825,0.7742698477992596
800.0,90.0,0.7663335895465027,0.7606741573033707,0.7568257709683756,0.7551086603957184,0.7547738693467336,0.7557535263548627,0.7558863900327315,0.7551939561237833,0.7532013969732246,0.7499369164774161,0.7465643975711089,0.7433768287860815,0.7404030710172744,0.7383124287343216,0.7366310160427807,0.7364551083591331,0.7360176991150442,0.7355696585071019,0.7361914483384371,0.7363393198318685,0.736594409583571,0.7407817109144543,0.7470671046457062,0.7573014018691588,0.76994301994302,0.7844387755102041,0.7987109568666336,0.8122886133032694,0.8246712586098935,0.8341296928327645,0.8404411764705882,0.8437253354380426,0.847808105872622,0.8497404844290657,0.8499551569506727,0.8503231763619575,0.849757045675413,0.8494602551521099,0.848816029143898,0.8477353370903777,0.8470288083342192,0.8458832582169946,0.8451648965902739,0.8445382947152151,0.8438808748255002,0.8432906590801328,0.842791596232794,0.8423572744014733,0.8420195439739414,0.8412719356115582,0.8408998509283101,0.8408357874070957,0.840606936416185,0.8407407407407408,0.8405502579334063,0.8407553107789142,0.8408315738184181,0.8408327736736064,0.8406565224824757,0.840631093777699,0.840569266798775,0.8404055576417574,0.8401400233372228,0.8398540441921751,0.8393351800554016,0.8390677025527192,0.8368816530995616,0.8345588235294118,0.8257686676427526,0.7741733597580056
27500.0,0.0,0.8357142857142857,0.9069252077562326,0.8879090909090909,0.8826437678896696,0.8890070921985815,0.8967341306347746,0.9017007783222831,0.9017605633802817,0.8975548060708263,0.8902136115250869,0.8821490467937608,0.8738379814077025,0.867624810892587,0.8623931623931624,0.8600384245917387,0.8588627324518973,0.8592850287907869,0.8607138083143965,0.8627976190476191,0.8654738237243207,0.868450184501845,0.8762711864406779,0.8844926611359285,0.8924504428511176,0.9001116071428571,0.9063421828908554,0.9118561710398445,0.9152628892291985,0.9169868047436112,0.917229361794816,0.916289592760181,0.9141081871345029,0.9113092444861567,0.9088729016786571,0.9064638783269962,0.905645933014354,0.9046880591673625,0.9046217250515161,0.90465032444124,0.9056399132321041,0.9066459787949315,0.9077344701583435,0.908930462407342,0.9102720259845717,0.9121929026387625,0.9126903553299492,0.9132394366197183,0.9136558481322719,0.9130723291307233,0.9138321995464853,0.9135906040268457,0.9147435897435897,0.9146971201588878,0.91508427565607,0.9151775616376385,0.914144459182443,0.9139934326850214,0.9135949266745937,0.9124372559955382,0.9115199299167762,0.9113367687177932,0.9101933792199279,0.9090748275252079,0.9083868530411787,0.9078156312625251,0.9070506034300233,0.9025270758122743,0.8984251968503937,0.8953323903818954,0.8942210693183457
1200.0,70.0,0.7923497267759563,0.7651798561151079,0.7517926089354661,0.7414746543778802,0.7346701540249927,0.730356752024513,0.7279365079365079,0.7268683274021353,0.7266143633071817,0.7271280827366746,0.7285118502695554,0.730379746835443,0.7322143517092701,0.7347834033997441,0.736965811965812,0.739847403396505,0.7426573426573426,0.7448559670781894,0.7484966395472232,0.7518737672583826,0.7551557700745941,0.7665002773155851,0.7792297111416782,0.7941908713692946,0.8089756097560976,0.8236349366520911,0.8361233480176211,0.8466951842141576,0.8550660139445186,0.8609844315143891,0.8651108904336312,0.8674803836094158,0.8692916217188061,0.870243178021162,0.8705680518490279,0.8707668353444921,0.8700507614213198,0.8701775872627067,0.8696107157806614,0.8687714776632303,0.8683522231909329,0.867759317467445,0.8672586520947176,0.8667439165701043,0.8663996229971724,0.8658682634730539,0.8653846153846154,0.8651185770750988,0.8649056603773585,0.8644157214455289,0.8640907862739801,0.8639910813823858,0.8636493841306216,0.8637961335676626,0.8640986132511557,0.8640445958501084,0.8641581632653061,0.8645182505754686,0.8643048128342246,0.8651452282157677,0.8649596632760435,0.8655737704918033,0.8664409330323551,0.8670316777473602,0.867870332375872,0.8685446009389671,0.8765133171912833,0.8821656050955414,0.8798850574712643,0.8457846410684474
8000.0,60.0,0.8548743718592965,0.8296639629200464,0.7995744680851063,0.7916384563303994,0.7928870292887029,0.7995157384987893,0.809143686502177,0.8197005195069776,0.8315818206633001,0.8434476693051891,0.8533303925893251,0.8608789431113507,0.8658732711482792,0.8682317304051496,0.869220607661823,0.8677727501256913,0.8668571428571429,0.8648998060762767,0.8636693255982596,0.8624898291293734,0.862238398544131,0.8620484790874525,0.8649234101810305,0.8688262347530494,0.8729182679989751,0.8770279039584685,0.8801452784503632,0.8825569871159564,0.8848230353929214,0.8858773181169758,0.8887029288702929,0.8902152641878669,0.8931744068368379,0.8961469762694565,0.8985697606538237,0.9021172638436482,0.904422514619883,0.9066829665851671,0.9105655414291978,0.911530094271211,0.9111526147278548,0.9133013273086699,0.9129511677282378,0.911023879620543,0.9100346020761245,0.9080922738923471,0.90625,0.903448275862069,0.9007212558336869,0.8935272045028143,0.8869828456104945,0.8798235942668137,0.8721624850657109,0.8664556962025316,0.8592233009708737,0.855595667870036,0.8519909842223892,0.8464025869037995,0.8437392795883362,0.8421875,0.8399820305480683,0.836063936063936,0.8342839036755386,0.8325503355704698,0.8307470227354745,0.829025588007237,0.8129637712789175,0.8115847705824927,0.8247114151346729,0.8708203910104149
600.0,20.0,0.8355871886120997,0.8470039946737683,0.7745817434693278,0.7260428410372041,0.7012077539835583,0.6948209940910671,0.7041420118343196,0.7259100642398287,0.7546941247728649,0.7842020850040097,0.8100990099009902,0.8297353760445683,0.8429250263991552,0.8520069304071615,0.8573885848319,0.8606434405734289,0.8625940836688255,0.8629225937557732,0.8636103151862464,0.8630327056491576,0.8620193296319144,0.8600823045267489,0.8573375738300772,0.8543917332080789,0.8519323671497585,0.8493184634448575,0.8474232038588474,0.8453181583031557,0.8439306358381503,0.8427086110370567,0.8413344182262001,0.8403781979977754,0.8397526005060444,0.839188803199086,0.8384481760277939,0.8379169104739613,0.8378133494412564,0.8373075762149109,0.8373808791884414,0.8375666353088742,0.837503959455179,0.8374959455076224,0.8374836173001311,0.8375415282392027,0.8374831763122477,0.8377641445126107,0.8377632033137729,0.8379888268156425,0.8381154799858307,0.8386145910095799,0.8393393393393394,0.8398768283294842,0.8402832415420929,0.8406725380304243,0.8411371237458194,0.841223292836196,0.8419243986254296,0.841710758377425,0.8421993741618239,0.8420810313075506,0.8424242424242424,0.8424096385542169,0.8427579365079365,0.8428351309707242,0.8428954423592493,0.8423098278734037,0.842026825633383,0.8392655367231638,0.8291082944185013,0.7877172653534182
22500.0,50.0,0.8304557473946181,0.8691974199006027,0.8826943369679916,0.8943396226415095,0.9030179721939641,0.9087353324641461,0.9125269978401728,0.9152431011826544,0.91725768321513,0.9186741363211951,0.9199868651488616,0.9202742160721087,0.919924154025671,0.9187707641196013,0.917308776545762,0.9153618281845112,0.9133633990030857,0.9112646121147715,0.9088209088209088,0.9073397542344736,0.9053100631266245,0.9020187099950763,0.8990825688073395,0.8977272727272727,0.8973224679860302,0.8973131562693021,0.8980256462446571,0.8995737879595098,0.90134994807892,0.9040178571428571,0.906392694063927,0.9100797679477882,0.9124087591240876,0.9146800501882058,0.9168199179516198,0.9183922046285018,0.9194987255734919,0.9203084832904884,0.9209547427154371,0.9216047110783953,0.9217731421121251,0.9221374045801527,0.9223529411764706,0.9227642276422764,0.9240121580547113,0.9241261722080136,0.9235462345090563,0.9238065457577652,0.9236641221374046,0.9243819042609153,0.9256527511432364,0.9270191372040221,0.9278003893116262,0.9282853328247187,0.9289473684210526,0.9280762564991335,0.9281504986400725,0.9284190566484949,0.9272818455366099,0.9271819137749737,0.9272281275551921,0.9274764150943396,0.9270235818992989,0.9272108843537415,0.927049476345251,0.9270435446906035,0.9218836565096953,0.9192956713132795,0.9166666666666666,0.9162803381510772
1700.0,80.0,0.8046581517655897,0.7849450175717039,0.7647058823529411,0.7455022488755623,0.7289890377588307,0.7154942965779467,0.7078796561604584,0.7053924630439309,0.7086614173228346,0.7155818540433925,0.7252690927729369,0.7362002567394095,0.7459375,0.7558310376492194,0.7628734901462174,0.7691015952980689,0.7750333778371161,0.7793287793287793,0.7846378220709771,0.789128895184136,0.7932766615146831,0.8066451315182279,0.8199400708253882,0.8334901222953904,0.8468628146047501,0.8584942845880962,0.8679896462467644,0.8762169680111266,0.8817468105986261,0.8867730313947504,0.8897256589564282,0.8921513269339356,0.8932714617169374,0.8942020322773461,0.8950920245398774,0.8954289292423294,0.8946335078534031,0.8953947368421052,0.8945945945945946,0.8943710910354413,0.8934368383909669,0.8928571428571429,0.8919319022945966,0.8919939577039275,0.8915384615384615,0.8910658307210031,0.8906624102154829,0.8896999188969992,0.8890728476821192,0.8875326939843069,0.8863799283154122,0.8854359925788498,0.8840344168260038,0.8833333333333333,0.8824746534243741,0.8818996042491147,0.8814432989690721,0.8809048569527611,0.8806677193773969,0.8802800466744457,0.8801799668482122,0.8800540739830405,0.8802129547471162,0.8804262036306235,0.8807655238882005,0.8810918965270831,0.8838504375497216,0.8867096774193548,0.8842137592137592,0.8539325842696629
384399.0,0.0,1.0,1.0,1.0,1.0,1.0,1.0,1.0,1.0,1.0,1.0,1.0,1.0,1.0,1.0,1.0,1.0,1.0,1.0,1.0,1.0,1.0,1.0,1.0,1.0,1.0,1.0,1.0,1.0,1.0,1.0,1.0,1.0,1.0,1.0,1.0,1.0,1.0,1.0,1.0,1.0,1.0,1.0,1.0,1.0,1.0,1.0,1.0,1.0,1.0,1.0,1.0,1.0,1.0,1.0,1.0,1.0,1.0,1.0,1.0,1.0,1.0,1.0,1.0,1.0,1.0,1.0,1.0,1.0,1.0,1.0
5000.0,50.0,0.8070505920344456,0.8577625158142057,0.8464598249801114,0.8424153166421208,0.8379902589079723,0.8290308929327127,0.8188716595183108,0.810562015503876,0.805668016194332,0.8007239819004525,0.7967319503998146,0.7919308357348703,0.7863323326858556,0.7799582463465553,0.7746305418719212,0.7692747001713307,0.7649739583333334,0.7638680659670165,0.7613065326633166,0.7621519584709768,0.7638297872340426,0.7666891436277815,0.7753401360544218,0.7851566566045591,0.7958775765146783,0.8073921366514505,0.8184138869979578,0.8278641335636154,0.8359855718226183,0.8433233047905577,0.8496863237139273,0.855385456533625,0.8590817210511118,0.8622167789344765,0.8652916532388012,0.8677658142664872,0.8702761627906976,0.8718518518518519,0.8730035060381769,0.8748461222814936,0.8759558198810535,0.8775877587758776,0.8785481619357841,0.8799612778315585,0.8809045226130653,0.8821074595722483,0.8835319609967497,0.8844643858665171,0.8860981308411215,0.8885309278350515,0.8912448700410397,0.8942731277533039,0.8967136150234741,0.8983471074380165,0.9016319129646418,0.9031598513011152,0.9042198233562316,0.9057602490918526,0.9062566959502892,0.9067299006323396,0.9068905616676317,0.906648675171737,0.9059609455292909,0.9042280156693232,0.9016745384285101,0.8990550472476376,0.8668639053254438,0.845088161209068,0.8445678033306899,0.8425914367744352
1900.0,30.0,0.8357276119402985,0.8034455755677369,0.769406392694064,0.7384797164237888,0.7141003460207612,0.6975223675154852,0.6893979754928077,0.6894230769230769,0.6982718355908454,0.7135587655942219,0.7331417200972805,0.7535571997723393,0.7726315789473684,0.7877397831526272,0.8004796163069544,0.810446957458266,0.8187759952465835,0.8256041802743305,0.8318085855031668,0.8363774733637748,0.8419753086419753,0.8543726235741445,0.8646226924322574,0.8727447678614385,0.8789184952978056,0.8832044975404076,0.886312973695943,0.8884537051543161,0.8900130548302873,0.8912525527569776,0.8922050561797753,0.8929401251117068,0.8934257351563963,0.894106463878327,0.8943217665615142,0.894566098945661,0.8948024948024949,0.8950785340314136,0.8948608137044968,0.8950437317784257,0.8949761309388498,0.8949570067394841,0.8947368421052632,0.8946096204979453,0.8942165101334651,0.8944874033424794,0.8935833113282281,0.8933082504703037,0.8934707903780069,0.8925035360678925,0.89198606271777,0.8911070780399274,0.8903726708074534,0.8895027624309392,0.888588791357191,0.8880055305910819,0.8873340509508432,0.8867576540022132,0.8865638766519823,0.8860569715142429,0.8852589641434263,0.884300899427637,0.8841129372102824,0.8834488734835355,0.8829356145880234,0.8827160493827161,0.8810775295663601,0.8819031435853866,0.8794876966518758,0.8479020979020979
30000.0,60.0,0.7825957383400387,0.8930025198681915,0.9062142584826535,0.9092017062766605,0.9088471849865952,0.9075425790754258,0.9041311888994008,0.8984791625518467,0.8917874396135266,0.88441483198146,0.8772649572649572,0.8715194908512331,0.8669410150891632,0.8642745709828393,0.8632629107981221,0.8642951251646904,0.8660779985283297,0.8680327868852459,0.8717153284671533,0.8753423268079927,0.8794134235758602,0.8900353773584906,0.8992652745552978,0.9056219791401678,0.9092431346282652,0.91005291005291,0.9091435185185185,0.9076457229371688,0.9068181818181819,0.9067948717948718,0.908865775136206,0.9120879120879121,0.9165333333333333,0.9215358931552587,0.9259259259259259,0.9306387225548902,0.935041716328963,0.9385045422781272,0.9401639344262295,0.9426456984273821,0.9444386422976502,0.9457563712882862,0.9473616803278688,0.94781622234827,0.9501120238984316,0.9509725124578042,0.9505783385909569,0.951417004048583,0.9512961508248232,0.9520725388601037,0.9528257823446987,0.9533366783743101,0.9533242876526459,0.9534206695778749,0.9533599263577784,0.9521594684385382,0.9523480662983426,0.9524838012958964,0.9509841759938248,0.9506927465362673,0.9506745362563238,0.9503676470588235,0.9495713565305093,0.9495661605206074,0.9493891797556719,0.9489732420659615,0.9406192707272357,0.9346338622798078,0.9292797006548176,0.9237074401008828
1400.0,40.0,0.8117913832199547,0.776123371443765,0.7548607461902259,0.7357798165137615,0.7194189602446484,0.7069304497419513,0.6985700667302193,0.6949828962371721,0.6966844044207942,0.7022598870056497,0.7109375,0.7214084507042253,0.731492092596837,0.7419051457745532,0.7504247104247104,0.7583449235048678,0.7659042859888526,0.7718776550552251,0.7791072250345145,0.785518102372035,0.791339648173207,0.8087535680304472,0.824825560044069,0.840033153750518,0.8531436438733364,0.8633633633633634,0.8708288482238966,0.8764940239043825,0.8804283164782868,0.8827884022208513,0.8843450479233227,0.884896872920825,0.8851902173913043,0.8850974930362117,0.8847795163584637,0.8843094721619668,0.8832831325301205,0.8830188679245283,0.8817619783616693,0.8811410459587956,0.8803212851405623,0.8792390405293631,0.8791946308724832,0.8778821520068317,0.8767361111111112,0.8764342453662842,0.8761220825852782,0.8750455373406193,0.87430426716141,0.873391812865497,0.8716566866267466,0.8711207340962985,0.8703860840050912,0.8696407250624119,0.8689292652268312,0.8686659772492245,0.8683867913362529,0.8680258820656819,0.8680650366141244,0.8681473873411221,0.8681948424068768,0.8684601865621198,0.8691223664015627,0.8699811566893753,0.8708599209966575,0.8719204042956412,0.8814352574102964,0.8868144690781797,0.8830715532286213,0.8488284202569917
30000.0,20.0,0.7814276689829438,0.9037593984962407,0.9163318025258324,0.9162174303683738,0.9142300194931774,0.9111597374179431,0.9060213843556556,0.8997194950911641,0.8915456874466268,0.8836259697835851,0.8759913482335977,0.8695409515836473,0.8648302370275465,0.8618995633187773,0.8607179487179487,0.8610855565777369,0.8628307218083741,0.8655221745350501,0.8688733290897518,0.8729203539823008,0.8771653543307086,0.8878023674729799,0.8979039891818796,0.9045495093666369,0.9080839028988923,0.9083969465648855,0.9063978605225262,0.9036896364622897,0.9013933547695605,0.9000469263256687,0.9005524861878453,0.902555910543131,0.9057926200783344,0.9094986807387863,0.913232104121475,0.9165278934221482,0.9193135245901639,0.9215503875968992,0.9222180870859695,0.9234116623150566,0.9238143289606459,0.9248554913294798,0.9252275682704811,0.9248175182481752,0.9270420301348137,0.9272727272727272,0.9263257575757575,0.9269549403919984,0.926683993935456,0.9270267004953485,0.9277873297182913,0.9282851417119954,0.9282948737803933,0.9283815221003656,0.9282574292245472,0.9268614514608859,0.9268821442648798,0.9268192125334982,0.9253502626970228,0.924741081703107,0.9247311827956989,0.9241558441558442,0.9231638418079096,0.923310093967869,0.9236493044322226,0.9233149931224209,0.9173980382034074,0.9132867132867133,0.9096385542168675,0.9053384700055036
27500.0,40.0,0.7910028116213683,0.8862422083704363,0.8879967057854643,0.8899082568807339,0.895427795382526,0.9005457853244391,0.9027993779160186,0.9002895752895753,0.8956990507441697,0.8885941644562334,0.8809367834916476,0.8737201365187713,0.868375325803649,0.8642188270083785,0.8625,0.861993769470405,0.8628133704735376,0.8645186335403726,0.8672145328719724,0.8695233509870005,0.8729222520107238,0.8810696692470091,0.8888785912882299,0.8944213359432347,0.898513251454428,0.9006184687566645,0.9015151515151515,0.9017660044150111,0.9009615384615385,0.9011264080100125,0.9012145748987854,0.9025534132360604,0.9044518272425249,0.9067653988556041,0.9097617541640312,0.9128619879989565,0.9164274322169059,0.9193238570879754,0.9212707182320442,0.9243156199677939,0.9259489732420659,0.927246790299572,0.9293739967897271,0.9295392953929539,0.9321253672869736,0.9326480351215334,0.9320559539203009,0.9328236621130468,0.9325525040387722,0.9326923076923077,0.9329608938547486,0.9333451830785638,0.9330382913219165,0.932892835019616,0.9325769146847044,0.9310344827586207,0.9312454122828481,0.931254791719908,0.9295238095238095,0.9290008588605783,0.9290590679726922,0.9283870967741935,0.9275922671353252,0.9276018099547512,0.9275070479258961,0.9271324474924989,0.9191321499013807,0.9135135135135135,0.9093044061731156,0.9053275737940965
1900.0,70.0,0.808584686774942,0.7928197456993269,0.7657307415406768,0.7412398921832885,0.7226422602467171,0.7101990049751243,0.7039510818438381,0.7044423050474488,0.7108784176847004,0.7213287635117321,0.7345529858474283,0.7479320853286896,0.7595541401273885,0.769811320754717,0.7779390420899854,0.7849753694581281,0.7906678865507777,0.7949290060851927,0.7996238105775614,0.8034332688588007,0.8069111052492746,0.8180100755667506,0.8291420118343196,0.8404777137982512,0.8513545912251259,0.8613993083266827,0.8696908407974574,0.876750700280112,0.8822170900692841,0.8863319386331938,0.8895348837209303,0.8918314061917195,0.8934748427672956,0.8953488372093024,0.8957029620358782,0.8967297762478486,0.8969938107869142,0.8978134761267291,0.897670169026953,0.8975586404978458,0.8975230694511899,0.8981113320079522,0.8975659229208925,0.8975685463010864,0.8968253968253969,0.8969017094017094,0.8959864330130017,0.8958573072497124,0.8958097395243488,0.8951515151515151,0.8942786069651741,0.8931347150259067,0.8922872340425532,0.8908205841446454,0.8901734104046243,0.8890532544378699,0.88871834228703,0.88801261829653,0.8876669285153181,0.8877305533279871,0.8858603066439523,0.8854895104895105,0.8852252252252252,0.885356811862836,0.8845043310875842,0.8843654822335025,0.8836654504630929,0.8861862406970412,0.8844578572968312,0.8558096126924871
5000.0,10.0,0.8023204419889503,0.886435331230284,0.8711855252497974,0.8618536097926555,0.8539473684210527,0.8443465491923642,0.8336048405864557,0.8237541239798576,0.8152413624111737,0.8059254327563249,0.7958833619210978,0.7843766720171215,0.7709019091507571,0.7580745341614907,0.7474747474747475,0.7375758220708737,0.7303085299455535,0.7271964185786234,0.7238376613279428,0.7246935201401051,0.7276679841897233,0.7354822834645669,0.7498476538695917,0.7653468942971304,0.7813559322033898,0.7966019417475728,0.8104860731840524,0.8212357528494301,0.8303108808290155,0.8373702422145328,0.844280442804428,0.85,0.8527708850289496,0.8556808326105811,0.8582278481012658,0.8602059925093632,0.862877263581489,0.8637613277670299,0.8655076791808873,0.8669575920331207,0.8681749971141637,0.8698304257655239,0.8710367388022144,0.8723709993468322,0.8736799350121852,0.8752105558674902,0.8767282782709941,0.8783315765697937,0.8801316201817612,0.8842832469775475,0.8876877977281056,0.8915520628683693,0.8951005025125628,0.8985411140583555,0.9020843431895298,0.9046199701937406,0.9066351953842119,0.908788466869975,0.9096109839816934,0.9105152154263332,0.9107473749227919,0.9111111111111111,0.9101161995898838,0.9084709260588657,0.9061550151975684,0.9033412887828163,0.8696172248803827,0.8455217748562038,0.8449093157460841,0.8527646129541864
300.0,90.0,0.709282700421941,0.721441947565543,0.7201505016722408,0.7196405648267009,0.7207441860465116,0.7220933230213973,0.7217421361908054,0.7205417607223477,0.7170028818443804,0.7125541125541126,0.7066548358473824,0.7018880068654795,0.6963531669865644,0.6919951850737286,0.687970583085274,0.6849010900282599,0.6824371105469651,0.6803364879074658,0.6789536266349584,0.67828418230563,0.6776018099547512,0.6793778223783241,0.6845593108018555,0.6946817785527463,0.7116300158694173,0.731373989713446,0.7565494011976048,0.7843961691193646,0.8113098672821697,0.8384855852726641,0.8642276422764228,0.8852149267831837,0.9045599151643691,0.918854415274463,0.9302172481895984,0.94,0.9469638739431206,0.9518760195758564,0.9543828264758497,0.9576427255985267,0.959609756097561,0.9597350170789773,0.9605531139457606,0.9597423510466989,0.961093946675821,0.9605215934920445,0.9589889089502193,0.9590735623108303,0.9578187872901345,0.9567983429501407,0.9558226662503901,0.9547026848954043,0.9528351881293057,0.951118631321677,0.9500587544065805,0.9476038338658146,0.9469548133595285,0.9461954074741108,0.9437302934756245,0.9420030659172203,0.9413766029835121,0.9392312040700961,0.9362820909372099,0.9343667546174144,0.9323943661971832,0.9307750188111362,0.9139855548260012,0.9016650342801176,0.8901098901098902,0.8676599474145487
22500.0,10.0,0.8752558139534884,0.8694222639736966,0.8853410740203193,0.9,0.9099624303666278,0.9170178282009724,0.9222398100514444,0.9265335235378032,0.9302259887005649,0.9335106382978723,0.9360217138425746,0.9372478709099059,0.9378211716341213,0.9374269005847953,0.9358465608465608,0.9337304542069993,0.9306599832915622,0.9281835205992509,0.9248821372446306,0.9216881594372802,0.9186458470017058,0.9115646258503401,0.9059809169187806,0.9020217729393468,0.8995850622406639,0.8991735537190083,0.901090909090909,0.9029495718363464,0.9068875973785088,0.910597609561753,0.9142041980843693,0.9174857734092084,0.9201434159061278,0.9220408163265306,0.9232723577235772,0.9238993710691824,0.923374613003096,0.9225592417061611,0.9222594432251358,0.9215165081141579,0.9207204174381417,0.92,0.9190283400809717,0.918133556859458,0.9170178282009724,0.9155505952380952,0.9143098353735754,0.9128787878787878,0.9117183394640042,0.9096612296110415,0.9088937093275488,0.9092382495948136,0.9099821746880571,0.9110144927536232,0.91078988125968,0.9109529025191676,0.9108236109506758,0.9108334344292127,0.9109615140353106,0.91118769883351,0.9114726971869829,0.9123588829471182,0.9130918334922148,0.9138367967562088,0.9144994656216602,0.9147822836852925,0.915506958250497,0.9164572864321608,0.9170642201834862,0.9185505678745268
600.0,60.0,0.6938421509106678,0.7315308453922316,0.7221206581352834,0.7142857142857143,0.7090064995357475,0.7063013698630137,0.7039192859914629,0.7016428192898782,0.6990902729181245,0.6961004034065441,0.6927374301675978,0.6893269884432359,0.6863047001620746,0.6818957345971564,0.6778288465747428,0.6748221195855698,0.6709431834202735,0.6673524291818326,0.6643146939495502,0.6605252842022736,0.6578318487942646,0.6530555555555555,0.6519121813031161,0.654799459215863,0.6628440366972477,0.6759622367465504,0.6961748633879782,0.7164195867026055,0.7359436390732963,0.7574597095899154,0.7803712552839551,0.7962924390751926,0.8094693504117109,0.8266798909000744,0.821957671957672,0.8305037573058726,0.8419335705812574,0.8249772105742935,0.8490685191032523,0.8448445171849427,0.8261306532663316,0.8503472222222223,0.8449557522123894,0.8356858487151647,0.837578442229605,0.8362815205118554,0.8358895705521472,0.8338533541341654,0.8369132856006364,0.8418410041841005,0.8419243986254296,0.8344429649356414,0.8272394881170019,0.8282639213851193,0.8280788177339902,0.8225086762518592,0.8350357507660878,0.8249868212967844,0.8101876675603217,0.841375485302274,0.8400900900900901,0.8145114101813926,0.8174123337363967,0.821608040201005,0.8197368421052632,0.8095563139931741,0.7913649025069638,0.7752093407241419,0.764893764754895,0.7103244837758113
8000.0,20.0,0.8525688756515264,0.8217972400304249,0.7837559972583962,0.7687272727272727,0.7583576085448744,0.7521493490542864,0.7516077170418006,0.7594859241126071,0.7739629302736099,0.7920552258689597,0.8087739032620922,0.8216416375231433,0.8292744799594115,0.8314364810827438,0.8299743495786002,0.8258118937157317,0.8209459459459459,0.8175824175824176,0.8131127450980392,0.8116838487972509,0.8105423987776929,0.8119806763285025,0.8190881458966566,0.8284291534631055,0.8375878653348132,0.8455339153794493,0.851419474661714,0.8564757160647571,0.8611713665943601,0.8646864686468647,0.8695854680950164,0.8737453777073428,0.8789659224441834,0.8850871530019367,0.8895306859205776,0.8949843260188087,0.8993981083404987,0.9022577610536219,0.9072834645669291,0.9089550645746611,0.9086365221434384,0.9108241824544467,0.9103219213081247,0.9082618755954811,0.9069701280227596,0.9046199701937406,0.9021164021164021,0.8989767744031184,0.8958825514681067,0.8876985592907277,0.8809617658651951,0.8721529866781264,0.8640686615634423,0.8578779710855182,0.8492340768610589,0.8452546618424714,0.8410538506079908,0.8356719675709385,0.8319577418289865,0.8305592543275633,0.8283453732370141,0.8236419280795715,0.821917808219178,0.8204255319148936,0.8187643020594966,0.816125860373648,0.797133220910624,0.7956893253411554,0.8113143631436315,0.8614318706697459
1200.0,30.0,0.8244981986618631,0.780968709815688,0.7680412371134021,0.7532674772036474,0.7367750159337157,0.7220164609053498,0.7113899613899614,0.7076622742801366,0.7124641833810889,0.7233309695066356,0.7403412969283276,0.7598107918710582,0.7782092772384035,0.7950404858299596,0.8090961761297798,0.8202392499191723,0.830035335689046,0.8373889532638085,0.845233182005778,0.8510826336721167,0.85592820028342,0.8684070324986681,0.8771513353115727,0.8820876288659794,0.8855172413793103,0.8861313868613139,0.8865900383141763,0.8855325914149443,0.8845208845208845,0.8832913518052057,0.881896551724138,0.8813559322033898,0.8798007246376811,0.8788159111933395,0.8776836158192091,0.8769818529130851,0.8761904761904762,0.8748015873015873,0.874328025154681,0.8734426910299004,0.8727922624053827,0.8721219327640255,0.8715114370143373,0.8709246689662846,0.87049384111199,0.8700791920119362,0.8696969696969697,0.8692980382888206,0.8690318701142513,0.8684807256235828,0.8681361175560711,0.8680398671096345,0.8677494199535963,0.8677639838192216,0.8678885630498534,0.868002357100766,0.8681218735788995,0.8683018278394001,0.8685714285714285,0.8688874302592714,0.8691962056914628,0.8696477900552486,0.8701460634128964,0.8708603145235893,0.8719937936384794,0.8727822580645161,0.8816163915765509,0.8866517524235645,0.8827740492170022,0.8506304558680893
1200.0,20.0,0.8281036834924966,0.7554911899589669,0.7628205128205128,0.7633303808680248,0.7530993278566094,0.7380607814761215,0.7237880496054115,0.7147707979626485,0.7134646962233169,0.7200549136254433,0.7341005451241672,0.7519054878048781,0.7700276243093923,0.7875331564986737,0.8022109351658201,0.814595660749507,0.825177304964539,0.8334609494640123,0.8418284789644013,0.8479657387580299,0.8531943815133666,0.8648379052369077,0.8717391304347826,0.8753623188405797,0.8771393643031785,0.8771593090211133,0.8762475049900199,0.8757721345229924,0.8741209563994374,0.8728448275862069,0.8714180749448934,0.8696969696969697,0.868663594470046,0.86697965571205,0.8663484486873508,0.8654311039484287,0.8640533778148457,0.8632193494578816,0.8629787234042553,0.8623150565709312,0.8617957746478874,0.8610659439927733,0.8602739726027397,0.8601113172541744,0.8596425211665099,0.8593511450381679,0.859244917715392,0.8590196078431372,0.8594217347956131,0.8592399791775117,0.8593301435406698,0.8595646943016515,0.8599618791344321,0.8603294440631435,0.8609811682859542,0.861201396412664,0.8618258287976249,0.8623981670061099,0.8627729680837317,0.8635090060040027,0.8638453217955652,0.8647891270842091,0.8654151624548736,0.8664768469953544,0.8675662953083321,0.8686440677966102,0.8794084186575654,0.8863569103284995,0.8835398230088496,0.8476621417797888
8000.0,30.0,0.8558614290133003,0.8232861460155877,0.7907317073170732,0.7789887980623675,0.774452964279035,0.77447216890595,0.7787298387096774,0.7876106194690266,0.7999387880024484,0.8140973903685768,0.8265866209262436,0.8363366546533814,0.8423595219933893,0.8446514423076923,0.8452380952380952,0.8430278884462151,0.8407039711191335,0.8383324860193188,0.8358800226372383,0.8352272727272727,0.8340336134453782,0.8352678571428571,0.8404267393031438,0.8479163683230703,0.8558623162423807,0.8629193512552766,0.8691765980498375,0.8739386022207707,0.8781627092253795,0.8817351598173516,0.8846560846560847,0.8872549019607843,0.8911374738311235,0.8941176470588236,0.8973214285714286,0.9003956478733927,0.9032899094722897,0.9052993130520117,0.9089121887287025,0.9097582037996546,0.9089181054965944,0.9103655483224837,0.9097892104322972,0.9076775431861804,0.9062753036437247,0.9038666951506088,0.9014147765551314,0.8983969825553983,0.8955922186653533,0.88759163725224,0.8809801633605601,0.8722860791826309,0.8647526807333102,0.8584525119178584,0.8506441223832528,0.8465077373483898,0.8425643262102049,0.8373295721673719,0.833582461385152,0.8321572580645161,0.8304642670839854,0.8262638001162115,0.8239263803680982,0.8220779220779221,0.8204053109713487,0.8189331329827197,0.8021527421834956,0.8007309097903443,0.814767825425019,0.862238622386224
600.0,70.0,0.7272467902995721,0.7581304134662527,0.7504548211036992,0.7442196531791907,0.7415406767458603,0.7407293271700052,0.7397085867873815,0.7381673608481636,0.7355412753336629,0.7321766561514196,0.7280978689818469,0.7238372093023255,0.719626168224299,0.7154753643303262,0.7118989405052975,0.7085066162570889,0.7054347826086956,0.7022360248447205,0.6995629493867193,0.6967762527928503,0.6943844492440605,0.6907389635316699,0.6908227848101266,0.6953286482017362,0.7044967880085653,0.7196452933151433,0.7394893617021276,0.7597497393117831,0.7809107922645041,0.8012783265543288,0.8192015836357638,0.8330237741456167,0.8452018665043619,0.8534558180227472,0.8595412627098605,0.8644488579940417,0.866156282998944,0.8685446009389671,0.8700787401574803,0.869501033362858,0.8685678859268444,0.8696875,0.8686413393432066,0.8669125041904123,0.8663247863247864,0.8651960784313726,0.8647100930565498,0.8638858397365532,0.8628912071535022,0.8607843137254902,0.8596278317152104,0.8584070796460177,0.8562610229276896,0.8550135501355014,0.8533333333333334,0.8517258142926593,0.8513047759724274,0.849406910778752,0.8476394849785408,0.8473486877343331,0.8465319497542326,0.8434017595307918,0.8412121212121212,0.8385678391959799,0.8363036303630363,0.8334489937543372,0.8101253616200579,0.7937219730941705,0.7806356245380636,0.7393302692055154
1300.0,0.0,0.769804822043628,0.6782501322984653,0.7388289676425269,0.784156976744186,0.79898798228969,0.792075078206465,0.774712643678161,0.7576656775469832,0.7489361702127659,0.75,0.7593788819875776,0.7740858746775906,0.7903225806451613,0.8059223689475791,0.8197189284145806,0.8313253012048193,0.8408920070157855,0.8483324510322923,0.8553320473959769,0.8600976730824476,0.8636363636363636,0.8704117459304181,0.8727701110737126,0.8724077328646749,0.8706990220934444,0.8683818046234154,0.865296803652968,0.8625389408099688,0.8598019801980198,0.8572583906186818,0.8551497743126796,0.8530140379851362,0.8507653061224489,0.8490808037622916,0.8477024070021881,0.846393588601959,0.8453887884267631,0.8446557971014492,0.8438934802571166,0.8429791271347249,0.842809364548495,0.8420542635658915,0.8420019627085378,0.8416087388282025,0.8418136020151133,0.8412537917087968,0.8422163588390501,0.8420490928495198,0.841994750656168,0.8428886438809261,0.8438724118634583,0.8446490218642118,0.8451198129748685,0.847037484885127,0.8477315102548166,0.8489254108723135,0.8502604166666666,0.8515312916111851,0.8514851485148515,0.8522498321020819,0.8541963015647226,0.8557902403495994,0.8575712143928036,0.8582434514637904,0.8604651162790697,0.8634435962680237,0.8848586087579048,0.9019146264908977,0.9070121951219512,0.8740222313709345
300.0,80.0,0.7096930533117932,0.7210017574692443,0.7195465207193119,0.7189221556886227,0.7199792063767111,0.7210362197169585,0.7209003215434083,0.7197478991596639,0.7157442235357335,0.7109164420485176,0.7055694098088113,0.7001813419302841,0.6944210145800699,0.6895424836601307,0.6851790450928382,0.6817397968959571,0.6788930375576543,0.6762788365095286,0.6748152359295054,0.6734104046242775,0.6725823976819992,0.6732913233155599,0.6773985833869929,0.6864565587734242,0.7026304057066429,0.7216974276994623,0.7462297523738596,0.7740350877192983,0.8009877977919814,0.8287020752725993,0.8551324503311258,0.8772353794103431,0.8970588235294118,0.9120541205412054,0.9251191286589516,0.9348630643967432,0.942537909018356,0.9482612383375743,0.9506976744186046,0.9544582933844679,0.9559077517017169,0.9564279551337359,0.957425410660409,0.9566051306641092,0.9579952267303102,0.9575848303393214,0.9559139784946237,0.9559731175421753,0.9548872180451127,0.9537679149329634,0.9525357607282184,0.9513115035144866,0.9494671076809996,0.947625561852648,0.9466720944433137,0.9438425823568427,0.9433620299048482,0.9425233644859813,0.9399044505908977,0.9383108287000265,0.9376524803469775,0.9353612167300381,0.9322250639386189,0.9301771117166212,0.9280523255813954,0.9259115593483319,0.9079301075268816,0.8947158524426719,0.8824698555717503,0.8607929515418502
1200.0,0.0,0.7633986928104575,0.676418958455237,0.7222578576010263,0.758839307485979,0.7743457743457743,0.7732474964234621,0.7647727272727273,0.756701030927835,0.7542091679980337,0.7569674850696748,0.7682566483748418,0.7833503054989817,0.7950602763892972,0.8138770141400855,0.8234240687679083,0.8318651857525852,0.8407437348423605,0.8435374149659864,0.849647266313933,0.8538708199725149,0.855581947743468,0.8626069451434323,0.8612869198312236,0.8635616438356164,0.859392575928009,0.8563185227928448,0.8484136310223267,0.847630473905219,0.8447015834348356,0.8472049689440994,0.8425692695214105,0.8252058264724509,0.8384364820846906,0.8284217419777341,0.8352310783657066,0.8399182561307902,0.8250345781466113,0.8261772853185596,0.8217543859649122,0.8318840579710145,0.82992700729927,0.8216136195410807,0.8232209737827715,0.8218347232752085,0.8224442736356649,0.8155864197530864,0.8405797101449275,0.8397070789259561,0.8144,0.8222502099076406,0.8196763202725724,0.8226795096322241,0.8179555555555555,0.8319852941176471,0.8193578847969782,0.8324687800192123,0.8361660079051383,0.8337544214249621,0.8161138390620303,0.8059716702333639,0.8432409105620887,0.8352655404659379,0.8360991134348715,0.8297897196261682,0.8261028071454611,0.8419363122752953,0.8578088578088578,0.870522125965816,0.8744331065759637,0.8427518427518428
1900.0,60.0,0.8033569671538128,0.7901399067288475,0.7634849455477258,0.7395470383275261,0.7212014134275618,0.7091611479028698,0.7029166666666666,0.7033795283248238,0.7092089526738424,0.7188150890997455,0.7307576214910957,0.7429764616552772,0.7534626038781164,0.7624249044238122,0.7706364209199748,0.7761938702779758,0.7812549642573471,0.7852863436123348,0.7897978825794033,0.7933901694558467,0.7966900356280887,0.8075757575757576,0.8191869918699187,0.8312276070148972,0.8434300341296929,0.8545584384670316,0.864085239085239,0.8723284589426322,0.8785521986239905,0.8833597464342314,0.8874172185430463,0.8903643173306095,0.8922413793103449,0.894022735606894,0.8949980908743795,0.8956282000787712,0.8963562753036437,0.896608091540662,0.8970280452071997,0.8973233874506362,0.8971504897595726,0.8970856102003643,0.8967921896792189,0.896633475580844,0.8962172647914646,0.8962310327949095,0.8953367875647669,0.895042194092827,0.8951738453554748,0.8944444444444445,0.8933865450399088,0.8925178147268409,0.8920731707317073,0.8909438775510204,0.8894039735099337,0.8888135593220339,0.8881069669247009,0.8872017353579176,0.8869690424766019,0.8861131520940485,0.8852459016393442,0.8854166666666666,0.884393063583815,0.8845500848896435,0.8835978835978836,0.8836279069767442,0.8830033427616354,0.8854339873628201,0.8838862559241706,0.8547008547008547
27500.0,50.0,0.7940771349862259,0.8895854110272119,0.8901070216653615,0.8912350597609562,0.8961996596710153,0.9008327024981075,0.9029041626331075,0.9014405762304922,0.8962909090909091,0.8890811559093269,0.8811841038118411,0.8740323715693173,0.8684563758389262,0.8645357686453576,0.862482853223594,0.8619761630142253,0.8629725085910653,0.8644636015325671,0.8667377398720683,0.8694362017804155,0.8730998017184401,0.8812824956672444,0.8888255416191562,0.8948397773431623,0.8991463172523327,0.901596440722324,0.9029927760577915,0.9027465105808195,0.9024676850763808,0.9030534351145039,0.9033497536945813,0.9045931924585601,0.9065465658677819,0.909017059301381,0.9120182555780934,0.915625,0.9193302891933028,0.9229014598540146,0.9247956403269755,0.9279848389134555,0.9299781181619255,0.9325,0.933768656716418,0.9349397590361446,0.9374576653872206,0.9383308714918759,0.9379981088747805,0.9388458225667528,0.9386843321522107,0.9389888603256212,0.9396035901271503,0.9402261712439418,0.940096195889812,0.9397138165611072,0.9395740465577018,0.9381003201707577,0.9382990550305725,0.9385150812064965,0.9368616527390901,0.9361355490387748,0.9362132973337833,0.9357798165137615,0.934721665999199,0.934250107434465,0.934313275149288,0.9343780607247796,0.9258976317799847,0.9191246431969553,0.9142857142857144,0.9095197255574614
30000.0,30.0,0.7804698972099853,0.8878260869565218,0.9031148480794955,0.9069981583793738,0.9081447963800905,0.9066749072929543,0.9028112449799197,0.8977593863544611,0.89100581467277,0.8837174721189591,0.8769122560225074,0.8710801393728222,0.8669183577159038,0.8642837946788497,0.8633879781420765,0.863961813842482,0.8654212733511246,0.8677721088435374,0.8712121212121212,0.875131717597471,0.8791788856304985,0.8894009216589862,0.8975964451625934,0.9036385445821671,0.9064646820503787,0.9064027939464494,0.9047619047619048,0.9025080906148867,0.9006376195536663,0.9005563282336578,0.901628959276018,0.9045443897868354,0.9085594363663618,0.9128780673387864,0.9171033825631253,0.9212459594475463,0.9246159342622365,0.9270166453265045,0.9279918864097363,0.9304093567251462,0.9309188464118041,0.9315589353612167,0.9323181049069373,0.9320754716981132,0.9338466214162698,0.9341541167417831,0.9331974094507076,0.9337487283825026,0.9333605331157351,0.9334941939375659,0.933935907970419,0.9341965235899256,0.9341903300076746,0.9337312204157234,0.9336523819882532,0.9321478708469817,0.9323565323565324,0.9321082184788158,0.9309031556039173,0.9301260022909508,0.9304606240713225,0.9297961824652217,0.9293535853055458,0.9294117647058824,0.9293831168831169,0.9294677628732151,0.9229222520107239,0.9180555555555555,0.913823019086177,0.9098143236074271
8000.0,0.0,0.8446601941747572,0.8258196721311475,0.7827420061322821,0.7560169891458235,0.7404566210045662,0.73351964491205,0.7341356673960613,0.7442845046570703,0.761963952765693,0.7849565217391304,0.805159618329603,0.8205049261083743,0.8290565309666217,0.8305932809149392,0.827984966753397,0.8216924110141034,0.8153188180404355,0.8095878136200717,0.8048289738430584,0.8023917995444191,0.8016581632653061,0.8018653690186537,0.8096751050527826,0.8186771414090218,0.8270503154331436,0.8336393683437385,0.8383795309168444,0.8425698871996077,0.8473772321428571,0.8526479750778816,0.8596491228070176,0.8662322729014948,0.8746343501880485,0.8836477987421384,0.8905398712233779,0.8992616033755274,0.9048433048433049,0.9102091020910209,0.9166140240050537,0.9193766937669376,0.918859649122807,0.9213483146067416,0.9213836477987422,0.9177057356608479,0.9163793103448276,0.9138240574506283,0.9104380242311276,0.9067763794772508,0.9031741263642735,0.893109829106346,0.8847617949013727,0.8739359038557837,0.863948324586193,0.8564552661381654,0.8462968701580416,0.8413815158298689,0.8366500829187397,0.8301819479129504,0.8261361493494248,0.8246113007205157,0.8225743348982786,0.817984361424848,0.8163777372262774,0.8151442307692308,0.8131130614352091,0.8109756097560976,0.7787193973634652,0.7702127659574468,0.7885956644674835,0.8563318777292577
1400.0,50.0,0.8041204437400951,0.7737349029200428,0.7576301615798923,0.7428131416837782,0.7297907949790795,0.7187132208709298,0.710997442455243,0.7074074074074074,0.7077045274027005,0.7110042735042735,0.7168508287292817,0.7235547886108714,0.730276961812841,0.7372127501853225,0.742812187097697,0.748128864301985,0.7534620991253644,0.7576868254937894,0.7632050134288272,0.7678307919331038,0.7728008634646519,0.7880773010153947,0.8037602820211516,0.8195077484047402,0.8344577062791905,0.847536231884058,0.8582326764144946,0.8667122351332878,0.8733719247467439,0.8772727272727273,0.8806324110671937,0.8816225165562914,0.8828522920203735,0.8838427947598253,0.8831099195710456,0.8833333333333333,0.8827160493827161,0.882650142993327,0.881640625,0.8806732792305381,0.8801585688147997,0.8791623036649214,0.8785304735612657,0.8778378378378379,0.8771023414312411,0.876481108875475,0.8757954545454546,0.8751874495328181,0.8746180963572268,0.8731960034538053,0.8723135271807838,0.8715740015661707,0.8708551483420593,0.8701923076923077,0.8695966459447737,0.8693313953488372,0.8690315820984883,0.8687866625501698,0.8688215910874,0.8688950186597436,0.8689711934156379,0.8693201229928255,0.8699101004759386,0.8707433174661297,0.8714751582582007,0.8727816550348954,0.8821218074656189,0.8877476155539251,0.8841597191750767,0.8512310606060606
1400.0,70.0,0.7974120501415285,0.7706922498118887,0.7559825960841189,0.7435740514075887,0.73271484375,0.7246420047732697,0.7191405393554046,0.7165941578620261,0.71714164185453,0.7196841511562324,0.7239884393063584,0.7292003593890386,0.7337329700272479,0.7390353697749196,0.743386638768495,0.7476076555023924,0.7519260400616333,0.7555747997402035,0.7601918465227818,0.7643312101910829,0.768464243845252,0.7822931785195936,0.7962881131241715,0.8124672603457308,0.8277744087325651,0.8412371134020619,0.8534351145038168,0.8623548922056384,0.8702391496899912,0.8751633986928105,0.8787463271302645,0.8808444902162719,0.8826460298950493,0.8833242208857299,0.8836400359066428,0.8837608795235914,0.8828451882845189,0.8828688130706391,0.8820847708230656,0.8813108945969885,0.8806679511881824,0.879782867734675,0.8791134989926125,0.8783857729138167,0.8778179794043974,0.8770166996886499,0.8765112262521589,0.8758036236119229,0.8751116403691575,0.8738668333854329,0.8731175905158604,0.8723122725769104,0.871554950663491,0.8708442123585727,0.8703059168345851,0.8699815837937385,0.8698786039453718,0.8695226917057903,0.8695565718830781,0.8696278017684557,0.869837296620776,0.870101753626326,0.8706434316353887,0.8714318867486656,0.872568093385214,0.8733889310083397,0.883398506932101,0.8890436397400185,0.8856191004997224,0.8519669974889393
30000.0,10.0,0.7869372225745086,0.9239344262295082,0.9297342590375868,0.9230210602759622,0.917885552989479,0.9136054421768708,0.9087764807609165,0.9018143009605123,0.8936170212765957,0.885145482388974,0.8761648745519713,0.8692363485649156,0.8637440758293838,0.8601529995973695,0.8585446859903382,0.858590978205778,0.8602110022607385,0.8627122196604485,0.8658593386120168,0.8701164294954722,0.874353076480736,0.8859287054409005,0.8961614173228346,0.9040829552819183,0.9084687767322498,0.9094608341810784,0.9087787399223649,0.907192118226601,0.905429981813458,0.9042735042735043,0.9040788883908562,0.9052077238150965,0.9067475360121304,0.9093658536585366,0.9118012422360249,0.9139197000468676,0.9156322730799069,0.9167654730851316,0.917265153691468,0.9180829367777023,0.9183917197452229,0.9185457892314772,0.9194981704129639,0.9196217494089834,0.9209332469215813,0.9223646723646723,0.921875,0.9221105527638191,0.9216921692169217,0.9231468390224197,0.9242037509710354,0.9253371868978806,0.9258245339590666,0.9261331841074426,0.9264967397747481,0.9253447456015217,0.9253483742534837,0.9251865995486894,0.9238690695108496,0.9229878401852925,0.9228456913827655,0.9219395520765383,0.9212264150943397,0.9209196563921173,0.9209039548022598,0.9209474885844748,0.9154811715481171,0.9112227805695142,0.9076714188730483,0.9030199914929817
1900.0,40.0,0.8116647674298145,0.7954872779644743,0.7655430711610487,0.7379990302246646,0.7158878504672898,0.7008947592671495,0.6921555702043507,0.691411648568608,0.6972803645165884,0.7086956521739131,0.7235216819973719,0.739450770261219,0.7534864643150123,0.7653061224489796,0.7752934600335383,0.7831552482715274,0.7905358385525401,0.7954022988505747,0.8006633499170812,0.8054005400540054,0.8094634146341464,0.82276311278711,0.8352010547132498,0.8470394736842105,0.8577336641852771,0.8667390910736918,0.8742468415937804,0.8799253421816674,0.8844056706652127,0.8877176901924839,0.8904207273591633,0.8923450789793439,0.8937420178799489,0.8947778643803586,0.8955183585313174,0.896053362979433,0.8964632059326868,0.8970376761576071,0.8967343336275375,0.8970406905055487,0.8968427633635511,0.8967721316714605,0.8966079582517938,0.8965746591286997,0.8962585034013606,0.8960192175703501,0.8949854651162791,0.8946005917159763,0.8951965065502183,0.8936915887850467,0.8928856914468425,0.8917568692756037,0.8913601368691189,0.8899328859060402,0.8888888888888888,0.8881485007139457,0.8873517786561265,0.8867445403758253,0.8867542972699697,0.8859060402684564,0.8852908891328211,0.8850704225352113,0.8844367015098722,0.8835820895522388,0.8839230291744258,0.8828534031413613,0.8822141560798548,0.8839779005524862,0.8821967579653438,0.8529322394408995
27500.0,70.0,0.7948951686417502,0.8910455960446805,0.8911451398135819,0.8918099089989889,0.896700143472023,0.901432664756447,0.9035248201000122,0.9018423437028088,0.896709323583181,0.8896132116471099,0.8816793893129771,0.8741176470588236,0.8684387617765814,0.864607170099161,0.8625429553264605,0.8623013962445836,0.8629032258064516,0.8651079136690647,0.866577718478986,0.8693392724573126,0.8727272727272727,0.8814862961759289,0.8891737891737892,0.8953794139744553,0.8997276553602377,0.9025105966742746,0.9037639007698888,0.9044158747903857,0.9045884923525127,0.9045283018867925,0.905525197328476,0.9068863671692834,0.9090909090909091,0.9116555308092057,0.915129151291513,0.9189291101055806,0.9228662711090826,0.9265905383360522,0.9294954721862871,0.9329858525688757,0.935042735042735,0.9368932038834952,0.9395610336252568,0.9405569007263922,0.9432715969434011,0.944405348346235,0.9439814814814815,0.9450980392156862,0.9449991241898756,0.945631067961165,0.9463455851288551,0.9469489981785064,0.9470051762385999,0.9465891062929667,0.9467224546722455,0.9451807228915663,0.9454887218045113,0.9454604833442195,0.9437652811735942,0.9429517850570482,0.9432380952380952,0.9428097803564028,0.9419764279238441,0.9416058394160584,0.9411764705882353,0.9405555555555556,0.9319186560565871,0.9250773993808049,0.9197434292866081,0.9144467213114754
5000.0,20.0,0.8011007295533086,0.8688783570300158,0.8579358196010408,0.8534370946822308,0.8465941614195764,0.8348411934552454,0.8210622990968927,0.8095893553567332,0.8014969085584119,0.7937777777777778,0.7867435158501441,0.7780187997107737,0.7686046511627908,0.7585621885271976,0.749811320754717,0.7418458388181951,0.7357011839252959,0.7332561281605867,0.7303805633197162,0.7312166747455162,0.73406292749658,0.740766073871409,0.7543561410964726,0.7684478371501272,0.7834128878281623,0.7986254295532647,0.811965811965812,0.8234133790737564,0.8330232558139535,0.8413173652694611,0.8483134073441503,0.8543655815023582,0.8586538461538461,0.8622867972204674,0.8654353562005277,0.8678522571819426,0.870735294117647,0.8721311475409836,0.8738091519600187,0.8754302573348631,0.8768397902216207,0.8783977110157367,0.8793803024714127,0.8805055534278055,0.8816990869392616,0.8828977155793373,0.884147642415191,0.8852350474508939,0.8865671641791045,0.8894510498355679,0.8921384491548162,0.8947368421052632,0.897333741955256,0.8994178525226391,0.902127659574468,0.9037063953488372,0.9048714998082087,0.9063260340632603,0.907074089577229,0.9069664902998237,0.9073236889692586,0.9071325993298229,0.906312625250501,0.9046866771985256,0.9029017857142857,0.9000584453535944,0.8665486725663717,0.8445450097847358,0.8451940850277264,0.8420289855072464
35800.0,80.0,0.7905206711641585,0.8334376956793988,0.8526466380543634,0.8691187938653496,0.8819902190091431,0.8906844106463878,0.8966282165039929,0.899643705463183,0.9006928406466512,0.9007774538386784,0.8998440686098117,0.8985948138490512,0.8973344797936371,0.8965863453815262,0.8962482630847615,0.8965882041787887,0.8974820143884892,0.8994583615436696,0.9018264840182648,0.9047822374039283,0.9080459770114943,0.9185232336091661,0.9298393913778529,0.9395229029006608,0.9480958682546684,0.9539524174980814,0.9578610152784623,0.9598630989421282,0.9607462106490477,0.9614285714285714,0.96175799086758,0.9619823489477257,0.9630793401413983,0.9637023593466425,0.9648598516075845,0.9660451197053407,0.967286150712831,0.968645948945616,0.9689143210640272,0.9705689993459777,0.9712572738494093,0.9714937286202965,0.9723557692307693,0.9722161927501628,0.973568281938326,0.9737025831975797,0.9730206757438224,0.9737116085372202,0.9734953064605191,0.9737077980280848,0.9741214057507988,0.9744376278118609,0.974207811348563,0.9743184512050573,0.9738480697384807,0.9732547597461468,0.9737458977965308,0.9736842105263158,0.9725882973115445,0.9720826353992184,0.9723342939481268,0.9716624685138538,0.9707520891364902,0.9707207207207207,0.9700647249190939,0.9695121951219512,0.9642072213500785,0.9606565290852039,0.9574892062437728,0.9590091789261913
3000.0,90.0,0.8173575129533679,0.8011345729593444,0.7429934406678592,0.704453849254333,0.6883866710656549,0.6883525708289612,0.7,0.7189384800965019,0.740846286701209,0.7591292970143928,0.7798366834170855,0.7964954201513341,0.8018523031927858,0.8170484198318353,0.8164429530201343,0.815068493150685,0.8171768707482994,0.8111058376839108,0.8118195956454122,0.8128921848260126,0.8124215809284818,0.8192771084337349,0.821460373998219,0.8327486586875774,0.8355782628889921,0.8411734298268286,0.8397805598537066,0.84876637222053,0.8546869931884528,0.8670350543947505,0.8666908168809998,0.8447599476928825,0.8745262317973269,0.8643339472068754,0.88125,0.8934021543985637,0.8744760130414532,0.8801984877126654,0.8771072562912289,0.8985431841831426,0.8965700611539484,0.885989010989011,0.8915935465609963,0.8913170163170163,0.8963855421686747,0.8860992039191672,0.9293496203367448,0.9301694915254237,0.8878878878878879,0.9036630036630037,0.9011450381679389,0.9057824504650223,0.900126422250316,0.9193909538737125,0.9,0.9152046783625731,0.9197751660705161,0.9106292966684294,0.8889476467477525,0.8735756918068367,0.915893271461717,0.9002389486260454,0.895679012345679,0.8831003811944091,0.8731836195508587,0.8830897703549061,0.8563758389261745,0.8500311915159077,0.8553582179409994,0.8415877640203933
600.0,50.0,0.6985221674876847,0.7391155296537538,0.7285083248386001,0.7189655172413794,0.7139705882352941,0.70996640537514,0.7064107799101674,0.702540679417642,0.697585281717133,0.6923076923076923,0.6855189558732132,0.6793939393939394,0.6745257452574526,0.6686378035902851,0.6630156991602775,0.6593680709534369,0.654795376444861,0.6509103641456583,0.6473909657320872,0.6434895270999784,0.6405540960114641,0.6361153262518968,0.635036496350365,0.6394953905870936,0.6491442542787286,0.6637059724349158,0.6870018975332068,0.7090489913544669,0.729637234770705,0.7525380710659898,0.7761596548004315,0.7916499397832196,0.8042155584528465,0.8225581395348838,0.816196319018405,0.8248529787778062,0.8367567567567568,0.8179818531756943,0.8429423459244533,0.838851450336947,0.8198924731182796,0.8433066008636644,0.8381937911571026,0.8298688839142948,0.8313802083333334,0.8300761841669427,0.8301314459049545,0.8278576317590691,0.8308336239972096,0.8359575247162212,0.835960960960961,0.8275193798449613,0.8209728867623605,0.8224489795918367,0.8210300429184549,0.8172786177105832,0.8291814946619217,0.818348623853211,0.8049463369108726,0.8359864930053064,0.8350465002447381,0.8088459583121504,0.8116474291710388,0.8159041394335512,0.8136752136752137,0.8037825059101655,0.7860576923076923,0.7706915811922412,0.7608254801383753,0.7072741001761893
8000.0,10.0,0.850324101355333,0.8229329173166927,0.7842551071250623,0.7620320855614974,0.7469097651421508,0.7388817124930799,0.7382262996941896,0.7470504955167532,0.7636489288182446,0.7845857418111754,0.8041129767018091,0.8187521193624958,0.8271840542832909,0.8285043069694596,0.8263340700978844,0.8202123764188942,0.8146424037240796,0.8097323600973236,0.8046917621385706,0.8027127003699137,0.8020689655172414,0.8031551270815075,0.8112205377890893,0.821007943029307,0.8303333333333334,0.8377893056664006,0.8429502093997208,0.8473938742611499,0.8517495395948435,0.8558155540261528,0.8615032430370088,0.8669509594882729,0.8736007462686567,0.8811681772406847,0.8870339454646633,0.8941736028537456,0.8994845360824743,0.9031358885017422,0.9094827586206896,0.9104938271604939,0.9106844741235393,0.9125964010282777,0.9126126126126126,0.9099236641221374,0.9082259663032706,0.9061498708010336,0.903406038465671,0.9000223413762288,0.8967391304347826,0.8879516555457636,0.8805451630144308,0.8712440121933517,0.8625429553264605,0.8560855263157895,0.8470821325648416,0.8428199404761905,0.8386100386100386,0.8326064382139149,0.829123654733143,0.8274414494034468,0.8253533971728226,0.8207594936708861,0.8191008246874169,0.8177229388670779,0.8159638554216867,0.8137730358874878,0.7919647771051184,0.786092715231788,0.799868262158305,0.8595787362086259
22500.0,20.0,0.8626046605467568,0.8702049395691014,0.8832781456953642,0.8961905857981356,0.9045957834066434,0.909804672539257,0.9133506004238285,0.9163584637268848,0.9191850594227504,0.9214428857715431,0.9236176194939082,0.9245794899620184,0.925280199252802,0.9235127478753541,0.9230769230769231,0.9206492335437331,0.9180990899898888,0.9155726573110005,0.9130489811416277,0.910699122558732,0.9083570750237417,0.9039915966386555,0.9008958566629339,0.8997756170531039,0.8987531172069826,0.8999337309476475,0.9011373578302713,0.9027634445591102,0.9049537451507013,0.9076537497590129,0.9100346020761245,0.9122089364380114,0.9140811455847255,0.9150849150849151,0.9158878504672897,0.9158301158301159,0.9159047619047619,0.9151020408163265,0.9143587558585429,0.9136777072249871,0.9130971993410214,0.9122549019607843,0.9118242266551027,0.9108409321175278,0.9101167315175097,0.9093736117281208,0.9086345381526104,0.9076664801343033,0.9072356215213359,0.9063643013899049,0.906276150627615,0.9083022388059702,0.9094162151109294,0.9101756711965528,0.9106007067137809,0.9103974006498375,0.9103457341921914,0.9102935097147582,0.9098916967509025,0.9097347799879445,0.9098309329993738,0.9101786316144254,0.9103373624391123,0.9108170310701956,0.9109672197490895,0.910964725881853,0.9107347876004592,0.9107534747622531,0.911006018916595,0.9124665050401939
10000.0,80.0,0.8750270738574832,0.8707155742633794,0.8542738589211618,0.85431654676259,0.8581016299137104,0.8620689655172413,0.8656976744186047,0.8676657353314706,0.8695931821836308,0.8709932726553226,0.8723505596570612,0.8734533183352081,0.8742632612966601,0.8753765060240963,0.8763948497854077,0.8775510204081632,0.8785557986870897,0.8796807857581338,0.8811813186813187,0.8825786646201075,0.884318766066838,0.8901160824974642,0.8960059171597633,0.9021886500096843,0.9080141129032258,0.913142485361093,0.916597510373444,0.91901776384535,0.9199739752765127,0.92,0.9193391642371235,0.9185610499179752,0.9173068864366531,0.9156586578293289,0.9143915756630265,0.9134396355353075,0.9127676447264076,0.9123821113477335,0.9115479115479116,0.9119746233148295,0.9121076233183857,0.9117498739283914,0.9120940649496081,0.9118198874296435,0.9128378378378378,0.9127864005912787,0.9111654441727791,0.910761154855643,0.9095825426944971,0.906828265339249,0.9035502241609111,0.899543991416309,0.8948775055679288,0.8904421326397919,0.8868517548454689,0.8823079862437906,0.8793554884189325,0.8764855687606112,0.8729433272394881,0.8703658832081415,0.8680625630676084,0.8639004149377594,0.8601398601398601,0.8573770491803279,0.855434400281393,0.8542921686746988,0.8656998738965952,0.8782805429864253,0.8857109906585169,0.8974358974358975
1100.0,80.0,0.7851914893617021,0.764946764946765,0.7539795114263199,0.7456487341772152,0.7403786145204909,0.7367596364775932,0.7348794906775807,0.7340561224489796,0.7339688041594454,0.7337981483598125,0.734377286696912,0.7357286157213204,0.736783651710351,0.7387173396674585,0.7408894379246448,0.7430604982206406,0.7458518818292189,0.7481684981684982,0.7517911975435005,0.7547062179121506,0.7577679137603044,0.76824,0.7805940594059406,0.794026653974298,0.8082019807504534,0.8211719623183777,0.832410219760586,0.841796875,0.8491514770584538,0.8543560186211483,0.8576421248835042,0.859313725490196,0.8606412522090381,0.8611979166666667,0.8613041154462854,0.8612322791712105,0.8604320636725412,0.8603256212510711,0.8595258999122037,0.8586010207145002,0.8583612549497411,0.8576356224521794,0.8572337042925279,0.8566806858621805,0.8562972706346597,0.8562834224598931,0.8556876061120543,0.8556665518429211,0.8554893019992985,0.8551470588235294,0.8554216867469879,0.8555900621118012,0.8556043079377742,0.8560358890701468,0.8566523605150215,0.856834842604571,0.8574600355239786,0.8576007326007326,0.8580074487895717,0.8583815028901735,0.8587487781036168,0.8593194514982224,0.8603674540682414,0.8612779901693064,0.8618119266055045,0.8632019115890084,0.8717948717948718,0.877246524245507,0.8742482230727173,0.8369924812030075
1100.0,90.0,0.7855008787346222,0.7650042265426881,0.7546047269763652,0.7461401830851209,0.7407647440051847,0.7371167645140247,0.7352941176470589,0.7346666666666667,0.7347549909255898,0.7347794822627037,0.7359447004608295,0.7374569130601302,0.7389783065080476,0.7416851441241685,0.7436811406351264,0.7465472191116088,0.7490462060194998,0.7516778523489933,0.7554842161583735,0.7586412395709178,0.7612433862433863,0.772069825436409,0.7842574561853028,0.7980356046654389,0.8118456905205794,0.8242801047120419,0.8350986121256392,0.8440549691296555,0.8509277031349968,0.855565570076611,0.8587650816181689,0.8602337726933599,0.8612391193036354,0.8618959598626882,0.861863488624052,0.8616022099447513,0.8605990783410138,0.8605324074074074,0.8594722798695523,0.8588807785888077,0.8583770441221845,0.8576874205844981,0.8573268921095009,0.8567682726974762,0.8564290473017988,0.8561272850372377,0.8558651530787754,0.8554973821989529,0.855366027007818,0.8554396423248882,0.855072463768116,0.8552321007081038,0.855640921957137,0.8557255064076065,0.8564593301435407,0.8566433566433567,0.8568856885688569,0.8574744661095636,0.8579518640868334,0.8583984375,0.8587710604558969,0.8594232749742533,0.8600319318786589,0.8610188261351052,0.8616279069767442,0.8619854721549637,0.870995670995671,0.876188294582522,0.8731301939058171,0.8360755636806825
10000.0,90.0,0.8748898678414097,0.8701775872627067,0.854001015056674,0.8541284403669724,0.8576320939334638,0.8619698058950396,0.8648862512363996,0.8676356086166623,0.8695152013147083,0.8709807886754297,0.8722005842259006,0.8732758620689656,0.8744979919678715,0.8753366679492113,0.8763157894736842,0.8773584905660378,0.878703186137507,0.8795483061480552,0.8814035087719299,0.8831372549019608,0.8844133099824869,0.889963167587477,0.89607250755287,0.9023136246786633,0.9079218106995884,0.9130434782608695,0.9166314007617435,0.9190197123068726,0.919761273209549,0.9208809135399674,0.9194059405940594,0.9187156839341132,0.9174964438122333,0.9158232118758435,0.9146486701071854,0.9135573580533024,0.9128798063995698,0.912465202598206,0.9115233678201926,0.9121676067687349,0.9121129326047359,0.9123975409836066,0.9124502558271745,0.9118020304568528,0.9129540781357094,0.9130434782608695,0.9115702479338843,0.9112688553682342,0.9097115384615385,0.9072266695909639,0.904013747391678,0.900027166530834,0.8955044354232446,0.891046741277156,0.8873961463673326,0.8827852998065764,0.8799184505606524,0.8771213748657357,0.8734674994216979,0.8709835663478047,0.8687436159346271,0.8647437692523102,0.86088027085257,0.8582337317397079,0.8561253561253561,0.8547464735036218,0.8663682864450127,0.8785123966942149,0.8861426730701651,0.8974797095258437
1200.0,10.0,0.7817375886524822,0.6916150815981992,0.7443286327406499,0.7838899803536346,0.7954956766539313,0.7857615894039736,0.7677083333333333,0.7519185591229444,0.7438368444643657,0.7440585009140768,0.7553942722636328,0.7720729366602687,0.7856139364990166,0.8068109484404837,0.8177995795374913,0.8275340393343419,0.8378269617706238,0.8413646055437101,0.8477970627503337,0.8533519553072626,0.8565872630043753,0.8663883089770354,0.8671831765356945,0.8722415795586528,0.8701923076923077,0.8690254500310366,0.8621346886912326,0.8625407166123779,0.8613138686131386,0.8649015614392397,0.8606896551724138,0.8423611111111111,0.8568360773085183,0.8472622478386167,0.8546125461254612,0.859504132231405,0.8450381679389313,0.8463302752293578,0.8425135764158262,0.8532477947072975,0.8497576736672051,0.8418032786885246,0.8431535269709544,0.8420168067226891,0.8432225063938619,0.8359589041095891,0.8613941018766756,0.8616636528028933,0.8348444444444444,0.8430438842203548,0.8412713472485769,0.8438048780487805,0.8390485629335976,0.8533784476571311,0.8404681568958245,0.8532975871313673,0.8575372722252899,0.854641969731195,0.8365449249383823,0.8258887876025525,0.8638118214716526,0.8553086419753086,0.8557814485387548,0.8488250652741515,0.8445771684539161,0.860111795900817,0.8731075697211156,0.882871210158072,0.8825179183546276,0.8477829252150894
1900.0,0.0,0.8436116544836817,0.7893203883495146,0.7989723827874117,0.7900212551739568,0.762130609266691,0.727712902307035,0.6976744186046512,0.6790903348073278,0.6754260089686098,0.6855245357274627,0.7049498544160466,0.7285510495210923,0.752157829839704,0.7726485862665897,0.7898527004909983,0.8036297640653357,0.8157686212361331,0.825,0.8335632183908046,0.8413011335633317,0.8484688489968321,0.864719904648391,0.8779840848806366,0.8888888888888888,0.8958818958818959,0.901571546732837,0.9054640069384216,0.9082652134423251,0.9110169491525424,0.9129158512720157,0.9139839034205232,0.9150480474340625,0.9160166684474838,0.9167027729636048,0.917152466367713,0.9174818736333294,0.9174225468253033,0.9178130929791272,0.9176655769463615,0.9170565178910103,0.916794674859191,0.9163835902795924,0.9159015302727878,0.9152221018418202,0.9144318495991153,0.91403093214435,0.9121621621621622,0.9113432835820896,0.9114407401967983,0.9087214754610816,0.9069246761554454,0.904777704047777,0.9030395652912209,0.9009550760523524,0.8989381179055291,0.8979057591623036,0.8965383871591568,0.8956970057505453,0.8948925261289686,0.8943138436809323,0.8938523718357796,0.8937282229965157,0.8936884512085944,0.8939393939393939,0.8945990958838924,0.8954738684671167,0.9019541778975741,0.9091688089117395,0.9083585095669687,0.8791876046901173
22500.0,30.0,0.8376023514591644,0.8704530950861519,0.8831303985846602,0.8943797020209471,0.9025691699604743,0.9078515526382227,0.911396368190357,0.9139703083365055,0.916058394160584,0.9173419773095624,0.9183544303797468,0.9185022026431718,0.918212478920742,0.9166026871401152,0.9151107251411202,0.9131337813072694,0.9109467050280861,0.908784301701671,0.9067694944301629,0.9049808429118774,0.9034054401370744,0.9003407155025553,0.8986767485822307,0.8975782038345106,0.8977807666442502,0.8973214285714286,0.8986088186748409,0.8998299582624826,0.9015502315280853,0.9036709190315022,0.9057801536919479,0.9080068143100511,0.9095315024232633,0.9113667117726658,0.9130801687763713,0.9139245795466416,0.9144728393476307,0.9147602632403635,0.9144486692015209,0.9144616788321168,0.9143789073117695,0.9142581888246628,0.913728432108027,0.9130056546324489,0.9133663366336634,0.9132138857782754,0.9119496855345912,0.9118055555555555,0.9115179252479023,0.9118432769367765,0.9130697862041146,0.9145470771976796,0.9155290102389079,0.9161298803733403,0.9165501817165222,0.9159351287010862,0.9160162347798938,0.9160130718954248,0.9152484098332474,0.9149892163910855,0.915127774668905,0.9153087909877289,0.9152249134948097,0.9152464302164901,0.9154483430799221,0.9152977412731006,0.9124374553252323,0.9115331171838814,0.9106945975744212,0.9109075770191507
1800.0,0.0,0.8369768894440974,0.7789925810230379,0.7995301487862176,0.798901098901099,0.774403958614485,0.740049313138429,0.708110992529349,0.6868338557993731,0.6810287241148965,0.6890346194906207,0.7067895053074305,0.7295391589020398,0.7524330900243309,0.7727272727272727,0.7897064736630478,0.8036509349955476,0.8156234837457544,0.8250790305584826,0.8343627175743964,0.842042042042042,0.8497109826589595,0.8663294797687862,0.8791032826261009,0.8891797556719022,0.8961824953445066,0.9015810276679842,0.9049292135992559,0.9071374581578663,0.9089385474860335,0.9101019462465245,0.9108863771564545,0.9114841202753291,0.9118165784832452,0.9122225057412605,0.9120632827949902,0.9118799837815921,0.9117037446455714,0.9117197275128597,0.9112560249503827,0.9104477611940298,0.909865470852018,0.9093264248704663,0.9085271317829458,0.907930001576541,0.9070888924610191,0.906588959041606,0.9047700170357751,0.9038561300363134,0.9040326697294538,0.9015534682080925,0.8997970105185459,0.8981269113149847,0.8964641531549131,0.8947368421052632,0.8932773109243698,0.892390139335477,0.8914488258750554,0.890805902383655,0.8905191873589164,0.8901149425287357,0.8902409345339498,0.8903836571998007,0.8906530089628681,0.8914871255911718,0.8921274856987197,0.8931538241191636,0.9000774593338497,0.9076999012833169,0.9075581395348837,0.8807882964575021
600.0,40.0,0.8154158215010142,0.8350349274583557,0.8264705882352941,0.8112166041068669,0.7901987797677622,0.7667342799188641,0.746629213483146,0.7351668169522092,0.7348895373072113,0.7448332310210763,0.7626636311895276,0.7826736370425691,0.8002799813345777,0.8153676064123825,0.8251748251748252,0.8314366998577525,0.8360528360528361,0.8379661016949153,0.840379403794038,0.8417148362235067,0.8428395568321707,0.846294811590883,0.8488181013778283,0.8511596180081855,0.8527616279069767,0.8539843390142792,0.8543611200514967,0.8545667056269828,0.8543422184006879,0.8539167254763586,0.8532342815727487,0.851921274601687,0.8509908536585366,0.8500778816199377,0.8490678302261008,0.8482286634460547,0.8462986198243413,0.8458638743455498,0.8446872322193659,0.8435030728709394,0.842714126807564,0.8413461538461539,0.8406032482598608,0.8396694214876033,0.8389342294767163,0.8382137628111274,0.8375093029025056,0.8368169226894989,0.8358553475250065,0.8341410877759827,0.833287330941209,0.8323831242873432,0.8310850439882698,0.8303812668868208,0.8290139064475348,0.8286168521462639,0.8277104487389453,0.8266306184521798,0.8257731958762886,0.8244491826581379,0.8240173097728092,0.822163983526769,0.8207109737248841,0.8186923385479342,0.8158557046979866,0.8137510879025239,0.7869718309859155,0.7702001482579689,0.7585726718885988,0.7245817245817247
3000.0,80.0,0.817546090273363,0.8012383900928792,0.7429742388758782,0.7044510385756677,0.688582995951417,0.688465499485067,0.7000397298371077,0.7195266272189349,0.7416101694915255,0.7595054816888267,0.7801724137931034,0.796798750731993,0.8021505376344086,0.8172256964184196,0.8167160250082264,0.8156028368794326,0.817347789824854,0.8114525139664804,0.8123092573753815,0.8130945719082261,0.812807881773399,0.819660014781966,0.8211538461538461,0.8328603284005676,0.8355773619351894,0.8411025022227867,0.8396017699115044,0.8487571129080563,0.8547281135385106,0.8671875,0.8669160876536611,0.8447547308469594,0.874607535321821,0.864157778224995,0.8812804748781005,0.8933774834437086,0.8742556115437471,0.8802882380288238,0.8771929824561403,0.8984135107471852,0.8966780015694481,0.8862162162162163,0.8916736285157337,0.8916284403669725,0.8962962962962963,0.886144578313253,0.9291977914907438,0.9302868579052702,0.8880499015101773,0.9034234234234234,0.9012392039053699,0.9060883406287306,0.9000829187396352,0.918942731277533,0.8997679814385151,0.9155875299760192,0.9195575666163901,0.9105098855359001,0.8891779396462018,0.8734650293646556,0.916095890410959,0.9000587889476779,0.8949605343047966,0.883125,0.8732943469785575,0.8829568788501027,0.8563207547169811,0.8499693063228975,0.8553021327014217,0.8412755284844142
35800.0,90.0,0.7904128761371588,0.8336495888678052,0.8534296028880867,0.8693144579892516,0.8821260180025718,0.8911238825031929,0.8967828418230563,0.9001196172248804,0.9015503875968992,0.9004887585532747,0.8997466521896489,0.8984705025491624,0.897458066747363,0.896447315300767,0.8961824953445066,0.8965975544922913,0.8975903614457831,0.8993197278911564,0.9017584097859327,0.9043739279588336,0.9081289081289081,0.9182108626198083,0.9295415959252971,0.9396154278646126,0.948051948051948,0.9541690737531292,0.9579624134520277,0.9600374648766781,0.9606237816764133,0.9613180515759312,0.9616485403548941,0.9618788291354663,0.9629629629629629,0.9636032757051866,0.9649757206322968,0.9661936079381562,0.9674620390455532,0.968849951328049,0.9691520694465974,0.970670162215304,0.9713730341049656,0.9718148924014474,0.9725010036130068,0.9723792953458025,0.9739571838446259,0.9738866868733971,0.9734714502273876,0.9736704900938478,0.9737206085753803,0.97395989224783,0.9744,0.9747354045749402,0.974169741697417,0.9742777997625643,0.9742203742203742,0.9736603088101726,0.9737089201877934,0.9736456808199122,0.9730728616684267,0.9725950782997763,0.9728637413394919,0.9722397476340694,0.9707112970711297,0.9706766917293234,0.9700162074554295,0.9694589877835951,0.9644430459408433,0.9608032905879507,0.9577089577089577,0.9591579478129334
5000.0,30.0,0.8036670452701606,0.8518678938819708,0.8425253991291727,0.8403819918144612,0.8349436392914654,0.8231384782313848,0.8093797276853253,0.7981829980532122,0.7915129151291513,0.7854889589905363,0.7814602132895816,0.7753481175863848,0.7682381499936118,0.7600910470409712,0.7531064289573204,0.7463343108504399,0.7409796893667862,0.7392265193370166,0.7361453201970444,0.7368238557558946,0.7392494136043785,0.744982868330886,0.7568555758683729,0.7690615835777126,0.7832324978392394,0.7973758012820513,0.8105491000227842,0.8217721518987342,0.831353591160221,0.8398629524802622,0.8471266207779734,0.8536796536796537,0.857998910477574,0.8621217924166986,0.8654501704431522,0.8680700291788245,0.8709605026929982,0.8726071103008204,0.8742228598756576,0.8761306532663317,0.877466251298027,0.8789126853377265,0.8801020408163265,0.8812960235640648,0.8824068417837507,0.8837135614702155,0.8846533026618468,0.8857531451887113,0.886765746638358,0.8896255850234009,0.8923841059602649,0.8948069241011984,0.8968779564806055,0.8991008991008991,0.9014238773274917,0.9028635597978664,0.9045077105575327,0.9053291536050156,0.9061488673139159,0.9058663028649386,0.9062281315605318,0.9059259259259259,0.9053529868114818,0.9029363784665579,0.9006050129645635,0.8980072463768116,0.8662806727322856,0.8446397859736289,0.8436521320163816,0.8394495412844036
27500.0,60.0,0.7944845699277742,0.8907185628742516,0.8909090909090909,0.8917050691244239,0.8965968586387435,0.9013961605584643,0.9034882425052937,0.9017117614577581,0.8965401972254722,0.889308426073132,0.8815176908752328,0.8740581270182992,0.8682266009852216,0.8648743016759777,0.8627605190719623,0.8620537681798149,0.8631216149679961,0.8644346871569704,0.8668295662797801,0.8694765465669613,0.8728236184708554,0.88125,0.8889323936309058,0.8950086058519794,0.8996594778660613,0.9022129186602871,0.9034157832744405,0.903954802259887,0.9036144578313253,0.9036458333333334,0.9046659953004363,0.9059093516924842,0.9081484176064023,0.9106529209621993,0.9141226818830243,0.9176305643182615,0.9213100808166738,0.9253048780487805,0.927360774818402,0.9308176100628931,0.9332260659694288,0.934981684981685,0.9373530914665305,0.9383522401741721,0.9409884435701992,0.9419397993311037,0.9415994130594277,0.9427415590477672,0.9425901201602136,0.9431270841052242,0.9439063761097659,0.9442872687704026,0.9441564561734213,0.9438827098078868,0.9439850626833822,0.9424460431654677,0.9427972446840371,0.9425359150530919,0.9412550066755674,0.9405766526019691,0.9406625409537678,0.9398258115597783,0.9394201644309823,0.9391546679052485,0.9384309831181727,0.9380296610169492,0.9289297658862876,0.9228258335276289,0.9175590435675517,0.9120038259206121
1900.0,50.0,0.8010699178900224,0.7884278199883109,0.7614782904432604,0.7366886902448504,0.7169691181152499,0.7032193158953722,0.6957724827056111,0.6954942685279764,0.701468452477005,0.7120777213512917,0.7254788160185722,0.7390029325513197,0.7512282268870031,0.7612255678816693,0.7696048632218845,0.776559287183002,0.7817490494296578,0.7861344537815126,0.7906849315068493,0.7941351888667992,0.797471090457149,0.8085732565579015,0.8200149365197908,0.8319327731092437,0.8440384615384615,0.8548902620924782,0.8644459865833911,0.872446437468859,0.8787958806443095,0.8833705357142857,0.887434554973822,0.8901492537313432,0.8918238993710692,0.8938422065426556,0.8945612278945613,0.8954607977991746,0.896113074204947,0.8966131907308378,0.8967153284671533,0.8967495219885278,0.8968192397207138,0.8964696548988497,0.8963562753036437,0.8963666391412056,0.8961148648648649,0.8959931798806479,0.8953068592057761,0.8948093706936151,0.8951649344780841,0.8936170212765957,0.892803970223325,0.8924508790072389,0.8911889596602972,0.8900610771793448,0.889273356401384,0.8889545186060248,0.8872549019607843,0.8866498740554156,0.8865203761755486,0.8860435339308579,0.8857142857142857,0.8854748603351955,0.8841726618705036,0.8838757396449705,0.8831667947732513,0.8833063209076175,0.8825969948418928,0.8850674793208533,0.8831437435367114,0.8543145311916325
5000.0,0.0,0.8033862433862434,0.896774193548387,0.8769230769230769,0.8636363636363636,0.8551420568227291,0.8462566844919787,0.8373863396066822,0.8285849205099953,0.8199734278122232,0.8098380323935213,0.7985362095531587,0.7849616858237548,0.7705882352941177,0.756401384083045,0.7444081632653061,0.7342155009451796,0.7268627872020614,0.7233461586198336,0.7201543975737524,0.721204594846321,0.7244218640504555,0.7331736005227619,0.7491242252762059,0.7653093940365502,0.7817164179104478,0.7973549488054608,0.8109143130684539,0.8220472440944881,0.8308823529411765,0.8377563329312424,0.8439306358381503,0.849551414768806,0.8527298850574713,0.8560663149962321,0.8579277864992151,0.8602761982128351,0.862478184991274,0.863018534863195,0.8653098982423681,0.8663433559650825,0.8674337168584292,0.8691055191372383,0.8701624332279516,0.8715482118605704,0.8728594886230354,0.8742857142857143,0.8756143667296786,0.877069482466432,0.8790016277807922,0.883126587953968,0.8865113330163259,0.890248046211349,0.8939174511223751,0.8973819988534302,0.9013199245757385,0.9040154605969508,0.9061437315801406,0.9086768935762224,0.909967845659164,0.911128485796195,0.911811865312667,0.9125884016973126,0.9123741859088218,0.911353032659409,0.9094202898550725,0.906896551724138,0.8738366080661841,0.8478414720452937,0.8493783303730018,0.8654684095860566
1400.0,60.0,0.7910696434521826,0.7667680486633585,0.7515394088669951,0.7383419689119171,0.72766308835673,0.7190685966016362,0.7133628645256552,0.7102998696219035,0.7099182367579097,0.7110694183864915,0.7139437462597247,0.717123795404003,0.7203587443946189,0.7243311832505023,0.7274066797642437,0.7306179775280899,0.7340307497226185,0.7366262482168331,0.7404988123515439,0.7440737489025461,0.7474502185526954,0.7604608853850818,0.7745061498322773,0.7913315460232351,0.8088004190675746,0.8251201923076923,0.839514497639919,0.8520710059171598,0.8615751789976134,0.8683544303797468,0.8738666666666667,0.8771321462043111,0.8791304347826087,0.8805389221556886,0.8815627563576702,0.8819895287958115,0.881491199300317,0.8815384615384615,0.8809738503155996,0.8803240740740741,0.8796992481203008,0.8788135593220339,0.8782854335544092,0.8776735459662289,0.8769876606029767,0.8762126503686457,0.8757069577798238,0.8750333778371161,0.8743370053039575,0.8730906495360456,0.8722750548646672,0.8713379643612201,0.8706320857275974,0.8701732083267122,0.8695870255810065,0.8692217179357875,0.8688127379716165,0.8686417990362306,0.8688316400580551,0.8688801350590883,0.8689117199391172,0.869299111549852,0.8698309227948666,0.8705309921726253,0.8714539007092199,0.8726099976963834,0.8821243523316062,0.8879492600422833,0.884732052578362,0.8514441416893733
25000.0,0.0,0.8860502838605029,0.8610842207163601,0.8617824773413897,0.8689727463312369,0.8765432098765432,0.8826638477801269,0.8876306620209059,0.8912067599683127,0.8939728621016093,0.8960893854748604,0.8974358974358975,0.8976417461113899,0.8978185993111366,0.896484375,0.895741556534508,0.8945634266886326,0.8929953917050691,0.8917361325511989,0.8905729704902974,0.8894581785577046,0.8884917798427449,0.8873372334402717,0.8874437218609305,0.8884091663899036,0.8903083700440528,0.8928987194412107,0.8944954128440367,0.8960079840319362,0.8972531743975123,0.8979250334672021,0.8982795698924732,0.8987341772151899,0.8990536277602523,0.8995108937305469,0.9000561482313307,0.9018361581920904,0.9028268551236749,0.9037996925104327,0.9048135593220339,0.9053627760252366,0.9057401812688822,0.905683192261185,0.9057471264367816,0.9052915402763735,0.9044461778471139,0.9033837934105076,0.9016557952834923,0.9000558347292016,0.8986486486486487,0.8948126801152738,0.892886345053148,0.8920289855072464,0.8921936758893281,0.8916906053835515,0.8914693553868812,0.8908589912543429,0.8900794151014748,0.8895202854499802,0.8889349357646084,0.8884089272858171,0.8882071236156839,0.8878158699501046,0.8876848985208118,0.8874269005847953,0.8874975919861299,0.8870707070707071,0.8877852348993288,0.8887381275440976,0.8896797153024911,0.894112224910704
2000.0,30.0,0.8348765432098766,0.8045112781954887,0.7656348704990524,0.731537793223284,0.7071645524388065,0.6924388857305287,0.6863176418829741,0.6887417218543046,0.6996138996138996,0.7164381702185422,0.7367843424181453,0.7575971731448763,0.7761627906976745,0.7914216534071256,0.8032656312226205,0.8128916741271263,0.8204747774480712,0.8263473053892215,0.8320610687022901,0.8371501272264631,0.8415977961432507,0.8531524341580208,0.8636032757051866,0.871466341264999,0.8775465013286093,0.8818822405350532,0.8850923816755252,0.8874482021120171,0.8892762515688188,0.8907501820830298,0.8919813449676546,0.8928571428571429,0.8938053097345132,0.8944271939859454,0.8949601221788562,0.8955458515283843,0.8958408031552528,0.8962775569208529,0.8966154984279637,0.8968192397207138,0.8969112728703521,0.8969404186795491,0.8970406905055487,0.8970434053260642,0.8967811158798283,0.8968580715059589,0.8961635653572249,0.8961160505381376,0.8962025316455696,0.8951135241855873,0.8947501902104996,0.8936789209203915,0.8933913516453631,0.8920535459982911,0.8912592592592593,0.8904068002428658,0.889344262295082,0.8887808041504539,0.8886018727801098,0.8878627968337731,0.8867461430575035,0.8858891288696904,0.8850148367952523,0.8840579710144928,0.8834720570749108,0.8825741746761387,0.8797687861271676,0.881077038145101,0.8792184724689165,0.8493415956622773
1300.0,50.0,0.8038446449588074,0.771210676835081,0.7545623836126629,0.7405991077119184,0.7291903629407507,0.7200514552178807,0.7135980746089049,0.710617626648161,0.7103614457831325,0.712532299741602,0.7164440734557596,0.7216193656093489,0.7264186873175067,0.7320437846753636,0.7367229670903709,0.7414032995428345,0.746145251396648,0.750250501002004,0.7553220901299419,0.760060975609756,0.7645085541764508,0.7796958487464036,0.7954432887568103,0.811955890887986,0.8277925531914894,0.8411633109619687,0.85233798195242,0.8616268788682582,0.8681349578256795,0.8726915520628684,0.8757560225525372,0.8770781937144696,0.8783278327832783,0.8786473648495815,0.8785879629629629,0.8784914555097231,0.8774233128834356,0.8772469835016006,0.8764653977057859,0.8755492375290773,0.875,0.8739212513484358,0.8733260453675867,0.8727753058954394,0.8719977394744278,0.8715003589375449,0.8707701283547258,0.8703758508434448,0.8698403133473938,0.868761844598863,0.8682082794307892,0.8677231025854879,0.8673294480630785,0.8669821240799159,0.8667281105990784,0.8666172656539459,0.8668701125309937,0.8668633235004917,0.8670797521487108,0.8673005374121537,0.8675052410901467,0.8683064867218111,0.8690181981577174,0.8699509689469997,0.8711731569924075,0.8721344880285278,0.8819920606279321,0.8872572240644244,0.8845935190449119,0.8502218934911243
400.0,80.0,0.6939481268011527,0.7036911615306468,0.7038864898210981,0.70626204238921,0.7087639813110577,0.7110802223987291,0.7119054017737168,0.7103496997527375,0.7069746376811594,0.7020431328036323,0.696231681786462,0.6897219882055602,0.6846955128205128,0.6800187947844473,0.6756277292576419,0.6726787954830615,0.6704830053667263,0.6685621445978879,0.6675068744271311,0.6664945792462571,0.6659901420701653,0.6671790930053805,0.6724050632911392,0.6821808510638298,0.6952797202797203,0.7142370958593307,0.7375762859633828,0.7621591746499632,0.7888127853881278,0.8154696132596685,0.840612777053455,0.8610582413399315,0.8802575107296138,0.8939247830279653,0.9053981827899519,0.9148446490218642,0.9195693476884104,0.9259506337558372,0.9290681502086231,0.9296407185628742,0.9298245614035088,0.932258064516129,0.9316455696202531,0.9297929792979298,0.9296296296296296,0.9290786948176584,0.9277227722772278,0.9269490484960099,0.9261709724847721,0.9229112345539054,0.9208804283164783,0.9197615203080363,0.915820416889364,0.9144318495991153,0.9118599175985874,0.9083745364647712,0.9086088583905177,0.9059446928299388,0.9022715266772319,0.9014559659090908,0.8996153141601027,0.8956121017832097,0.8926004228329809,0.8896089385474861,0.8864774624373956,0.8836854161364215,0.8613428684942392,0.846496106785317,0.8359046283309959,0.813228109733183
35800.0,0.0,0.7960396039603961,0.8493788819875776,0.8708927978758713,0.884450784593438,0.893351182507809,0.8987179487179487,0.9015679442508711,0.9009326660600546,0.8993501805054152,0.8964714311302168,0.893074912891986,0.889755590223609,0.8872249388753056,0.8852691218130312,0.8843344155844156,0.8841716658975542,0.8852971845672576,0.8867370892018779,0.8893280632411067,0.8921713441654358,0.8956953642384106,0.9067637647578065,0.9186355581807443,0.9294070989490383,0.9379494007989347,0.9439285714285715,0.9471428571428572,0.9477329974811083,0.9470636889991728,0.9451186768338524,0.9429830601845476,0.9407756813417191,0.9389845282196557,0.9370967741935484,0.935399673735726,0.9345284489477786,0.9334862385321101,0.9330855018587361,0.9318600368324125,0.9325533379215416,0.9322033898305084,0.9323630136986302,0.9316822429906542,0.9314420803782506,0.9328471919895516,0.9328733481464156,0.9319477886199468,0.9325767690253671,0.9323190672543722,0.9330511132016306,0.934060316919407,0.9353060099246462,0.9357725193875522,0.936179295624333,0.9369776372261125,0.9359785783836416,0.9364191251271617,0.9364192604416068,0.9349801249290176,0.933871932974267,0.9338509316770186,0.9326337169939065,0.9311621021465581,0.9303343949044586,0.929637526652452,0.9294171220400729,0.9239130434782609,0.9209045328967564,0.9187108559498957,0.92161304938831
17500.0,60.0,0.8320524835988754,0.9243027888446215,0.9319098856758574,0.9341890315052509,0.9365225390984361,0.938996138996139,0.9408424041646948,0.9424501424501425,0.9437669376693767,0.9442231075697212,0.9442896935933147,0.9439733819899109,0.9437330706722482,0.9434703324449432,0.9430661577608143,0.9428674092705713,0.9424984814739826,0.9423558897243107,0.9420809841107125,0.9420582300374748,0.9419208306294614,0.9422572178477691,0.9431616341030196,0.9439102564102564,0.9445104177912124,0.9451421971993648,0.9457497612225406,0.9458177278401998,0.945501451144792,0.9448559670781893,0.9434353918007266,0.9429682436811406,0.9415532425940752,0.9401373895976447,0.9382230172927848,0.9362589928057554,0.9339427388754743,0.9316081330868762,0.9287978541819069,0.9260956745918075,0.9235412474849095,0.9211245607184694,0.9193330328977016,0.9175311203319502,0.9172535211267606,0.9171087533156499,0.9170403587443946,0.9187396351575456,0.9201834862385321,0.9250409165302782,0.9303964757709251,0.9349950431950149,0.9382463859208046,0.9406212459241462,0.9425096738529575,0.9432652251537393,0.9445026178010472,0.9455467372134039,0.9457436856875585,0.9463846532218396,0.9469910371318822,0.9476760367381019,0.9484318455971049,0.9489993544222078,0.9495884773662552,0.9499455930359086,0.9478305785123967,0.9466216216216217,0.9457928802588996,0.9447459299457327
1500.0,20.0,0.8383886255924171,0.7751065643648763,0.7687998641996265,0.7568697729988052,0.7375992063492064,0.7177215189873418,0.702054794520548,0.6937316715542522,0.6957791345898593,0.7063609467455622,0.7241379310344828,0.7448405253283302,0.7657794676806083,0.7834372217275156,0.7985662358642972,0.8111856823266219,0.8216374269005848,0.8300739957716702,0.8381421534130894,0.8448586891160553,0.8508180943214629,0.8643243243243244,0.8741035856573706,0.8810658578856152,0.8856088560885609,0.8880487804878049,0.8895955227677436,0.8902729923138086,0.8903472791905934,0.8902714932126696,0.88988698927847,0.8896065766294774,0.888854961832061,0.8882371102192035,0.887332908975175,0.8866449511400651,0.8856382978723404,0.8853992649515536,0.8843537414965986,0.8832271762208068,0.882689556509299,0.8820101966496723,0.88119911176906,0.880827067669173,0.8797856049004594,0.879383429672447,0.8781376518218623,0.8776180698151951,0.877221324717286,0.8758561643835616,0.8750546089995631,0.8734749209218255,0.8730964467005076,0.8723608445297505,0.8715914724838869,0.8710166919575114,0.8708834291688448,0.8708467309753484,0.8700745473908413,0.8703201302224634,0.8705408515535098,0.870872641509434,0.8712811171827566,0.8721147847785402,0.8723266364225535,0.8741450068399452,0.8823251417769377,0.8878447644618013,0.8856853086062011,0.8535168195718654
384399.0,60.0,1.0,1.0,1.0,1.0,1.0,1.0,1.0,1.0,1.0,1.0,1.0,1.0,1.0,1.0,1.0,1.0,1.0,1.0,1.0,1.0,1.0,1.0,1.0,1.0,1.0,1.0,1.0,1.0,1.0,1.0,1.0,1.0,1.0,1.0,1.0,1.0,1.0,1.0,1.0,1.0,1.0,1.0,1.0,1.0,1.0,1.0,1.0,1.0,1.0,1.0,1.0,1.0,1.0,1.0,1.0,1.0,1.0,1.0,1.0,1.0,1.0,1.0,1.0,1.0,1.0,1.0,1.0,1.0,1.0,1.0
20000.0,90.0,0.8465272591486184,0.915142346307248,0.9254945054945055,0.9297924297924298,0.9317817014446228,0.9328282828282828,0.9337461300309597,0.9336316181953765,0.9351687388987566,0.9351396589601423,0.935499633520645,0.9356435643564357,0.9353476283300844,0.9348027412483794,0.9338513229735406,0.9328906805786104,0.931909212283044,0.930672268907563,0.9295584765756657,0.9288417865253595,0.9277210884353742,0.9258836944127709,0.9248466257668712,0.9237594140101104,0.9223005668463985,0.9208686050791314,0.9201262442340374,0.920418516169943,0.9220672682526662,0.9243300052548608,0.9286666666666666,0.9321039396479464,0.9359081419624217,0.9389677419354838,0.9411671674837894,0.9421376393694733,0.9417903525046383,0.9408825978351374,0.9387214309373965,0.9368667186282151,0.9342465753424658,0.9319510898458266,0.9302325581395349,0.9282700421940928,0.9282334384858044,0.9273693534100974,0.9269383697813122,0.9280410569993448,0.9287171486859475,0.9316335107873354,0.9350587488091457,0.9380390776271783,0.940061871616396,0.9415584415584416,0.9428953825563239,0.9429530201342282,0.9434815373021854,0.9442252038937122,0.9441652707984366,0.9442978598651421,0.9452388195923335,0.945928123969667,0.9464094319399786,0.9473081328751431,0.947261663286004,0.947594501718213,0.9429109159347553,0.9408333333333333,0.9392287502523723,0.9365079365079364
7000.0,60.0,0.8420332801458855,0.8112574850299401,0.7837662337662338,0.7787085964686171,0.7766497461928934,0.7776073619631901,0.7845697329376855,0.7956970740103271,0.8094276893849442,0.8231974921630094,0.8340365682137834,0.8413810357768327,0.8448275862068966,0.8447653429602888,0.843045512547852,0.8392769907181241,0.835195530726257,0.8319541693189052,0.8284488920657612,0.8267526188557615,0.8244584837545126,0.8196491228070175,0.8188952610926653,0.8200692041522492,0.8226469876602952,0.8261783248273792,0.8296323261740081,0.8342782381160052,0.839340885684861,0.8445503275759381,0.850067842605156,0.8559256390395042,0.8617977528089887,0.8671415004748338,0.8720399277901667,0.8770114942528736,0.8807247106190237,0.8838134430727024,0.8873481057898499,0.8888029693782864,0.8890383322125084,0.8904157244738216,0.890400882677455,0.8893241919686582,0.8883663872418728,0.8872003424657534,0.8858355674709563,0.8841491841491842,0.8823529411764706,0.8778484366719661,0.8742582650466233,0.8695384615384616,0.8654037886340977,0.8622019635343618,0.8581314878892734,0.8558917197452229,0.854071930549814,0.8509123275478415,0.8488700564971752,0.8481973434535104,0.8472086190009794,0.8446496469310157,0.843607305936073,0.8424533974744438,0.8414948453608248,0.8405797101449275,0.8302145139205842,0.8225267379679144,0.825249025552187,0.8484526967285588
1800.0,10.0,0.842603550295858,0.7891287586738628,0.7922077922077922,0.7792138574283811,0.7512535426204491,0.7193162393162393,0.691948051948052,0.6754022988505747,0.673239128053456,0.683542390811546,0.7030593881223756,0.7270886075949367,0.7509990777743621,0.7718918918918919,0.7896890343698855,0.804268846503179,0.8165592464055528,0.8264150943396227,0.8349626221966647,0.8434996919285275,0.8503625576796309,0.8667163067758749,0.8783112582781457,0.8883152173913044,0.8951550387596899,0.8993309315491508,0.9023496443198965,0.9043056807935077,0.9057396173588428,0.9066053714009195,0.9071819085487077,0.9076806659099508,0.90778742436201,0.908085786599174,0.9077897054775668,0.9075902934537246,0.9072685318719353,0.9072972580879153,0.9068047337278107,0.9059367771781033,0.9054749649040711,0.9049133407536969,0.9042381106438045,0.9034539473684211,0.9028849379402885,0.9023648648648649,0.9006222222222222,0.899837574445046,0.9000355113636364,0.8976244343891403,0.8961664419187054,0.8946318100179604,0.8931048551611587,0.8915304606240714,0.8900351185250219,0.889336917562724,0.8881426586382585,0.887701804368471,0.8874203445834317,0.8869920654003366,0.8866530820173204,0.8865414710485133,0.8867722028441105,0.88732782369146,0.8879679908545298,0.888654829972916,0.8947801068639539,0.9007915567282322,0.9006870705808869,0.8752962865420069
4000.0,80.0,0.8096689895470384,0.8137563574715427,0.7685673215141351,0.7478589420654912,0.7460520699957319,0.7544227188081937,0.768893756845564,0.7852861035422344,0.7996906419180201,0.8083649388959123,0.8122699386503067,0.8110544217687075,0.8066126013724267,0.8005857944837687,0.7942938659058488,0.7883545960091594,0.7834254143646409,0.7808564231738035,0.7782407407407408,0.7781217750257998,0.7795048934945308,0.7831920903954802,0.7917241379310345,0.801322482197355,0.811815935035895,0.8221269756228234,0.8317098756181628,0.8398424680013128,0.8467114568599717,0.8528579513299378,0.858147478400643,0.8631851532153647,0.8665916760404949,0.8699244570349386,0.8729377000738734,0.8752551020408164,0.8784227820372399,0.8798557158712541,0.8817891373801917,0.883643009442583,0.8853283066289663,0.8872305140961857,0.8885850991114149,0.8897554058844381,0.8910091743119266,0.8924772036474165,0.8934329532048761,0.8948009748172218,0.8958245466048081,0.8983364140480592,0.8999511957052221,0.9011446409989594,0.9023717595146167,0.9038238702201622,0.9041614123581336,0.9047005795235029,0.9039891818796484,0.9039829302987198,0.9034381858083395,0.9026073619631901,0.9012539184952978,0.8985985160758451,0.8969957081545065,0.8931838565022422,0.8891406987724269,0.8854330708661418,0.8440860215053764,0.8196411709159585,0.8220457730032695,0.8307189542483661
12500.0,30.0,0.8338956657150273,0.9056338028169014,0.9083493282149712,0.9063238770685579,0.9030037546933667,0.8984743411927878,0.8941592920353982,0.8907894736842106,0.8894792773645058,0.8900126422250316,0.8911111111111111,0.8936535162950258,0.8966568338249754,0.8992403932082216,0.9020943729497856,0.904809192793304,0.9073279287871563,0.9098826875222182,0.9120682810639142,0.9142667257421356,0.9161928306551298,0.9208984375,0.9244635193133047,0.9280860702151755,0.9307520476545048,0.9340155945419103,0.9355409504550051,0.9368506493506493,0.9370874587458746,0.9369649805447471,0.9357857373346241,0.9343675417661098,0.932912007778318,0.9310548025928108,0.9296875,0.9277824978759558,0.9261880687563195,0.925,0.9237156931738213,0.922621007573263,0.9217075038284839,0.9208489940305107,0.919756221432199,0.9190365641323274,0.9178712220762155,0.9167283493708365,0.9154228855721394,0.9138248847926267,0.912799592044875,0.9093692590324556,0.9056875449964003,0.9022369511184756,0.899906191369606,0.8982552028589447,0.8966755473184292,0.8960841464960081,0.8959394356503785,0.8951183431952663,0.8953895071542131,0.8958652373660031,0.8953740513191182,0.8946088366436968,0.8940859006071509,0.8930864197530864,0.8924185798184731,0.89241773962804,0.9011698265429609,0.9047371160853722,0.9059040590405905,0.9127028539451595
12500.0,20.0,0.8334500875656743,0.9032874617737003,0.9063032367972743,0.9035797558633932,0.8996789727126806,0.8935528120713306,0.8873390557939914,0.882988298829883,0.8805066079295154,0.8806855636123929,0.8821705426356589,0.8854447439353099,0.8892206321424895,0.8931868645553348,0.8972332015810277,0.900990099009901,0.9047225891677675,0.9081707765918292,0.9111384111384111,0.9139736003641329,0.9163296258847321,0.9217619986850756,0.9256410256410257,0.9288888888888889,0.930835734870317,0.9330855018587361,0.9342700643010241,0.9349765613186148,0.9351094196003806,0.9345195729537367,0.9337437701553797,0.9321120689655172,0.9305373525557011,0.9282700421940928,0.9265357821405953,0.9244712990936556,0.9229390681003584,0.9218337382486532,0.9207233989842686,0.9198903002309469,0.9191176470588235,0.9185711542154792,0.9177090190915076,0.917144996256551,0.9162921348314607,0.9153289266603715,0.9140350877192982,0.9122670807453416,0.9109970047068892,0.9070480081716037,0.9029358897543439,0.8998618784530387,0.89576802507837,0.8939929328621908,0.8911937377690803,0.8902307526417943,0.8894786506251474,0.887840938057609,0.8877086494688923,0.8878643664485425,0.8868943606036537,0.8854410968789465,0.8841166936790924,0.8825382538253825,0.8816306483300589,0.8816033979293868,0.8943932411674347,0.899349023535303,0.901307966706302,0.9100036509675065
4000.0,90.0,0.8093126385809313,0.813810110974106,0.7682926829268293,0.7480752780153977,0.7459788436458484,0.7543277211287646,0.7686011904761905,0.785,0.7996845425867508,0.8082294800171895,0.8120133481646273,0.810928013876843,0.8063626723223754,0.8003485187951207,0.7940064009310445,0.7878585723815877,0.7832456799398948,0.7808219178082192,0.7780925401322002,0.777602523659306,0.7788856304985338,0.7832973362131029,0.7913959613696224,0.8012847078325736,0.8117661155044332,0.8222222222222222,0.8316559926806953,0.8398998330550919,0.8467625899280575,0.8526477359938603,0.8581647251175148,0.8632572431957858,0.8668192219679633,0.870108043217287,0.8728092138207311,0.8754863813229572,0.8783407572383074,0.8798307475317348,0.8818665091553456,0.8841387856257745,0.8856230031948882,0.8870532703978422,0.8884642112578179,0.8897297297297297,0.8914179104477612,0.8926226342217072,0.8936425429828069,0.8947151114781172,0.8962264150943396,0.8980742132456553,0.9002481389578164,0.9015873015873016,0.9029725182277061,0.9034157832744405,0.9038461538461539,0.9044502617801047,0.9044016506189821,0.9038322487346349,0.9033457249070632,0.9017926734216679,0.901195219123506,0.8994132439228835,0.8970331588132635,0.8938868613138686,0.8897214217098943,0.8852541016406562,0.8440960736372789,0.8197004608294931,0.8219373219373219,0.8305647840531561
7000.0,70.0,0.8417356408327062,0.8105680317040951,0.7825773938084953,0.7767395054629097,0.7737169517884914,0.7741094700260643,0.7798102981029811,0.7910979228486646,0.8049650253737485,0.8190406976744186,0.830179864517636,0.8376566598659283,0.8409171075837742,0.8407079646017699,0.8389662027833003,0.8345693097547062,0.8303979125896934,0.8268945022288261,0.8230833333333333,0.8211267605633803,0.8190126050420168,0.8147042864894194,0.8146469049694857,0.8162317558602389,0.8196176226101413,0.823750855578371,0.828099173553719,0.8329226219812715,0.8388405797101449,0.8443553774215097,0.8505311077389985,0.8562176165803109,0.8622478386167147,0.867592884959478,0.8724603640634175,0.8777270421106037,0.8812196812196812,0.8844471262633882,0.8881217636905696,0.8894540522210919,0.8896869244935544,0.8911926954536808,0.8910990556560177,0.8898395721925134,0.8891367387909882,0.8879551820728291,0.8865351838324811,0.8847130523108176,0.8832366895097522,0.8788578021344101,0.8751921303412235,0.8705252592840415,0.8662811709432598,0.8631338162409454,0.8587547012118679,0.8567099567099568,0.8548966756513926,0.8519593613933236,0.8499743983614951,0.8488911810211449,0.8482428115015974,0.8452451269935026,0.8441961514587213,0.843034663178548,0.8416257883672039,0.8408408408408409,0.8308457711442786,0.82305727836556,0.8256034074775201,0.8489835430784124
20000.0,80.0,0.8463369963369963,0.9150688630839859,0.9253183682279301,0.9295352323838081,0.931782334384858,0.9330024813895782,0.9336579427875837,0.9340175953079178,0.9345549738219895,0.9351156812339332,0.9353986551392891,0.9354928402613653,0.9353241775790482,0.9346440924813398,0.9339388934764657,0.9326340326340327,0.931758530183727,0.9303834808259587,0.9297548045062956,0.9285714285714286,0.9280936454849499,0.9260089686098655,0.9253393665158371,0.9236308316430021,0.9222509174935436,0.920919290626131,0.9200286464550012,0.9204864359214219,0.9217426381605486,0.924547803617571,0.9278688524590164,0.9323432343234324,0.9358948017259092,0.9390321351454337,0.9409933053090456,0.9420783645655877,0.9417542256738236,0.9406617445993984,0.9386222657525302,0.936611601997695,0.9338135974786133,0.9313057157839538,0.9299516908212561,0.9278278972935462,0.927570093457944,0.9273840769903762,0.9267190569744598,0.9275847183250594,0.9283426266461028,0.9311348205625606,0.9346425765907306,0.937630662020906,0.939712918660287,0.9411154882852996,0.9421505851181277,0.9423487544483986,0.9432976871425018,0.9439958322479812,0.9439071566731141,0.9439930354033662,0.9445950015055706,0.945822454308094,0.9459172852598091,0.9467321496033245,0.9470092332396628,0.9473013174670634,0.9423791821561338,0.9407894736842105,0.9385074626865673,0.9361963190184048
10000.0,0.0,0.8877551020408163,0.8549098196392786,0.8193315266485999,0.810879848628193,0.8087017791086841,0.8110141438459224,0.8152019002375297,0.8196491228070175,0.8236686390532545,0.8265130446298503,0.8280068728522336,0.8276531492666092,0.8251509582567603,0.8210592290817925,0.8165441176470588,0.8114719527625475,0.8079692750840134,0.8046663049376017,0.802910855063675,0.8027118644067797,0.8031674208144797,0.808809293320426,0.8196073589332016,0.8327618453865336,0.8467977418726883,0.8603365384615385,0.8724773325533782,0.8829749735636235,0.8923012200252419,0.9001986097318768,0.9070847851335656,0.9118046132971506,0.9162754303599374,0.91875,0.9204428952224728,0.9214260989961924,0.9210252406973718,0.919877408056042,0.9198158145442997,0.9173989455184535,0.9138802488335925,0.9128898128898129,0.9102535337671079,0.906886517943744,0.9037915914366779,0.9009873834339002,0.8975326560232221,0.8938975774302361,0.8900709219858156,0.8813194693438509,0.872954014029618,0.8632075471698113,0.8538066324147594,0.8457314028956565,0.8360745614035088,0.8298850574712644,0.824381412190706,0.8165256994144438,0.8105117565698479,0.8066337332392378,0.8023512123438648,0.7939967105263158,0.788235294117647,0.7832082551594747,0.7802052636927141,0.7778754256838405,0.8016624782524647,0.8353496606668633,0.856414280109847,0.8729811574697174
1500.0,30.0,0.8285322359396433,0.7924157303370787,0.7751018895887366,0.7544541626174279,0.7326519634211942,0.713855421686747,0.7005740221599253,0.6958793969849246,0.7008196721311475,0.7141683778234086,0.7331863285556781,0.7535310734463276,0.7731601731601732,0.7897645854657114,0.803253745318352,0.814035546262415,0.8230316936756059,0.8301738994203353,0.8369163587504199,0.8426945999638794,0.8482731858750485,0.8611233967271119,0.8715914724838869,0.8791598472449537,0.8847845206684257,0.888125,0.8907838635618236,0.8918640576725025,0.8926031294452347,0.8930284028033936,0.8928030303030303,0.8927335640138409,0.892184368737475,0.8920454545454546,0.8914501257334451,0.8908934707903781,0.8898156277436348,0.8892321270962048,0.8888388838883888,0.8874824191279888,0.8870967741935484,0.8864185596906718,0.8858829316281358,0.885,0.8842427332993371,0.88347022587269,0.8821621621621621,0.8819978046103183,0.8818132757690232,0.8801605504587156,0.8787346221441125,0.8773527625986642,0.8770186335403727,0.8758085381630013,0.8748326639892905,0.8742310321257689,0.8741159830268741,0.8737300435413643,0.8737373737373737,0.8727941176470588,0.8735362997658079,0.8728,0.8730420445177246,0.8737288135593221,0.8740088105726872,0.8750697674418605,0.881266149870801,0.8856138000334952,0.88319712975882,0.8526270824434002
384399.0,70.0,1.0,1.0,1.0,1.0,1.0,1.0,1.0,1.0,1.0,1.0,1.0,1.0,1.0,1.0,1.0,1.0,1.0,1.0,1.0,1.0,1.0,1.0,1.0,1.0,1.0,1.0,1.0,1.0,1.0,1.0,1.0,1.0,1.0,1.0,1.0,1.0,1.0,1.0,1.0,1.0,1.0,1.0,1.0,1.0,1.0,1.0,1.0,1.0,1.0,1.0,1.0,1.0,1.0,1.0,1.0,1.0,1.0,1.0,1.0,1.0,1.0,1.0,1.0,1.0,1.0,1.0,1.0,1.0,1.0,1.0
17500.0,70.0,0.8322788092521523,0.9248777078965759,0.9322033898305084,0.9346759617867286,0.9369705184683158,0.9394714407502132,0.9415143603133159,0.9422110552763819,0.9439880507841673,0.9446883230904302,0.9443535188216039,0.944214631840208,0.9440151823234377,0.9436380481778875,0.9432872396289165,0.9430492386790588,0.9427361853832442,0.9425777331995988,0.9424703891708968,0.942258883248731,0.9425,0.9427058257101589,0.9433224755700326,0.9436123348017621,0.9447874614105913,0.9455555555555556,0.9460424102456435,0.9459681843115744,0.9458215297450425,0.9453477868112015,0.9442231075697212,0.9431818181818182,0.9421560035056967,0.9405324173465006,0.9387302828835875,0.9368421052631579,0.9347130761994356,0.9321995972253301,0.9296522431643217,0.9274369355341016,0.9249817916970139,0.9225232853513972,0.9204878048780488,0.9186763881099271,0.9183544303797468,0.9185714285714286,0.918744971842317,0.9206773618538324,0.9219704433497536,0.927177089421391,0.9325888051668461,0.9371221281741233,0.9403385285738227,0.942553969996341,0.9444444444444444,0.9452083774063889,0.9466636911403704,0.9474054942474759,0.9476439790575916,0.948072383949646,0.9486759486759486,0.9498367468091422,0.9501126488574188,0.9510513615994485,0.9512641993404177,0.951900698215671,0.9493318485523385,0.9480614484272128,0.9463971880492091,0.945459430413756
400.0,90.0,0.6921226698737222,0.7002148997134671,0.7009162303664922,0.7030898301616534,0.7064054257724189,0.7096569250317663,0.7111302352266208,0.7102980007544323,0.7071048815853069,0.7019347037484885,0.6966592427616927,0.6908683974932855,0.6855566167887085,0.6810730253353204,0.6770338372930166,0.674318744838976,0.6723068245910886,0.6705005324813631,0.6699448308946989,0.6693635382955772,0.6691865739340792,0.6710526315789473,0.677115987460815,0.6880546075085324,0.7015178571428572,0.7212170104874956,0.7450088079859072,0.769857433808554,0.7966217758502625,0.8228021978021978,0.8473701193933527,0.8671171171171171,0.8861239983129481,0.8993383742911153,0.9100888656560376,0.9191011235955057,0.9239802224969098,0.9298245614035088,0.932972241029113,0.9336734693877551,0.9340062111801242,0.9356862745098039,0.9351395730706076,0.9333917616126205,0.9333333333333333,0.9326168224299065,0.9311475409836065,0.9306081754735792,0.9295947605403192,0.9264705882352942,0.92440780306549,0.9233753637245393,0.9196813373383832,0.9183563125168965,0.9159107271418286,0.9124905374716125,0.9126183929117018,0.9100649350649351,0.9064822817631806,0.9058413251961639,0.904050405040504,0.900236593059937,0.8973130597792126,0.8944468929043631,0.8916882505297857,0.8888329979879275,0.866403162055336,0.8504724847137298,0.839662447257384,0.8160136286201022
1400.0,0.0,0.7859292701279157,0.6949230415805192,0.7579774177712322,0.7990929705215419,0.8041795665634675,0.7849893497055507,0.7575403775053512,0.7340301974448316,0.7219917012448133,0.7231030577576444,0.7346803820720059,0.7524069028156222,0.7709251101321586,0.7881803661383462,0.803520261972984,0.8162932185784241,0.8270545223334923,0.8356791588943531,0.8437444385121908,0.8502433545488581,0.8556822650412899,0.8668373879641486,0.8740571428571429,0.8776299879081015,0.8796576032225579,0.8795086251960271,0.8790972595378829,0.8775228089576997,0.8759887005649718,0.8740225890529973,0.8726415094339622,0.871245911388641,0.8691646191646192,0.8678836633663366,0.8660742621390035,0.8645328160362108,0.8635317329825716,0.8625123639960435,0.8611575777852124,0.8601108033240997,0.8593368237347295,0.8583067658519306,0.8578096947935369,0.8570909090909091,0.8567208271787297,0.8561364479050797,0.8558139534883721,0.855686274509804,0.8549942151947552,0.8551136363636364,0.8548453608247423,0.8552016985138005,0.8553540587219344,0.8560572194903889,0.8568798895536125,0.8576112412177986,0.8581081081081081,0.8587654320987654,0.8588926996570309,0.8594217347956131,0.8611404435058078,0.8621621621621621,0.8626251390433816,0.8644939965694682,0.8656361474435196,0.8675455116133082,0.887817703768624,0.9044184981684982,0.907876618011567,0.8780274292384009
1500.0,0.0,0.7980016203078585,0.7125516102394716,0.769297484822203,0.8017050836754026,0.7993613624268228,0.7755119453924915,0.7458897803498619,0.7221570926143025,0.711377579475739,0.713795731707317,0.7274081429990069,0.7466091245376079,0.7674247982391783,0.7858347386172007,0.8017857142857143,0.8156166632464601,0.8270842523158359,0.8366383380547686,0.8452173913043478,0.8524439785087145,0.8587601822449261,0.8719650128185794,0.881072298943948,0.8866620594333103,0.8900126422250316,0.8910835214446953,0.8914307871267934,0.890621875624875,0.8896848137535817,0.8884219373818029,0.887152034261242,0.8861033066781933,0.8840482573726541,0.8828828828828829,0.881211000693321,0.87962308598351,0.8782650371435419,0.8774333093006489,0.8760673334959747,0.8744949494949495,0.873694932518462,0.8725768932540708,0.8716269321456641,0.8705226850623508,0.8698464025869038,0.8690121786197564,0.8681753889674682,0.8674871207784773,0.8671171171171171,0.8661137440758294,0.8651414810355208,0.8648481091134532,0.8644388398486759,0.8642297650130548,0.8642929123278468,0.8639781271360218,0.8643888693201832,0.8648648648648649,0.8648552020021452,0.8654056020371044,0.8663328197226502,0.8675078864353313,0.8689123376623377,0.8703085904920768,0.8720728534258456,0.8744846541456711,0.8923766816143498,0.9061976549413735,0.9094206549118388,0.883214824391295
1300.0,40.0,0.8118775359645887,0.7718962214870276,0.7519031141868512,0.7342233009708737,0.7195530726256983,0.7082445500737584,0.7009966777408638,0.6980407222435652,0.7001665741254859,0.7060909791827293,0.7153068518329418,0.7263430420711974,0.7369337979094077,0.7479538690476191,0.7572192513368984,0.7660086663456909,0.7739962775857485,0.7805164319248826,0.7880038083148206,0.7947748367136473,0.8006693938267013,0.8183000867302689,0.8333333333333334,0.8472299944040291,0.8583743842364532,0.8670674682698731,0.8728571428571429,0.8773513920240783,0.8800940438871473,0.8816855753646677,0.8827470686767169,0.8817391304347826,0.8818262411347517,0.8812159709618875,0.8809259259259259,0.8797932330827067,0.8789833822091887,0.8787463271302645,0.8774283997596636,0.8763848994665573,0.8756885978588504,0.8746658111431932,0.8740114830462572,0.873374476526339,0.8726906281491434,0.8720136518771331,0.8715755403999538,0.8710131332082551,0.8704632282712512,0.8694127957931639,0.8687179487179487,0.8682539682539683,0.8677090414683889,0.8674732304269226,0.8672812408545508,0.8670588235294118,0.8671815841284265,0.8670935498984851,0.8672805207175742,0.867487684729064,0.8677328002665334,0.8683618751081128,0.86926236828005,0.870243178021162,0.8711059190031153,0.8723921409763014,0.8821161587119034,0.8870845921450151,0.8830992297236067,0.8479330708661418
700.0,10.0,0.8060387266163439,0.7824355712863621,0.7265145940642629,0.69380028395646,0.6790419161676646,0.6761539595929804,0.6859623733719248,0.7081481481481482,0.738762559492332,0.7711864406779662,0.8005267778753292,0.8239801201076827,0.8400141894288755,0.8511549441993252,0.8577464788732394,0.8616749360998346,0.8639380530973452,0.8642201834862385,0.8646084856847188,0.8638640429338104,0.8623887240356083,0.8596217586274127,0.8559771521827826,0.8527245949926362,0.8495250431778929,0.8465959328028294,0.8440677966101695,0.8419963201471942,0.8401773215118992,0.8386944181646169,0.8372204856936764,0.8359605911330049,0.8350335904453844,0.8345123799898939,0.8336319426670079,0.8332040341349883,0.8328,0.8324007460698108,0.8323840520748577,0.8322277501381979,0.8322634663689645,0.8323336189660097,0.8324199596192674,0.8325540619520748,0.8325443786982248,0.8331336129418814,0.8332322619769558,0.8335377069282649,0.8336959900528442,0.8349483204134367,0.8353598422609267,0.8363636363636363,0.8367136473014781,0.8374694162880112,0.8384979948960991,0.8389335281227173,0.8398802843247287,0.8406909788867563,0.8409179307662388,0.841810172206648,0.8419132549655451,0.8425460636515912,0.8436018957345972,0.8439589835042354,0.845437616387337,0.8461909353905497,0.8560311284046692,0.8633744855967078,0.854775828460039,0.8018924904368835
2000.0,20.0,0.8475699558173785,0.805961910019321,0.7697194282689254,0.7362647325475975,0.7083641746854182,0.6885360728461359,0.6775349337155141,0.6764705882352942,0.685061919504644,0.7015893610120013,0.7232039397450754,0.7463821892393321,0.7674789341835573,0.785059331175836,0.7996289424860853,0.8110072689511942,0.8198781416603199,0.8271398747390397,0.8343062415806017,0.8400387784779447,0.8451882845188284,0.858604091456077,0.8686181075561606,0.8767951625094482,0.8821603927986906,0.8874230430958663,0.889786443825441,0.8921722113502936,0.8935736836745086,0.8948598130841121,0.8958264870193887,0.8966324710080286,0.8974748655599719,0.8980657410703691,0.8985471558729377,0.8989489679625174,0.8992207792207793,0.8997513414474545,0.8998795341989024,0.8999018645731109,0.8999289267945985,0.9,0.9000444905828267,0.8998941478905187,0.8997834828332818,0.899797096925238,0.8988931108541219,0.8987554658594012,0.8989247311827957,0.8978399433427762,0.8971470107214247,0.8962906888720666,0.895452778857365,0.8943089430894309,0.8931813383998312,0.8923941227312013,0.8915041470522305,0.8910389311218613,0.8906214171061683,0.8900070208284577,0.8889165009940357,0.8881243628950051,0.8876640419947507,0.8867619304394716,0.8860901203470473,0.8856132075471698,0.8838996763754046,0.8869202709744659,0.8875154511742892,0.8628
9000.0,80.0,0.8746736292428199,0.8551815766164748,0.8206550449022715,0.8162796631793825,0.8198433420365535,0.8245257452574526,0.8316715542521994,0.8403618464813091,0.8483691880638445,0.8557692307692307,0.8618191574993292,0.8685990338164251,0.869598180439727,0.8723029502421841,0.8744939271255061,0.8724870763928777,0.872809863724854,0.8722627737226277,0.8725490196078431,0.8738574040219378,0.8744390044879641,0.876050700466978,0.8814918089926804,0.8873526745240253,0.8948447568834212,0.9002998500749625,0.9044917257683215,0.9086623453152622,0.9108695652173913,0.9112478031634447,0.9116440517513411,0.912755038177494,0.9134841363102233,0.908144101075636,0.9120158887785501,0.9086986145809676,0.9136316337148803,0.919669226225635,0.8955810147299509,0.913571165869805,0.9217140502678204,0.9035283608753908,0.9096238397655105,0.9025695931477516,0.9245826137017847,0.9202719406674907,0.8957095709570957,0.9030898876404494,0.8870728083209509,0.8914858096828047,0.885036496350365,0.8888443017656501,0.8815847234416154,0.8623842456921814,0.8842253882685149,0.8464136161015804,0.8451876940445949,0.8682771194165907,0.8560103543116001,0.8257638315441783,0.8305550781921293,0.8510149368058215,0.8304045770331018,0.8286088094199738,0.837844198634973,0.8453738910012675,0.8157894736842105,0.8274307791371539,0.8462837837837838,0.8556841388699795
2000.0,0.0,0.8499570815450643,0.7983717774762551,0.7975492807671817,0.7800184162062616,0.7494765180975173,0.7154831199068684,0.6876317638791286,0.6719876416065912,0.6711988304093567,0.6836192195807002,0.704848725062756,0.7298649324662331,0.7539923185769153,0.7746979388770433,0.7921938088829071,0.805921052631579,0.8176470588235294,0.8262726949092204,0.8346007604562737,0.8420408163265306,0.8481400437636761,0.8641546851760039,0.8761061946902655,0.8858530661809351,0.8931596091205212,0.8979166666666667,0.9015317286652079,0.9043611323641928,0.9062748212867355,0.9082644628099174,0.908936170212766,0.9108225108225109,0.9120580235720761,0.9128794848206072,0.9131553860819829,0.9133202742409402,0.9137463600763129,0.9142221323083148,0.9142886683209264,0.9139982691475552,0.913834685376014,0.9136327993726896,0.9133066818960593,0.9130485391688977,0.9124434927432786,0.9121564862594503,0.9107278721785442,0.910099316393654,0.9101408808224394,0.9077360791220702,0.9063888888888889,0.9045625180479353,0.9028867505551443,0.9009579728059333,0.8992310157000961,0.8979859177992467,0.8965575716466,0.8956158663883089,0.8950831024930748,0.8942816801976703,0.893290973649785,0.8926521239954076,0.8922320550639135,0.8919136922766687,0.8918128654970761,0.8918622504935293,0.8948143783146729,0.902247191011236,0.9040070453544694,0.8789328426862926
700.0,30.0,0.8451589061345159,0.8147413948459182,0.7960122699386503,0.7792760823278921,0.7628674190747861,0.7472458948243609,0.7353732347007398,0.7300420168067226,0.7332545311268716,0.7438072616219885,0.7603559374041117,0.7789577187807276,0.7956239480644386,0.8105616093880972,0.8217446270543616,0.8305439330543933,0.8372881355932204,0.8415278342137342,0.8458565908115071,0.8487051340299864,0.8507677543186181,0.8559366754617415,0.8582089552238806,0.8581907090464548,0.8583386992916935,0.8566621803499327,0.8553459119496856,0.8532374100719424,0.8519882179675994,0.8511278195488722,0.8493466564181399,0.8479809976247031,0.8467094703049759,0.8454619787408013,0.8438538205980066,0.8427249789739276,0.8421098517872712,0.8413251961639059,0.8402135231316726,0.8396724294813467,0.839134438305709,0.8387890255439925,0.8379904306220096,0.8379377431906615,0.83751233958539,0.8370904718966036,0.8368758262991965,0.8367178641377178,0.8365656777439984,0.8363676244790524,0.8363799484131434,0.8364518364518364,0.836533902323376,0.836784114299552,0.836807320793086,0.8370786516853933,0.8371848739495799,0.8371652691371382,0.8373402939964281,0.8372126028952597,0.837363270005757,0.8371641791044776,0.8368477758965677,0.8363142765889492,0.8356164383561644,0.8350086655112652,0.8253706754530478,0.8164179104477612,0.8046902345117256,0.7492877492877493
1300.0,60.0,0.7889570552147239,0.7641955835962145,0.7496217851739788,0.738276299112801,0.7290976613469838,0.7226443768996961,0.7185562444641276,0.7161531279178338,0.7155536770921387,0.7156371730662214,0.7180397727272727,0.7199118942731277,0.7216527866752082,0.7242424242424242,0.7264969839635134,0.7288851351351351,0.7317633543940264,0.7337367624810892,0.7371084337349397,0.740343347639485,0.743521000893655,0.7550713749060857,0.7685142058686539,0.7844682048396173,0.8019933554817276,0.8177641653905053,0.8331606217616581,0.8454890788224122,0.8554463554463555,0.8629690048939641,0.8681797340669418,0.8713146447559207,0.8737222637746198,0.8750160895868194,0.8757599788527624,0.8761467889908257,0.8753517163759145,0.8755656108597285,0.874927536231884,0.8740707701457032,0.873604826546003,0.8728063363876378,0.8721662468513854,0.8716551834641885,0.8710097719869707,0.8704071499503475,0.8699966363942147,0.8694761986009213,0.8688553065832899,0.8679898033503277,0.8674496644295302,0.8669486637185156,0.8666271487848252,0.8662626262626263,0.8661852166525064,0.8659551760939167,0.8661832564271589,0.8661381653454133,0.8662523020257827,0.866698405141633,0.8669403525718425,0.8674185463659148,0.8683053040103493,0.8695885990857758,0.8705948689032985,0.8718475073313783,0.8816936488169365,0.8877995642701525,0.8849673202614379,0.8502476999292286
17500.0,50.0,0.8299050632911392,0.9221347331583553,0.9303868963569613,0.9328872269238339,0.9356345704645731,0.9380936783491648,0.9400643604183427,0.94180407371484,0.9422965954991345,0.9429347826086957,0.9429477020602218,0.9431714023831348,0.9427729854828529,0.9425659472422062,0.9420802175390891,0.9417729297895222,0.9414718614718615,0.941153546375682,0.941253836036826,0.9410604192355118,0.9408825978351374,0.9412425149700598,0.9422492401215805,0.9424263193968472,0.94362292051756,0.9444719267870393,0.9448264571054354,0.9447419147569073,0.9446136804209361,0.9437566324725858,0.9428316212594908,0.9419318816303741,0.9399171270718232,0.9389830508474576,0.9369648199731765,0.9349289454001496,0.9327944918425385,0.9301910373147653,0.9274193548387096,0.9247876061969016,0.9220398593200468,0.9190297232661429,0.9169960474308301,0.9152619589977221,0.9146845915201655,0.9139344262295082,0.9141347424042272,0.9155653450807636,0.9170056956875509,0.9218446601941748,0.9269991015274034,0.9315016459863257,0.9347764970480742,0.9370296421440639,0.9389237372069991,0.9398402839396628,0.9409338083630227,0.9421177400237061,0.9424686192468619,0.9428445812266432,0.9434264773247825,0.9442786069651742,0.9448331539289558,0.9458681255398791,0.9464995414246408,0.9463997416855021,0.9454793275783735,0.9444772593030124,0.9436619718309859,0.9431016042780748
900.0,80.0,0.7700911350455675,0.7578947368421053,0.7538877620013522,0.751685393258427,0.7512280701754386,0.7523510971786834,0.7522455089820359,0.7521278804235001,0.7506631299734748,0.7484012424630002,0.7459874389392882,0.7437156891071944,0.7416520210896309,0.740694270179841,0.7400686611083864,0.7402155416903006,0.7414128321451717,0.7422680412371134,0.7440397350993377,0.7454545454545455,0.7464788732394366,0.7526867453894123,0.7605539796429167,0.7709611451942741,0.7829172785119922,0.7951359084406294,0.8065991506043777,0.8166606038559476,0.8247422680412371,0.83078231292517,0.8346883468834688,0.8370086289549377,0.8383888612630532,0.8390092879256966,0.8393617021276596,0.8393246187363834,0.8376068376068376,0.8376362593230063,0.8372641509433962,0.8357575757575758,0.8355911330049262,0.8342857142857143,0.8343004513217279,0.8337713534822602,0.8328877005347594,0.8327668252889191,0.8326417704011065,0.8321629213483146,0.8324982104509664,0.8323308270676691,0.8326908249807248,0.8328025477707006,0.8336065573770491,0.8336409395973154,0.8345711759504862,0.8346666666666667,0.8352887259395051,0.8354777672658468,0.8356111645813282,0.8360917248255234,0.8365404091553575,0.837022981235505,0.837369109947644,0.8377272727272728,0.8380315336837076,0.8385410182995146,0.8432663227183775,0.8463162834350071,0.8407229596159277,0.7935049019607843
384399.0,50.0,1.0,1.0,1.0,1.0,1.0,1.0,1.0,1.0,1.0,1.0,1.0,1.0,1.0,1.0,1.0,1.0,1.0,1.0,1.0,1.0,1.0,1.0,1.0,1.0,1.0,1.0,1.0,1.0,1.0,1.0,1.0,1.0,1.0,1.0,1.0,1.0,1.0,1.0,1.0,1.0,1.0,1.0,1.0,1.0,1.0,1.0,1.0,1.0,1.0,1.0,1.0,1.0,1.0,1.0,1.0,1.0,1.0,1.0,1.0,1.0,1.0,1.0,1.0,1.0,1.0,1.0,1.0,1.0,1.0,1.0
1500.0,10.0,0.8166370783667258,0.7459042984590429,0.7803245775472645,0.7942857142857143,0.7806841046277666,0.7526484751203852,0.7223729649728663,0.7005131964809385,0.6918635170603674,0.6970025279884435,0.7125237191650854,0.7334919690660321,0.7557142857142857,0.7756622516556292,0.7931162790697674,0.8072326080294208,0.8193063839187099,0.8292914883499762,0.838385108791347,0.8459589223793011,0.852683615819209,0.8666874804870434,0.8765935747067822,0.882546051431698,0.886136712749616,0.8877263581488933,0.8885416666666667,0.8880741858960535,0.8875359752047819,0.8865086599817684,0.8857608189855747,0.8849952963311383,0.8835282651072125,0.8824686501106467,0.8809704321455648,0.8800309597523219,0.8788754598003153,0.8781645569620253,0.8770096463022508,0.8757988330091692,0.8749649565461172,0.8740740740740741,0.873121387283237,0.8725087924970691,0.8718712753277712,0.8709580838323353,0.8701787394167451,0.8697999364877739,0.8694565896314803,0.8682476943346509,0.8675829701642641,0.8668741355463347,0.8665492957746479,0.8660583941605839,0.8660647103085026,0.8659003831417624,0.8660608455156065,0.866504854368932,0.8662650602409638,0.866721177432543,0.8679081853616284,0.8683510638297872,0.8694659972615244,0.8701359587435537,0.871832358674464,0.8734567901234568,0.8865096359743041,0.895462962962963,0.895411829740188,0.8648018648018648
7000.0,50.0,0.8424886788737941,0.810884070058382,0.7834179357021996,0.7787086684539768,0.7767803710353082,0.7779246530072703,0.7845134997452878,0.7955882352941176,0.8091633868200626,0.8222281096834018,0.8323484720580787,0.8391549884961306,0.8423967774420946,0.8422627955701886,0.8407732864674868,0.8368908578332662,0.8339466421343146,0.8304552590266876,0.8268779342723005,0.8248512888301388,0.8238341968911918,0.8201729106628242,0.8200099304865939,0.8217570567713289,0.8249549369116763,0.829006490264603,0.8326741709765744,0.8370560234346394,0.8423110338835795,0.8465421504290762,0.8515309069901791,0.85704831237591,0.8621200889547813,0.8675388389206868,0.8716773602199817,0.876792828685259,0.8799431942320297,0.882809700155298,0.8862671660424469,0.8875811688311688,0.8877430760164997,0.8889398105713413,0.888727155102701,0.8875862068965518,0.8868264552171562,0.8853635505193579,0.8840007891102781,0.8823650597445406,0.8805394990366089,0.87593808630394,0.8721221221221221,0.867394270122783,0.8632881555686506,0.8600311041990669,0.8553888130968622,0.8534604519774012,0.8514306676449009,0.8483412322274881,0.8467000835421888,0.8459595959595959,0.8444830582102519,0.8420038535645472,0.8410931174089069,0.8400852878464818,0.8384703196347032,0.8380195599022005,0.8282084887589475,0.820807544945476,0.8238658025162028,0.8470496894409938
1800.0,20.0,0.8439872373198372,0.7933817594834544,0.7713836477987421,0.7470404136617227,0.7223340040241448,0.7016985138004246,0.6871599564744287,0.6825061025223759,0.6869626663526086,0.7002303389272787,0.7195068251871423,0.7415540540540541,0.7618883528600965,0.7799023596419854,0.7950743494423792,0.807153965785381,0.8175099488345651,0.8255741775294848,0.833666001330672,0.8397711015736766,0.846272098385857,0.8602979842243645,0.8708251473477406,0.8793980729674137,0.8851886353050769,0.8889026966571393,0.8913838120104438,0.8928424798138771,0.8939824013624752,0.8947368421052632,0.8951038350765499,0.8954580446497306,0.8954815886798521,0.8955685891169762,0.8955173576002696,0.8954011065006916,0.8950999469308332,0.8951584193663226,0.8948228882833787,0.89419795221843,0.8940499040307102,0.8936545240893067,0.8932987634623055,0.8928353967931805,0.8924798011187073,0.8920668058455115,0.8909931733098436,0.8905795479973149,0.8908210433634163,0.8893317702227432,0.888648908087353,0.8876432486297957,0.8869609594284256,0.8858435337945716,0.885273028130171,0.8847237880496054,0.8838295388207823,0.8834631515877771,0.8831942789034565,0.8830142813734427,0.8829032258064516,0.8826058201058201,0.8824931880108992,0.8827441372068603,0.8829090909090909,0.8834355828220859,0.8861831656961355,0.8905608755129959,0.8887987012987013,0.8578592426076431
1600.0,90.0,0.8033138999693158,0.7797793604245217,0.7622529109125372,0.744916820702403,0.7298350824587706,0.7176374460137738,0.7097565247854265,0.706865974157588,0.708789269325803,0.7140142517814727,0.7228027043638598,0.7325652841781874,0.741044776119403,0.7495343486359154,0.7563907871424955,0.7625538020086083,0.7684429508721395,0.7727272727272727,0.7782328847279111,0.7828315182575273,0.7873482726423903,0.8014582164890633,0.8154306617891587,0.8297463489623367,0.8435729847494553,0.8558252427184466,0.8654255319148936,0.873642081189251,0.8794669897032101,0.8843710292249047,0.887193098871931,0.8892757660167131,0.8905579399141631,0.8909358879882093,0.891912320483749,0.8920585967617579,0.8912167606768735,0.8907766990291263,0.8903654485049833,0.8899317406143344,0.8898525585429314,0.8884615384615384,0.8881925522252497,0.8875925925925926,0.8868049010367578,0.886468330134357,0.88564453125,0.8847222222222222,0.8840550384459733,0.8824781775601448,0.8813374125874126,0.8803389830508475,0.8791899441340782,0.878383212113986,0.8773561196280473,0.8768491591857378,0.8763517915309447,0.8758741258741258,0.8755640639956243,0.8753889674681754,0.8753049217965275,0.8754840631516235,0.8755569211860501,0.8759368521766864,0.8766071130405744,0.8770804438280166,0.8814993954050786,0.8850141376060321,0.8831898165481094,0.8534621578099839
1600.0,80.0,0.8026905829596412,0.7795501022494887,0.7619550858652576,0.7449301487156377,0.7297297297297297,0.7178088419138539,0.7100017038677798,0.707040866568193,0.7090472926662097,0.7147465437788019,0.7228843861740167,0.7322172619047619,0.740379403794038,0.7489650780171956,0.7556400196174595,0.7616796440489433,0.7675717610550815,0.7717842323651453,0.7772520817562453,0.7819237147595357,0.786216277488098,0.8003817834742296,0.8144430051813472,0.8287106446776612,0.8426201616333475,0.8543643263757116,0.8651743883394065,0.8729003359462486,0.8789317507418397,0.8835616438356164,0.8873697916666666,0.8886612021857924,0.8905263157894737,0.8908170643528561,0.8916913946587537,0.8917486752460257,0.8909090909090909,0.8911834789515488,0.8915171288743883,0.8901927912824812,0.8893617021276595,0.8884986830553117,0.8880570409982175,0.8879090909090909,0.8868640148011101,0.8861581920903955,0.8859060402684564,0.8848101265822785,0.8842105263157894,0.882850872609468,0.8817850246728169,0.8806433721575152,0.879584142579687,0.8787453183520599,0.8777599605279388,0.8772495966240537,0.8767105768001023,0.8761879619852164,0.8759731543624161,0.8757462168540886,0.8756338028169014,0.8757491594796083,0.8759047044632087,0.8762128325508607,0.876781910535802,0.8773183597073336,0.8817944457631142,0.8855644663787785,0.8831312017640573,0.8536392405063291
12500.0,10.0,0.8291457286432161,0.9030152315822194,0.9024943310657596,0.8991661321359846,0.894076108277756,0.8858816964285714,0.8765525028227324,0.8689083820662769,0.8644688644688645,0.8629932985852569,0.8648888888888889,0.8679716784673053,0.8724452993508055,0.8775370268787712,0.8826720396776193,0.8881155385418479,0.8931623931623932,0.8980121002592912,0.9024448705656759,0.9063163481953291,0.91015854374633,0.9175141242937853,0.9232995658465991,0.9272054287476866,0.9299763965381589,0.9315684315684316,0.9316120906801008,0.9313988329916417,0.9302371154223006,0.9287095215079749,0.9266489204377403,0.9241280115066522,0.9218410768562745,0.9196661450182577,0.9171855541718555,0.9150036954915004,0.9136125654450262,0.9126829767632306,0.9117963427751883,0.9110896017699115,0.9104216388225935,0.9101491451436886,0.9098597359735974,0.9096203121360354,0.9093035343035343,0.9086176980913823,0.9081861958266453,0.9068454481298518,0.905536198219125,0.9027968821641449,0.8985584623598505,0.8950276243093923,0.8909090909090909,0.888100866824271,0.8835376532399299,0.882312925170068,0.8796728971962616,0.8774968248470154,0.8767760593486734,0.8755434782608695,0.873598369011213,0.8704784130688448,0.8680030257186082,0.8649449618966977,0.8633612662942272,0.8628643852978454,0.88,0.8864783047426842,0.8893617021276595,0.9021842355175689
1800.0,30.0,0.836357372531006,0.8033412887828162,0.7747201492537313,0.7458831126896998,0.7211717709720373,0.7031382527565734,0.6922572178477691,0.6899308983218164,0.6967213114754098,0.7109943411479386,0.7303401360544217,0.7507875393769688,0.7702586206896552,0.7860798362333674,0.799059929494712,0.8096179183135704,0.818577648766328,0.8248407643312102,0.8320479862896315,0.8374653098982424,0.8426147704590818,0.8556499770326137,0.8663115499545277,0.8747836122331217,0.8808371076058098,0.8853503184713376,0.8882404951370468,0.8905842947525121,0.8920278637770898,0.8928283642224013,0.8935463789167877,0.8942591810890671,0.894434628975265,0.8947368421052632,0.8946880074228717,0.8946866809625923,0.8948010739565536,0.8948144507249939,0.8945518453427065,0.8939632545931758,0.8939111938314278,0.8938077131993482,0.8931635759756436,0.892867211728221,0.8925381734370499,0.8925043579314352,0.8916180534233957,0.8910396503278176,0.8912776412776413,0.8897999344047228,0.8890756302521008,0.8884615384615384,0.8874148440301183,0.8864743349569127,0.885692068429238,0.8850437549721559,0.8844884488448845,0.8838983050847458,0.8836424957841484,0.8833907056798623,0.8825411334552102,0.8827392120075047,0.8825519574673756,0.8822652757078987,0.8817759421786268,0.8818082788671024,0.8824415975885456,0.8838206627680312,0.879986125563649,0.847246449040618
7000.0,40.0,0.8439615808534089,0.8093023255813954,0.7806603773584906,0.7741965973534972,0.7702331961591221,0.7686524002313476,0.7727891156462585,0.7827242524916943,0.7957603686635945,0.8089956118966358,0.8192752264917214,0.8260531935546496,0.8291598408612216,0.8284122562674094,0.8262434554973822,0.822163983526769,0.8181818181818182,0.8148327678138633,0.810840108401084,0.8088861838101035,0.8077445652173914,0.8044463818657367,0.8054162487462387,0.8083908207799522,0.812950906211508,0.8182015638575152,0.8233595800524934,0.8291000313577924,0.8354289940828402,0.840957674219752,0.8469785575048733,0.8530884808013356,0.8588308457711443,0.865160848733744,0.870398773006135,0.8752079866888519,0.8785779398359161,0.8812749003984064,0.885259544367003,0.8865479945921586,0.8867901385992886,0.8881403330367358,0.8880817863868712,0.8869141464812957,0.8860437256663671,0.8848446815186696,0.8833551769331586,0.8814776808619805,0.8798649369113204,0.8752189994160016,0.8712357217030114,0.8665609424558224,0.8622461463175923,0.8589147286821706,0.8542670825063794,0.8520692691517464,0.8501678364357644,0.8471902727571475,0.8449774070212026,0.8441330998248686,0.8430379746835444,0.8402889245585875,0.8393760539629005,0.838738338516215,0.8372203712517848,0.8363080061193269,0.8265598650927487,0.8187538556446637,0.8218849840255591,0.8444444444444444
384399.0,40.0,1.0,1.0,1.0,1.0,1.0,1.0,1.0,1.0,1.0,1.0,1.0,1.0,1.0,1.0,1.0,1.0,1.0,1.0,1.0,1.0,1.0,1.0,1.0,1.0,1.0,1.0,1.0,1.0,1.0,1.0,1.0,1.0,1.0,1.0,1.0,1.0,1.0,1.0,1.0,1.0,1.0,1.0,1.0,1.0,1.0,1.0,1.0,1.0,1.0,1.0,1.0,1.0,1.0,1.0,1.0,1.0,1.0,1.0,1.0,1.0,1.0,1.0,1.0,1.0,1.0,1.0,1.0,1.0,1.0,1.0
900.0,90.0,0.7695826186392224,0.7562043795620438,0.751939077704132,0.7502349624060151,0.7502758367046708,0.7513721185510428,0.7524034672970843,0.7524070021881838,0.7512884700338683,0.7492289899768697,0.746810598626104,0.7442143727161997,0.7426878933728249,0.741637323943662,0.7411036616812791,0.7413587604290822,0.7428571428571429,0.7434312210200927,0.7450997398091934,0.7464077669902912,0.7479137314403381,0.754641174840676,0.7625586650443247,0.7731717687074829,0.7852246763137852,0.79739336492891,0.8085106382978723,0.8186256102140443,0.8266557645134914,0.8322382829610162,0.8362790697674418,0.8376911692155895,0.8398157625383829,0.8402335456475584,0.8402625820568927,0.8397759103641457,0.8388042203985931,0.8382526564344747,0.8374772589448151,0.8366583541147132,0.8358681875792142,0.8352941176470589,0.8347710683477106,0.8343475321162948,0.8341362697866483,0.8333333333333334,0.8333333333333334,0.8328509406657019,0.8333333333333334,0.8326878388845856,0.8332009531374106,0.8326497128794094,0.8336148648648649,0.8337078651685393,0.8350045578851413,0.8351970669110907,0.8357277882797731,0.8358048780487805,0.8362462760675273,0.8366423207488941,0.8369031449169366,0.8373939525777682,0.8376857271499325,0.8380438606778469,0.8384710234278668,0.8388589051657671,0.8438361197868822,0.8465826466311197,0.8410151691948659,0.793168880455408
17500.0,40.0,0.8325642715886619,0.9230769230769231,0.9297177642501383,0.9317867567982793,0.9341281066882199,0.9363381716322893,0.9383989993746091,0.9396681749622926,0.9411764705882353,0.9413008989952406,0.9419753086419753,0.9414285714285714,0.9417555373256767,0.9411214953271028,0.9409457167090755,0.9406972564993411,0.9403267179694883,0.9399969618714872,0.9396993508711992,0.9396617986164489,0.9396756756756757,0.9399591955698047,0.9408517350157729,0.9413020277481323,0.9424046076313894,0.9427745664739884,0.9435432366841231,0.9436077643908969,0.9430242634315424,0.9420571111727197,0.9410526315789474,0.9398066783831283,0.9384196185286103,0.9363270777479893,0.9353518821603928,0.932804757185332,0.9303268909568122,0.92790863668808,0.9248427138241796,0.9220257234726688,0.9191489361702128,0.9162289189936411,0.9139646869983948,0.9117210682492581,0.9107067287346593,0.9100961538461538,0.9098316132536665,0.9114614918132201,0.9124579124579124,0.9176090468497576,0.9225352112676056,0.9272437599575146,0.9305949008498584,0.9330236159504453,0.9347584675180455,0.9356855739169272,0.9368404473145377,0.9377490039840638,0.9381136044880786,0.9385464581416744,0.9392138063279003,0.9399043460178831,0.9405563032750112,0.9412751677852349,0.9418338836677673,0.9424055719260648,0.9418948926720947,0.9413727359389895,0.9407114624505929,0.9405653950953677
1300.0,70.0,0.7958681751106739,0.7674043337943753,0.7535460992907801,0.7418466120625465,0.7331520454008039,0.7268975417190023,0.7231253277399056,0.7212569316081331,0.7212701612903226,0.7233333333333334,0.725938566552901,0.7293568244534069,0.7328175370728562,0.7367617884938196,0.7403521252000711,0.7439298102428076,0.7476333410297853,0.7508461338193179,0.7549956559513467,0.7590865229977485,0.7626514611546685,0.7755011135857461,0.7899343544857768,0.8052287581699347,0.8216463414634146,0.8356211989574284,0.8477713178294574,0.8573540280857354,0.8649564922590123,0.8705826170009551,0.8740443664619627,0.8759884027411703,0.8776119402985074,0.8783764870538838,0.8785180930499713,0.8784060943451509,0.8774637127578304,0.8773411114522567,0.876770538243626,0.8758074935400517,0.875143372112076,0.8742828214647317,0.8737166324435318,0.8730186378679673,0.8723441926345609,0.8718502519798416,0.8712273641851107,0.8706384558277654,0.8703458703458703,0.8692033293697978,0.8686827684189162,0.8680904522613065,0.8676565526145901,0.8673267326732673,0.8671603795417727,0.8669767441860465,0.8670977011494253,0.8671604938271605,0.8672521957340025,0.8676356086166623,0.8678251711427067,0.8687448728465955,0.8695652173913043,0.8703051643192489,0.8716528162511542,0.8725992317541613,0.8825396825396825,0.8881618084473528,0.8857142857142857,0.8505800464037123
700.0,20.0,0.7891950427144748,0.7289156626506024,0.717254528122021,0.7153647752394989,0.7159507159507159,0.7175528873642081,0.7229263746505126,0.7343168146662847,0.7518022657054583,0.7720956086714842,0.7930672268907563,0.8116123642439432,0.8263588263588264,0.837852206273259,0.8458864426419467,0.8517369727047146,0.8561151079136691,0.8582295988934993,0.860832137733142,0.8620432513049963,0.8613477924089853,0.8614754098360655,0.8601380500431406,0.857871198568873,0.8552073732718894,0.8524621212121212,0.8498058252427184,0.8475247524752475,0.8449627991152222,0.8428032235030093,0.8407180657881084,0.8386170212765958,0.8373118279569892,0.8360279659165393,0.834902004207729,0.8338368580060423,0.8327365138038582,0.8321597598984186,0.8315504878335488,0.8309352517985612,0.830547480620155,0.8300459000124054,0.8299285624765008,0.8297115262422163,0.829557157569516,0.8295513823682837,0.8294583883751652,0.8294801550180408,0.8296487182964872,0.830180688876341,0.8304329066589962,0.8309235762761876,0.831623415811708,0.832002457002457,0.8330658105939005,0.8333065164923572,0.8338557993730408,0.8344348415522793,0.8348513490290428,0.8354295837023915,0.8358449946178687,0.8363028953229399,0.8369959870055418,0.8374579291229459,0.8381957376370784,0.8386958386958387,0.8463329452852154,0.8532144184318098,0.8503311258278146,0.8052150045745654
600.0,0.0,0.7622483858716294,0.7679890560875513,0.7842704887908857,0.8021986970684039,0.8081716359047169,0.8048780487804879,0.800977343402932,0.8023483365949119,0.8105216622458002,0.8230829333630986,0.8353193198554023,0.845679963037117,0.8537623425263875,0.8599330357142857,0.8647615214328839,0.8683153667300781,0.8713904931141715,0.8740359897172237,0.8760250844187167,0.8778280542986425,0.8793237971391418,0.8820793433652531,0.8836541223786268,0.884088200238379,0.8838709677419354,0.8833386025924754,0.882636655948553,0.8820630749014455,0.8810483870967741,0.8802864938608459,0.879488950276243,0.8784980517180304,0.877690100430416,0.8773006134969324,0.876346082435945,0.8762154076290203,0.8752384586035864,0.874414976599064,0.8745158791634393,0.8740594059405941,0.8732681336593318,0.8730675345809601,0.8729372937293729,0.8724747474747475,0.8717622080679406,0.8715083798882682,0.8713602781399392,0.8712087912087911,0.8708961845607809,0.8699817518248175,0.8699074074074075,0.8695238095238095,0.868780487804878,0.8685770750988142,0.8686505900461775,0.8680412371134021,0.867983367983368,0.8678839957035446,0.8673637864611998,0.8676872607982503,0.8674033149171271,0.8670553935860058,0.866230677764566,0.8660986001217286,0.8660770688566013,0.865485564304462,0.8651124063280601,0.864360353048595,0.860575806826097,0.8008541245223646
9000.0,90.0,0.8745297632219518,0.8548895899053628,0.8203955334319925,0.8158647594278283,0.8193519751442521,0.8243430152143845,0.8316683316683317,0.839994562262099,0.847872340425532,0.8552278820375335,0.8614540466392319,0.8682476943346509,0.8693798449612403,0.8721296713192256,0.8737713398861873,0.8719906048150323,0.8725945587259456,0.8723880597014926,0.8714524207011686,0.873109243697479,0.8741659716430359,0.875920370875375,0.8812533380808261,0.8870370370370371,0.8947368421052632,0.9005355776587605,0.9040038591413411,0.9092002405291641,0.9105691056910569,0.9112903225806451,0.9118782161234992,0.9128937635505675,0.9136744464392579,0.9083796940194715,0.912252325111201,0.9089438409983822,0.9139756484912652,0.9200961249624512,0.8955074875207987,0.914018691588785,0.9221105527638191,0.9038112522686026,0.9101736972704715,0.9027173913043478,0.9246054938632379,0.9209535759096612,0.8955123911587408,0.9037776193870278,0.8877166541070083,0.8916172734970365,0.8852913968547641,0.8893296714474621,0.8821631245131857,0.8628639334521687,0.8847254748894093,0.8470282114489182,0.8456587040480618,0.8689357769906053,0.8566508118746925,0.8262179809141135,0.8310398885211635,0.8516792855756163,0.8311580691941164,0.8289124668435013,0.8384633738964448,0.8457979953739398,0.8161925601750547,0.8274509803921568,0.84631217838765,0.8560553633217993
700.0,0.0,0.8025869759143621,0.7958098811757348,0.7770206022187005,0.7610251289732068,0.7452742485280446,0.732521186440678,0.7308466051969824,0.7424279734055651,0.7650328448711471,0.7907330867957364,0.8152546846133545,0.833843329253366,0.8452751817237798,0.8525641025641025,0.8560945780676722,0.8580729166666666,0.8588342440801457,0.8596153846153847,0.860337972166998,0.8611971104231166,0.8617363344051447,0.8648954211418881,0.8669043374925728,0.8688423645320197,0.8711111111111111,0.8726322664924886,0.8733243967828418,0.8741450068399452,0.8741307371349096,0.8742937853107344,0.8734723220704529,0.8738938053097345,0.8725782414307004,0.8720666161998486,0.8718342287029931,0.8713178294573644,0.8698083067092651,0.8691141260973663,0.8685064935064936,0.8684863523573201,0.8681135225375626,0.8677474402730375,0.8666092943201377,0.8667829119442023,0.8664021164021164,0.8661909009812667,0.8655545536519387,0.8660893345487694,0.8658356417359188,0.8658373205741626,0.8654033041788144,0.8660039761431412,0.8660723330969506,0.8662964105728684,0.8665739353734218,0.8670594536689876,0.8672508214676888,0.8675266404935502,0.8677338782924614,0.8678959038394213,0.8679646017699115,0.8680209220289502,0.868039950062422,0.8678612865798634,0.8673373574782026,0.8669807399196342,0.8599025094782452,0.8489432703003338,0.8350568769389866,0.7856777493606137
2000.0,10.0,0.8512,0.8027012711864406,0.7875514403292181,0.7623008849557522,0.7295823166355677,0.6990595611285266,0.6761614106476772,0.6653346653346653,0.6676890156918688,0.6822660098522167,0.7042547637692509,0.7297118251076515,0.75398265779391,0.7746679316888045,0.7916216216216216,0.8052378085490668,0.8163534454335641,0.8250539956803455,0.8334618350038551,0.8399668325041459,0.8461881408827463,0.8608430675469781,0.8723646723646724,0.8812814070351759,0.8876860622462788,0.8922631959508315,0.8956587966488957,0.8976,0.9001663893510815,0.901213171577123,0.9026785714285714,0.9033605812897366,0.9043767840152236,0.9057004830917874,0.9060496794871795,0.9066941297631308,0.9069890202702703,0.9074566535474949,0.9074597651152675,0.9074664238561347,0.9075911398246423,0.9074510728601745,0.9072983046771672,0.906996691581914,0.906676687961919,0.9066093769745988,0.9052898744322736,0.9048783802147031,0.9050675223960423,0.9033133390459869,0.9020497803806735,0.90057856272838,0.8992816989381637,0.8976198239321813,0.8963301200744123,0.8952100985647587,0.8937847035643919,0.893014705882353,0.8926088547383827,0.8918112292482746,0.8908659549228944,0.8900364520048603,0.8894210745522699,0.8889126255073703,0.8883968113374667,0.8880353817504656,0.8867924528301887,0.8905811623246493,0.8917769376181475,0.8693918245264207
700.0,60.0,0.7299630086313194,0.7533604636823282,0.7452002844275895,0.7384855581576893,0.7347062386432465,0.7330941704035875,0.7323187108325873,0.7308911588587531,0.728511038046031,0.7247566909975669,0.7205825986968187,0.7166430928807166,0.7125,0.7092008059100067,0.7055555555555556,0.7024302430243025,0.69950839819746,0.6965030106530802,0.6941054271617761,0.6915711591469607,0.6890756302521008,0.6855359001040583,0.6849096705632306,0.6895161290322581,0.6992417860151643,0.7136150234741784,0.7306226175349428,0.7497730711043873,0.7686291739894552,0.786626746506986,0.8009110098877903,0.8116898997309856,0.8208349692448632,0.8271021542738013,0.8315589908123086,0.8346456692913385,0.8357302652604666,0.8371753246753246,0.8375523889354568,0.8375432525951557,0.8375374845651791,0.8370397375136711,0.8366703744901742,0.8363601967461218,0.8358381502890173,0.8355895624877379,0.8352635782747604,0.8350578210590384,0.8349534643226474,0.8342385400825548,0.8340017825311943,0.8338319907940162,0.8337674638882311,0.833939393939394,0.8334608518235144,0.8337182448036952,0.8334655035685964,0.8331060812653395,0.8332871012482663,0.8327116212338594,0.8327993009030003,0.8320217917675545,0.8317698561601,0.8307342430149448,0.829533855052739,0.8285613290915518,0.8177411536597189,0.8096714197148172,0.7988295537673739,0.7495384615384615
2000.0,50.0,0.8031529612270984,0.7919799498746867,0.7612997090203686,0.7340973260255772,0.713469387755102,0.7002150537634408,0.69433465085639,0.6949317738791423,0.7028642936596218,0.7156226126814362,0.7305464618484009,0.7456924058710912,0.7590643274853801,0.7699769053117783,0.7781914893617021,0.7857142857142857,0.7908061292471685,0.7945508100147275,0.79912,0.802439024390244,0.8058767772511848,0.8162350039242068,0.8268200235263364,0.837878333832784,0.8489522212908633,0.8587319243604005,0.8674166331860185,0.8744598098530683,0.8801189659116907,0.8846990572878898,0.8881612090680101,0.8909278883432411,0.892886345053148,0.8943857698721512,0.8955137481910275,0.8963869811884144,0.8971761817065684,0.8974597273853779,0.8980952380952381,0.8981018981018981,0.8985801217038539,0.8982698961937716,0.8985507246376812,0.8986291486291487,0.8984490398818316,0.8982102908277405,0.8972332015810277,0.8969404186795491,0.8973851030110935,0.8963466440101954,0.8956787429070275,0.894401456531634,0.8937763219466542,0.8926996570308672,0.8914373088685015,0.8908616187989556,0.8899132321041214,0.8890746934225195,0.8889505830094392,0.8877551020408163,0.8872814948764316,0.8861386138613861,0.8858418367346939,0.8846657929226737,0.8841961852861036,0.882986360373295,0.8802775024777006,0.882579156518395,0.8819856860057865,0.8553417385534173
1300.0,30.0,0.8243034055727554,0.783528280724243,0.770460358056266,0.7543661971830986,0.7367577756833176,0.7203094190808433,0.7089446284902982,0.7048710601719198,0.7089669638175145,0.7208148148148148,0.7392215568862276,0.7593753999744016,0.7784261157546128,0.795854155099019,0.8095843935538592,0.8210900473933649,0.8306974332382681,0.8379682179341658,0.8452669902912622,0.8516590761223162,0.8568443051201672,0.8696850393700788,0.8786279683377308,0.8851124940162757,0.8891739353514623,0.8906420021762785,0.8918764302059496,0.89179548156956,0.8909313725490197,0.8904971680302077,0.8894634776987718,0.8876254180602007,0.8870748299319728,0.8860319666435025,0.8853503184713376,0.8844221105527639,0.8822652757078987,0.8820895522388059,0.8810068649885584,0.8790007806401249,0.8789556962025317,0.8772357723577235,0.8772652388797364,0.8760469011725294,0.875,0.8747841105354058,0.8742105263157894,0.8737544483985765,0.8726696832579186,0.8722011385199241,0.8714563106796116,0.8706094265986191,0.8699763593380615,0.8696291627271773,0.8694499668654738,0.8692853972481136,0.8692474591755167,0.8692325800376648,0.8692896436259269,0.8696834817012858,0.8698432601880878,0.8704137392661982,0.8712406015037594,0.8722454672245468,0.8732456140350877,0.8744490044079647,0.8839055793991416,0.8890137679123349,0.8858585858585859,0.8518518518518519
1500.0,40.0,0.8118097813838179,0.7796007942313722,0.7581309180732811,0.7380867072733788,0.7206670637284097,0.7062022900763358,0.6968533018171074,0.6931216931216931,0.6944707740916272,0.6989574283231972,0.7089765580331618,0.7215884476534296,0.729561403508772,0.7450372208436724,0.7520739511732638,0.7585839765770561,0.766887417218543,0.7695546558704454,0.7770175438596492,0.7832127902550438,0.7888224376160033,0.8079438120610317,0.8216685330347144,0.8410680228862047,0.8525167194649771,0.8626394767218161,0.865979381443299,0.8753292361720808,0.8812154696132597,0.8906024096385542,0.8893871449925261,0.8709349593495935,0.8920786815523658,0.8823529411764706,0.8927973199329984,0.8997709049255441,0.8822495606326889,0.8850235849056604,0.8803367408298256,0.8934169278996865,0.8908629441624365,0.8796895213454075,0.881578947368421,0.8801874163319946,0.8812286689419795,0.8714776632302406,0.9015918958031838,0.9008082292432035,0.8684971098265896,0.8763440860215054,0.8720565149136578,0.8745928338762216,0.8676103247293921,0.8820468343451865,0.8652603231597845,0.8786238532110092,0.8822412155745489,0.8770955165692008,0.8574612403100775,0.8452569169960474,0.8846920574965901,0.8745022064363362,0.8741817374902918,0.8664840807942485,0.8613320669595156,0.8764735390017557,0.8801471876642719,0.8830369357045144,0.8795213489257547,0.8474178403755869
1800.0,70.0,0.8056096610829763,0.7884479717813051,0.7656967840735069,0.7441321356128658,0.7268453220498354,0.714149560117302,0.7076702033598585,0.7070934534341322,0.7114169675090253,0.7182539682539683,0.7299124900556881,0.7421289355322339,0.7507598784194529,0.7641984184040259,0.7703980099502488,0.775422138836773,0.7819265767179165,0.7832038046630321,0.7885468136323325,0.7928789138265447,0.7965819721718088,0.8108352962493205,0.8212302434856898,0.8380716934487021,0.8482566248256624,0.8593604470661286,0.86342123056119,0.8738147337709701,0.8811919504643962,0.8923454768726975,0.8924914675767918,0.8746713409290097,0.897140221402214,0.8875823142050799,0.9001956947162426,0.9082661290322581,0.8903259182617693,0.8940501043841336,0.8894821142552055,0.9039106145251397,0.9014164305949008,0.8905616676317313,0.8931523022432113,0.8910950661853189,0.8936039360393604,0.8833746898263027,0.9154652686762779,0.9146666666666666,0.880655737704918,0.8900560224089635,0.8858578607322326,0.8873134328358209,0.8806426931905126,0.8960831334932055,0.87893864013267,0.8914334181509754,0.8953386103781882,0.8897922312556459,0.8702338129496403,0.8574311926605505,0.8973684210526316,0.8865,0.8854198866563627,0.8773175124483525,0.8714899240171787,0.8860362453531598,0.8842935307370454,0.8854166666666666,0.8821782178217822,0.8515750133475708
12500.0,50.0,0.8335828877005348,0.907967032967033,0.9100165107319758,0.9074035013710188,0.9050029779630733,0.9009116131589378,0.8970065956367326,0.8945041061276058,0.8937644341801386,0.8934562211981567,0.8941419410933594,0.8959230184856926,0.8980157572220601,0.9002331778814124,0.9025495750708216,0.9049648412529299,0.907088122605364,0.909261744966443,0.9110576923076923,0.9129411764705883,0.9146937241638482,0.9189054726368159,0.9228232189973615,0.9256993006993007,0.9286291719598107,0.9308671922377199,0.9323471400394477,0.932994923857868,0.9334410339256866,0.932520325203252,0.9321862348178138,0.9307548346849657,0.9291698400609292,0.9280442804428044,0.926653351087439,0.9255333244998012,0.9243591759710647,0.9234334445680386,0.9227252938615585,0.9222194071446669,0.9216549295774648,0.9209993247805537,0.9205246913580247,0.9200351493848857,0.9200394866732478,0.9197565024903155,0.9184177997527813,0.9180887372013652,0.9179834462001505,0.9160714285714285,0.9142116182572614,0.9123863502184437,0.9105367793240556,0.9097467608951708,0.9088717454194792,0.9081668419207851,0.9085940444779494,0.9083417085427136,0.908150064683053,0.9085477941176471,0.9084080445844439,0.9081605171020738,0.9078203984537615,0.9072933549432739,0.9067737430167597,0.9069854314531192,0.9114611624117328,0.9120171673819742,0.9123711340206185,0.9165333333333333
200.0,90.0,0.691421102661597,0.701766304347826,0.703104077906269,0.7051666042680644,0.7079261672095548,0.7106350995866215,0.7119155354449472,0.7111111111111111,0.7086307053941908,0.7048876056918952,0.7001133073146166,0.6957767722473605,0.691360228489825,0.6881115969185926,0.6851851851851852,0.6835443037974683,0.6825,0.681641315882561,0.681637519872814,0.6825467497773821,0.6836073741903338,0.6891361256544503,0.6980358667805294,0.7114615726343847,0.7313070776255708,0.7533418787767808,0.7798800184586987,0.808668377530653,0.8358938547486033,0.8624426844518549,0.8872762457668119,0.9071588366890381,0.9245635910224439,0.9384615384615385,0.9492307692307692,0.9575353871773522,0.964221824686941,0.9696682464454977,0.9718808581545512,0.975050861976657,0.9766121707538602,0.9774427020506634,0.9784973121640206,0.9783340061902839,0.9795345104333868,0.9794031105506514,0.9786266484765802,0.9789441089952005,0.9783925356032085,0.978108581436077,0.9779302670623143,0.9776119402985075,0.9765327695560253,0.9758082749265204,0.9756616257088847,0.9741602067183462,0.9742295430393199,0.9739154310818232,0.9726271942874143,0.9716446124763705,0.9715302491103203,0.9704329461457232,0.9685314685314687,0.9674728940783986,0.9668161434977578,0.9657501205981668,0.9554367201426025,0.94646591384358,0.9394538979026513,0.9358874120406568
200.0,80.0,0.6929160935350757,0.7057308435286542,0.7074376365099436,0.709700176366843,0.7127904008169518,0.7153954802259888,0.7161076995748701,0.7154271665642287,0.7121188428459734,0.7074975657254138,0.7017042068883327,0.6968481375358166,0.6916666666666667,0.6875621890547263,0.6841862609497464,0.6817460317460318,0.6806266947875866,0.678974358974359,0.6791217257318952,0.6794982698961938,0.6797671033478894,0.6837387964148528,0.6922689075630252,0.7042160737812911,0.7230419977298524,0.7440966501922021,0.7700162450684613,0.7988455988455988,0.8258706467661692,0.8528156996587031,0.8784860557768924,0.8993637941006362,0.9183937823834197,0.9322651128914785,0.9437299035369775,0.952920662598082,0.9596622889305816,0.9649751243781094,0.968056011377311,0.971509009009009,0.9731279111429595,0.9739814697296612,0.975,0.974794675729255,0.9760597099000141,0.9759551556276738,0.9749601275917065,0.9753991528185078,0.9746900826446282,0.9742220585527527,0.973874049522324,0.9735810113519091,0.9724628025760603,0.9715167339188227,0.9709893379618151,0.9691224268689058,0.9690893901420217,0.9689208633093525,0.9672897196261683,0.9660514172709296,0.9658206429780033,0.9639573372563444,0.9622871046228711,0.960852544584602,0.9588977113498366,0.957831325301205,0.9412844036697248,0.9311625249928592,0.9006309148264985,0.8894899536321484
12500.0,40.0,0.8341523341523341,0.9057562076749436,0.9068934646374217,0.9038625148885486,0.9012404580152672,0.8979785217940619,0.894927536231884,0.8927145708582834,0.8921865536038764,0.8923410404624278,0.8937074829931972,0.8960474308300396,0.898091342876619,0.9005310192980184,0.9028898342379346,0.9052422688936663,0.9073179791976226,0.9094504579517069,0.9112508735150244,0.9132134480062549,0.9148936170212766,0.9189502122732536,0.9226830517153097,0.9259510869565217,0.9298561151079137,0.9315845444877703,0.9333435960591133,0.9343253968253968,0.9347496206373292,0.9340133885878228,0.9332273449920508,0.9317958783120707,0.9303303303303303,0.9285714285714286,0.9270650263620387,0.9250841750841751,0.9237033324981208,0.9225978647686833,0.9214385474860335,0.9205149162239477,0.9194200142619444,0.9189337730145645,0.917877447883765,0.9172687861271677,0.9164961113385182,0.915129151291513,0.9141675284384695,0.9131684876365728,0.9122137404580153,0.9099236641221374,0.9077887197851388,0.9046397043728187,0.9022443313280889,0.9009543461439257,0.8996324568843653,0.8990303216869324,0.8990856192851205,0.8983111111111111,0.8985920852359208,0.8988650182407782,0.8986500964216841,0.8982364156339371,0.8973753280839895,0.8966800228963938,0.896551724137931,0.8968123562274072,0.9037927844588344,0.9066427289048474,0.9078014184397163,0.9130246646473389
7000.0,10.0,0.8291991495393338,0.8118421052631579,0.7827205882352941,0.7715156130997716,0.7600286532951289,0.7507283090563648,0.7510990161189031,0.7627831715210356,0.7818267865593942,0.8010680907877169,0.8188561215370866,0.8287267260321499,0.8304935370152762,0.8262885678616015,0.8179470626210459,0.8070975918884664,0.796669588080631,0.7888135593220339,0.7801445416508178,0.7751072961373391,0.7717601547388782,0.7649938800489596,0.7658986175115208,0.7694470477975632,0.7761781576875492,0.7849076657366812,0.7945712523133868,0.8041725105189341,0.8140309621791103,0.8238476520233715,0.8334125475285171,0.8422291993720565,0.8502943650126157,0.8573578092085465,0.8641461070169817,0.8695505238256168,0.8734409391049156,0.8781132075471698,0.8799840510366826,0.8816842105263157,0.8824300699300699,0.8828161185734136,0.8825503355704698,0.8822942643391521,0.8809523809523809,0.8802363050483352,0.879108635097493,0.8772334293948126,0.8753744757339724,0.8707976268951879,0.8678321678321679,0.8643178410794603,0.8610223642172524,0.857504215851602,0.8537962962962963,0.8518518518518519,0.8495575221238938,0.8471867007672634,0.8458907887479316,0.8440088671100222,0.8430148823811809,0.8412495199078223,0.8399729912221472,0.8387512530431047,0.8375976712118891,0.8366553232863393,0.8270212194466828,0.8173605655930872,0.818969913309536,0.8474541331684189
1800.0,60.0,0.7997634335924299,0.7856025039123631,0.762737413325294,0.741861061266342,0.7248545303408146,0.712896953985742,0.7062439024390244,0.7048158640226629,0.7086551792434146,0.7164975974372664,0.725918225918226,0.7364307425097699,0.7456556082148499,0.753731343283582,0.760573476702509,0.7659367396593674,0.7712217194570136,0.775022588093565,0.7794488966955758,0.7832512315270936,0.7868206878445786,0.7986418193303854,0.8112254443405051,0.8246569374863864,0.8381989114299851,0.850415512465374,0.8613470873786407,0.8703947368421052,0.8776726253066947,0.8825715347454478,0.8869463869463869,0.8897323212145426,0.8921651221566975,0.8933791917454859,0.8940071556350626,0.8948824343015215,0.8953598484848485,0.895843287147635,0.895843520782396,0.8951406649616368,0.8952282157676349,0.8950159066808059,0.8945375878853434,0.8942148760330578,0.893581081081081,0.8932424758659853,0.8925570228091236,0.891941391941392,0.8918918918918919,0.8903846153846153,0.8896189224704336,0.8892686261107313,0.8878766643307638,0.8872620790629575,0.8861047835990888,0.8857808857808858,0.8840579710144928,0.8842018196856907,0.8839506172839506,0.8840336134453781,0.8828724353256021,0.8831501831501831,0.8826415094339622,0.8826382153249273,0.882649460631112,0.8828033606295863,0.8843377044349492,0.8868752384586036,0.8844323589394969,0.8543499511241447
1500.0,50.0,0.802787816210635,0.7760147601476015,0.7595089070775156,0.7436853002070394,0.7285037237643873,0.7163972777541472,0.7076230299131554,0.7037470725995316,0.7050524934383202,0.7093486929552504,0.7168294083859851,0.7255747126436781,0.7335951134380454,0.7418230288116477,0.7483130105362851,0.7542259189696807,0.7599102468212415,0.7643237841439041,0.7699034432501366,0.7747208931419458,0.779520697167756,0.7943485086342229,0.8093023255813954,0.8248567335243553,0.8393509127789046,0.8519187358916479,0.8622222222222222,0.8700954400848356,0.8761210762331838,0.8802816901408451,0.8836497244335578,0.8851828094932649,0.8861842105263158,0.8869329722410291,0.8869625520110958,0.8869257950530035,0.8864306784660767,0.8860103626943006,0.8861047835990888,0.8846453624318005,0.884493670886076,0.8833605220228385,0.8832781456953642,0.8819561551433389,0.8816466552315609,0.8804537521815009,0.8799467613132209,0.879009009009009,0.8783287419651056,0.8770270270270271,0.876039603960396,0.875,0.874065494366642,0.873127088498437,0.8722897037121126,0.8718885590317424,0.8714420136438485,0.8710107996602354,0.8708364174685418,0.8706467661691543,0.870600414078675,0.8708204646166241,0.8711732926998199,0.8717285015818234,0.8724397590361446,0.873279098873592,0.8801752464403066,0.8850213980028531,0.8828337874659401,0.8525311812179017
384399.0,10.0,1.0,1.0,1.0,1.0,1.0,1.0,1.0,1.0,1.0,1.0,1.0,1.0,1.0,1.0,1.0,1.0,1.0,1.0,1.0,1.0,1.0,1.0,1.0,1.0,1.0,1.0,1.0,1.0,1.0,1.0,1.0,1.0,1.0,1.0,1.0,1.0,1.0,1.0,1.0,1.0,1.0,1.0,1.0,1.0,1.0,1.0,1.0,1.0,1.0,1.0,1.0,1.0,1.0,1.0,1.0,1.0,1.0,1.0,1.0,1.0,1.0,1.0,1.0,1.0,1.0,1.0,1.0,1.0,1.0,1.0
9000.0,0.0,0.8772182254196643,0.8526891522333637,0.791119449656035,0.7717758271438218,0.7579303172126886,0.7483244742315692,0.7462178517397882,0.7530294287362954,0.7668619246861925,0.7847367200185572,0.8018032022384579,0.8150010054293183,0.8224837255883826,0.8247170388498012,0.8226456577500916,0.8175647008909631,0.8121951219512196,0.8067928730512249,0.8022457891453525,0.8007017543859649,0.7995301487862176,0.8027238133386742,0.8142911730989683,0.8299265410412009,0.8463665086887836,0.8611645813282002,0.8729202524383247,0.8820148749154835,0.8885387948011028,0.8935018050541517,0.8967807869187532,0.8995354239256679,0.9022020725388601,0.9057815845824411,0.9072741806554756,0.9095652173913044,0.9109837631327603,0.9113248980445466,0.9142700329308452,0.9130952380952381,0.9104342190537913,0.9107455844681138,0.908311910882605,0.9045952525867316,0.9018141311266709,0.8981157245289312,0.8944434767462115,0.8903636363636364,0.8866213151927438,0.8768085985944605,0.8689609530112509,0.8592023065833734,0.8504793988079813,0.8434592227695676,0.8340820604971548,0.8296089385474861,0.8247256294383474,0.8184658104824714,0.8138766519823789,0.8117821415339015,0.80895865237366,0.8027210884353742,0.7992831541218638,0.7964015151515151,0.7931737137035151,0.7895890410958905,0.7702312138728323,0.7777116500520755,0.8063479308959421,0.8854166666666666
17500.0,10.0,0.8291156462585034,0.9386343993085566,0.9470468431771895,0.950925925925926,0.9519713261648746,0.9530300785301526,0.953405017921147,0.9535181236673774,0.9528703935823515,0.9521167883211679,0.9514006074924063,0.9500387296669248,0.9491825011047282,0.948345035105316,0.94781622234827,0.9481434058898848,0.9473684210526315,0.9472402597402597,0.9478976234003657,0.9475092630712227,0.9476737440538345,0.9478397486252946,0.9483347566182749,0.949245939675174,0.9498235985887887,0.9506561679790027,0.95135510771369,0.9518619436875567,0.9517564402810305,0.9513795674869501,0.9504411488642763,0.9490296937105448,0.947201384881708,0.9456022606852702,0.9424892703862661,0.9398652151373769,0.9364881693648817,0.9322916666666666,0.9274977895667551,0.9241155536947875,0.9200344997535732,0.9161737123070264,0.9124516887917997,0.9095858448376434,0.9073039982130892,0.9059633027522935,0.9058891454965358,0.9061992859461214,0.9076421586381745,0.9118942731277533,0.9167966718668746,0.9217443249701314,0.9247817327065144,0.9279346210995543,0.9296116504854369,0.931064572425829,0.9325863678804855,0.934493041749503,0.9357962319755815,0.9370838881491345,0.9383737185461324,0.9407341320418048,0.9428176795580111,0.9446258907363421,0.9460567823343848,0.9472282337273181,0.948540877701047,0.9485376827896513,0.9487516425755584,0.9480620155038759
1300.0,20.0,0.8315594632114761,0.7593811718235681,0.761144377910845,0.7565165876777251,0.7440357852882704,0.727911806997923,0.713859910581222,0.7061682242990655,0.7069994574064026,0.7158730158730159,0.7317661241711875,0.7511760966306421,0.7708397416179638,0.7885304659498208,0.8036797412050142,0.8165812346779585,0.8272529596520899,0.836245110821382,0.8445796460176991,0.8512639623750735,0.8570982839313572,0.8695802983003815,0.8784656285605773,0.8833401555464593,0.8866782006920415,0.8877272727272727,0.8877887788778878,0.8875305623471883,0.8864321608040201,0.8855515277058519,0.8846560846560847,0.8834224598930481,0.8819290465631929,0.8808058198097369,0.879746835443038,0.8783783783783784,0.8773189706762418,0.8768028846153846,0.87599266951741,0.8745247148288974,0.8734015345268542,0.8732119635890767,0.8720316622691293,0.8721552878179384,0.8713410483321987,0.8707250341997264,0.8695340501792115,0.869281045751634,0.8692857142857143,0.8686792452830189,0.8685626441199078,0.8682539682539683,0.8674211802748585,0.8674496644295302,0.8683982683982684,0.8677248677248677,0.8683970856102003,0.8686567164179104,0.8682407407407408,0.8689622641509434,0.8696869686968697,0.8702868852459016,0.8712401055408971,0.8719756970814799,0.8732648685249972,0.8746275771660112,0.8851642880849652,0.8916415338216286,0.8880328710837185,0.8530212302667393
2000.0,40.0,0.8126315789473684,0.7994281045751634,0.7663751987281399,0.736510545056149,0.7138336347197106,0.6987387387387387,0.6915783602900167,0.6913951545530493,0.6994079980669324,0.7126765299260256,0.7289237668161435,0.7457044673539519,0.7606326889279438,0.7729549248747913,0.7827967323402211,0.7911255411255411,0.7974835230677052,0.8023793787177792,0.8075822603719599,0.811965811965812,0.8161888701517707,0.8281342546890424,0.8393487418877377,0.850264618562024,0.8601398601398601,0.868384074941452,0.8752093802345059,0.8806076854334227,0.8847744360902255,0.8879889371789806,0.8905289052890529,0.8924528301886793,0.8941098610191925,0.8951504265828468,0.8961008638804576,0.8967757459095284,0.8974295600593178,0.8980304163550237,0.8981363288230789,0.8982324584895555,0.8983695652173913,0.8984983314794216,0.8986083499005965,0.8982903506230078,0.8982497775140907,0.8984421809466746,0.8974277548428072,0.8971206729213846,0.8975175047740293,0.8962457337883959,0.8954752718344441,0.8946212952799122,0.8939051918735892,0.892434988179669,0.8913934426229508,0.8908021839563208,0.8896160558464223,0.8887393449977569,0.8887399463806971,0.8881789137380192,0.8869480834546337,0.8859561752988048,0.8850102669404517,0.8843717001055966,0.8837081733406473,0.8831018518518519,0.8799039231385108,0.8817917876399834,0.881134401972873,0.854138581827986
700.0,70.0,0.7525466893039049,0.7686532686532687,0.761400475470067,0.7565036420395421,0.7545787545787546,0.7549019607843137,0.7545626179987414,0.7537916371367824,0.7519611505416511,0.7487969201154957,0.7453001819284415,0.7415730337078652,0.7376080036380173,0.7342733188720173,0.7309904153354633,0.7281784386617101,0.7260497000856898,0.7236738703339882,0.7214723926380369,0.7193935565382186,0.7173633899272364,0.7150710900473933,0.7156716417910448,0.7214905236106649,0.7318367346938776,0.7460559796437659,0.7622594661700807,0.7802359882005899,0.7979522184300342,0.8132111861137897,0.8257981572744804,0.8346503125368557,0.8422911935402473,0.8474235104669887,0.8509527170077629,0.8532393124724549,0.8535369273917108,0.8549000951474786,0.8545364891518737,0.8539077132640899,0.8535863509749304,0.8526543878656555,0.8521450929847174,0.8515448379804069,0.8509041939207388,0.8502159403219474,0.8496195434521425,0.8491335372069317,0.8486047480216576,0.8477257745550428,0.8470056497175141,0.846441947565543,0.8461724221202608,0.8458870168483648,0.8451477896939577,0.8450592885375494,0.844625850340136,0.8441193021947102,0.8435081685296647,0.8430906389301634,0.8425981873111782,0.8415748031496063,0.8407830342577488,0.8395103706222373,0.8379150303463049,0.8364920104050538,0.8241361526560083,0.8146179401993355,0.8036277602523659,0.7529392005374539
700.0,50.0,0.7432608291503997,0.7709517045454546,0.7594073377234243,0.7483020375549341,0.742142398973701,0.737992125984252,0.7352386479036704,0.7328668450298416,0.7303149606299213,0.726800296956199,0.7230915125651968,0.7198351971748087,0.7154065620542083,0.7120777027027027,0.7082677165354331,0.7050107453907929,0.7018354511615967,0.6984517435971639,0.6958979328165374,0.6929430777518405,0.6900119379228015,0.6869806094182825,0.6873621178695241,0.6939252336448598,0.7053231939163498,0.721395881006865,0.7396889790398918,0.759016393442623,0.777024647887324,0.7932879377431906,0.8057112638815441,0.8147260273972603,0.8221234686524141,0.827126321087066,0.8306346304518151,0.8328406342381081,0.8334976757289759,0.8347083926031295,0.8347470020473823,0.8345615882087531,0.8345818682158691,0.8340163934426229,0.8336,0.8332518337408313,0.8330016583747927,0.83251813121943,0.832418524871355,0.8321142459073494,0.8317955997161107,0.831439746693984,0.831201069314493,0.831230283911672,0.8310344827586207,0.8312227527506747,0.8307121013543032,0.830989010989011,0.8308806882499434,0.8308806353655688,0.8306413301662707,0.8304668304668305,0.8301745635910225,0.8297927461139897,0.8293204922418406,0.8285158421345192,0.8271245634458673,0.8262314898760955,0.8140786749482402,0.8059227921734532,0.7953836556456644,0.7464365110500849
2000.0,60.0,0.8067826304592667,0.7945914844649021,0.7641665746161493,0.737385105983868,0.7182455071580871,0.7060505002382087,0.7010822510822511,0.7027654633734431,0.7104988830975428,0.7220984403483897,0.7358790771678599,0.7494983277591973,0.76110884631064,0.7710144927536232,0.7791411042944786,0.7854889589905363,0.790436005625879,0.7940717628705148,0.7982127659574468,0.802048417132216,0.805041675137223,0.8151975683890578,0.8258628096806531,0.8369781312127237,0.8479073243647235,0.858153078202995,0.866787494336203,0.873990702226572,0.8799064205874707,0.8843612334801763,0.8878988215004312,0.890661938534279,0.8927011852776044,0.8942675159235669,0.8954530368403585,0.8965399109284001,0.8974268593584772,0.8981844072623709,0.8982123312659613,0.8985451761102603,0.8989113530326595,0.8985276561878233,0.8983739837398373,0.8983402489626556,0.8988525286867828,0.8987124463519314,0.8976342129208371,0.8975903614457831,0.8978568171454628,0.8968215158924205,0.8959798994974875,0.8951781970649895,0.8943965517241379,0.8928369994359842,0.8914956011730205,0.8912259615384616,0.8895820336868372,0.8890314304041051,0.888817891373802,0.8878016960208741,0.8869625520110958,0.8861209964412812,0.8855465884079237,0.8846153846153846,0.8847962382445141,0.8835672997522709,0.8806242168811937,0.8828205505667599,0.8823426573426574,0.8557838660578386
25000.0,90.0,0.8196428571428571,0.8712605042016807,0.8738170347003155,0.8787625418060201,0.885632183908046,0.8914670658682635,0.8944496707431797,0.8962253260995037,0.8961201501877347,0.8948844884488449,0.8927328952454581,0.8903803131991052,0.8882337862086644,0.8864628820960698,0.8847669074195667,0.8842609657206045,0.8833470733718054,0.883571099861942,0.883530015392509,0.8833619210977701,0.8845663265306123,0.8859060402684564,0.8891106675537813,0.8917926882983409,0.8938070277615997,0.8955720501663681,0.8966096005370929,0.8971553610503282,0.8978433598183881,0.8989751098096632,0.9000937207122774,0.9017548048227289,0.9040373606507984,0.9065986008697297,0.9099247412982127,0.9131441806601043,0.9166960818919873,0.9204931972789115,0.9228804902962207,0.9258373205741627,0.9281729428172942,0.9299516908212561,0.9315693430656934,0.9331952356292077,0.9356989490337891,0.9365513809405325,0.9364336818932306,0.9373433583959899,0.9371219356892709,0.937555913401324,0.9382861635220126,0.9390451832907076,0.9389595375722544,0.9389123416935684,0.9391395592864638,0.937605872388481,0.9376653925316083,0.9377491567003986,0.9362745098039216,0.9353951890034364,0.9356330014224751,0.9347993827160493,0.9336413271734565,0.9338731443994602,0.9333013435700576,0.9326530612244898,0.9231372549019607,0.9179746291120189,0.9138896294321514,0.9103972950126796
17500.0,30.0,0.8369279326670174,0.9276094276094277,0.933920704845815,0.9351135814403093,0.9370376200220368,0.9392983839180133,0.9415021665864227,0.9433198380566802,0.9447305183659458,0.9459459459459459,0.9464537341474871,0.9462832338578405,0.9464841319228375,0.9461374911410347,0.9461847389558233,0.9464609800362976,0.9457110724874758,0.9454733693776601,0.9451487710219922,0.9449941792782305,0.9448083851948903,0.9445916114790287,0.9444610331442221,0.9446464646464646,0.9455040871934605,0.9460247994164843,0.946280193236715,0.9462297570850202,0.9459724950884086,0.9449329983249581,0.9435911016949152,0.9423076923076923,0.9403782894736842,0.9387651821862348,0.9363411619283065,0.9340329835082459,0.9312839059674503,0.9282535547595788,0.9250810110174984,0.9216320246343341,0.9183042212518195,0.9149027154158649,0.9117941029485257,0.9089327146171694,0.906813627254509,0.9056531703590527,0.9050715214564369,0.9058077110785749,0.9073569482288828,0.9112582781456954,0.9166666666666666,0.9217777777777778,0.925,0.9282447735191638,0.9302599082676702,0.9318811382523294,0.933137202460551,0.934162192709805,0.9349895864326093,0.9357354546872563,0.9363295880149812,0.9375110326566637,0.9384849060186065,0.9394000810701256,0.9404072883172562,0.9409377817853922,0.9419939577039275,0.9421898928024502,0.9426008968609866,0.9428685577307232
1000.0,80.0,0.777083108763609,0.7613756613756614,0.7543555781966378,0.7499574757611839,0.747528720277852,0.7461969575660529,0.7458116695551704,0.745044319097502,0.7443305713039686,0.7431521583249677,0.7421660252886201,0.7416704701049749,0.7415230683713174,0.7418181818181818,0.7428350116189001,0.7441860465116279,0.746177370030581,0.7475447718082033,0.7503234152652005,0.7521676300578035,0.7547868061142398,0.7631042219049562,0.7727099961991638,0.784325730904638,0.7966101694915254,0.8081708834508503,0.8184149184149184,0.8268099258122282,0.8334251101321586,0.8381536663745253,0.8412307692307692,0.8424635332252837,0.843530591775326,0.8439226519337016,0.8433179723502304,0.8432862830256967,0.8422046055115138,0.8414264036418816,0.8409179307662388,0.8399840383080607,0.8392712550607287,0.8382659441433931,0.838123415046492,0.8377796901893287,0.8369042413642326,0.8368888888888889,0.8364950316169828,0.8363886342804766,0.836677554829678,0.8365949119373777,0.8366733466933868,0.8372093023255814,0.8374933616569304,0.8381314502987507,0.8387650085763293,0.83917288914417,0.8396449704142012,0.8406593406593407,0.840471756672874,0.8412596401028277,0.8414872798434442,0.8426051560379919,0.8429172510518934,0.843065693430657,0.8442056792018419,0.8456,0.8535603359024503,0.8590839694656488,0.856007393715342,0.8141520943472956
384399.0,30.0,1.0,1.0,1.0,1.0,1.0,1.0,1.0,1.0,1.0,1.0,1.0,1.0,1.0,1.0,1.0,1.0,1.0,1.0,1.0,1.0,1.0,1.0,1.0,1.0,1.0,1.0,1.0,1.0,1.0,1.0,1.0,1.0,1.0,1.0,1.0,1.0,1.0,1.0,1.0,1.0,1.0,1.0,1.0,1.0,1.0,1.0,1.0,1.0,1.0,1.0,1.0,1.0,1.0,1.0,1.0,1.0,1.0,1.0,1.0,1.0,1.0,1.0,1.0,1.0,1.0,1.0,1.0,1.0,1.0,1.0
1500.0,70.0,0.7988771466314399,0.7740604949587534,0.7581120943952803,0.744,0.7315662650602409,0.7216456634544107,0.7154099560761347,0.712829892866475,0.7139258726160489,0.7176414189837008,0.7235221674876847,0.7301149425287357,0.7361524163568773,0.7425320056899004,0.7478128565994675,0.7527083634262602,0.7574578469520103,0.7613945887052842,0.7664131305044035,0.770791969997794,0.7748119388497937,0.7885357885357885,0.8029380150483698,0.8186026936026936,0.8330914368650217,0.846782988004362,0.8577456298975287,0.8667537557152188,0.8734353268428373,0.8791208791208791,0.8825786646201075,0.8846774193548387,0.8863070539419087,0.886986301369863,0.8875219683655536,0.8880717488789238,0.8869850187265917,0.886829727187206,0.8861969111969112,0.8857142857142857,0.8851616802659413,0.8842597402597403,0.8836056931997891,0.8830038676407391,0.8822564775336176,0.8816462736373749,0.8809550752517823,0.8802436501551546,0.8794658545156379,0.8780007386433584,0.877020202020202,0.875945734411688,0.8748825345683985,0.874106652006597,0.8732272069464544,0.8729257641921397,0.8724137931034482,0.8719455613980823,0.8718553459119497,0.8717073170731707,0.8716806861289791,0.8717904827114002,0.8723066054397739,0.8727539420608728,0.8736316497023238,0.874326750448833,0.8813180675788885,0.8861818181818182,0.8840642640034737,0.852803738317757
1800.0,40.0,0.8117748704023697,0.7917855105533371,0.764489522960321,0.7391555812608445,0.7180223285486443,0.7021384928716904,0.6928346456692913,0.6904061212477928,0.694562087074369,0.704311152764761,0.7169459962756052,0.7308904649330181,0.7444658325312801,0.7554038680318543,0.7648595689092097,0.7731277533039648,0.7796266233766234,0.7852546916890081,0.7911992263056092,0.7965994962216625,0.8012966333030027,0.8154071704651473,0.8292795566502463,0.842335256074113,0.8545137543587756,0.8645722776480578,0.8731751824817519,0.8794740686632578,0.8845070422535212,0.8881118881118881,0.8906860011154489,0.8925619834710744,0.8940754039497307,0.8950410708853057,0.895484685822545,0.8957453718739851,0.8957708957708957,0.8960080509896008,0.8960905349794238,0.8956241032998565,0.8953107960741549,0.8949127367248422,0.894776684330053,0.8943308908600077,0.8936170212765957,0.893879173290938,0.8924821503569929,0.8919265271251602,0.8920168067226891,0.8909335727109515,0.889604415823367,0.8885167464114833,0.8876349362119725,0.8866666666666667,0.8855774348057477,0.884594447468699,0.8842461885940147,0.8834106728538283,0.8833718244803695,0.8833235120801414,0.8829054477144647,0.8818240205523442,0.8821192052980132,0.8815520762423418,0.8818117480537863,0.8820014936519791,0.883139776026545,0.8853340502755747,0.8828324808184144,0.8519031141868512
7000.0,30.0,0.844034555218305,0.8047931967529958,0.7753335737468445,0.7682656826568266,0.7607977991746905,0.7543144774688398,0.7536964980544747,0.7619328226281673,0.7756962025316456,0.7912654745529574,0.804125263474857,0.8129894937917861,0.8166744511910322,0.8152112676056338,0.8112449799196787,0.8052995391705069,0.7992973210364515,0.7943971985992997,0.7890625,0.7863408521303258,0.7845188284518828,0.7806167400881058,0.782965509592991,0.7878162816281629,0.7942712721145746,0.8014271151885831,0.8086851628468034,0.8164592760180995,0.8240498034076016,0.8313477289650038,0.8387635756056808,0.8459726801695714,0.8530633437175493,0.8600451467268623,0.8659147869674185,0.8722259583053127,0.8764619883040936,0.8794607454401269,0.8843314191960624,0.8851590106007067,0.885645933014354,0.8879684418145957,0.8876311143420916,0.8867321054373001,0.8859931113662457,0.8847583643122676,0.883337496877342,0.8815875081327261,0.8799082445014168,0.8752764263600177,0.8713119899560577,0.8664500683994528,0.8619671526111828,0.8586448598130841,0.8538461538461538,0.8517127071823204,0.8495981630309989,0.8464011872372001,0.8443223443223443,0.8437829293993677,0.8425774877650897,0.839770669885335,0.8387198986058302,0.8378378378378378,0.836552217453505,0.8359524722115753,0.8253664754620778,0.8183864915572233,0.8208500791620996,0.8427704752275025
12500.0,60.0,0.8334561532792926,0.9070723684210527,0.9093337785940891,0.9069827364081422,0.9042747533796127,0.9004878048780488,0.8961851156973109,0.8932190179267342,0.892022792022792,0.8917291524653488,0.8927280032141423,0.8946384039900249,0.8968239727256415,0.8993041342611543,0.9019016697588126,0.9043137254901961,0.906635349383441,0.9088815789473684,0.9109639440765268,0.912828947368421,0.9149816176470589,0.9192471159684275,0.9229534510433387,0.9261381725565107,0.9289609844776954,0.9313312580113532,0.9329847908745247,0.9338010982306284,0.9341595662277304,0.933852140077821,0.9329710144927537,0.9316493313521546,0.930316742081448,0.9290718038528897,0.9278580814717478,0.9265695944888054,0.9256443537919525,0.9247546346782988,0.92406034262337,0.9237388724035608,0.9235253772290809,0.9228650137741047,0.9228699551569507,0.9224885262621112,0.9229891614375356,0.9221938775510204,0.9217081850533808,0.9216300940438872,0.9206896551724137,0.9191970654167516,0.9176789715768369,0.9161756829137654,0.9144144144144144,0.9135,0.9129407488186114,0.9122493547746675,0.9127931769722815,0.9125198818450352,0.9125549584758182,0.9129755080771235,0.9129360065915957,0.9126183929117018,0.9121324771882393,0.9118406492069348,0.9112614405093514,0.9113006396588487,0.9147727272727273,0.9143576826196473,0.9142131979695431,0.9181472081218274
2500.0,90.0,0.8226785714285715,0.8107216494845361,0.7578454332552693,0.7182393252503954,0.6952238166630971,0.6863406408094435,0.6878224974200207,0.69717125382263,0.7135353977459241,0.73301117487164,0.7532545563789305,0.7715671260847371,0.786453433678269,0.79745889387145,0.8049307958477508,0.8111819519372241,0.8150984682713348,0.8181265206812652,0.820836098208361,0.8232727272727273,0.8256369426751592,0.8326685660018993,0.8402096342551294,0.8480102695763799,0.855336876885505,0.8620689655172413,0.8677103044899364,0.8729629629629629,0.8773547880690737,0.8811305070656692,0.8843315972222222,0.8869060896720946,0.8901515151515151,0.8922778988138466,0.8947768762677485,0.8969505783385909,0.898696360673547,0.9001924663183943,0.9015001415227851,0.9035928143712575,0.9048200122025626,0.9058380414312618,0.9069243156199678,0.9078599735799208,0.90859667006456,0.9097485359972443,0.9097273397199706,0.9102902374670184,0.9106083086053413,0.9109947643979057,0.9112130054189246,0.9106047326906223,0.9106170598911071,0.9095260890378172,0.9083166332665331,0.9072164948453608,0.9058633674018289,0.9051054384017758,0.9042081949058693,0.9031161473087819,0.899818949909475,0.8976426799007444,0.8957133717210493,0.8934210526315789,0.8907103825136612,0.8878504672897196,0.8751724137931034,0.8749682014754515,0.8780118199727232,0.8580756013745704
2500.0,80.0,0.822524101665206,0.81044957472661,0.7576687116564417,0.7180018118286527,0.6951219512195121,0.6861966236345581,0.6875949367088607,0.6975993998499624,0.7137031870372358,0.7331951436185964,0.7534354142127994,0.7716358179089545,0.7864167178856791,0.7971439033321128,0.8053435114503816,0.8110576923076923,0.8154506437768241,0.818019093078759,0.8209635416666666,0.8231098430813124,0.825,0.8328358208955224,0.8402716914986854,0.8480757097791798,0.855467646227748,0.8622576610381488,0.8679309177108026,0.8729493255559606,0.8775115919629057,0.8813177818702681,0.884590724513785,0.8870826010544816,0.8904173467008627,0.8924654268001907,0.8948551448551448,0.8969445882962196,0.898876404494382,0.900352017330084,0.901840490797546,0.9035682689472132,0.9047475961538461,0.9060278207109738,0.9070431472081218,0.9079375406636304,0.9086345381526104,0.9094301221166893,0.9096516690856313,0.9101707498144024,0.9108512970405553,0.9107850911974623,0.9113300492610837,0.9110919292188174,0.9106344950848972,0.90994813767091,0.9082387765170202,0.9076142131979695,0.90625,0.9044238121245222,0.9045801526717557,0.9034598214285714,0.9007134363852557,0.8979841172877214,0.8960302457466919,0.8937823834196891,0.8910558170813719,0.8874734607218684,0.8749757516973812,0.8750783109885979,0.8780414987311539,0.8578199052132701
12500.0,70.0,0.8331985987604419,0.9069852941176471,0.9091079460269865,0.9065123010130246,0.9039408866995073,0.899671052631579,0.8959212376933896,0.8922942206654991,0.8912834738077456,0.891271056661562,0.8924812030075188,0.8943501836627602,0.8967391304347826,0.899242598117971,0.9017416168442942,0.9042179261862917,0.9066096678724104,0.90902394106814,0.9114497528830313,0.9134836631385181,0.9151670951156813,0.9199457259158752,0.9229390681003584,0.9268465909090909,0.9297288875038953,0.9319339718769105,0.9334389857369255,0.934620596205962,0.9351095831542758,0.9342672413793104,0.9338235294117647,0.932621199671323,0.9316,0.9299601497403696,0.9287576020851434,0.9276236429433052,0.9266204647370566,0.9260234618146995,0.9254275301373703,0.925,0.9250655676283253,0.9244310863031344,0.92431640625,0.9245701608430393,0.9245516388373531,0.9247237569060773,0.9237875288683602,0.9238578680203046,0.9225836431226766,0.921744848750548,0.9205365051246363,0.9192831541218638,0.9174562389593705,0.9168151050944069,0.9163756305781917,0.9155885471898197,0.916287534121929,0.9162024703317995,0.9160802710450873,0.9163191548512649,0.9162518301610542,0.9165852069077876,0.9155844155844156,0.9153543307086615,0.9150021249468764,0.914767547857794,0.9174061433447099,0.916819012797075,0.9161576901721266,0.9197767701430066
7000.0,20.0,0.8369791666666667,0.8052444444444444,0.7751627441161743,0.7669601242879337,0.7580487804878049,0.7494834710743802,0.7485080988917306,0.757788503729706,0.7739242132305716,0.7932142857142858,0.809106198942816,0.8196695760598504,0.8236321303841676,0.8205861329521087,0.8145161290322581,0.8056666666666666,0.797458606083943,0.7895436420026584,0.7822420634920635,0.7783389450056116,0.7749216300940439,0.768695652173913,0.7695049504950495,0.7738644644158368,0.7803019199765499,0.7883911451978386,0.7967299152200242,0.8058905380333952,0.8154495122594253,0.8244274809160306,0.833656330749354,0.8421807747489239,0.8506998444790047,0.8583887043189369,0.8646924829157175,0.8718072289156626,0.875712066286898,0.8797996661101837,0.884090909090909,0.8858530661809351,0.8862001308044474,0.8884435537742151,0.8880335899230231,0.8868343195266272,0.885823754789272,0.8851674641148325,0.8832781456953642,0.88134135855546,0.8799822064056939,0.8756782945736434,0.8717105263157895,0.8667411961989938,0.8622350674373795,0.8589548452562151,0.854062326099054,0.8520114942528736,0.8500074548978679,0.8467094703049759,0.844704684317719,0.844053915714042,0.8430406475453106,0.8403590944574552,0.8391980360065466,0.8383903593716376,0.8372521899492854,0.8360898543569489,0.8235053235053235,0.8151715833835039,0.8198903680501175,0.8441176470588235
4000.0,0.0,0.8448654585392641,0.7870370370370371,0.7183522332793335,0.6917576961271102,0.6950117174422498,0.71499176276771,0.7441253263707572,0.7759778743579613,0.8026465028355387,0.8191434468524251,0.8250670241286864,0.8218606591572799,0.8135678391959799,0.8024837374334713,0.791581805838425,0.7816091954022989,0.7746153846153846,0.7694444444444445,0.7650564617314931,0.7641684015729817,0.7648038964368111,0.7705373687461395,0.7807339449541284,0.792742796157951,0.8038461538461539,0.8144772117962467,0.8238387379491674,0.8319061211544561,0.8388625592417062,0.8447901591895803,0.8496955859969558,0.8530451866404715,0.8576858108108109,0.8603036876355749,0.8631143775838309,0.8659942363112392,0.8683683683683684,0.8697863682604272,0.8716323296354992,0.8742209631728045,0.8756536897152818,0.8770343580470162,0.8789769182782283,0.8806451612903226,0.8820375335120644,0.8838004101161996,0.8860759493670886,0.8870967741935484,0.8881330309901738,0.8914141414141414,0.8938992042440318,0.8959280303030303,0.898605577689243,0.9001069518716578,0.9017064846416383,0.9023899668717463,0.9030522892169127,0.9028772295274052,0.9039164490861619,0.9036339165545088,0.9012900420350776,0.9000150127608467,0.8976316609535681,0.895152198421646,0.8912787766761888,0.8858666666666667,0.841091091091091,0.8130348913759052,0.8177041228779305,0.8445521648121626
1800.0,50.0,0.7990557686633225,0.7843273231622746,0.7614035087719299,0.739513325608343,0.7207446808510638,0.7066586682663467,0.6985347985347985,0.6963731967102602,0.7006880733944955,0.7094083919728955,0.7208191126279864,0.733018056749785,0.7443805541035023,0.7537037037037037,0.7615330021291696,0.7678657074340528,0.7735581188997338,0.7775710088148874,0.7823911423400405,0.7862108922363847,0.7900239324851996,0.8020600089565607,0.8146145797000349,0.8277521556045719,0.840990990990991,0.8528235882058971,0.8633894622487779,0.8718173836698858,0.8786468032278089,0.8836065573770492,0.8872565766996925,0.8902524544179523,0.8922509225092251,0.8935690109063558,0.8944487881157154,0.894927536231884,0.8950846757538208,0.8954602249062891,0.8956114188325522,0.8948306595365418,0.8951649344780841,0.8947368421052632,0.8941176470588236,0.8940047961630695,0.8936274509803922,0.893227879387049,0.8919060052219321,0.8916622411046203,0.8923157344485102,0.890625,0.8895881006864989,0.8887566924449732,0.8871951219512195,0.8859872611464968,0.8856576338400529,0.8843813387423936,0.8842917251051894,0.8840057636887608,0.8838709677419355,0.8829553767373811,0.8826728826728827,0.8827751196172249,0.8824979457682827,0.8817567567567568,0.8823529411764706,0.8818518518518519,0.8834253434330466,0.8860991020951114,0.8836198379766844,0.8533049040511727
384399.0,20.0,1.0,1.0,1.0,1.0,1.0,1.0,1.0,1.0,1.0,1.0,1.0,1.0,1.0,1.0,1.0,1.0,1.0,1.0,1.0,1.0,1.0,1.0,1.0,1.0,1.0,1.0,1.0,1.0,1.0,1.0,1.0,1.0,1.0,1.0,1.0,1.0,1.0,1.0,1.0,1.0,1.0,1.0,1.0,1.0,1.0,1.0,1.0,1.0,1.0,1.0,1.0,1.0,1.0,1.0,1.0,1.0,1.0,1.0,1.0,1.0,1.0,1.0,1.0,1.0,1.0,1.0,1.0,1.0,1.0,1.0
1500.0,60.0,0.7923542354235423,0.7704596045567631,0.7540363269424823,0.7391304347826086,0.7265892002734108,0.7171356572868542,0.7107386716325264,0.7075971731448764,0.7077528770442156,0.7101565636290647,0.714432460195172,0.7197452229299363,0.7241140215716487,0.7289855072463768,0.7331375222909892,0.7370875179340028,0.7412333736396615,0.7443156151182051,0.7487111258938965,0.7526625045905252,0.7565762849048968,0.7697105788423154,0.7842839805825242,0.8005759539236861,0.8172312839815976,0.8328571428571429,0.8463583200425305,0.8578061520603598,0.8668326073428749,0.8736010533245556,0.8781163434903048,0.8811086797957695,0.8834586466165414,0.8843167701863354,0.8851674641148325,0.8867155664221679,0.8859574468085106,0.8853721129170231,0.8849868305531168,0.8851083032490975,0.8838827838827839,0.8837429111531191,0.8828379674017258,0.8818359375,0.8814115308151094,0.8807645631067961,0.8801440329218106,0.8794274370494202,0.8788072417465389,0.8772381378692927,0.8761620566968897,0.8750444576170717,0.8740849194729137,0.8733449912565576,0.8724355602314571,0.8718423488956487,0.8715258855585831,0.8711354693648117,0.8708755892015426,0.8707533234859675,0.8708420737189092,0.8708223224001244,0.8712315586914688,0.8718375499334221,0.8725814885828831,0.8732802317161478,0.8804760698911117,0.8852999340804218,0.8831628638867034,0.8526672311600338
1000.0,90.0,0.7773184357541899,0.7618002195389681,0.755376628880178,0.7510638297872341,0.7489528064786373,0.7477968946705833,0.7469660194174758,0.7469439728353141,0.7462034054302807,0.7454159721169874,0.7447179685985656,0.7443264123611781,0.7444117647058823,0.7451048951048951,0.7465192465192465,0.7477562588568729,0.75,0.7515225334957369,0.7542545949625595,0.7564160971905847,0.7590371621621622,0.7674021959279395,0.7770011868653567,0.7883883248730964,0.8003720930232558,0.8113810741687979,0.8211556829035339,0.8293256664924202,0.8357664233576643,0.84002378828427,0.8424015009380863,0.8435956536055318,0.844248388191381,0.8444833625218914,0.8443006112909025,0.8440366972477065,0.8427095292766934,0.8423076923076923,0.8411509657075286,0.8406148867313916,0.8395568321707017,0.8389687235841082,0.8384747215081405,0.8382032272132578,0.8377659574468085,0.8373141054529067,0.836996336996337,0.8365071992568509,0.836802270577105,0.8368055555555556,0.8369730827831386,0.8375262054507338,0.8373721055465805,0.8385674931129476,0.8388405797101449,0.8397435897435898,0.8403361344537815,0.8408668730650155,0.8413098236775819,0.8415906127770535,0.8418266048974189,0.8430832759807295,0.8434163701067615,0.8437037037037037,0.8450155763239875,0.8457792207792207,0.8537895597337382,0.8592466284297008,0.8562312312312312,0.8142031379025598
17500.0,20.0,0.8384644621816799,0.932724651609803,0.9394618834080718,0.9413796606725592,0.9433293978748524,0.9455493968046952,0.9475766567754699,0.9494328922495274,0.9506276150627615,0.9510603588907015,0.9511918274687855,0.95119825708061,0.9511465603190429,0.9506802721088435,0.9499358151476252,0.9492753623188406,0.9493877551020408,0.9494485294117647,0.9489964825160356,0.9487537852317727,0.9487011283127788,0.948758865248227,0.9488103821196827,0.9495114006514658,0.9499121265377856,0.9506172839506173,0.9510108864696734,0.9510311896779438,0.9507014553559722,0.95,0.9489666807254323,0.9476177941563569,0.9459459459459459,0.944067119456652,0.9415774099318404,0.9387153800824986,0.9354151880766501,0.9319727891156463,0.9279416235937975,0.9239927841250751,0.9197898921067575,0.9158193032172028,0.9121713729308666,0.9089265536723163,0.9065347565738089,0.9050029779630733,0.9042948934731146,0.9051067073170732,0.9062633148700469,0.9106493506493506,0.9159509202453988,0.9211822660098522,0.9250197316495659,0.9278260869565217,0.9304716981132075,0.9324009324009324,0.9338664361357251,0.9351586665139191,0.9362833998307339,0.9372299872935197,0.9382814578345304,0.9399334201765813,0.9414519906323185,0.9428380411164967,0.9440410837612891,0.9449934738019765,0.9464374688589935,0.9468051621026126,0.9470393527031997,0.9466594242259642
25000.0,80.0,0.8193350831146107,0.8712658854596468,0.8740490278951818,0.8788003286770748,0.8853754940711462,0.8911764705882353,0.89472710453284,0.8962660310974918,0.8960896910035548,0.8947112264763141,0.8928164196123147,0.8904531456225253,0.8883287118729518,0.886090440755581,0.8850500484339684,0.8840159478071765,0.8832590190514795,0.8832579185520362,0.8834510595358224,0.8835770528683915,0.8840125391849529,0.8861386138613861,0.8890827789289999,0.8915680046202714,0.8938323467634142,0.8952668680765358,0.8966314398943197,0.8971157985363754,0.8977653631284916,0.899135446685879,0.9,0.9016335644611587,0.9040059347181009,0.9065002793816354,0.9096385542168675,0.91324200913242,0.916811695092238,0.9203020134228188,0.9223790322580645,0.926166568222091,0.9276859504132231,0.9299920445505171,0.9314697926059513,0.9328281793979111,0.9352783366867874,0.9362304567278099,0.9358747447243022,0.9369527145359019,0.9366430260047282,0.9371013465627215,0.9377068327817792,0.9385557432432432,0.9383875400824553,0.9382533825338253,0.9384095634095634,0.9370629370629371,0.9370812700262161,0.9371011850501367,0.935901586273875,0.9349897889720898,0.9351656095842142,0.9346330275229358,0.9334442595673876,0.933184855233853,0.932541567695962,0.9318181818181818,0.9231962761830876,0.9175958373154932,0.913432443099592,0.9099624843684869
1300.0,10.0,0.797069994574064,0.7109159779614325,0.7630803242446573,0.7959044368600683,0.7969371054477438,0.7773979107312441,0.7509612540668441,0.7299690128375388,0.719720989220038,0.7227233304423244,0.7357553875662868,0.754084625052367,0.7733664185277088,0.7912171114896839,0.8065601345668629,0.8193459867367939,0.829985301322881,0.8385158087274628,0.8461327482172244,0.8520334583213153,0.8570563294972744,0.8671489641565274,0.8735024665257224,0.8765386049981351,0.8776699029126214,0.8774193548387097,0.8768656716417911,0.8758532423208191,0.8740740740740741,0.8722644037516748,0.8709090909090909,0.8693858845096242,0.8670766319772942,0.8660629170638704,0.864613880742913,0.8626182180189149,0.8618421052631579,0.8604769152714358,0.8599382080329557,0.8588172615876398,0.8576799140708915,0.8572207084468665,0.8564329099944782,0.8557046979865772,0.8551959114139693,0.854618015963512,0.8545887961859356,0.8541289933694997,0.8535862477771191,0.8534912718204489,0.8536121673003803,0.8532289628180039,0.853448275862069,0.8543956043956044,0.8544169611307421,0.8547807332854062,0.8555555555555555,0.8567096285064443,0.856390977443609,0.8569242540168325,0.8581847649918962,0.8590381426202321,0.8599487617421008,0.8610526315789474,0.8627737226277372,0.8647398843930636,0.8808151226705992,0.8917175239755885,0.8909546688949238,0.8566402814423922
2000.0,70.0,0.8108571428571428,0.7966429954809554,0.7658439786679896,0.7387178405735977,0.7190818773552586,0.7070815450643777,0.7013821138211382,0.7033857892226991,0.7115384615384616,0.723987108655617,0.7385126964933495,0.7533460803059273,0.7664642690331621,0.7767313019390581,0.7856685860524633,0.7929036929761043,0.7980645161290323,0.8025939177101967,0.8065302144249513,0.8103099371605069,0.8135022077620265,0.8237330379396289,0.8339016074037994,0.8444569078332399,0.8544463087248322,0.8634146341463415,0.8712522045855379,0.8774403470715835,0.882538770821367,0.8862257281553398,0.8896268184693232,0.8915936384290815,0.8935296131461828,0.8952148096402375,0.8959621680611132,0.8967717717717718,0.8973369355461212,0.8982852689010132,0.8985623003194888,0.8985750209555742,0.8991489361702127,0.8989547038327527,0.8989764129951046,0.8987284287011807,0.898651789865179,0.8990136214185064,0.8979591836734694,0.8975659229208925,0.8982035928143712,0.8967362225789192,0.8960967564595932,0.8950688073394495,0.8945197407189157,0.8932098765432098,0.8921694480102695,0.8915187376725838,0.8901023890784983,0.8891228070175439,0.8888888888888888,0.8886509635974305,0.8877086494688923,0.8862928348909658,0.8860353130016051,0.8853135313531353,0.8850771869639794,0.8833785004516712,0.881077038145101,0.8830541237113402,0.8827243160512722,0.8563696919233972
700.0,40.0,0.8351541636319495,0.8203904555314534,0.8112213267203968,0.7974900171135196,0.7815737051792828,0.7665604561462351,0.7555494656070156,0.7504340277777778,0.7526525198938993,0.7599611273080661,0.772880897661214,0.7874688501245996,0.8008493518104605,0.8127829560585885,0.8213735756082537,0.8279681550709588,0.8334600760456273,0.83645443196005,0.8400890868596882,0.8426323319027181,0.844704684317719,0.8497706422018348,0.852959898154042,0.855072463768116,0.8568265682656827,0.8563622170179547,0.8558558558558559,0.8547153780798641,0.8534558180227472,0.8526032315978456,0.8513364055299539,0.849047619047619,0.8480154888673765,0.8469831849653808,0.845619335347432,0.8445193584635816,0.8427586206896551,0.842133220014873,0.8409560021727323,0.8397685545788361,0.8389897395422258,0.83791623158139,0.8372913237714554,0.8367029548989113,0.8360894941634242,0.835619824496354,0.8350709709835448,0.8346506884242734,0.8341773795610959,0.8331743219299441,0.8327745180217938,0.8323716099249856,0.8319976254081329,0.8318395868145223,0.8312539987204095,0.8313757039420756,0.8310676392572944,0.8307955517536356,0.8305202714459718,0.8300324090745409,0.8297094829161338,0.8293146003417505,0.8286274509803921,0.8276985743380856,0.8263651877133106,0.825249169435216,0.8102300242130751,0.7984585741811175,0.7862976406533575,0.738263358778626
