altitude,inclination,0.01_mmAl,0.1_mmAl,0.2_mmAl,0.3_mmAl,0.4_mmAl,0.5_mmAl,0.6_mmAl,0.7_mmAl,0.8_mmAl,0.9_mmAl,1.0_mmAl,1.1_mmAl,1.2_mmAl,1.3_mmAl,1.4_mmAl,1.5_mmAl,1.6_mmAl,1.7_mmAl,1.8_mmAl,1.9_mmAl,2.0_mmAl,2.25_mmAl,2.5_mmAl,2.75_mmAl,3.0_mmAl,3.25_mmAl,3.5_mmAl,3.75_mmAl,4.0_mmAl,4.25_mmAl,4.5_mmAl,4.75_mmAl,5.0_mmAl,5.25_mmAl,5.5_mmAl,5.75_mmAl,6.0_mmAl,6.25_mmAl,6.5_mmAl,6.75_mmAl,7.0_mmAl,7.25_mmAl,7.5_mmAl,7.75_mmAl,8.0_mmAl,8.25_mmAl,8.5_mmAl,8.75_mmAl,9.0_mmAl,9.5_mmAl,10.0_mmAl,10.5_mmAl,11.0_mmAl,11.5_mmAl,12.0_mmAl,12.5_mmAl,13.0_mmAl,13.5_mmAl,14.0_mmAl,14.5_mmAl,15.0_mmAl,16.0_mmAl,17.0_mmAl,18.0_mmAl,19.0_mmAl,20.0_mmAl,30.0_mmAl,40.0_mmAl,50.0_mmAl,100.0_mmAl
700.0,90.0,0.24742455775234132,0.25473346926886103,0.23968914793227866,0.22942507922136712,0.22385575589459084,0.22119768973553552,0.2206217912150599,0.22118561710398446,0.22306900102986613,0.22629654255319148,0.22918760469011726,0.23233625580195977,0.2369931378665003,0.24071058475203552,0.24332755632582323,0.24784525957105633,0.25197753066605527,0.25571074272288213,0.2605177993527508,0.26414158121071785,0.2689667965127064,0.2828185328185328,0.30114764267990074,0.32264003133568353,0.3443795620437956,0.37173396674584325,0.40177304964539007,0.4252066115702479,0.44535211267605634,0.4637408568443051,0.4810866574965612,0.490931832395247,0.4988060493499602,0.5039270687237026,0.498825601879037,0.5021315468940317,0.5034683013389256,0.49410609037328096,0.5056808546718671,0.49815562972070965,0.4841141626278945,0.5011177347242921,0.4945868945868946,0.48308709175738723,0.48312152501985706,0.48012976480129765,0.4781709083385061,0.47481559536354057,0.4752261956053425,0.47256999772365127,0.4684790250761659,0.4647544968400583,0.4538152610441767,0.45283505154639175,0.4514721919302072,0.44175824175824174,0.45100823629650666,0.4426807760141093,0.43105515587529974,0.44679527069072805,0.4444444444444444,0.42927957699933905,0.4288652725402811,0.42989985693848354,0.42873260624294846,0.42358934169278994,0.41641137855579874,0.41153573956121725,0.4079191238416175,0.3755615453728661
9000.0,20.0,0.46851471594798083,0.46375750475911554,0.37540747842761263,0.32367101303911733,0.29260991580916745,0.2744387427838358,0.2655364372469636,0.2641635687732342,0.26860573439602525,0.27673907066263403,0.28606701940035273,0.2954445904511607,0.30406118143459915,0.3111423220973783,0.3166848418756816,0.3211920529801324,0.3245671502105756,0.32730142030510256,0.3298245614035088,0.3321405335068315,0.33412526997840175,0.33985374771480803,0.34542933086790706,0.3510298810559907,0.35634260932417783,0.36128456735057984,0.36635006784260515,0.3712790317304547,0.3761904761904762,0.3820689655172414,0.3890557939914163,0.3955625,0.4038793103448276,0.4130718954248366,0.421087160262418,0.43076599326599324,0.4392268469109451,0.4470603884011705,0.45703971119133574,0.46321177223288545,0.46791917759659696,0.47455061494796597,0.4783585136790527,0.48090086111724445,0.48333333333333334,0.48478802992518705,0.48562384595093644,0.4859370648844333,0.48596491228070177,0.48408057179987,0.4823943661971831,0.4786986831913246,0.4749262536873156,0.4721473495058401,0.46638696939782825,0.4643115007735946,0.4615550755939525,0.45657741559953435,0.4527812113720643,0.4521055939660591,0.44951076320939337,0.4422125181950509,0.4383307573415765,0.4343467543138866,0.42945874001774625,0.424688995215311,0.38861055444221776,0.3720693170234455,0.36761710794297353,0.36452534978185647
25000.0,50.0,0.6249427568310182,0.7564366009911762,0.7663122785074005,0.7737003058103975,0.7830308146897426,0.7894156560088202,0.7909722222222222,0.7895904436860068,0.7843762865376698,0.7759716450745539,0.7659361123048274,0.7551020408163265,0.7443895017116774,0.733851803845323,0.7242808386153096,0.7153804050355774,0.7069810165339865,0.6992481203007519,0.6920731707317073,0.6855078623034424,0.6786729857819905,0.6641697877652933,0.6502475247524753,0.638421167723595,0.6284556375741787,0.6205578907145587,0.6153074027603513,0.6129137987545067,0.6135492117596932,0.6172907488986784,0.6235502121640736,0.632249322493225,0.6439940455742585,0.6567594863656038,0.6709933297277808,0.6864539165364874,0.7019704433497537,0.7179827471798275,0.7311698717948718,0.7464522232734153,0.7590227651304831,0.769825918762089,0.780559646539028,0.7876574307304786,0.7971349353049908,0.8029667519181586,0.805099150141643,0.8095238095238095,0.8107001321003963,0.8139187574671446,0.8160843770599868,0.8173835125448029,0.8171561952927446,0.8167572085248642,0.8174585635359116,0.814560113824994,0.8163820836426627,0.817312661498708,0.8150384193194292,0.8146974063400576,0.8163630934607345,0.8174757281553398,0.8170003512469266,0.8181134911687336,0.818327330932373,0.8178343949044586,0.7964376590330788,0.7821305841924399,0.7700726086499,0.75
400.0,10.0,0.23097696584590946,0.20236311239193083,0.22669753086419753,0.25042822884549504,0.26722520107238606,0.2789586816336279,0.2892690513219285,0.29965257672264045,0.31000794281175537,0.31842503785966686,0.32606318347509117,0.33090909090909093,0.33021638330757336,0.33060708263069144,0.33066424021838037,0.32729007633587787,0.32628943415122685,0.3245346513829004,0.3206462806332683,0.32234762979683973,0.32287413974104745,0.3148216255976462,0.3143481614811005,0.312541650006664,0.3098475484136794,0.308995904533258,0.3076370944587999,0.3047493403693931,0.3035660773149536,0.30267558528428096,0.2990769230769231,0.3022082018927445,0.29837164750957856,0.2964509394572025,0.2977212681638045,0.29388297872340424,0.2950847457627119,0.2971943193626602,0.28993981083404985,0.29332161687170477,0.2943089430894309,0.28829153887786396,0.28756855575868373,0.2925055928411633,0.29095354523227385,0.2842465753424657,0.2851923076923077,0.28432516530532864,0.2833039042574063,0.2835249042145594,0.28165268971159746,0.2788057190916737,0.2765224876264257,0.2793028322440087,0.28112994350282483,0.2693006357856494,0.2705424582284276,0.2747460429955115,0.2775223808371643,0.2684450853160298,0.2621995630007284,0.26937835763622403,0.2680573663624511,0.26727127233929043,0.26222345132743363,0.2624390243902439,0.25350180505415165,0.23320209973753284,0.24825174825174826,0.07931067961165048
900.0,20.0,0.37980241492864986,0.3302912621359223,0.3221434528773978,0.31582649472450175,0.30853825136612023,0.30176236498010234,0.2974098895127694,0.2978194866133039,0.3037229783827062,0.3135060639470783,0.3261428571428571,0.3392638036809816,0.35021140558935754,0.35998607403968896,0.36698656429942417,0.3724948168624741,0.376962582538518,0.37948238228874337,0.3826779330516737,0.3843543186831834,0.38520092051690563,0.38875213027835637,0.3895477386934673,0.38971668415529903,0.3889130434782609,0.38713292983635955,0.38525345622119817,0.3833843257236997,0.3818530045487192,0.38025771942620956,0.37846534653465347,0.37674536684437676,0.3756735950731332,0.3744458930899609,0.37341437632135305,0.3724966622162884,0.37110559691204853,0.37052341597796146,0.36942496493688637,0.3684210526315789,0.36781277087546954,0.3666765315182007,0.3662182361733931,0.36526220066686876,0.3647528400368437,0.36391912908242613,0.36326402016383114,0.36276697481670384,0.3620187641539955,0.36039070394072076,0.35942327497425336,0.35857696371961956,0.35762162162162164,0.3567131327953045,0.35617805065234076,0.3555983070411697,0.3554283458349783,0.3552129817444219,0.3552263374485597,0.35551782682512734,0.3558279569892473,0.35670378619153675,0.35773290500229465,0.35933333333333334,0.36164588528678304,0.36359399274987053,0.38637346791636623,0.40393996247654784,0.4151835999098896,0.419871029376642
1000.0,40.0,0.3465707027942422,0.3456686291000841,0.31972437553832905,0.3006809037449706,0.28544973544973545,0.2727986050566696,0.26450939457202505,0.26224566691785983,0.26642042717199294,0.2761159687068569,0.2903165151989972,0.30640453992703687,0.320962888665998,0.3349290780141844,0.34555932203389833,0.35424242424242425,0.36180613090306546,0.36681735985533453,0.3730434782608696,0.3776997003203472,0.3815194619031867,0.39312313803376364,0.4016540317022743,0.4087242306543173,0.4134906713442832,0.41610512129380056,0.41735755865231966,0.41776315789473684,0.41751221345358885,0.4168911119661408,0.4160094637223975,0.4143264143264143,0.4134655101197852,0.4120867551063382,0.41113490364025695,0.40997830802603036,0.40814031931639305,0.40764904386951634,0.4063864001837813,0.4050751879699248,0.40404280618311533,0.4027370478983382,0.40192926045016075,0.4009552538964304,0.3999489535477284,0.3990671158331174,0.3980531439094975,0.3971725793544945,0.3963083604777416,0.39448236632536976,0.3927844050043643,0.3915391539153915,0.3899506781750925,0.38890639773085406,0.3879310344827586,0.3870752831445703,0.38662092624356775,0.38605803255484783,0.3857502698812523,0.3857036485480268,0.38571968265961465,0.38602277188849626,0.38657200811359027,0.3876689189189189,0.3890417036379769,0.39038817005545284,0.4055222887558217,0.41562224183583407,0.41984651460243017,0.40906965871902756
2500.0,0.0,0.39813480288257735,0.3644079988490865,0.3339612486544672,0.31361587015329123,0.29848375451263537,0.2884787472035794,0.2858590978205778,0.2924223602484472,0.308936170212766,0.3325501713166911,0.3602206359506814,0.3877164056059357,0.41142167705610294,0.4298755186721992,0.444068255687974,0.45477918935269207,0.46295681063122923,0.4686703096539162,0.47477512710207276,0.4793999577435031,0.4832230084455604,0.49580272822665267,0.5065398335315101,0.5158940397350993,0.5233812949640287,0.5295031055900621,0.5337726523887973,0.5373199476211261,0.5404294198264048,0.5426653883029722,0.5447316103379721,0.5459624174707973,0.5477467811158798,0.5489338436303991,0.5508852084523129,0.5523331364441819,0.5533171028606209,0.5544,0.5555344718532574,0.5575150300601203,0.5583956492182189,0.5593575418994413,0.5604151753758053,0.5617754952311078,0.5624717407686511,0.5634351145038168,0.5649551752241239,0.5656119900083264,0.565983606557377,0.5679680567879326,0.5695412844036697,0.5706448508180944,0.5712723658051689,0.5721460709427645,0.5726775956284152,0.5729517396184063,0.573080967402734,0.5729404690318701,0.5733653269346131,0.5732499693514772,0.5721535458685751,0.571581054036024,0.570801317233809,0.5700619020821609,0.5687873052846121,0.5671550671550671,0.5576494427558257,0.5513970776723917,0.5448504983388704,0.4988288874430709
1800.0,80.0,0.33955536912751677,0.34323557237464525,0.3170018281535649,0.29946941323345816,0.28791264601320465,0.2803656597774245,0.27830585970400673,0.2819971870604782,0.2909135924733845,0.30252016129032255,0.31781483106625713,0.3335173937051353,0.3455339153794493,0.35984126984126985,0.36843549862763036,0.375555325963426,0.3831915382846631,0.38632892057026474,0.3932288053281532,0.3983038013024383,0.4028052805280528,0.42045231071779743,0.43575547866205305,0.4549561520063779,0.47028963869811885,0.48427672955974843,0.49299317283507005,0.5038669760247486,0.5118755118755118,0.520968439256377,0.5227375056280954,0.5127020785219399,0.5267249757045676,0.5215453194650818,0.5285640761708698,0.5334040296924708,0.5222524483133841,0.524423710208562,0.5213924761370017,0.5293184488836663,0.5271590232281119,0.5202069385270846,0.5214773432650528,0.5195322376738306,0.5201550387596899,0.5142112125162973,0.5323002754820937,0.5313025210084034,0.5111647139903515,0.5152317880794702,0.5119909502262443,0.5123921568627451,0.5073954983922829,0.5152812762384551,0.5047038327526132,0.5119429590017825,0.5136783733826248,0.5100664767331434,0.4980169971671388,0.4909353905496625,0.5134664618535586,0.5071976463171167,0.5067143166558371,0.502282596592807,0.4994212962962963,0.5081807081807082,0.5127684762387958,0.5143420188307423,0.5106659729448492,0.47543466068424006
1600.0,30.0,0.36455150098867517,0.35609756097560974,0.32959347224245955,0.3105463786531131,0.29545071609098567,0.28386012104909214,0.2784783741532048,0.28094117647058825,0.29191411603471906,0.3079807692307692,0.3306930693069307,0.3548315847598012,0.37396610169491523,0.3957497995188452,0.40844811753902666,0.4187025251488401,0.4290224377043635,0.43334566531014923,0.44150344097406036,0.44770589911655745,0.4528735632183908,0.47039243167484235,0.48188263095706974,0.4954367666232073,0.5021067415730337,0.5073768442110528,0.5074901445466491,0.5115766262403528,0.5135753072306374,0.5179578509943603,0.5160207506866036,0.503563681437868,0.5153671950824976,0.5088466579292268,0.5145663956639567,0.5182354984369573,0.5069271758436945,0.5082201572551823,0.5049216186656945,0.5119817421072651,0.5096227867590454,0.502944640753828,0.5039968025579536,0.5020325203252033,0.5022812111157197,0.496447973255328,0.513215859030837,0.5123042505592841,0.49295774647887325,0.49625468164794007,0.492816091954023,0.4929423459244533,0.488148524923703,0.4953340402969247,0.48517298187808894,0.49186307519640854,0.49337594421847764,0.4897435897435897,0.4787069988137604,0.47146311970979443,0.49326059050064186,0.48749177090190915,0.4871186440677966,0.48313588850174216,0.48094202898550725,0.4894576012223071,0.49698572184029616,0.5006155108740254,0.49861900893582456,0.4676183844011142
4000.0,10.0,0.33314669652855544,0.38116797900262467,0.3424265072247135,0.32199741713301766,0.3140516927557335,0.3125673249551167,0.3185009487666034,0.3316575696638897,0.34831924108063517,0.36140845070422534,0.37646627565982405,0.38672768878718533,0.38711283185840706,0.39509803921568626,0.3911077618688772,0.387532023911187,0.3868194842406877,0.3813204508856683,0.3817027281279398,0.3822685788787484,0.38288940359004053,0.3912053258584443,0.39740910990388634,0.40955631399317405,0.4160704457897633,0.4231242312423124,0.425503355704698,0.43326039387308535,0.4386443319049474,0.44731361932528113,0.4482909728308501,0.4368492530556813,0.45476653696498054,0.4494752623688156,0.46019057702488086,0.4676812396236857,0.45795847750865054,0.4615474794841735,0.46080340839926964,0.4742167101827676,0.47427997320830545,0.4692147324530924,0.4735971223021583,0.47434944237918214,0.4783011583011583,0.47375886524822697,0.5009442060085837,0.5024778761061947,0.47865853658536583,0.49223300970873785,0.49337140526208445,0.4996723460026212,0.49942581534221403,0.514183522446966,0.5065599580162687,0.5180131004366813,0.523953823953824,0.5210273355361971,0.5095646934779334,0.5026405716060889,0.5307898259705489,0.5242718446601942,0.5240324032403241,0.5189873417721519,0.5143801010493587,0.5223205101830899,0.502326934264107,0.4867460622358817,0.47994336951392164,0.44168383110195675
200.0,60.0,0.112876254180602,0.1519122609673791,0.15984325048984221,0.16482982171799027,0.16942168674698796,0.17309921581997953,0.17519703291608715,0.17522824102251977,0.1731990704879938,0.16948176583493282,0.16470998488899222,0.15955242436800662,0.15419427832552127,0.14907597535934292,0.14422625400213449,0.13976749818357956,0.13563626433642817,0.1317596566523605,0.12825788751714678,0.12499043245311903,0.12202304737516005,0.11583659764969222,0.11195571955719558,0.11072834645669291,0.11284501061571126,0.11807490501176045,0.1276949826130154,0.14227614490772386,0.1612781954887218,0.1862820512820513,0.21791559000861327,0.2533394223084827,0.29572271386430676,0.3378782218901756,0.3823257960313798,0.42651536119568223,0.4674230145867099,0.504617657923901,0.5291894162116758,0.5589041095890411,0.5768849206349206,0.5887053809270112,0.601123595505618,0.605057194461168,0.617881200244948,0.6205750798722045,0.616260162601626,0.620263705759889,0.6173661360347322,0.6172915072685541,0.6181672025723473,0.6166386554621849,0.6101590106007067,0.6070697674418605,0.605576923076923,0.5953545232273839,0.5975507640778731,0.5952533675432969,0.5862806938499662,0.5820913038375778,0.5812589755864049,0.5748161298503677,0.5650879566982407,0.5600739371534196,0.554027798535346,0.5494263712085494,0.49032414126753743,0.4544222297526262,0.4213440405748098,0.46333280076689565
2500.0,50.0,0.34792569659442724,0.3607482185273159,0.32584841628959277,0.30354406130268197,0.28986412619084806,0.2823994075536905,0.2821144372868511,0.2896396396396396,0.3042776432606941,0.32199420031229087,0.34428169847610596,0.3658812441093308,0.3813382727483214,0.3996138996138996,0.4085541015001596,0.4151898734177215,0.42258064516129035,0.42424921559838635,0.4302541544477028,0.43474304068522485,0.4386869871043376,0.4546153846153846,0.4671322925225965,0.48473933649289097,0.49612155987674,0.5071268700671457,0.5126533742331288,0.5223263506063948,0.5291020766305937,0.5385331059078927,0.540032414910859,0.5281666666666667,0.5456475583864119,0.5402714932126697,0.5498672734167614,0.5569097700019658,0.5458054032094252,0.5490438001233806,0.5469940728196444,0.5591133004926109,0.5578370978781656,0.5515137291715559,0.5546724470134875,0.5544578908372437,0.5566565040650406,0.5508627349987123,0.5754820936639119,0.5756551141166526,0.5518580144204104,0.5605057194461168,0.5590526643814272,0.5619266055045872,0.5586838534599728,0.5701503221188261,0.5593855376545522,0.5686198920585968,0.5720032180209171,0.5673994193280797,0.554635761589404,0.5461864406779661,0.5724604966139955,0.5647331786542923,0.5631578947368421,0.5568125922282341,0.552093973442288,0.5599784830554061,0.547749077490775,0.5395992366412213,0.530408093668296,0.4832128099173554
2500.0,40.0,0.34271604938271605,0.35969509290138163,0.3241095890410959,0.3007782101167315,0.28600638977635784,0.27659141753101485,0.2746696035242291,0.281067044381492,0.2952120383036936,0.3126908396946565,0.3360153256704981,0.35882738290206356,0.3751261861498082,0.39518072289156625,0.40462911321807027,0.41211738718838753,0.4200913242009132,0.42238689547581904,0.42917726887192537,0.4342764378478664,0.4387227572225038,0.456422569027611,0.4703081232492997,0.48823058446757406,0.5000891265597148,0.5110893032384691,0.5157059756742465,0.5250198570293884,0.531294964028777,0.5404206791687786,0.5414080042266544,0.529140688533478,0.5469176605834172,0.5409451130026416,0.5506912442396313,0.5576066199872692,0.5463358527768649,0.5495345744680851,0.547553882996921,0.5594139989148128,0.558216654384672,0.5517241379310345,0.5548211508553654,0.5544041450777202,0.5567855678556786,0.5508932280847528,0.5753333333333334,0.5755853603091612,0.5515544620890181,0.5602234094220495,0.5586830862025635,0.5615750528541226,0.5581395348837209,0.569284064665127,0.5584768812330009,0.5677860696517413,0.5709185329438494,0.5664546367592903,0.5539592382225192,0.5454856361149111,0.5714285714285714,0.5635069314349944,0.5618238021638331,0.5560413354531002,0.5509698720594305,0.558695652173913,0.5464991023339317,0.5382170542635659,0.5292321924144311,0.4821692340156151
200.0,70.0,0.13321067157313707,0.16146366427840328,0.16599817684594348,0.1702097902097902,0.17516710552967388,0.1802019068984857,0.18456048084147259,0.18829005389514944,0.19063085571517802,0.1923556942277691,0.19300766283524903,0.19438020351526364,0.19451715112274418,0.19540229885057472,0.196082124693916,0.1975016293721486,0.1993533946779408,0.20039693790757018,0.20318225650916105,0.20624772974936434,0.2090983606557377,0.21963696369636965,0.235,0.2561764705882353,0.2879220779220779,0.3240597630087584,0.3703537841468876,0.4242250287026406,0.47854545454545455,0.5373201438848921,0.5969746083198271,0.6491002570694088,0.7000736919675755,0.739831223628692,0.7741965973534972,0.8033229491173417,0.8264453477868111,0.845131674317468,0.8543637574950034,0.8680651393872482,0.874651401731983,0.8780259253474935,0.8830115203634595,0.8830511433059871,0.8891016713091923,0.8891522333637192,0.8856974227818217,0.8873919163482807,0.8851867572156198,0.8839002267573697,0.8833693304535638,0.8817558995178888,0.8774509803921569,0.8747457134553909,0.872914771003943,0.8662925057774843,0.8665987780040733,0.8647512263489839,0.8582766439909296,0.8550898203592814,0.8538083538083538,0.8486462494451841,0.8406432748538012,0.8362877997914494,0.8308207705192631,0.8258527827648116,0.7734683004794887,0.7362333007494297,0.6980132450331127,0.7095034246575344
1600.0,20.0,0.38969145710718744,0.3560077519379845,0.3334185303514377,0.3167076716618206,0.302479644707624,0.2912249705535925,0.28564940962761126,0.2879096967224262,0.2983458054352107,0.31456043956043955,0.33724340175953077,0.361531279178338,0.3811041548093341,0.4031417112299465,0.41603343465045595,0.4266666666666667,0.43723502304147466,0.4418278384607676,0.44983957219251336,0.4559092991296381,0.4608035276825086,0.47676348547717845,0.4862455816812663,0.49756588887023667,0.5023314203730272,0.5058980213089802,0.5048736821165705,0.5075804776739357,0.5086928525434643,0.5123360746832629,0.510031919744642,0.49780346820809246,0.5086663456909003,0.5020706455542022,0.5072900955253896,0.5105561277033985,0.49960557454641075,0.5009251916468411,0.49757543103448276,0.5040673211781206,0.501701644923426,0.49494365790234035,0.4957390537760799,0.494026284348865,0.4943683409436834,0.48850750842782714,0.5045132172791748,0.5032722513089005,0.4850337946572256,0.4880464480874317,0.4846475924633636,0.48464040477050957,0.48005908419497784,0.48693312836279784,0.4773449920508744,0.48356997971602433,0.48510281158203944,0.4819277108433735,0.4709153122326775,0.46425457715780294,0.4854368932038835,0.4798673614400758,0.48,0.4764411027568922,0.4744791666666667,0.4836813186813187,0.4947687642153146,0.5005865102639296,0.5004058912211528,0.47182753552180307
1800.0,90.0,0.3399700278312995,0.34353281853281853,0.31710501772057453,0.29961759082217976,0.28801245459263103,0.2804878048780488,0.2782223316508679,0.2819081908190819,0.2908952574182095,0.3025137741046832,0.3179937022042285,0.3336728919071873,0.34600550964187327,0.36045565500406834,0.3688847235238988,0.37623028891946236,0.3839180598069225,0.38710097719869707,0.39389638041163944,0.39894687935573797,0.4035768516956302,0.42125351546805945,0.4364406779661017,0.45582655826558266,0.47094615150593244,0.48482805124747136,0.4934162399414777,0.50452577725305,0.5125,0.5215479331574319,0.5233516483516484,0.5131455399061032,0.5271739130434783,0.5221550855991943,0.5290423861852434,0.5339083557951483,0.5225110619469027,0.5247767857142858,0.5216324200913242,0.5293134328358209,0.5273002421307506,0.520160791589363,0.5216403785488959,0.5197943444730078,0.5206307490144547,0.5144466534128562,0.532703081232493,0.5317663817663818,0.5114926419060967,0.5153328347045625,0.5123466257668712,0.5126794258373206,0.5078495502861815,0.5157130657557643,0.5049601417183348,0.5124206708975522,0.5140037593984963,0.5101351351351351,0.49855907780979825,0.49107843137254903,0.5137442732194919,0.5073717948717948,0.5069367980621009,0.5025472659345636,0.4995880899140873,0.5083798882681564,0.5128116938950988,0.5145847250055667,0.5108465608465609,0.47542759407069557
20000.0,10.0,0.6260162601626016,0.7911214953271029,0.7981586402266289,0.7989553656220323,0.7980361255909807,0.7976386190405022,0.7977994227994228,0.798626019750966,0.800506329113924,0.8022498519834221,0.8044673539518901,0.8066561014263075,0.808983666061706,0.8104338842975206,0.8120608899297423,0.8134920634920635,0.8144560357675111,0.8151845637583892,0.8152830188679245,0.8157112526539279,0.8158680845979209,0.8155605670103093,0.8134929270946681,0.8096357226792009,0.8042620363062352,0.7980010520778538,0.7911172796668979,0.7846014492753624,0.7791554567785706,0.7756323903607244,0.7739609033972291,0.7738010021474588,0.774702380952381,0.7762624401032068,0.7782312925170068,0.7798114254021076,0.7808496291301416,0.7816476345840131,0.781746810598626,0.7807769041192348,0.7793748255651689,0.7776678212106218,0.7756248788994381,0.773486901535682,0.7711377870563675,0.7688397129186603,0.766983695652174,0.7649082568807339,0.7633262260127932,0.7610939112487101,0.7596618357487923,0.7592592592592593,0.7599236641221374,0.760517529215359,0.7621962196219622,0.7640384615384616,0.7662244897959184,0.7685594224760263,0.7711662699761985,0.7738448746882053,0.7766063011659637,0.7821702299314239,0.7874493927125507,0.7924965261695229,0.7962448979591836,0.799347751458977,0.8018285714285714,0.8020773225620311,0.8028975741239892,0.8012922465208748
1000.0,50.0,0.30851063829787234,0.30397127165188004,0.27898248540450377,0.2603111174539746,0.2461361014994233,0.2350445632798574,0.22693531283138918,0.2220532319391635,0.22037290635204887,0.22109275730622618,0.22421360643745428,0.22875516766192008,0.23354874964877775,0.23956521739130435,0.245013687915526,0.25071942446043166,0.2568517575140092,0.261732644865175,0.26819630337794775,0.273817925194072,0.27920560747663553,0.29672447013487474,0.3140823707852059,0.3322345831616536,0.34937667666088057,0.3642654364797729,0.37653958944281524,0.38649789029535864,0.39422431161853594,0.39938952805822964,0.4028900318393338,0.40450588837685614,0.40603674540682416,0.4064185544768069,0.40639647091259995,0.4064516129032258,0.4049562682215743,0.40497076023391815,0.4040071770334928,0.40263319044703,0.4021098355569345,0.40063795853269535,0.39987080103359174,0.39901477832512317,0.3979319546364243,0.39688452421266507,0.39614855570839064,0.39539748953974896,0.3942512420156139,0.39241917502787066,0.3908745247148289,0.3894551156409251,0.3881997583568264,0.3871140386990531,0.38597402597402597,0.3852109612875163,0.3846842812360054,0.38424942263279444,0.3839906103286385,0.38392423506556583,0.38393297190734355,0.38447745901639346,0.38497354497354497,0.38612334801762116,0.38756506651243494,0.3890963855421687,0.4053679653679654,0.4168101963486049,0.42246286269609884,0.41430745814307457
200.0,0.0,0.14273759713090256,0.1331766917293233,0.14652840396753833,0.15513866231647633,0.15574506283662476,0.15058333333333335,0.14283320639756286,0.13424581005586592,0.1239356178608515,0.11032448377581122,0.09117981790591805,0.06625925925925925,0.04340101522842639,0.032268954845969894,0.04053840063341251,0.06314338235294117,0.09123931623931623,0.11584541062801934,0.13066081330868762,0.13671176921113098,0.13820697138206972,0.1389488075345587,0.1393959619556149,0.13965299114404484,0.1399028182701652,0.14019099024288975,0.14035281146637266,0.1405128205128205,0.14056974459724952,0.140650826446281,0.14068255687974,0.1406914139982998,0.14068047337278106,0.1406722170829479,0.14064805903111968,0.14063333333333336,0.14059474412171508,0.14063059835184522,0.14054855448480358,0.14057471264367816,0.14058544303797468,0.1405714285714286,0.14047118216238955,0.14042461005199308,0.14037433155080214,0.14035730645900138,0.1403764705882353,0.14036697247706423,0.14041604754829123,0.14038461538461539,0.14050081654872074,0.14061433447098978,0.14062870699881377,0.14070413835701048,0.1407573812580231,0.14090606262491673,0.1409247757073844,0.14100000000000001,0.14106351550960117,0.14118993135011443,0.14122738001573565,0.14126984126984127,0.14129089301503095,0.14130841121495327,0.14142011834319526,0.1413742993564459,0.14181412402359314,0.1422925814652184,0.1429784652714589,0.14369455006337134
900.0,30.0,0.36251342642320084,0.3507974010632014,0.3290692007797271,0.31182558907729574,0.29660889223813114,0.2831990080595164,0.27374136229022705,0.2701551566778217,0.27309690535351255,0.281809401159047,0.2952982150631258,0.31060859854829703,0.3244870041039672,0.3375897845171588,0.34791288566243195,0.35608040201005026,0.3632595178357151,0.36795462601914214,0.37358916478555304,0.3776801171927021,0.38085827216261997,0.3904538341158059,0.3968145230347662,0.4015026571376214,0.40421826625387,0.40490176220376745,0.40471678248052223,0.40412147505422996,0.40328669775705084,0.4019941083163381,0.4007412555015057,0.3989983305509182,0.39801836636056065,0.3967511690868816,0.3955,0.3944838056680162,0.39281970649895176,0.39219282158763424,0.3911764705882353,0.38999726701284504,0.3892728780757534,0.38802157252341757,0.387421022400919,0.3866355412897578,0.3858454249333728,0.38491586538461536,0.38426349496797807,0.38361669242658425,0.3828984596038981,0.3813754524514643,0.38008745375042047,0.37920277296360483,0.37780149413020275,0.37731733914940024,0.3764998089415361,0.3758250191864927,0.3755924170616114,0.37536644951140063,0.3752585850227555,0.37543859649122807,0.37547743055555555,0.3761947700631199,0.37713088029809033,0.3783050847457627,0.3800711743772242,0.3818951826363155,0.3996987951807229,0.4114737883283877,0.41623160892263883,0.40323395654370897
300.0,0.0,0.15448242306288773,0.14967548676984524,0.1485764018401094,0.15066736456425017,0.16122778675282715,0.16913946587537093,0.17498993153443415,0.17817109144542773,0.17732558139534885,0.17135770516553436,0.16035431716546267,0.14451460142067876,0.1251164596273292,0.10372843628269338,0.08185358255451715,0.06222340994120791,0.046947611487949195,0.03688161693936477,0.033087487283825025,0.0351,0.04155613350671868,0.06748607796340493,0.10103484411841761,0.12906913445835602,0.1420588867397378,0.14457943925233643,0.145058501369181,0.14529644268774702,0.14551014734500975,0.14572599531615923,0.14591272280270437,0.1460572899903444,0.1462159434914228,0.14633461943177833,0.1464207450693937,0.14654517843583903,0.14655376132335565,0.14661224489795918,0.1466835656949725,0.1467248908296943,0.14675383228133454,0.1467906976744186,0.1467881112176414,0.14679170779861797,0.14685279187817257,0.14684402712571726,0.14686663095875738,0.14686813186813186,0.1468732394366197,0.14692671394799056,0.1469387755102041,0.14686894770819883,0.14693602693602692,0.14688156972669936,0.1469045884923525,0.1469033232628399,0.14698512137823025,0.14700162074554293,0.1469849246231156,0.1470588235294118,0.14714285714285716,0.14734345351043643,0.14743718592964822,0.1475183335104687,0.14764950072927185,0.14785486349131308,0.14879068921622113,0.14936842105263157,0.15022530329289427,0.15358895148101034
25000.0,40.0,0.6144592117323556,0.7536723163841808,0.7646577137242057,0.7724087943947814,0.781647689216343,0.7876261518209741,0.7900277008310249,0.7885402455661664,0.7825370675453048,0.7742409402546523,0.7636655948553055,0.7526953280979636,0.7417188215539612,0.7313096270598439,0.72141738449491,0.712401055408971,0.7040590405904059,0.6964285714285714,0.6890318627450981,0.6822685343354971,0.6756859756097561,0.660140562248996,0.646613545816733,0.6344190140845071,0.6241399416909621,0.615988909426987,0.6104922017419485,0.6079470198675496,0.6082758620689656,0.6111607142857143,0.617816091954023,0.6264164827078734,0.6373831775700934,0.6498229043683589,0.6636094674556213,0.6785451873622337,0.6934900542495479,0.7086657496561211,0.7213715046604527,0.735387045813586,0.7473243369008842,0.7575921908893709,0.7674129353233831,0.7734375,0.7829133858267716,0.7874235807860263,0.7890609874152953,0.7929446247252172,0.7937641723356009,0.7961414790996785,0.7977224199288256,0.7985421836228288,0.7981481481481482,0.7976125881714595,0.7983531214094217,0.7956129561295613,0.797343616109683,0.7985224983210208,0.7964895635673624,0.7961672473867596,0.7979354838709677,0.7995526977914453,0.7997576491972129,0.8014253320375769,0.8022053756030324,0.802045288531775,0.7826788596019365,0.7692307692307693,0.7589676290463692,0.7400544959128066
9000.0,30.0,0.47084942084942083,0.4727272727272727,0.3981675392670157,0.36253263707571803,0.35002307337332716,0.35044709388971684,0.358005540166205,0.3701619121048574,0.3838857725650178,0.3979803210771621,0.41157710094083877,0.4248516178441509,0.4340301191278939,0.4431137724550898,0.45080500894454384,0.45503536544291007,0.45967436577054144,0.4633319203052141,0.46534653465346537,0.46836306400839456,0.470314318975553,0.47331334332833586,0.47610789980732177,0.478330658105939,0.48001887979861546,0.4800159077351362,0.4790270538595185,0.47854077253218885,0.4773493073755148,0.4760830324909747,0.4757804090419806,0.4768837803320562,0.47925093632958804,0.47885117493472584,0.484390837218731,0.4865838076431641,0.49247569583166867,0.5006835789153882,0.49155975692099935,0.5037993920972644,0.511419423692636,0.5052313415484772,0.5099388379204893,0.5067001675041876,0.5195665261890428,0.5178108808290155,0.5051975051975052,0.5090506095308459,0.5003915426781519,0.501985002205558,0.4973365617433414,0.5006974248927039,0.49441833137485314,0.4832282471626734,0.4947988904299584,0.4704810495626822,0.47019157088122604,0.4818858560794045,0.4720316622691293,0.45386690647482014,0.4548689138576779,0.4633329846218224,0.44879955332216637,0.44469606674612633,0.4474633015709503,0.4488549618320611,0.40705659483779305,0.3982332155477032,0.39944521497919555,0.39424542682926833
700.0,80.0,0.24486730095142714,0.25198606271777,0.23714285714285716,0.22696774193548386,0.22148488830486202,0.2185645933014354,0.2179349287442861,0.21852122986822842,0.21991279069767442,0.2227713481388802,0.22526606227828144,0.22803692905733722,0.23211764705882354,0.2352653631284916,0.23756137479541733,0.24180094786729858,0.24538745387453875,0.2487014593123918,0.25300027909572986,0.2563216585519083,0.26053234620130444,0.2733548090197883,0.29059347181008904,0.31109857035364935,0.3323943661971831,0.35909090909090907,0.3890883977900553,0.4126817447495961,0.4334562211981567,0.45256225560814983,0.47040181097906053,0.48082157881712445,0.48935051275308966,0.4951983298538622,0.4905935540323757,0.4942493946731235,0.4959101844426624,0.4867285458394398,0.4984817813765182,0.49135069019744887,0.47767857142857145,0.49416342412451364,0.48791084246316585,0.4768992847477286,0.4769990128331688,0.4740024183796856,0.4721365412296936,0.46890052356020945,0.4693921232876712,0.46687768482930136,0.46300604932526757,0.45910735826296745,0.44845617529880477,0.4475971370143149,0.4460956498243718,0.43670024503130955,0.445694991558807,0.4376820034944671,0.42623924013060255,0.4419464120726825,0.4398496240601504,0.4246485779666558,0.424406779661017,0.4253889674681754,0.4245353159851301,0.419442292796282,0.41339092872570193,0.4092877094972067,0.40556016597510375,0.3743362831858407
9000.0,10.0,0.46723044397463004,0.4619956208945887,0.37044892188052314,0.3099393019726859,0.2694150094353317,0.24249871991807476,0.22616472545757071,0.21928166351606806,0.21940163191296463,0.22466026679965093,0.23127899271040425,0.23825717321997875,0.24487381703470032,0.24925039872408294,0.25189825360668183,0.25479632063074903,0.25631895687061185,0.25706955530216646,0.25863607393244104,0.25975696926375985,0.2611774065234686,0.2674170976574384,0.27469135802469136,0.28336821767831266,0.2925712009559849,0.3017996108949416,0.3118811881188119,0.3217736369910283,0.33183656957928803,0.34295051353874884,0.3550639658848614,0.36567073170731706,0.37853223593964336,0.392003046458492,0.4025751072961373,0.4154280338664158,0.4258681638594302,0.43509615384615385,0.44721549636803876,0.4539100619807464,0.4587116299178556,0.466164280331575,0.4703525641025641,0.47285494091454017,0.4756513926325247,0.4773413897280967,0.4782522736259391,0.47889946214315265,0.4791038345540715,0.47719215315528246,0.47621457489878544,0.4726670347874103,0.46913212048911423,0.4668560606060606,0.4614586933978569,0.4598278335724534,0.4576017930519238,0.4533762057877814,0.4497872340425532,0.44946236559139785,0.447508896797153,0.44087988136431044,0.4379436325678497,0.4345665378244064,0.4297859690844233,0.42514395393474086,0.3867892789054615,0.3676039330688287,0.3613425925925926,0.35348986812479893
2000.0,90.0,0.3487099296325254,0.35232067510548526,0.323776034622667,0.3049089651993547,0.2927927927927928,0.2853183962264151,0.28376681614349775,0.28924092409240926,0.30084348641049674,0.3156274056966898,0.33451536643026003,0.3535699016673792,0.3681295715778474,0.3852540272614622,0.3945,0.4023405972558515,0.4104129263913824,0.41300893743793443,0.41980112408127973,0.4247318165743251,0.42899332306111965,0.4457134155626618,0.45911837895485247,0.4770735683717139,0.48986563425187885,0.5016343977872768,0.5081566068515497,0.517956204379562,0.5246913580246914,0.5332247557003257,0.5344184469311631,0.5234782608695652,0.5383204987165383,0.5327102803738317,0.5402880498248346,0.5457831325301205,0.5342691990090834,0.5366666666666666,0.533731853116994,0.5425627240143369,0.540700318326512,0.5339851024208566,0.5354255825011888,0.5339805825242718,0.5350223546944859,0.5288509784244857,0.548936170212766,0.5482123510292525,0.5267590618336887,0.5320754716981132,0.5293184488836663,0.5298836497244336,0.5256297229219143,0.5341463414634147,0.5233036326250857,0.5311095505617978,0.5331874544128373,0.5293323330832708,0.5171769977595221,0.5093821510297483,0.5328200972447326,0.5262063227953411,0.525557461406518,0.5207231040564374,0.5170329670329671,0.5254826254826255,0.5256359035823678,0.5243503699879539,0.5187985288107887,0.4791111111111111
25000.0,60.0,0.6283659166359277,0.7579708091256908,0.7676056338028169,0.7746628814762243,0.7840742550073277,0.7898089171974523,0.7926222935044106,0.7908464566929134,0.7852229601518027,0.777136421230466,0.7671119907636483,0.7563025210084033,0.7454585248413219,0.7352721849366145,0.7252593215587329,0.7163991186654076,0.7084507042253522,0.7008647798742138,0.6932515337423313,0.6863702979970688,0.6802832244008714,0.6653515064562411,0.6517535545023697,0.6400853949516514,0.6304420073113991,0.6227531784305129,0.6176639815880323,0.6154712730003755,0.6162847391516334,0.6202770780856424,0.627221324717286,0.6362699639361155,0.6483315954118873,0.6614199049024431,0.676139848701697,0.6919969704620046,0.7081531809759111,0.7244212098581031,0.738191632928475,0.7543673901535204,0.7670384138785625,0.7776183644189383,0.7896241830065359,0.7968401486988848,0.8072768039135753,0.8131188118811881,0.8153175591531756,0.8201044036942846,0.821588771523658,0.8250938162832436,0.8277039166367229,0.8292682926829268,0.8289222951513868,0.8285194450761884,0.8295263284443376,0.8264014466546112,0.8281712900619446,0.8291174817313097,0.8266068759342302,0.8262645303173107,0.8275862068965517,0.8285714285714286,0.8278374233128835,0.8288879770209274,0.8290336685614342,0.828611240130051,0.8056338028169014,0.7900478468899522,0.777555110220441,0.7567768288154475
400.0,20.0,0.2672082086361693,0.23933238860022044,0.2637030995106036,0.2849171752397559,0.2975274275421647,0.30539256775635654,0.31344391095591445,0.32397991211550536,0.3363788767812238,0.3490585774058577,0.3588337901819088,0.3656865543819583,0.37047529115517785,0.3722088629336997,0.37216648086213305,0.3727325921591574,0.3720787207872079,0.3706580366774542,0.36999109528049867,0.36870211283956356,0.3673714560307545,0.3661188369152971,0.3643369651873505,0.3624068451559481,0.3608893956670467,0.35898942420681557,0.35786953919808495,0.3562901744719927,0.3549702100972092,0.35393437400446004,0.3528082633957392,0.35145888594164454,0.3508064516129032,0.35013531799729364,0.348780487804878,0.3481221481221482,0.3470967741935484,0.3460014673514306,0.34588492352512745,0.3447633246366008,0.3434548944337812,0.34308164047527795,0.3421850699844479,0.341167129813418,0.3404809619238477,0.33969155844155846,0.3389162561576355,0.33813876194432907,0.33741610738255035,0.3356803455723542,0.3343421052631579,0.3326558265582656,0.3312181565539602,0.3300328484279681,0.3285993167398731,0.3279195289499509,0.3271782178217822,0.3261648745519713,0.32559117183394637,0.3253131524008351,0.325026399155227,0.32441340782122907,0.32418710781517396,0.32422469280280863,0.3242092457420924,0.32465145754119135,0.3270645952575634,0.32796618697796115,0.32783648821275113,0.3124853595689857
900.0,10.0,0.3635863586358636,0.30010548523206754,0.2945433436532508,0.29278810408921935,0.29378757515030063,0.2975754803293687,0.30461653015636636,0.314694110920526,0.3268472906403941,0.3392284735271361,0.35129879149881926,0.3618181818181818,0.3696394686907021,0.3763080786940142,0.3810607785112679,0.3844282238442822,0.38719590268886045,0.3881081081081081,0.3897593732512591,0.3899535423925668,0.3896416741945197,0.38940019041574103,0.3873005319148936,0.3848266392035702,0.3817412759957702,0.3787003610108303,0.3756457564575646,0.3732632369508074,0.37098248286367097,0.36912389038981086,0.3672549019607843,0.3652749899638699,0.3641119221411192,0.362798353909465,0.3616923718215923,0.3608421052631579,0.35933159722222224,0.358846487424111,0.3579435127978817,0.3568794964028777,0.3561507035860191,0.3551323734324199,0.35454971857410883,0.3538022813688213,0.353006253006253,0.3522395326192794,0.3516017742730409,0.35092177379172895,0.3502273875694795,0.3488970588235294,0.3477284874398717,0.3464696223316913,0.34558165548098435,0.34457077885162024,0.34397626112759644,0.343281807372176,0.34314442413162705,0.34283927454659163,0.3427122940430925,0.34310907903331156,0.3433201058201058,0.34411764705882353,0.3452112676056338,0.34686131386861313,0.34916030534351145,0.35142630744849446,0.3757496456220696,0.3957980823463057,0.4105691056910569,0.430219978362784
1000.0,70.0,0.28575553416746874,0.28406954887218044,0.26265709156193895,0.24743951313641085,0.23753462603878117,0.23086673518328193,0.2267515923566879,0.225050916496945,0.2252054794520548,0.22671774000478812,0.22975863122517567,0.23363774733637746,0.23735498839907193,0.24209797951840575,0.24635653871177618,0.2508480964945345,0.2557567917205692,0.2597447226313206,0.26515737161789066,0.26995043370508054,0.2745152354570637,0.2907473309608541,0.3074944071588367,0.32658089241719135,0.34589655735030184,0.36380880121396053,0.37946620749031423,0.39261904761904765,0.40314676296105234,0.41089108910891087,0.41610933410875256,0.4186117936117936,0.42076849793585264,0.42181340341655715,0.4221546774738264,0.4220151828847481,0.4202376665466331,0.4201376312930098,0.4188637207575195,0.4173018292682927,0.41663442940038686,0.4145758661887694,0.4135702746365105,0.41224825318536784,0.41132469703301294,0.41006369426751593,0.40902028485110054,0.40788091068301224,0.40659536541889485,0.4041121495327103,0.4023444976076555,0.4006416584402764,0.3988843813387424,0.39740798341109385,0.39590834697217675,0.3950109649122807,0.39412761151891584,0.39330227140361096,0.39271758436944937,0.3923406862745098,0.39210199004975127,0.39223803363518756,0.39231283422459895,0.3929714683368128,0.39429407461594734,0.3955030487804878,0.4104109589041096,0.42102966841186734,0.4261573666607992,0.4179566563467492
1500.0,80.0,0.31766412767500907,0.3216432865731463,0.29766990291262135,0.2812775330396476,0.2704888888888889,0.2632664283750344,0.2599795291709314,0.2608516886930984,0.26552984165651644,0.2724905046120456,0.28197064989517817,0.2916521739130435,0.3004115226337449,0.3097158456384167,0.317013639626705,0.32402873000326476,0.3312008773533175,0.33619281045751637,0.3435114503816794,0.3495433226363861,0.355092091007584,0.3749177090190915,0.3947160883280757,0.4155473781048758,0.43513655462184875,0.4522071806945262,0.46632124352331605,0.47784765897973447,0.4864243323442137,0.49282930631332816,0.4967400162999185,0.4988879384088965,0.5006151142355009,0.5015398550724638,0.5015784586815227,0.5015151515151515,0.5003956478733926,0.5000993048659385,0.4992357077346377,0.4979587564115984,0.49718354766712725,0.49561595791319596,0.49466192170818507,0.4935418082936778,0.4923910537237722,0.4913782991202346,0.4901563059300799,0.4890935530780417,0.48789525691699603,0.48500973393900065,0.48316251830161056,0.48116061606160615,0.47933767336541183,0.4776876267748479,0.47581998474446985,0.4749117692189658,0.47384226331594753,0.47285178542312084,0.47223603514006296,0.4717983884793417,0.4716521739130435,0.47139505504421586,0.4716945996275605,0.4723511214230472,0.4732685297691373,0.47443719755943614,0.4865979381443299,0.4932873034138857,0.49427393495190103,0.46935960591133
20000.0,30.0,0.6362038664323374,0.7808955223880597,0.7928436911487758,0.7986201510023432,0.8023196315879243,0.8039425755303192,0.8047756494358436,0.8053097345132744,0.8058690744920993,0.8065661047027507,0.8062176165803109,0.8061224489795918,0.8055172413793104,0.8042452830188679,0.8031222123104371,0.8009063444108762,0.7986394557823129,0.7962538226299695,0.7936462507155123,0.7909368471798168,0.788086642599278,0.7808716707021792,0.772890192245031,0.7648091268100043,0.7566293459045375,0.7487421383647799,0.7417845257903494,0.7363041700735895,0.7326610049539986,0.7311632142044161,0.7318630295995356,0.7337733773377337,0.7371323529411765,0.7411428571428571,0.7454160789844851,0.7500432152117545,0.754421052631579,0.7582123758594347,0.7611825980392157,0.7639853747714808,0.765994361309911,0.7675012774655084,0.769115890083632,0.7697642163661581,0.7715534366309098,0.7723981900452489,0.7723785166240409,0.7734018264840182,0.7740506329113924,0.7758490566037736,0.7775261324041812,0.7788856304985338,0.7798145352598663,0.7807962529274005,0.7821620944507077,0.7825100133511348,0.7841868317388858,0.7859358841778697,0.786735010872942,0.788302193338749,0.7903362054401081,0.7937636761487965,0.7969056012534274,0.8001668752607426,0.8024691358024691,0.8044537230340988,0.800570703868104,0.7978853192354616,0.7959673547767643,0.7902923808152097
12500.0,90.0,0.4829774956722447,0.5775571002979146,0.5887129516849371,0.596612296110414,0.6028495102404274,0.6079714455681142,0.6118230358504958,0.6167300380228137,0.6214839680518579,0.6266094420600858,0.6318708204208122,0.6370707645608044,0.6418594500218245,0.646180641950734,0.6503240349394196,0.653968253968254,0.65751960085531,0.660415003990423,0.6628010704727921,0.6655034895314058,0.6681514476614699,0.6724669603524229,0.6764306498545102,0.6787816739186077,0.6803568422824441,0.6814081408140814,0.6816756910800797,0.6816356334428624,0.6814814814814815,0.6809744779582366,0.6813669064748201,0.681625441696113,0.6827067669172933,0.6841286307053942,0.6861404599129894,0.688470066518847,0.6914173400305743,0.694771911840082,0.6970605878824235,0.7009021512838307,0.704,0.706367384333486,0.7091571279916753,0.7107438016528925,0.7140039447731755,0.7156891495601173,0.7155228758169935,0.7173991031390134,0.7177339901477833,0.7187246376811595,0.7198609997326918,0.72005444646098,0.7187129551227773,0.7186033414679932,0.7186925434116446,0.7162645218945487,0.717911877394636,0.7176350662589195,0.7152263374485597,0.7142857142857143,0.7145499383477188,0.7123757284881728,0.7090770983668819,0.7077114427860697,0.7059086839749329,0.7041306436119116,0.6907380607814761,0.6843385214007782,0.6761882185610999,0.6819708846584547
4000.0,20.0,0.32629438448302833,0.3768674698795181,0.33987133218264554,0.3188565145684442,0.3093164794007491,0.30540123456790125,0.3089639970609846,0.3194959229058562,0.3343982960596379,0.34619307832422586,0.36075166508087536,0.37130071599045344,0.3728788977519942,0.3818103448275862,0.3794,0.3770361088962296,0.37751312588039443,0.3731386439207749,0.3744633487040865,0.37572970104369363,0.37706855791962174,0.38707352234502646,0.3945774444764926,0.4082599864590386,0.41637831603229525,0.42477341389728096,0.428274231678487,0.4370618556701031,0.44321192052980135,0.45242316784869974,0.45386052303860525,0.4426271732131359,0.4610803324099723,0.45612535612535615,0.4670943396226415,0.47474348855564324,0.46480263157894736,0.468561872909699,0.4680278019113814,0.4812849162011173,0.4810888252148997,0.4759167492566898,0.4802543850651349,0.48122613491726773,0.48496530454895914,0.47995057845669997,0.5075247767037807,0.5088936545982087,0.4846039235162652,0.49730476848652383,0.49840301974448314,0.504274832892896,0.50351249795785,0.5178947368421053,0.5096100018660198,0.5211568322981367,0.5265750051303099,0.5232905982905983,0.5113538988860326,0.5041979673000442,0.5323963792282039,0.525679012345679,0.5251410979989738,0.5197770108839925,0.5146977260122019,0.522633744855967,0.5006294586655476,0.48426339285714287,0.47665289256198345,0.4346072594584214
200.0,50.0,0.07505114798817913,0.08265895953757225,0.08273553323768532,0.08195390256678889,0.08093889113719142,0.07960992907801419,0.0776003276003276,0.07502164502164502,0.07194303710803779,0.06869463479859603,0.06554188169908694,0.06270207852193996,0.06019057702488089,0.058068386322735456,0.05624156545209177,0.05467924528301887,0.05334174022698613,0.052100840336134456,0.051003621314019656,0.05001719197707736,0.04909263959390863,0.04706316652994258,0.045484734868773434,0.0444507602671593,0.044043736811816614,0.04432446668422439,0.04539449541284404,0.047379844961240314,0.050337243401759525,0.05442311704569163,0.059979317476732165,0.06663208134467732,0.07498567335243554,0.08488012374323278,0.09489795918367348,0.1061038961038961,0.11657325860688551,0.1265209125475285,0.1341034103410341,0.14033571957541346,0.1449020931802836,0.14890552995391707,0.15104404816338973,0.1507527926177756,0.15262632978723406,0.15265692175408427,0.1518188302425107,0.15193360087559285,0.1511352974291612,0.15049872873068648,0.1486901350798199,0.1476554211754721,0.14733740724574423,0.1446886446886447,0.1442357360882836,0.1423460696033098,0.14037345445369667,0.14130379424497072,0.1392461781760675,0.13698742482230727,0.13683333333333333,0.13503628447024674,0.13297904646219252,0.13163877486580358,0.12907778142435183,0.13029371584699453,0.08362745098039216,0.0516844207723036,0.056532507739938086,0.12018917155903458
2500.0,60.0,0.35114054451802795,0.36351118760757317,0.3288599348534202,0.3071436409524855,0.2948923295960135,0.28870877585243154,0.28985939497230506,0.29874213836477986,0.314247311827957,0.3323076923076923,0.3547967479674797,0.3763952046300124,0.39167935058346015,0.4097914777878513,0.4185639229422067,0.4254473161033797,0.43238560639715684,0.4342079207920792,0.43982683982683984,0.4442661913250149,0.44797913950456325,0.4627052384675528,0.4743305632502308,0.49069717707442256,0.5012033694344163,0.5113666755817063,0.5159180113388574,0.5249607535321821,0.5312656328164082,0.5402583613519731,0.5412810070344317,0.5292436654600876,0.546742209631728,0.5409937888198758,0.5505642361111112,0.5575061895115913,0.5464061409630147,0.549587750294464,0.5477923338185346,0.5596612779060816,0.55831589958159,0.5522066738428417,0.5550952775476388,0.5548003398470688,0.5575633925969106,0.5515509601181684,0.5759873617693523,0.5762766645119586,0.5523385300668151,0.5613126079447323,0.5598855917053986,0.562781954887218,0.5593616193071234,0.5706075533661741,0.5599484314568114,0.5696594427244582,0.5726811259806184,0.5680304471931494,0.5555555555555556,0.5473991249392319,0.5732780942516831,0.5651942522618414,0.5636663007683864,0.5575860124083475,0.5527826596367897,0.5602959309494451,0.5480980557903635,0.5398645696810834,0.5309043591411842,0.48346131128174835
2500.0,70.0,0.3510708401976936,0.36333460511255244,0.3284476534296029,0.30667153640126615,0.2941525088897669,0.2875504501707544,0.2882938388625592,0.2968465311843027,0.3124812331097988,0.33075968564731834,0.35347818148621507,0.37549407114624506,0.3913167666381034,0.40994211780728634,0.4187056037884767,0.4259292431706225,0.4332,0.435022271714922,0.440790273556231,0.44549699799866577,0.44912280701754387,0.4646544181977253,0.47646028639126403,0.4929845422116528,0.5034013605442177,0.5133776792313378,0.517794164796409,0.5266067726330339,0.5327102803738317,0.5414643620120412,0.542520803734524,0.5302587646076795,0.5476295968099246,0.5418082936777702,0.5515194681861348,0.5585918266863614,0.5471890104299161,0.5503476693278393,0.5483956510209493,0.5604488078541374,0.5594625500285878,0.5529411764705883,0.5559915484455177,0.5555555555555556,0.5582802547770701,0.55229180116204,0.5766574585635359,0.5771812080536913,0.5531988873435327,0.5618867924528302,0.560546875,0.5636811832374692,0.560187154402382,0.5715567519066846,0.5608266791921089,0.5700483091787439,0.5730846774193549,0.5689027561102444,0.5563051375194603,0.54753053637812,0.5735294117647058,0.5658720930232558,0.564388489208633,0.5585080147965474,0.5531669865642994,0.5611185983827494,0.5487534626038781,0.5403052706892439,0.5313254723682341,0.4837254270061231
200.0,40.0,0.19981378026070765,0.19208071578145822,0.19153414405986904,0.19462571976967372,0.19703351034609046,0.1979578392621871,0.1998325892857143,0.2044365572315883,0.2117134942619707,0.21975806451612903,0.22837676308869231,0.23370753323485968,0.23845346396081177,0.2407139991977537,0.24275427542754274,0.24108374384236453,0.239957378795951,0.24016110471806673,0.23748466257668713,0.23757300454250488,0.2362021857923497,0.2362229102167183,0.23738237810094096,0.23670411985018727,0.24127729034890838,0.24226125137211857,0.24224107869347902,0.24885477281168752,0.2478141719953021,0.24830485489557907,0.2509198981035947,0.24876201572968248,0.25181598062953997,0.2494201329828359,0.24739958393342937,0.2506995884773663,0.2525695029486099,0.24647402820777434,0.24819192097371673,0.24717893605588395,0.24291272929405225,0.2489539748953975,0.24751703992210322,0.24143332680634425,0.2400559664201479,0.2504715992454412,0.24782516443878633,0.23986120147473433,0.24154696132596684,0.23958573072497122,0.23887699262431594,0.23669517102615695,0.23895624670532423,0.2350186269292177,0.23032832498608796,0.23925705794947996,0.23262304921968788,0.2312807881773399,0.2304689959080894,0.22606139777922923,0.23054321831226512,0.23043632493792127,0.22377802278574055,0.2210526315789474,0.2275862068965517,0.22850366537300562,0.20206318504190846,0.2027958993476235,0.13669754072181411,0.0025129615082482328
4000.0,30.0,0.328125,0.3731359412146099,0.3365051903114187,0.31520490233626963,0.30379829731499675,0.29846220489495345,0.2998797044165664,0.30847193347193347,0.32184466019417474,0.3351880473982483,0.348721399730821,0.35853040540540543,0.3638346489405899,0.36785539814362483,0.3686695278969957,0.36863711001642036,0.3690630197745334,0.3684876608310483,0.3696308335268168,0.37099276111685625,0.37254901960784315,0.3809691011235955,0.3910289115646258,0.40208747514910537,0.41275626423690204,0.42268637532133674,0.4310984308131241,0.43840186190845615,0.44410299003322257,0.4490299823633157,0.45374531835205995,0.4578530620426982,0.46082517191081473,0.4637870855148342,0.466394187102634,0.4687646782527008,0.47205438066465255,0.47350318471337577,0.47601918465227816,0.4784308250732933,0.48050640195655303,0.4830778570344514,0.48499531103469834,0.48711716091395235,0.4891012743125419,0.49106368211001217,0.49308673011312626,0.4949944382647386,0.49720885466794995,0.5017921146953405,0.505120213713268,0.5086636600996914,0.5116981132075472,0.5146631439894319,0.5173900546133946,0.5195301027900147,0.5212831585441086,0.5228673370094065,0.52368245496998,0.5246589716684156,0.5252055774043618,0.5253854832643851,0.5254502740798747,0.5249590834697218,0.5234812580784145,0.5219928186714542,0.5001941747572816,0.48354978354978356,0.4756646655231561,0.43245693563009974
1600.0,10.0,0.4090823084200568,0.3440925700365408,0.3320969337289812,0.32126398946675444,0.308869501999273,0.2981012658227848,0.2920844327176781,0.2935278030993619,0.3034649776453055,0.3206772703950744,0.342915116672303,0.36615581098339717,0.3878787878787879,0.4063435068821065,0.42162162162162165,0.43400447427293065,0.4442105263157895,0.4517060367454068,0.4596654275092937,0.46564356435643567,0.4704705758500895,0.4832687566044382,0.4926489553778695,0.499023709902371,0.5034727353332348,0.5057614450327,0.506800518134715,0.5069000336587007,0.5065857885615251,0.5055456171735242,0.5048508145707487,0.5042624166048925,0.5024052337887243,0.5016527318685592,0.500200240288346,0.49877200163733115,0.4975996660404926,0.4968553459119497,0.49573378839590443,0.4937970757642889,0.49284116331096195,0.4915794264906691,0.49064016639704183,0.48944652908067543,0.4883054892601432,0.48716102711783055,0.48502391140196327,0.48418367346938773,0.4840652446675031,0.48116710875331564,0.4791891891891892,0.47738693467336685,0.47566182749786506,0.4738552437223043,0.47241694605303264,0.47157502329916123,0.47034305867265147,0.46995073891625616,0.46934116112198304,0.46879150066401065,0.4695743932465705,0.469571480014404,0.4703484062268347,0.4712599923867529,0.47310126582278483,0.4749791492910759,0.49269695227142035,0.5040089086859688,0.5087533156498674,0.49002424016408724
12500.0,80.0,0.48297389330306467,0.5780701754385965,0.5890901851483178,0.5975384615384616,0.6032300305543431,0.6081632653061224,0.612341062079282,0.617148182665424,0.6219498354329815,0.627120944753631,0.6324376199616123,0.6374627976190477,0.6423373287671232,0.6466569058077111,0.6507322464769273,0.6544209215442092,0.6578119538622859,0.6606653620352251,0.6634573304157549,0.6656891495601173,0.6679410158383398,0.6728386167146974,0.6764985727878211,0.6788046207935711,0.6806542210474145,0.6814254859611231,0.6818690542809177,0.6816063105055575,0.6813636363636364,0.6809116809116809,0.6812014134275618,0.6815104166666667,0.6825715190541539,0.6839153708896253,0.6859150626336694,0.6882267441860465,0.6909364261168385,0.6939752961935972,0.6966656830923577,0.7004781420765027,0.7031496062992126,0.7054578258908435,0.7083546899026141,0.7102966841186736,0.7135450421257291,0.7149674620390456,0.7148267526188558,0.716637168141593,0.7166180758017493,0.7175057208237986,0.7184325108853411,0.7185959671396565,0.7171767854156214,0.7168551826441684,0.7169963665724667,0.7147902869757174,0.716280170373876,0.7159405691261647,0.713472485768501,0.7124674573329477,0.7127627170271094,0.7106065740426973,0.7073170731707317,0.705858254813601,0.7041132242370632,0.702561669829222,0.6895074946466809,0.6835091083413231,0.6753413467149026,0.6812339331619537
20000.0,20.0,0.6398379970544918,0.7900919305413687,0.8001567398119123,0.8038903061224489,0.8057040998217468,0.8067484662576687,0.8077002690954254,0.8087215064420218,0.8100968594071031,0.8111647139903515,0.8126003210272873,0.813543599257885,0.8138297872340425,0.813939393939394,0.8138736263736264,0.813033359193173,0.8125874125874126,0.8110019646365423,0.8098498233215548,0.808265078183172,0.806640625,0.8018372703412073,0.7956554685526648,0.7886317222600409,0.7810786106032906,0.773308957952468,0.7659420289855072,0.7600927585116475,0.7556010928961748,0.7530257849500088,0.7522321428571429,0.7528153153153153,0.7544045102184637,0.7566739606126914,0.759719222462203,0.7624090006618134,0.7645967741935484,0.7666666666666667,0.7677814413565709,0.7684819413092551,0.7688172043010753,0.7684356986682568,0.7681701332086937,0.7672390297083674,0.7665406427221172,0.7659804983748646,0.7653814602132896,0.7651130595293032,0.76440329218107,0.7639751552795031,0.7643219724437998,0.765024630541872,0.7663023679417122,0.7673286991062562,0.7686726419120785,0.7701397568458129,0.7718201490742967,0.773768831497658,0.7757704569606801,0.7779166666666667,0.7801418439716312,0.7846201938105658,0.7890415549597856,0.7931834403997144,0.7963834997174609,0.7988926240854262,0.8006845708267509,0.8006655574043261,0.8005443234836703,0.7976778940108058
1500.0,90.0,0.3183140619171951,0.32218792866941015,0.2982041902228134,0.2818130311614731,0.27106227106227104,0.26371756699276905,0.26046511627906976,0.2612815062253265,0.26616225304749896,0.27314606741573033,0.28270622286541247,0.2927027027027027,0.30140875832696296,0.3108715184186882,0.31834372217275153,0.32529510961214164,0.33245283018867927,0.33754740834386854,0.3448275862068966,0.3508771929824561,0.35656537496515195,0.37639499492729117,0.3959983831851253,0.4169020715630885,0.43628556092324206,0.4533653846153846,0.46717305151915456,0.4782918149466192,0.48685800604229607,0.4926307448494453,0.49660314830157415,0.49878260869565216,0.5003571428571428,0.5011039558417664,0.5013207547169811,0.5014436958614052,0.4999497739829232,0.5,0.49891315598799296,0.4976610674037848,0.49681597409606043,0.4952698942682248,0.4942970073404856,0.4930971007823286,0.4920393350503395,0.4908896034297964,0.4897019626847589,0.4885580708661417,0.48739811912225706,0.48464883383845037,0.4827027027027027,0.4808041323467821,0.4788105157304985,0.4772058823529412,0.4754529967477157,0.47438093754866845,0.4734477779560404,0.4723601456471367,0.47190444145356664,0.4713763702801462,0.4711385701676964,0.4709653782744092,0.47117747117747116,0.4717425431711146,0.4727646454265159,0.4740550928891736,0.4860986547085202,0.49318270354499416,0.493953488372093,0.4692815689413648
800.0,0.0,0.3241645244215938,0.29935779816513763,0.291044776119403,0.284997994384276,0.2834895457822639,0.28701426463354646,0.2962522308149911,0.311057836379982,0.32937210282343027,0.34694444444444444,0.3626794258373206,0.3748,0.38236363636363635,0.38768619662363457,0.3904905335628227,0.3917927556166896,0.3924446583253128,0.3914202309937809,0.3912929451875164,0.38993881713120326,0.3882153932901043,0.3857777777777778,0.38222980307024346,0.37916133162612037,0.37590401051939515,0.37287278854254424,0.36989136057941024,0.3675799086757991,0.36554921540656204,0.36371857478748415,0.3619643185580283,0.3600377002827521,0.35892550962088016,0.3577094215515574,0.35659674573613015,0.3557140027728263,0.3539624183006536,0.3535415390896101,0.3524402907580478,0.35139712108382726,0.35050224406924557,0.34944237918215615,0.34856512141280355,0.34779691344218294,0.34684174779261945,0.346012832263978,0.3450834879406308,0.34435067979371775,0.343393536121673,0.34180651530108586,0.34036144578313254,0.33898740683628886,0.3376180482686254,0.33653333333333335,0.33527939949958296,0.33444722918407127,0.3338084378563284,0.3333333333333333,0.33283979863784424,0.3329268292682927,0.33281924737816165,0.33290856960815546,0.3334425155584671,0.3342595730260928,0.335524920466596,0.3367727771679473,0.3502684236212787,0.36046654389195826,0.36688311688311687,0.37557297057518857
900.0,0.0,0.34889267461669504,0.3029176201372998,0.28898623279098873,0.28248858995916404,0.2828260869565217,0.28933685003767895,0.3011173184357542,0.31697027804410355,0.33484660888705464,0.351177336276674,0.3655913978494624,0.3767178658043654,0.38402457757296465,0.39003031323678006,0.3933528122717312,0.3957927541877678,0.3974222585924714,0.3972809667673716,0.39799196787148594,0.39717853839037925,0.39592521572387346,0.39425692695214104,0.3907846234860453,0.38751357220412597,0.3841870824053452,0.38090079817559863,0.3775189283634246,0.3748222748815166,0.37265625,0.3707064555420219,0.3689783281733746,0.36702599873176917,0.36585522101217166,0.3645643693107932,0.3634387351778656,0.36271637816245006,0.3614010989010989,0.3606310013717421,0.3598463687150838,0.35879003558718864,0.3582314881380302,0.35724797645327444,0.35653789004457653,0.3557981927710843,0.3552250190694127,0.35451737451737453,0.3538702111024238,0.35312252964426877,0.3525260625501203,0.351,0.3500848896434635,0.3488695652173913,0.3480888888888889,0.34688346883468835,0.34641509433962264,0.3456521739130435,0.34554263565891474,0.3450298210735587,0.3449526496070925,0.34519979242345616,0.34527687296416937,0.34597001955246576,0.3468201631831899,0.3481884477370066,0.3501813784764208,0.3519609071544919,0.37161246612466126,0.3878212049233427,0.39876986160943106,0.41334044823906085
1000.0,60.0,0.2773789649415693,0.27506255212677233,0.2529552715654952,0.23665739637134153,0.22509301364200082,0.2165948275862069,0.21069376933274414,0.2071165644171779,0.2056198347107438,0.20585365853658535,0.20749757919490938,0.21029968997588702,0.21331093848414864,0.21735971943887775,0.2211951722107742,0.22534970999658818,0.23005080109417742,0.23394128113879004,0.23917835671342685,0.24398200224971878,0.2487098804279421,0.2645579886455799,0.28142915642915645,0.3005787619526925,0.32022302591922847,0.33890550765440786,0.3557114228456914,0.3701067615658363,0.3815503501569669,0.3905081248387929,0.3966175668303328,0.40005760368663595,0.40309615957130096,0.4046153846153846,0.4056275687638318,0.40606843124596514,0.40484196368527237,0.4050033806626099,0.4040858725761773,0.40326588569400074,0.40244780417566595,0.4011111111111111,0.4005255255255255,0.3997709049255441,0.39875872769588827,0.3979511426319937,0.39687875150060026,0.39602272727272725,0.3950041288191577,0.39307958477508653,0.39154867256637166,0.39019160583941603,0.3888940955951265,0.3877873563218391,0.3866062437059416,0.38583712696004047,0.38536458333333334,0.3846484165324745,0.3846069868995633,0.3845285149632976,0.3843642611683849,0.3848214285714286,0.38542435424354243,0.38643634037108127,0.3879704301075269,0.3893631910426872,0.40566321919871473,0.4170546760675802,0.42271191893196075,0.4156073446327684
1000.0,0.0,0.3623139377537212,0.2996732026143791,0.29359344894026973,0.29190697674418603,0.29352396972245587,0.29813124728378965,0.30637894237609675,0.3173611111111111,0.33051025775907417,0.34358610914245213,0.35587188612099646,0.36655030149158996,0.3741504854368932,0.3808695652173913,0.3853651440209485,0.38864696734059095,0.39138975282370275,0.3920857093485398,0.3936303453211666,0.3938718662952646,0.39329738058551617,0.3930166463662201,0.3906848149723522,0.3880957610366791,0.3851183765501691,0.381986143187067,0.3789846517119244,0.3762614127823162,0.37411650012186204,0.37228260869565216,0.3702309236947791,0.36847518642324506,0.3671773565307712,0.3659372528341682,0.36485042735042733,0.3639061235500405,0.3625486922648859,0.36224631637475674,0.3613469156762875,0.3602538217479089,0.35963890506697727,0.3585692995529061,0.3579169175195665,0.3572300183038438,0.35650293481618783,0.3559587112918361,0.3552881570614313,0.35446685878962536,0.35401104254628124,0.3525835866261398,0.35132347885871434,0.3504580690627202,0.3494240460763139,0.34859025997803,0.3481070745697897,0.3472615855993872,0.3471142520612485,0.3469165659008464,0.3469554556599918,0.3472421052631579,0.3475053304904051,0.34838994265549184,0.34945504087193463,0.35105882352941176,0.35334645669291337,0.355538540071465,0.37924528301886795,0.39873987398739874,0.4129567748194459,0.4283125707814269
400.0,30.0,0.24343891402714932,0.2689779147406266,0.2765494744472635,0.28300072132724213,0.2857142857142857,0.28630239520958084,0.2888465204957102,0.2966643009226402,0.30909990108803165,0.3237757731958763,0.33681274900398406,0.34703668861712134,0.35456475583864117,0.3585150265173836,0.3600129198966408,0.3618231665524332,0.36191860465116277,0.36114109483423285,0.3612980769230769,0.36057287278854255,0.35996488147497807,0.3597938144329897,0.35924075924075927,0.35863517060367456,0.357862461673237,0.3568256859842878,0.3561675808145641,0.3550750750750751,0.353865182436611,0.35301539237951046,0.3521867384891625,0.3510187880391638,0.3501814760048394,0.34964750542299344,0.3481003785223609,0.3475739142735889,0.3464213271515502,0.3452841416245165,0.3451994091580502,0.3440533980582524,0.34258823529411764,0.34221664837748866,0.3413584183673469,0.3401927159888944,0.33955717118307993,0.33858795908099953,0.3378677095732018,0.33707089874072793,0.3363588758945715,0.33453822519428883,0.3331490694674774,0.33142530051516883,0.3298604285433458,0.3286685325869652,0.3270637408568443,0.32624262847514746,0.3255219429058373,0.3242645432426454,0.3236967903482813,0.3233031674208145,0.32294292917717166,0.32188945702459215,0.32129514321295144,0.3207981580967,0.3205435651478817,0.32008891358710756,0.31723388848660394,0.31519101123595505,0.3139121338912134,0.30793650793650795
1100.0,0.0,0.37982047872340424,0.30791139240506327,0.3061771561771562,0.3061087491608861,0.3053030303030303,0.3057316250842886,0.308467960533449,0.31446021789369427,0.3237171908252542,0.3347160178685386,0.3465725806451613,0.3577015934331241,0.3663140311804009,0.37398273736128235,0.3791134989926125,0.3833213515456506,0.38644965934897807,0.38792965627498,0.389817880794702,0.3902061855670103,0.39001782531194296,0.39059266227657574,0.388560157790927,0.38665578453376864,0.38408304498269896,0.381059873159196,0.3782030133069394,0.3758396775638155,0.3736226286493241,0.37179044329303396,0.3698806459162181,0.36800479328939484,0.36686032437666427,0.3654791154791155,0.36436037829766055,0.3634078914300075,0.3620108836486136,0.3613771680041419,0.36046358488081126,0.3594148436451483,0.35862349275165967,0.35768750866491056,0.356942889137738,0.35626152318820026,0.3554917444364681,0.354796511627907,0.353979696925114,0.3534136546184739,0.3526395173453997,0.35120727500783944,0.35008776128929314,0.3489779231398201,0.3479786167724691,0.3470948012232416,0.34658385093167704,0.34589406327763955,0.34566326530612246,0.34555659494855007,0.345533851697326,0.3458455522971652,0.3460700851316571,0.347060028682647,0.34824820599409034,0.35004378283712784,0.35259055479138013,0.355,0.3819628647214854,0.4022834984920293,0.41685684647302906,0.43468593663146193
25000.0,70.0,0.6295304777594728,0.758712298796687,0.7681623931623932,0.7751363990646921,0.7840300107181136,0.7905027932960894,0.7930579964850615,0.7910109937486527,0.7857142857142857,0.7775893958076449,0.7674670518144069,0.7567398119122257,0.7461077844311377,0.7356540658145228,0.7260736196319019,0.7172865013774105,0.7091679506933745,0.7012037833190026,0.6941514860977949,0.6873329770176376,0.6811680572109654,0.6659607843137255,0.6528094546962472,0.6411805078929307,0.6315598329398947,0.6240421455938697,0.6192271442035815,0.616960262187628,0.6180851063829788,0.622085048010974,0.6297273526824978,0.6389511429852084,0.6511891279728199,0.6645918548817358,0.6795837023914969,0.6958776958776959,0.7123333333333334,0.7289907519099317,0.7431059506531205,0.7593643586833144,0.7725464190981433,0.7839080459770115,0.7954743255004352,0.8031651829871415,0.8138177100227052,0.8198069360028603,0.8220171390903098,0.827132550572924,0.8285452322738386,0.8324733402132783,0.834909228441755,0.8366509337163964,0.8363757791629564,0.8362027737924438,0.8367862556846892,0.833922261484099,0.8357405834041348,0.8366322008862629,0.8342245989304813,0.8336640211640212,0.8353303663129066,0.8358707760861492,0.8348142164781907,0.8360726643598616,0.8358690640848317,0.8352941176470589,0.8112359550561797,0.7956219312602291,0.7825976982420639,0.7608956417433027
2000.0,80.0,0.3485591661557327,0.35224292615596964,0.3237362345760913,0.3048587570621469,0.29286239882266374,0.2853348729792148,0.2840210711150132,0.2893853305785124,0.300897929265164,0.31569709127382145,0.3345430550973276,0.3535505430242272,0.3678061224489796,0.38469449485783425,0.39399860432658756,0.4017350157728707,0.40964912280701754,0.41273080660835765,0.41911609219708185,0.42415503518283537,0.42830212391604877,0.44495823389021477,0.458267990939188,0.4762095161935226,0.48882431828341527,0.5007407407407407,0.5073470478226022,0.5170731707317073,0.5241274658573596,0.5326713645099296,0.533689126084056,0.5227505986999658,0.5378787878787878,0.5321809488782641,0.5396399846801991,0.5452390359541683,0.5337124289195776,0.5360951599671863,0.5331932773109244,0.5423280423280423,0.5402864816472694,0.5334555453712191,0.5348619560131025,0.5336837075967511,0.5344743276283619,0.528395061728395,0.5486910994764398,0.5477333333333333,0.5262329485834207,0.5316826111423748,0.5289762868710237,0.5298552472858866,0.5253564786112833,0.5338092147955873,0.5230769230769231,0.5309820193637621,0.5328068916008615,0.5286346863468635,0.5169117647058824,0.509009009009009,0.5327214684756584,0.5258804258804258,0.5249789029535865,0.5204861111111111,0.5168620378719567,0.5254752851711026,0.5252948885976408,0.5241320914479255,0.5186004423889,0.47879317883690425
9000.0,40.0,0.4732189973614776,0.4861111111111111,0.42956730769230766,0.40829126510631786,0.4098529791075574,0.4223281684545093,0.4391378332387975,0.4566844919786096,0.4732741617357002,0.4885524372230428,0.5020970641102457,0.5143621766280108,0.5229453483521068,0.5309713183899735,0.5376344086021505,0.5413416536661466,0.5448154657293497,0.547534516765286,0.5491405905685324,0.55096011816839,0.5524437122460186,0.5534433285509326,0.5545454545454546,0.5545376816904849,0.5539898670044332,0.5520048849989823,0.5489790643577152,0.545896853713915,0.5422025723472669,0.5385749385749385,0.5359643916913946,0.5345195729537366,0.5338954468802698,0.5306324110671937,0.5337587006960557,0.5332439678284182,0.5364494660269308,0.5415778251599147,0.5313807531380753,0.5402661854274757,0.5456167176350663,0.5379233137419536,0.5405989502933004,0.5362121727303638,0.5462928808557728,0.543677702433187,0.5304459691252144,0.5332721431849472,0.52392578125,0.523646408839779,0.5180158247108947,0.5201079622132254,0.5135994087213599,0.5026190476190476,0.5135888501742161,0.49038461538461536,0.49017341040462425,0.5010890986412198,0.49212294811060925,0.47456862523965265,0.4754637238788448,0.48397226220070655,0.4701857282502444,0.4662594964993297,0.46923694779116465,0.47097442985487215,0.43829296424452135,0.4354633939906898,0.4401858939311099,0.44974115616911126
25000.0,30.0,0.6267374517374518,0.7618705035971223,0.7711833231146535,0.7778175313059034,0.7863647551070637,0.7917201540436457,0.7935353535353535,0.7911706349206349,0.7842199641362821,0.7757274662881476,0.7646716541978388,0.7532242540904716,0.7417576359025251,0.7308125704269438,0.7208021465894647,0.7115232207956887,0.7030141843971631,0.6950326538689887,0.6875551632833187,0.6806888068880689,0.674074074074074,0.6585982658959537,0.6445293836598185,0.6317922735908803,0.6208053691275168,0.6124237382140876,0.6062773722627737,0.6030592734225622,0.6028421839940165,0.6053057263021676,0.6111111111111112,0.619098712446352,0.6299110198494182,0.6417534722222222,0.6552628702590447,0.6696233624454149,0.6841749704441817,0.698448810754912,0.7111222949169602,0.7244283995186522,0.735734664764622,0.7452948557089084,0.7545893719806763,0.7605321507760532,0.768753874767514,0.7731673582295989,0.7749615975422427,0.7777963272120201,0.7787851314596554,0.7802834385021206,0.781163753449862,0.7816308581480086,0.780900409276944,0.7803019199765499,0.780555986954496,0.7782197911486822,0.7793964620187305,0.7802357207615593,0.778586477686267,0.7784911717495987,0.7801831806827644,0.7818550202611436,0.7821541453926574,0.7842118930148013,0.7850055126791621,0.7851938210434276,0.7687473816506074,0.7574585635359116,0.7485029940119761,0.730619758641849
400.0,70.0,0.1477434679334917,0.16911364872213158,0.17128858402743752,0.17338893100833966,0.1766725742135578,0.180089658370691,0.18316996871741398,0.18573384446878421,0.18714887640449437,0.1878801234023799,0.1877717391304348,0.18801054018445323,0.1873328088119591,0.1871177015755329,0.18722943722943722,0.18736710444027518,0.18800229621125145,0.18804258804258805,0.18932490236191185,0.19091866835229668,0.19235714285714287,0.19833279897403014,0.20785744954916274,0.2219162363740677,0.2455521472392638,0.2713792403006297,0.30559617173999737,0.34836488812392424,0.3894828714815623,0.4342069710888949,0.4812520378219759,0.5221273291925466,0.5619982158786797,0.5909552845528455,0.6191562143671607,0.6368715083798883,0.6668956043956044,0.677956204379562,0.6535168195718654,0.6906919275123559,0.6999121265377856,0.6724353256021409,0.6825396825396826,0.6779543197616683,0.7038323965252938,0.6985605419136326,0.6686681222707423,0.677557458314556,0.6594244770599793,0.6660454714871413,0.6618106139438086,0.6550834803855029,0.6537400145243283,0.634808702175544,0.6473399171710736,0.6217340655683142,0.6135866823608541,0.6300711743772243,0.6187158727170025,0.5919954476479514,0.5956657555642327,0.6014877789585548,0.5786416443252904,0.572571159727123,0.571678759069302,0.5699468085106383,0.5040518638573744,0.4716917922948074,0.44492350486787197,0.36950951683748173
1000.0,20.0,0.38750610053684725,0.33779572994806695,0.3268809349890431,0.31827376938637897,0.30888285492629947,0.2997447351627313,0.2935187985082149,0.29239944945710356,0.2970934102507211,0.30659711567965636,0.3198797595190381,0.3336967294350842,0.34580152671755726,0.3567154255319149,0.36480117820324004,0.3711891460494812,0.3765505522514868,0.3795660036166365,0.38328611898016995,0.3856719367588933,0.38709344346928237,0.39179145867997783,0.3935956516601678,0.3944080168254361,0.3939393939393939,0.39262501658044835,0.3908830353487103,0.38933854312029026,0.3877840909090909,0.3862029152835907,0.3845701689933872,0.38287609285498947,0.3817433709234989,0.3806131929389904,0.3795322555328834,0.37858842188739095,0.37704649639816634,0.3765745133322428,0.375582944703531,0.3745541022592152,0.3738846945778998,0.37293497363796135,0.3722705485531688,0.3715571557155716,0.37089715536105033,0.37021984112322187,0.3695733532934132,0.3689890193108671,0.3683704842428901,0.367093674939952,0.3659730722154223,0.36515912897822445,0.36418166238217653,0.3635173467161248,0.3630965973966659,0.3623254749370565,0.36222692036645526,0.3622313450857281,0.36207741303282703,0.36248736097067746,0.36261203585147245,0.3636604774535809,0.36477987421383645,0.3661652001135396,0.3685306365258775,0.3703245749613601,0.3932114882506527,0.4107367218732153,0.4219310344827586,0.42676203248398153
17500.0,90.0,0.585806739567061,0.7435929648241206,0.7501505117399158,0.7495831017231795,0.7495442945679912,0.7493125572868927,0.7491582491582491,0.7508440243079001,0.7522052927024859,0.7550943396226415,0.7575258185014283,0.7604722010662605,0.7634643377001455,0.76653954568065,0.769404247321932,0.7721868365180468,0.7748803827751196,0.7773889636608344,0.7798970632758099,0.7823569482288828,0.7845917976236105,0.7901808785529716,0.7945492662473794,0.7977294228949858,0.7987261146496816,0.7983994551336625,0.7967131922557407,0.7941781828873861,0.7912713472485768,0.7885824866956942,0.7861060329067642,0.78419452887538,0.783223992502343,0.7824939772857634,0.7823725981620718,0.7823608316566063,0.7829052969502408,0.7835002384358608,0.783776144714528,0.7847682119205298,0.7856866537717602,0.7865168539325843,0.7873771339886187,0.7878787878787878,0.7904953145917001,0.7916981132075471,0.7920135938827527,0.7938967136150235,0.7952870341534309,0.7987707437000615,0.8018081649950558,0.8039308923759708,0.8044967503952222,0.8050603795284647,0.8067434210526315,0.8060297051651518,0.8081775700934579,0.8102261553588987,0.8096108644554714,0.8101126683154712,0.812070938215103,0.8139968895800933,0.8147148160647992,0.8164076617275027,0.8173779315647828,0.8179967426710097,0.8065843621399177,0.7993803253292022,0.7946828358208955,0.7915951972555745
900.0,40.0,0.3457838143746463,0.34382284382284384,0.3209561946365732,0.30303697183098594,0.2879833206974981,0.2750943396226415,0.26624886283230564,0.26308345120226306,0.26630562750176595,0.274949221394719,0.28839574664817386,0.3035949670461354,0.3176820208023774,0.33131578947368423,0.34180278281911675,0.3504910260751778,0.3582384957941613,0.3633905637420576,0.36973817445392737,0.37430340557275543,0.37824433790709205,0.3898620946701454,0.39821909297991304,0.4051627384960718,0.40963566634707577,0.41225626740947074,0.413262599469496,0.4135751580104424,0.4135104578858112,0.4127351664254703,0.4115727002967359,0.4099264705882353,0.40902021772939345,0.4078070453824183,0.4067140090380891,0.40562643114164215,0.40380047505938244,0.4030560271646859,0.40201179327089837,0.4007809726659567,0.39971243709561466,0.3983739837398374,0.39730639730639733,0.39634842145302396,0.3956723338485317,0.3944270015698587,0.39370015948963316,0.39276182773958757,0.3918484973240016,0.38972809667673713,0.3884173297966401,0.38686730506155953,0.3855133614627286,0.3844124700239808,0.38333333333333336,0.38253807106598986,0.3819560669456067,0.3813815434430653,0.38117453347969266,0.3808631459398069,0.38086455331412106,0.3810665068903535,0.38178438661710035,0.38265635074145715,0.38388625592417064,0.3849894291754757,0.39763147330389403,0.4055372445616348,0.4080278128950695,0.39427987742594484
384399.0,90.0,1.0,1.0,1.0,1.0,1.0,1.0,1.0,1.0,1.0,1.0,1.0,1.0,1.0,1.0,1.0,1.0,1.0,1.0,1.0,1.0,1.0,1.0,1.0,1.0,1.0,1.0,1.0,1.0,1.0,1.0,1.0,1.0,1.0,1.0,1.0,1.0,1.0,1.0,1.0,1.0,1.0,1.0,1.0,1.0,1.0,1.0,1.0,1.0,1.0,1.0,1.0,1.0,1.0,1.0,1.0,1.0,1.0,1.0,1.0,1.0,1.0,1.0,1.0,1.0,1.0,1.0,1.0,1.0,1.0,1.0
20000.0,60.0,0.6286952484135583,0.7792626728110599,0.7919748520710059,0.7971163748712667,0.8005427408412483,0.8024796921761437,0.8028316727844782,0.8027812895069533,0.8034638554216867,0.8033717834960071,0.8036288232244686,0.803314121037464,0.8026206896551724,0.8016671909405474,0.8002496878901373,0.7983887210473313,0.796552506237242,0.7942900841192965,0.7921557400515317,0.7897106109324759,0.7872878295413507,0.7810077519379846,0.7737940026075619,0.766140350877193,0.7580531389607336,0.7505480739116818,0.7441091360066143,0.7392596595514725,0.7365290412876138,0.7357559443696725,0.7373219373219373,0.7408470926058865,0.7453894359892569,0.7507204610951008,0.7564294461831542,0.7621809744779582,0.7677354709418838,0.7730223611445058,0.776947398677781,0.7815468113975577,0.7850877192982456,0.7882736156351792,0.7915099408919936,0.7933168316831684,0.797212543554007,0.7990580847723705,0.8005295675198588,0.8034046692607004,0.8044315992292871,0.8081074297188755,0.8117328004567513,0.8145327621767412,0.8159776731205303,0.8170132325141777,0.8186580697158976,0.8182014699524427,0.8205535390199638,0.8226343319067998,0.8222557905337362,0.8229854689564069,0.8255144032921811,0.8279857397504456,0.8300128534704371,0.8324751115688294,0.8341836734693877,0.8350674373795761,0.8230726566833056,0.8165204678362573,0.8110035211267606,0.8019427954668105
7000.0,90.0,0.44148506860371267,0.43383394729385094,0.37592879256965944,0.33973366367296376,0.3202687569988802,0.315898400752587,0.3224429727740986,0.3359189829778065,0.35224550898203594,0.3692154915590864,0.384812068524674,0.39814814814814814,0.40873936581593195,0.41695933456561923,0.42306434023991274,0.4262828535669587,0.4287043664996421,0.4299918500407498,0.4303473491773309,0.4306742151312403,0.4304628137232328,0.42823215080896543,0.4266666666666667,0.4251265975403906,0.42400482509047044,0.42379182156133827,0.42395879982086876,0.42512,0.4272385723231058,0.4303314121037464,0.4342857142857143,0.43881151346332403,0.44406639859779357,0.44942424926620006,0.4544424867858042,0.45995112679880534,0.4641957005189029,0.46896662905045944,0.4730227882037534,0.4755700325732899,0.4779960707269155,0.48063273169742443,0.4821237422393492,0.4829079307201459,0.4839629365645046,0.4845924453280318,0.4850997667789583,0.48554444744663605,0.48597868760515983,0.48634550475606014,0.4867603792088918,0.48737104233368905,0.48713023434498653,0.48804215646534255,0.48778320746334963,0.4873446847676024,0.4885386819484241,0.4880719794344473,0.4872618399564507,0.487609649122807,0.487599093997735,0.4864321608040201,0.48574257425742573,0.48477051460361614,0.48329604772557794,0.4813897763578275,0.45940934975499936,0.4415937803692906,0.4308779011099899,0.4010739363899215
4000.0,70.0,0.33819901315789475,0.37797619047619047,0.3416666666666667,0.32196669310071374,0.3142703718619949,0.3132265847773635,0.3190999656475438,0.3311827956989247,0.3470246734397678,0.3621541501976285,0.37618195757730644,0.3866751673573478,0.39243959469992207,0.3965675057208238,0.39780631353665064,0.39809699201964394,0.39799446749654216,0.39771383523847065,0.3980426272292301,0.398691226369365,0.3997835497835498,0.40452127659574466,0.41112916328188465,0.418426103646833,0.4261091960413655,0.43316863043202836,0.43969920544835417,0.4449626865671642,0.44954743546765,0.45347172512526845,0.4569031273836766,0.46046702171241294,0.4629352702414014,0.46524663677130046,0.4674929840972872,0.46970431410567137,0.472684703433923,0.47376746638544687,0.47612475848744135,0.4785755645628257,0.4801433263660794,0.48297604035308955,0.48473034437946716,0.4865229110512129,0.48883461270062806,0.49042975803539185,0.49233644859813086,0.4945945945945946,0.4963913392141139,0.5013181019332161,0.5044083526682135,0.508164275111331,0.511116937598322,0.514159779614325,0.5168963451168365,0.5191059399877526,0.5207073954983923,0.5223123732251521,0.5234353268428372,0.5240524781341108,0.5245901639344263,0.5254117647058824,0.525469387755102,0.5249146757679181,0.5232495511669659,0.521889616463985,0.5012106537530266,0.48518585024241334,0.47757548845470693,0.4356121814791796
1600.0,50.0,0.32605905006418484,0.3313106796116505,0.3057148507019972,0.28781898604967676,0.275515895147797,0.2665496049165935,0.2620983868817491,0.26292178661985566,0.2684138309549945,0.27630894912736725,0.28782608695652173,0.30012113870381585,0.3097722263041881,0.3220103986135182,0.3290836653386454,0.3359577100438646,0.3433863095982981,0.34699529216283576,0.35412262156448204,0.3597560975609756,0.3647460061030336,0.3840548649807115,0.40141022412490557,0.42267441860465116,0.4402618657937807,0.45656125045438023,0.4674041880679573,0.4802211824755423,0.4891891891891892,0.498812351543943,0.5012357884330203,0.49260385005065854,0.5056884635832004,0.5011911207363292,0.5075800112296462,0.5118291979226774,0.5014192785334122,0.5033373063170441,0.5,0.506984126984127,0.5047557840616966,0.4979672131147541,0.4987983978638184,0.4970788043478261,0.4975728155339806,0.49134078212290505,0.5077998528329655,0.5070306656694091,0.4881530537159676,0.4910015649452269,0.4878302642113691,0.4877076411960133,0.4826677994902294,0.48981399468556247,0.4797247706422018,0.48612933458294283,0.4878640776699029,0.48406374501992033,0.47277227722772275,0.46600666734013535,0.4875040223104151,0.48179117614699085,0.4816872661299467,0.4779008746355685,0.4755032743148193,0.48444501344258095,0.49358059914407987,0.4986104678091709,0.4976551724137931,0.4689020771513353
20000.0,0.0,0.6219768664563617,0.7946959304983996,0.7975206611570248,0.7938532110091743,0.7909228794773072,0.7889605734767025,0.78809318377912,0.7884812461569994,0.7897275138654449,0.7916666666666666,0.7940600522193212,0.7969924812030075,0.7998278088678433,0.802547770700637,0.8055555555555556,0.8084170854271356,0.8101983002832861,0.8124501197126895,0.8140161725067385,0.815872051827108,0.8171969437792223,0.8191194581280788,0.8183520599250936,0.8157303370786517,0.8103318250377074,0.803714859437751,0.7974851091992058,0.7906816220880069,0.7857222407840517,0.7823177676537585,0.7807033363390442,0.7805209513023783,0.7812588202088625,0.7827453719874258,0.7844568484328038,0.7859391395592865,0.7876275510204082,0.7873651771956857,0.7869444444444444,0.7859831709477414,0.7839757926588606,0.7815413300186451,0.7786287381473377,0.7757009345794392,0.7726269315673289,0.7693820224719101,0.7665816326530612,0.7639038392536778,0.7615046018407363,0.7578692493946732,0.7551020408163265,0.7543520309477756,0.7537688442211056,0.7548387096774194,0.7557724957555179,0.7578564940962761,0.7602316602316602,0.7624196674487402,0.7652556940266437,0.7682335700597452,0.771179450924944,0.777322754031226,0.7830461750516885,0.7885040530582167,0.792544064888473,0.7959954045626129,0.7987325174825175,0.7990628445424476,0.7998712998712999,0.7988625592417061
2500.0,30.0,0.3460259529602595,0.3639020825721593,0.32635041551246535,0.3022326674500588,0.28691049085659287,0.2778373410935825,0.27546900973640465,0.28189624329159213,0.2967674661105318,0.31772893772893773,0.3418145956607495,0.36543837357052095,0.38546082587533365,0.4010875679729983,0.4129256126653654,0.42205882352941176,0.4294662309368192,0.4349139232860163,0.44083906915765325,0.44595561918396565,0.45074276778733385,0.466390423572744,0.4813233724653148,0.4953305033353548,0.5070281124497992,0.5167642752562226,0.524156862745098,0.5296234309623431,0.5341850220264317,0.537883008356546,0.5404440154440154,0.5421936758893281,0.5444746755964839,0.5459009393680615,0.5475047448922631,0.5487748497457235,0.5499105545617173,0.5508924264351182,0.5518610421836229,0.5531077891424075,0.5538790225664307,0.5548537690512152,0.5556338028169014,0.5563736105096001,0.5571725571725572,0.5578456446517226,0.5587383327969102,0.5592495062541145,0.5596761133603239,0.5609070135348919,0.5616587850127319,0.5622489959839357,0.5630568204315977,0.5632832080200502,0.5635250382680953,0.5635545556805399,0.5635125616341864,0.562953995157385,0.5635572740454325,0.563195646796933,0.5619399051133368,0.5615176151761517,0.5606484069312465,0.5597701149425287,0.5585074626865671,0.5569182389937107,0.5472270363951474,0.5395061728395062,0.5304551539491299,0.48187241854061497
200.0,10.0,0.17751307379430564,0.1635827236252065,0.16422912858013405,0.18044206296048224,0.1710555250137438,0.17292340884573895,0.17530764575347993,0.17178895007994316,0.16324005891016202,0.1494310423304506,0.13994452149791956,0.12179245283018866,0.13810897435897437,0.1714939896966228,0.16381205001894655,0.15743639921722113,0.15232774674115457,0.14824355971896958,0.14529411764705882,0.14301565774873626,0.14148240423544067,0.14051601927984123,0.14372759856630826,0.14987714987714987,0.15457547672312774,0.1558733160009454,0.15604894663807242,0.15639620371608073,0.15652787579393082,0.1567053226286054,0.1568014992972044,0.15703764320785596,0.15718685831622176,0.15729073710512226,0.15739776951672863,0.157518361035949,0.157592778335005,0.1576835100852568,0.15774860094705123,0.15781041388518025,0.1578221915920055,0.15790471675752552,0.15790373808942096,0.1579119496855346,0.15795601552393274,0.1579633076309492,0.157985257985258,0.15801120448179273,0.15801263641585298,0.1580596565230491,0.15817034700315458,0.15822075782537068,0.1582617657162487,0.15829756795422034,0.15840148698884757,0.15846509834168918,0.15851318944844126,0.15862639635912287,0.15870774497218657,0.158841732979664,0.15894160583941608,0.1590887057682986,0.1593011305241521,0.15940217391304345,0.15964408725602755,0.15977011494252874,0.1611577964519141,0.1623931623931624,0.163673835125448,0.1705544933078394
2500.0,20.0,0.36073042168674696,0.3670253068646765,0.33049886621315194,0.30696232713400096,0.291415313225058,0.2818514007308161,0.27956586826347307,0.28579418344519014,0.30121457489878545,0.32290723981900454,0.3481425322213798,0.3726919339164237,0.3935229445506692,0.4095170454545455,0.4219133278822568,0.431278748850046,0.4385179153094462,0.4438947605127052,0.449793338195964,0.4544973544973545,0.4592571264036856,0.4737550471063257,0.48760650658404336,0.5,0.5108121095627103,0.519309262166405,0.5258803801006149,0.5311494937462775,0.5351063829787234,0.5382488479262673,0.5407660738714091,0.542407277816655,0.5448148148148149,0.5460725075528701,0.5479462875197473,0.5490196078431373,0.5504215851602023,0.5514066496163683,0.552719298245614,0.5541241890639481,0.5549056603773584,0.5559650824442289,0.5570149253731344,0.5578550310938933,0.558712518347662,0.5595326606479023,0.5606903599409561,0.5613607337745269,0.5617502570547241,0.5633209417596035,0.5644148186129984,0.5653286637931034,0.5661324041811847,0.5667058477813693,0.5670150630187519,0.5672514619883041,0.5673314653041042,0.5671819262782402,0.5675538226818104,0.567366048205306,0.5662606127722407,0.5657695223654283,0.5650390625,0.5642054574638844,0.562955254942768,0.5613919894944189,0.5516522774635308,0.5443764345830145,0.5356656065424807,0.4869990822881615
1600.0,40.0,0.33020084761378293,0.3376061120543294,0.3098615050892708,0.29031322505800466,0.27573423206547903,0.26471494607087825,0.2587954680977937,0.258593054318789,0.264382510866786,0.27364341085271315,0.28786046511627905,0.30323529411764705,0.31531853972798857,0.3310810810810811,0.3403678606001936,0.34861488321564366,0.3577860487453476,0.3620279904937946,0.37042857142857144,0.37695524237261885,0.3827967806841046,0.40416339355852315,0.4223883979152504,0.4437307297019527,0.4598976109215017,0.47402799377916016,0.4824824824824825,0.49289267945984366,0.5,0.508209538702111,0.5093042071197411,0.4991742361684558,0.5123216601815823,0.5068072024593764,0.5129604365620737,0.5172735760971056,0.5062141491395793,0.5079365079365079,0.5046637211585665,0.5115266393442623,0.509227579056506,0.5022739291380222,0.5032310177705978,0.5012048192771085,0.5016210173281163,0.4954954954954955,0.512106824925816,0.5109704641350211,0.4919335705812574,0.4948264984227129,0.49147837314396386,0.4912257200267917,0.486223440712817,0.4934238741958542,0.4829755736491488,0.48956127080181544,0.49114420062695924,0.48753016894609813,0.47624,0.46900489396411094,0.49090121317157714,0.4849777777777778,0.4845238095238095,0.4809613572101791,0.4781586679725759,0.4872749844816884,0.4951022760011524,0.4992517770295548,0.49754901960784315,0.46863876863876863
4000.0,60.0,0.3394805194805195,0.3785240464344942,0.3425409836065574,0.32336917562724016,0.31618448129766374,0.31591402090317494,0.3226600985221675,0.3352994970278921,0.3515503875968992,0.36701754385964913,0.38118419563002376,0.3917336718860206,0.3978976391521627,0.40222672064777326,0.4035502958579882,0.40385659967409016,0.40398162327718223,0.4036312849162011,0.4039351851851852,0.4044750430292599,0.40538202787121574,0.4093601895734597,0.4153231663035585,0.4219638242894057,0.4286143071535768,0.4350708733424783,0.44096509240246407,0.4459478505990134,0.4501446186634191,0.4537760416666667,0.457197430109394,0.460604929051531,0.46278254091971943,0.46511152036013914,0.46732165741136267,0.4692205491585474,0.47242035187826914,0.47336707640395276,0.4757698132256436,0.4780190677966102,0.4796503687517072,0.48226132102682434,0.4839476813317479,0.48596978106691335,0.48818646232439333,0.48991735537190084,0.4921286789869952,0.4938140685754684,0.4959618208516887,0.500402252614642,0.5040373990650234,0.50747621205256,0.510566762728146,0.513622603430878,0.5165203073545555,0.5186203028603478,0.5202002355712603,0.5217956656346749,0.5229299363057325,0.5235647530040053,0.5242320819112628,0.5246949030868628,0.524813153961136,0.524375,0.5230263157894737,0.5215938303341903,0.5008005912058136,0.4847089773100954,0.4773327912177272,0.43540125213431985
7000.0,80.0,0.44141761438772814,0.43382557815547507,0.37604562737642583,0.34017952228814846,0.3210555250137438,0.31685133887349953,0.32344877344877343,0.33706441393875397,0.35357090482475434,0.37062256809338523,0.3862327909887359,0.3994998437011566,0.41029523088569264,0.4182722749886929,0.42443970117395946,0.42761788120024496,0.42990196078431375,0.4316041500399042,0.4315742397137746,0.4319967761434616,0.431710615280595,0.42950581395348836,0.42761194029850746,0.42603969754253307,0.42477091339048184,0.4243528982865476,0.42457142857142854,0.42544502617801044,0.42749077490774906,0.43043170559094124,0.43443017656500804,0.4385948905109489,0.4438361719383617,0.44909514821805263,0.4541965833127012,0.45959663416588753,0.4638167493434491,0.4683484055211804,0.47253834735279565,0.4751469802244789,0.4773694390715667,0.48003194888178913,0.4815517604891419,0.48227109515260325,0.48338792700046795,0.48396572827417383,0.4845545059994894,0.4850905218317359,0.48535911602209947,0.48548972188633616,0.4859903381642512,0.4868559411146162,0.48637395912187736,0.48722044728434505,0.48708971553610503,0.48707482993197276,0.488,0.48738601823708205,0.48648793565683646,0.48703403565640196,0.486781929726715,0.48576732673267325,0.48498049414824446,0.48437285812200137,0.4828067597354886,0.48080251770259635,0.4589094703887295,0.4411483253588517,0.4304520615996026,0.4007726718178121
20000.0,70.0,0.6293162983425414,0.7798340778557754,0.7924836601307189,0.7975582055650199,0.8008965259618976,0.8024459078080903,0.8027681660899654,0.8033356497567755,0.8040562913907284,0.8042926829268293,0.8040779132019592,0.8038776048536006,0.803211634600818,0.8023838314043876,0.800822561692127,0.7993806679938067,0.7973107569721115,0.7951301427371956,0.7931468091795033,0.7906812566184257,0.7882632831086439,0.7819148936170213,0.7746781115879828,0.7672762271414822,0.7596439169139466,0.7522762411956708,0.7456935630099728,0.7408942848682263,0.738213875047911,0.737721021611002,0.7394014962593516,0.7425098039215686,0.7475073313782992,0.7529326399806506,0.7589378430499926,0.7648863226272103,0.7705382436260623,0.7759791122715405,0.7800998128509046,0.7850844966936077,0.7887931034482759,0.7919597989949749,0.7955993051534452,0.7974683544303798,0.8023952095808383,0.8047138047138047,0.8055765595463138,0.8087761256108974,0.8102698993595608,0.8144729802033173,0.8184026723352567,0.8213683855746545,0.8227777777777778,0.8238362760834671,0.8257802479692176,0.8248795042460408,0.827395281656235,0.8292990418557741,0.8289227479283614,0.8296379455515015,0.8319254296533644,0.8345959595959596,0.8362952836637048,0.8389335281227173,0.8401861908456167,0.8407224958949097,0.8283671036948749,0.8201892744479495,0.8141904761904761,0.8050996483001173
384399.0,80.0,1.0,1.0,1.0,1.0,1.0,1.0,1.0,1.0,1.0,1.0,1.0,1.0,1.0,1.0,1.0,1.0,1.0,1.0,1.0,1.0,1.0,1.0,1.0,1.0,1.0,1.0,1.0,1.0,1.0,1.0,1.0,1.0,1.0,1.0,1.0,1.0,1.0,1.0,1.0,1.0,1.0,1.0,1.0,1.0,1.0,1.0,1.0,1.0,1.0,1.0,1.0,1.0,1.0,1.0,1.0,1.0,1.0,1.0,1.0,1.0,1.0,1.0,1.0,1.0,1.0,1.0,1.0,1.0,1.0,1.0
900.0,50.0,0.29979253112033194,0.2970241437394722,0.27381084994987187,0.25629770992366413,0.24296730413325107,0.23239637922820391,0.22446958981612447,0.21925566343042072,0.216766634119124,0.21633184523809523,0.21782201966898537,0.2206782713085234,0.2238740388136214,0.22835365853658537,0.23238289205702647,0.2368698710433763,0.24184963406520293,0.2457957957957958,0.2512970711297071,0.2561338289962825,0.2607219993829065,0.276385139478082,0.29269061121613105,0.3104550582925912,0.3282894736842105,0.34450838128596445,0.35848002235261245,0.3703477730323368,0.37965990843688685,0.3864500518492914,0.3911465892597968,0.3935238095238095,0.39592316738533906,0.3968901453957997,0.3973923841059603,0.39742724588781103,0.39631255487269534,0.39629792860290874,0.39548736462093864,0.3944958371877891,0.39367088607594936,0.3925229136517125,0.3916911045943304,0.3908503232222775,0.3897979797979798,0.38906570841889115,0.3881126173096976,0.3872025383395029,0.3864297253634895,0.38436794582392775,0.38312138728323697,0.3817531305903399,0.38033088235294116,0.379435736677116,0.3782981530343008,0.3775862068965517,0.3771174863387978,0.3766032417195208,0.37628939828080227,0.3762045959970348,0.3762227238525207,0.3764659890539484,0.3772837510105093,0.3782169890664424,0.3793468667255075,0.3807904411764706,0.39515706806282724,0.40488896539851954,0.4090533278214138,0.39861730597680645
17500.0,80.0,0.5859272249013591,0.743709916132215,0.7499507389162562,0.7496587496587497,0.7496418338108882,0.7492120666366502,0.7495863210148924,0.7504976775049768,0.7522458628841607,0.7548656163113995,0.7576935536119209,0.7606037924151696,0.763519313304721,0.7666232073011734,0.7694439312765564,0.7721202003338898,0.7747472372442982,0.77745435300344,0.7800595238095238,0.7823903582189488,0.7848530519969856,0.7897409852717115,0.7945017182130584,0.7971189591078067,0.7986224170319349,0.7982926012721795,0.7965914121292608,0.7941601618965018,0.7910447761194029,0.7882968601332064,0.7855002995805872,0.7840059790732437,0.7826728110599078,0.7822799097065463,0.7820249349225922,0.782013201320132,0.7823854660347551,0.7830985915492957,0.7831895352073476,0.784409654272668,0.7850609756097561,0.785303231518371,0.7869520897043832,0.7873462214411248,0.7894389438943894,0.7909226190476191,0.7913663034367142,0.7933271547729379,0.7943858211248848,0.7978155339805825,0.80078125,0.8030065768869402,0.803540437348143,0.8041666666666667,0.805606337599025,0.804862023653088,0.8072038790117756,0.8090842846733058,0.8085161290322581,0.80912299755634,0.8109635490251483,0.8131530424093424,0.8136666666666666,0.8157800785433774,0.816628701594533,0.817048652995577,0.8057971014492754,0.7984732824427481,0.7943933823529411,0.7913851351351352
15000.0,0.0,0.516544502617801,0.5373730043541364,0.5499663752521856,0.552576288144072,0.5518861406660218,0.5506592017337909,0.5495454545454546,0.5494994438264739,0.5511496167944019,0.5538098978790259,0.5577889447236181,0.562565720294427,0.5680863827234554,0.5743031951053705,0.5806130268199233,0.5875968992248062,0.5944980694980695,0.6013608381034669,0.6083806303586523,0.615145788336933,0.6220947781466949,0.6388888888888888,0.6557768924302789,0.6732743362831859,0.6913638508730533,0.7101631116687579,0.7289146644573322,0.7474221209160968,0.7642425094950064,0.7790592899621553,0.791286496350365,0.8008559201141227,0.8079774091069538,0.8123648940769563,0.8142707240293809,0.8143939393939394,0.8123587038432555,0.8093833780160858,0.8046496949295182,0.7984753473503012,0.7911491791577445,0.7826945221253495,0.773592013561876,0.7634339541853993,0.7529582226515334,0.7419529348120097,0.7308039747064138,0.7206666666666667,0.709783803591059,0.6904969485614647,0.6727642276422764,0.6585223967422921,0.6466841759684833,0.6373352855051244,0.631421647819063,0.6256613756613757,0.6219138755980861,0.6188706513884588,0.6160150625761436,0.6137735179268725,0.610887603721398,0.6053445850914205,0.6009645301804605,0.5971725430080055,0.5944556636680741,0.5926288962948442,0.5983297413793104,0.6033653846153846,0.6074313408723748,0.6279518072289157
1000.0,30.0,0.36372180451127817,0.3502216848045143,0.3274897119341564,0.3099527466036621,0.29453085800301054,0.2813934426229508,0.2722618276085548,0.26911618669314796,0.272794009690207,0.2823455759599332,0.2968705948689033,0.3130513376717281,0.32783687943262413,0.3417184265010352,0.35232489699823427,0.3609262883235486,0.3686038270729979,0.37350230414746544,0.37944535073409463,0.3836221837088388,0.3870404411764706,0.39732461962626364,0.4040980853207927,0.4092163686547462,0.412205024105557,0.4132429198244914,0.41319684603679624,0.4126033646991731,0.4117389399912396,0.41079147413921596,0.40935405240706885,0.40752941176470586,0.40638906547997455,0.4050817284350218,0.40401051939513477,0.40286094477711243,0.4011707988980716,0.40051635111876077,0.399297629499561,0.39809831359885184,0.3973870440936309,0.3961631588750233,0.3952524491333836,0.3942988329825904,0.3936335403726708,0.392674281213076,0.3918081918081918,0.3910931174089069,0.39020374562667215,0.38850624192854066,0.38737351517817864,0.38618346545866367,0.38516968851696887,0.38404937099454073,0.38338737839860315,0.38257386079118677,0.38237567637206904,0.3821030270844397,0.3819800377663879,0.3821478382147838,0.3822863610639502,0.38289744343226567,0.38361153262518966,0.38478535353535354,0.3868080875041432,0.3883327580255437,0.40718889439762024,0.420249835634451,0.42688941925218776,0.41753291753291755
400.0,60.0,0.1416935112747354,0.17492931196983977,0.18018757327080892,0.18400374181478016,0.18801973220577872,0.19173069146785282,0.1941274700807125,0.1946843853820598,0.19327333017527237,0.19031305375073834,0.18606321839080459,0.18157669237360755,0.176677380474086,0.17200929152148664,0.16748637511630998,0.16329915560916766,0.15936437797416722,0.155604269919939,0.15226837060702875,0.14922821182616955,0.146365318530267,0.14060668734918993,0.13727436823104694,0.1368295589988081,0.14027005559968228,0.1470462785242056,0.15830226555778606,0.17471131639722862,0.19454545454545455,0.21870600067046597,0.24701332187365704,0.27585089141004865,0.3068466096115866,0.3317720530835285,0.35852324521422063,0.37861983980283426,0.3996782348885314,0.4167818113302349,0.41022576361221774,0.43020105518323115,0.4392694063926941,0.43049047172758514,0.43642276422764226,0.43251063829787234,0.4466189061680937,0.44420485175202157,0.42980840088430367,0.43412608531521335,0.4252696456086286,0.42677484787018255,0.4240201215678055,0.42395810604407597,0.4202964652223489,0.41103577273790043,0.4195133939542885,0.4018574297188755,0.40076335877862596,0.4101541733120681,0.4028161236885699,0.38850511190936726,0.3901408450704225,0.39686369119420983,0.3852152214597629,0.38292367399741273,0.38471986417657045,0.3862339514978602,0.35744892874937717,0.34641927083333335,0.33849765258215964,0.29518187011997715
25000.0,20.0,0.6604562737642585,0.768074031231926,0.7732514177693762,0.7791245791245791,0.7872882899289747,0.7932410232339826,0.7960140679953107,0.7945597709377237,0.7898581865062312,0.7817904374364191,0.7717003567181926,0.7615120274914089,0.7508261211644375,0.7405357142857143,0.7305563940034209,0.72160758636261,0.713293776038379,0.7055093701564041,0.6983503534956795,0.6913645121737607,0.6848993944129713,0.67001287001287,0.6563351498637602,0.6440831074977417,0.6331538001196888,0.6249208860759494,0.6184826724945364,0.6146301593788313,0.6133096716947649,0.6144467448815275,0.6183976261127596,0.6247619047619047,0.6334467671366067,0.6432098765432098,0.6547507788161994,0.667219512195122,0.6795975269729664,0.69260642270351,0.7041301169590644,0.7163323782234957,0.7270092226613966,0.7361370716510903,0.7449127906976745,0.7512605042016807,0.7586698337292161,0.7629471436198612,0.7656529516994633,0.7682767624020888,0.7693950177935943,0.7704340704340704,0.7713107241063245,0.7715894239469187,0.7710382513661203,0.7704147573728116,0.7706307653951633,0.7686388962589547,0.7693911592994161,0.7698458854318115,0.7685241886099204,0.7683317323086776,0.7695630503405881,0.7708445400753093,0.7714726886701408,0.7732510288065844,0.7740248420135105,0.7745345897494829,0.7614442295293359,0.7526205450733753,0.7452547452547452,0.7300483675937122
9000.0,50.0,0.4737873591376776,0.4923277832190663,0.44200567644276256,0.42583988563259473,0.4316353887399464,0.44745685740236146,0.4662805662805663,0.485146804835924,0.5028991971454059,0.5184771998326593,0.5322772951796968,0.5444172779136104,0.5530031107920556,0.5609552901971675,0.5671451355661882,0.5702898550724638,0.5735354362965998,0.5759113982464237,0.5768235902741852,0.5780869565217391,0.5789746917585983,0.5779487179487179,0.5766505454954448,0.5739566435628963,0.5708245243128964,0.5662202380952381,0.5607830754657405,0.5555555555555556,0.5501968503937008,0.5455475330926595,0.5420479302832244,0.54029590948651,0.5394506737989919,0.5366000481579581,0.5397519030166338,0.5397108981646906,0.5440598690364827,0.5498715753424658,0.5393446543889022,0.5501215887597947,0.5566382460414129,0.5488170609796734,0.5526219288595526,0.5492332526230831,0.5615720524017467,0.5596416784535596,0.5457764289327264,0.5497297297297298,0.5409873708381171,0.5425145819831497,0.5385327635327636,0.5415420928402832,0.5367786391042205,0.5260147601476015,0.5386014551333872,0.5153511101667906,0.5153709066607263,0.5279108768567321,0.5192160855179435,0.5009107468123861,0.5025037217485452,0.5122722481553983,0.498153203789947,0.49452242382745637,0.49787862018077844,0.49990085266706324,0.46684350132625996,0.4633170731707317,0.4664348925410872,0.4770459081836327
9000.0,70.0,0.4728474086310138,0.48721174004192874,0.4302267630201844,0.4084033613445378,0.40955492037566354,0.4223984771573604,0.43948811700182816,0.45723153320918686,0.47436519488921236,0.48982084690553745,0.5037481259370314,0.5161967606478705,0.5247000705716302,0.5323770491803279,0.5391140433553252,0.5425361155698234,0.545558912386707,0.5480952380952381,0.5490106544901066,0.5506814310051107,0.5511406844106463,0.5508653965882206,0.5502197623311086,0.5485375158965663,0.5470249520153551,0.5440814892869688,0.5399290150842946,0.5375968992248062,0.5341513292433537,0.5312655086848636,0.5299306243805748,0.5305302940829101,0.5321864594894562,0.5312348668280872,0.5368421052631579,0.5385111876075731,0.5456339417858905,0.5532511210762332,0.542457231726283,0.556993006993007,0.5652685221481771,0.5570212765957446,0.5633737185461324,0.5602655771195098,0.5755909840571742,0.5744240992321323,0.5595583596214511,0.5655241935483871,0.5557924662402275,0.5598721023181454,0.5568181818181818,0.5611164581328201,0.5568301410229426,0.5455976610817497,0.560029553010713,0.5355014252396995,0.5354192062847081,0.5497885989211255,0.5405027932960894,0.5205197274599905,0.5229146060006594,0.5334313005143277,0.517734665882814,0.5141124817060422,0.5175992779783394,0.5194363459669582,0.48041237113402063,0.47295636140135217,0.4720836685438455,0.47766990291262135
1300.0,90.0,0.306267332224071,0.3082706766917293,0.2844611528822055,0.268108566581849,0.257263100733098,0.2498441072542091,0.24588055130168454,0.2455178416013925,0.24841791044776118,0.25329103885804916,0.2603032461585428,0.26833903458760927,0.2755808585936298,0.28389676481279535,0.29099746407438715,0.29780033840947545,0.30526028890705914,0.3108728943338438,0.3185888738127544,0.3253378378378378,0.3316072908036454,0.3532514080901178,0.3749844430616055,0.39786764705882355,0.41960950764006794,0.438255033557047,0.45347480106100796,0.4657471264367816,0.4751529987760098,0.48158165893869137,0.4857759201833625,0.48748054887537134,0.48924105844722304,0.4897409016025161,0.4897144611605772,0.4895914853654719,0.48751835535976507,0.48746518105849584,0.48614609571788414,0.48440999138673557,0.4832226494232786,0.4814614830813535,0.4802919708029197,0.4788261515601783,0.47753021148036257,0.4761082325849165,0.4747415642676029,0.47338214921828614,0.4719871019750101,0.4690340308602832,0.4666666666666667,0.4644930772666369,0.4624741794812945,0.4606899788781976,0.4587654320987654,0.4575682382133995,0.4565661727133367,0.4554794520547945,0.4550080342795929,0.45457063711911355,0.4540601292497893,0.4540414356580099,0.4546550165712564,0.45551378446115287,0.45678606638186003,0.4581196581196581,0.472590799031477,0.4816910362364908,0.48458015267175575,0.46504709965294994
400.0,40.0,0.23315529991783074,0.2277569392348087,0.22590403337969403,0.22740384615384615,0.2285567539804828,0.22944827586206898,0.23261126427727452,0.2411161000641437,0.25423228346456694,0.2716730306887286,0.28934300993124523,0.3086269744835966,0.3180624452874234,0.32870244565217394,0.33707995365005794,0.33783783783783783,0.3415328132170721,0.3429920477137177,0.343322818086225,0.34823133071308254,0.35,0.3477064220183486,0.3501078360891445,0.3504260263361735,0.3552892561983471,0.35569176882661996,0.3552007299270073,0.3577545195052331,0.3572844400396432,0.35538790906310536,0.35483197662283444,0.3558495066681123,0.35632056674784146,0.34883460331689825,0.35279039962717,0.3490154462917109,0.3508729388942774,0.3554555680539932,0.3373493975903615,0.34673495518565944,0.35066489361702124,0.34038589487691284,0.34238024155244945,0.3372855349421119,0.3465346534653465,0.3441773427378724,0.33279695728496195,0.3356643356643356,0.32895729591066847,0.3294043690083294,0.32679002413515684,0.3289209115281502,0.325407844498438,0.3185683912119065,0.32693383038210627,0.3119939747693466,0.3126432391138273,0.3211722488038277,0.3163748712667353,0.30506043843474695,0.30663615560640733,0.3152972611890447,0.30802652641207406,0.30754716981132074,0.3115888312330121,0.31518921721099014,0.3029957203994294,0.3017487344684767,0.3024136039495337,0.26530353060706124
1000.0,10.0,0.37451089994410286,0.3058771148708816,0.30324980422866094,0.3028860569715142,0.30246831220813875,0.30357747432569687,0.30689655172413793,0.31353591160220995,0.32317121391854486,0.3342567927543953,0.3460349462365591,0.35686746987951806,0.3654024051803885,0.37310683585755217,0.3782308377896613,0.3822968787228973,0.3855995985950828,0.3869772366331392,0.3889269562834041,0.38956051770729627,0.3893805309734513,0.3899782135076253,0.3883447600391773,0.38649789029535864,0.3839347675225538,0.38118107435076487,0.3784570596797671,0.37599555473235785,0.373989851531667,0.372,0.370305845915602,0.3684836471754212,0.3671671671671672,0.3659081674116213,0.3648148148148148,0.3638063577810098,0.3623902334547012,0.3617886178861789,0.3609055289508054,0.35994677312042583,0.3593015446608462,0.35814059995420194,0.3573740175681923,0.35667447306791566,0.3560085328276843,0.3553262955854127,0.35454103933948516,0.3537064310260187,0.35316077650572425,0.3516938194983191,0.35043409629044986,0.34932614555256064,0.34819708230112856,0.34732717604254126,0.3468731735827002,0.34621012584138133,0.3458308338332334,0.3457512315270936,0.34570982839313574,0.3459807073954984,0.34614132204493653,0.34691815426069383,0.3482483524106833,0.34989208633093527,0.35229668674698794,0.354573885848319,0.37984790874524715,0.39978813559322035,0.41465076660988076,0.4336818932305999
900.0,70.0,0.2740829825616356,0.27347062386432464,0.25398291387670285,0.2402732966407288,0.23117491942572516,0.2252481657315494,0.22149418248622169,0.2197978096040438,0.21961932650073207,0.22049324721080446,0.22261615973129315,0.22528975428836348,0.22803500846979108,0.23180592991913745,0.23507728894173602,0.2388121546961326,0.24289487585842578,0.24613992762364295,0.2508855585831063,0.2549079754601227,0.25877796901893285,0.27341913822048125,0.28916178780522633,0.30792466240227434,0.32779456193353473,0.3472257734594733,0.36514032496307236,0.3809840425531915,0.39437134502923976,0.40433925049309666,0.41133108677337826,0.4152534768954688,0.4188141923436041,0.4205339805825243,0.42140350877192984,0.421634121274409,0.4200645508337816,0.4202819956616052,0.41894150417827297,0.4173539518900344,0.41635622817229334,0.4144657863145258,0.4134064594759293,0.41198013656114213,0.4108022741629817,0.4095758354755784,0.40830065359477125,0.407100199071002,0.405814739688979,0.4029098651525905,0.4012372634643377,0.39917355371900826,0.3973724884080371,0.3959651898734177,0.39425,0.39304857621440537,0.3922279792746114,0.3911764705882353,0.39048050770625564,0.3899530516431925,0.3896091515729266,0.3892857142857143,0.38906554518412145,0.38944669942320015,0.3901672466045572,0.3911365762394761,0.4029029029029029,0.41098901098901097,0.41422151731430085,0.4024641833810888
20000.0,50.0,0.6253032043916762,0.7766698935140368,0.7905373648754505,0.7957931638913234,0.7998261877172653,0.8013172338090011,0.8017086330935251,0.8023887079261672,0.8020698576972833,0.8022900763358779,0.8024085637823372,0.8019638242894057,0.8012828126855921,0.8000541858574912,0.798432939007528,0.7966336977268783,0.7944509574052364,0.7922249066549528,0.7898371978293044,0.7872576177285319,0.7849361967009025,0.7782881002087683,0.7707865168539326,0.762660619803477,0.7546634225466342,0.7469944617047143,0.7404103479036575,0.7355275443510738,0.7326073805202662,0.7320388349514563,0.7333333333333333,0.736612702366127,0.7412908242612752,0.7467695274831244,0.752163091146142,0.757807981492192,0.7632224168126095,0.7682105263157895,0.7718679102596421,0.7760882528324389,0.7791432584269663,0.7816091954022989,0.7842205323193916,0.7861842105263158,0.7898326100433974,0.7914625612316305,0.7915027537372148,0.7941739130434783,0.7947318007662836,0.797926293249183,0.8008997429305913,0.8033209275694245,0.8045977011494253,0.805565039262547,0.8073210708431979,0.8067095767505363,0.809016393442623,0.8111302105715513,0.8111792774369462,0.8120085775553967,0.8143564356435643,0.817524115755627,0.8197337962962963,0.8226205191594561,0.8243198951163553,0.8258310249307479,0.8157635467980295,0.8096774193548387,0.8051044083526682,0.796742209631728
4000.0,40.0,0.33719174635128335,0.3736167734420501,0.336835960303561,0.3158410732714138,0.30555066079295157,0.3017742873763816,0.3047180667433832,0.31469670710571923,0.3290386521308226,0.3431679129843644,0.35729442970822284,0.3674665487117107,0.3729846904213521,0.37712740575791315,0.37802156935663817,0.37800980183251653,0.3782358581016299,0.3776624795193883,0.3784189960925759,0.3795986622073579,0.3809168840849795,0.38748862602365786,0.3959668508287293,0.4057792207792208,0.4151084517576664,0.4241935483870968,0.43200757575757576,0.4385928608380755,0.4442466058312931,0.44889732036993124,0.45313485555695726,0.45715446053878434,0.4600197433366239,0.46288080449571134,0.46539232310775397,0.4676775738228252,0.47088043850633776,0.4724149895905621,0.47485019066642453,0.47715156130997716,0.47919120533961523,0.48166563082660035,0.4835610589239966,0.48549922514943544,0.48762603116406966,0.4896797153024911,0.49152958507242817,0.4935328430129343,0.4955239599789363,0.49985578309777906,0.5033516148689823,0.50682261208577,0.5101619014812263,0.5130246020260492,0.515748031496063,0.517490952955368,0.5196451204055766,0.5211017325633052,0.5221562357240749,0.5227599425011978,0.5235063663075417,0.5239567233384853,0.524087982832618,0.5233183856502243,0.5221369539551358,0.5206027060270603,0.4996457041629761,0.4836036462649461,0.4760509740735316,0.43379934210526316
1600.0,60.0,0.31312660293774774,0.32134634360267517,0.29725158562367865,0.28074578702043745,0.26990179087232813,0.26276785714285716,0.25940199335548175,0.26,0.26433456075749606,0.2707017543859649,0.27917042380522994,0.28789915966386553,0.2955223880597015,0.3038277511961722,0.31004608294930874,0.31608171817705605,0.3221114369501466,0.32634338138925295,0.3326127684104338,0.3378763866877971,0.34272790535838554,0.3608990670059372,0.37968869609594286,0.4006592747977225,0.42132505175983437,0.4403276131045242,0.45714285714285713,0.4708372530573848,0.48165829145728645,0.48986737400530506,0.49565459610027857,0.4992375366568915,0.5022960725075528,0.5039925140361822,0.5049327354260089,0.505297580117724,0.5045112781954887,0.5050171821305842,0.5044460127028935,0.5034082668600435,0.5029476787030214,0.5014437689969605,0.5008487654320988,0.5,0.4989591673338671,0.4979625101874491,0.496849087893864,0.49637436762225967,0.4948453608247423,0.4926763110307414,0.49081632653061225,0.4894433781190019,0.4875494071146245,0.4861336032388664,0.48453498293515357,0.4836355832170834,0.4828043790777397,0.48185759926973987,0.48149437289708785,0.4810992439697588,0.4808277541083384,0.48079838302172817,0.48110502997133175,0.48174195293481203,0.48265609514370666,0.48368127021464274,0.4942552318424292,0.5,0.4993642720915448,0.47147742818057453
7000.0,0.0,0.42490092470277413,0.42655699177438305,0.3686613402902332,0.3225295109612142,0.28428390367553863,0.25842193620593173,0.24472807991120976,0.24227688787185356,0.24640167364016735,0.2585250737463127,0.2644041041831097,0.26956877171469446,0.2801298701298701,0.2769716088328076,0.2739569441798438,0.27858908110536956,0.27579056505961635,0.2747289156626506,0.2748478701825558,0.2722794959908362,0.2740740740740741,0.28065395095367845,0.28866120218579233,0.29858451290591176,0.31027944111776445,0.32219345728406684,0.33924430500613834,0.35088262620006194,0.359364201796821,0.37123809523809526,0.38517745302713985,0.3939880679210647,0.4023552502453386,0.4169732002101944,0.41361987161596425,0.422737955346651,0.4348933460681312,0.4227376674289448,0.44555478980013785,0.4449691245913549,0.43239171374764596,0.4531685930649661,0.4507622579316028,0.4458244111349036,0.44849023090586143,0.44891854578923146,0.44997615641392463,0.4492853622474125,0.45302254098360656,0.4594822734946539,0.4609058402860548,0.4557115507338864,0.45210597826086957,0.4546953405017921,0.4557389937106918,0.4543548387096774,0.46467576791808873,0.45772357723577234,0.44911131898971,0.4738872403560831,0.47350218695961754,0.4560642221740074,0.46000686577411604,0.4646844660194175,0.46396571873782627,0.45790413404752095,0.44227716035382175,0.42493386243386244,0.4151437151437151,0.3736244541484716
200.0,30.0,0.20496252261566297,0.22761078400991633,0.23332068311195445,0.23660578386605782,0.2377332411886662,0.23765360537908647,0.2396706050841389,0.24356636271529886,0.2488031914893617,0.25158924205378974,0.25577841451766953,0.2537169750775484,0.25502008032128515,0.25321779023830765,0.2524166099387338,0.24982011800259032,0.24736525143029206,0.2469545957918051,0.24263261296660119,0.24205544286680192,0.24096385542168675,0.23801529565379592,0.2376549281920126,0.23536685902720525,0.23397027600849254,0.23266563944530047,0.23090826931766834,0.23142593447161972,0.22905293140280084,0.2289805825242718,0.22791615289765726,0.22769347496206374,0.22649769585253454,0.2268363064008395,0.22392293283382395,0.22536704730831972,0.22662983425414365,0.22124091671324764,0.2262380538662033,0.2231392991601506,0.2183938588721583,0.22365558912386704,0.2207926829268293,0.2228031496062992,0.21559975139838408,0.21904460613729834,0.22393162393162394,0.215554821664465,0.2195593220338983,0.2179094076655052,0.21730769230769234,0.2116575591985428,0.2134238310708899,0.21644634525660966,0.20941083432186636,0.21488833746898262,0.21045833333333333,0.20787368421052632,0.21226456416995185,0.20781320161652447,0.2052464947987336,0.20597851471275105,0.20395121951219514,0.20130325814536343,0.1998968008255934,0.1989877464038359,0.17814327485380116,0.16795937211449677,0.11935937669083432,0.0001019845644983462
200.0,20.0,0.20484693877551022,0.1865849260728453,0.20132827324478178,0.21730089415678935,0.2297994269340974,0.2389667896678967,0.24463984582028425,0.2468589630153955,0.2453452745698798,0.24152689415847312,0.234447043100568,0.22722551928783383,0.21959052589321557,0.21324786324786327,0.20779981965734898,0.19835680751173707,0.1942607003891051,0.19216776149570491,0.18708333333333335,0.1824252136752137,0.17967213114754096,0.1754335260115607,0.16922615476904618,0.16631578947368422,0.16354365838113447,0.1602739726027397,0.15638649900727994,0.1536271186440678,0.15259515570934257,0.14943899018232817,0.14506437768240343,0.14435600578871202,0.1428360413589365,0.13818046234153616,0.13759512937595128,0.13557617942768754,0.13440438871473356,0.12934179222839018,0.12592592592592594,0.1275974025974026,0.12373443983402489,0.12192242833052276,0.118562874251497,0.11292808219178083,0.1149046793760832,0.1150268336314848,0.1072007200720072,0.10865998176845942,0.10700460829493089,0.0980188679245283,0.09355086372360845,0.08829195630585898,0.08334014300306436,0.07712124309957064,0.06820997375328085,0.0670761131827155,0.05220927676412398,0.05103156016504962,0.027908813903622612,0.03642774566473988,0.004731695683281661,0.00027644260095156765,0.0002666666666666666,0.0002581303405177911,0.00025769179094451165,0.0002531610393219397,0.00021128515485938052,0.00019089007669068092,0.00015499133019568988,0.00017881970122762903
2500.0,10.0,0.38619447779111643,0.3653435766111822,0.3321854304635762,0.310509977827051,0.2952279202279202,0.2855083712163211,0.2828282828282828,0.289198606271777,0.3050321199143469,0.3277585353785255,0.3541145490454246,0.3802013422818792,0.402668034889687,0.41994177583697234,0.43319444444444444,0.4430970149253731,0.45087298870249914,0.4563417388031615,0.4623329283110571,0.46687143483984206,0.47111956263370575,0.4845984598459846,0.4968632371392723,0.5075571177504393,0.5166858457997698,0.5236907730673317,0.529646017699115,0.5338345864661654,0.5372104484967964,0.5398550724637681,0.5421816227834497,0.5437912087912088,0.545760743321719,0.5471284783895797,0.5486085343228201,0.5500319897632757,0.5515511551155116,0.5523015343562375,0.5534979423868313,0.5553623188405797,0.5561209439528023,0.5573919636087945,0.5581973581973582,0.5593152866242038,0.5606060606060606,0.5611940298507463,0.562621789193977,0.5636775362318841,0.5638146167557933,0.5655405405405406,0.5668662674650699,0.5681794361178074,0.5692607847387817,0.5698470668797079,0.5705594655851127,0.5707807329329575,0.5708631256384066,0.5708086785009862,0.571241144056678,0.5711412096017165,0.56994301994302,0.569487067075844,0.5684859419636145,0.5676384389942928,0.5663632007666507,0.5646999664767013,0.554932735426009,0.5483319076133447,0.5409228696530819,0.4937361827560796
1600.0,70.0,0.32379642365887207,0.3287171094045071,0.3043795620437956,0.2880893300248139,0.2774516344229486,0.27083978927796715,0.2682175319673394,0.2702702702702703,0.2761977886977887,0.28444444444444444,0.2949575371549894,0.3058940397350993,0.3151929260450161,0.32476370510396974,0.33223972003499563,0.33909045725646125,0.34574763757643134,0.3503491078355314,0.3570577217776264,0.36231071228266964,0.36741803278688523,0.38535980148883375,0.40349836940409134,0.4233425414364641,0.44168636721828214,0.4584805653710247,0.47247081712062255,0.4839810924369748,0.492964824120603,0.4992370892018779,0.5037492317148126,0.5060684312459651,0.5082337317397079,0.5093835616438356,0.5097680955727336,0.5099713055954089,0.5088455772113943,0.5091936699321779,0.5081979891724672,0.5071542130365659,0.5065428109854604,0.5050833333333333,0.5043147208121828,0.503451251078516,0.5022827041264267,0.5011617515638963,0.5003639672429482,0.4991682070240296,0.49802073515551365,0.495734126984127,0.4939918533604888,0.49215541750026326,0.49045553145336224,0.489,0.48723653395784544,0.4862158341187559,0.4853084021369597,0.4844004510712943,0.4838832972353166,0.4833948339483395,0.48315508021390374,0.4830026363257944,0.48318305424359526,0.4837319863318972,0.48460342146189733,0.48546511627906974,0.4956071187204325,0.5011709601873536,0.5005231949773282,0.4723723723723724
4000.0,50.0,0.33943795389958953,0.37688984881209503,0.3406004288777698,0.3208281053952321,0.31238034460753034,0.31063903882987987,0.3158469945355191,0.3273134936812067,0.3424610051993068,0.3570754716981132,0.3707842340511987,0.3808860759493671,0.3865182436611008,0.3905314710683838,0.39152542372881355,0.3917901384503279,0.39195842450765866,0.39158878504672895,0.3917525773195876,0.39280245022970905,0.39363791631084544,0.39879328436516265,0.40564102564102567,0.4136570561456753,0.42174295774647885,0.42918842908798716,0.43610547667342797,0.4418604651162791,0.44683409030189686,0.45088520845231295,0.45476698141943345,0.458490257082037,0.461038961038961,0.4636640947425085,0.4659176029962547,0.46797360248447206,0.4709314440508439,0.47242763574899643,0.4745575221238938,0.4769087955442098,0.4788125448886761,0.48142532221379836,0.48319874967439436,0.4852742502026479,0.487129266927812,0.4892815758980301,0.4911544227886057,0.49303189842056366,0.49533612093920876,0.4996476391825229,0.5033507073715562,0.5065502183406113,0.51010101010101,0.5128205128205128,0.5156325156325157,0.5179361179361179,0.5190918472652218,0.5209441128594683,0.5220424107142857,0.522878876535986,0.5233851674641148,0.5241032095657646,0.5240340537000655,0.523545516769336,0.5221902017291066,0.5208708708708709,0.5000539665407447,0.4840755152039199,0.4767421137052219,0.4345808383233533
20000.0,40.0,0.6283397442561597,0.7782839787395596,0.7916972814107274,0.7970195272353545,0.8008157715839564,0.8020624462904612,0.802677942212826,0.8024691358024691,0.8020304568527918,0.8016776512881966,0.8009810791871058,0.7998376623376623,0.7985074626865671,0.796956475470895,0.7948594183661156,0.7925865358408286,0.790119668610003,0.7874137931034483,0.7847047434656341,0.7817391304347826,0.778998778998779,0.7714472822527833,0.7630999559665346,0.7545939537640782,0.745945945945946,0.7380750476998093,0.7311843027330063,0.7260877547273729,0.7233079122974261,0.7228694052728387,0.7245017584994138,0.7279012345679012,0.7328385899814471,0.7380476556495004,0.7439810426540284,0.7500289989560376,0.7554960541149943,0.7605370496261047,0.7642259840913727,0.7684108527131783,0.771101573676681,0.7734899328859061,0.775438596491228,0.7769265434880577,0.7793138760880697,0.7808695652173913,0.7811887655127367,0.782766111513396,0.7832933653077538,0.7852691218130312,0.7875445994161531,0.7893783946891973,0.790249734325186,0.791126476519735,0.7925253768071363,0.7922760887428102,0.7944684528954192,0.7961922030825023,0.7965194109772423,0.797676282051282,0.8001249219237976,0.8032860679720909,0.8057710960232783,0.8091050181065701,0.8112328767123288,0.8125361062969382,0.8052525252525252,0.800209753539591,0.7963772642098689,0.7885963250615647
900.0,60.0,0.27464020933275185,0.27365439093484417,0.25321701199563795,0.23805213613323678,0.22730356133408705,0.21945263157894737,0.2140096618357488,0.2106365159128978,0.20912162162162162,0.20886728531447932,0.21001312582036377,0.21211556383970176,0.2144882336263113,0.2177027027027027,0.2207457358191194,0.2241268382352941,0.22794736842105262,0.23115638106650688,0.2352901484480432,0.2390909090909091,0.24279661016949153,0.25571725571725573,0.26982806433721573,0.28681771369721937,0.3050249169435216,0.3231108930323847,0.34022077554486274,0.3555979643765903,0.36849458609849806,0.3789077212806026,0.386029706945002,0.39069965870307166,0.39454787234042554,0.396688132474701,0.39791469194312795,0.3986414361960213,0.39792299898682876,0.39811320754716983,0.39733263598326357,0.39656283566058004,0.39574931880108993,0.3945566778900112,0.39385315879339783,0.3929895712630359,0.39210836277974087,0.391083183722322,0.3903284671532847,0.3893275755706354,0.3884422110552764,0.3865612648221344,0.38503034389750507,0.383785664578984,0.3824749642346209,0.3814191660570593,0.3800769230769231,0.37950502706883216,0.3787420382165605,0.37838948233360725,0.3781119465329992,0.3779602420051858,0.3778947368421053,0.37812215132178667,0.37843691148775893,0.3796078431372549,0.38087887207986004,0.3821922211507554,0.3963730569948187,0.40604967948717946,0.41015155159971134,0.3998961578400831
400.0,50.0,0.12058407913330194,0.1293874741913283,0.12645290581162325,0.12378533568904594,0.12182382347871057,0.11983154670750383,0.1173866090712743,0.11429263565891473,0.110625,0.10675990675990676,0.10281425891181989,0.099434777790092,0.09628248006174428,0.09367629716981132,0.0914825970548862,0.08959472196041471,0.08804646251319957,0.08666038180532643,0.08555701179554391,0.08465793304221252,0.08385534388117533,0.08250521920668058,0.08245518739815318,0.08394004282655246,0.08755218216318786,0.09329765545361876,0.10188873626373626,0.11397824577644064,0.12890334572490708,0.14716442268461852,0.16853991596638654,0.19131875414181576,0.21516129032258066,0.23402843601895734,0.2552278230244332,0.2701543739279588,0.28471191472136015,0.2984484777517564,0.2931244295710374,0.3059581320450886,0.3128510638297873,0.3076789738256197,0.31134941912421804,0.30824704142011833,0.3172387778196906,0.3158604740797842,0.30674002751031637,0.3094951923076923,0.3039495114006515,0.30473561265661503,0.3029642545771578,0.3050385837494326,0.30206864127879646,0.29639423076923077,0.30381024476406765,0.29085801838610825,0.2918287937743191,0.2991891891891892,0.294921875,0.2856347438752784,0.2871287128712871,0.29480676328502414,0.28878533706119913,0.28874639307470346,0.2923154362416107,0.29546572934973636,0.28485139022051775,0.28418461538461537,0.28509861212563914,0.25719671007539413
1300.0,80.0,0.306474428726877,0.3081808943089431,0.2843473994111874,0.26791044776119405,0.25719209863449555,0.24989866234292663,0.24589919475096927,0.2455546147332769,0.24840394660475915,0.25327679259830377,0.26013847675568746,0.2679561414315634,0.2751497005988024,0.28343949044585987,0.29024289831206257,0.297055359246172,0.3043593833067517,0.3100149476831091,0.3175886054985094,0.3242024202420242,0.3303643724696356,0.3518796992481203,0.3730652041438147,0.3958904109589041,0.41723563696919236,0.435653809971778,0.4509742627904553,0.46330171635049683,0.4725763771950926,0.4791745790606406,0.4832339297548045,0.4851182197496523,0.4869192280200143,0.4874098070976292,0.48754716981132074,0.48715186951838746,0.48540263073468076,0.4852585790236829,0.4838230439088808,0.482303132938188,0.48127147766323025,0.47929936305732485,0.47820627802690585,0.47681635633442865,0.47541287808498794,0.473972086005281,0.47268545140885565,0.4715035985216884,0.4701921172509408,0.46708203530633435,0.46490854955338157,0.4627029398859149,0.46065388951521985,0.45884251786949504,0.45694882367208345,0.45576407506702415,0.4547051442910916,0.45367494824016563,0.4533017626940279,0.4527891156462585,0.4526635385040022,0.4525652049297793,0.4527966854098846,0.45384615384615384,0.4551323434473854,0.45668233713901946,0.47144217039505,0.4806875,0.4837837837837838,0.4647795672685863
25000.0,10.0,0.7017279485633916,0.7680203045685279,0.7710168134507606,0.777045149754135,0.785724907063197,0.7929465301478953,0.7971797884841363,0.797602055381102,0.79474043715847,0.7887096774193548,0.7807058823529411,0.7717391304347826,0.761963952765693,0.7531734837799718,0.7439586645468999,0.735593220338983,0.7271186440677966,0.720075715399176,0.7131147540983607,0.7063711911357341,0.7002008963065987,0.6856909906237261,0.6727861771058316,0.6612903225806451,0.6514503090822634,0.6436203645505971,0.6367768595041322,0.632101965867358,0.6296348314606741,0.6294277929155313,0.6311360448807855,0.6348398683029033,0.6403508771929824,0.6477987421383647,0.6562881562881563,0.6656202143950996,0.6764818355640535,0.6869081439393939,0.6971020824231834,0.707498670448502,0.7166987385075904,0.7253700867789689,0.7332931968693558,0.7397260273972602,0.7455716586151369,0.7496573777980813,0.7526936890713186,0.7549631310266591,0.7555970149253731,0.756150506512301,0.756,0.7563963963963964,0.7560353287536801,0.7554382259767688,0.7554158715905265,0.7541666666666667,0.754438609652413,0.7545168892380204,0.7538102430317177,0.753762362046725,0.7546888955046145,0.7558512343699904,0.7568310706306925,0.7585009140767824,0.7596061015640085,0.7602517255379618,0.7531750414135836,0.7481455316142706,0.7437707641196013,0.7341118623232945
9000.0,60.0,0.47339725512314346,0.49072321090496024,0.4374930424134476,0.41835213966361506,0.4216391085549964,0.4353854686633389,0.4528196981731533,0.4707083736429109,0.48743016759776536,0.5023696682464455,0.5157124408092983,0.5276342975206612,0.5357034336068064,0.5434322033898306,0.5493300852618758,0.5525830258302583,0.5552659019812305,0.5571596244131456,0.5581854043392505,0.5596465390279823,0.5602469135802469,0.558963282937365,0.5578992072480181,0.5555350212530031,0.5531047710381204,0.5494302433015091,0.5450643776824035,0.54150390625,0.5376130198915009,0.5342626559060895,0.5325396825396825,0.5321052631578947,0.53315978678567,0.5316565481352992,0.5363467701130039,0.5376427327269209,0.5436763725272282,0.551025576095214,0.5404111517882286,0.5537583254043768,0.5614535090844318,0.5533152384645211,0.5589111016588686,0.5557629491367242,0.5702063412179165,0.568489442338928,0.5543453070683662,0.5594811612106239,0.5500327011118378,0.553240058910162,0.5502824858757062,0.5536888888888889,0.5490767735665695,0.5382056346813598,0.5519754070363202,0.5279607232666746,0.5278195488721804,0.54173971679029,0.5325588066551922,0.5131135531135531,0.5153177869227252,0.5254582484725051,0.5103186097031137,0.5068546051361267,0.5102040816326531,0.5123263110712685,0.4752175558077942,0.4691919191919192,0.4699121522693997,0.47688706846108836
1900.0,80.0,0.34457660216580865,0.34800319488817893,0.32075762242069605,0.3025210084033613,0.2906797776827704,0.2831769436997319,0.2814566168243312,0.28599134715798896,0.29620253164556964,0.3094621800402646,0.32674462466993587,0.3441904761904762,0.3575493612078978,0.3731958762886598,0.3821711568938193,0.38970456580125334,0.39760956175298806,0.40041882508541826,0.40705628225129004,0.4121497774286462,0.41642897889332575,0.4333163870530419,0.4476605868358446,0.4660592255125285,0.47996937994386324,0.4928027095681626,0.5003058103975535,0.5105193951347797,0.5179130434782608,0.5269922879177378,0.52848948374761,0.5176470588235295,0.5324246179264767,0.5267368421052632,0.533946561541831,0.5392953929539296,0.5278293135435993,0.5304307116104869,0.5270723526593196,0.5359116022099447,0.5338767193071828,0.5268368942157373,0.5282446808510638,0.5269126424308194,0.5276359600443952,0.5213325867861143,0.5404860699466508,0.539891369945685,0.519061757719715,0.5235705209656925,0.5204693611473272,0.5213994565217391,0.5166666666666667,0.525018234865062,0.5143181818181818,0.521877424359969,0.5238325281803543,0.5196856906534326,0.5080724876441516,0.5000840336134453,0.5236818588025023,0.516865261228231,0.5165406427221172,0.5119533527696793,0.5085806581869574,0.517300117108485,0.5195760965557845,0.51999238385377,0.5150350440877233,0.47705479452054794
1700.0,30.0,0.36530203263670197,0.3582248520710059,0.33043074422384766,0.31067177728464795,0.29509673115410273,0.28320042530568845,0.2776131687242798,0.28006936702588875,0.29086972212197765,0.30730223123732253,0.3302523874488404,0.3546450482033304,0.3740700808625337,0.3962300319488818,0.40893772893772895,0.4195242001640689,0.43005415162454874,0.4342885375494071,0.44256900212314226,0.44900995765136775,0.45438856015779094,0.47236749116607774,0.48446215139442234,0.49876543209876545,0.5059988573605028,0.5119266055045871,0.5124516960068699,0.5169071235347159,0.5191947565543071,0.5239717692869311,0.5221637866265966,0.5097989310257063,0.521935655410795,0.5152250067367287,0.5210482297184277,0.5253218884120172,0.513909224011713,0.5153211549793754,0.5118796992481203,0.5194723618090452,0.5173290937996821,0.5103828682673589,0.5112359550561798,0.5095862764883956,0.5099587912087912,0.5039806161301489,0.5215485756026297,0.5207869339272457,0.5009127418765973,0.5046692607003891,0.501593625498008,0.5020695364238411,0.49724459516744385,0.5046439628482973,0.494268684089867,0.5011720581340835,0.5034013605442177,0.49925187032418955,0.48794642857142856,0.4807692307692308,0.5030091348737238,0.49707828004410143,0.4966496308915389,0.49252772913018095,0.48986650485436894,0.49846449136276394,0.5038053097345133,0.5057182067703568,0.502171552660152,0.4677936461672982
35800.0,40.0,0.5416019065381825,0.6994064713766035,0.726027397260274,0.7438411669367909,0.7565508021390375,0.7608826479438315,0.7596045197740113,0.7540858988977575,0.7461652647204354,0.7377666248431619,0.7284382284382285,0.7196798493408663,0.7111484593837535,0.7040923399790137,0.6979529946929492,0.6928149947934745,0.6883500887049083,0.6845039018952063,0.6814870635518714,0.6788135593220339,0.6761904761904762,0.6719015280135824,0.6706416808631459,0.6720030349013657,0.677880741337631,0.6864282865877974,0.6990828863125108,0.7151098291546484,0.7327707454289732,0.7523642732049037,0.7738349722103463,0.7933884297520661,0.8131466828971394,0.8302425106990015,0.8455217748562038,0.8586046511627907,0.8701406982803543,0.8798298068077277,0.8846054667354306,0.892369256243963,0.8961642193587054,0.8987012987012987,0.9021195933138032,0.9021515434985968,0.9070525105404369,0.9075954508529651,0.9061332160914487,0.9077238550922762,0.9069148936170213,0.9078256302521008,0.9089884474499859,0.9096385542168675,0.9088244871377401,0.9081703910614525,0.9088570378537303,0.9060375849660136,0.9071694985495234,0.9085023737591713,0.9060027919962773,0.9049729197439685,0.9063613231552163,0.906058921623124,0.9044117647058824,0.9042272126816381,0.9046941678520626,0.9036697247706422,0.8859249329758713,0.8732052578361982,0.8613617719442166,0.851445560795571
15000.0,10.0,0.5188735769922109,0.5617070357554786,0.5765199161425576,0.5799794661190965,0.5801880173986249,0.5797891675754271,0.579700272479564,0.5807075732448866,0.5824538258575198,0.5858860023264831,0.590274651058082,0.5952380952380952,0.6009445100354192,0.6075585284280937,0.6145660377358491,0.6212044105173876,0.6289523809523809,0.6358110269809107,0.6431044776119403,0.6501804571581339,0.6572369405777578,0.6747611464968153,0.6917153478491769,0.7080525008868394,0.7244318181818182,0.7397862979258328,0.7541839270919636,0.7676079195066536,0.7792371105211681,0.7889760970388869,0.7967131922557407,0.802247191011236,0.8057578910856746,0.8070398642917727,0.8076131687242798,0.8056930693069307,0.802660753880266,0.7992105263157895,0.7941693373307144,0.7884219450163498,0.7820078962210942,0.7748247187347138,0.7673851921274601,0.7590928540864356,0.7505454545454545,0.7414780474502318,0.7323170731707317,0.7239159891598916,0.7147663551401869,0.6981216457960644,0.6834118262689691,0.67046818727491,0.6606779661016949,0.6529856386999244,0.6479600333055787,0.6442727272727272,0.6416748768472906,0.6392747322659315,0.63725156161272,0.6357800387596899,0.6336888089425672,0.6297994269340974,0.626698262243286,0.6241807519834426,0.6224035608308606,0.6214666930223365,0.6274668829413355,0.6322669418644651,0.6370250606305577,0.6554127117625856
300.0,60.0,0.1288874841972187,0.16306379520520115,0.16960711638250556,0.1737263548798886,0.17792676637441981,0.1814473045167557,0.1837132474397093,0.18421739130434783,0.1829254727474972,0.18016643550624134,0.17622673434856176,0.17195579438304776,0.16740404161186176,0.16293307360512035,0.15859637878545105,0.15451052150045747,0.1507264425072644,0.14706020145233076,0.14370721432332806,0.1405963979923236,0.13764044943820225,0.13149847094801223,0.12752027809965238,0.12610379550735865,0.12827744698631569,0.13356067064506963,0.14315360744763383,0.1576190476190476,0.17607758620689654,0.1995178399228544,0.22841703750794662,0.2588962108731466,0.2940809968847352,0.32832948421862973,0.3606481481481481,0.3923410404624277,0.4193015085761521,0.44336793540945785,0.458602011864844,0.47394540942928043,0.48372781065088755,0.4919583727530747,0.49769281476598554,0.49685094471658503,0.502652989034312,0.5029368575624082,0.5003878975950349,0.5011867088607594,0.4987664473684211,0.4971922246220302,0.49280575539568344,0.4897196261682243,0.48749386954389407,0.4806451612903226,0.47835703001579777,0.4729955456570156,0.4681019830028329,0.46872832369942197,0.4629247572815534,0.45674827369742627,0.4555484693877551,0.449798927613941,0.4435678749111585,0.43899184581171236,0.43459752321981426,0.4300161812297735,0.39811798769453494,0.3702079272254711,0.36180403113151066,0.25283791691047397
600.0,90.0,0.21608832807570977,0.23167401806343205,0.2228230616302187,0.21767352185089975,0.21629268292682927,0.21689465519672824,0.21888496270121713,0.22146070388991798,0.22441054091539528,0.2279646017699115,0.23092214246272777,0.23394062078272604,0.2375909458367017,0.2409351145038168,0.24296362220491713,0.24635270028154593,0.24981759813220486,0.25244003308519436,0.2565581395348837,0.2596073517126149,0.2631333177679197,0.27530413625304134,0.29208773991382686,0.3135864135864136,0.33746835443037976,0.3680314960629921,0.40143815915627995,0.432566168009206,0.46336526784509513,0.4912064177722925,0.5144827586206897,0.5310821181887951,0.546000828843763,0.5527192008879024,0.5587884569520629,0.5630293971101146,0.560646186440678,0.5648097076668506,0.5635343618513324,0.5589622641509434,0.5560371517027863,0.5572851805728518,0.5539499036608864,0.5474354676500167,0.5454856361149111,0.5424263674614306,0.539454806312769,0.5363436123348018,0.5342312008978676,0.5260663507109005,0.5210289914250714,0.5189281156954487,0.5102770330652369,0.5068744271310724,0.5029041626331074,0.49548834903321765,0.4960341365461847,0.49151738672286616,0.48521978021978024,0.4832967032967033,0.480257992148065,0.47493961352657005,0.47016885553470916,0.4659519168291098,0.46238030095759236,0.45914985590778096,0.43605593838670453,0.42153116352615627,0.4108040201005026,0.3803508771929825
3000.0,50.0,0.34225352112676055,0.3662325793922778,0.32885701868752715,0.3061855670103093,0.2943309561223256,0.28915430552879984,0.291984505363528,0.3026233881725211,0.31963033779477373,0.337928007023705,0.359675550405562,0.37946231820185106,0.39115585115944634,0.4068847551849476,0.4115755627009646,0.41503084688726866,0.41935483870967744,0.41803565186997554,0.4215349369988545,0.4241915161696766,0.42609699769053117,0.43713968957871396,0.44544262295081966,0.4592846270928463,0.46732418524871355,0.4763636363636364,0.48001669623291243,0.4887405228018558,0.49481052377504225,0.5040524893863373,0.5052674230145867,0.49365853658536585,0.5117629541393687,0.5064161319890009,0.5169805247062611,0.5244720080455917,0.5140024352061228,0.5178319209039548,0.5166119021540708,0.5296404275996113,0.5291078879395986,0.5235064668445905,0.5272842639593909,0.5278745644599303,0.5312781278127813,0.5259665980324868,0.5524302985442882,0.5534447821681864,0.5291770573566085,0.5403777716944976,0.540501996577296,0.5448776065276518,0.542992125984252,0.5558902275769746,0.5461918194640338,0.556648451730419,0.5607333842627961,0.5565217391304348,0.5442687747035573,0.5363083164300203,0.5628794449262793,0.5547119249665029,0.5532994923857868,0.5472684085510688,0.5414610069101679,0.5486219448777951,0.5309404163675521,0.5197196261682243,0.5119503945885006,0.46681234635345537
10000.0,40.0,0.4746525479814692,0.5162468054034319,0.474950884086444,0.4711103376261747,0.4812687995624829,0.4958481613285884,0.5109022556390977,0.5246518105849582,0.5373799126637555,0.5484283431006926,0.5585275761049547,0.5669208912815912,0.574375866851595,0.5807669382078283,0.5859498531737068,0.5906074527820316,0.5944316877152698,0.5978750804893754,0.6005043227665706,0.6030595813204509,0.6052158273381295,0.6101895734597157,0.6133385335413416,0.6152584085315833,0.6154258886653253,0.6142459073493556,0.6114963095504361,0.6078320090805902,0.603914590747331,0.599647266313933,0.5955723542116631,0.5918086500655309,0.5893617021276596,0.5874764595103578,0.5864804469273743,0.5861206215433237,0.5861483880919327,0.5865781446258748,0.5869474562135113,0.5873508353221957,0.5876738478320153,0.587360594795539,0.5870473537604457,0.5859772816294555,0.5849462365591398,0.5828978622327791,0.5810526315789474,0.5788571428571428,0.5764485981308411,0.5714285714285714,0.5663390663390664,0.5614115490375802,0.5562359665237804,0.5515498652291105,0.5471652300594877,0.5429708222811671,0.5389701744513224,0.534921816827997,0.5311800447713464,0.5276271186440677,0.5240878498051718,0.5176035790702198,0.5119453924914675,0.5066758747697975,0.5029585798816568,0.49973670352817273,0.4978849407783418,0.5038892162639953,0.5114285714285715,0.5438144329896907
500.0,10.0,0.26372919818456886,0.2336325237592397,0.2560027285129604,0.274835886214442,0.2855567805953694,0.2921830314585319,0.29931480776551195,0.30980834272829766,0.3235614307931571,0.338367673534707,0.3509650623014903,0.3603308142021959,0.3672298374242908,0.37052631578947365,0.3713522792294488,0.37246231155778897,0.3720880982634477,0.37089935282303055,0.3707035755478662,0.3692826191622533,0.36823734729493884,0.36724500525762355,0.3654962676251037,0.36387133831131535,0.3619922917284316,0.3601099572388516,0.35871930369909855,0.35727908455181184,0.3554471544715447,0.3543593130779392,0.3531772575250836,0.3517501715854496,0.3507125477928398,0.35012242042672265,0.34832673623605614,0.3476086956521739,0.3464325323475046,0.345179584120983,0.34495309568480303,0.34366845740598617,0.34225908372827807,0.3417422152148207,0.34080735411670665,0.3396818923327896,0.33884773662551443,0.33808333333333335,0.3372367312552654,0.33634426927993183,0.33556989247311825,0.33371681415929205,0.33228558599012126,0.33069810448451226,0.32913311226906683,0.3279750479846449,0.3265835411471322,0.3258145363408521,0.3250252780586451,0.3240982749607945,0.32360515021459224,0.32310969116080934,0.3228325255788907,0.3223234624145786,0.32233856893542756,0.32230172927847345,0.3225046497210167,0.3229825693996127,0.32708333333333334,0.32960262860663314,0.3316684504697348,0.32428502181289387
1100.0,40.0,0.3406290115532734,0.3430087390761548,0.31505037783375317,0.2951315053161724,0.280022766078543,0.2682904126590133,0.2611302211302211,0.2598644578313253,0.2650655992884145,0.2751656674029662,0.2897933091838909,0.30611126335982464,0.32089956036523504,0.3353925866879235,0.34624542124542124,0.3555954825462012,0.3642413987591653,0.3699443413729128,0.3772908366533865,0.3830121341898644,0.38790199081163856,0.40367132867132866,0.41612586037364796,0.42750728705602936,0.43597809623674705,0.4416294088425236,0.4451139638459523,0.44726429253649885,0.44843617920540996,0.44862518089725034,0.448111804936069,0.44687067507304323,0.44616346304110016,0.4449585194639438,0.44381292627476454,0.4427066183733948,0.4404782237403928,0.44,0.4384494499738083,0.4370979270907791,0.4359623733719247,0.4343622164373373,0.43335843373493976,0.4321531100478469,0.43101438010104937,0.42984014209591476,0.4286573146292585,0.4277585856533225,0.42659222497932175,0.4240520043336945,0.42248835662009315,0.42053510176080494,0.418937969924812,0.41748738890223397,0.41632962588473205,0.41518537328593197,0.4144874476987448,0.4139697950377562,0.4136513157894737,0.41349971639251276,0.4132374100719424,0.41375186846038864,0.41401667181228774,0.41522157996146436,0.41672285906945383,0.41804141804141803,0.4330321285140562,0.44306569343065694,0.44767628205128207,0.4355860612460401
800.0,20.0,0.3679413305395495,0.3203919393603254,0.314331983805668,0.3105100463678516,0.30648708081363385,0.30306549001393407,0.30246913580246915,0.30607449856733526,0.31435684647302903,0.325241066364152,0.33828022697512006,0.35075022065313327,0.3607164916615195,0.3693652253909844,0.37531549722362445,0.38005976636783484,0.3836640782283578,0.3854833790789875,0.3878845543926419,0.3887603305785124,0.3889845094664372,0.3911290322580645,0.39093374660984115,0.39,0.3885416666666667,0.38632075471698113,0.3841109154929577,0.3821653189577718,0.3802739726027397,0.37845227062094533,0.3768867924528302,0.3749516441005803,0.3737536656891496,0.37254220456802384,0.3714141922496225,0.37049847405900305,0.3691701680672269,0.3684679958027282,0.36746794871794874,0.36653950953678477,0.365767749036874,0.36476888387824125,0.36406605922551255,0.36327944572748266,0.36272674078408423,0.36178909952606636,0.36122448979591837,0.3604735883424408,0.35976586568083796,0.35837075048107764,0.3572549019607843,0.3562709590878605,0.355281207133059,0.3543994413407821,0.35405405405405405,0.3532210834553441,0.35292792792792793,0.3528549382716049,0.3528169014084507,0.3532687651331719,0.35318627450980394,0.3541455160744501,0.35536181342632955,0.3570524412296564,0.35931882686849576,0.3612365063788027,0.38399244162505064,0.4018805502350688,0.41330561330561333,0.4179575941151017
800.0,30.0,0.3562617604014217,0.34990458015267173,0.32987841339445884,0.3136,0.2984326018808777,0.28491271820448877,0.27522477522477523,0.2715539494062984,0.2749036237471087,0.28405077262693157,0.2985007496251874,0.31435452793834295,0.3289162328442972,0.34245439469320066,0.352497643732328,0.3606614447345518,0.36751652502360715,0.37198364008179957,0.3772234273318872,0.3810729910200322,0.38390243902439025,0.39292465568458007,0.3988780631827576,0.4034090909090909,0.40619793402199267,0.40690376569037656,0.40666908300108734,0.4060515502428091,0.40497131931166347,0.40398126463700235,0.40263367916999204,0.4008220304151254,0.39979166666666666,0.3985144312393888,0.39728331177231563,0.3962882096069869,0.39457259158751695,0.39407239819004525,0.39293302540415703,0.391643059490085,0.3908265647396082,0.3897889052528228,0.3889716840536513,0.3880868248359414,0.3871926229508197,0.38637545501820075,0.3856388595564942,0.38501070663811565,0.3840500816548721,0.3823931623931624,0.3811771561771562,0.38006006006006005,0.3788532675709001,0.3780718336483932,0.3771012574454004,0.3764627659574468,0.37624914442162904,0.3757404795486601,0.3757706093189964,0.3759822090437361,0.37601503759398497,0.3765807962529274,0.377276390008058,0.3785594639865997,0.3801580333625988,0.38166058394160585,0.396748793497587,0.4062346185397867,0.4089848308051342,0.3921031426269138
1100.0,50.0,0.3080943275971957,0.3040420114576703,0.27793017456359104,0.25890483785220625,0.2448139893708212,0.2338095238095238,0.22613993710691824,0.2219718309859155,0.22129485179407177,0.22301180896645417,0.2273342354533153,0.23288602004416512,0.23867885334441213,0.24566345441067458,0.25190641247833623,0.2582807832724859,0.26526315789473687,0.27073274036425243,0.2782117647058824,0.2846193952033368,0.29089861751152074,0.3115,0.33183000867302687,0.3529712590774266,0.3728813559322034,0.3899337748344371,0.4038545773105563,0.41506460762685154,0.42357859531772574,0.42949842160645385,0.4332235638492499,0.435048785154008,0.4366418203216948,0.4371221281741233,0.4371393239901072,0.43708053691275167,0.43555070883315156,0.4353533143732225,0.4341987466427932,0.43305823016964695,0.43215613382899626,0.43048256091734355,0.4295740561471442,0.4283956692913386,0.427393151712072,0.42625031733942625,0.42510956432070124,0.4243137254901961,0.4229848363926576,0.4205685618729097,0.4189960068454079,0.4172302264039988,0.41570996978851965,0.41401667181228774,0.4126623376623377,0.41207177814029367,0.4111521666106819,0.4103185595567867,0.4100668778599085,0.40990171095740807,0.4098966026587888,0.41043344840813195,0.41085578446909665,0.41186161449752884,0.41340250756593167,0.41494149414941495,0.43104113110539843,0.4421052631578947,0.4478974358974359,0.4388100067613252
10000.0,50.0,0.47513451818033586,0.5224989078200087,0.4866154562383613,0.48593140275210517,0.4980694980694981,0.5144052044609665,0.5297979797979798,0.543642329778507,0.5564507798781118,0.5673929566759565,0.5770401948842875,0.5849056603773585,0.591794012978857,0.5974463984582028,0.6019791094007697,0.6056074766355141,0.6087109237794169,0.610738255033557,0.6131031429836211,0.6144697720515362,0.6156405990016639,0.6171554252199414,0.6179263565891473,0.6167007150153218,0.6144578313253012,0.6110506852294975,0.606484069312465,0.60177304964539,0.5968888888888889,0.5924092409240924,0.5888963660834455,0.5860522022838499,0.5844422700587084,0.5835763443368716,0.5838509316770186,0.584887303389006,0.5865985235661556,0.5888157894736842,0.5901930894308943,0.5928819444444444,0.5946657886071781,0.5961251862891207,0.5977490621092122,0.5974754558204769,0.5989795918367347,0.5991016282987086,0.5981987577639751,0.5979865771812081,0.5965693430656934,0.5942905121746431,0.5918560606060606,0.5891219563613366,0.5857510528778662,0.5824993584808827,0.5797982589470775,0.576041038020519,0.573524720893142,0.5708754208754209,0.5672451193058569,0.5642351139192036,0.5617887801956478,0.5563334062568366,0.5511867657636058,0.5467700258397933,0.5432918395573997,0.5400295420974889,0.5333974050937049,0.5352503382949932,0.5384223918575063,0.5658212560386474
3000.0,40.0,0.3359481827995682,0.36295483635033826,0.32534174553101997,0.3017931858936043,0.28864758144126357,0.2817793256292544,0.2827909270216962,0.29195402298850576,0.3080921757770632,0.32620997766195087,0.348269040553907,0.3687129711332409,0.38109237196348444,0.39753040914117216,0.40264448709746214,0.4065748126661832,0.4115426105717368,0.4105263157894737,0.4145621515250902,0.41765765765765767,0.4205940594059406,0.4335224586288416,0.4432703003337041,0.4586007702182285,0.4675053918044572,0.4767942583732057,0.48095238095238096,0.4894392523364486,0.4955312810327706,0.5048051536593093,0.5061400597411218,0.49430264357338194,0.5126459143968871,0.5071651090342679,0.517707240293809,0.5253890253890254,0.5147954127141441,0.518523836875359,0.517292563455544,0.5304897314375987,0.5298676138198256,0.5242621310655328,0.5280879573956365,0.5285587975243148,0.5318837931664535,0.5264623955431755,0.5529741638293612,0.5540707236842105,0.5295426952650749,0.5406486006219458,0.5406155982411479,0.5448749386954389,0.5430615895732175,0.5559478544269418,0.5459227467811159,0.556475458308693,0.5606201550387597,0.5564826700898587,0.5437921077959577,0.5357260454395786,0.5623239436619718,0.554588320638375,0.552848575712144,0.5466820987654321,0.5411151223425592,0.548414376321353,0.5301169590643274,0.5185213414634147,0.511049723756906,0.46586075665995075
600.0,80.0,0.2140630294815317,0.2285140562248996,0.21968951154865582,0.21432926829268292,0.21283471837488457,0.2130689379824328,0.2146422628951747,0.21677869056509833,0.21923703945223344,0.22231473771856786,0.22497398543184183,0.22770700636942676,0.2308868501529052,0.23378500451671183,0.23567282321899735,0.23874969593772805,0.24187274242845236,0.24420255560814008,0.24791185356317755,0.25074925074925075,0.2539718057731036,0.2655444964871194,0.2814085573646346,0.3020368574199806,0.3251696483652067,0.35485362095531586,0.3878416588124411,0.41877625156090365,0.4496393267432541,0.47763480392156865,0.5013731548232063,0.518369690011481,0.5336369281722211,0.5410563692853972,0.547255369928401,0.5521457085828343,0.5501060445387063,0.5542967670627245,0.5532452936218039,0.5488633008562149,0.546187228766274,0.5477230193387399,0.5445480862013509,0.5380744716538074,0.5362765229295003,0.5331462644686075,0.5304878048780488,0.5273394495412844,0.525056095736724,0.5171597633136095,0.512433754586221,0.5104033970276008,0.5022281639928698,0.4990859232175503,0.49493487698986977,0.4877037037037037,0.48810000000000003,0.4835867855270058,0.47780207763805355,0.475792349726776,0.47295036252091466,0.4680072028811525,0.4635798632691112,0.45971594577146546,0.4563858695652174,0.45336194563662374,0.43163807804193,0.41799010674303566,0.40768277571251543,0.37832240248532967
300.0,70.0,0.14215751158173395,0.1647351581940988,0.1678818353236958,0.17049808429118773,0.17403314917127072,0.17789855072463767,0.18131222874648967,0.1841947315771924,0.18600682593856654,0.18735262593783494,0.18781456953642384,0.18864734299516908,0.18869565217391304,0.18925100057175528,0.18973603108669435,0.19075774078107982,0.19218357834349228,0.1928659539473684,0.19489102413873916,0.19717709720372836,0.19936575052854122,0.2075913007796471,0.21977839335180055,0.23738805970149254,0.26390827517447657,0.29480536734422746,0.33472949389179757,0.38206803334084255,0.4303761125466552,0.482327740092824,0.5367012089810017,0.5835051546391753,0.6307966706302022,0.6675767918088737,0.6992331288343558,0.7272189349112426,0.7486187845303868,0.7657790927021696,0.7738431457744949,0.7858510758139011,0.7913824057450629,0.7947837150127227,0.7985735041606129,0.796291053227633,0.8016680802940346,0.800738552437223,0.796031746031746,0.79650032404407,0.7931798806479113,0.790237706405371,0.786506116207951,0.7824949698189134,0.7774672113523974,0.7712135036496351,0.7680265654648957,0.7596819697358297,0.7563025210084033,0.7547322877230936,0.7466666666666667,0.7401095556908094,0.7378580323785804,0.7294314381270903,0.719170607493634,0.712244109694863,0.7048440065681445,0.6973799126637554,0.6386480529022778,0.5923947874385814,0.5611049107142857,0.44608065246941553
35800.0,50.0,0.5404099751925839,0.7012893982808023,0.7282191780821918,0.7465239571871561,0.7590341655716163,0.763448784082535,0.7617241379310344,0.7564814814814815,0.7486470234515935,0.7402587519025875,0.7307619943555974,0.721944001821079,0.7138024357239513,0.7068037974683544,0.7007125890736342,0.6957793564563309,0.6915599810336652,0.6877512731171268,0.6847662141779789,0.6821416468993562,0.6799847792998478,0.6766497461928934,0.6758970886932972,0.6782687105500451,0.6852580145393874,0.6948489118521998,0.7088992499493209,0.7263565891472868,0.7447085639856724,0.7652033830044301,0.7872132747681796,0.8072642062097246,0.8273972602739726,0.8443735035913806,0.8589041095890411,0.8722879177377892,0.8832894284732562,0.8926596279537456,0.8973854371661513,0.9048473967684022,0.9086491739552964,0.9112239537734197,0.9145821752825644,0.9147909967845659,0.9192457470793195,0.9199566160520607,0.918487197556965,0.9202916160388821,0.9198040226921094,0.9208612975391499,0.921832884097035,0.9225847728726807,0.9215076071922544,0.9210233592880979,0.921606864274571,0.9192520186995325,0.920774647887324,0.9212454212454212,0.9189322787938705,0.9183673469387755,0.9194594594594595,0.9190785587714116,0.9178082191780822,0.9177793394237527,0.9174867524602573,0.9169381107491856,0.9002024877061036,0.8879841549295775,0.8767246550689863,0.8664634834631448
1700.0,20.0,0.3892589508742714,0.3578575037897928,0.3337636544190665,0.3158258465791292,0.30113960113960114,0.28946654611211575,0.2835654596100279,0.2855951636439441,0.29613409845967986,0.31385783589959926,0.33643542019176537,0.3601008282319049,0.3819181698196216,0.3999481865284974,0.4148257531010041,0.42662721893491123,0.4364748201438849,0.44380877742946706,0.45163453478625315,0.45755395683453237,0.4630665380906461,0.477580927384077,0.48956426217502746,0.49872841654397004,0.505809783388323,0.5101480238058904,0.5129517109050208,0.51438127090301,0.5151462696901506,0.5150753768844221,0.5149281238481386,0.5147718773373223,0.5137453694677325,0.5131241365699625,0.5121304791029562,0.5111761019427616,0.5103566090113175,0.5097702383508697,0.5088679658419093,0.5074183976261127,0.506811359963057,0.5057660626029654,0.5050287356321839,0.504140282513395,0.5032290114257327,0.5025012506253127,0.5007903055848262,0.5,0.5,0.4976223776223776,0.49613954818415784,0.49481174029054253,0.4934789202305126,0.4919431279620853,0.4908436886854153,0.48997995991983967,0.48911164880746627,0.48865248226950353,0.4883638928067701,0.4877785765636233,0.4877955758962624,0.4878811571540266,0.4883252818035427,0.48903599503516754,0.4901117798796217,0.4909338168631006,0.5023794614902943,0.5081649151172191,0.5075815738963532,0.47619047619047616
6000.0,10.0,0.3889581478183437,0.4112213267203968,0.36880927291886195,0.33738151658767773,0.3105177993527508,0.2896296296296296,0.27847533632286997,0.2770101925254813,0.2819746670997077,0.28825910931174087,0.296094674556213,0.30173453996983407,0.30369318181818183,0.30536263235796424,0.30418147034708937,0.3024711168164313,0.3015316479055176,0.2994847574066123,0.2996389891696751,0.30019068373740126,0.3007090012330456,0.3078362573099415,0.31753183153770814,0.3298214285714286,0.3432931156848829,0.356691604322527,0.36978967495219883,0.3817498658078368,0.3925023651844844,0.4018258968754018,0.409817827840356,0.4163141993957704,0.4219570405727924,0.42648048452220727,0.4304624073420402,0.4336884643644379,0.43662250346054976,0.4388185654008439,0.44088514225500525,0.4427970789997787,0.4444698354661792,0.446269017145617,0.4476831091180867,0.4490429384376617,0.450402144772118,0.45179216449013615,0.45318352059925093,0.4547079856972586,0.4559826410415375,0.4595148616330714,0.46248640811888364,0.46557759626604434,0.46846473029045643,0.47149122807017546,0.4744219653179191,0.47666831438457735,0.4784108729743858,0.4805094130675526,0.4815217391304348,0.48283987915407856,0.483560794044665,0.48465085638998684,0.48526970954356846,0.4852662290299052,0.48493788819875777,0.4840816326530612,0.4714267202280679,0.4575271789202138,0.4471277842907386,0.40081833060556465
1900.0,90.0,0.3451647953639986,0.3483319772172498,0.32099152808283654,0.3027301927194861,0.29071490845684395,0.28317373461012313,0.28127920257501815,0.28569251866524453,0.29609661419020916,0.30950279493968813,0.3268236202238518,0.34444444444444444,0.3578134284016637,0.37389162561576356,0.38288726682887264,0.3903846153846154,0.39847172694854816,0.4015108805953321,0.40829855143628774,0.41344222787521756,0.41782120460842936,0.4350536889504676,0.44928123101842476,0.4677981864682632,0.48178032274856847,0.4942462600690449,0.5018691588785047,0.5122196183461667,0.5194759206798867,0.5284005979073244,0.529366005445352,0.5189469485440766,0.5336134453781513,0.528051391862955,0.535650623885918,0.5406522737712448,0.5294950448324681,0.5314285714285715,0.5282651072124757,0.5367722165474974,0.5347150259067357,0.5278749337572867,0.5292590589507842,0.5277992277992278,0.5287810383747178,0.52249430523918,0.5416515973477999,0.5407975460122699,0.5201086956521739,0.5246124031007752,0.521684350132626,0.5223066298342541,0.5178014184397163,0.5261127596439169,0.5153312788906009,0.5227917981072555,0.524631751227496,0.5206896551724138,0.5090452261306533,0.5011965811965812,0.5244323342415985,0.5178005591798696,0.5172910662824207,0.5128458498023716,0.5094436460685691,0.5181857544923143,0.5204249588508155,0.5206115734468744,0.515743507239715,0.4776230730979612
1400.0,80.0,0.31076512455516014,0.31390319258496396,0.29031486648066956,0.2742393509127789,0.26340351638810505,0.2562135112593828,0.2527147087857848,0.2529204785362421,0.25655539429124335,0.26233097231165486,0.2702479338842975,0.2789262573279852,0.28671241422333127,0.295354307556601,0.3023017902813299,0.30921820303383896,0.3165027322404372,0.3218137254901961,0.3292748917748918,0.33552238805970147,0.34155161078238,0.3626311541565779,0.38333333333333336,0.4056160458452722,0.4263331138907176,0.4444032616753151,0.4594594594594595,0.4714791851195748,0.4803201506591337,0.4867326732673267,0.49118805722579306,0.49325353645266595,0.49513477239682363,0.495850622406639,0.4960406571327266,0.4960221793635487,0.4944654088050314,0.4943777637397347,0.49326250323918114,0.4918861399308327,0.4908869987849332,0.4893557812717406,0.4883556810162315,0.48699151933304585,0.48581871345029237,0.4846096654275093,0.4833686120350771,0.4822716807367613,0.4808444096950743,0.47808241668034807,0.47602221100454317,0.4739402362751911,0.4721229449606862,0.47046992137502286,0.46862971516551194,0.4674018185335655,0.4664275752141861,0.4654747225647349,0.465009400459578,0.4644631669907107,0.4641683103221565,0.4640582347588717,0.46431924882629105,0.46500853450377955,0.46639407104523384,0.4674634794156706,0.481135599551737,0.48878048780487804,0.49054842473745625,0.46796482412060303
6000.0,30.0,0.40374037403740376,0.4036665907538146,0.35432624113475175,0.3203361344537815,0.29341378605031704,0.27444072573542366,0.2643019943019943,0.26292134831460673,0.266728624535316,0.27808219178082194,0.28354686446392446,0.28822520720205774,0.2983928571428571,0.29593147751605997,0.29381706693919263,0.29880597014925375,0.2967863247863248,0.2967258382642998,0.297396293027361,0.2954319761668322,0.2976549413735343,0.30409026798307476,0.311858407079646,0.32102641836292767,0.33185494390816594,0.34319343348304165,0.35966022049521057,0.37048503611971106,0.3779217773663504,0.3885334015868953,0.40146190610064664,0.4087252475247525,0.41548130995699634,0.4287739192062367,0.42400300978179084,0.4320792079207921,0.44372852233676974,0.4303657999118554,0.45293296089385476,0.4523107177974435,0.4396120469627361,0.46101786681104495,0.45905776780706675,0.45449766355140186,0.4579490291262136,0.45914249684741487,0.4606675392670157,0.4608135593220339,0.4653954802259887,0.4740452065471551,0.47705053852526924,0.4730427046263345,0.47065527065527063,0.47468354430379744,0.47726269315673286,0.4763145965548504,0.48764395393474086,0.48137790771577477,0.4724523339907955,0.4980550152820228,0.49785836664762995,0.47979951397326853,0.48354632587859425,0.4877637130801688,0.48651079136690645,0.4797271693823418,0.464741641337386,0.4492374727668845,0.4398550724637681,0.38801769199839165
27500.0,80.0,0.5923493044822257,0.7645921917278701,0.776140350877193,0.7827476038338658,0.790785498489426,0.7948511665325825,0.793351302785265,0.7861115525186715,0.7738461538461539,0.7586285714285714,0.7417714744447418,0.7253325085060316,0.7105449398443029,0.6971520256718813,0.6856368563685636,0.6759493670886076,0.6676088185415489,0.6597353497164461,0.6530855539971949,0.6471506635441062,0.6412684622067767,0.6282591369691449,0.6164670658682635,0.606353591160221,0.5986996098829649,0.5932899691886341,0.5913785361472833,0.5935483870967742,0.5984732824427481,0.6078140454995055,0.6205493387589013,0.6356538711776187,0.654392100390866,0.6733850129198966,0.6940346375881976,0.7156323644933229,0.7361177028951116,0.756634669678148,0.77248322147651,0.7910562837316885,0.803886925795053,0.8154278262614104,0.8265863722538196,0.832792612927377,0.8432835820895522,0.848212993778035,0.8492781215294304,0.8536667226044639,0.85431654676259,0.8571713147410358,0.8590298830662625,0.8602426504899673,0.8595604950745138,0.8588075880758808,0.8593883966847671,0.8558196974374807,0.8577849117174959,0.8587684069611781,0.8557107053347655,0.8550943396226415,0.8566966028894963,0.8572035699107522,0.8563458856345886,0.8572141787319022,0.8568376068376068,0.8562464346833999,0.8291704649042845,0.8093469910371319,0.7924773022049287,0.7637040979244278
15000.0,20.0,0.5274987229695215,0.6161347517730497,0.6324365872405842,0.63668430335097,0.6384080485278888,0.6396822394552676,0.6413018028564739,0.6436260623229462,0.6469002695417789,0.6505928853754941,0.655045871559633,0.6601583113456464,0.6652618904274533,0.671311475409836,0.67710100231303,0.6833333333333333,0.6892787524366472,0.6952672423215652,0.7012621002328147,0.7071428571428572,0.7129872130642428,0.7270109031063567,0.7401488013226785,0.7524020694752402,0.7632229362333168,0.7736842105263158,0.7814397224631396,0.7884310618066561,0.7936623831775701,0.7972444609942283,0.7994370161857847,0.8000584624378837,0.7998557518932564,0.7985008818342152,0.7962566844919786,0.7933032839665164,0.7904468412942989,0.7867094408799267,0.782269426682562,0.7779194288628251,0.7731881896808828,0.7681636899601179,0.7629837577702026,0.7578341013824885,0.7519705727798214,0.7460553736231021,0.7406166219839142,0.734556345937851,0.7288981288981289,0.7175112895132966,0.7082102776137035,0.6992532247114732,0.6921898928024502,0.6873935264054515,0.6844859813084112,0.6822980105562322,0.6812260536398468,0.680267323250088,0.6798399199599799,0.679368029739777,0.6787266862992568,0.6773743016759777,0.6763457293258618,0.6755661940710734,0.6752658526979126,0.6754440961337513,0.6812128081609521,0.6850053937432579,0.6888701517706577,0.7026858213616489
35800.0,70.0,0.5391720270493155,0.7023631468740652,0.7298221614227086,0.7482900136798906,0.7607899022801303,0.7652596416641361,0.7639302424500213,0.7589743589743589,0.7516629711751663,0.7423507462686567,0.7333256537265292,0.7248434237995824,0.7167410345397455,0.7100945763366145,0.7040748162992652,0.699567540066141,0.6955017301038062,0.6918566775244299,0.6891248626876602,0.6872174270448007,0.6851083448593822,0.6824034334763949,0.682640586797066,0.6862702702702703,0.6946575731741972,0.7055875255244106,0.7211079274116523,0.7399577167019028,0.7589724216093691,0.7807139545665276,0.8028953229398663,0.8222811671087533,0.8430769230769231,0.8591637010676156,0.8736980483365355,0.8865769535225602,0.8970698722764838,0.9061347178576308,0.9105591954898674,0.9175939364618609,0.9211625478593805,0.9236254456746106,0.9267616785431513,0.9270699270699271,0.9311696798083207,0.9320746028091181,0.9306560239461212,0.9325263971156322,0.9319672131147541,0.9325842696629213,0.9335863377609108,0.9345258184272697,0.9336008755928493,0.9334898278560251,0.9337993421052632,0.9317773788150808,0.9331476323119777,0.9333976833976834,0.9316283924843424,0.9309010503040354,0.9315459212778094,0.9314214463840399,0.9303928325292902,0.9301634472511144,0.9303442754203363,0.9293103448275862,0.9142768563013485,0.9026885557934807,0.8915032679738563,0.8819384349116084
300.0,50.0,0.09829721362229102,0.10612131329994436,0.104704,0.10294322535701846,0.10142091152815014,0.09972624168947986,0.09755168661588684,0.09486251808972504,0.09158964879852126,0.08812457221081452,0.08474297464016449,0.08165537270087125,0.07890113997383666,0.07654479367115673,0.07449078564500485,0.0727198252321136,0.07121443866625879,0.06982935153583618,0.06856492027334853,0.06745362563237774,0.06641721234798878,0.06426408237431859,0.06275453827940015,0.062217359591539026,0.06285754150969722,0.0648664013644116,0.0683745123537061,0.0740035906642729,0.08171882762046696,0.09153005464480875,0.1046339202965709,0.11901286491835725,0.13604109808958098,0.15552620885818771,0.17167745146839225,0.18938366263639042,0.2035266191929468,0.21608021188043888,0.2263953000419639,0.22981283422459892,0.23486281929990538,0.24235176880916792,0.24355670103092783,0.2418466522678186,0.24164859002169198,0.24175027870680044,0.24328097731239093,0.24225103123158517,0.2424408014571949,0.24206549118387907,0.2373134328358209,0.2354946524064171,0.23905489923558024,0.23323741007194246,0.23318616629874908,0.23412942989214175,0.22708821233411397,0.23132434575733546,0.23104872006606111,0.22699490662139218,0.22714776632302405,0.2261840929401251,0.22661668228678536,0.22577519379844962,0.2256477204257883,0.22505993953924736,0.22182468694096602,0.20999416682869923,0.22353624535315986,0.11080385852090033
3000.0,60.0,0.3433100483610962,0.36793449550977286,0.33076923076923076,0.30867733782645324,0.29808619027949884,0.2945414847161572,0.29865636546859253,0.31036372695565523,0.3282871357498223,0.34707602339181287,0.369116326792356,0.388897906184061,0.4009527590313616,0.4163911195087388,0.4214989059080963,0.4249767008387698,0.4292665971498088,0.4281274281274281,0.4313058273075287,0.43369259606373006,0.4356220960247806,0.44582814445828145,0.45318047337278106,0.46597760551248923,0.47322297955209347,0.481014035469481,0.4838978015448604,0.4917440660474716,0.4973151590251962,0.5059480099867822,0.5068641061237081,0.49498327759197325,0.5130212765957447,0.5073375262054507,0.5176730486008837,0.5253164556962026,0.5148317738403345,0.5183912691996766,0.5171404682274248,0.5301580235922546,0.5298133818843878,0.5241006348459911,0.5279864308214199,0.5284431137724551,0.5317173800928313,0.526343381389253,0.553011026293469,0.5538461538461539,0.5298656759074021,0.5409475996234704,0.5410264792415822,0.545549012816072,0.543682310469314,0.556578442654392,0.5466666666666666,0.55741127348643,0.5612959719789843,0.5573176257362936,0.5448369565217391,0.5369595536959554,0.563338301043219,0.5552712384851587,0.5542041248016922,0.5476320087098531,0.5421380090497737,0.549284862932062,0.5311421528348398,0.5199443909742274,0.5123209908398916,0.4670415495157763
10000.0,70.0,0.4740953947368421,0.5147811256395679,0.4703032197561738,0.46507042253521125,0.47460674157303373,0.48926218708827407,0.5043478260869565,0.5180351210251543,0.5306306306306307,0.541743627632065,0.551578479324144,0.5598425196850394,0.5671048608988077,0.5731364275668073,0.5779559118236473,0.5816696914700544,0.5850792028615227,0.5880665519219737,0.5899229781771502,0.5917503586800574,0.5933493589743589,0.5963302752293578,0.5979495705181491,0.5982207697893972,0.5971631205673759,0.5952962736713501,0.5924336973478939,0.5889872173058014,0.5857230392156862,0.5828054298642534,0.5809174311926606,0.5794247787610619,0.5795934530095037,0.5804732800501489,0.582425696880192,0.5850237375917134,0.5886187014289296,0.5924321201617562,0.5951983994664888,0.5997736703130894,0.6029035012809565,0.6052884615384615,0.6084401709401709,0.6095522388059702,0.6129928894634777,0.6138004246284501,0.6129586260733801,0.6140939597315436,0.6132848043676069,0.6127389858686617,0.6118099231306778,0.6101935483870968,0.6076890095755324,0.6051025199561747,0.6030277544154752,0.5990800367985281,0.5974000776096235,0.5954182859480467,0.5911492734478203,0.5878646441073512,0.585804569761789,0.5804904051172708,0.5748169838945827,0.570571518787496,0.5665424991534033,0.5630434782608695,0.5483383685800605,0.5447231833910035,0.5435857975156645,0.5673192169396724
500.0,20.0,0.30256709451575264,0.28049414824447333,0.2868056989469337,0.2923332640764596,0.295977229601518,0.3004513217279175,0.3080612244897959,0.32036063110443275,0.3350473056355409,0.3539236479321315,0.3655879525793015,0.37342709104367133,0.3850291909924937,0.3845491617580426,0.3831867057673509,0.3885135135135135,0.38660130718954244,0.38592762780011486,0.3857566765578635,0.38220443349753697,0.38185303514377,0.3804845222072678,0.37780918727915197,0.3744696415508412,0.37123493975903615,0.36811145510835913,0.36912698412698414,0.3666936790923825,0.36219110378912683,0.3605351170568562,0.3613287904599659,0.3590393013100437,0.35742049469964665,0.3597309417040359,0.3525932666060055,0.35284926470588235,0.3550710900473934,0.34549763033175357,0.3540019286403086,0.3511307767944936,0.3426017874875869,0.35053326561706455,0.34779487179487184,0.343759742284111,0.343782873974332,0.3425255536626916,0.34173941157452314,0.34030501089324616,0.34073337751270155,0.3411697247706422,0.34010033835025083,0.3359617682198327,0.3324390243902439,0.3318457914962191,0.3306628763406125,0.32854368932038835,0.3323615160349854,0.32821418863821694,0.3230557467309016,0.3343249752089531,0.33395442167120537,0.3249482095294466,0.3265926714307435,0.32919352303097,0.3298377846960512,0.32774106083714627,0.3366137329456497,0.34028356964136786,0.34405458089668617,0.33608316566063046
1100.0,70.0,0.291321044546851,0.2905375552282769,0.26783954961294865,0.25210378681626927,0.24172609252148472,0.23471729035782574,0.2305817610062893,0.2291894852135816,0.2301258327165063,0.2326192794547225,0.23656047784967646,0.24147022332506204,0.24617129892229156,0.252027027027027,0.25709379128137383,0.2623396456933415,0.26803764377831996,0.27256532066508316,0.2788982674366948,0.28434393638170974,0.28968386023294507,0.307991513437058,0.3271441202475685,0.34845227858985384,0.36947944508081965,0.388505071292077,0.4049079754601227,0.4187192118226601,0.4293585202676112,0.43717332218273053,0.4423627947983249,0.44503834534046016,0.4473494842887983,0.44821605550049554,0.4484601679816747,0.44866129451520664,0.4467335321225264,0.4467157263559553,0.4453758032970103,0.44380733944954126,0.4428280477160314,0.4409826243259437,0.44002429395687825,0.43863987635239565,0.43732327992459946,0.43614303959131545,0.43478260869565216,0.4335088874259381,0.43230563002680966,0.4297259311314125,0.42769784172661873,0.4254451038575668,0.42378048780487804,0.4220576773187841,0.4204918032786885,0.41927512355848434,0.41844783715012723,0.41758530183727033,0.4170742552245442,0.4166513339466421,0.4163322445170322,0.4163918525703201,0.41668336673346695,0.4174048983845753,0.41877394636015325,0.42005698005698006,0.43515052888527256,0.445854392945478,0.45114345114345117,0.4415881176806627
800.0,10.0,0.350085386679678,0.2953020134228188,0.2867480383609416,0.2833361358668236,0.2850487210718636,0.2909952606635071,0.3012987012987013,0.314797486966983,0.3301941187776283,0.3445161290322581,0.3579728857327308,0.36861620795107036,0.37607174103237095,0.3826191622532499,0.38655857740585775,0.3894413407821229,0.3917695473251029,0.3920595533498759,0.39338471419396276,0.3930712858094604,0.39205801104972376,0.39134545454545455,0.38843226788432267,0.38547880690737835,0.3822866344605475,0.37906018136850783,0.3759056444818871,0.37326478149100256,0.370894874022589,0.36892605633802816,0.3670840787119857,0.3651098901098901,0.3639222941720629,0.3627230046948357,0.3616555661274976,0.3606147934678194,0.3593657086223984,0.3588118811881188,0.35784807576062866,0.3568128144573365,0.3561430793157076,0.35522546419098144,0.3545103921148489,0.35381608945825643,0.35304462519234997,0.35239790808946253,0.35165577832845235,0.3509850814258057,0.3503118503118503,0.3488958233317331,0.3476667481065233,0.346558197747184,0.3455196216285313,0.3445989860912518,0.3440510107176774,0.3432998097309051,0.34298844172120874,0.3427183078462198,0.3425550405561993,0.3428827215756491,0.3430513595166163,0.343745119475246,0.34458373513339763,0.34615384615384615,0.3481816599965199,0.3501082251082251,0.3716879293424926,0.38974520289399184,0.40292902741269243,0.4217219589257504
1100.0,60.0,0.27596649484536084,0.27596457938013913,0.25305135951661634,0.236390977443609,0.2248001254115065,0.2162257082650433,0.21040754462782083,0.20712277413308341,0.2061314791403287,0.20671641791044776,0.20907840440165062,0.2123206528892984,0.21586538461538463,0.22041984732824427,0.2245857590685177,0.22933402435864214,0.23450829383886257,0.23888140161725066,0.24482758620689654,0.25029761904761905,0.25572990965287684,0.2741738066095471,0.2938996138996139,0.3164136622390892,0.33927760109041344,0.3606253312135665,0.3795961422543701,0.39579158316633267,0.4088357776570704,0.4185821904577941,0.42539293733414985,0.42934080137871605,0.4326730469619408,0.4344526218951242,0.43538861327663597,0.4358417752050169,0.43478260869565216,0.43506821627084385,0.4340062111801242,0.4328556263269639,0.4323014804845222,0.4306286347272224,0.42969407802413695,0.4286122215876642,0.42761821874093414,0.42646625405246097,0.42532175995211013,0.424408014571949,0.4232313870868088,0.4210355987055016,0.41934415369327593,0.4175486514168658,0.4158485273492286,0.41469534050179213,0.4129615674453655,0.4121877365632097,0.41153546375681993,0.41100843712334273,0.41037158023683135,0.4103462837837838,0.41014989293361886,0.4104982206405694,0.4110243454294901,0.41218346870520783,0.413741223671013,0.41518789144050106,0.4318181818181818,0.44320866141732285,0.4486281031001307,0.4397496087636933
500.0,30.0,0.26626794258373204,0.2900592495062541,0.29052033492822965,0.29005813953488374,0.28795701190601625,0.28517247607007407,0.2854668232530828,0.2916892502258356,0.30392927308447937,0.3204626334519573,0.336986301369863,0.35128383067314367,0.3626021470918122,0.3696947805670941,0.3738,0.3774069319640565,0.37936544167998176,0.3799562150328387,0.381508763017526,0.3816282806641671,0.381965835900308,0.3840820018088634,0.38526179702650293,0.3856655290102389,0.38571428571428573,0.385187941942687,0.3844978999618175,0.3835562549173879,0.3822123176661264,0.3811905746176106,0.38012605042016806,0.3785869094061552,0.3775869660942316,0.37682060390763766,0.375068870523416,0.3742473367299676,0.372865275142315,0.3714076960545543,0.3711798839458414,0.36979632389468453,0.36813977389516955,0.3675564681724846,0.3664229765013055,0.3651150347779561,0.36421223605847325,0.36322155030236397,0.36220735785953173,0.36140350877192984,0.3604238258877434,0.3582789317507419,0.3568140520896427,0.35486503452605145,0.35330310880829013,0.35201054713249835,0.35044858523119393,0.3496868475991649,0.3488732394366197,0.34798534798534797,0.34747169811320755,0.3470367591897975,0.3467680608365019,0.3463157894736842,0.34647302904564314,0.34671221178479933,0.3472792149866191,0.34794776119402987,0.3530510585305106,0.35653676932746703,0.3583932190897365,0.35231499802136923
10000.0,60.0,0.47470962907455977,0.5189161554192229,0.4783092324805339,0.47448344535723175,0.4849802371541502,0.4997691863819965,0.5143873517786561,0.5277519379844962,0.5398484452573817,0.5506105398457584,0.5600464126861342,0.5678391959798995,0.5746606334841629,0.5800918836140888,0.5847013622074747,0.5884447962010289,0.5916183682567989,0.5938908362543815,0.5961862030286035,0.5978042659974906,0.5988787666433076,0.6016635859519408,0.6026514230114327,0.6025231555413606,0.6010837849103793,0.598758769562871,0.5953038674033149,0.5913650239860445,0.5876906318082789,0.5844190732034923,0.5819148936170213,0.5804154302670623,0.5798557749142925,0.5803458456347532,0.581688505556477,0.583916083916084,0.5867992766726944,0.5902922755741128,0.5925814234016887,0.5964432284541724,0.5990694067468011,0.6014873140857393,0.6035070628348758,0.6043596730245232,0.6071005917159763,0.6079169370538612,0.6070200573065903,0.607555898226677,0.6064435146443514,0.6052681992337164,0.6039380245319561,0.6018385864374403,0.5989679809473406,0.5961148158886633,0.5939497894900982,0.5899096642236237,0.5879812882331774,0.5855787476280835,0.5816326530612245,0.5785034602076125,0.5761604326273096,0.570899209486166,0.5652291836181177,0.5608187134502924,0.5571921027890944,0.5536193029490617,0.541606648199446,0.5399053627760253,0.5406187624750499,0.5652017291066282
3000.0,70.0,0.030305389221556886,0.03347940403155127,0.03819889502762431,0.04614738805970149,0.05620137299771167,0.0691935093242916,0.08742537313432835,0.11220865704772474,0.1423015873015873,0.17222949389179756,0.20486260969644657,0.23450036469730123,0.2551339285714286,0.27835325365205843,0.290495232236235,0.30062849162011174,0.3113237016790316,0.31504579153946793,0.32466603053435117,0.3318802521008403,0.33809248554913296,0.3631432545201669,0.3839373970345964,0.4091866028708134,0.42741587575496115,0.4439235485034259,0.45408096423424604,0.4673480976717774,0.4771558245083207,0.48911816862808316,0.4924716630011842,0.4827225130890052,0.5018642803877703,0.4978959449120122,0.5089663509973806,0.5173137460650578,0.507404181184669,0.5116022099447514,0.5109689213893968,0.5240875912408759,0.5241293532338308,0.5186327422256489,0.5227754237288136,0.5235887646577584,0.5269089884474499,0.5219134918361501,0.5480383070744517,0.5493181097367587,0.5252966895690193,0.536510113129928,0.5364285714285715,0.5412566237698713,0.5390378548895899,0.5523889354568315,0.5426048565121413,0.5529197080291971,0.5566714490674318,0.5526966848095003,0.5403265710044532,0.5322498730319959,0.5591748099891423,0.5512863534675615,0.5498555748122472,0.5435196195005946,0.5382571075401731,0.5452473958333334,0.5274685816876122,0.5164681149264191,0.5090883471889531,0.4650528469144221
300.0,40.0,0.21674008810572687,0.20690487687107678,0.20811062049732745,0.21230588235294118,0.21539491298527444,0.21734939759036145,0.22075963252433842,0.22807404142794183,0.2392417692051879,0.2530679156908665,0.26656308266003725,0.2786872586872587,0.2868640148011101,0.2928153273017563,0.29592446516075055,0.29771293375394325,0.2986219633470663,0.29829676231394814,0.2984225077248333,0.2984383044448258,0.29795696980654496,0.29788092835519675,0.2982960832042488,0.29908785405664906,0.30094363682733993,0.30190217391304347,0.3031687125321153,0.3043090638930164,0.30447622008082065,0.304639175257732,0.30479814692256785,0.3043865661411926,0.3041928721174004,0.3034632034632035,0.3027017024426351,0.30207860922146634,0.3013117283950617,0.3006267136701919,0.299060841159657,0.2986912065439673,0.297614064462118,0.29638865004299225,0.2956502827316224,0.2939954853273138,0.2940311804008909,0.2929026387625113,0.29106463878327,0.2903395504543281,0.2889600788565796,0.2869653767820774,0.28525875588081545,0.2833960236432026,0.28131991051454136,0.27947826086956523,0.27816568047337276,0.27632398753894083,0.27558212712397734,0.2746811224489796,0.2735156771180787,0.2729209621993127,0.2724687933425798,0.27173756308579666,0.27119029567854436,0.2710815047021944,0.2709415584415585,0.2710548523206751,0.27302100161550885,0.27411417322834647,0.2744865718799368,0.2727865290602933
15000.0,30.0,0.5375284306292646,0.6617801047120419,0.6770044052863436,0.6804445554445554,0.6820299500831947,0.6833298030078373,0.6850785340314136,0.6875792141951838,0.6904492261230654,0.6939138160817414,0.6983962752198655,0.7026865671641791,0.7074504442925496,0.7121989121989122,0.7172383465259454,0.7222222222222222,0.7266339504795896,0.7310871743486974,0.7354512229406803,0.7396655096244872,0.7437123627346794,0.752963489805595,0.7606619987269255,0.7677502138579982,0.7729357798165137,0.7776928953399541,0.7804336863338376,0.7824482804058506,0.7835262083049693,0.7838366282859005,0.7834429824561403,0.7826830937713894,0.7813028764805414,0.7792746113989637,0.7777078085642317,0.7750759878419453,0.7731996353691887,0.7704009562099315,0.7677835051546392,0.7652425117834879,0.7623974313235818,0.7594172736732571,0.7565217391304347,0.7532720690615428,0.7500796939751355,0.7470097861544037,0.7437576749897666,0.7403669724770642,0.7374872318692544,0.7309833024118738,0.7246904588492352,0.7196488294314382,0.7153339604891815,0.7119950020824657,0.7100511073253833,0.7091310751104566,0.7089257503949447,0.7087133436228427,0.7088607594936709,0.7091595845136922,0.7092022509102947,0.7092495002725786,0.7092632826387517,0.7095126622685678,0.7099478812599139,0.7104191616766468,0.7154865826058843,0.7186218211648893,0.7212878423834694,0.7305610937054969
35800.0,60.0,0.5395292697646349,0.7017832647462278,0.7292713567839196,0.7476838613748141,0.7600749765698219,0.7644096250699496,0.7630443311102393,0.758022093634929,0.7501706484641638,0.7417601380500431,0.7322322855620671,0.7236892953754992,0.7156412610958065,0.7088698140200286,0.7027863777089783,0.6978773584905661,0.6939539860888175,0.690238742822605,0.6872875594833446,0.6851145038167938,0.683083511777302,0.6799771819737592,0.6800303720577069,0.6830744401855962,0.6909380813180973,0.7014094310074822,0.7161768005384788,0.7344150298889838,0.7535714285714286,0.7745054945054946,0.7965023847376789,0.8164556962025317,0.8365243004418262,0.8529461998292058,0.868159688412853,0.881113537117904,0.8918100314998788,0.901033386327504,0.9056352610560569,0.9127706306871666,0.9165960332259705,0.9189535309184047,0.9223338485316847,0.922496857980729,0.9267149552620366,0.9276864158594278,0.9263055148853099,0.9278870398386283,0.9275013376136971,0.9284265430310055,0.9293023255813954,0.9298477829252151,0.9291592128801431,0.9286536248561565,0.9294070189592578,0.9269687637483502,0.9280837505689576,0.9289772727272727,0.9273285568065507,0.9262872628726287,0.9267337807606264,0.9266503667481663,0.925050641458474,0.9257101238164603,0.9254901960784314,0.924831081081081,0.909022215505516,0.8971098265895954,0.8860037998733375,0.876045900071719
1700.0,10.0,0.40828402366863903,0.3473885960709152,0.33285302593659943,0.3204457200742867,0.3071369064148848,0.29619588981198075,0.29027962716378164,0.2925196850393701,0.303332864576009,0.32170542635658916,0.34493346980552714,0.3695090439276486,0.392103205629398,0.4112836911831887,0.4271598551474392,0.43978248425872923,0.4502180685358255,0.4583108108108108,0.4664748201438849,0.47250384024577574,0.47795081967213116,0.49181232750689974,0.5027466937945066,0.5106806862202545,0.5164407778432528,0.5197704877136086,0.5218070563728681,0.5226007872946925,0.5227750525578136,0.5224767981438515,0.5220041629497473,0.5216277317256971,0.5202321204516939,0.5197524988100904,0.5184094256259205,0.5174204355108878,0.5163331623054558,0.5159016675262162,0.51479600770443,0.5129326047358834,0.5121502209131075,0.51106111736033,0.5100990853658537,0.5089994193922973,0.508083596214511,0.5071428571428571,0.5050020842017507,0.5042283298097252,0.5040548970679976,0.501101321585903,0.4994380759721286,0.497443049744305,0.4959658281917418,0.4942046855733662,0.4926133469179827,0.4916883116883117,0.49074322511403273,0.49023920813857574,0.4894837476099426,0.4890125173852573,0.48924255820807544,0.4894387447193724,0.48990996584911517,0.4905961109340134,0.49189010261502814,0.49354726194628534,0.507898516036381,0.5167077681874229,0.518887262079063,0.49543837946497604
27500.0,90.0,0.5925925925925926,0.7645091481408617,0.7764285714285715,0.7827735644637053,0.7910906298003072,0.7949478420944979,0.7934995431405821,0.7862336403296171,0.7741493938208839,0.7585966542750929,0.7420408163265306,0.7254716981132076,0.710431654676259,0.697389885807504,0.6859504132231405,0.6762738033968091,0.667816091954023,0.6604740550928891,0.6536376604850214,0.6473809523809524,0.6416077738515901,0.6283994907996759,0.6167072428484479,0.6064981949458483,0.5988372093023255,0.5937391304347827,0.5916970802919708,0.5939809296781883,0.5993017843289372,0.6081935937343107,0.6212238574748257,0.6364536899455175,0.6550500834724541,0.6744429882044561,0.6952845528455285,0.7166732988460008,0.7375,0.758147512864494,0.7732518669382213,0.7918939984411536,0.8056300268096515,0.8166244298023315,0.8277765262446497,0.8340473790322581,0.8445191661062542,0.8494670754854723,0.8505121638924455,0.8547731888964116,0.85561400326501,0.858405302269532,0.8602925125518446,0.8617121354656632,0.8607433808553971,0.8601475006828735,0.8605990783410138,0.8574540927482104,0.858945325137496,0.8600337268128162,0.8574007220216606,0.856544901065449,0.8578740157480315,0.8586118251928021,0.8574777308954524,0.8580775037745345,0.8582974137931034,0.8578826237054085,0.8304788213627993,0.8106148867313916,0.7936690175496145,0.7645474137931035
6000.0,20.0,0.39539793118007177,0.4048270313757039,0.35799522673031026,0.3244496855345912,0.2971264367816092,0.27635327635327633,0.26496584973885096,0.2634138880391557,0.2682098765432099,0.27461679950950335,0.28298217179902757,0.2893127397118275,0.29210697977821265,0.29435800722929434,0.29382902434421587,0.29277482269503546,0.29204892966360857,0.29035217519976325,0.29074319840743196,0.2909670164917541,0.291532599491956,0.29850107066381154,0.3077956989247312,0.31988543371522093,0.33317025440313114,0.34691528545119704,0.36027652220154216,0.3731612128489943,0.3848328621320472,0.3955264593562466,0.40470541716093317,0.41251348435814456,0.4196938542380626,0.4256248483377821,0.4308361032983892,0.4354795618487844,0.4391580161476355,0.44238683127572015,0.4454404945904173,0.4476592977893368,0.450050454086781,0.45195729537366547,0.4536764705882353,0.4553093964858671,0.4568145800316957,0.458281956432388,0.4599317988064791,0.4614027348919277,0.4625975217989904,0.46570561456752657,0.4682769726247987,0.4709101382488479,0.4734029484029484,0.47584415584415585,0.4782453637660485,0.48030746705710103,0.4817970565453137,0.4833470057424118,0.48430873621713316,0.484870188003581,0.4856485740570377,0.4863147605083089,0.4869475847893114,0.48670645686380903,0.4858430602103317,0.4849111706011195,0.4680396347386827,0.4525,0.44176136363636365,0.39432858596134285
1400.0,90.0,0.31121239744758433,0.3143580012650221,0.2906530612244898,0.27442827442827444,0.26356243733986856,0.2563003600205726,0.2525901472828847,0.25280898876404495,0.25663672654690617,0.26235059760956175,0.27056313993174064,0.27928692699490665,0.28725868725868725,0.296043656207367,0.30311017395888246,0.31029647435897434,0.3174353205849269,0.32291404083690445,0.3303670745272525,0.3370131861392211,0.3428957138035775,0.3641852770885029,0.3850872817955112,0.40737704918032785,0.4279382135661518,0.4459214501510574,0.46075,0.47236723672367237,0.4814354066985646,0.48782696177062373,0.49194821597726557,0.4939253368676828,0.4957439564181137,0.4963751169317119,0.49658314350797267,0.4963932021029466,0.49483352468427094,0.49487442337262944,0.49362764419918537,0.49224335626601917,0.49123767798466594,0.489628897982221,0.48862172606268783,0.48724675703250253,0.48613787991104523,0.48484848484848486,0.4836731565230722,0.48249027237354086,0.4811290834126229,0.4782753454303313,0.4761986009213445,0.47427766032417196,0.472186990396811,0.47052280311457173,0.4686829268292683,0.4675299195605258,0.46655890078803797,0.46551364867680767,0.46494386782461344,0.46462212486308874,0.4642222222222222,0.4641291810841984,0.46441323494406095,0.46513353115727,0.4661829489505053,0.4675464583894425,0.4810606060606061,0.48925742574257425,0.49047337278106506,0.46806883365200763
6000.0,60.0,0.40788415124698313,0.41452899331752535,0.36963817514420555,0.3424726831242412,0.3266989420835575,0.32151370679380215,0.32474466109563604,0.3345578231292517,0.3467360454115421,0.3639252574043473,0.37461148372321285,0.3840327533265097,0.397277539702546,0.3990990990990991,0.4014935988620199,0.4079437318990484,0.40777251184834123,0.409814612868048,0.40986519607843136,0.40836212854181064,0.4098130841121495,0.4093009240658899,0.4097579814624099,0.4096852300242131,0.4107214029493822,0.41307506053268767,0.42003464203233254,0.4231416078035654,0.423963133640553,0.4281276962899051,0.43538166106577053,0.4389215162840363,0.4416955017301038,0.4512772585669782,0.44403730846102596,0.44932956951305575,0.45887778631821674,0.44476190476190475,0.4648444070647603,0.46310160427807484,0.44976787372330546,0.47018756169792697,0.4674525884161968,0.4621309370988447,0.46525612472160355,0.4658248378127896,0.46729309721720275,0.4670830730793254,0.4714769471216463,0.4797122302158273,0.4823997551270279,0.4789473684210526,0.4763744949938521,0.48039397881434676,0.48336395182690345,0.4819706498951782,0.493786063027075,0.4876557723959558,0.47847239114570667,0.5042405551272167,0.5036978341257263,0.485947161326588,0.48965109402720286,0.49375,0.49267643142476697,0.4861452122062434,0.47219730941704036,0.45729166666666665,0.4480851935285685,0.39780621572212066
1700.0,50.0,0.3291363716971094,0.3358695652173913,0.3100016315875347,0.29208754208754206,0.27965945697192823,0.2708272859216255,0.26693931690063005,0.2685380496511439,0.27514318442153496,0.28453640323584317,0.2975243506493506,0.3111111111111111,0.3215213358070501,0.334402332361516,0.34195979899497486,0.34872521246458926,0.35579543072731085,0.35891203703703706,0.3655710867648911,0.3705938828692909,0.3750932140193885,0.393230551125288,0.4095910317625078,0.4302798373594834,0.4473755047106326,0.46351674641148327,0.47478034493979826,0.48771929824561405,0.49702380952380953,0.5074685534591195,0.5100286532951289,0.501469970600588,0.515673289183223,0.51102114260009,0.5179822512844465,0.5223450264296011,0.5118226600985222,0.5134061569016882,0.5106598984771573,0.5180805938494167,0.5159505907626208,0.509046052631579,0.5101117318435754,0.5084755403868032,0.5088850174216027,0.502927400468384,0.5201976528721433,0.5191462649089768,0.4996911673872761,0.5033574720210665,0.5,0.5000699790062981,0.4953405017921147,0.5027673896783844,0.4924031007751938,0.49920760697305866,0.5008210180623974,0.49721753794266443,0.48558256496227997,0.4786142001710864,0.5006357856494096,0.49478098788443614,0.4946205571565802,0.49022704837117476,0.4876822007801273,0.4965337954939341,0.5030066145520145,0.5060381768601481,0.5033588139911976,0.471571072319202
5000.0,80.0,0.3647534952170714,0.3978677005088442,0.3645711241342568,0.34383020730503455,0.33155448442072644,0.3248861047835991,0.3251001335113485,0.3317377049180328,0.34194139194139195,0.35181762168823166,0.3616078493432505,0.36910633260998227,0.3734852157052836,0.37664945496270796,0.37809426924381145,0.37847304210940574,0.378770197486535,0.37914078674948243,0.3796414112203586,0.38070404172099087,0.3821323529411765,0.3862325581395349,0.3926480917817841,0.39974311402882834,0.4072621888851006,0.4149170165966807,0.42193607725914,0.42838709677419357,0.43380681818181815,0.4385802469135803,0.442628418945964,0.4465386009423704,0.44940817105765557,0.452303961196443,0.45458404074702885,0.45663716814159294,0.459236276849642,0.46059280855199225,0.4625638406537283,0.4644814615797958,0.4659811006114508,0.4681577398469688,0.46976885644768857,0.47147375079063886,0.4732764281024294,0.47518745739604634,0.47687411598302687,0.47855051244509517,0.48048780487804876,0.4851976450798991,0.48831400535236397,0.49196172248803827,0.4958154725454174,0.49902996335417116,0.5025998581895533,0.5048461352071723,0.5071017274472169,0.5093369418132612,0.5106858499790473,0.5119257950530035,0.5128360012080942,0.5139977603583427,0.5146590718713352,0.5145374449339207,0.5137254901960784,0.5126247798003524,0.49316696375519903,0.4765625,0.46709844559585495,0.4189761982393218
35800.0,20.0,0.533630289532294,0.7016781836130306,0.7303746654772525,0.7478890229191797,0.7596594629993452,0.7627069133398248,0.7602833015527104,0.754014598540146,0.7451444812884889,0.7351707609346915,0.7250833642089662,0.7153120790300853,0.7061965811965812,0.6979362101313321,0.6910339840925525,0.6855012427506214,0.6801318267419962,0.6755835020782266,0.6717153504026926,0.6682008934614864,0.6650921834526893,0.6586814086814087,0.6548111386821064,0.6535315985130111,0.6553446553446554,0.660120240480962,0.6690265486725664,0.6809815950920245,0.695026962252846,0.7116669849150277,0.7300789662598708,0.7483698873740368,0.7670740474478792,0.7841105354058722,0.7995920448750637,0.812907045589106,0.824847250509165,0.8352490421455939,0.8408181026979983,0.8480952380952381,0.8522131319488148,0.8546478225899116,0.8577788770714816,0.8574511126095752,0.8620447194487414,0.8624775044991002,0.8600843060959793,0.8616949152542372,0.8604609290601368,0.8607171000788022,0.8614893617021276,0.8617774731551291,0.8605282646260183,0.8594494441503441,0.8600167644593462,0.8564954682779456,0.8581314878892734,0.8590670170827858,0.8557353976073188,0.8547548291233283,0.8563727377743551,0.8558823529411764,0.8543107422775472,0.8550148957298908,0.8549333333333333,0.8542857142857143,0.8348528015194682,0.822268326417704,0.8108352962493206,0.7997356245869134
15000.0,70.0,0.5364982133741705,0.6604230243081133,0.6750811395600432,0.6779617175375064,0.6792058516196448,0.680071492403932,0.6811111111111111,0.6826468602295747,0.6852869846402587,0.6880725190839695,0.691433663807508,0.6953497359268324,0.6994091580502215,0.7036663303060882,0.7078651685393258,0.7120756338633434,0.7163926499032882,0.7200651642682596,0.7241694605303262,0.7281121751025992,0.7319508448540707,0.7404933196300103,0.7482758620689656,0.7552363299351251,0.7614257327372081,0.7666225603704929,0.7712289893036455,0.7749287749287749,0.7780227857405365,0.780327868852459,0.7813789039481438,0.7828319882611886,0.7835591689250225,0.783643778243139,0.783524393495068,0.7834639373100911,0.7830062869117927,0.7825597115817936,0.7813496280552603,0.7812209482491478,0.7806195965417867,0.779766860949209,0.7791030534351145,0.777535441657579,0.7781862745098039,0.7763248451479697,0.7746913580246914,0.7744245524296676,0.7724624060150376,0.770875083500334,0.7691319979455573,0.7675699174032748,0.7653044742367954,0.7640269886363636,0.764299424184261,0.7625390218522372,0.7642114576421146,0.7655188568751464,0.764,0.7640835757736049,0.765015222806532,0.7652596416641361,0.764179104477612,0.7640328923846978,0.7639419404125286,0.7626774847870182,0.7517564402810304,0.7459938366718027,0.741890639481001,0.7430516165626772
3000.0,30.0,0.33276450511945393,0.36517085220255247,0.32629658587438104,0.3022163120567376,0.28873445501097295,0.2816388823667528,0.2823895913505589,0.29156293222683266,0.3079581993569132,0.32602355580482334,0.34872754491017965,0.3694072657743786,0.38184810721843404,0.3987386124737211,0.4038274408044113,0.40749586625022965,0.41262036467936897,0.4117915904936015,0.41608565737051795,0.4194254445964432,0.42242934455802766,0.4364482635159327,0.4466834592779177,0.46229508196721314,0.4713440860215054,0.480011862396204,0.48327994875080077,0.491592005513439,0.49715328467153286,0.5060371517027864,0.5069579288025889,0.49484193011647254,0.5133984028393966,0.507811080835604,0.5182425978987584,0.5256206554121152,0.5152420185375901,0.5188974733764878,0.5177473298090409,0.5309988518943742,0.5304398826979472,0.5247728649303453,0.528633811603244,0.5292153589315526,0.5325726416346026,0.5270324929216664,0.5537298240511851,0.554709658157934,0.5303364183928309,0.5414382457271848,0.5414076935998656,0.5459238163047347,0.5438694119829345,0.5568697023457521,0.5470404984423676,0.5575107296137339,0.5615575061895116,0.5575221238938053,0.5449464368886818,0.5368068833652008,0.5635062611806798,0.5555555555555556,0.5541349292709467,0.5478991596638656,0.5420669577874818,0.5494168201350522,0.5310110450297366,0.5193458980044345,0.511319490957803,0.46471741261025806
22500.0,80.0,0.6471119133574007,0.764962865880297,0.7815568862275449,0.7932561307901907,0.8025594149908593,0.8079392877991827,0.8110065170166546,0.8115215479331574,0.810432033719705,0.8078842315369261,0.8039158386908241,0.7992546162967983,0.7934254036179732,0.7873754152823921,0.780811623246493,0.7743936830231246,0.7675521821631879,0.7610619469026548,0.7542540561931144,0.7478991596638656,0.7418397626112759,0.7265573770491803,0.7130890052356021,0.7003836763167074,0.6897725514466966,0.681361492720935,0.6754859611231101,0.672310405643739,0.6718535469107552,0.6743227326266196,0.6786626596543952,0.6847764034253092,0.693134328358209,0.7017857142857142,0.7114748069143068,0.7217841856273935,0.7322015334063526,0.7428288822947576,0.7516831683168317,0.7630841121495328,0.7722283205268935,0.781190019193858,0.789860396767083,0.7960404380791912,0.8056232427366448,0.8109775222164141,0.8136305286497841,0.8186548223350254,0.8208108482081085,0.8259282767375437,0.8298813949371571,0.832622187742436,0.8335800380630154,0.8341307814992025,0.8355866731047803,0.833592534992224,0.8354533152909337,0.8369135104578858,0.8355342136854742,0.8355387523629489,0.837467362924282,0.83886925795053,0.8387590961317503,0.8403602128530495,0.8410970831519373,0.8412551915089986,0.8236101578586136,0.8119815668202764,0.8024538496172895,0.7870629370629371
10000.0,20.0,0.469453809844909,0.47961530420238346,0.391324200913242,0.3571705676968835,0.3424937542584601,0.33634706525701785,0.3358766233766234,0.34001507159005273,0.3470059880239521,0.3557217082752503,0.3650966936993138,0.37514018691588785,0.3827782646801052,0.3908860759493671,0.39809193408499566,0.40299967394848385,0.4080438756855576,0.4126530612244898,0.41631173538740374,0.42030150753768847,0.42385984427141266,0.43072546230440967,0.43747731397459166,0.4425115207373272,0.44688591385331783,0.4496534111638088,0.4513354459031236,0.45338157528527695,0.4547304170905392,0.4560327198364008,0.45843520782396086,0.4619685497961561,0.4663230240549828,0.46908212560386475,0.4757547169811321,0.48039322774440196,0.48756156080313173,0.49607900087133316,0.4925495333224169,0.5037160906726124,0.5111344537815126,0.5088167053364269,0.5137355584082156,0.5123264380844432,0.5230009262117937,0.5224530831099196,0.5130246020260492,0.5161415791520809,0.509567387687188,0.5097387173396675,0.5051404345521993,0.5059940652818992,0.49914586070959266,0.48793718772305494,0.4951854775059195,0.4731318219983207,0.47074041034790365,0.47758454106280196,0.46732837055417703,0.45020857845758905,0.44882154882154884,0.4518987341772152,0.4363262508567512,0.4296504739336493,0.4294231388978408,0.428671206565392,0.3912529550827423,0.3846354166666667,0.38621848739495795,0.3857112022447658
500.0,70.0,0.17217877094972067,0.18881824161368121,0.1868918375552875,0.1863550221099179,0.1877570093457944,0.19019944525161803,0.19275806161052061,0.19484363809978514,0.19645171243443382,0.19773967264224473,0.19826170931916948,0.1987066431510876,0.19922644163150494,0.1996680497925311,0.1994186046511628,0.2002239641657335,0.20107789041447452,0.20152091254752852,0.20294897282968855,0.20389440179741622,0.20527426160337553,0.21131438221221502,0.2214765100671141,0.23644859813084113,0.2549222797927461,0.2813659359190557,0.31360882734746864,0.34758186052883955,0.3852681602172437,0.4233292332923329,0.45983112183353436,0.4897615708274895,0.5184484389782403,0.5373029772329246,0.55370942812983,0.5674110835401158,0.5715567519066846,0.5816374822527213,0.5855327468230694,0.5833766233766233,0.582737768004398,0.5867630700778643,0.5842956120092379,0.577959927140255,0.5769900497512438,0.5741357234314981,0.5716162943495401,0.5684423465947404,0.5664369400413508,0.5578330893118595,0.5521276595744681,0.5503169572107766,0.5403347280334728,0.5370051635111877,0.5320291173794359,0.5233583489681051,0.5240037950664136,0.5184630738522954,0.5107673008572026,0.5085385018334206,0.5046628791939115,0.49762758939937507,0.4915743861338469,0.4858827958338562,0.48086346179314,0.47603074772886095,0.4425736620565244,0.4223635400105989,0.41042135734963014,0.38580246913580246
800.0,40.0,0.3406085709733949,0.33925798101811905,0.3204987165383205,0.304476607202962,0.28993563487419544,0.277179236043095,0.2679987313669521,0.2643992055610725,0.2673774784885896,0.2758788534342888,0.2894580549368968,0.3051257253384913,0.31944611679711016,0.3334284898658293,0.3441408821593153,0.3531042128603104,0.36114494518879414,0.36630362302733943,0.37279656979514053,0.3775848863926474,0.38127729257641924,0.3930332922318126,0.40171526586620926,0.40841399851079674,0.41321656050955413,0.4156144781144781,0.4167696381288614,0.41716247139588103,0.4167608286252354,0.41616795366795367,0.415,0.41335038363171356,0.4123116883116883,0.41097560975609754,0.40976794387479765,0.4085886214442013,0.40658716638273706,0.4060830017055145,0.4047065659500291,0.4032123735871505,0.4023508137432188,0.40080595164290145,0.3997489014438167,0.3986590038314176,0.39766385463984427,0.3967678100263852,0.39571045576407504,0.3946295037389531,0.39369806094182824,0.3914970930232558,0.38965773809523807,0.3880184331797235,0.386798418972332,0.3852869846402587,0.38407155025553663,0.3831335616438356,0.3825242718446602,0.3817850637522769,0.3812962962962963,0.38084291187739466,0.3809338521400778,0.38091386979377273,0.38124086066429913,0.3818833496252851,0.38284542658617154,0.38384077715910436,0.39295168762409,0.3976908274534958,0.3976178408514952,0.3820471596998928
1100.0,20.0,0.39220752377015294,0.3440746159473299,0.3305534495830174,0.3198732083792723,0.3089201877934272,0.29893007260221627,0.292690233672858,0.2926563916591115,0.2993018047688052,0.31150247660979635,0.32849189058339384,0.34627046694966646,0.3621906841339156,0.37645833333333334,0.38690587138863003,0.39536423841059604,0.4024590163934426,0.40673696543643817,0.4119458128078818,0.4152300712896954,0.4178595773687798,0.4249814677538918,0.4289137380191693,0.43130801687763715,0.4321270962047661,0.4315596330275229,0.4303605313092979,0.4285019455252918,0.4270109235352532,0.425594334850784,0.42388275363814637,0.42187334252678477,0.42065707537041014,0.41919633107665427,0.41785753849562424,0.41671334154811246,0.41491085899513774,0.4142080296193451,0.4129922188163169,0.4116939364773821,0.4106990881458967,0.40947040498442366,0.4086387104898627,0.407639243740419,0.40665458311755565,0.40579900288638154,0.40486637415237337,0.4041178845377473,0.40325225471440285,0.4013964092333998,0.40008719662839703,0.3987757539564049,0.3975848364414552,0.3966349898738121,0.39588772845953,0.39502536409752903,0.3947235758696018,0.3944002765295541,0.3944921943518681,0.39471301828716276,0.3947899467987525,0.3955521763923209,0.3966294336664707,0.3982912937347437,0.4003410786612663,0.4024822695035461,0.42522635029659694,0.44189852700491,0.45086164451009353,0.44863376403304384
1100.0,30.0,0.36339779005524864,0.35088740180389877,0.32689371697005287,0.3090985062153975,0.2942212825933756,0.28201829616923957,0.274561797752809,0.27388622344071284,0.2807070707070707,0.29351878405506165,0.31156752567331913,0.3314243027888446,0.34906527735212994,0.36530172413793105,0.37727645611156685,0.3872087711283691,0.39556772908366533,0.40124796527400974,0.4079814921920185,0.4127777777777778,0.4168421052631579,0.4291297935103245,0.43795918367346937,0.44497354497354497,0.44948356807511736,0.45143422354104845,0.45216671837832245,0.4521134296415195,0.4516377225763904,0.4506804633899449,0.44941230698317586,0.44750921412436095,0.44632086851628466,0.44496371909974175,0.44361090272568143,0.4423758865248227,0.44034650216563853,0.43954312721543914,0.43808630393996245,0.4365579610852288,0.4354637460141411,0.43394077448747154,0.4328723710746183,0.4317283769939997,0.4305658695975048,0.4293896006028636,0.4282655246252677,0.4273756006820648,0.4262295081967213,0.42381266490765174,0.42211732973701954,0.4203854835909012,0.4187455452601568,0.41754641427011285,0.41625239005736137,0.4153225806451613,0.414576338139443,0.4139194139194139,0.41368616911308664,0.41354990382560375,0.41361370041187945,0.41394825646794153,0.4146737868586023,0.4157818532818533,0.4174683544303798,0.4191253951527924,0.43698424606151537,0.4492825333993073,0.4554958183990442,0.4449810729669756
800.0,50.0,0.28734682638028364,0.2874702616970658,0.26609848484848486,0.24956803455723542,0.23721132897603486,0.22748655913978494,0.22021912350597608,0.21561655525529796,0.21306984934455098,0.21217798594847775,0.21305657850686308,0.2150564617314931,0.2173380928097909,0.22082574377656344,0.22395167022032694,0.22737704918032786,0.23134328358208955,0.23441291275450996,0.23888692371182643,0.24267892317793827,0.24642961235791314,0.25960654532083105,0.2737010027347311,0.2906077348066298,0.3085301837270341,0.32625954198473284,0.3428695652173913,0.35768858800773695,0.370231822971549,0.3800112930547713,0.38699820251647693,0.39112238427393786,0.39487516425755587,0.3968027210884354,0.3979706088173548,0.39856938483547927,0.3976865671641791,0.39797297297297296,0.3972286374133949,0.3962085308056872,0.3953525641025641,0.3940594059405941,0.39330543933054396,0.3923339011925043,0.3915944540727903,0.3904049295774648,0.38970456580125334,0.38864668483197096,0.38769657724329326,0.38563106796116503,0.38417910447761194,0.38258548105554985,0.38113845179005174,0.3799848697719658,0.3787258248009101,0.37803203661327234,0.37734292113639045,0.3767181608076876,0.3764691327477422,0.37626424273460507,0.3762183235867446,0.37646899905443737,0.3768844221105528,0.3776487663280116,0.3787486679859948,0.37982900569981,0.3903140203449801,0.39730736178745346,0.3991825613079019,0.3857348703170029
500.0,60.0,0.1760494752623688,0.20672029060716138,0.20694581280788177,0.20742811501597444,0.20948423368369593,0.2118191527233891,0.21390547263681592,0.21483093404753933,0.21441010013060513,0.2127951674903899,0.21012145748987854,0.20697485806974858,0.20353728489483747,0.1997781475318913,0.1959811776675569,0.1924408540103866,0.18905311028098098,0.18563636363636363,0.18270554880518428,0.17972090929552104,0.17708437343984024,0.1725168756027001,0.1707296849087894,0.17268817204301076,0.17847124824684432,0.18918423464711273,0.2050303969483848,0.22468451831332717,0.24799373654335485,0.27445255474452557,0.3015030946065429,0.3260610312171168,0.3498183286233347,0.3691715708465369,0.38422649140546006,0.39721919302071973,0.4045909358446145,0.4119749216300941,0.4170857511283043,0.4182065217391305,0.419054441260745,0.42165697674418606,0.421123595505618,0.41905132192846034,0.41873015873015873,0.4177091795288384,0.41684647302904565,0.41559322033898305,0.4144827586206897,0.4112115732368897,0.4087441860465116,0.40726744186046515,0.4032876159741831,0.4016926411394365,0.3993051785908153,0.39631590558129276,0.3963530596263564,0.39413414349147,0.39150429626043814,0.39082125603864737,0.38977635782747605,0.3875591793792741,0.3860433604336043,0.3846477097632722,0.3833847057096727,0.38233030629521314,0.3725036787891528,0.3651262761955938,0.3610050890585242,0.3550109729334309
10000.0,30.0,0.47140096618357485,0.495781204538842,0.4347210657785179,0.4192604006163328,0.4212251071338543,0.43029845107669057,0.4417941952506596,0.4540125610607118,0.4659875996457042,0.47772573793704387,0.48863339430363206,0.4980813507290867,0.5066690378801352,0.5139312588977019,0.5201845444059977,0.5257276507276507,0.5301485581124381,0.5345052083333334,0.537708484408992,0.5411622276029056,0.5437415881561238,0.5499416569428238,0.5542770628311885,0.5572549019607843,0.5587417887822133,0.5585716593957021,0.5570785597381342,0.5546734955185659,0.5517131979695431,0.5489891135303266,0.5466981132075471,0.545,0.5443012211668928,0.5440773569701853,0.5450047573739296,0.5466219988833054,0.5487359916601512,0.5508756038647343,0.5528156698146205,0.5551126171018537,0.5566144769684592,0.5577812018489985,0.5584602125825913,0.5583118556701031,0.5582541358676523,0.5571483920960868,0.5554603854389721,0.5542168674698795,0.5519677093844602,0.5470588235294118,0.542338177014531,0.5371301775147929,0.5315441783649876,0.526253418413856,0.5211462450592885,0.516003037864815,0.5113059529303184,0.506549149222671,0.5016497294443711,0.49712280701754386,0.4928004701733764,0.48459792477302205,0.4772117962466488,0.470565453137103,0.46544546211490423,0.4609549308344489,0.450018443378827,0.45195822454308093,0.4575081967213115,0.4848917439923864
22500.0,90.0,0.647329650092081,0.765089722675367,0.7817605462082419,0.7930675909878683,0.8027906976744186,0.8086749851455733,0.8107511045655376,0.8120859444941808,0.8105703259005146,0.807994923857868,0.8041022592152199,0.799276361130255,0.7936288088642659,0.7875647668393783,0.7810907237512742,0.774526678141136,0.7677709874557735,0.761253150882247,0.7548309178743962,0.7480881691408007,0.7419517102615694,0.7266666666666667,0.7131322094055014,0.7006030507272082,0.6901652242328875,0.6816096747289407,0.6758166346417788,0.672883787661406,0.6724057701256398,0.6748502994011976,0.6793735676088617,0.6853965183752417,0.6935581705689676,0.7023431594860167,0.7120448179271709,0.722323879231473,0.7329071706503613,0.7433924389427903,0.7525110486139012,0.7636191378493605,0.7729549248747913,0.7815942968243681,0.7909226190476191,0.797184300341297,0.8061611374407583,0.8120372329172837,0.8148760330578513,0.8198151950718686,0.8220481253497481,0.8271050521251002,0.8311572169558219,0.834051724137931,0.8346860316104229,0.835250805338242,0.8368690563277249,0.8350353495679497,0.8367960634226354,0.8381387382243791,0.8366171567141558,0.8367281985996181,0.8384437850313221,0.8400571224562656,0.840495547812621,0.8419528340918494,0.8424989001319841,0.8423507462686567,0.8236111111111111,0.8126984126984127,0.8031496062992126,0.787868038311458
3000.0,20.0,0.3410230692076229,0.3683174811413578,0.3293973941368078,0.30564875042793566,0.2923852183650616,0.28591800356506236,0.28689998616682805,0.29619621700270216,0.3134777376654633,0.33516115529510254,0.35785077951002225,0.3780297661233168,0.3934952298352125,0.4042202779207411,0.4115206827071234,0.41641053053588134,0.41990507267873034,0.42191103789126855,0.4249955301269444,0.42748091603053434,0.43010291595197253,0.44033443121357996,0.4510324483775811,0.46192722371967654,0.4712257100149477,0.4794576828266228,0.48606811145510836,0.49145299145299143,0.4956325301204819,0.4996808510638298,0.5027777777777778,0.5050799086757991,0.5080851063829788,0.5101431238332296,0.5127617801047121,0.5147619047619048,0.5169252468265162,0.5182987848463187,0.5199261992619926,0.5229379418695994,0.5244783306581059,0.5261806130903065,0.5279863481228669,0.529675153643547,0.5311876699909338,0.5329032258064517,0.5353525322740814,0.5370106035889071,0.5374272526590408,0.5411622276029056,0.5436103151862465,0.5460614152202937,0.548362624857757,0.5501409585179219,0.5517387616624257,0.5527007299270073,0.5536342769701607,0.5538851084032284,0.5548172757475083,0.555014605647517,0.5539954931530594,0.5538104586828485,0.5528739867354459,0.5518286905438696,0.5502853768943121,0.5480729382511397,0.5323679727427598,0.522459499263623,0.5155141843971631,0.46909903201787045
35800.0,30.0,0.5353731343283582,0.6955199115044248,0.7230031948881789,0.7416324133881386,0.7539805825242718,0.7583990651475314,0.7570633120230975,0.7518085698386199,0.7440087145969498,0.7347785977859779,0.725243274184316,0.7169680111265647,0.7082918739635158,0.7006802721088435,0.6946539110861002,0.6891525860957048,0.6845657276995305,0.6805117129091212,0.6770989505247377,0.6741928676936062,0.6715744478746141,0.6666666666666666,0.6640992725716731,0.664367816091954,0.6685341519570223,0.6753617281434685,0.6862221034344514,0.7005356834283739,0.7165893527722553,0.7348695169350361,0.7548784662786717,0.7736951983298539,0.7935323383084577,0.8094117647058824,0.8243335611756665,0.838154808444097,0.85,0.8591355599214145,0.8641743170003319,0.8718652973489371,0.8757982536165776,0.8782251204990077,0.8814097715927999,0.8812695280381516,0.8860050890585242,0.8868264552171562,0.8846453624318005,0.8862991487636805,0.8855421686746988,0.8861293345829429,0.8870967741935484,0.887719298245614,0.8868144690781797,0.8858661663539712,0.8866183256427159,0.8830890239542367,0.8848439821693908,0.8861347792408986,0.8830141548709409,0.8820422535211268,0.8834244080145719,0.8831427150671308,0.8817733990147784,0.8820058997050148,0.8814204185161699,0.8814713896457765,0.8624035538929157,0.8495652173913043,0.8379006038086391,0.8283737024221454
15000.0,60.0,0.5373549883990719,0.6626415094339623,0.6772418258336032,0.6799163179916318,0.6811775759473849,0.6819461198230801,0.6828414207103551,0.6847230675593426,0.6865258557902404,0.6896729776247849,0.6928255627009646,0.6965364946536494,0.7005333333333333,0.7045696068012752,0.7088564058469475,0.7129827285076654,0.7169687704739026,0.7208731910718665,0.724669603524229,0.7283683559950557,0.7321304649548924,0.7403622851834649,0.7479725514660013,0.7545683151718358,0.7607058559064853,0.765763067245769,0.7700217520268934,0.7735605473792926,0.7763333333333333,0.7781555461113472,0.7799785867237687,0.7806666666666666,0.78126540673788,0.7812782181197954,0.7810298761233908,0.7806620971270235,0.7801356757696991,0.7796086508753862,0.7783179387457463,0.7779040045441636,0.7769332452081956,0.7759082217973231,0.7752414398595259,0.7734806629834254,0.7736276174306734,0.7721196690006366,0.77,0.7687203791469195,0.7674520069808028,0.7646266956611785,0.7625089777352166,0.7603518267929634,0.7578867924528302,0.7564336709281089,0.7564217711514281,0.7546215216968282,0.7563146997929606,0.7573497147871874,0.7560233918128655,0.7560613557644731,0.757057757057757,0.7571022727272727,0.7562790697674419,0.7560975609756098,0.7559757402782733,0.7553030303030303,0.7459371614301191,0.7411347517730497,0.7377230246389125,0.740212600466684
300.0,10.0,0.20197764402407567,0.17857142857142858,0.19340949033391916,0.20949231666990858,0.22312183729077464,0.2335493160547156,0.24067300658376006,0.24456114028507125,0.24470649895178198,0.2410738255033557,0.23402805611222446,0.22619589977220958,0.21822734101151728,0.21023706896551728,0.20274756725815685,0.19538922155688623,0.18978829389788296,0.18489954633830202,0.17943737441393168,0.17391603578802478,0.17023977433004234,0.1653183520599251,0.15713172252533125,0.15225806451612903,0.14763092269326683,0.14412265758091994,0.13932584269662923,0.13560673162090345,0.13378500451671183,0.1282051282051282,0.12586367880485527,0.12124645892351275,0.11840077071290944,0.11507782101167316,0.1117063492063492,0.10893882898317041,0.10646116158007551,0.10122857732810242,0.09985331098072087,0.09403379091869059,0.09121009490940465,0.0879026955950033,0.08553494056215977,0.08017126334519573,0.07818652266846664,0.07348880380554589,0.06729669816824174,0.06770611859201513,0.06463778493853682,0.043354082753570125,0.04818768619662364,0.016998075689544583,0.00046625362509886636,0.00044810760912567584,0.00044268507240492625,0.00044554315581296796,0.0004309368808378149,0.00042248062015503874,0.00041344757478942786,0.0004100237953599048,0.00041005980677810157,0.00039513725490196075,0.000381127843639859,0.0003690768978521069,0.0003685028492488344,0.00036202893373816754,0.00030226182316655246,0.0002727597499255731,0.0002216301934665398,0.0002593440122044241
5000.0,90.0,0.3646067415730337,0.3977805178791615,0.364587852494577,0.3439227907911933,0.3312883435582822,0.3245359628770302,0.3247165532879819,0.331062124248497,0.34136321195144725,0.35121889922090976,0.36103938024531956,0.36861167002012074,0.3728059332509271,0.376060872110038,0.3772475795297372,0.37780008028904055,0.3781135531135531,0.37851108764519537,0.3787735849056604,0.37980066445182725,0.3813343328335832,0.38586337760910816,0.39219663524639065,0.39938935737132886,0.4071180555555556,0.4149022801302932,0.42195179031125674,0.42830882352941174,0.4336896850621208,0.43848085373509105,0.4426729986431479,0.44657332350773765,0.4495341614906832,0.45234182415776497,0.454702329594478,0.4568345323741007,0.4594856865599224,0.4607901234567901,0.46274001037882717,0.4647733478973239,0.4663276836158192,0.46836124401913876,0.4699629171817058,0.47165809768637534,0.4734489659773182,0.47534626038781164,0.47701149425287354,0.4789434523809524,0.48086754453911695,0.4851409052092229,0.4886672710788758,0.49250972762645917,0.4960082944530845,0.49917880214606375,0.5028214671629248,0.5051698670605613,0.5072802912116484,0.509553264604811,0.5108556832694764,0.5121148668860305,0.5130408100644369,0.5142207053469852,0.5148936170212766,0.5146795560329395,0.5137545057863783,0.5128256114535693,0.4936594202898551,0.476807354784789,0.4670526315789474,0.4190823256584396
1700.0,40.0,0.33167570825798676,0.33983344899375434,0.3119815041479668,0.29221698113207545,0.27799061767005473,0.26708307307932544,0.2614492753623188,0.2619803695150115,0.26861646961211366,0.27880870561282933,0.2940174176448315,0.3103117505995204,0.3231578947368421,0.3391304347826087,0.34861441013460015,0.3572953736654804,0.3662733529990167,0.370282253703904,0.37853966768078634,0.38492768332910426,0.39054555448673905,0.41132925651754104,0.4288632986627043,0.4499473129610116,0.46591970121381887,0.4799386659851776,0.4883401920438957,0.49882972498537154,0.5059944666461728,0.5146726862302483,0.5156980627922512,0.5056294779938587,0.5189556509298998,0.5136314067611778,0.52015065913371,0.5245838172667441,0.5134813639968279,0.5151757188498403,0.5122349102773246,0.5193864507882403,0.5172562553925798,0.5103478643769265,0.5114401076716016,0.5095890410958904,0.51002331002331,0.5042293233082706,0.5213293650793651,0.5206653225806451,0.5007436787307883,0.5043340380549682,0.500974025974026,0.5010680157391794,0.49614277489925157,0.5037259615384615,0.49333333333333335,0.500063694267516,0.5016501650165016,0.49803389830508477,0.4865812542144302,0.4794218857536132,0.5016812865497076,0.495352323838081,0.49513137557959813,0.4910969793322735,0.4883471074380165,0.4970357454228422,0.5027262813522355,0.5051854179761156,0.5024308152580403,0.4703030303030303
500.0,0.0,0.20790142773322903,0.18396946564885497,0.20117195393008688,0.21965085049239033,0.23579697239536956,0.24939034303365307,0.2620530877573131,0.27230831973898856,0.27950865438302624,0.2830175438596491,0.28441127694859036,0.28159851301115246,0.2791170786288272,0.27472288632905895,0.2700872359963269,0.2675228036485838,0.2644936551380941,0.2615444315095072,0.2583732057416268,0.25667938931297707,0.25594405594405595,0.2516946654877689,0.2509219422249539,0.2503979624323464,0.24703203772971213,0.24665998663994654,0.24676650782845475,0.2437381240283296,0.24316216693135695,0.2434954243674861,0.2411038489469862,0.2427328272542122,0.23949187371567346,0.24147781374976196,0.24003868471953577,0.23864526233359437,0.2382556987115956,0.23730507796881245,0.24032921810699587,0.23797780517879163,0.23617775923221365,0.23640611724723876,0.23450192389910218,0.24028966425279788,0.23428695275249242,0.22978910369068542,0.23566734647631996,0.2330758746024534,0.2353896103896104,0.23451704545454546,0.23391053391053393,0.2296649547566642,0.22909866934471504,0.23423284502698538,0.23063719115734718,0.22869471413160736,0.2290549688600054,0.22721570766293975,0.23170045045045043,0.23065211146222347,0.22443739180611658,0.22485942586564073,0.22769607843137254,0.22710485133020344,0.22039705411463337,0.21845648604269294,0.2183578947368421,0.20254841997961265,0.21680232558139537,0.08344008540165465
400.0,0.0,0.1851655629139073,0.16440677966101694,0.17247680629744166,0.18165698563130542,0.18877988963825873,0.19229882407193913,0.18933573429371747,0.17896725440806044,0.15965147453083112,0.1381228273464658,0.1084958217270195,0.09296562749800161,0.05318904593639576,0.024655831739961758,0.018912048805287237,0.014859351513850117,0.01182807765682864,0.009517636066339642,0.007718765192027224,0.006201472974659844,0.004989092775567817,0.0028816093516378957,0.001697953422724065,0.0011542521994134898,0.000937668564578963,0.0008757505773672056,0.0008403401039206423,0.0008028325907065563,0.0007829787234042553,0.0007557772236076475,0.0007303995953464845,0.0007109965635738832,0.000688923665449487,0.0006718528995756719,0.000661833997825299,0.0006405395552314984,0.000621537332599523,0.0006165158371040724,0.0006011032908502949,0.0005870608562104051,0.0005869996036464525,0.0005677011267048824,0.0005596625150662916,0.0005530349478847334,0.0005456053067993366,0.000530874430169913,0.0005229511632781387,0.0005269772481040087,0.0005163256421419243,0.0005047980361526446,0.0004905831631495348,0.0004875176636834667,0.0004762589928057554,0.0004622093023255814,0.0004626038781163435,0.0004517857142857143,0.0004456606724003127,0.0004379968203497615,0.0004293770139634801,0.0004319576129392081,0.00042513444664591,0.00040895953757225437,0.0004033816425120773,0.00039413782351106953,0.00038459069020866776,0.000376198347107438,0.00035032987747408105,0.00030862275449101794,0.00037853705486044277,0.17246572263429985
6000.0,70.0,0.4068598462448256,0.4131779257849667,0.36720835751596054,0.3389201349831271,0.32117080994386527,0.3138208654813821,0.31504471330878486,0.3231782945736434,0.3343804159445407,0.35091307523739956,0.3608441680798945,0.36971415072052916,0.38286713286713286,0.3838944810829573,0.3858083093377211,0.39224509334609864,0.3919956140350877,0.39369482976040354,0.39391365888181173,0.39265762170790103,0.3945143884892086,0.3950132748470507,0.39669908635425877,0.3984547461368653,0.40099457504520797,0.4049767569045666,0.413961038961039,0.41785983421250944,0.4199314187741106,0.42519193857965454,0.43338658146964854,0.4376477541371158,0.44101910828025476,0.45078929306794785,0.44406158357771264,0.4496124031007752,0.459662447257384,0.44530434782608697,0.46617511520737326,0.46439024390243905,0.45086294416243655,0.4716289104638619,0.46893540803761335,0.4635684259691733,0.4667071688942892,0.46739954510993176,0.4688033626691186,0.4687457442462209,0.47310149041873667,0.48142342059883997,0.484161387129043,0.4808312432819778,0.47819433817903595,0.48229103420360253,0.4853268119164073,0.48378995433789956,0.49565007249879167,0.489628681177977,0.48026490066225164,0.5060173523649594,0.5057537399309551,0.48775260257195346,0.49114331723027377,0.4952348536419333,0.49437794704388827,0.4875811998471532,0.47334963325183377,0.458041958041958,0.4488039347194277,0.39804313099041533
30000.0,80.0,0.5613240418118467,0.7582022471910113,0.7817460317460317,0.7911392405063291,0.796250515039143,0.7939241215175696,0.7860768672951414,0.7732637312755334,0.7572815533980582,0.7399401396740938,0.7218517065515888,0.7052919708029197,0.6900891452543262,0.6774001192605844,0.6661507402422611,0.6565283018867925,0.6485666104553119,0.6408450704225352,0.6347299132796991,0.6287605993727494,0.6231434844375565,0.6103896103896104,0.5989387574618616,0.5895348837209302,0.5833333333333334,0.5796882855706386,0.5807514831905076,0.5858864027538726,0.595045953822013,0.6089985486211902,0.6276556093924711,0.6482758620689655,0.6729446935724963,0.6976137211036539,0.7226544622425629,0.7475138121546961,0.7708470124753776,0.7917304747320061,0.8072515666965085,0.8252563844761713,0.8374250480823623,0.8467558697298662,0.8561389003720545,0.8606245239908606,0.8694679661287745,0.8728333619358161,0.8728020950243173,0.8761270090160721,0.8762283085929333,0.8782110091743119,0.8800792864222002,0.8806168572188248,0.8797814207650273,0.879086983343615,0.8797139141742523,0.8763213530655392,0.8781558726673985,0.8791460160121998,0.8763814981580025,0.8754863813229572,0.8770125223613596,0.8776206728425159,0.8762720942688805,0.8767281105990783,0.8763906056860321,0.876158940397351,0.8491393487556189,0.8291219204042956,0.8111973845525133,0.7808599167822469
6000.0,50.0,0.4086194975800876,0.4138643622017659,0.3682982616651418,0.34063604240282686,0.32423529411764707,0.3182649594983015,0.32091316754993887,0.3302867383512545,0.34232365145228216,0.35915962650066696,0.36988450021388847,0.37933487462208787,0.3924050632911392,0.39450492483151894,0.39700030609121517,0.4036958066808813,0.40373679935012186,0.40587412587412586,0.4061192468619247,0.4051266941661756,0.40683023872679047,0.4069112627986348,0.40795367639025454,0.40838700835959985,0.409961036760969,0.4122499484429779,0.41913214990138065,0.4219020172910663,0.42230287033982183,0.42618073633320935,0.433195020746888,0.4361534905224226,0.43870806209313973,0.44802168021680217,0.44076655052264807,0.4460542540073983,0.4554435483870968,0.4410701876302988,0.46106194690265484,0.45926505082095387,0.4462479608482871,0.46591500433651345,0.463390441839495,0.45804327375352777,0.4612745098039216,0.4616483068135455,0.4630808402291534,0.46290997138454765,0.46717925177874686,0.4754597336715282,0.47800269905533066,0.4743943130712317,0.471955376510691,0.4759796687981636,0.47866018368449487,0.47770582793709526,0.4890325107716412,0.48319502074688797,0.47435071903842024,0.4997732426303855,0.4994173852248893,0.4817753533349864,0.4856546687532603,0.48966657481399833,0.48869973583798065,0.482225656877898,0.46898765432098766,0.4543018335684062,0.4455855855855856,0.39537126325940214
1700.0,60.0,0.32273449920508746,0.33058387395736794,0.3057393170033971,0.28900364520048605,0.2781326781326781,0.27106870229007635,0.26838193253287596,0.27022119511389897,0.2762101399403533,0.28389674247080515,0.2946010321556173,0.30554730064388314,0.31402877697841725,0.32475247524752476,0.33123980424143556,0.3368421052631579,0.3434822995149138,0.34648468861107923,0.3527784762383706,0.3575958092087124,0.362154821186057,0.38004750593824227,0.3970812459159225,0.41826064779393013,0.4370629370629371,0.4550819672131148,0.467916366258111,0.4821638573108585,0.4930933444956049,0.5044444444444445,0.5081357508135751,0.5004784688995215,0.5148764498234998,0.5103962943901184,0.5174959871589085,0.5225468577728776,0.5121675155631012,0.5141552511415525,0.5113251605370694,0.5187919463087248,0.5165636588380716,0.5098484848484849,0.511003861003861,0.5093709043250327,0.5096321070234113,0.5035738368172623,0.521067615658363,0.5198120028922631,0.5005693950177936,0.5039423805913571,0.5008540372670808,0.5010483870967742,0.49611890999174235,0.5034453057708872,0.4932142857142857,0.4999087591240876,0.5014177693761814,0.4979611650485437,0.4863899613899614,0.4794088669950739,0.5014644351464436,0.49549356223175967,0.4952454666076957,0.49113233287858116,0.48847653941614466,0.4972568578553616,0.5036307053941909,0.5067174205105239,0.5041256321533139,0.4722794959908362
6000.0,0.0,0.3869418702611626,0.4155240793201133,0.3744895181050912,0.3439337252805986,0.31773566569484935,0.29708576186511243,0.2856951513527994,0.28412537917087965,0.2888182606183184,0.2945374800637959,0.30177731312075273,0.3067774086378737,0.30833333333333335,0.30955477738869436,0.30804321728691475,0.30617423174513675,0.30512321660181585,0.30305891238670696,0.3032613299449386,0.3036699448308947,0.3044305517803751,0.3119104991394148,0.32213079255088783,0.3348077935755661,0.34830614805520704,0.36208670095518003,0.3751054852320675,0.3869441816461684,0.3969656032422322,0.405612532401668,0.412837345003647,0.41870882740447957,0.42344961240310075,0.4274240654205608,0.43058103975535167,0.43320095313741064,0.435866780529462,0.43753249003638883,0.43925912475031775,0.44095238095238093,0.44230391193237667,0.44384471662860703,0.4452054794520548,0.44656742946011996,0.4478711162255466,0.44908180300500833,0.4505684626791893,0.45194274028629855,0.4536027652220154,0.45694200351493847,0.46022374145431943,0.46348782927642546,0.46640597227159614,0.4691960931630353,0.4729673957903425,0.4748201438848921,0.477170993733214,0.4791469194312796,0.48036238981390794,0.48179937952430196,0.4826433121019108,0.48388732394366196,0.48474275576581904,0.4849127182044888,0.4846153846153846,0.48423988842398885,0.4727152463895932,0.45904970303219755,0.44874851013110845,0.39986197377501725
300.0,30.0,0.22255375164545854,0.24717896349246873,0.2573547589616811,0.2644905051508005,0.2688465031789282,0.2717859892224788,0.2764350453172205,0.28543859649122805,0.2960113622913954,0.30660307050231034,0.31449016100178895,0.3239175257731959,0.3232807859264336,0.32632106185825194,0.3288900979325354,0.3251217416213119,0.32537764350453174,0.3241863433312061,0.32249009247027743,0.32520746887966806,0.3251346499102334,0.31934501142421934,0.31807180314642997,0.31561840439003797,0.31712028094820016,0.31561219845243516,0.31336748952026083,0.3141626794258373,0.31278898180029513,0.3107769423558897,0.3097709923664122,0.3102201257861635,0.3103723404255319,0.3045576407506702,0.3075262866629773,0.3046875,0.3061073059360731,0.3097717963721474,0.2960488088320744,0.30327575938058365,0.30658056580565807,0.2987714987714988,0.30037429819089206,0.2968091895341417,0.304,0.30235448005232174,0.29390728476821193,0.29624161073825506,0.2912483039348711,0.29201121233356697,0.29022824536376607,0.29240972733972,0.2897727272727273,0.2849884526558892,0.2919678714859438,0.2802748585286985,0.2809640522875817,0.2878069432684166,0.28423344947735196,0.275,0.27626970227670755,0.28345724907063197,0.27747148288973383,0.2769756097560976,0.2798253629810133,0.28250978732409265,0.2673972602739726,0.26209813874788496,0.2598270440251572,0.22262773722627735
15000.0,40.0,0.5398406374501992,0.6719242902208202,0.6855681091451716,0.6882406563354604,0.6900977995110025,0.691264667535854,0.6929057337220602,0.6947617172115006,0.6973125884016973,0.7012263099219621,0.7042345276872964,0.7082202111613877,0.7122077922077922,0.7164856860809476,0.7203266584629153,0.7242294087923193,0.7279192149054189,0.7312979539641944,0.7346975408364746,0.7379560572465229,0.7407742811863256,0.7477996965098634,0.7535699714402285,0.7587912087912088,0.76309963099631,0.766896551724138,0.7692508143322475,0.7711849957374254,0.7722160970231533,0.7731116121758738,0.7732289070843716,0.7732325477990218,0.7725274725274726,0.7718707940780619,0.7714636140637776,0.7701477832512316,0.7689948088721095,0.7676866928691746,0.7662898936170213,0.7649013093609537,0.7636031092821216,0.7617654879021537,0.7602950215119852,0.7580360296714942,0.7569304941743672,0.7552320291173794,0.7525614754098361,0.7509994288977727,0.7492083597213426,0.7452127659574468,0.7414893617021276,0.7385422975974157,0.7353206865401988,0.7333582182406371,0.7323525442029963,0.7312062937062938,0.7318513912637961,0.7323873948193368,0.7318739054290718,0.7320273516909999,0.7326099593102112,0.7326123833757422,0.7325501036627505,0.7329038652130823,0.7328586497890295,0.7332589285714286,0.7315100154083205,0.7310549777117384,0.7305213825424721,0.7361086611395309
35800.0,10.0,0.5373134328358209,0.7196747967479675,0.75057410351528,0.7677141096734442,0.7776694295465627,0.7790368271954674,0.7747572815533981,0.7660444899002813,0.7547817557626287,0.7423964074300877,0.7296555167249126,0.7175801138065289,0.7066101095793567,0.6970817920263049,0.6890359168241966,0.6817447495961227,0.675609756097561,0.6707015130674002,0.6660479505027069,0.6613715277777777,0.6576023391812865,0.6496350364963503,0.6435816719132564,0.640150623676159,0.639873417721519,0.6423419601187951,0.6489542114188808,0.6580164056674124,0.6701463414634147,0.6853393893515014,0.702476680604696,0.7201053911633563,0.7390868038133467,0.7564496314496314,0.7732149463559008,0.7879053461875548,0.8018433179723502,0.8129411764705883,0.8194726166328601,0.8283132530120482,0.8332214765100671,0.8360853432282004,0.8397739884976289,0.839898207568046,0.844395194214394,0.8450669000875328,0.8430815055510426,0.8447196128664959,0.8435559594123883,0.8441926345609065,0.8450831525668836,0.8454049844236761,0.8443882922720573,0.8434252146407591,0.8440038222646918,0.8407626900283433,0.842119419042496,0.842800899887514,0.8398918594172424,0.8385053831538949,0.8396319421623398,0.8394840558939448,0.8373186985495884,0.8379746835443038,0.8376300316598824,0.8370406189555126,0.8177570093457944,0.8049672912739771,0.7936191425722832,0.7786144578313253
8000.0,80.0,0.4631138003258087,0.45951417004048584,0.39973932223781833,0.3654658885087543,0.3533572710951526,0.35803413772807535,0.37150489759572575,0.3887629125724364,0.40730050933786077,0.4249945091148693,0.4414364640883978,0.4553450608930988,0.4664781906300485,0.47535680304471933,0.4821250691754289,0.48603916614024006,0.4888809182209469,0.4906731549067315,0.49128065395095366,0.49185004074979627,0.49175105245192857,0.48986536469891995,0.4877253548139624,0.4853195164075993,0.4825416797735137,0.47939778129952454,0.47681372549019607,0.474311377245509,0.473015873015873,0.47241673783091376,0.47337986041874375,0.4751451800232288,0.4787403667286739,0.482655053311308,0.4871575342465753,0.49276466108149275,0.4971233752397187,0.5027231825716315,0.507996953541508,0.5113160100586757,0.5140043090181594,0.5178571428571429,0.5196658545074835,0.5200599925009374,0.5213776722090261,0.5217573221757322,0.5220070422535211,0.521497919556172,0.5217391304347826,0.5197333333333334,0.5185100286532951,0.5176985616010006,0.5149830508474577,0.5139985642498205,0.5119496855345912,0.5099099099099099,0.5100511073253833,0.5075160403299726,0.5050583657587548,0.5046259842519685,0.5033639143730887,0.5,0.49772236873651404,0.4953009906019812,0.492347635966111,0.48927732079905994,0.4598703888334995,0.4423722491607609,0.43490658800393317,0.4316789862724393
1200.0,90.0,0.30054945054945054,0.3015655577299413,0.2776589049716803,0.2611552729199788,0.25012641159615706,0.2425826287471176,0.23835770528683914,0.23732133403917416,0.23947939262472884,0.24325358851674642,0.2492028452293353,0.2560696289509849,0.2625324916450056,0.27006817681988127,0.27666666666666667,0.2831910509272888,0.2903,0.2957142857142857,0.30338770388958597,0.30989317231769625,0.3161008230452675,0.3375321336760925,0.35902285263987394,0.3821428571428571,0.40382513661202185,0.4228713486637663,0.43871057000553404,0.4514380364402951,0.4612908417833575,0.468070652173913,0.47229645465882775,0.4742557573488111,0.47610789980732177,0.47655939610647596,0.4765688671556642,0.4763092269326683,0.4742089293454703,0.47419986936642716,0.47266235215353714,0.4711406321575813,0.4699047176388566,0.467927237912877,0.4668769716088328,0.4654150197628458,0.46408839779005523,0.4625989277508297,0.461338868707836,0.45997893628225384,0.45883614910163584,0.45569620253164556,0.4534716220109479,0.4512485136741974,0.44912923923006415,0.4475,0.44543063773833,0.4444811632518176,0.4433480775774073,0.4421052631578947,0.44166963967178025,0.4414913252122554,0.4411985018726592,0.440684558537534,0.4411410204901567,0.44170497283744253,0.44278825076720735,0.44416058394160585,0.4583279325988334,0.46751918158567773,0.471167658526575,0.4558264370386938
10000.0,10.0,0.46995905834186286,0.47484848484848485,0.3711557788944724,0.32267472138318926,0.29483982351812776,0.2758419689119171,0.26415951539626453,0.2595431098010317,0.25925925925925924,0.2628309022150189,0.26812845303867405,0.27539020739790465,0.2804219192179058,0.2866524779568258,0.2921852899575672,0.2956434045986285,0.29990863407948837,0.3034447300771208,0.30664756446991404,0.3106641123882503,0.31417434443656983,0.32121486854034453,0.328763967284875,0.3352685050798258,0.3416666666666667,0.34668755595344675,0.35125545851528384,0.35641279261457304,0.36161137440758295,0.36715021057557323,0.37425742574257426,0.38256939961265335,0.39205992509363297,0.3986206896551724,0.4102487562189055,0.41905946190368526,0.430810741359373,0.44429920116194627,0.4401278976818545,0.45738231098430815,0.46842732327243847,0.46632346632346633,0.47469092605551666,0.47349733705300534,0.48967391304347824,0.49011627906976746,0.47879913339523367,0.48471902727571475,0.4774305555555556,0.4805447470817121,0.4778346121057119,0.4811320754716981,0.4743933918430563,0.4631170271769273,0.4733211233211233,0.44865038560411313,0.44779959377115774,0.45757132406730067,0.44641744548286605,0.42825219473264164,0.4283930058284763,0.4342670401493931,0.4189865812136992,0.4136524632392401,0.4150657818139481,0.41503967754125204,0.3665496049165935,0.35323383084577115,0.3512045554095488,0.330702881262617
500.0,40.0,0.2537759336099585,0.25956826137689615,0.25301047120418846,0.2495590828924162,0.24642362713428703,0.2435313262815297,0.2435755733628074,0.24910071942446044,0.2609815523842673,0.27896341463414637,0.29923076923076924,0.3190389845874887,0.3369143869753018,0.3495956170101748,0.35814648729446935,0.36586570111915734,0.3706896551724138,0.3735620978748294,0.37714758849099567,0.37870739265161574,0.3803939962476548,0.38673602080624186,0.3909064912782385,0.3945662241432541,0.39723320158102765,0.39867457272410184,0.40043525571273125,0.4004533434076313,0.4002356637863315,0.40016148566814697,0.3998761354252684,0.39850042844901457,0.3977272727272727,0.3970822281167109,0.3952227836472209,0.3945167286245353,0.39288443170964665,0.391240157480315,0.3911002444987775,0.3893649193548387,0.38712715855572993,0.3866492146596859,0.3852108916177256,0.383589462129528,0.38241513633834173,0.38103057757644393,0.3796892980437284,0.3783499122293739,0.37709198813056377,0.3742892459826947,0.37208860759493667,0.3691699604743083,0.36689419795221845,0.3650871080139373,0.36234432234432234,0.3612139156180607,0.359984984984985,0.3581832419733751,0.356911883589329,0.35655671761866453,0.35567346938775507,0.3541012216404887,0.3533572068039391,0.35276752767527675,0.3522200772200772,0.3516217035465292,0.3471502590673575,0.34549878345498786,0.3457501543527475,0.34263817928471896
17500.0,0.0,0.5583173996175909,0.6752556237218814,0.6798188874514877,0.6789193976970771,0.6766425868593051,0.6749323072538121,0.6744346625237355,0.6749537702897062,0.6770531400966183,0.6802587176602924,0.6843130886651511,0.6890130353817505,0.694692144373673,0.7005296100144439,0.7071311921611323,0.7133210558624923,0.7206085753803596,0.7281152647975078,0.7357894736842105,0.7431818181818182,0.7514218802275008,0.772038776128446,0.7921916959305928,0.8104759222754154,0.8251240931653303,0.8350409836065574,0.8411405295315683,0.8433895297249334,0.8417142857142857,0.8383485971798227,0.8335465010049333,0.8284090909090909,0.8232492997198879,0.8178082191780822,0.8125519534497091,0.8074222668004012,0.8020457280385078,0.7974137931034483,0.7917235494880546,0.7855703345425232,0.7794483248490588,0.7731359800802324,0.7667577559877833,0.7603934669636229,0.7540948734311849,0.7478808428190845,0.7423329682365827,0.7369391518131531,0.7318493150684932,0.7227763923524522,0.7143557079862812,0.7075365579302587,0.7029765674477517,0.6994389901823281,0.6970948012232416,0.6963666391412057,0.6969884853852967,0.6973584905660377,0.6982793117246898,0.6994720168954593,0.7006659267480577,0.7032485703856917,0.7062087186261559,0.7092874413312473,0.7118003025718608,0.7143542199488491,0.7202827157849646,0.7234848484848485,0.7265254505216566,0.7380597014925373
800.0,70.0,0.25686791867142633,0.25845528455284555,0.2418733631181636,0.2299824517422913,0.2226733052470318,0.21802455357142858,0.21545098039215685,0.21433155080213903,0.21447835344215757,0.21500827662313776,0.21666666666666667,0.21874819728872225,0.2207017543859649,0.2236279849183075,0.22611056268509377,0.2288914417001723,0.2322089947089947,0.23451930355791067,0.23857388316151204,0.24165048543689321,0.2448532632501095,0.2575516693163752,0.27187382651145325,0.29025322503583373,0.31140220303661803,0.33318824809575626,0.35485122897800775,0.3755610972568579,0.3938167509836987,0.4088089330024814,0.419689817936615,0.42653061224489797,0.4329493087557604,0.4363709677419355,0.4387069689336692,0.439948006932409,0.43810391978122154,0.4392428439519852,0.4379047619047619,0.4362475442043222,0.43500450315220657,0.43275398303331264,0.4314427023045354,0.42990654205607476,0.42835249042145596,0.4267871082859373,0.4253265190232822,0.42380512583698915,0.42221175362148156,0.41863923658445906,0.4162107138312762,0.41373864982234504,0.4114936297099485,0.40958333333333335,0.40694098696734515,0.4057479734708917,0.4042876691500684,0.40270142924454216,0.40182283338663255,0.40059642147117297,0.4001009930988049,0.39894829097283085,0.39822206095791,0.3979591836734694,0.3977768955934895,0.39801611903285805,0.40383497966298665,0.40771558245083206,0.4080776173285198,0.39209257473481196
1100.0,10.0,0.38434273385729695,0.3124019607843137,0.3119621342512909,0.3120262241343987,0.31029996385977593,0.3087009063444109,0.3091346153846154,0.31368267831149926,0.32263443101292205,0.33418007338413774,0.34775583482944344,0.36084885231702035,0.3714572864321608,0.38071548351034096,0.3873471882640587,0.3924590163934426,0.39647058823529413,0.39846378931967813,0.4012148823082764,0.4022099447513812,0.40229508196721314,0.4041702867072111,0.4032936870997255,0.40180265654648956,0.3997067448680352,0.3969480975805642,0.39430099783972844,0.3919471531928279,0.3898413374507507,0.3879468625121503,0.3861190423896332,0.38415663328457295,0.3829279381677654,0.3816062774059543,0.38052373158756136,0.379456906729634,0.37805917447948373,0.37740209194843105,0.3763148125232026,0.37533106318577375,0.3745861981156099,0.37355048859934853,0.3727966324651408,0.3720341242335377,0.37120496559168803,0.3704411965578473,0.36974557522123896,0.36907591220466934,0.3683538919608677,0.3668386145910096,0.3657365736573657,0.36454489544895446,0.363650644046497,0.36267774404857006,0.3622099816391254,0.3614780137100819,0.3611587247171752,0.3609644491376276,0.36092774308652986,0.3614125436821777,0.36151983609610727,0.36249759105800733,0.36363636363636365,0.36545192505661933,0.3677516706186678,0.3700470114170584,0.395625,0.41557911908646006,0.4302612124199113,0.4453540293429726
800.0,60.0,0.2663242846661775,0.2708603896103896,0.2527799530148786,0.2394025974025974,0.23036076205918118,0.22388419782870927,0.2197925669835782,0.21722488038277513,0.21610781325204556,0.21601840234211628,0.21681697612732095,0.21825944170771758,0.21975308641975308,0.22191197349739705,0.2238359201773836,0.22596153846153846,0.22827838827838828,0.22986688851913478,0.23258426966292134,0.23482461667716867,0.23697183098591548,0.24544902912621358,0.2558948589099343,0.2696030977734753,0.2861483467381591,0.3042071197411003,0.32285471537807986,0.3410469667318982,0.35750412314458496,0.37126436781609196,0.3817704918032787,0.38905367231638416,0.39502967359050445,0.3987577639751553,0.40136986301369865,0.4029021558872305,0.40234578627280626,0.4032484635645303,0.4028906955736224,0.40167130919220057,0.4011331444759207,0.3997078870496592,0.3991097922848665,0.39814534825118436,0.3972307692307692,0.39628547579298834,0.39526740237691,0.394311570782159,0.3933706508615959,0.39101382488479264,0.389466225791214,0.38795415752255547,0.3863807373965388,0.38513860369609854,0.38371150729335496,0.38291225210540614,0.3821718443884691,0.38131677736066993,0.38096636804229694,0.38064123993314086,0.3805337035323153,0.38047138047138046,0.38071570576540753,0.38128876636802206,0.3821828695337911,0.38319864687088895,0.3935416119716461,0.39979584892820685,0.4017401861594496,0.3879073756432247
500.0,50.0,0.15913158766987073,0.1715282791817088,0.1652482269503546,0.16033254156769597,0.15718225119077464,0.15449745427116726,0.15162337662337663,0.148295033358043,0.14441205053449951,0.14042944785276074,0.13633633633633635,0.13261648745519714,0.12950922818791946,0.12664811902745857,0.12418598233995586,0.12247506234413966,0.12090622813156053,0.11948788115715403,0.11862233811386354,0.11763145200192957,0.11696500133582688,0.11722717913520933,0.11922227132125497,0.12397025171624713,0.13206562266964952,0.14366471734892788,0.1599695778932691,0.17975139025188092,0.2025774267304095,0.22829167740273126,0.2546724619683328,0.27812041116005876,0.3003350083752094,0.31965693092257763,0.33282051282051284,0.3448030634573304,0.3522448979591837,0.3574074074074074,0.362586315128688,0.3641967213114754,0.36421703296703295,0.36574202496532593,0.365647226173542,0.36466275659824043,0.3642058165548098,0.36342205323193916,0.36246130030959756,0.3614657210401891,0.36056,0.35829858215179317,0.3564102564102564,0.35391459074733095,0.3515653775322284,0.35014111006585136,0.34738400789733465,0.3465069860279441,0.3457603079728498,0.34399408908591933,0.34288203899357367,0.3426649305555556,0.34214584710288615,0.3405030559473437,0.340253470126735,0.3398432640875731,0.33949011446409993,0.339142273655548,0.3387453874538745,0.3392226148409894,0.3401170894898244,0.3394587791063562
1200.0,80.0,0.2997315436241611,0.30073295092415553,0.276965601965602,0.26048770407108907,0.24958976042008532,0.24204234122042342,0.23777292576419215,0.23675564681724845,0.23872549019607844,0.24244670991658943,0.24821852731591448,0.25499186510871175,0.2612450521770421,0.26865671641791045,0.2751243781094527,0.281566161760503,0.28850760764001293,0.29386189258312023,0.3015052888527258,0.30791139240506327,0.3142355889724311,0.3355081555834379,0.3568567026194145,0.3798528058877645,0.40203753351206434,0.42129686164366836,0.4373384133895768,0.4502741959389358,0.4602092580849715,0.4672803347280335,0.47172462240955393,0.4736939265275983,0.4757742732281968,0.47629310344827586,0.4762861736334405,0.47601476014760147,0.47423562112465256,0.4741138560687433,0.47269925143108765,0.4710799819249887,0.46996790463090327,0.4678942398489141,0.4668422312664592,0.4655130392395808,0.4640733399405352,0.4628557038529338,0.4614793959559765,0.46025974025974026,0.4588733139381116,0.45588235294117646,0.45382210855356636,0.45161290322580644,0.4496684749849307,0.44790382244143034,0.4459941615309763,0.4450603195304858,0.44392209536601746,0.44286703601108035,0.4426056338028169,0.44225865209471765,0.4416112342941611,0.4416282642089094,0.4418881396271321,0.44288659793814433,0.44415584415584414,0.4453153153153153,0.46002562459961566,0.46956155143338957,0.4730702911045745,0.4567519858781995
3000.0,10.0,0.36101354741595587,0.3687743190661479,0.33030464991982894,0.3071682464454976,0.2939655172413793,0.28813303099017384,0.2893696208420563,0.2994615250998784,0.3178061607813674,0.34113968033356495,0.3656062701705855,0.38747805734347573,0.40420827389443653,0.41558550968828983,0.42316602316602314,0.4278757710204523,0.43106332138590203,0.43268215417106654,0.4353528153955809,0.43717968628669046,0.4390450389434473,0.4476133887898594,0.4563528336380256,0.4654234654234654,0.4731735159817352,0.47986262878551356,0.485264567983925,0.490139835066332,0.49375709421112374,0.4972,0.5,0.5021422450728363,0.5047879616963065,0.5062937062937063,0.5090641842234199,0.5109526235354049,0.5131398416886543,0.5144385026737968,0.5162893429044727,0.5190839694656488,0.520755848830234,0.5226006191950464,0.524282982791587,0.5260983606557377,0.5281842818428184,0.529525120440468,0.5327893175074184,0.5341704718417047,0.5346067415730337,0.538752052545156,0.541830624465355,0.5443438914027149,0.5470311027332705,0.5493197278911565,0.5512739524110339,0.552439952179111,0.5536202185792349,0.5541303836196753,0.5549935301729209,0.5553545586107091,0.554612118873022,0.5543938591847538,0.5536299126637555,0.5528751753155681,0.5512727272727272,0.5491515058859502,0.5345469590401324,0.5252391073326249,0.5190839694656488,0.4761194029850746
8000.0,90.0,0.4631952662721894,0.4591626630061771,0.3993264618838657,0.36482885837261736,0.3523966337358214,0.3569027611044418,0.3700272479564033,0.38736652515116426,0.40582726326742974,0.42379349046015713,0.4401468097120271,0.4540110650069156,0.4653179190751445,0.4740758754863813,0.48071266968325793,0.48463524854745,0.4878209831254586,0.48955223880597015,0.49015784586815225,0.4907841299593877,0.4907547389231306,0.48881499395405076,0.48677766895200786,0.48438287153652393,0.48154093097913325,0.478981406628941,0.47645,0.47405372405372403,0.4727941176470588,0.4721739130434783,0.47340101522842637,0.47534586732884,0.4789075175770687,0.4829640947288006,0.4876349703935911,0.49332042594385284,0.49783362218370886,0.5033686236766122,0.5086407015733815,0.5119182746878547,0.5148483901219131,0.5187870797626896,0.5204946996466431,0.5211267605633803,0.5222981116914424,0.5224957555178268,0.5230013398838768,0.5227592679493196,0.5225490196078432,0.5208333333333334,0.5195930232558139,0.5189086294416244,0.5160935350756534,0.5152221412964312,0.5130781499202551,0.5108803986710964,0.5109671848013817,0.5085501858736059,0.505818540433925,0.5054890219560878,0.50444582299421,0.5010349586016559,0.4986624513618677,0.49626384952331876,0.49320765178818965,0.4900908955446282,0.460546282245827,0.44301400984475575,0.43537924151696605,0.43221793221793225
15000.0,50.0,0.5386463756507809,0.6688627450980392,0.6828809459822628,0.6852782071097373,0.6863920750782064,0.6867671691792295,0.6875260742594911,0.6885162601626016,0.6906211936662606,0.6931605471562275,0.6961279461279462,0.6996101364522417,0.7033680205885644,0.7071273747290577,0.7109826589595376,0.7146818923327896,0.718508997429306,0.7218898287600578,0.7256719184430028,0.728998699609883,0.7321845794392523,0.7398278560250391,0.7465825446898002,0.7524752475247525,0.7584045584045584,0.7625981261078754,0.7663989290495314,0.7694158827390067,0.7716223855285472,0.7733670155178636,0.7746927628584434,0.7756956274843839,0.7759103641456583,0.77617823479006,0.7756776404611071,0.77526545908807,0.7746604984330697,0.7740393129095094,0.7727558066541117,0.7720588235294118,0.7710774507002001,0.7694600861212322,0.7682926829268293,0.7667103538663171,0.7659259259259259,0.7644766146993318,0.7623514696685428,0.760748959778086,0.7589723926380368,0.7555251141552511,0.7527268876416393,0.7499700059988003,0.747020222311504,0.7453580901856764,0.7449728694541973,0.7433108924564129,0.7444383158668872,0.7453694677325015,0.7445528117866778,0.7445735584301688,0.7452916858061552,0.7454682779456193,0.744721689059501,0.745126993502658,0.7448818897637796,0.7445742904841403,0.7385774846914743,0.7354562155541947,0.7328467153284671,0.7365269461077845
300.0,20.0,0.2329159212880143,0.20782548476454293,0.23337049424005946,0.2570552147239264,0.273696682464455,0.2857142857142857,0.29657293497363796,0.3073015873015873,0.3166034555415086,0.32316883116883116,0.3289024390243902,0.3320247933884298,0.32970742685671417,0.3289878542510122,0.3286458333333333,0.3246153846153846,0.3234626300851466,0.3214851485148515,0.3175524333129709,0.3191286877445279,0.3195898778359511,0.3114791547687036,0.3107978977544195,0.30878537007290247,0.3059616117961103,0.3049608355091384,0.30363298859718907,0.30063590853741035,0.29941940834946085,0.2986120846768541,0.2949936179265352,0.2980084314580607,0.294351279788173,0.29249889036839766,0.29364355231143546,0.2898683807774717,0.2909516380655226,0.29311444054829455,0.28596296882418104,0.28924818108326594,0.2901296111665005,0.2843397478433975,0.28340897629853756,0.2882604970008569,0.2867761452031115,0.2801189019059276,0.28114507863580135,0.2801500804002144,0.2791997116077866,0.27925925925925926,0.27755868544600937,0.27460439984561946,0.2723681611692672,0.27508996401439423,0.2770634591455827,0.2653613830451989,0.2666386731051858,0.27069787602947554,0.2735346358792185,0.26455026455026454,0.2583518930957684,0.26549295774647885,0.2641780330222541,0.26346718903036237,0.25818735719725816,0.25855072463768114,0.24965127864496847,0.22939991945227547,0.24372413793103448,0.07725402504472273
22500.0,0.0,0.6719512195121952,0.78,0.8009810791871058,0.8162991371045062,0.8255842864246643,0.8311124883792996,0.8339302544769086,0.8351772409121698,0.8349384697699305,0.8338567839195979,0.8321755027422304,0.8294639088222879,0.8259187620889749,0.8218801539307312,0.8171641791044776,0.8123249299719888,0.8073899371069182,0.8019383259911894,0.7962524654832347,0.7907695704979574,0.7852639386821609,0.7717105263157895,0.7585071350164654,0.7466979747578515,0.7357086922474549,0.7269890795631825,0.720164609053498,0.7164420485175202,0.713935860058309,0.7135346252065495,0.7145873320537428,0.7165450121654501,0.7194486983154671,0.7224349157733537,0.7256300523062292,0.7291421856639247,0.7321299638989169,0.7356890459363957,0.7389061996346836,0.7425562345598752,0.7460913070669168,0.7496733246219899,0.7530973451327434,0.7561672292910933,0.7588182092252035,0.7610803324099723,0.7624852536374361,0.7636925795053003,0.7644749754661433,0.7651203758073987,0.7661016949152543,0.7671232876712328,0.768650461022632,0.7698181818181818,0.771011673151751,0.7723048327137546,0.773732970027248,0.775143184421535,0.7768178545716342,0.7786967418546366,0.7806182339898265,0.7846997609337646,0.7886178861788617,0.7922473169950345,0.7952010814464346,0.7974818230182656,0.7976892242395661,0.796605122096486,0.795201668984701,0.7888319672131148
1700.0,70.0,0.33147890588780715,0.33628411845294554,0.3112785016286645,0.29452339688041596,0.28372615039281707,0.2769633507853403,0.2747022641015574,0.27740958151865175,0.2848084544253633,0.2948005698005698,0.30734072022160663,0.3200462160600809,0.3308503162333099,0.34165289256198345,0.349665711556829,0.35661685076889754,0.3633727953611984,0.36783310901749666,0.374263839811543,0.3793325810091891,0.38403242862178355,0.40101630319712045,0.41819552651419956,0.4365910413030832,0.45409511228533683,0.46976401179941,0.48319157553665454,0.493891797556719,0.5025474756831867,0.5082684824902723,0.5127291242362525,0.5148128342245989,0.517051705170517,0.5179807146908678,0.5186371578334305,0.51884661117717,0.5179726368159204,0.5181875,0.5173299101412067,0.5163696369636964,0.5160402684563759,0.5147609147609148,0.5139338494018297,0.5131371141421393,0.5124359912216533,0.5112434847356664,0.5106221547799696,0.5094834232845027,0.5085759244689221,0.5064676616915423,0.5048551959114139,0.5032627865961199,0.5016363636363637,0.5002795899347624,0.4988200589970501,0.498019801980198,0.4970402122882221,0.4961534408262198,0.4957658913066781,0.4952866807142065,0.4951052098570946,0.49480322316944997,0.4948205251746567,0.49525,0.4958137100994244,0.4966051059206953,0.5045351473922902,0.508212797254229,0.5062737087831923,0.47467001885606536
6000.0,40.0,0.40825688073394495,0.4095531587057011,0.36149468892261,0.3307920059215396,0.3095143047238856,0.2977047704770477,0.294795008912656,0.299364743250397,0.3080357142857143,0.32262612022958415,0.33112238262452853,0.3387149380300065,0.35069374622964006,0.351280210576693,0.35202492211838005,0.35801250411319513,0.357406015037594,0.3587651122625216,0.35906234896085065,0.3576086956521739,0.35956017104459376,0.3616822429906542,0.3646594274432379,0.36831780284453164,0.37319927971188477,0.3790731354091238,0.38969957081545065,0.3957192633150821,0.399377299745259,0.40615091946734305,0.41569869764167544,0.4208675263774912,0.4253794266441821,0.436442220200182,0.4305933852140078,0.43707518022657055,0.4477846326416153,0.4342013888888889,0.4550582464745555,0.45419103313840153,0.44127198917456023,0.4619424460431655,0.45952203136669156,0.45494933749025723,0.4580697485806975,0.45907172995780593,0.4605263157894737,0.46069153776160143,0.464739336492891,0.4732872407291012,0.4760949515212304,0.4723287014853857,0.47006141248720573,0.47400487408610886,0.4767926212436775,0.4758557457212714,0.4871380035592946,0.4810560603463055,0.47215324583185525,0.497657860221098,0.49749614791987673,0.4798114367698299,0.48329381332183663,0.4876993166287016,0.4866504854368932,0.48018409613909485,0.4664484451718494,0.45155061439438265,0.4422272047832586,0.3911182450508293
1700.0,0.0,0.412826899128269,0.3404255319148936,0.3319567354965585,0.3231197771587744,0.31208728107952916,0.3027589326096789,0.298554714384033,0.3022618926868851,0.31471055290890715,0.3346526815753018,0.3593141075604053,0.38486627527723416,0.4086444007858546,0.4288655077767612,0.4453278265358802,0.45863247863247864,0.46961633663366337,0.4778447121820616,0.4863442389758179,0.49234848484848487,0.4975806451612903,0.510431654676259,0.5198616600790514,0.5259670869843984,0.530237825594564,0.5322985074626866,0.5331759443339961,0.5331523846452113,0.532640554223288,0.5318006607929515,0.5310208685843204,0.530352806741894,0.5287390464874498,0.528007208289533,0.5263891038538926,0.5252573238321457,0.5240788623141565,0.5233842156544333,0.5220697635972888,0.520281883808869,0.5191873589164786,0.5180275715800636,0.5166965888689408,0.5154939846882974,0.5141955835962145,0.5133470225872689,0.5109717868338558,0.5098311817279046,0.5097694411879641,0.5065096094234346,0.5043185169580788,0.5021767522855899,0.5002220248667851,0.49827149112698776,0.496551724137931,0.49539505574406206,0.49437077808356267,0.4937227773507558,0.49287531806615775,0.49248704663212434,0.4925946242457488,0.4925624473758069,0.4933602771362587,0.49407231772377,0.49553983389726236,0.49740764744005184,0.5135135135135135,0.5243166287015946,0.528552097428958,0.5094823898474262
1600.0,0.0,0.4118121346502721,0.3347204968944099,0.32897435897435895,0.3224471021159154,0.312911877394636,0.3042579075425791,0.30009310986964616,0.30295939435650376,0.3139831339478329,0.33172302737520126,0.35403508771929826,0.3770915462111257,0.39832285115303984,0.41624242424242425,0.43070652173913043,0.4423994038748137,0.4519710378117458,0.4589965397923875,0.4660877513711152,0.4708615682478219,0.4748054076198279,0.48465357707063866,0.4910539215686274,0.49468573677995015,0.49682758620689654,0.49711233034940805,0.49663928304705,0.4955177743431221,0.4941307106598985,0.49249102187397975,0.49116666666666664,0.4901465386558868,0.48804746117606,0.48688149322063745,0.48498009410061527,0.4835611377909125,0.48212942061700526,0.48121578251840663,0.4798619102416571,0.4775347912524851,0.47662988966900705,0.475239453841451,0.4739561802397685,0.4727577535624476,0.4713525026624068,0.47036165204365504,0.46786114221724523,0.4666666666666667,0.4666517956725407,0.4633286318758815,0.4612625538020086,0.4593195266272189,0.4572145545796738,0.45553822152886114,0.45393679700053563,0.45283533260632497,0.45165823496346263,0.45138089758342925,0.450471024835855,0.4503195816385822,0.4509381728698862,0.4510544538873151,0.45174870466321243,0.4530938123752495,0.45454545454545453,0.4573304157549234,0.47800808897876645,0.4931011826544021,0.5014173228346457,0.4948471025511066
30000.0,90.0,0.5614128505502307,0.7584629460201281,0.7816143497757847,0.7912794853466762,0.7963758248664502,0.7941637010676157,0.7861751152073733,0.7734194739270881,0.757259656047364,0.7397769516728625,0.7220893141945773,0.7051460361613352,0.6899307405434204,0.6775757575757576,0.6659603554340396,0.6565950920245399,0.6487574978577549,0.641030534351145,0.6348869306720458,0.6290132200188857,0.6233595800524935,0.6106255355612682,0.5994158616041338,0.5900767867690491,0.5836893203883495,0.5798876978050026,0.5812583668005354,0.5862882096069869,0.5956769055745165,0.6097776468855839,0.6282366282366283,0.6493850976609598,0.674038170251439,0.6986404833836858,0.7238183503243745,0.7490217998882057,0.7722443559096945,0.7933436532507739,0.8089592760180996,0.8265150746117146,0.838680214636374,0.847956195084681,0.8573016534667223,0.8617936117936118,0.8705730843528654,0.8741355463347165,0.8739400791407574,0.8774180813264904,0.8774478837650032,0.879445727482679,0.8810473815461347,0.8819593147751607,0.8810075275043427,0.8804347826086957,0.881217277486911,0.877616175948918,0.8795580110497238,0.8806600153491941,0.8779884583676835,0.8768494342906875,0.878037803780378,0.8787432498772705,0.8776280323450135,0.8781902552204176,0.8780336029869322,0.8773333333333333,0.8504145936981758,0.8303841861948031,0.8123839009287926,0.7813594954449895
30000.0,40.0,0.5585838991270611,0.7507200837915685,0.7745302713987474,0.7852631578947369,0.790914747977598,0.7895229982964225,0.7817174515235457,0.7693593314763231,0.7536281372716408,0.7360968602503591,0.7185149235622422,0.7020073508623127,0.6869508623494957,0.6739533160429789,0.6626203432398493,0.6531954887218046,0.6452968996321597,0.6373755125951962,0.6311154598825832,0.6249637155297533,0.6188861985472155,0.6057692307692307,0.5936979455857857,0.5833485818847209,0.5758087880251086,0.5708824466390571,0.569811320754717,0.5729223995597138,0.580533525594809,0.5921052631578947,0.6079338038452178,0.6265079116402945,0.648605577689243,0.6707684580612757,0.6940368404620668,0.7172334734428735,0.7388300322432059,0.7588652482269503,0.773840206185567,0.7904411764705882,0.8018410041841004,0.8112264150943396,0.8198395331874544,0.8238971865230983,0.832306554953179,0.8354194407456724,0.8350275922160906,0.8381361128142244,0.8377271982970362,0.8390596745027125,0.8403377847604084,0.8407360406091371,0.8393960192175703,0.8385276073619632,0.8390774812127494,0.8356164383561644,0.8372160745486313,0.8385527515962299,0.8355541111472213,0.8348749571771155,0.8367057152999645,0.8375241779497099,0.8370025402201524,0.8384160218479745,0.8382066276803118,0.8381051535658511,0.8116721854304636,0.7926347583643123,0.7762906309751434,0.7473118279569892
1400.0,20.0,0.38921377517868744,0.3507549361207898,0.3313154831199069,0.3167627677100494,0.30391483516483514,0.2934388394329047,0.2883404255319149,0.2907511497189576,0.3010736764161422,0.3168643630737494,0.3388888888888889,0.36243478260869566,0.3811933375500738,0.4024390243902439,0.4149944258639911,0.42529266789895254,0.4351247279424075,0.4395723863018663,0.4470338983050847,0.45247382467665775,0.4569493006993007,0.47091886608015643,0.47848305540613234,0.48776223776223776,0.4908809891808346,0.49331594391913924,0.49134713267729896,0.4931216931216931,0.4934593023255814,0.49643527204502813,0.49385560675883255,0.4819277108433735,0.4917238595074687,0.485516115871073,0.4899159663865546,0.49269759450171824,0.48226018396846254,0.48306203255609326,0.4800716524854456,0.48580735225686367,0.48355263157894735,0.4769488283118125,0.47736765420106847,0.4755917159763314,0.47570281124497993,0.46996466431095407,0.4847376788553259,0.48371843095110156,0.4664904862579281,0.4690715883668904,0.46567844925883695,0.4653506187389511,0.4609140108238124,0.46720799500312304,0.4581290322580645,0.4641447368421053,0.4652853260869565,0.4623955431754875,0.45186721991701245,0.4456659619450317,0.46621823617339314,0.4611791730474732,0.461150512214342,0.4582658022690438,0.45678180286436393,0.46586666666666665,0.4804682686383241,0.4895550948811992,0.49118817509948837,0.4689875950380152
6000.0,90.0,0.4061606859320419,0.4125606331376053,0.3663755458515284,0.33748940806197797,0.31906614785992216,0.3108411892675852,0.311345496009122,0.31885521885521884,0.3296030156673342,0.3459029435163087,0.35579293344289237,0.3643390878639526,0.37754452926208654,0.3784009094353922,0.3801437556154537,0.38651332984840564,0.38611609814482345,0.3880853994490358,0.3884080370942813,0.3870209059233449,0.3891069676153091,0.39001383473776885,0.3924334722667522,0.3946474935090873,0.3980891719745223,0.4026627218934911,0.4123422159887798,0.41690369768386837,0.41928934010152286,0.42507739938080497,0.43350485991995424,0.4381103360811668,0.4416382252559727,0.45169117647058826,0.4447843137254902,0.45066334991708124,0.46050495942290354,0.4466542750929368,0.46696165191740413,0.4652857291558239,0.4520636984075398,0.47295742232451093,0.470152817574021,0.46482380774498816,0.46800518134715025,0.46861530172413796,0.47011059778804426,0.47010159651669087,0.47451217667523826,0.4827125438449975,0.48543516873889875,0.48225190839694654,0.4794213528932355,0.48372494071998273,0.4868576841108217,0.48516536964980544,0.49703989703989704,0.4911371693482411,0.48165914221218964,0.507453786523554,0.5068954949433037,0.4892367906066536,0.4922813036020583,0.4965542256075444,0.4953632148377125,0.48859934853420195,0.4745762711864407,0.4592350746268657,0.4495587884569521,0.39846678023850085
1900.0,10.0,0.4051823416506718,0.3524590163934426,0.3329833230389129,0.31794871794871793,0.30370499217255176,0.29255029907558455,0.2874639175257732,0.29064398541919806,0.3032986111111111,0.32335329341317365,0.34850888324873097,0.37469831053901853,0.3986784140969163,0.4187517975266034,0.4351669941060904,0.44808743169398907,0.4587485053806297,0.4671881790525858,0.4753717472118959,0.482126809785322,0.4877343331547938,0.503345498783455,0.5159863945578231,0.5263473053892216,0.5338424437299035,0.5389365351629503,0.5428313796212805,0.5445179584120983,0.5461236506378803,0.5468367346938775,0.5472589792060492,0.5475605850325611,0.5472309066547566,0.5473278985507246,0.5467760844079719,0.546417820590006,0.5459252866477623,0.5458721291123526,0.5453277545327755,0.5443826179120297,0.5440762109217765,0.5434246575342466,0.5429169574319609,0.5422765382975699,0.5415759686547671,0.5411850768105341,0.5396727384995369,0.5391495371096815,0.539138490041686,0.5370949169271262,0.5359609230250969,0.5345340094422102,0.5334049794017554,0.5320261437908497,0.5305609284332689,0.5298418972332016,0.5289425240335447,0.5283256399496433,0.5278647463994991,0.5275473303552436,0.5269326121253098,0.5270083102493075,0.5269404225017802,0.5270336093521676,0.5272727272727272,0.5280212483399734,0.534724721122706,0.5378961874138724,0.5352654387865655,0.5009128251939754
27500.0,20.0,0.6052833078101072,0.776158940397351,0.7848042622191337,0.7888583218707015,0.7959625090122566,0.7991128010139417,0.7978295819935691,0.7896039603960396,0.7773134328358209,0.7609618104667609,0.7438842975206612,0.7266920877025739,0.7110191637630662,0.6973246208852176,0.6853932584269663,0.6752641392169049,0.6664353859496964,0.6588053353953218,0.6518183774478158,0.6455089820359281,0.6394666666666666,0.6255244755244755,0.6132596685082873,0.6016413373860182,0.592443729903537,0.5856171659230933,0.5815712085142137,0.5806332842415317,0.582810236600676,0.5881981697696435,0.5971252566735112,0.6079787234042553,0.6218343600273785,0.6367454068241469,0.6530318146546946,0.6699569025441401,0.6867345178540625,0.7032967032967034,0.7171846904700745,0.7316625916870416,0.7434234234234234,0.7532522031053294,0.762614127823162,0.7680525164113785,0.7766343825665859,0.7804551539491299,0.7813884785819794,0.7838375796178344,0.7839347079037801,0.7848690591658584,0.7853167808219178,0.7851739788199698,0.7839132627332325,0.7827086997699906,0.7826647564469914,0.7795805908464718,0.7804643714971977,0.7811453449430676,0.778880226789511,0.7784798364616242,0.7798996913580247,0.7811454849498328,0.7810731265564863,0.782703488372093,0.7833032723524864,0.7835107835107835,0.7636074692093763,0.7497360084477297,0.7384910485933504,0.7142572680207089
5000.0,70.0,0.3653444676409186,0.3982564808442303,0.36502016129032255,0.34472455648926237,0.3324666883327917,0.3263553408480945,0.32705192629815744,0.3340110905730129,0.34415807560137457,0.35436893203883496,0.36439169139465877,0.3718565088757396,0.3763343175107881,0.3796719548265663,0.3811188811188811,0.381549815498155,0.3819444444444444,0.3824271844660194,0.38279978296256106,0.3837920489296636,0.3852311939268461,0.38923884514435697,0.3950209297202027,0.4016404464165658,0.4088788804889818,0.4160211600226715,0.4227925184862984,0.42888563049853373,0.43391655450874833,0.43868890839918057,0.44254510921177587,0.4463179628355127,0.44903881030105186,0.4519969278033794,0.4539951573849879,0.4560370214556163,0.45891965501588744,0.4600739371534196,0.46214771622934886,0.4640081799591002,0.46566137566137566,0.4677310924369748,0.46936884771279674,0.47098133654425045,0.47275,0.4746917585983128,0.4764309764309764,0.47831241283124126,0.48004354136429606,0.4846277021617294,0.4879354290569244,0.4917046490428441,0.49523809523809526,0.49851175202709636,0.5021381949133469,0.5044421368408908,0.5065805508164758,0.5088261821930163,0.5101090715615856,0.5114257675592317,0.5123669830313489,0.5134805788271135,0.5141991065730696,0.5140939597315436,0.5133357041251778,0.5122996645546031,0.49306930693069306,0.476320939334638,0.46671597633136097,0.4187490299549899
30000.0,0.0,0.5886939571150097,0.799115603284902,0.8126482213438735,0.8127005573382875,0.8124852210924568,0.8080996884735202,0.7985015772870663,0.7846750727449079,0.7673874926943308,0.7474048442906575,0.7278900565885206,0.7096082089552239,0.6930366269165247,0.6787907985065639,0.6668020029773989,0.6568790676555168,0.6480607082630692,0.6405400337521095,0.633826286190377,0.6275734443673375,0.6217882836587872,0.6080402010050251,0.5959595959595959,0.584971098265896,0.5754573170731707,0.5691269761353338,0.565806966232385,0.5659417748158541,0.5693481276005548,0.5763381995133819,0.5871559633027523,0.6003126628452319,0.615945945945946,0.6331592689295039,0.6517876970908283,0.6706326987681971,0.689210388704898,0.706951871657754,0.7215288611544461,0.7367119901112484,0.748546511627907,0.7587515816111345,0.7676767676767676,0.7726281352235551,0.7797118847539015,0.7837301587301587,0.784156976744186,0.78671875,0.7868067226890756,0.7879962192816635,0.7884715430236188,0.7886050192177255,0.7875596914411657,0.7864090431125131,0.7863212146538515,0.7832042882668255,0.7836321122369446,0.7838499184339315,0.78125,0.7801122984966492,0.7809326814591951,0.780835881753313,0.7796423051446235,0.7804301583549988,0.7804878048780488,0.78017585931255,0.7587141750580945,0.7443415637860082,0.7316313823163139,0.7049370764762827
15000.0,80.0,0.5363832077502692,0.6595269968763945,0.6743119266055045,0.6770833333333334,0.6785977859778598,0.6796024609559868,0.6805882352941176,0.6821888412017167,0.6843455945252352,0.6872980613893377,0.6907119283356907,0.6946034341782502,0.69875,0.7029526858769122,0.7073514602215508,0.7114292206316746,0.7157464212678937,0.7197817973011772,0.7238156622623267,0.7276672694394214,0.7313311688311688,0.7403585008147746,0.7478134110787172,0.755435847208619,0.7617110615404803,0.767254936222261,0.7717842323651453,0.7756390977443609,0.7788983708301008,0.7811264822134387,0.7824735860783095,0.7834493426140758,0.784395813510942,0.785001160900859,0.785012629806343,0.7848250336473755,0.7846554487179487,0.7840909090909091,0.783203125,0.7834146341463415,0.7824773413897281,0.7819450501526385,0.7813280079880179,0.780376497432972,0.7804097311139565,0.7794540229885057,0.7774557165861514,0.7771758436944938,0.7760039177277179,0.7742906774753908,0.7729455709711847,0.7715445931719056,0.7693983576336517,0.768182655127969,0.7686032630322324,0.7667242123435477,0.7686840898670335,0.7699029126213592,0.7685329186106791,0.7683027145599123,0.7695839311334289,0.7695939565627951,0.7681458548331613,0.7685459940652819,0.7677368212445501,0.7670598146588037,0.7548899755501223,0.7481063658340048,0.7440233236151603,0.7447125409591898
8000.0,40.0,0.4638250140213124,0.45768025078369906,0.396969696969697,0.3623654583694173,0.34954875632841736,0.3531103919453434,0.36522210184182013,0.38146453089244853,0.3986527862829149,0.41535639412997905,0.4306259192678542,0.44371649791542583,0.4542029668000942,0.46278941565600884,0.46938775510204084,0.47316896301667877,0.4764054164956914,0.4782608695652174,0.4791838842975207,0.4800115540150202,0.4804249839021249,0.47956630525437866,0.4784905660377359,0.4768633970628983,0.4748188725923308,0.47243918768132115,0.469625520110957,0.4669618528610354,0.4649050371593724,0.4636139832594781,0.46347826086956523,0.4641496598639456,0.46585557299843017,0.46869409660107336,0.47173689619732784,0.4757180759026416,0.4794022092267706,0.4829495773826873,0.48707440100882726,0.4897923573547374,0.4915909530253238,0.49382969971205265,0.49490248226950356,0.4953293413173653,0.49580686149936465,0.4954177897574124,0.49487763232783155,0.4943011397720456,0.49340037712130735,0.4911242603550296,0.4889222681186632,0.4860082304526749,0.48392857142857143,0.4819905213270142,0.4789391575663027,0.4777056277056277,0.47622811970638057,0.47390510948905107,0.4717783505154639,0.47140992167101825,0.4702501690331305,0.4668171557562077,0.4649164677804296,0.4628475147430497,0.4601994560290118,0.4572541382667965,0.4299295197508605,0.415002435460302,0.40975765306122447,0.40519940111610175
22500.0,70.0,0.6463595839524517,0.7646734637641224,0.7812570909916042,0.7927695287282117,0.8023407022106632,0.8083102493074792,0.8104395604395604,0.8113522537562604,0.8102430729218766,0.8075556608242539,0.8037175752531558,0.7988099067224188,0.7931289250092353,0.7869610935856992,0.7804471931493815,0.7737617135207496,0.7672672672672672,0.760672268907563,0.7538519353626456,0.747585048299034,0.7411930483795209,0.726027397260274,0.7122618061309031,0.6998011928429424,0.689209056159953,0.6806313328137179,0.6746215037208109,0.6715867158671587,0.6708750544188071,0.6728291316526611,0.6775393419170244,0.6837715321849501,0.6917036531239331,0.7002554640931025,0.7097227097227097,0.7198192382182053,0.7301047120418848,0.74061218049858,0.7496206373292867,0.7603046594982079,0.7696362677912494,0.7779827798277983,0.7871287128712872,0.7930194805194806,0.8019891500904159,0.8074126439103212,0.8100823277320401,0.8148557397176182,0.8170372354674524,0.8219009535527529,0.8256612847818618,0.828436911487759,0.829328404189772,0.8298296083204248,0.8311444652908068,0.8293910417715148,0.8314931650893796,0.8330129085416095,0.8312937062937062,0.8314984709480122,0.8330693696547355,0.8347050754458162,0.8353771832032701,0.8368400158793172,0.8371308016877637,0.8376565295169947,0.8194444444444444,0.8087688219663419,0.7998920086393089,0.7850686307331771
1200.0,50.0,0.30584192439862545,0.3051257253384913,0.2788679245283019,0.259967845659164,0.24642949883147233,0.23609716924312388,0.22916044218703316,0.22579263067694944,0.22602252519264968,0.22844690966719494,0.2334355828220859,0.2396778729387703,0.24591185173648963,0.2532275912947252,0.25966494845360827,0.26648622047244097,0.27355555555555555,0.2792252421118401,0.2870498614958449,0.2938314176245211,0.3004653130287648,0.32243723849372385,0.3445079365079365,0.36784107946026984,0.3899740708729473,0.408763388510224,0.42463690155997846,0.4371946964410328,0.4467927326659251,0.45366043613707163,0.4580960130187144,0.4603805737006532,0.4624016321772078,0.46327937649880097,0.46348573181957653,0.46359375,0.46217667154709613,0.4621286320600718,0.46097275614240346,0.45965393181428815,0.4589195761681431,0.4572756524848052,0.4563405797101449,0.4552995391705069,0.45401760629331334,0.4529881994670727,0.45175014503964417,0.45065724936237,0.44957060115837827,0.44681742043551087,0.44489708404802747,0.44304357443043574,0.44123664469197543,0.4397954439795444,0.43814180929095353,0.4372081592528877,0.43648785425101216,0.43569006000521787,0.43516308671439935,0.4349972572682392,0.4348914858096828,0.43500866551126516,0.4354309573516254,0.43645381277123374,0.4380487804878049,0.43944519621109607,0.4542747358309318,0.4640555906506633,0.46757782839787393,0.4525305987429706
500.0,80.0,0.18174460431654677,0.2008437670114317,0.19903846153846153,0.19911575562700964,0.20168067226890757,0.20515886573283226,0.20887380004682743,0.21226268285091815,0.21514297221103504,0.21799694966954752,0.21987421383647798,0.22143401983218916,0.22354545454545455,0.2254755289591793,0.22621118012422362,0.22820037105751392,0.23044397463002114,0.232030962034648,0.23485477178423236,0.23706293706293707,0.2395719133385539,0.249485949280329,0.2643462739848282,0.28473105841526897,0.30815868263473056,0.3404966571155683,0.37851140456182475,0.4164305949008499,0.45701357466063347,0.49635662237462497,0.5325575637534044,0.5606920022688598,0.5871819038642789,0.6029716655148584,0.6167800453514739,0.6282617422721799,0.6294526498696785,0.6384335154826958,0.6402439024390244,0.6369077306733167,0.6353562005277045,0.6384451544195953,0.6351575456053068,0.6282051282051282,0.6264916467780429,0.6236162361623616,0.6204042956411876,0.6167423750811162,0.6143331121433311,0.6046676096181046,0.5985283296541575,0.5966231772831926,0.5859120521172638,0.5820620284995809,0.5768206039076377,0.5668198529411765,0.5678438661710037,0.5615083251714006,0.5529920692141312,0.5501601405103833,0.5458011225246214,0.5380996098232729,0.5310105363984674,0.5244177310293012,0.5186853962364166,0.513255716089213,0.47396473964739644,0.4487004103967168,0.4318560479840053,0.3977437550362611
500.0,90.0,0.18219871205151794,0.20219656434807096,0.2004201680672269,0.200752508361204,0.20360405456138156,0.2073518915060671,0.21170707812882683,0.21553745928338763,0.2188369152970923,0.22210414452709884,0.22421259842519686,0.22597299444003177,0.228328611898017,0.23045404208194906,0.2313030069390902,0.23353469868866952,0.2359644712585889,0.23781528541627156,0.24104859335038364,0.24324324324324326,0.24620117710005351,0.25700280112044815,0.2730786721236926,0.2945945945945946,0.3193474962063733,0.3530888030888031,0.39223512336719885,0.4311816684139584,0.4725394235997825,0.5121951219512195,0.5483234714003945,0.576381059751973,0.602991586163914,0.6181506849315068,0.6321107784431138,0.6429706115965051,0.6444539982803096,0.6531531531531531,0.6544526901669759,0.6515301085883515,0.6496083550913838,0.6529752501316483,0.649343544857768,0.6426096997690531,0.640661938534279,0.6374162096282754,0.6343143393863494,0.6306306306306306,0.6282422646477945,0.6183286516853933,0.612289685442575,0.6102212051868803,0.5991896272285251,0.5949124270225187,0.5896551724137931,0.5791208791208791,0.5802777777777778,0.5742913000977518,0.5651413881748072,0.5622162608336773,0.557612951010475,0.5496270797475616,0.5421758926431823,0.5352978056426332,0.5292164674634794,0.5234880450070324,0.48203963666391414,0.4555002763957988,0.437879810938555,0.4013114754098361
1200.0,40.0,0.3324468085106383,0.33664969921332716,0.30808687615526803,0.2882640586797066,0.2737000960351214,0.2624777183600713,0.2558782365290413,0.2546659597030753,0.25935085007727976,0.26834018610690324,0.2815295815295815,0.2963235294117647,0.30980834272829766,0.3236151603498542,0.33414559853792264,0.34360027378507874,0.35288570350811016,0.35911166459111665,0.3676220331392745,0.3742746615087041,0.3802398331595412,0.3996383363471971,0.41686166551961457,0.43259372609028307,0.4452798663324979,0.4549054905490549,0.4617816091954023,0.46639879457559014,0.46950265874257113,0.4711765971176597,0.47161862527716186,0.47102782248792824,0.47084991805197846,0.47001077457201007,0.46913128355295264,0.4682352941176471,0.46622925511385566,0.4657304818345787,0.464304531085353,0.4628355591528396,0.4617381798305548,0.460078718020804,0.45899772209567197,0.45771792644077613,0.4566048837893498,0.4553878344044239,0.4542969936228363,0.45310334206068076,0.45186578864847915,0.4493587635646169,0.4473063973063973,0.44554455445544555,0.44375,0.4422936449963477,0.4407072842590813,0.43963685532161484,0.43883031629202307,0.43803857201477225,0.4378389653733834,0.4376348726801899,0.4373905429071804,0.43769895407003184,0.43813101667057996,0.4391017817915548,0.44046094750320103,0.44189765458422176,0.45602729340409404,0.4650199600798403,0.4680672268907563,0.4510933612675134
22500.0,60.0,0.6449838801441304,0.7639650872817955,0.7808896210873146,0.7922535211267606,0.8016561514195584,0.8077699293642785,0.8103879849812266,0.8112633181126332,0.8093892433910665,0.8070194384449244,0.8031376518218624,0.7981516796244682,0.7924178601516428,0.7862624712202609,0.7799001519426959,0.7730271194722698,0.7665113729788984,0.7598159509202455,0.7530864197530864,0.7466462246071291,0.7402486069438491,0.725,0.7113464447806354,0.6985983664414641,0.6878775674587193,0.6792452830188679,0.673311444652908,0.6697332106715731,0.6694544006371963,0.6711133914828117,0.6756225425950196,0.6814630091438072,0.6891581366200126,0.6976137697222584,0.706860371267151,0.7167492566897918,0.726877565805361,0.736734693877551,0.7458757458757459,0.7561279601163273,0.7650513950073421,0.7734553775743707,0.7818061964403428,0.7871212121212121,0.7964436917866216,0.8013257575757575,0.8039796782387807,0.808589240360194,0.8105621376354928,0.8150565709312445,0.8187276858162934,0.8211613822586391,0.8220322517971634,0.8226549413735343,0.8239342806394316,0.8222275107091861,0.8241293532338309,0.8257930317212688,0.8244695508404519,0.8242774566473988,0.8262432594367884,0.8278768233387358,0.828421052631579,0.8302735106781566,0.830812101910828,0.8313659359190556,0.8144712430426716,0.8041220115416323,0.7957527797255334,0.78125
8000.0,50.0,0.46443514644351463,0.463181703945715,0.4087976539589443,0.3798987707881417,0.3735763097949886,0.3832994717594474,0.4006031363088058,0.42040302267002516,0.44038847957133287,0.45884538439554157,0.4755967224795155,0.4898180242634315,0.5007723995880535,0.5099697885196375,0.5168185003503855,0.5209916033586566,0.5238311393554245,0.5259373394966615,0.5265552995391705,0.5272315653298836,0.5269898697539798,0.5245497630331754,0.5215559960356789,0.517612996622165,0.5129426382273763,0.5076436478650501,0.501977587343441,0.4967453213995118,0.49198416625432956,0.4884023668639053,0.4859832635983264,0.48493038493038493,0.4853497164461248,0.48691437802907916,0.4889960435212661,0.49216909216909216,0.49500780031201247,0.4982535801606706,0.5015094339622641,0.5035475792988314,0.505080831408776,0.5073637702503682,0.5080623843510441,0.508140531276778,0.5083308088458043,0.5078702216511404,0.5076297049847406,0.5067857142857143,0.5057987280209503,0.503728251864126,0.5017857142857143,0.49975574010747437,0.4972457627118644,0.4957865168539326,0.49323076923076925,0.49167733674775926,0.4911214953271028,0.4886575735821967,0.48698630136986304,0.4864406779661017,0.4851674641148325,0.4821808510638298,0.4799625468164794,0.4783730158730159,0.47547974413646055,0.47275641025641024,0.4467102731819931,0.432447872036561,0.4274495138369484,0.42700729927007297
600.0,10.0,0.30387434554973825,0.2768328445747801,0.2791882556131261,0.2809433637459115,0.28269049858889933,0.2866416309012876,0.29482312338222605,0.3080119465004545,0.32387190684133915,0.3437125748502994,0.357311320754717,0.36671270718232046,0.3800314465408805,0.3809892473118279,0.3808391608391608,0.38672302337145703,0.385378590078329,0.385273028130171,0.38511972633979474,0.38171597633136095,0.3815724815724816,0.38014230271668825,0.3770169491525424,0.37337070777855635,0.36995677233429397,0.36671597633136094,0.36757575757575756,0.36442901234567904,0.35987460815047023,0.35839299920445505,0.3587378640776699,0.35655058043117743,0.3548197820620285,0.35719148936170214,0.3501294219154444,0.3503484320557491,0.3527403414195867,0.34317773788150807,0.3515068493150685,0.34855813953488374,0.34018779342723005,0.34812680115273775,0.3454898157129001,0.34155206286836937,0.3414512922465209,0.340307816115079,0.33954198473282443,0.3381672323356989,0.33858021473991456,0.3390655418559377,0.33795227097767516,0.3338210467079347,0.33034791594901824,0.3298728566429488,0.3286755771567436,0.3266001460209297,0.33034491346034117,0.32622846202935546,0.3211839214165697,0.3324026060364313,0.3319435104236718,0.323153803442532,0.32487164860239587,0.32758366504496533,0.3285187461585741,0.3265533132051486,0.33767872161480234,0.3440126050420168,0.3500615763546798,0.33920348475420037
15000.0,90.0,0.5364184008762322,0.6592769440654843,0.6740019474196689,0.6766266406031834,0.6781954887218045,0.6793635486981678,0.6800479328939485,0.681646030589949,0.6839721254355401,0.6871336007405122,0.6905991115379998,0.6946141032759579,0.6985996180776576,0.7028985507246377,0.7072820512820512,0.7116408238833604,0.7156990367091903,0.7198830409356726,0.7239908106334099,0.7278084714548803,0.7317073170731707,0.7400442477876106,0.7483296213808464,0.755333998005982,0.761720315213036,0.7672061177307488,0.7719380572501173,0.7759412304866851,0.7786108918705604,0.7812971342383107,0.7830487033523087,0.7840283241542093,0.7850919651500484,0.7853854326525794,0.785418747324868,0.7853600136822302,0.7850162866449512,0.7847005051719991,0.7837301587301587,0.7840158520475562,0.7833588957055214,0.7826471890216911,0.7821681864235056,0.7806712962962963,0.781310837118754,0.7807720320466133,0.7786122448979592,0.7783078307830783,0.7768849206349207,0.7754192564794183,0.7742371050499595,0.7727895297519404,0.7707697524584605,0.7696032780778543,0.7700201207243461,0.768172888015717,0.7702295386042198,0.7712883435582822,0.7698558322411534,0.7698280643372157,0.7708152016246012,0.7710920089143585,0.7696590118302018,0.7696924231057765,0.7694466720128308,0.768542199488491,0.7560371517027864,0.7493867538838921,0.7445759368836292,0.7452344931921332
5000.0,60.0,0.36658275645059785,0.3993769470404984,0.3662870159453303,0.3464255677039529,0.33556949103106315,0.3310162991371045,0.33308522515816896,0.3410899182561308,0.3522727272727273,0.36299004671948,0.37342184042691656,0.38123784834737523,0.3863591171206999,0.3898305084745763,0.39165507649513215,0.39231514368743947,0.39306784660766964,0.3935401614959626,0.39372325249643364,0.3946888412017167,0.3960024227740763,0.39884437596302,0.4035053554040896,0.408955223880597,0.41480206540447506,0.42076779976323353,0.42653380226651033,0.4316229905307201,0.4359036730722452,0.440084835630965,0.4435507038207412,0.4468417761100688,0.44932320897986133,0.4517144856543037,0.4541774015458226,0.4558371735791091,0.45854063018242125,0.4596535699197296,0.4615726343847179,0.463376987839102,0.4649878934624697,0.46697435897435896,0.4685577942735949,0.4703254274682846,0.47210767468499426,0.4737812128418549,0.47544725478099936,0.4773162939297125,0.47924151696606787,0.483492296404989,0.4872174590802806,0.4908862876254181,0.4943850267379679,0.4977401129943503,0.5010834795170777,0.5034387895460798,0.5055313442842776,0.5078577336641853,0.5091485728226397,0.5104769250546343,0.5113396624472574,0.5125698324022346,0.5132367997659792,0.5133056452853407,0.5124694376528117,0.5114451656986676,0.49235156857661394,0.47596843615494977,0.46633529145955716,0.4185153583617747
27500.0,30.0,0.585502471169687,0.7633249791144529,0.7767612076852699,0.7835890283589029,0.7915977505788951,0.7947019867549668,0.7917607223476298,0.7837648705388384,0.7709075487701442,0.7549454985870004,0.7378135352579271,0.7211117196056955,0.7056426332288401,0.6920888888888889,0.6803524934908872,0.6701100381765103,0.6614805520702635,0.6537062937062937,0.6467289719626168,0.6403052375997225,0.634221707222866,0.6200607902735562,0.6068712474983322,0.5953303964757709,0.586002096191918,0.5791416705122289,0.5753952168625861,0.5752330226364847,0.5781577110956037,0.5849658314350797,0.5956187092954411,0.6082631981637338,0.6243375858684985,0.6412146963259185,0.6595241846541673,0.6783820930689182,0.6968085106382979,0.7144115057235104,0.7292035398230089,0.7446897126197418,0.7564414195430238,0.7666853617498598,0.775588048315321,0.7808908045977011,0.7894736842105263,0.7930974978429681,0.7937381404174573,0.7965447154471544,0.7965453154039576,0.7974016423581322,0.7980355220667384,0.7981330221703618,0.7967466835123184,0.7956624872924433,0.7958415486646352,0.7925470610833654,0.7938992574754165,0.7950492972519404,0.7928730512249443,0.7922321010762752,0.7941247875697985,0.7954665260938324,0.7957605270696075,0.7976665643229967,0.7983633387888707,0.7983310152990264,0.7758710348413936,0.76,0.7467297762478485,0.7213114754098361
6000.0,80.0,0.40636704119850187,0.4126506024096386,0.3665236051502146,0.3378137266563578,0.3195329087048832,0.31142755428978286,0.31202460850111857,0.3198183319570603,0.33048400138616146,0.34684965689332503,0.3567545802295148,0.3654040404040404,0.37831100031162357,0.37950241366505755,0.381294014084507,0.38780737704918034,0.3873900293255132,0.38920377867746286,0.3894019682059046,0.38805460750853243,0.39019230769230767,0.39097744360902253,0.3932107496463932,0.3952987267384917,0.39855769230769234,0.40301974448315914,0.41253443526170797,0.416999201915403,0.41926563916591114,0.42505070993914806,0.4334457560427206,0.4379052369077307,0.4413422818791946,0.4513376717281273,0.4445216049382716,0.45032626427406197,0.46024844720496894,0.4460694698354662,0.46679574056147144,0.46506147540983606,0.45169545745361483,0.4726407613005551,0.4699106723084156,0.4644520715861731,0.46766994005866597,0.46824028643415994,0.46974500344589937,0.46970563018005146,0.474232946082812,0.4824013157894737,0.48521952072765434,0.4820522458184552,0.47913322632423755,0.48333687115262153,0.4863604569829797,0.4846743295019157,0.4968314321926489,0.49073327961321517,0.4812447902195054,0.507046388725778,0.5066385033192516,0.48876043673731534,0.4922297297297297,0.49642857142857144,0.4950532724505327,0.4883720930232558,0.4740218088518281,0.45895316804407715,0.44934851508393003,0.39836477987421387
1400.0,30.0,0.3642247719917623,0.35443650889722794,0.3285302593659942,0.3100252737994945,0.29536842105263156,0.28391451068616425,0.2784677278292811,0.28054895750857745,0.2908740854832499,0.30643591130340725,0.32856104651162793,0.3520969245107176,0.3705734521361663,0.39182075853691456,0.404196235729713,0.4142561983471074,0.42428247734138974,0.42860086544405523,0.43652020313534995,0.44259962049335866,0.44769661491473656,0.4642339994207935,0.474894719792679,0.48737104233368905,0.49312977099236643,0.49756295694557273,0.4970212765957447,0.5004448398576512,0.5016106764841234,0.5052430886558628,0.5031784841075795,0.4910218253968254,0.5016528925619834,0.4950365726227795,0.49994609164420484,0.5033683048039757,0.4921645997745209,0.493314447592068,0.4899538106235566,0.49609375,0.49374240583232076,0.4869430693069307,0.48760226557583386,0.48561381074168797,0.48591916558018255,0.4797377049180328,0.4955831608005521,0.4943977591036415,0.4761707988980716,0.47859751643535425,0.4753731343283582,0.4750386398763524,0.47000789265982634,0.4767460969597371,0.4667799490229397,0.4730268863833478,0.4745960502692998,0.4712707182320442,0.4602927721866423,0.4536380597014925,0.47455445544554453,0.4690894325449193,0.4691913380060676,0.4655765920826162,0.46363025962399285,0.47275735728637275,0.48424352417092886,0.49130714745653575,0.4916815971333504,0.46604395604395604
30000.0,50.0,0.5614012899962059,0.7553333333333333,0.7787290088903523,0.7883905013192612,0.7942546583850931,0.7919796846894509,0.7841548812302622,0.7715220385674931,0.7555836493889592,0.7380530973451327,0.7202149895491191,0.7035106013208203,0.6882494004796164,0.6753069577080492,0.6642710472279261,0.6543778801843319,0.6464906632324533,0.6388091822094691,0.6326677316293929,0.6264653641207816,0.6209486166007905,0.6074380165289256,0.5957627118644068,0.585806739567061,0.5786533372537489,0.5741960480433941,0.5738289205702648,0.5779853235490326,0.5857890148212729,0.598367161809729,0.6153395784543325,0.6346731780616078,0.6579448144624167,0.6810035842293907,0.7053604436229205,0.7295229522952296,0.751753912574204,0.772554002541296,0.7877428998505231,0.8049152542372882,0.8171950048030739,0.8264150943396227,0.8356050728932085,0.8399053627760252,0.8487418323369943,0.852068345323741,0.8517731655499264,0.8552020636285469,0.8549660363502846,0.8566518398706026,0.8582694414019715,0.8588928150765607,0.8577981651376146,0.8570256971022416,0.8575547866205305,0.8541147132169576,0.8557068741893644,0.8569012178619756,0.8539855072463768,0.8532110091743119,0.8547685001978631,0.8555411815437689,0.8544423440453687,0.8556176919166243,0.855119825708061,0.8543972044263249,0.8279924599434496,0.8080470525330838,0.7908485572818849,0.761006289308176
30000.0,70.0,0.5611925547685719,0.7577242701896442,0.7811715481171548,0.7910547396528705,0.7957925636007828,0.7937458416500333,0.7857635298173044,0.7731491474206778,0.7572559366754618,0.7394054395951929,0.7215378872713699,0.7048611111111112,0.689620758483034,0.6770715096481271,0.6658130601792573,0.6561781609195402,0.6480738362760835,0.6408765652951699,0.6344278606965175,0.6282207232113237,0.6226020659124447,0.6097012528107935,0.5983572030328559,0.5889196675900277,0.5823615160349854,0.5786193672099712,0.5790697674418605,0.5843878389482333,0.5932112645893565,0.6068553982792118,0.6250445950767035,0.6456244302643573,0.6700143472022956,0.6943747760659262,0.7197003085059498,0.7442727757059137,0.7672796448953709,0.7887323943661971,0.8041666666666667,0.821170731707317,0.8336265669672311,0.8431203931203931,0.8524237948167047,0.8566973566973567,0.8656786271450858,0.8691933590474593,0.8689453481995979,0.8723404255319149,0.8723926380368098,0.8744948361023799,0.8762436301868478,0.8767908309455588,0.8757396449704142,0.8751888788153521,0.875756610385473,0.8726268553676216,0.8741935483870967,0.8752334703025775,0.8724939855653568,0.871718882303133,0.8729741568112133,0.873447946513849,0.8725747246984793,0.8730964467005076,0.8729582577132486,0.8717616580310881,0.8452253791924802,0.825253145136545,0.8073267326732673,0.776809651474531
1400.0,10.0,0.40654205607476634,0.3341728677733257,0.32868477999519113,0.3222270933800965,0.3128338278931751,0.3035330627834805,0.2983007018840044,0.2996141124586549,0.30810276679841897,0.3217698154180239,0.34136460554371,0.3621789193976971,0.3792045694943939,0.39853747714808047,0.4102983244789538,0.41971998808459937,0.42898364860532223,0.43308709843669474,0.4397175959449674,0.44427451730070733,0.4476919975811328,0.45805739514348787,0.46221692491060784,0.46775012696800405,0.46810207336523124,0.46812638580931265,0.4644184052586453,0.46462264150943394,0.46362813160277694,0.4651378989773784,0.4624131396083386,0.45138667516735737,0.4589785831960461,0.45300564596479576,0.4565291510398909,0.4586518415566366,0.44943422913719944,0.45,0.44672426205903526,0.45136041744316063,0.4490792934986847,0.44334223578786724,0.4437137330754352,0.4416144200626959,0.44148089171974525,0.43662534986005597,0.4496026767043078,0.4481591197630131,0.43297252289758537,0.435056967572305,0.4320855614973262,0.4317722681359045,0.4275105091078935,0.43328495403967104,0.42511210762331836,0.4304259634888438,0.4317302665969681,0.42932049224184055,0.4196390658174098,0.4141004862236629,0.43295194508009155,0.42888107791446983,0.4296139927623643,0.4273403595784253,0.4264819587628866,0.4360789652825051,0.4584440227703985,0.4743795530312384,0.48227997637330183,0.4715926730828935
27500.0,10.0,0.642997542997543,0.787122969837587,0.7886627906976744,0.7903135498320268,0.7974270353302612,0.8019504876219055,0.8013827781269641,0.795,0.783210332103321,0.7681001633097442,0.7504749841671944,0.7339650145772595,0.71843853820598,0.7048826291079813,0.693224989447024,0.6832034018426648,0.6748846407382992,0.6674500587544065,0.6607259646827992,0.6548962504550419,0.6491690312119984,0.6362669502791811,0.6248686514886165,0.6145303100416474,0.605565749235474,0.5989499192245558,0.5948074058310279,0.5932653346374179,0.5945847054518844,0.5987580606639599,0.6057125116423471,0.6147047006830052,0.6258397932816537,0.6387566137566137,0.6527287993282955,0.6675118858954041,0.6825605900948367,0.6974025974025974,0.7105994442238984,0.7241543592186755,0.7360521098838856,0.7460106382978723,0.7549923195084486,0.7613386173491854,0.7699115044247787,0.7744937055281883,0.7762280169799879,0.7790927021696252,0.7800711743772242,0.781002425222312,0.7811101163831692,0.781640625,0.7803302985390641,0.7793565988405138,0.7790893760539629,0.776307336502634,0.7768361581920904,0.776980441817926,0.7747734363393255,0.7741634241245137,0.7751211631663975,0.7757385072539765,0.7754909365558912,0.77667944321162,0.77704005140287,0.7768969422423556,0.7592233009708738,0.7470238095238095,0.7366003062787136,0.7145095581322469
1900.0,20.0,0.38275555555555557,0.36015831134564646,0.3321019108280255,0.3125822007891276,0.2972002871500359,0.2857952934505245,0.280705574912892,0.28360442420299287,0.2952919020715631,0.3143346057654337,0.3377401727481051,0.36222071767095465,0.38444505950733465,0.4026186579378069,0.4177594604720869,0.4296482412060301,0.4392544868844915,0.4466498740554156,0.45446187128177395,0.4604895104895105,0.4660389202762084,0.48159597411933863,0.49465587044534415,0.5054659498207885,0.5137330754352031,0.5195773772529522,0.5236224768139662,0.5259717922256621,0.5274633623257476,0.5282738095238095,0.52866811390627,0.5290222049084534,0.5286044299497215,0.5285930825409949,0.528051391862955,0.5276433494647309,0.5271143157578488,0.5270004537891393,0.526348323288518,0.5255332902391726,0.525049115913556,0.5245819397993311,0.523947502982785,0.5235283903455461,0.522888573456352,0.5224548219717302,0.5210814898846663,0.520576923076923,0.5205220351806318,0.5188850737224803,0.5179051956116746,0.5166846071044133,0.515673289183223,0.5144108830989162,0.5133971291866029,0.5128456080254465,0.5120466649759067,0.511591560302162,0.5114048729911872,0.5109759322930442,0.5106681639528355,0.510509645839332,0.5106761565836299,0.5109689213893968,0.5113924050632911,0.5120080053368913,0.519080459770115,0.5223145400593472,0.5190710767065447,0.48212400060340926
12500.0,0.0,0.4710467706013363,0.4730195177956372,0.4377890173410405,0.43134309675804233,0.42539929879236466,0.4199268224036026,0.4165703275529865,0.4164896307536672,0.41984585741811176,0.4260111022997621,0.4337476099426386,0.4419471425344477,0.4504398056977813,0.45838976674191123,0.46585865483100036,0.47244094488188976,0.478531558608845,0.48399426660296224,0.4886122881355932,0.49311456196894227,0.4970873786407767,0.5051631557207765,0.5110294117647058,0.5152463382157124,0.5178151260504201,0.519632678910703,0.5207427894112999,0.521788803655949,0.5234076753064095,0.5256819857458835,0.5282173783218871,0.5317460317460317,0.5359618717504333,0.5409326424870466,0.5460874922982132,0.5512017479970867,0.556898029134533,0.5620993589743589,0.5680307799930046,0.5721968271040603,0.5759024992286331,0.5794195250659631,0.5813768404297652,0.5849775784753363,0.5835828343313373,0.5822012752980316,0.5840762373193975,0.581646423751687,0.5810510732790526,0.5759299781181619,0.5701172870984191,0.5620527859237536,0.5562918340026773,0.5529456193353475,0.5454545454545454,0.5397003745318352,0.5333879557558378,0.5260811413285778,0.522929084053035,0.5161927330173776,0.5061432001129784,0.49303079416531603,0.4822878228782288,0.4696498860575927,0.45658135283363804,0.4484394506866417,0.4524904214559387,0.4565351101998975,0.46298136645962734,0.47413962635201573
5000.0,40.0,0.3668664383561644,0.3937077330197001,0.3591503267973856,0.33681318681318684,0.3215665236051502,0.3115253629682739,0.30862800565770865,0.3126470588235294,0.32114589486119316,0.3299760191846523,0.3390982087708462,0.3458868894601542,0.34946236559139787,0.3522365712146734,0.35301924353019243,0.35283551449833206,0.3532163742690059,0.353099730458221,0.3536640360766629,0.35478003384094753,0.35612196283944736,0.362124849939976,0.37007518796992483,0.3791058394160584,0.3886415463133891,0.3982469512195122,0.4070835155225186,0.4149926506614405,0.4217235188509874,0.42770849571317227,0.4329614817933067,0.43781435756744397,0.44136768601011317,0.44484076433121017,0.4476853090714477,0.45036252091466816,0.45336943441636585,0.45529699938763013,0.45767621499839073,0.45987131730443614,0.461646234676007,0.46402077151335314,0.4656956688386355,0.4675169390195297,0.46917666528754653,0.47101760412194077,0.4730512249443207,0.4746309963099631,0.47684918347742555,0.4811970338983051,0.4847581552305962,0.4882388419782871,0.49183279742765273,0.4951086956521739,0.4987332339791356,0.5009931245225363,0.5032284100080711,0.5052901023890785,0.506784140969163,0.5080779944289694,0.5089523809523809,0.5101361573373676,0.5107731305449936,0.5108297234255248,0.5100647439670394,0.5090056748087837,0.48978444236176194,0.4733973527121723,0.46370176586003925,0.41584975750696523
1700.0,90.0,0.33461439918011787,0.3383528321556817,0.3129908009872111,0.2958588957055215,0.2844139650872818,0.2769980506822612,0.27437141596823994,0.27706461275139066,0.28473305338932214,0.2954914703493095,0.3089757127771911,0.3228987425545996,0.33454106280193235,0.34626300851466413,0.3548739220609104,0.3625694873378629,0.3697086311159978,0.37454156479217604,0.38133333333333336,0.3866035675282126,0.3915028786976375,0.4089940828402367,0.42606026785714285,0.44419499679281593,0.46145494028230183,0.4762861736334405,0.4887912087912088,0.49858490566037733,0.5067398901647528,0.5121402407116693,0.5158556588299618,0.5178427997705106,0.5195639363582794,0.5202185792349727,0.5206853582554517,0.5207247298156389,0.519813829787234,0.5199064796259185,0.5189986282578876,0.5182780522230064,0.5174193548387097,0.5165185185185185,0.5154887218045113,0.5145705521472392,0.51375,0.5131369426751592,0.5119935170178282,0.5113767518549052,0.5102607232968881,0.5077059344552701,0.5065573770491804,0.5047125353440151,0.5032069970845481,0.5016932270916334,0.5002102165230187,0.49931224209078406,0.4984726161902684,0.4975214060387562,0.49707803368855275,0.4965026674570243,0.4963310477565259,0.4960669247097016,0.49613601236476046,0.4963913392141139,0.49699258637571686,0.49774938289531,0.5054545454545455,0.5091719077568134,0.5068621334996881,0.4750839489590329
3000.0,0.0,0.37310308738880166,0.36992263056092844,0.3324510322922181,0.30939871570344424,0.2957825679475164,0.2892883345561262,0.2905541844289881,0.3005828476269775,0.3193979933110368,0.34346103038309117,0.36892482517482517,0.3917588495575221,0.4093476798924008,0.42114014251781473,0.42923076923076925,0.43400424800242743,0.4371450840663623,0.4384351238655874,0.44076079778100646,0.44224422442244227,0.4436125409452504,0.4511332728921124,0.45849802371541504,0.4662130455185359,0.4728302858614473,0.4789325842696629,0.4834636199639206,0.4877892030848329,0.4910260751777853,0.49409660107334524,0.4968295412159642,0.49885145482388976,0.5018329938900203,0.5035401915868388,0.5059080962800875,0.5079581628012733,0.5103675777568332,0.5114613180515759,0.5133136094674556,0.5165180912427897,0.5181574718800214,0.5200663349917082,0.521969265793967,0.5237704918032787,0.5260133091349062,0.5275353411186232,0.5304434149569821,0.5322690217391305,0.5325534759358289,0.536996336996337,0.5398932112890923,0.5427764326069411,0.5454621848739496,0.5476827094474154,0.5494845360824743,0.5506769825918763,0.5520664505672609,0.5526481055055474,0.553567691985771,0.5539946380697051,0.5534468960786555,0.5533740888784388,0.5527144934561319,0.5519731109174655,0.5504516129032258,0.5485838189456566,0.5347057751867371,0.5257395760540414,0.5205898720089037,0.4783644558918223
22500.0,40.0,0.6350180505415163,0.7614179719703216,0.7788792509982101,0.7905138339920948,0.8001602992252204,0.8054221002059025,0.8078565328778822,0.8080124869927159,0.806371018113679,0.802962962962963,0.7987836663770634,0.7931868574884096,0.7871206856613389,0.7804749340369393,0.7736975668010151,0.7667226890756302,0.7598039215686274,0.7529014560033762,0.7461066540821142,0.7393827486151411,0.7328221763491596,0.7172467735627689,0.7027589796980739,0.6897916666666667,0.6784458834412581,0.6694915254237288,0.6631016042780749,0.6592356687898089,0.658469190384084,0.6598857958600999,0.6642268984446478,0.6703552708211997,0.6775165319617928,0.6857274401473297,0.6948803115336158,0.7042532146389713,0.7136678200692042,0.7230510611472999,0.7313357034027425,0.7405389040266425,0.7482065997130559,0.7555836493889592,0.7628361858190709,0.7674943566591422,0.77466581795035,0.7788117394416607,0.7803685897435897,0.7838170624450308,0.7848893166506256,0.787929495760821,0.7902071563088512,0.7918107622077742,0.7923901555186471,0.7928059895833334,0.7939142461964038,0.7927279438907346,0.7944304776638949,0.7958316471064346,0.7951730029901751,0.7955714605233728,0.7976328614527732,0.800351141208929,0.8016774891774892,0.804040404040404,0.8053855569155447,0.8063994828700711,0.7936434822662367,0.7854984894259819,0.7786647314949202,0.7661934338952971
600.0,30.0,0.2989533011272142,0.32096498719043554,0.3113805970149254,0.30318021201413425,0.2948976377952756,0.2867095391211147,0.2818181818181818,0.2832354146741358,0.29175991861648015,0.3084677419354839,0.3257088122605364,0.34221153846153846,0.3611079053664166,0.3695451549110086,0.3748895434462445,0.38456591639871385,0.38733850129198966,0.3899353647276085,0.3932104752667313,0.3924670817597224,0.394889413785699,0.40023350846468186,0.4030734349414284,0.40418722496332843,0.4045289348616159,0.40358287212350713,0.40700483091787437,0.40512422360248446,0.40104828462515885,0.39993518068384376,0.40112620072871813,0.3988399863527806,0.39702576517378524,0.4002818886539817,0.3916935195130684,0.39231327048585934,0.39530516431924884,0.38361826037948527,0.39424736337488014,0.39098039215686275,0.38075396825396823,0.39079054604726976,0.3875489589775304,0.38290741516547966,0.3828656462585034,0.38166127292340885,0.38099408802277207,0.3794098069669403,0.3801895306859206,0.38122198631752774,0.38003375934410416,0.3753723932472691,0.37137035150280184,0.3711313394018205,0.3701582105837425,0.36767123287671233,0.37246621621621623,0.36782608695652175,0.3616833431430253,0.37515188335358446,0.3748075146288882,0.36427432216905903,0.36608609924416696,0.3692098092643052,0.3696193525435788,0.3668386145910096,0.3726824457593688,0.37411764705882355,0.3743311641359364,0.34951456310679613
8000.0,70.0,0.4634577169353058,0.4601854812919731,0.40151658767772513,0.3680713743356112,0.3567567567567568,0.36223081170623966,0.37616666666666665,0.3936683535365423,0.4121931908155186,0.43000409332787554,0.44650205761316875,0.460182562165565,0.47107438016528924,0.48008849557522126,0.48672156459083893,0.4905405405405405,0.4934579439252336,0.4951698113207547,0.4956043956043956,0.4963946869070209,0.4959737232464505,0.4937250034478003,0.49140708915145004,0.4885865805856583,0.4854283191050927,0.48199034533976975,0.4788408463661454,0.4759707371975239,0.4742023082145282,0.47320997586484315,0.4738476011288805,0.47515630141493914,0.478331867855797,0.4819499715747584,0.48629359286293594,0.4916049828488897,0.49585439838220424,0.5011246063877642,0.5061549601737871,0.5091682168482594,0.5117164616285882,0.5156201670275287,0.5172528201725282,0.5176975330711476,0.5188821752265861,0.5189620758483033,0.519327731092437,0.5189929328621908,0.5186894323950162,0.5168195718654435,0.5156164383561643,0.5144736842105263,0.5119974059662775,0.5109203296703296,0.5085714285714286,0.5065779169929522,0.5067644661776691,0.5044736842105263,0.5017674418604651,0.5015065913370998,0.5000974658869396,0.4969098991651307,0.494612563044475,0.4922890103217972,0.48935336381450034,0.4863119472132528,0.4571836346336822,0.4402560455192034,0.4329588014981273,0.430064308681672
1200.0,60.0,0.27890743550834596,0.2821270310192024,0.2587847385774847,0.24234092694422624,0.23078823820113664,0.22246982358402972,0.21689951638903815,0.21415165165165165,0.21385786802030457,0.21499000666222517,0.21799660441426147,0.2219997892740491,0.22601688411358403,0.2310376213592233,0.23563829787234042,0.2404985696771557,0.24610374505699,0.25052714812862414,0.2569994093325458,0.26272697259821726,0.26838424733161576,0.2882573978393612,0.3097173144876325,0.3338605319913731,0.3583904109589041,0.3817729083665339,0.40196521346284164,0.41948782011242974,0.43351819288516164,0.4439959636730575,0.4514163874505026,0.4560218684675993,0.4597109154344576,0.4617894556070754,0.46303158637727193,0.46368715083798884,0.46286896033088926,0.46305046305046305,0.46231350513466385,0.4610337972166998,0.4603590881581602,0.45886996260905694,0.4580876158382477,0.4568060021436227,0.45577342047930286,0.4546058458813109,0.4534203420342034,0.45251141552511415,0.4511854951185495,0.4486960760419205,0.44671824307461944,0.44478764478764476,0.4430044961650357,0.4417094941844739,0.4399886234357224,0.43898256644755645,0.43819894055326664,0.4371966019417476,0.43694110391612706,0.43654336734693877,0.43628719275549804,0.4365345869711216,0.4370883882149047,0.43804034582132567,0.43919939577039274,0.44069128043990574,0.4552777777777778,0.46472303206997084,0.46847635726795095,0.4539736992567181
800.0,80.0,0.2661290322580645,0.268159688412853,0.25041985445045717,0.2377764127764128,0.22988614800759014,0.22501747030048916,0.22229930624380576,0.2215568862275449,0.22232304900181488,0.22372641509433963,0.22646356033452808,0.2297597042513863,0.23285457809694793,0.2371062466631073,0.24087774294670847,0.2448075526506899,0.2493344425956739,0.2527514231499051,0.25788854422932933,0.26221419975932614,0.26612685560053984,0.28190743338008417,0.29881192557722486,0.31940549635445875,0.34171821305841926,0.36415327564894934,0.38542471042471044,0.40501101321585903,0.4217791411042945,0.43485254691689007,0.4440665701881331,0.4488335925349922,0.45391517128874387,0.45627668659265586,0.45735815602836877,0.4572992700729927,0.45513928914505286,0.4554368932038835,0.45327196317790674,0.4508873297565002,0.4494429262140004,0.44669057711118354,0.44500939537968387,0.4431279620853081,0.44128809660724555,0.4394187954066089,0.4376417233560091,0.43592233009708736,0.4341258048538881,0.43004303038205766,0.427289769683985,0.42449431975616514,0.42184154175588867,0.4196663740122915,0.41670526478307857,0.4153846153846154,0.4136327185244587,0.4117354549975137,0.41070222822417285,0.40927384076990375,0.4084281650071124,0.40681733975546497,0.4057943207981581,0.40511897620475906,0.4047919293820933,0.4047723292469352,0.4091329836470225,0.412308930008045,0.4123557692307693,0.39520773344302756
800.0,90.0,0.26921598770176786,0.27150153217568945,0.25358475741504616,0.24096659098280895,0.23306532663316584,0.22821083890126206,0.2257417379368599,0.22519250326892343,0.22623205277454406,0.2280595508453192,0.23125599232981783,0.234994068801898,0.238531669865643,0.24321550741163056,0.24719251336898396,0.251702786377709,0.2565486725663717,0.25999798529263624,0.2656232278552796,0.2700292956311298,0.2742441528807758,0.29056047197640117,0.3080713280150164,0.32885514018691586,0.35146011396011395,0.37389455782312925,0.3946950917203768,0.41392333709131907,0.43024420788979334,0.4428668941979522,0.4514705882352941,0.45572217837411205,0.46054590570719606,0.4623702422145329,0.4628699551569507,0.4628808864265928,0.46034985422740526,0.4602551521099117,0.45820684072050194,0.4557503652682112,0.45412990326352715,0.4512476640650764,0.4495248742314142,0.44755164935509645,0.4455560725919032,0.4435751541014699,0.4416807534411978,0.440024554941682,0.43798546730142823,0.4336983770946035,0.43095270361837645,0.42799046417052306,0.42528901734104047,0.4231111111111111,0.4198843207753635,0.41856805664830843,0.41676140977748904,0.4148757555406313,0.4135749700803556,0.41216096436801986,0.4112772473428211,0.40968832144198275,0.40840140023337224,0.4076626799108048,0.407202216066482,0.40710321864594895,0.4110832811521603,0.41421568627450983,0.41366520253782335,0.3957442369875873
27500.0,0.0,0.6604591836734693,0.7872576177285319,0.7851818181818182,0.7868852459016393,0.7946808510638298,0.8003679852805887,0.8013836840588066,0.7961267605633803,0.784991568296796,0.7704918032786885,0.7538994800693241,0.7377158034528553,0.7223903177004538,0.708974358974359,0.6975984630163304,0.6877351392024078,0.6793426103646834,0.672236332041171,0.6657738095238095,0.6598740888005301,0.6544280442804428,0.6421307506053269,0.6311423101467772,0.6212568536482497,0.6138392857142857,0.6078908554572271,0.6044703595724004,0.6033690658499234,0.6046433940203775,0.6083641908081028,0.6145361990950227,0.6224415204678363,0.6320976067573909,0.6432853717026379,0.6555133079847909,0.6688995215311004,0.6822140045329834,0.6959081542537533,0.7081831290555155,0.7212581344902386,0.7326092578226014,0.7426918392204629,0.7518531591951995,0.758830694275274,0.7670609645131938,0.7715736040609137,0.7740845070422535,0.777097366809553,0.7777040477770405,0.7792894935752078,0.7801174496644295,0.7804029304029304,0.779245283018868,0.7785363772135695,0.7784437909975118,0.7757144579766068,0.7762061126547107,0.7763244814374421,0.774261015058561,0.7733975762885092,0.7743255531979387,0.774664044575549,0.7742791438174421,0.77521722704949,0.7753507014028056,0.7751429176370951,0.7584235860409145,0.7464566929133858,0.7364450730787364,0.7162415333621559
1200.0,70.0,0.2947783849423194,0.2961151079136691,0.27297297297297296,0.2571428571428571,0.24687590816623076,0.24009630115999125,0.2362857142857143,0.23536476868327402,0.23699456849728426,0.24025457438345266,0.24524463432000815,0.25101265822784813,0.2563905143209116,0.26302321330652534,0.26837606837606837,0.2741816391828698,0.28027972027972026,0.2851851851851852,0.292041032897064,0.29798816568047337,0.30377358490566037,0.32362728785357736,0.34415405777166436,0.36688796680497926,0.3888780487804878,0.409126583697724,0.4261799874134676,0.44045812060162826,0.45156504969589084,0.4596634690989149,0.4649122807017544,0.46782911944202266,0.4703344120819849,0.4715054761462781,0.4717880289744567,0.4719735305566368,0.470253807106599,0.47050418452745457,0.46923398911678527,0.4677835051546392,0.4666521360069747,0.46497530309833857,0.4640255009107468,0.4625724217844728,0.4613572101790763,0.4601197604790419,0.4588607594936709,0.4575098814229249,0.45635220125786163,0.4531785808493801,0.4512293974601459,0.4492753623188406,0.4471498138069321,0.44551845342706503,0.4437596302003082,0.44255187364509135,0.4416454081632653,0.44064452482735944,0.44017379679144386,0.43983402489626555,0.43949491406524027,0.43934426229508194,0.4398043641835967,0.4403597966366836,0.4419368075502667,0.44302176696542894,0.45714285714285713,0.46679936305732483,0.4705938697318008,0.455550918196995
8000.0,60.0,0.46412060301507535,0.46292004634994205,0.40706382978723404,0.37660798916723087,0.3682008368200837,0.37569007263922516,0.3913642960812772,0.4096974635835795,0.4285519312133206,0.4462620932277924,0.4622849580943979,0.47586950660555405,0.4863300096494049,0.49488829988640665,0.5015411712901805,0.5047762694821518,0.5072571428571429,0.5087912087912088,0.5092820884699057,0.5092758340113914,0.5088262056414923,0.5058222433460076,0.5025529939656507,0.498500299940012,0.49423520368946966,0.4899415963659961,0.4854721549636804,0.48186323092170463,0.47900419916016795,0.4768901569186876,0.47665271966527195,0.47720156555772997,0.47959068930619586,0.4826486348558306,0.4862813776999416,0.49087947882736155,0.49470029239766083,0.4993887530562347,0.5039456378781236,0.5066473289823543,0.5090715048025614,0.5122846653487715,0.5138004246284501,0.5142296368989205,0.514878892733564,0.5151958989381179,0.5150462962962963,0.5144016227180528,0.5142129826050064,0.5121951219512195,0.5105953582240161,0.5094266813671444,0.5067502986857826,0.5054430379746836,0.5034674063800277,0.5016606498194945,0.5012021036814426,0.4988682295877122,0.49682675814751287,0.4964409722222222,0.4949685534591195,0.4918081918081918,0.48975496408956487,0.48758389261744967,0.48466257668711654,0.4817782372706126,0.4539502400698385,0.43800846078750405,0.4318084651560496,0.4295633107984652
600.0,20.0,0.33612099644128113,0.3143808255659121,0.3005576753742295,0.29295377677564827,0.29118035116208263,0.29423010079944384,0.30290222597914906,0.3166595289079229,0.33379769836462747,0.35036086607858863,0.36544554455445544,0.3770891364902507,0.3845036958817318,0.39026855327750504,0.3932759968725567,0.39506584430738456,0.39611412567827764,0.3955292813596896,0.39598853868194844,0.3950445986124876,0.39358420727945714,0.39202945635694175,0.38891412994093594,0.3860967590418037,0.38333333333333336,0.38042131350681535,0.3775069814673775,0.3750646663217796,0.37309511297950604,0.3713676352972541,0.36967724437211824,0.367908787541713,0.36660106831599665,0.3656098257640674,0.3645049218297626,0.3633703920421299,0.36212624584717606,0.36160579535164505,0.36059022440823857,0.3596738789589213,0.3588850174216028,0.3577684073953941,0.35714285714285715,0.35647840531561464,0.3556527590847914,0.3551465576005453,0.3541594753192958,0.35370111731843573,0.3528515763372299,0.3512527634487841,0.3501501501501501,0.3489992301770593,0.34787568843430366,0.3469575660528423,0.3461120401337793,0.3453288646837034,0.34506013745704467,0.3445767195767196,0.34447921323200714,0.3443830570902394,0.3444755244755245,0.3448674698795181,0.34563492063492063,0.34668721109399075,0.3482037533512064,0.34958356468628543,0.36475409836065575,0.37608286252354045,0.38381142984211697,0.3939745075318656
22500.0,50.0,0.6403795302535387,0.7622924817595432,0.779282448118185,0.7909433962264151,0.8006103763987793,0.8061712299000434,0.8093952483801296,0.80946123521682,0.8085106382978723,0.8055088702147526,0.8016637478108581,0.7966230798527358,0.7909859976662778,0.7847176079734219,0.778049238864875,0.7714769360981802,0.7647756942796107,0.7579702444208289,0.7511137511137511,0.744935237462637,0.7385815076123282,0.7232890201871,0.709043250327654,0.6963286713286714,0.6854481955762515,0.6766522544780729,0.6702625686952982,0.6667554608417687,0.6659743856005538,0.6678571428571428,0.6718036529680366,0.6778825235678028,0.6852189781021898,0.6933956883768678,0.7025038902249258,0.7120236645206195,0.7215378079864061,0.7313624678663239,0.7399256044637321,0.749723960250276,0.7579313342025207,0.7659033078880407,0.7735294117647059,0.7791327913279132,0.7872340425531915,0.7924126172208014,0.7944709246901811,0.7985199082760058,0.8002734419505526,0.8040504997369805,0.8073462162560849,0.8094388582549464,0.8101221022827818,0.8107953461758535,0.8121457489878543,0.8106585788561526,0.8123300090661831,0.8139369518843328,0.8126880641925778,0.8130914826498423,0.8149359498500954,0.8169221698113207,0.8180369662205226,0.8197278911564626,0.8208739617190322,0.8212375859434683,0.8066481994459834,0.7967718268525312,0.7890070921985816,0.7755658576493045
1700.0,80.0,0.3335837716003005,0.33760344632127876,0.3123353819139596,0.29527736131934035,0.28392204628501827,0.276425855513308,0.27378223495702003,0.2762856547990839,0.28390201224846895,0.29435897435897435,0.30758585340850847,0.3209884467265725,0.332578125,0.34416896235078054,0.3526170798898072,0.3600815641117908,0.3671562082777036,0.371992871992872,0.3787068546426835,0.38402974504249293,0.38871715610510044,0.40632210429164745,0.42359030236992645,0.4418312950768266,0.45941155618574975,0.4745762711864407,0.48748921484037966,0.49791376912378305,0.5053974484789009,0.511322696860525,0.5151694459386768,0.5173348390739695,0.5190835266821345,0.5197848176927675,0.5203680981595092,0.5206011271133375,0.5193062827225131,0.5197368421052632,0.518918918918919,0.5179986101459346,0.5170783345095271,0.5158892128279884,0.515099925980755,0.5144259818731118,0.5134615384615384,0.5126959247648902,0.5118116520351157,0.510705596107056,0.5098509933774834,0.5073234524847428,0.5059139784946236,0.5043599257884972,0.5025812619502869,0.5013725490196078,0.499896544589282,0.4989585503020204,0.49817439862542956,0.49722776668884455,0.49684186780960976,0.49626604434072347,0.4959744257636751,0.49576010814796606,0.4957535809354798,0.4961852144172586,0.49676442241498003,0.49749892811204804,0.5053699284009546,0.5091612903225806,0.5070638820638821,0.4750165234633179
384399.0,0.0,1.0,1.0,1.0,1.0,1.0,1.0,1.0,1.0,1.0,1.0,1.0,1.0,1.0,1.0,1.0,1.0,1.0,1.0,1.0,1.0,1.0,1.0,1.0,1.0,1.0,1.0,1.0,1.0,1.0,1.0,1.0,1.0,1.0,1.0,1.0,1.0,1.0,1.0,1.0,1.0,1.0,1.0,1.0,1.0,1.0,1.0,1.0,1.0,1.0,1.0,1.0,1.0,1.0,1.0,1.0,1.0,1.0,1.0,1.0,1.0,1.0,1.0,1.0,1.0,1.0,1.0,1.0,1.0,1.0,1.0
5000.0,50.0,0.24520990312163618,0.2871859750587385,0.2690533015115354,0.25228276877761413,0.24134837221225328,0.23338975878121032,0.22642692180798416,0.21991279069767442,0.21524966261808368,0.21429864253393666,0.21392977170008112,0.21556195965417868,0.2203778915769027,0.2231732776617954,0.2290394088669951,0.23412335808109652,0.23795572916666666,0.2452023988005997,0.24748743718592964,0.2523360075507315,0.2578191489361702,0.26136210384356034,0.266921768707483,0.27032372228583323,0.27382885696439724,0.2780150198792519,0.28267528931245745,0.2867012089810017,0.2906853384256312,0.29483915760240686,0.3001254705144291,0.3069983597594314,0.31100202136875543,0.3165952235150031,0.3215920077344505,0.3263122476446837,0.33611918604651164,0.3383703703703704,0.345539540319439,0.35322117357406646,0.3589209855564996,0.3682718271827183,0.37436016751977663,0.38165537270087124,0.38899497487437185,0.39655712050078246,0.40465872156013,0.41233875490745936,0.4214369158878505,0.4432345360824742,0.4588919288645691,0.4775330396475771,0.49514866979655714,0.5114876033057851,0.5349954669084316,0.5451672862453532,0.5601570166830225,0.5757135443694863,0.585386758088708,0.5983514001806685,0.6056745801968731,0.6203385672227674,0.631808838643371,0.6427124138862623,0.6539287247745814,0.6631168441577922,0.7612653618570778,0.839735516372796,0.9000793021411578,1.3244289102484084
1900.0,30.0,0.36352611940298507,0.36021926389976505,0.3299847792998478,0.3087829854273336,0.2930363321799308,0.2813489332415692,0.2763985082578583,0.2794070512820513,0.2908687529191966,0.3076165462902167,0.33075392438646917,0.3554354012521343,0.37473684210526315,0.3967472894078399,0.4093045563549161,0.4194938072159397,0.42982768865121807,0.4341606792945787,0.44236453201970444,0.4486301369863014,0.454320987654321,0.47281368821292774,0.48558782251970206,0.5010825114265095,0.5092737722048067,0.5160927617709066,0.5171645118145342,0.5224815917280276,0.5254569190600522,0.5309734513274337,0.5298455056179775,0.5170688114387846,0.5306237123056752,0.5239543726235741,0.5307570977917981,0.5352798053527981,0.5239085239085239,0.5256544502617801,0.5226980728051391,0.5310607759587351,0.5289838599681745,0.5221938182663258,0.5237079184447605,0.5221174764321972,0.522985664854177,0.5170865552506859,0.5360443622920518,0.5353399623757055,0.514670896114195,0.5193776520509193,0.5165505226480837,0.5175438596491229,0.5130434782608696,0.5216119597010075,0.5108035111411209,0.5184929139301763,0.5202726946537496,0.516783474732571,0.5047723935389133,0.49737631184407793,0.5207171314741036,0.5143090760425184,0.5136957437842393,0.5090987868284229,0.5060783430886988,0.5147198480531814,0.5164257555847569,0.515802888700085,0.5102864058087939,0.4704982517482518
30000.0,60.0,0.5613172403516614,0.7569296375266524,0.7804041174227984,0.7903717245581963,0.7949955317247542,0.7931873479318735,0.7852412488174078,0.7724669168477187,0.7565217391304347,0.7389918887601391,0.721025641025641,0.7044550517104217,0.6890717878372199,0.6760270410816432,0.664906103286385,0.65566534914361,0.6473877851361295,0.6397540983606558,0.6336678832116789,0.6274470027386144,0.6217710095882685,0.6087853773584906,0.5972544470224285,0.5876367336555584,0.5807099799062291,0.5767195767195767,0.5769675925925926,0.5816048448145344,0.5903162055335969,0.6033333333333334,0.6209344560013208,0.6411665257819104,0.6650666666666667,0.6891485809682805,0.7135802469135802,0.7380239520958084,0.7610250297973778,0.782669461914745,0.7976229508196722,0.8151711378353377,0.8270496083550913,0.8365676876315175,0.8457991803278688,0.8502552467385139,0.8589992531740105,0.8625622890210577,0.8624255169996495,0.8658446816341553,0.8656716417910447,0.8676597582037997,0.8692199906585708,0.8700451580531862,0.8689280868385346,0.8684133915574963,0.8686713715863762,0.8654485049833887,0.8670580110497238,0.8682505399568035,0.8653029718255499,0.8647106764466178,0.8659359190556493,0.8662683823529411,0.8653555219364599,0.8660520607375272,0.8662012798138452,0.865588052271313,0.8383581177429212,0.8184597466880187,0.8007483629560337,0.7704918032786886
1400.0,40.0,0.32454648526077096,0.33142781175219355,0.30320546505517604,0.283302752293578,0.26857798165137614,0.25743425903170314,0.25071496663489035,0.2492018244013683,0.25321326238231684,0.2610734463276836,0.2728422619047619,0.2861032863849765,0.2980747192298877,0.31076178960096734,0.3206177606177606,0.3299721835883171,0.3390351720161445,0.3453695836873407,0.354348826507133,0.36154806491885144,0.36833558863328825,0.3904218204884237,0.4109438119720896,0.43099875673435556,0.4484167049105094,0.46226226226226225,0.4728740581270183,0.48059191804211726,0.48625817965496726,0.4898827884022208,0.49201277955271566,0.49268130405854954,0.4934103260869565,0.4931754874651811,0.49288762446657186,0.4923355025307303,0.49088855421686745,0.4906415094339623,0.48948995363214837,0.4880348652931854,0.4869879518072289,0.48535980148883373,0.4846476510067114,0.4834329632792485,0.4822048611111111,0.48111209179170344,0.4801615798922801,0.47877959927140257,0.4774582560296846,0.4750487329434698,0.4727544910179641,0.47097638931848645,0.4691344929995757,0.4674915879735157,0.4656610673065935,0.4646673560841089,0.4637235175760445,0.4628250518862166,0.46233089239170905,0.4620618821414816,0.4618390205782756,0.4618088414221982,0.46225756941537605,0.4631105957385128,0.46429656639319355,0.4655716993051169,0.47849342545130374,0.48599766627771296,0.4869109947643979,0.4636432350718065
30000.0,20.0,0.5608338597599495,0.7691729323308271,0.7919058553386912,0.7994159928122192,0.8027940220922677,0.7986870897155361,0.7889701744513224,0.7755960729312763,0.7583262169086251,0.7395875867701103,0.7207402066810863,0.7030835775080229,0.6873798846893018,0.6737627365356623,0.6619487179487179,0.6520239190432383,0.6434626252247624,0.6357653791130186,0.6288987905792489,0.6226548672566372,0.6165354330708661,0.6026762738033968,0.5896551724137931,0.5785905441570027,0.5694084374263493,0.5630160461131017,0.559967084961942,0.5610417797069994,0.5659163987138264,0.5748474894415767,0.5877225291589933,0.6032747603833866,0.6224489795918368,0.6424802110817942,0.6636075421324878,0.6846378018318068,0.7049180327868853,0.724031007751938,0.7383699292891701,0.7536988685813751,0.7648839556004037,0.7739884393063584,0.782184655396619,0.7861313868613139,0.7938144329896907,0.7963636363636364,0.7959280303030303,0.7983430996160841,0.7977041368854234,0.7979944424308324,0.7983071022351541,0.7978814772401946,0.7963450518816788,0.7951146560319042,0.7951468260946017,0.7917059377945335,0.7926685061095783,0.7934446505875077,0.7909369527145359,0.7903337169159954,0.7918757467144564,0.792987012987013,0.7923728813559322,0.7938769324037587,0.794564865739243,0.7943603851444292,0.7718120805369127,0.7552447552447552,0.7421686746987952,0.7140891579526693
27500.0,40.0,0.5842965739872956,0.7571237756010686,0.7704344245418983,0.7779183802594116,0.7867813490267089,0.7913887204366282,0.7900466562986003,0.781949806949807,0.7701863354037267,0.7549909255898367,0.7384539796921061,0.7220326128175958,0.7069939183318853,0.6936914736323312,0.6822222222222222,0.6722741433021807,0.6639972144846796,0.656055900621118,0.6496539792387543,0.6432354357246028,0.6369973190348526,0.6237156931738213,0.6113994439295644,0.6003180817225349,0.5916289592760181,0.5856259330347622,0.5824915824915825,0.5831493745401031,0.5870192307692308,0.5944305381727158,0.6055060728744939,0.6189682126107348,0.6354817275747509,0.6528105015146415,0.6717267552182163,0.6908426819723454,0.7100478468899522,0.7283903188628505,0.7430939226519337,0.758990874932904,0.7716241443683883,0.7817403708987162,0.7919743178170144,0.7974706413730804,0.8069539666993144,0.8111146803726309,0.8116844951216645,0.8152650708108785,0.8155627355950458,0.8174579326923077,0.8186000657246139,0.819232136509065,0.8179719068693477,0.8172620276688003,0.8175867335806241,0.8144499178981938,0.8160019574259848,0.8172757475083057,0.8146938775510204,0.8141998282278844,0.8159691303057287,0.8170967741935484,0.8168717047451669,0.8182503770739065,0.8187676198147402,0.8182597513930562,0.7935568704799474,0.7764864864864864,0.7620219190337731,0.7354211663066955
1900.0,70.0,0.3437189260855154,0.34756918474195964,0.3205183585313175,0.3026219063954913,0.29128531635495425,0.28432835820895525,0.2830667920978363,0.28785586576811995,0.29823540818305216,0.31109939361982597,0.3279254401104591,0.34475402699172836,0.35759023354564756,0.3728301886792453,0.3813497822931785,0.3885878489326765,0.39615736505032023,0.3989858012170385,0.40539942465147155,0.4102998065764023,0.41440253231337376,0.4310453400503778,0.44508136094674555,0.4634250373213905,0.4773435626947974,0.4905559989358872,0.4984108639121641,0.509181450357921,0.5169910920488288,0.5261506276150628,0.5276162790697675,0.5173442745244312,0.5318396226415094,0.5264635124298316,0.5340008343763037,0.5391566265060241,0.5278514588859416,0.5301204819277109,0.5271813613522156,0.5356629966491144,0.5337542496357455,0.5268389662027833,0.5283975659229209,0.5271598551474392,0.5277248677248677,0.521741452991453,0.5407009609949124,0.5399309551208286,0.5191959229898074,0.5239393939393939,0.5208333333333334,0.5214378238341969,0.5168218085106383,0.5251043115438109,0.5145953757225433,0.5220414201183432,0.5238679969301612,0.5198738170347004,0.5083267871170464,0.5007217321571772,0.5237649063032368,0.5172202797202797,0.5166666666666667,0.5123262279888786,0.5087584215591915,0.5176649746192893,0.519927027785574,0.520239607914322,0.515412804483725,0.4773681754549697
5000.0,10.0,0.3478453038674033,0.40542586750788645,0.37483121793140695,0.3542343242568074,0.33881578947368424,0.3273861967694567,0.3225506167093321,0.3248827921514152,0.3317814261210488,0.3382157123834887,0.3451114922813036,0.3492241840556447,0.34924292297564186,0.34914596273291926,0.34710743801652894,0.3446844737682239,0.34325468844525103,0.3416340235030778,0.34162649665681855,0.3425569176882662,0.3438735177865613,0.3513779527559055,0.36166971358927485,0.37304758445332364,0.3846186440677966,0.3952427184466019,0.4048607318405243,0.4125974805038992,0.41897668393782384,0.4242906574394464,0.4288560885608856,0.433015873015873,0.4358147229114971,0.43824804856895055,0.44050632911392407,0.44250936329588014,0.445271629778672,0.4463903879442012,0.44848549488054607,0.450486740516952,0.4521528338912617,0.45443454922532633,0.4560895822848515,0.4580013063357283,0.45978878960194963,0.4618192026951151,0.46368796390627276,0.46574311097726245,0.4678784080225635,0.47288428324697757,0.47691462074019786,0.481139489194499,0.4851340033500838,0.4887267904509284,0.49297140087251573,0.49552906110283157,0.4982953055337005,0.5009703354588301,0.5025743707093822,0.504368785778849,0.5055589870290302,0.5071895424836601,0.5082023239917977,0.5086145010768126,0.5083586626139818,0.5079554494828958,0.4924641148325359,0.4775677896466721,0.468878812860676,0.42274881516587676
300.0,90.0,0.15156118143459915,0.1774812734082397,0.180685618729097,0.18446726572528882,0.18976744186046512,0.19551430781129156,0.20082958866228828,0.20595936794582392,0.20979827089337175,0.21356421356421357,0.21588287488908606,0.21948079811199314,0.2214971209213052,0.22449593740595847,0.22710558571178427,0.23031893419459024,0.2340180013847219,0.23680336487907466,0.24146848989298456,0.246514745308311,0.2511689291101056,0.2666332162568991,0.2870775347912525,0.313949433304272,0.3517343006121061,0.3926524614254225,0.44255239520958084,0.49801448259752396,0.5507789959607616,0.6047238624522404,0.656910569105691,0.6995748700991969,0.7401908801696713,0.7702863961813843,0.7946017116524029,0.8157142857142857,0.8308993082244427,0.8433931484502447,0.8481216457960644,0.8565377532228361,0.8600975609756097,0.8617120380912949,0.8639725586879623,0.8617437313089488,0.8653163977571805,0.8642182079196076,0.8604591178746455,0.8606395578365574,0.8579159150825585,0.8553040390590325,0.8520137371214486,0.8489540438148574,0.8449037272566684,0.8400075202105659,0.8370544457500978,0.8306709265175719,0.8279851560794587,0.8264295362449348,0.8197914140189182,0.8145120081757793,0.8126144988222977,0.8055398530243075,0.7967831735230436,0.7905672823218998,0.7841549295774648,0.7776523702031602,0.7255416940249507,0.6818805093046034,0.6499215070643642,0.535056967572305
22500.0,10.0,0.6850232558139535,0.7750117426021607,0.7924528301886793,0.8054726368159204,0.8146132918771861,0.8205834683954619,0.8239018599129403,0.8257251545411317,0.826271186440678,0.8257978723404256,0.823962776269872,0.8211564320932317,0.8175745118191161,0.8134502923976609,0.8088624338624338,0.8034251675353685,0.7975772765246449,0.7924157303370787,0.7864850707176532,0.7806565064478311,0.774963915496654,0.7610326181754753,0.7477309750989062,0.7356143079315708,0.724896265560166,0.715702479338843,0.7093818181818182,0.7040913415794482,0.7018671942623964,0.7008764940239044,0.7016507030772366,0.7035695809622349,0.7063233376792699,0.7097959183673469,0.7139227642276422,0.7182389937106918,0.7221362229102167,0.726350710900474,0.7309691579068962,0.7354504756575265,0.7399427705773439,0.7441206030150753,0.7477970945463206,0.7513271863649064,0.7542949756888169,0.7566964285714286,0.7585479105107641,0.759469696969697,0.7603783499737257,0.760978670012547,0.7613882863340564,0.7621555915721232,0.7633689839572193,0.7647342995169082,0.7654104284976768,0.7665936473165389,0.7675869238766316,0.7687735047919447,0.7702273593293535,0.7717391304347826,0.7734418091560948,0.7771836007130125,0.7804258023514459,0.783916202061159,0.7864267901674385,0.7886376378247056,0.7885188866799204,0.7873743718592965,0.7864220183486239,0.7798810167658193
600.0,60.0,0.2168256721595837,0.242003046458492,0.23444241316270567,0.22923169267707083,0.22701949860724233,0.2267123287671233,0.2270081490104773,0.22760996290408056,0.22802659202239328,0.22823845809054236,0.22787709497206704,0.22698844323589396,0.22617504051863857,0.22445497630331754,0.2224775662070475,0.22107102733741105,0.21894825884675032,0.2168064567178351,0.21520550361615806,0.2128577028616229,0.2112752552683033,0.20927777777777778,0.2101628895184136,0.21509689049121225,0.22448394495412843,0.23870733478576617,0.2588342440801457,0.2804357592093441,0.3028044980354965,0.32631243018988354,0.3495680941003492,0.3672151635076026,0.38243366880146384,0.3972229109843789,0.39920634920634923,0.4069023100473142,0.4139976275207592,0.40717107262230323,0.4202715503631197,0.41734860883797054,0.40770519262981575,0.4197916666666667,0.4166371681415929,0.41042345276872966,0.4108527131782946,0.4094843808806925,0.4083588957055215,0.40639625585023403,0.40692124105011934,0.4071129707112971,0.4051975945017182,0.40031069684864623,0.3943784277879342,0.3936827328029948,0.3921674876847291,0.3878532473971244,0.3935137895812053,0.38766473379019506,0.3798927613941019,0.39389905712701057,0.39279279279279283,0.3805734347571679,0.38174123337363963,0.38379396984924624,0.3836184210526316,0.37959044368600686,0.3779015784586815,0.3748083500412785,0.37272601027635044,0.34926253687315634
8000.0,20.0,0.4574832464631422,0.4436596761925459,0.36737491432488006,0.31229090909090906,0.27285337772229157,0.24662245148612136,0.23183279742765273,0.2270501835985312,0.2293909973521624,0.23616325541964395,0.24393379399003695,0.25118288418020984,0.2579908675799087,0.2619194094124885,0.26394283620373765,0.266343315056938,0.26727799227799226,0.2675824175824176,0.26868872549019607,0.2693470790378007,0.27043544690603516,0.27603864734299516,0.2826747720364742,0.2909310396861325,0.29966703662597116,0.308708305350347,0.3183868400106129,0.32783312577833124,0.3372017353579176,0.34744224422442244,0.3586399627387052,0.36851558372952986,0.3801410105757932,0.392640413169787,0.40231046931407943,0.4140282131661442,0.4236457437661221,0.432173095014111,0.4426181102362205,0.4490340484576796,0.4536789492037661,0.46011825751176544,0.4639754726622381,0.46644889070368856,0.46913229018492175,0.4707898658718331,0.4721444133208839,0.47279519246386226,0.4735065811677354,0.47303287772441815,0.4729996058336618,0.47120756338633435,0.4694966365112503,0.4685126194560157,0.4654662725073905,0.4647926523796271,0.46409959467284306,0.4614904895541004,0.45955760977220206,0.4600532623169108,0.45923632610939114,0.45562356541698545,0.4540692989524577,0.4523404255319149,0.4494736842105263,0.4460668633235005,0.41222596964586844,0.391914296645836,0.383130081300813,0.36204772902232485
1200.0,30.0,0.363973237261966,0.35212173167595373,0.32740549828178694,0.30949848024316107,0.2948374760994264,0.2833333333333333,0.2768018018018018,0.2775988286969253,0.28660458452722065,0.3014892108195725,0.3219112627986348,0.3439032936229853,0.36310679611650487,0.3810728744939271,0.39426419466975665,0.4051083090850307,0.4144876325088339,0.4206257242178447,0.4279818406933553,0.43367211665930183,0.4381672177609825,0.45231752797016517,0.4628486646884273,0.4711984536082474,0.47717241379310343,0.4802189781021898,0.48183908045977014,0.4821939586645469,0.4823914823914824,0.48161209068010075,0.48060344827586204,0.4793041926851026,0.4779891304347826,0.4767807585568918,0.4754237288135593,0.47440305635148045,0.4726190476190476,0.47152777777777777,0.4703316766406329,0.46875,0.46761984861227923,0.4660036752783483,0.46492284119514066,0.46366974518749304,0.4625381399028139,0.46137954780213475,0.46025641025641023,0.4591113212006618,0.45784726398075765,0.45527840765936006,0.45333848930136633,0.45156146179401996,0.44970656476047494,0.4481796624354861,0.4466275659824047,0.44563936358279316,0.44474761255115963,0.44399312607405095,0.44365079365079363,0.44338693797177553,0.4433349975037444,0.443542817679558,0.4440684004275027,0.44495837187789083,0.4464701318851823,0.44798387096774195,0.4632896983494593,0.47315436241610737,0.47651006711409394,0.4600387972841901
1200.0,20.0,0.3929740791268759,0.34733285059135893,0.3314102564102564,0.31930912311780335,0.3073935772964899,0.29739507959479017,0.29158211198797446,0.2925297113752122,0.3010673234811166,0.31552453952637,0.3347970926711084,0.3553734756097561,0.3733885819521179,0.38992042440318303,0.4021511801613385,0.41190006574621957,0.42021276595744683,0.42572741194486985,0.4320388349514563,0.43640256959314777,0.43991844132306296,0.44982543640897754,0.45603260869565215,0.46052173913043476,0.4630195599022005,0.46372360844529753,0.46327345309381235,0.4628002745367193,0.4618143459915612,0.460632183908046,0.45900073475385744,0.4572727272727273,0.45606758832565286,0.45461658841940533,0.45354017501988864,0.4525382755842063,0.45037531276063386,0.44962468723936616,0.4483404255319149,0.4472584856396867,0.44621478873239434,0.44471544715447153,0.4435616438356164,0.4426716141001855,0.4415804327375353,0.4404580152671756,0.43959341723136497,0.43862745098039213,0.4377866400797607,0.4356064549713691,0.43402445507708665,0.4325713660724051,0.4311021414956834,0.42987874628231526,0.4288113230178721,0.4279523293607801,0.42751113310242456,0.4269348268839104,0.42679932807856313,0.42681787858572384,0.4268523526230395,0.4274905422446406,0.4283032490974729,0.42979169788700733,0.43166483602698885,0.43334419817470665,0.4523321956769056,0.46493045279668543,0.47079646017699117,0.45987933634992456
8000.0,30.0,0.46210949582431177,0.4488627326228726,0.376390243902439,0.329700272479564,0.30241256779502523,0.29021113243762,0.28860887096774196,0.29454277286135694,0.3052438277902469,0.31840193704600483,0.33173241852487134,0.3438626245495018,0.3544368166793796,0.36268028846153844,0.36904761904761907,0.37326693227091634,0.3766245487364621,0.37890188103711236,0.38058856819468023,0.38207070707070706,0.3831232492997199,0.385625,0.3881511746680286,0.39080624373478445,0.3933309429903191,0.39568984670073315,0.397887323943662,0.4000653167864141,0.40288049824834565,0.40616438356164386,0.4105820105820106,0.4149509803921569,0.42107466852756453,0.427843137254902,0.43410714285714286,0.4413452027695351,0.4480017663943475,0.4539990186457311,0.4613368283093054,0.46588946459412783,0.4693489624584191,0.47371056584877314,0.4765987852804573,0.4781190019193858,0.4797570850202429,0.4804528946806238,0.48102402874466654,0.4811409712399811,0.48116227530164984,0.4797719250610915,0.47870478413068845,0.4763729246487867,0.47423037011414737,0.4726806013934727,0.4694041867954911,0.46842325386867417,0.4670737025730484,0.4646450399623883,0.46258096661684106,0.46265120967741935,0.4613980177360459,0.45769901220220804,0.4557668711656442,0.4538311688311688,0.45073375262054505,0.44755822689706987,0.4167093798052281,0.3985381804193114,0.3910175082466379,0.3764955831376496
600.0,70.0,0.20470756062767476,0.21604837391730675,0.2079138872043663,0.2026974951830443,0.20064794816414686,0.20030816640986132,0.20101853161691893,0.20200681560015146,0.20333662876915473,0.20495268138801262,0.20623520126282557,0.20755813953488372,0.2092873831775701,0.21082581540596806,0.21173594132029339,0.21351606805293005,0.21532608695652175,0.21677018633540374,0.21908924291555054,0.22087456112352377,0.22300215982721383,0.23133397312859885,0.2433860759493671,0.25994212484497725,0.2794967880085653,0.30545702592087315,0.3354893617021277,0.364859228362878,0.3950093574547723,0.42344567112144105,0.4486967997360607,0.4674962852897474,0.48468249137756136,0.4945319335083115,0.5027193189879404,0.5091857000993049,0.5089757127771911,0.5136702568351285,0.514341957255343,0.5110717449069974,0.5089894606323621,0.5109375,0.5083708950418545,0.5031847133757962,0.5015384615384615,0.4989495798319328,0.49677881173944166,0.49432857665568974,0.4921758569299553,0.4858823529411765,0.4813915857605178,0.47914032869785084,0.4722222222222222,0.469286359530262,0.46576190476190477,0.45984443364122507,0.46001969473165927,0.4562661165549252,0.45144849785407726,0.4496518478843064,0.4474057891862371,0.4432258064516129,0.4396363636363636,0.4363693467336684,0.43379537953795383,0.4314365024288689,0.41456123432979747,0.4043348281016443,0.3964523281596452,0.3722915298752462
1300.0,0.0,0.40200918484500575,0.3178691127182925,0.31979969183359014,0.320203488372093,0.3166350411132195,0.3124087591240876,0.3104433497536946,0.313353115727003,0.32177304964539005,0.3335907335907336,0.3493167701863354,0.36534668487331207,0.37734845799361927,0.3915566226490596,0.398989898989899,0.4049137727380109,0.4106740165372087,0.41212281630492326,0.41581702948470656,0.4176960643493249,0.41836124401913877,0.4222789658474306,0.4214069336923595,0.421792618629174,0.4190510684534589,0.41648023862788963,0.4113394216133942,0.4100467289719626,0.4083168316831683,0.4088152042054185,0.40570373409930244,0.39620148637489677,0.4024234693877551,0.39709277469003845,0.39986870897155363,0.4016473731077471,0.3937160940325497,0.39420289855072466,0.3915977961432507,0.39577798861480074,0.3939799331103679,0.38919573643410854,0.38959764474975467,0.3881330685203575,0.38816120906801005,0.3839231547017189,0.3950395778364116,0.39429028815368194,0.3816272965879265,0.38379272326350605,0.3814213766088416,0.3813578826237054,0.37796610169491524,0.38331318016928656,0.3764449968924798,0.3813527180783818,0.3828125,0.38095872170439415,0.3724752475247525,0.367897918065816,0.3849217638691323,0.3817916970138383,0.3826086956521739,0.3808166409861325,0.3809141940657578,0.3900763358778626,0.41713399355685477,0.4387947269303202,0.45464939024390244,0.46480032935364346
300.0,80.0,0.14967689822294022,0.1735500878734622,0.17654417513682563,0.17988023952095808,0.1847166868826893,0.18982969537059247,0.19456591639871382,0.19907563025210084,0.20247178936055885,0.20566037735849058,0.20781379883624274,0.21075962119685673,0.21243523316062177,0.2151179312304632,0.21734084880636606,0.22015711822188158,0.22358884252141445,0.22600300902708123,0.23024445707788516,0.23477842003853563,0.23904382470119523,0.2533688802714493,0.2724404378622022,0.29770017035775126,0.3338163174320107,0.37320156953931116,0.4217091789238503,0.4760233918128655,0.5284718187100523,0.5824832922968695,0.6357615894039735,0.6790720154664089,0.7211328976034859,0.7521525215252153,0.7787610619469026,0.8001480384900074,0.816440542697526,0.8301102629346905,0.8349767441860465,0.8440076701821668,0.8476074367570863,0.8498705780845556,0.8523857414236227,0.8500359625988971,0.8539379474940334,0.8529191616766467,0.8490591397849463,0.849129063228638,0.8464430306535569,0.8437355524734166,0.8403771131339401,0.8369621121206926,0.8329658213891951,0.827437951924956,0.8247506615102788,0.8178200309529073,0.814907113729044,0.8135514018691589,0.8066381694744783,0.8011649457241198,0.7988614800759013,0.7914594910792631,0.782608695652174,0.7758855585831063,0.7692587209302325,0.7626066718386345,0.7083333333333334,0.6637088733798604,0.6312442029945674,0.5149779735682819
1200.0,0.0,0.39355742296918766,0.31538911644236395,0.31468890314304043,0.3140697390880273,0.31123981123981126,0.30840486409155937,0.3077840909090909,0.31108247422680413,0.31854491827454834,0.3281353682813537,0.34065006331785563,0.35310590631364563,0.3616583357835931,0.37290365011509374,0.37822349570200575,0.38245882803523557,0.3868229587712207,0.3874149659863946,0.3901675485008818,0.3913879981676592,0.39144893111638956,0.3937594363361852,0.39177215189873416,0.3916164383561644,0.3885264341957255,0.38586266589728796,0.38119858989424205,0.3799040191961608,0.3780146163215591,0.3784472049689441,0.37575566750629724,0.36719442685243825,0.3728338762214984,0.36804191224623445,0.37059611520428665,0.3723433242506812,0.365283540802213,0.3656509695290859,0.36329824561403506,0.36717391304347824,0.3656934306569343,0.3615099925980755,0.36179775280898874,0.3606520090978014,0.36056879323597235,0.3568672839506173,0.3672302737520129,0.36647681041497154,0.35464,0.3567590260285474,0.3545144804088586,0.35464098073555167,0.35146666666666665,0.35652573529411763,0.3502360717658168,0.3549471661863593,0.3560276679841897,0.354522486104093,0.3467281290710492,0.34250484051768065,0.358291077786169,0.35530528872695155,0.35621732211866336,0.35467289719626166,0.35472110827561065,0.3631227529532614,0.38802223417608034,0.40739873565909623,0.4223356009070295,0.4388206388206388
1900.0,60.0,0.33859065258283894,0.344636908727515,0.31774503523382447,0.3000871080139373,0.28872791519434626,0.2817880794701987,0.28025,0.2845854607342572,0.29403724585682556,0.30571626938208746,0.3208572290974947,0.33633257403189065,0.3477377654662973,0.3615510649918078,0.3694391934467549,0.3759087669280114,0.38268467037331216,0.38537444933920706,0.3915303176130895,0.3961688243342806,0.40018388690955065,0.41652892561983473,0.43105691056910567,0.4501225721289836,0.46544368600682595,0.4801237800523685,0.4896049896049896,0.5019685039370079,0.5109183368232126,0.5207606973058637,0.5235099337748345,0.5137895812053116,0.5290948275862069,0.524019068573524,0.5315005727376861,0.5368255218589996,0.525910931174089,0.528402125051083,0.5257429886982001,0.5340061430451952,0.5325022261798753,0.5255009107468124,0.5267317526731753,0.5253674727358938,0.526188166828322,0.5203132648066568,0.539378238341969,0.5385021097046413,0.5177477944992216,0.5226666666666666,0.5196123147092361,0.5203087885985748,0.5157926829268292,0.5241071428571429,0.5133774834437086,0.5208135593220339,0.5228712174524982,0.5188720173535791,0.5071994240460763,0.4994856722997796,0.5226385636221702,0.5162660256410256,0.5156895127993394,0.5111205432937181,0.5077601410934744,0.5166511627906977,0.5190280277706352,0.5192883272364482,0.514612954186414,0.47649572649572647
27500.0,50.0,0.5903581267217631,0.7615044878187776,0.7736883320281911,0.7804780876494024,0.7889960294951787,0.7925813777441333,0.7914811229428848,0.7843937575030012,0.7722181818181818,0.7568783526561689,0.7402676399026764,0.7239033544452264,0.7087248322147651,0.69558599695586,0.684156378600823,0.6743560169165705,0.665807560137457,0.6580459770114943,0.6513859275053305,0.6451038575667656,0.6393258426966292,0.6258232235701906,0.6136830102622577,0.6029787874228976,0.5947984911653762,0.5888510861031143,0.586515307877537,0.5875731652408824,0.5916568742655699,0.5998473282442748,0.6114285714285714,0.625585220802227,0.6429145890300788,0.6610479285134038,0.6805273833671399,0.700625,0.7207001522070016,0.739963503649635,0.7547683923705722,0.7719519898926089,0.7855579868708972,0.7964166666666667,0.8068097014925373,0.8127815610267155,0.8228719801309551,0.8275480059084195,0.8283128461434554,0.8323284524834912,0.8328454783546448,0.8351328191945159,0.8367614061331339,0.837843295638126,0.8369042413642326,0.8360309641097818,0.836552748885587,0.8329775880469584,0.8349082823790995,0.83584686774942,0.8331785824822037,0.8325187357445422,0.8342895713803578,0.8352293577981651,0.8342010412494995,0.8354103996562097,0.8355535140101057,0.8354554358472086,0.8090145148968678,0.7903583888360293,0.7747354497354498,0.7469982847341338
30000.0,30.0,0.5555066079295155,0.7527536231884058,0.7775654500286643,0.7879066912216084,0.7932126696832579,0.7911001236093943,0.7824096385542169,0.7697819943480017,0.75355684770506,0.7357620817843866,0.717777387023035,0.70096331215413,0.6859367626238791,0.6726686374630476,0.6612021857923497,0.6515513126491647,0.6431566908120473,0.6356292517006803,0.6287878787878788,0.6227608008429927,0.6164222873900294,0.6027649769585254,0.5901838012522723,0.5792349726775956,0.5709001233045623,0.5653084982537835,0.5634408602150538,0.5659385113268608,0.5722635494155154,0.5825452016689847,0.5973755656108597,0.6150152260482549,0.6357367710987858,0.6572189461670154,0.6796093377798952,0.7017337643255951,0.7227581279028225,0.7417840375586855,0.7560851926977687,0.7719298245614035,0.7833668678739101,0.7923954372623574,0.8000846023688664,0.8037735849056604,0.8115692432377672,0.8142244696053644,0.8133845046773807,0.815996948118006,0.8154494764041887,0.8160156839089127,0.8165981922760888,0.8166016317843207,0.8150422102839601,0.813953488372093,0.814226669567109,0.8107159569489939,0.8122100122100122,0.8134252169474222,0.8106637649619152,0.8101374570446735,0.811887072808321,0.81300549983824,0.8131402331331685,0.8144212523719165,0.814935064935065,0.8147987884032886,0.7902144772117963,0.772962962962963,0.757779063042221,0.7294429708222813
8000.0,0.0,0.45043149946062566,0.44371584699453553,0.3720981165133596,0.3127890514393582,0.26831050228310505,0.23869801084990958,0.22215536105032824,0.2171888230313294,0.22007458048477316,0.22817391304347825,0.2365414065260926,0.2441502463054187,0.2510129268763264,0.25399094591374793,0.25472679965307893,0.2563129617192747,0.2562597200622084,0.2552867383512545,0.2562877263581489,0.25620728929384967,0.2572066326530612,0.2645579886455799,0.27375217792354206,0.2852255448555499,0.2974303739036775,0.30940139551964746,0.32217484008528785,0.3337420304070623,0.34486607142857145,0.35700934579439253,0.36945304437564497,0.37987734764277503,0.39218554116172166,0.404492362982929,0.4139177810797424,0.42505274261603376,0.4335612535612536,0.4411439114391144,0.4499684144030322,0.4552168021680217,0.45862573099415205,0.4635955056179775,0.46658805031446543,0.4679966749792186,0.4697413793103448,0.4709156193895871,0.47166821994408203,0.4720232333010649,0.4724141383798939,0.471644715358659,0.4712192871150075,0.4695793690535804,0.4680392948459158,0.46715741789354476,0.46467307096374344,0.4643428205948193,0.46368159203980097,0.4616482340349625,0.46030548745992833,0.46094046264694727,0.4604851330203443,0.45764552562988703,0.45688868613138683,0.45576923076923076,0.45302013422818793,0.4503880266075388,0.41506591337099813,0.3930496453900709,0.3833176248821866,0.3635371179039301
1400.0,50.0,0.31445324881141046,0.31722978137899405,0.2916517055655296,0.27351129363449694,0.26083682008368203,0.2513403949261148,0.2457210308872713,0.24433048433048432,0.24706115965051628,0.25235042735042734,0.26022099447513813,0.26919758412424505,0.27738145195132186,0.28650852483320977,0.29380632241453297,0.3011714936544094,0.3086734693877551,0.31419262879250665,0.3220680393912265,0.32882439744220365,0.3351322180248246,0.35669832951195546,0.3783392087739914,0.4006381039197812,0.4213284898806435,0.4391304347826087,0.4535918626827718,0.46514012303485985,0.4738784370477569,0.47984848484848486,0.4840316205533597,0.4862582781456954,0.4880305602716469,0.48882096069868997,0.48882931188561213,0.4889799635701275,0.48784425451092117,0.48798856053384176,0.48681640625,0.4855224927361988,0.48475299857694654,0.48324607329842934,0.48237417710766617,0.4811891891891892,0.48015829394305815,0.47898502123854236,0.4778409090909091,0.47675625793055715,0.4755581668625147,0.4729246330331812,0.47104930467762324,0.46906812842599843,0.4673110484628809,0.46565934065934067,0.4639294491831719,0.4629360465116279,0.46205657835653346,0.4610991046619327,0.460693550917935,0.46032776245335066,0.46024691358024694,0.46019815510761874,0.46077912920853165,0.46155254485536434,0.46288125839248034,0.4642073778664008,0.4779680044905978,0.48642699926632427,0.48793330408073715,0.4660984848484849
1400.0,70.0,0.30748079255964417,0.31132430398796085,0.28803480783176216,0.2723378212974296,0.262109375,0.255519093078759,0.25235693926770447,0.25279676817899316,0.25635899617184177,0.2617033276931754,0.2689306358381503,0.27681940700808627,0.2838147138964578,0.29157556270096463,0.2980122552682708,0.3043403964456596,0.3108628659476117,0.31565273868802773,0.32278177458033575,0.3288216560509554,0.3344079718640094,0.35446298984034835,0.3748121961997349,0.3969617600838135,0.4180109157064888,0.4366323024054983,0.45244274809160306,0.46509121061359865,0.47528786536758194,0.48216619981325864,0.48697355533790404,0.48959835221421216,0.4919961836107283,0.4930563149261892,0.49337971274685816,0.4935868071461292,0.4922893006575015,0.49231138875540603,0.49125184820108425,0.4900670631405795,0.489145793192036,0.48762081292201775,0.48663532572196105,0.48549931600547197,0.4842749791260785,0.483158788564959,0.4820092112838227,0.4808591466978375,0.47960702590056564,0.47671147233510475,0.474847805190644,0.472874627853126,0.4709084722694794,0.46927763272410794,0.46748488734200405,0.4662983425414365,0.4654779969650986,0.4643974960876369,0.4639093259097236,0.463499897182809,0.46328744263662913,0.4633037453994371,0.4635835567470956,0.46437688558830353,0.4654669260700389,0.46676775334849635,0.4802701741912549,0.4883936861652739,0.49017212659633536,0.46765514767427957
30000.0,10.0,0.5786303107165505,0.7895081967213115,0.8075173569547522,0.8104575163398693,0.8111367718758019,0.8064625850340136,0.7963683527885862,0.7817502668089648,0.7640232108317214,0.7448698315467075,0.725089605734767,0.7070769868407419,0.6908767772511848,0.676821903100255,0.6648550724637681,0.6548403446528129,0.6461944235116804,0.6384405784950744,0.631578947368421,0.6253557567917206,0.6193214491086831,0.6056285178236398,0.593011811023622,0.5815294880103694,0.5723695466210437,0.5658415282016502,0.5625559868617498,0.5631527093596059,0.567160301376981,0.5750427350427351,0.5862841774988794,0.6003510825043885,0.6171341925701289,0.6355121951219512,0.6550310559006212,0.6747383221371661,0.6939487975174554,0.7118804837562248,0.7268026429187016,0.7420122365737594,0.7535828025477707,0.7630004601932812,0.7715629900679561,0.776595744680851,0.7835385612443292,0.7877492877492878,0.7875,0.7894472361809045,0.7891989198919892,0.7899414259745506,0.7901453778714904,0.7901011560693642,0.7885542953982532,0.78735310576385,0.7871962062833432,0.7839594230464416,0.7845056403450564,0.7849331713244229,0.7824567855829349,0.7813163481953291,0.7823647294589179,0.7827788649706457,0.7820754716981132,0.7832238504295098,0.783427495291902,0.7831050228310502,0.7615062761506276,0.7465103294249023,0.7338764426340801,0.7065078689919183
1900.0,40.0,0.3391691702061535,0.3472395583293327,0.31825842696629214,0.2980442864069824,0.2835781041388518,0.27307200681721344,0.26842452208305867,0.2708785784797631,0.27993734871137693,0.2928853754940711,0.3111695137976347,0.33030810448760883,0.3450369155045119,0.3628279883381924,0.3730016769144774,0.3813953488372093,0.3906054279749478,0.3939463601532567,0.40165837479270317,0.40765076507650766,0.41268292682926827,0.4321791795223403,0.44785761371127225,0.4675538277511962,0.4815550041356493,0.49411551692920513,0.5010689990281827,0.5107839070924928,0.517557251908397,0.5261228230980751,0.527216543855479,0.5161603888213852,0.530779054916986,0.5248116393868537,0.5323974082073434,0.537242912729294,0.5259555048488306,0.5283290192694852,0.5251544571932921,0.5336004932182491,0.5317286652078774,0.5247682965803772,0.5264187866927593,0.5247755237778516,0.5255102040816326,0.5195607412491421,0.5385174418604651,0.5377218934911243,0.5171033478893741,0.5214174454828661,0.5183852917665868,0.519150707743547,0.5149700598802395,0.5230425055928412,0.5123198512319851,0.5197524988100904,0.5217391304347826,0.5180294565769427,0.506066734074823,0.498399586990191,0.5217343578485181,0.5152676056338028,0.514692218350755,0.5099701492537313,0.5068901303538175,0.5153141361256545,0.517513611615245,0.5172211120253909,0.5122973728339855,0.4743239137040413
27500.0,70.0,0.5921604375569736,0.7639626442043582,0.775965379494008,0.782608695652174,0.7905308464849354,0.7944603629417383,0.7931455055494573,0.7858652974932044,0.7736745886654479,0.7583659278574533,0.7417302798982188,0.7252941176470589,0.7099596231493943,0.6967963386727689,0.6855670103092784,0.6754935002407318,0.6672043010752688,0.6600719424460432,0.6527685123415611,0.6465478841870824,0.6407438016528926,0.6277759722673599,0.6158119658119658,0.6057475582268971,0.5979202772963604,0.5924356048255625,0.5906757912745937,0.5925097820011179,0.5974508375819374,0.6060377358490566,0.6188221007893139,0.6337634074304368,0.6519086973632429,0.6711210096510765,0.6915744157441575,0.7126696832579186,0.7334550433591968,0.7536704730831973,0.7690815006468306,0.7870439314966493,0.8007692307692308,0.8115533980582524,0.8228997729484269,0.8291767554479419,0.8395285584768812,0.844475721323012,0.8453703703703703,0.8498366013071895,0.8504116307584516,0.8532038834951456,0.8553020701309675,0.8563296903460837,0.8555582943061375,0.854574299312533,0.8552301255230126,0.8521084337349397,0.8536967418546366,0.8546701502286087,0.851903597624869,0.8509385351490615,0.8525714285714285,0.853294653957729,0.8522212148685403,0.8530413625304136,0.8526808953669963,0.8522222222222222,0.8254641909814324,0.8058204334365325,0.7891113892365456,0.7607581967213115
5000.0,20.0,0.3506975553564572,0.39549763033175356,0.3632263660017346,0.3411154345006485,0.3240984544934173,0.3115495668912416,0.3055257921322517,0.30718054599678823,0.31389521640091117,0.32075555555555557,0.3285302593659942,0.3336225596529284,0.3351520572450805,0.336337610009543,0.3352201257861635,0.33377212227585196,0.33316658329164583,0.3319822428102683,0.3326166415824554,0.33373727581192436,0.33515731874145005,0.3437072503419973,0.3544836379090523,0.36681933842239184,0.37941527446300716,0.3914776632302405,0.40233100233100233,0.4115780445969125,0.4193488372093023,0.42604790419161676,0.43157557643040134,0.43655815023582195,0.4402644230769231,0.44358812381554014,0.44643799472295514,0.4489740082079343,0.4520588235294118,0.45365126676602086,0.4558800562236452,0.4579577118505163,0.4598206733209271,0.4622675250357654,0.46385097749907783,0.46572194561470703,0.46764589122667727,0.46943815599917676,0.4713036057179433,0.4731847274332377,0.4753157290470723,0.4798886921325575,0.4834987925945801,0.48720161058383665,0.49095923996322405,0.49417852522639066,0.49822695035460995,0.5003633720930233,0.5028768699654775,0.505271695052717,0.5069066555043952,0.5079365079365079,0.5090415913200723,0.5107707036859741,0.5115230460921844,0.5115850447604002,0.5111607142857143,0.5101694915254237,0.49150442477876105,0.475293542074364,0.4659581022797289,0.4163768115942029
35800.0,80.0,0.5390070921985816,0.7025673137132122,0.7303290414878397,0.7487652716402391,0.7614288751860514,0.7658428390367554,0.764418811002662,0.7589073634204275,0.751501154734411,0.7429543245869776,0.7338371116708649,0.725481674634217,0.7174548581255374,0.7108433734939759,0.7049559981472904,0.7000793440888654,0.6963429256594724,0.6926201760324983,0.6902587519025876,0.6878736122971819,0.6863026819923371,0.6836409929980903,0.6841927303465765,0.6878709821928547,0.6966622555506543,0.7079815809669993,0.7237555446032529,0.7423771001866832,0.7621453556160125,0.7838095238095238,0.8059360730593608,0.8255261371350985,0.845247446975648,0.8617059891107078,0.8765457543281121,0.8893876611418048,0.8996945010183299,0.9085738068812431,0.9130838230745437,0.9200457815565729,0.9236466231705167,0.9258836944127709,0.9290865384615384,0.9292381159105708,0.9334801762114537,0.9341400977426111,0.9329299041855774,0.9346694429984383,0.9340143567090006,0.9351658201374365,0.9361022364217252,0.9369461486025903,0.9362564480471629,0.9355985776372975,0.9360730593607306,0.9342701722574795,0.9353023909985936,0.935672514619883,0.934106483921982,0.932998324958124,0.9342939481268011,0.9338790931989924,0.9331476323119777,0.9331831831831832,0.9328478964401294,0.9320557491289199,0.9167974882260597,0.9053825730147237,0.8947193623380935,0.8850748145353955
3000.0,90.0,0.34229274611398963,0.3671604160100851,0.32975551580202744,0.30733575171301897,0.2957769712966018,0.29118572927597064,0.29445344129554657,0.30560916767189383,0.3231433506044905,0.3419769239919115,0.3644786432160804,0.3847072879330944,0.3967828418230563,0.4128732966077124,0.4181208053691275,0.4212328767123288,0.4260204081632653,0.42486948267679164,0.42825298081907726,0.43091842555618937,0.4328732747804266,0.44412650602409637,0.45235975066785394,0.46574494428394553,0.4734091964700418,0.4815197725510468,0.484456322970882,0.4925373134328358,0.4980538436587739,0.5068209290278017,0.5076978808186923,0.4957967494862694,0.5136644723718332,0.5082872928176796,0.51875,0.526032315978456,0.5156031672100605,0.5191398865784499,0.5179574883948205,0.5312174817898023,0.530444030842861,0.525,0.5287291253891877,0.5291375291375291,0.5328313253012048,0.5272504592774035,0.5536480686695279,0.5549152542372882,0.5305305305305306,0.5417582417582417,0.5416030534351145,0.5463000404367165,0.5444584913611462,0.5575459023734886,0.5476415094339623,0.5579922027290448,0.5620848237097599,0.5579058699101005,0.5457429931253305,0.5373846988605534,0.5641531322505801,0.5560931899641577,0.5546913580246914,0.548284625158831,0.542998678996037,0.5501043841336117,0.5316395014381592,0.5203992514036182,0.5127934978928357,0.4675892206846322
600.0,50.0,0.2103694581280788,0.22574562907096332,0.21355759429153925,0.20413793103448277,0.19770220588235293,0.19246920492721165,0.18834218048182932,0.18481301741364545,0.18171713300114986,0.17930521091811413,0.17681789931634556,0.17477272727272727,0.17362240289069558,0.17212249208025343,0.1707435803821346,0.17045454545454544,0.1697906904092471,0.16906512605042018,0.16913940809968847,0.16866767436838695,0.16880821590637687,0.1718361153262519,0.1771417595082597,0.18622028141678798,0.1993887530562347,0.21638591117917305,0.2389943074003795,0.2620172910662824,0.28473648186173856,0.30821700507614214,0.33063646170442285,0.34684865515857083,0.3604954367666232,0.37511627906976747,0.3757055214723926,0.3827665558680644,0.38972972972972975,0.38163321418751717,0.3944902016472593,0.3923234690887782,0.3826164874551971,0.39358420727945714,0.3907180934462214,0.38599296450271825,0.3860677083333333,0.38456442530639284,0.3838894506235254,0.38193018480492813,0.3826299267527032,0.3833760527279385,0.38175675675675674,0.3764728682170542,0.37200956937799046,0.37151020408163266,0.36961373390557944,0.36725701943844496,0.3718861209964413,0.3664220183486238,0.36024265048996734,0.373757838880849,0.37312775330396475,0.36187086934417895,0.3635362014690451,0.36606753812636167,0.3660968660968661,0.3627659574468085,0.3645032051282051,0.36386716766527877,0.3631158296552547,0.3428139944626227
8000.0,10.0,0.45409546258102534,0.4435257410296412,0.37070254110612855,0.31272727272727274,0.26926246394726,0.2402657316848127,0.22348623853211008,0.21807456347333648,0.22045611610228058,0.22764932562620424,0.2355850579200833,0.24296371651407256,0.24957591178965224,0.2524145131819368,0.2531417745500474,0.2546686195532772,0.2547185780787135,0.25386861313868614,0.2547190398254228,0.25468557336621456,0.2556551724137931,0.2624890446976337,0.27099701228283724,0.28170364283757876,0.29333333333333333,0.3048683160415004,0.31735691019078643,0.32858678130037616,0.3397790055248619,0.35168616655196144,0.36405951926745517,0.37458422174840084,0.38675373134328356,0.39934541792547834,0.4089037284362827,0.4202140309155767,0.4291881443298969,0.4368641114982578,0.44626436781609197,0.45154320987654323,0.4556761268781302,0.4607540702656384,0.46405405405405403,0.4657442748091603,0.46778989098116946,0.469250645994832,0.47018373267433117,0.47062109025916,0.47109158186864014,0.4703512526753116,0.4702030999465526,0.46857308753084626,0.4670415495157763,0.46611842105263157,0.46361671469740634,0.46316964285714285,0.46254826254826253,0.4604361370716511,0.45903799692510433,0.4595669465311533,0.45896032831737343,0.4559493670886076,0.4551742484703379,0.45401009534492426,0.4515060240963855,0.44875525379890074,0.41574023115024766,0.3945364238410596,0.3852234054232078,0.3640922768304915
22500.0,20.0,0.6812266720468072,0.7724645296899633,0.7874172185430464,0.7990562780527103,0.8078264826330958,0.813289927230946,0.816105486225571,0.8170697012802276,0.8166383701188455,0.8148296593186373,0.8116213683223993,0.8079218665219751,0.8026151930261519,0.796742209631728,0.7911858974358974,0.7847610459873761,0.7780586450960566,0.7715029425079222,0.7650930261992153,0.7587036512878573,0.7522950300728078,0.7373949579831933,0.723404255319149,0.7109199700822737,0.6997506234413965,0.6911862160371107,0.6839020122484689,0.6790505675954592,0.6766636824828409,0.6764989396568344,0.6782006920415224,0.6812460667086218,0.6857597454256166,0.6913086913086913,0.697196261682243,0.702934362934363,0.7098095238095238,0.7160349854227406,0.7223405766226388,0.7286768491505062,0.7347611202635914,0.7401960784313726,0.7455912113327551,0.7497467071935157,0.7540856031128405,0.7574411372723234,0.7595381526104418,0.7610520425293789,0.7619047619047619,0.7637161667885881,0.7644351464435146,0.7658582089552238,0.7666905224414682,0.76731852833941,0.7680800942285041,0.7681829542614347,0.7691599842250558,0.7701529557668458,0.7706859205776173,0.7716998191681737,0.7731684408265498,0.776036400404449,0.7786397257802634,0.7813578826237054,0.78328611898017,0.7849553761155971,0.7812858783008036,0.7783467446964155,0.7755803955288049,0.7676406788311854
10000.0,80.0,0.4741173922460472,0.5134095009019843,0.4678838174273859,0.4619304556354916,0.4714765100671141,0.48578465869106263,0.500968992248062,0.5147320294640589,0.5274159832770542,0.538781163434903,0.5487020719218861,0.5570866141732284,0.5641781270464964,0.5704066265060241,0.5755364806866953,0.5796890184645287,0.5826039387308534,0.585512584407612,0.587706043956044,0.5896392939370683,0.5911739502999143,0.594387467598332,0.5960059171597634,0.5965523920201433,0.5957661290322581,0.594014313597918,0.5912863070539419,0.5882967607105538,0.5851008458035133,0.5824,0.5805636540330418,0.5797984532458401,0.5802486380779438,0.5814415907207954,0.5836583463338534,0.5867881548974943,0.5905366111551679,0.5947672649832674,0.5977535977535977,0.6026962727993656,0.6062780269058295,0.6086737266767523,0.6119820828667413,0.6133208255159475,0.6170945945945946,0.6180339985218034,0.617359413202934,0.6186351706036746,0.6182163187855787,0.6180067092306027,0.6175936023264268,0.6162821888412017,0.6138084632516704,0.6113459037711313,0.6095687096210931,0.6056553305311425,0.6042296072507553,0.6022920203735145,0.5980347349177331,0.5948630966803974,0.5928355196770938,0.587551867219917,0.5819397993311036,0.5773770491803278,0.5736897643334505,0.5700301204819277,0.5539722572509458,0.5491402714932127,0.5473417137585054,0.5699873896595208
1100.0,80.0,0.29506382978723406,0.29447174447174446,0.2711583924349882,0.254746835443038,0.24381110879966716,0.2361328737073018,0.2316507503410641,0.23010204081632654,0.23128249566724438,0.23396959652531718,0.23869457046685205,0.2443917563377713,0.24988893824966682,0.25653206650831356,0.26235330450895616,0.2683274021352313,0.2748684743019021,0.2798076923076923,0.2870010235414534,0.2930405019965773,0.298858592263792,0.3188,0.33920792079207923,0.3608995716325559,0.38192216487655184,0.40044707009420405,0.41593710916562443,0.4287109375,0.4382987638801592,0.44535579694081134,0.44967381174277726,0.4514705882352941,0.45316839182024743,0.45364583333333336,0.4535008017103153,0.4531079607415485,0.45082433200682204,0.45072836332476435,0.4492244659057653,0.4473131191834284,0.4462381967712458,0.44433991846973975,0.44324324324324327,0.4416046586865092,0.44031568562972706,0.43883689839572193,0.43769100169779285,0.4361005856011023,0.43493511048754824,0.4319852941176471,0.4299698795180723,0.4277950310559006,0.42560829676904666,0.42414355628058725,0.4223605150214592,0.421259163432514,0.4202042628774423,0.41913919413919415,0.4186219739292365,0.41815992292870907,0.4178396871945259,0.4176739461655663,0.41800524934383204,0.4186783178590934,0.4197247706422018,0.42120669056152926,0.4364957264957265,0.44704419577257826,0.45243302351011483,0.4427067669172932
1100.0,90.0,0.2981546572934974,0.29729501267962805,0.27383863080684595,0.257275584096188,0.24627349319507452,0.2385518590998043,0.23415559772296016,0.2328,0.23430127041742288,0.23729626078619367,0.24254992319508448,0.24875526618153965,0.25449031957079543,0.26166851441241684,0.26769280622164615,0.2740574841358716,0.2807121661721068,0.2859060402684564,0.2932584269662921,0.299523241954708,0.3052910052910053,0.3253532834580216,0.3455980321820232,0.36721915285451195,0.3877814427075864,0.40575916230366493,0.4205624543462381,0.4325831507667795,0.4418852633823843,0.44817485353762954,0.45209368346344925,0.45361850285998506,0.4551971326164875,0.4555056773171376,0.4550379198266522,0.4544198895027624,0.4521889400921659,0.4519675925925926,0.4503409427809072,0.4486009732360097,0.44739278000617094,0.44536213468869124,0.44412238325281805,0.4424778761061947,0.44103930712858097,0.4397427217332431,0.43859649122807015,0.437347294938918,0.43567874911158494,0.43293591654247393,0.4305873379099924,0.42840283241542093,0.42660735948241,0.42496899545266636,0.42301000434971725,0.42189685314685316,0.4207920792079208,0.4198700092850511,0.41920717319490325,0.418701171875,0.41843409316154606,0.41822863027806384,0.41846726982437465,0.4191029900332226,0.42017441860465116,0.4213075060532688,0.43627705627705626,0.4469132974458825,0.45221606648199447,0.4424131627056673
10000.0,90.0,0.47400881057268723,0.5131047152480098,0.4670952461512434,0.46116207951070337,0.47049902152641876,0.4849748382458663,0.4996043521266073,0.5137555151829744,0.5265406737880033,0.537917087967644,0.5479552093476144,0.5563218390804597,0.5635876840696118,0.5694497883801463,0.5745614035087719,0.5789473684210527,0.5824482951369481,0.5850062735257214,0.5871578947368421,0.5892549019607843,0.5908056042031523,0.5938075506445673,0.595619335347432,0.5962032825786039,0.5954218106995884,0.5937603717225357,0.5911976301311892,0.5881726158763985,0.5848806366047745,0.5826264274061991,0.5805940594059406,0.5799713535449988,0.5805120910384068,0.581646423751687,0.5841603811036126,0.5872537659327925,0.5910190911535359,0.5954222084751005,0.5982875490545844,0.6035455278001611,0.6070127504553734,0.6101434426229508,0.6134167140420693,0.6142766497461929,0.6183002056202879,0.6194152923538231,0.6186776859504132,0.6204081632653061,0.6196153846153846,0.6196951420111855,0.6193690929176384,0.6181744091279544,0.6156968876860622,0.6133969716919025,0.6116316068587591,0.6075435203094778,0.6063200815494394,0.6045112781954888,0.6000462641684016,0.5970076036301202,0.5949948927477018,0.5897507700924111,0.5838719606032625,0.5796812749003984,0.5758547008547008,0.5722455203964926,0.5558184143222507,0.5505050505050505,0.5485533559798524,0.571123451516446
1200.0,10.0,0.3941489361702128,0.31992121553179514,0.32053954629061926,0.32000462267421703,0.31570480595214157,0.31072847682119203,0.30833333333333335,0.3109631949882537,0.3191393993724787,0.33089579524680074,0.3469988230678698,0.3634836852207294,0.37594830008429336,0.3908338637810312,0.3987386124737211,0.40506807866868383,0.4112676056338028,0.41300639658848615,0.4170894526034713,0.41959962756052144,0.4208070004861449,0.4259394572025052,0.42589928057553955,0.4276422764227642,0.42572115384615383,0.42389819987585353,0.41944091486658197,0.4185667752442997,0.41685467816854677,0.41785471826205023,0.4148965517241379,0.4050694444444444,0.41159627773801,0.4062680115273775,0.4092250922509225,0.41111945905334335,0.4029770992366412,0.4032110091743119,0.40069821567106284,0.404971932638332,0.4029886914378029,0.39819672131147543,0.3983402489626556,0.3969747899159664,0.3967604433077579,0.39263698630136984,0.4038427167113494,0.4031645569620253,0.3897777777777778,0.39178338001867413,0.38956356736242886,0.3893658536585366,0.38572844400396433,0.3910591612837076,0.3840151834668916,0.38895442359249327,0.390281612368857,0.3882990738649198,0.3797893793412503,0.37488605287146765,0.39203860072376356,0.38851851851851854,0.38945362134688694,0.38746736292428197,0.38713180399076963,0.39587215135445036,0.41932270916334663,0.4374190204716248,0.44936117170458084,0.45354070152217074
1900.0,0.0,0.4128487593946258,0.3472491909385113,0.3330122029543995,0.32106499608457323,0.3084640642101423,0.2984904585588152,0.2941860465116279,0.29829437776373974,0.3118385650224215,0.33304636576066904,0.35910708508573275,0.38618300387201954,0.41109741060419236,0.4319099826889786,0.4490998363338789,0.4627949183303085,0.4742472266244057,0.4831896551724138,0.49195402298850577,0.49876786594381467,0.5049630411826822,0.5201430274135876,0.5324270557029178,0.5419753086419753,0.5487956487956488,0.5536807278742762,0.5568083261058109,0.5584922797456857,0.5596986817325801,0.560371819960861,0.5605633802816902,0.5608260069515436,0.5604231221284325,0.5604419410745234,0.5599775784753364,0.5595580619173668,0.55895865237366,0.5588235294117647,0.5583000363240102,0.557339739537236,0.5569636456733231,0.556310425921087,0.555688622754491,0.5549837486457205,0.5543267901575891,0.553852584645395,0.5522914218566393,0.5516417910447761,0.5517697165516229,0.5495467333541731,0.5482168559091636,0.5467816854678168,0.5454236712514858,0.5438627520339583,0.5426583668985719,0.5418848167539267,0.5407077934635467,0.5401546698393813,0.5397357523170973,0.5392806911794253,0.5388215273346096,0.5387630662020906,0.5384959713518352,0.5387970615243343,0.5393766357363787,0.5398849712428107,0.546832884097035,0.5501285347043702,0.5473313192346425,0.5109924623115578
22500.0,30.0,0.653159773252152,0.7664326738991704,0.7815589551462171,0.7922997492255495,0.8013833992094862,0.8068669527896996,0.8096430807764559,0.8100494861058242,0.8083941605839416,0.8055105348460292,0.8012658227848102,0.7958883994126285,0.7900505902192243,0.7832053742802303,0.7764871906209292,0.769456322541234,0.7624332100287711,0.7553273033880117,0.748586118251928,0.7419540229885058,0.7352752195330906,0.7197614991482112,0.7054820415879017,0.6922300706357215,0.6812373907195696,0.6716964285714285,0.6649375147370903,0.6606894419539342,0.6591503925911013,0.659984379067951,0.6628800534580688,0.6682282793867121,0.6742057081313947,0.6820027063599459,0.690126582278481,0.6985271074898151,0.7072043148837807,0.7159197743654027,0.723574144486692,0.7319799270072993,0.7396031530307149,0.7463070006422607,0.7528132033008252,0.7577207481513701,0.7638613861386139,0.7670772676371781,0.769182389937107,0.7722222222222223,0.7734553775743707,0.7755120213713268,0.777632109721662,0.7791164658634538,0.7794978059483179,0.7799395293808334,0.7808219178082192,0.7799434607945246,0.781298782391508,0.7823529411764706,0.7820182224514355,0.7827102803738317,0.7843685879500093,0.7867632267149467,0.7887110726643599,0.7911100875172732,0.7926413255360624,0.7936344969199178,0.7841315225160829,0.778138026864289,0.7734288864388092,0.7616985845129058
1800.0,0.0,0.413366645846346,0.3445529090199141,0.3328895849647612,0.3223901098901099,0.31039136302294196,0.3005283550545967,0.2963180362860192,0.30031347962382443,0.31351592073034956,0.3341467134360226,0.35950330462647706,0.3860488541928985,0.41058394160583944,0.43110795454545453,0.44833132287897065,0.46215494211932323,0.47360504609412907,0.48234984193888303,0.4912970241437395,0.4980780780780781,0.5042389210019268,0.519364161849711,0.5309047237790232,0.5391797556719022,0.5455307262569833,0.549604743083004,0.5519272501808412,0.5530720224597776,0.5538547486033519,0.5537534754402225,0.5537180249851279,0.553556333776114,0.5526581002771479,0.5523092625669813,0.5514831905075808,0.5506149479659413,0.5496752798120769,0.5494230501876824,0.5484831301389282,0.5470666469632037,0.546337817638266,0.5454129838463883,0.5444961240310078,0.5435913605549425,0.5425172801800353,0.5418487939129027,0.5398637137989779,0.53882068130728,0.5388803811468437,0.5361271676300579,0.5344159439010887,0.5326834862385321,0.5309630787263138,0.5291607396870555,0.5277310924369748,0.5266881028938907,0.5254762959680992,0.5248581157775255,0.5243792325056433,0.5239080459770115,0.5237284010708202,0.5236671649227703,0.523943661971831,0.5244351024697845,0.5251974938708799,0.5262102549412776,0.5367931835786213,0.5424481737413623,0.5416860465116279,0.5110627493652521
600.0,40.0,0.2865314401622718,0.30037614185921546,0.2877647058823529,0.27710311327003756,0.2670734107459162,0.25774171737660584,0.2520786516853933,0.2526600541027953,0.26052521884118385,0.27665234295068547,0.2956744450768355,0.3156460044809559,0.3380774615025665,0.35140961857379766,0.3606484424666243,0.3736130867709815,0.37886557886557887,0.3838135593220339,0.3889792231255646,0.3898843930635838,0.3939269593762823,0.40293208109036766,0.40917709518392115,0.4130968622100955,0.41584302325581396,0.4168585905112851,0.422272288381075,0.4214393053932209,0.4175408426483233,0.4170783345095272,0.41891647037506796,0.41649484536082476,0.4146341463414634,0.4184190031152648,0.40876636255454185,0.40962157809983896,0.4125888749477206,0.39958115183246073,0.41131105398457585,0.4073748902546093,0.3957730812013348,0.4065934065934066,0.40301624129930397,0.3974025974025974,0.3975036005760922,0.3958028306490971,0.39493922103696355,0.39284814908083604,0.39343421390100025,0.39418416801292405,0.39249240960529946,0.38683010262257694,0.38211143695014665,0.3815670969678775,0.37958280657395704,0.37710651828298886,0.3819194235178513,0.3761405880364988,0.3694158075601375,0.3834399431414357,0.3826181031373963,0.37064769749157617,0.3722952086553323,0.3747292418772563,0.3743288590604027,0.3707136640557006,0.36842723004694833,0.3650852483320978,0.363272410791993,0.3412391983820555
3000.0,80.0,0.34233947870311504,0.3671826625386997,0.3297423887587822,0.30731948565776457,0.29587044534412954,0.29145211122554066,0.29475566150178784,0.30597633136094676,0.32364406779661015,0.3423139724749242,0.364685960591133,0.3849307046652352,0.3971326164874552,0.4130187606594656,0.41822968081605794,0.421799178798059,0.4261884904086739,0.4250465549348231,0.42843336724313325,0.43094571908226076,0.43312807881773396,0.44412416851441244,0.4521853146853147,0.46574092844111087,0.47341396622546783,0.48139209958084594,0.484375,0.49251272836178495,0.4980066974964121,0.5067934782608695,0.5075717085337609,0.49568252801763735,0.5137362637362637,0.5081505333065003,0.5185499258002968,0.5260485651214128,0.5153458543289052,0.5190609019060902,0.517664023071377,0.5309621289662231,0.5304734501700236,0.5248648648648648,0.5285435811751601,0.529243119266055,0.5324444444444445,0.5271084337349398,0.5537512179278987,0.5547031354236157,0.5305318450426789,0.5416216216216216,0.5418700713481036,0.5463589335455631,0.5443615257048093,0.5572687224669604,0.5475638051044084,0.5577937649880096,0.5620915032679739,0.5577523413111343,0.5457856399583767,0.5371062466631074,0.5640981735159817,0.5561434450323339,0.5544626593806922,0.548125,0.5428200129954516,0.5498288843258042,0.5316037735849056,0.5204419889502763,0.5127369668246445,0.4672160515944106
35800.0,90.0,0.5390132960111966,0.7030360531309298,0.7306859205776173,0.7489841394678202,0.7616802400342906,0.7659642401021711,0.7649687220732797,0.7595693779904307,0.752093023255814,0.7429130009775171,0.7339847991313789,0.7254187909686817,0.7176206121390282,0.7109406540169559,0.7050744878957169,0.7001594896331739,0.6960843373493976,0.6928571428571428,0.6899847094801224,0.6878216123499142,0.6859066859066859,0.6830670926517571,0.6842954159592529,0.6879568199707635,0.6967237308146399,0.7080685538224533,0.7237883283877349,0.7427411801436153,0.7621832358674464,0.7836676217765043,0.8059530623926732,0.8257317903335603,0.8463356973995272,0.8620564149226569,0.8769500981506354,0.8896965501326872,0.9000893198928162,0.9090529828952858,0.9135017826693536,0.9203670326069147,0.9240148436119455,0.9262997524281089,0.9295463669209153,0.9295345802522836,0.934010152284264,0.9344835626020052,0.9335522991409803,0.9348279457768509,0.934716459197787,0.9356480095779707,0.93664,0.9371799248890407,0.9365313653136531,0.9358923624851603,0.9363825363825364,0.9346049046321526,0.935680751173709,0.936066373840898,0.9345300950369588,0.9334451901565995,0.934757505773672,0.934384858044164,0.9330543933054394,0.9330827067669173,0.9327390599675851,0.9319371727748691,0.9172435494021397,0.9058795064118074,0.8951048951048951,0.8854153535862851
5000.0,30.0,0.3584293363621613,0.3889550622631294,0.35462022254475084,0.3310595725329695,0.31328502415458936,0.30001356300013565,0.2934947049924357,0.2947112264763141,0.3011992619926199,0.3080757097791798,0.31632485643970465,0.3220216606498195,0.3242621694135684,0.3262518968133536,0.32576985413290116,0.3248847926267281,0.3247311827956989,0.3237569060773481,0.3248152709359606,0.3257281553398058,0.32720875684128226,0.33548702887909937,0.3461304082876295,0.35865102639296187,0.3715643906655143,0.3842147435897436,0.39576213260423787,0.40594936708860757,0.4149171270718232,0.4224638760613735,0.4290059228429646,0.4348051948051948,0.43925912475031775,0.4435082343929529,0.4469621014638059,0.4499791579824927,0.4533213644524237,0.4553327256153145,0.4579148732663797,0.46030150753768845,0.46235721703011423,0.46485447556287757,0.4665532879818594,0.4686303387334315,0.4703726328649969,0.47243346007604564,0.47420308905685177,0.47602856171370284,0.47806086341118187,0.4824492979719189,0.486341059602649,0.4895694629383045,0.49337748344370863,0.49645354645354645,0.4998904709748083,0.5022459292532285,0.5044483985765125,0.5064576802507837,0.507831715210356,0.5090723055934516,0.510146955913226,0.5110370370370371,0.5117145073700543,0.5115823817292007,0.5105445116681072,0.5094202898550725,0.48938516680452165,0.4723867762277852,0.46253914719344735,0.41406727828746176
27500.0,60.0,0.5915955351280368,0.7633067198935463,0.7751515151515151,0.7815668202764977,0.7899214659685864,0.7942408376963351,0.792711467736543,0.7853395913859746,0.7731907070031757,0.7579491255961844,0.7411545623836127,0.7247039827771797,0.7096674876847291,0.6965782122905028,0.6850176956350766,0.6751873071837814,0.6666666666666666,0.6591657519209659,0.6524129505192425,0.6459551325628824,0.6402725208175625,0.6268849206349206,0.6149830331506134,0.6046471600688468,0.596594778660613,0.5909090909090909,0.5889281507656066,0.5906522855675398,0.5949799196787149,0.6033854166666667,0.6157547275372048,0.6303786574870912,0.6482357220807566,0.6668957617411225,0.6870185449358059,0.7076761303890642,0.7282007656316462,0.7479674796747967,0.763317191283293,0.7812718378756115,0.7947707160096541,0.8054945054945055,0.8164537557485948,0.8226194568580268,0.8330464716006885,0.8378595317725752,0.8387380777696258,0.8430060681499922,0.8436248331108144,0.8462393479066321,0.8480629539951574,0.8491838955386289,0.8482563619227145,0.8475733063700708,0.8479594558548946,0.8446043165467626,0.8463611859838275,0.8472829481574016,0.8447930574098799,0.8438818565400844,0.84564979978158,0.8460015835312747,0.8455214192990047,0.8467254993032978,0.846077457795432,0.8453389830508474,0.8188127090301003,0.799720214502215,0.7834824702948511,0.755141080822573
1900.0,50.0,0.3375217715849714,0.34430157802454703,0.31685749914975625,0.29828993392926545,0.2856733524355301,0.2774144869215292,0.27463489623366644,0.2782885030076041,0.2877198644505406,0.30006623978803265,0.3168891468369124,0.3336143695014663,0.3462706565430996,0.36154252509244583,0.3700303951367781,0.3771076079506511,0.3843346007604563,0.3872268907563025,0.39360730593607307,0.39831013916500996,0.4023559926510321,0.419065898912348,0.4336071695294996,0.4525810324129652,0.4675,0.4817813765182186,0.4908628267406893,0.5024912805181864,0.5112226036440454,0.5209263392857143,0.5232693426410704,0.5134328358208955,0.5283018867924528,0.5234124438742784,0.5308641975308642,0.5361072902338377,0.5250883392226149,0.5272727272727272,0.5244525547445256,0.5330783938814532,0.5310318076027929,0.5239984133280444,0.5255060728744939,0.5243600330305532,0.5253378378378378,0.5191815856777494,0.5383574007220217,0.5374368396876436,0.5164934478084049,0.5212765957446809,0.5186104218362283,0.5191313340227508,0.5145435244161359,0.5228761799000555,0.5122260668973472,0.5199054932073243,0.5215686274509804,0.5176952141057934,0.5060188087774294,0.49852752880921897,0.5217006802721088,0.5154329608938547,0.5146762589928058,0.5101331360946746,0.5069177555726364,0.5154781199351702,0.5180533751962323,0.5183572776084748,0.5136159944846604,0.47590586477400076
5000.0,0.0,0.3493121693121693,0.41131964809384164,0.38126550868486353,0.3611238008222933,0.34665866346538615,0.3356951871657754,0.3313596954958765,0.3340154257830946,0.3410097431355182,0.3473305338932214,0.35362095531587057,0.3568965517241379,0.3565294117647059,0.3557785467128028,0.35281632653061223,0.35,0.3482928924200129,0.34653096686111456,0.3462917011304108,0.3470971747904378,0.348458304134548,0.35569592681333045,0.3656696308272703,0.3767233087528054,0.3876865671641791,0.39782423208191126,0.40665390138822405,0.41396325459317584,0.41979638009049774,0.4244270205066345,0.42845215157353883,0.4323671497584541,0.43477011494252876,0.4373775433308214,0.4392464678178964,0.4410235580828595,0.443717277486911,0.4445719329214475,0.4469010175763182,0.44859359844810864,0.4502251125562781,0.4524212307041658,0.454049929139867,0.4558623811679493,0.4576589256392212,0.4595744680851064,0.4613736609955892,0.46330335028027636,0.46540965816603364,0.4703332835151696,0.4740846409890632,0.4782534828406388,0.4822592324402607,0.4859545193961399,0.49025769956002513,0.4930212583208074,0.4955792337338472,0.49856184084372,0.500371011625031,0.5024758926244461,0.5037413148049171,0.5060820367751061,0.5076968620485495,0.5085536547433903,0.5085638998682477,0.5082758620689655,0.493846949327818,0.478485491861288,0.4708703374777975,0.42619825708061004
1400.0,60.0,0.29196934355214926,0.2991836081319033,0.2760467980295567,0.2598963730569948,0.2491329479768786,0.24153555695405915,0.23717238833517904,0.2359322033898305,0.23746889441877,0.2406191369606004,0.24560143626570916,0.251297257227576,0.25650224215246636,0.2627683197631384,0.2679273084479371,0.2731741573033708,0.27896655571405926,0.28334522111269617,0.28978622327790976,0.29543459174714665,0.300874210781933,0.32080048514251064,0.34159522922102126,0.3651474530831099,0.3888423258250393,0.41087740384615384,0.42987188132164533,0.4461538461538462,0.4591089896579157,0.46877637130801686,0.4756444444444444,0.4799437675726336,0.48318840579710143,0.48512974051896207,0.4864643150123052,0.48712041884816754,0.4862796545315404,0.4865934065934066,0.48579801623083857,0.48483796296296294,0.48414003759398494,0.48268765133171915,0.4819454679439941,0.48080050031269544,0.47983717084340416,0.47872202819816323,0.4775746415888465,0.47650200267022697,0.47531619747042025,0.4726623840114204,0.47081199707388444,0.4688915735427363,0.46715328467153283,0.4655966947401875,0.4638020397926768,0.4629349470499244,0.4619245413637937,0.46100303408888094,0.4606313497822932,0.4603263927968486,0.4602359208523592,0.4602171767028628,0.4605826033815441,0.46160355405119524,0.4627659574468085,0.46417876065422714,0.47797927461139894,0.48625792811839325,0.48811931243680484,0.46626702997275205
25000.0,0.0,0.7113746958637469,0.7642787996127783,0.7673716012084593,0.7749475890985325,0.7838812595366903,0.7915785764622973,0.7963850174216028,0.7977290731449697,0.7958346481539917,0.7910614525139665,0.7840069534984789,0.7757150025087808,0.7669345579793341,0.7578125,0.749632892804699,0.7413509060955519,0.7337327188940093,0.7264587835751776,0.7197152371110346,0.7130780069168695,0.7069335239456754,0.6927722211738063,0.6800900450225112,0.6685486549319163,0.6585903083700441,0.6501746216530849,0.6428899082568807,0.6374251497005988,0.6341020989893755,0.6326974564926372,0.6331182795698925,0.6359383599339571,0.6400280406589555,0.6460649177412183,0.6535654126895003,0.6622175141242937,0.6713780918727915,0.6808697562047002,0.6903050847457627,0.6994853063257512,0.7079556898288016,0.7155985489721887,0.7227011494252874,0.7283451297607011,0.733229329173167,0.736420302760463,0.738585047666834,0.7398101619207147,0.7401719901719902,0.7399135446685879,0.7382665576451349,0.7377717391304348,0.7377470355731225,0.737099691456538,0.7368301801291492,0.7365520546304062,0.7362914408168411,0.7363552266419982,0.7364276833816825,0.7367890568754499,0.737503741394792,0.7390954450346049,0.7407980736154111,0.7426900584795322,0.7443652475438258,0.7456565656565657,0.7438926174496644,0.7418588873812755,0.7402135231316725,0.7344164074202097
2000.0,30.0,0.36103395061728394,0.36122915985616216,0.32931143398610235,0.30745004344048654,0.2917634447025192,0.28050028425241613,0.27593488781346237,0.27966887417218544,0.2916988416988417,0.30880955612868194,0.33254069873788183,0.35712603062426385,0.376453488372093,0.3984780352819094,0.4109916367980884,0.4207251566696508,0.43095944609297726,0.43489384866630376,0.44298297122724606,0.449236641221374,0.4546143250688705,0.47326416600159615,0.48653321201091904,0.5023388244864755,0.5108503100088574,0.5180938731637406,0.5196152872690458,0.5253308381232455,0.5286570910612188,0.5345957756737072,0.5336241913645253,0.5208461066830166,0.5349959774738536,0.5283543062591927,0.5353809604615646,0.5404366812227074,0.5288633918967371,0.5308998915793278,0.5280192343258738,0.537044220325834,0.5351170568561873,0.5281803542673108,0.5297986025482943,0.5286223526944852,0.5296137339055794,0.5235102925243771,0.5433034688720423,0.542817033224146,0.5215189873417722,0.5266535044422508,0.5239665229520669,0.5249933879925945,0.5208050040794125,0.5294787809740814,0.5191111111111111,0.5267152398299939,0.5286885245901639,0.5249675745784695,0.513077171456248,0.5052770448548812,0.5287517531556802,0.5223182145428366,0.521513353115727,0.5167810831426392,0.5132778438367024,0.5219389887170915,0.5217919075144508,0.5201196709050112,0.5137655417406749,0.4721146398140976
1300.0,50.0,0.30933699489996075,0.31039084842707343,0.28458100558659216,0.26634799235181644,0.2532313101023679,0.2434474995980061,0.23713598074608905,0.23480222068008327,0.23624096385542168,0.23998708010335917,0.2464941569282137,0.2541736227045075,0.26139393169988573,0.26975558554505924,0.2768587846073481,0.2840389584575631,0.29139664804469273,0.2973446893787575,0.3055017970693945,0.3125,0.31908755451190873,0.3415125359638307,0.3638930163447251,0.38723157283807313,0.40910904255319147,0.42774049217002236,0.4430680885972108,0.45534924845269675,0.4644798500468604,0.47082514734774067,0.4750384418247053,0.4770996460366835,0.47898789878987896,0.4796426147930333,0.4798611111111111,0.4797878609310548,0.47828220858895704,0.4782073380940655,0.47712088743224507,0.4757043163608167,0.4748427672955975,0.47316612729234087,0.4721235310194042,0.4709399332591769,0.4697654704718847,0.46848528356066044,0.46732788798133024,0.46611423498076354,0.46489906598373004,0.4619393556538219,0.4600582147477361,0.4580483736447039,0.45611930065135414,0.45443392919733616,0.4527188940092166,0.4516487587995554,0.4508868968148007,0.44995083579154377,0.44953028183090143,0.4493592393551054,0.4490566037735849,0.44928167174575534,0.4497865648168951,0.450852206397385,0.45260837619397504,0.45389709628120223,0.4691447130999639,0.47844623401231645,0.48129619101762366,0.46264792899408286
400.0,80.0,0.15481268011527377,0.1787673552319675,0.18118445404071562,0.18429672447013487,0.18873000141582896,0.19350675138999207,0.19785004031174416,0.20176616036736136,0.20448369565217392,0.20664018161180478,0.20767620376831822,0.20951979780960403,0.20973557692307693,0.21097145542112064,0.21219978165938866,0.21377038895859474,0.21574239713774598,0.21689683184402925,0.21959211732355638,0.22297367062467732,0.2258915627718179,0.2362413528055342,0.25083544303797467,0.2706781914893617,0.302972027972028,0.33545093590470787,0.3770706190061029,0.42778187177597643,0.4728310502283105,0.5201657458563536,0.568122555410691,0.6071564522268748,0.6450643776824034,0.6702025072324012,0.6953500801710315,0.7082853855005754,0.7390753641545282,0.7451634422948632,0.7141863699582753,0.7552395209580839,0.7637161084529506,0.7304838709677419,0.7410970464135022,0.7371737173717372,0.7655555555555555,0.7595969289827256,0.725940594059406,0.7362390014323716,0.7161310649023314,0.7250878585194422,0.7212373587150506,0.7132033287790337,0.7140566541956173,0.6931158418578933,0.7077692760447322,0.6812422744128553,0.671085464753587,0.6906772644477563,0.6798732171156895,0.6496803977272726,0.6545154790254626,0.6619915848527348,0.6367864693446088,0.6308379888268156,0.6298592892916767,0.6286586917790787,0.5566150178784267,0.5204671857619577,0.48955119214586257,0.4024802705749719
35800.0,0.0,0.5440594059405941,0.7306677018633541,0.762363093262529,0.7794579172610556,0.7893797411869701,0.7897435897435897,0.7848432055749129,0.7747952684258417,0.7623104693140794,0.7483431846677414,0.7343205574912892,0.7210088403536141,0.7090464547677262,0.6986543909348442,0.689935064935065,0.6825103830179973,0.67570385818561,0.67018779342723,0.6653491436100132,0.6605612998522895,0.6562086092715231,0.6473573871786384,0.640431187241583,0.635930993456276,0.6346205059920107,0.6364285714285715,0.6414285714285715,0.6498740554156172,0.6617038875103392,0.6756524540865643,0.6921911582426663,0.7094689028651293,0.7282632381782523,0.7459677419354839,0.7624796084828711,0.7786438035853468,0.7922018348623853,0.804567180031864,0.8121546961325967,0.8210598761183757,0.8266563944530047,0.830222602739726,0.8335514018691589,0.8343097954568814,0.8391380060949064,0.8400187112618407,0.8381700671651249,0.8399198931909212,0.8390445044788852,0.8399184697397303,0.8410291361390356,0.8417570299577284,0.8409226486379002,0.84034151547492,0.8409758301332732,0.8378773125608568,0.8392675483214649,0.839851024208566,0.8370244179443498,0.8357271095152603,0.8366459627329192,0.8364928909952607,0.8345669874167283,0.8347929936305732,0.8345415778251599,0.8337887067395264,0.8144927536231884,0.8014939117978103,0.7901878914405011,0.7734481196193929
17500.0,60.0,0.5865042174320525,0.744076326273852,0.7506724949562879,0.750291715285881,0.7500766636001227,0.7498069498069498,0.7501183151916706,0.750997150997151,0.7533875338753387,0.7553784860557768,0.7578458681522748,0.7608672319416121,0.7637281457769023,0.7665871791275074,0.7694020356234097,0.77200862378728,0.7746507390159951,0.7769423558897243,0.7793439261916966,0.7814932257134621,0.7839065541855937,0.7887139107611548,0.7927767910005921,0.7957532051282051,0.7965022131059052,0.7958712285260574,0.7940783190066858,0.7915106117353309,0.7881328603676233,0.7851851851851852,0.7825635703165542,0.780946208684381,0.7798238590872698,0.7790971540726203,0.7785330948121646,0.7784172661870503,0.7785443256295275,0.7790100636681043,0.7788344306266765,0.7797192781437984,0.7800134138162307,0.7801639984381101,0.7809824245155476,0.7806016597510373,0.7828638497652582,0.7838196286472149,0.7832585949177877,0.7855721393034826,0.7858715596330276,0.7886524822695036,0.7910635619886721,0.7926639286220082,0.7930546825895664,0.7935472799038956,0.794914317302377,0.794088474509026,0.7962303664921466,0.7980599647266314,0.7979420018709074,0.7985735366453517,0.8002560819462228,0.8023935430002783,0.8036791314837153,0.8056810845706908,0.8069272976680384,0.8073993471164309,0.7985537190082644,0.7932432432432432,0.788915857605178,0.787123828317711
1500.0,20.0,0.38933649289099526,0.35328218243819265,0.33220166355457476,0.31690561529271205,0.30317460317460315,0.292246835443038,0.2871819960861057,0.2894061583577713,0.2999734536766658,0.31601331360946744,0.3385221674876847,0.3622889305816135,0.38159695817490497,0.40320569902048087,0.4158925686591276,0.4262863534675615,0.43652534113060426,0.4408033826638478,0.448698099929627,0.45429945880938066,0.4589348732755855,0.4736936936936937,0.4820717131474104,0.49241767764298094,0.496309963099631,0.49902439024390244,0.49732892393792927,0.4996024383779486,0.5004101722723544,0.5036764705882353,0.5013039698638075,0.4891368173810922,0.4995419847328244,0.4930534115467737,0.49777211966900065,0.5009771986970684,0.4903590425531915,0.49148012028065485,0.48775510204081635,0.49398443029016276,0.4917739628040057,0.48543335761107065,0.4859363434492968,0.4842105263157895,0.4843032159264931,0.47861271676300576,0.4939271255060729,0.4928131416837782,0.47495961227786754,0.4777397260273973,0.4744429882044561,0.47401717126073206,0.46931241347485003,0.4761996161228407,0.46663361427863165,0.47283763277693475,0.47417668583376893,0.47106109324758844,0.4604366347177849,0.45393380358111773,0.474741081703107,0.4695754716981132,0.4697632058287796,0.4663755458515284,0.4644847699287103,0.4738030095759234,0.48667296786389413,0.4942640956797657,0.49521877716603885,0.47003058103975537
384399.0,60.0,1.0,1.0,1.0,1.0,1.0,1.0,1.0,1.0,1.0,1.0,1.0,1.0,1.0,1.0,1.0,1.0,1.0,1.0,1.0,1.0,1.0,1.0,1.0,1.0,1.0,1.0,1.0,1.0,1.0,1.0,1.0,1.0,1.0,1.0,1.0,1.0,1.0,1.0,1.0,1.0,1.0,1.0,1.0,1.0,1.0,1.0,1.0,1.0,1.0,1.0,1.0,1.0,1.0,1.0,1.0,1.0,1.0,1.0,1.0,1.0,1.0,1.0,1.0,1.0,1.0,1.0,1.0,1.0,1.0,1.0
20000.0,90.0,0.6297610156833457,0.7802228029156925,0.7927472527472528,0.797924297924298,0.8009630818619583,0.8025252525252525,0.8030959752321981,0.8031319910514542,0.8042628774422735,0.8042682288942358,0.804300024431957,0.804101838755304,0.8036062378167641,0.8025560288942397,0.8013439731205376,0.7996205833530946,0.7978638184245661,0.7959183673469388,0.7937310414560161,0.791445874337623,0.7891156462585034,0.7827822120866591,0.7753067484662577,0.7681832250077375,0.7605419604590073,0.7532204637467795,0.7467831998057781,0.7422320862396956,0.739540607054963,0.7388334209143458,0.7406666666666667,0.7441743503772004,0.7491649269311065,0.7547096774193548,0.760714850545627,0.7668204536716647,0.7727272727272727,0.778240355259506,0.7823782709506459,0.7876071706936867,0.791324200913242,0.7947900053163212,0.7986536107711139,0.80098452883263,0.805993690851735,0.80859167404783,0.8095427435387674,0.8130596200043677,0.8145925837033481,0.8189969179041748,0.8232772308669419,0.8262629818693892,0.8277262180974478,0.8290741516547968,0.8309167967878652,0.8300575263662512,0.8324541572469228,0.8345172323072876,0.833891680625349,0.8346525945470537,0.8369333738971707,0.8394329047148038,0.841014648088603,0.843069873997709,0.8442190669371197,0.8449312714776632,0.8312421580928482,0.8233333333333334,0.8171815061578841,0.8073451602863366
7000.0,60.0,0.4426715295190335,0.43664670658682636,0.3814935064935065,0.3482407526743137,0.33248730964467005,0.3316717791411043,0.34142433234421365,0.35688468158347675,0.37473284255521255,0.3924764890282132,0.40847900341571225,0.4220665499124343,0.4325468844525106,0.4407942238267148,0.44704381114419395,0.45012212994626283,0.45212290502793295,0.45353278166772754,0.45346676197283775,0.45358581788879937,0.4529783393501805,0.44912280701754387,0.4456685783277996,0.4419454056132257,0.43866440842003385,0.4362053437406184,0.4342919548598471,0.4332751853467074,0.4335221421215242,0.43484216795711733,0.4373134328358209,0.4405112316034082,0.44485738980121003,0.44909781576448243,0.45343527662737604,0.45827586206896553,0.4620030196275793,0.4659807956104252,0.46962115796997855,0.47216207856480047,0.4741089441829186,0.47643068359714735,0.47774917248988596,0.4783545543584721,0.4792475976282969,0.479666095890411,0.4803395889186774,0.48041958041958044,0.4807552650689906,0.4809220985691574,0.4812093811811246,0.48184615384615387,0.481555333998006,0.48211781206171106,0.48212226066897346,0.4820859872611465,0.4828441504754031,0.48242100578549174,0.481638418079096,0.4819734345351044,0.48207639569049954,0.48109722976643127,0.4805936073059361,0.4799158147925436,0.47835051546391755,0.4767425810904072,0.4556138749429484,0.4386697860962567,0.4285404937202252,0.39964633068081346
1800.0,10.0,0.40710059171597635,0.34992289899768697,0.33292589763178,0.31925383077948033,0.30564639197732724,0.2943247863247863,0.2887272727272727,0.29126436781609194,0.30299046993098916,0.32235151881517304,0.34653069386122776,0.3721518987341772,0.39594220719336,0.41549549549549547,0.4316693944353519,0.44491371480472297,0.455825483391175,0.4640431266846361,0.47222541690626796,0.4789279112754159,0.48450889914304546,0.4997766195085629,0.5115894039735099,0.5209239130434783,0.5279069767441861,0.5321667524446732,0.5349213192498383,0.5364066726780884,0.5372141857209519,0.5373820469392693,0.5372763419483101,0.5372682557699584,0.5363062352012629,0.5360330358332224,0.5350949628406276,0.5342832957110609,0.5334583213152582,0.5331495720295952,0.5322485207100591,0.5309175019275251,0.5301824988301357,0.5293369375099379,0.5284697508896797,0.5274671052631579,0.5266689030526669,0.5260135135135136,0.5240888888888889,0.5231907597906515,0.5232599431818182,0.5205505279034691,0.5191677904064728,0.517262023548194,0.5157078743370053,0.5141158989598811,0.5127304653204565,0.5116487455197133,0.5106530801296897,0.5102089268755935,0.5095586499881992,0.5092570329406108,0.5091696383087112,0.5091288471570161,0.5092567748859672,0.5099173553719009,0.5107173478136611,0.5118868492326212,0.5228113440197287,0.529287598944591,0.5290443472829481,0.4996049512773242
4000.0,80.0,0.3377177700348432,0.37757326229111166,0.34120747484427405,0.32141057934508815,0.31341584862711624,0.3121508379888268,0.3176341730558598,0.3295367847411444,0.34532095901005416,0.36019806152549516,0.37450579413769597,0.3848639455782313,0.39072572260345184,0.39467903343910177,0.39600570613409414,0.3961400065423618,0.39594843462246776,0.39571788413098236,0.3960185185185185,0.39690402476780184,0.3979850316637881,0.40296610169491526,0.41,0.41770091556459815,0.4254442744498058,0.4327618537369408,0.43938258654278434,0.44486380045946833,0.4496110325318246,0.4534993397472175,0.4571026722925457,0.4605092792403971,0.462992125984252,0.465533522190746,0.4678650578675203,0.4698979591836735,0.47289156626506024,0.4741953385127636,0.4763287830380482,0.47852573865367043,0.4806786050895382,0.48325041459369816,0.4849624060150376,0.4870613257710032,0.4888073394495413,0.4908814589665654,0.4927251278018089,0.49471974004874086,0.4968367777309152,0.5013863216266173,0.5046364080039043,0.5081165452653486,0.5114726971869828,0.5143684820393974,0.5174653215636822,0.5193174500965873,0.5208248816768086,0.5226884779516359,0.5237746891002194,0.5244631901840491,0.5248432601880878,0.5253915910964551,0.5255793991416309,0.5248430493273543,0.5235127478753541,0.522244094488189,0.5014148273910582,0.4851746931067044,0.4778141055581504,0.4357516339869281
12500.0,30.0,0.4822216454710615,0.5629107981220657,0.5719769673704415,0.5802304964539007,0.5859407592824364,0.5908460471567267,0.5953982300884956,0.6004385964912281,0.6062699256110521,0.6121997471554994,0.6181481481481481,0.6241852487135506,0.6302851524090463,0.6355004468275246,0.6405500883169316,0.6453397645056036,0.6494992846924177,0.6535726981869889,0.6572052401746725,0.6606114311032344,0.6640296662546353,0.6712239583333334,0.6768240343347639,0.681766704416761,0.6851824274013403,0.6882066276803119,0.6894590495449949,0.6900974025974026,0.6897689768976898,0.6894941634241245,0.6886092287834785,0.6877486077963405,0.6874088478366553,0.6865055981143194,0.6865767045454545,0.6862361937128292,0.6864509605662286,0.6866028708133971,0.6868402533427164,0.6868620349028647,0.6866385911179173,0.6860490824673889,0.6851193499238192,0.68398142774231,0.6823258869908015,0.6802368615840119,0.6782752902155887,0.6755760368663595,0.6736359000509944,0.6680955296999388,0.6621310295176386,0.656172328086164,0.651031894934334,0.6471515661130965,0.6431136337310321,0.6400963122544671,0.6375774260151411,0.6340236686390532,0.6317965023847377,0.6295729113493279,0.6266714853632093,0.6214025131738954,0.616820328311221,0.6125925925925926,0.6099839829151095,0.6080114449213162,0.6171843485276322,0.6236335242061426,0.6279212792127922,0.6454019772430516
12500.0,20.0,0.4767950963222417,0.518348623853211,0.5133730834752981,0.5176244685228364,0.5208667736757624,0.5237311385459533,0.5271816881258942,0.5315031503150315,0.5371145374449339,0.5436387607119314,0.5506976744186046,0.5576819407008087,0.5647070935859158,0.5713450975809279,0.5776021080368906,0.5834195359834491,0.5888375165125496,0.5938535149061465,0.5984848484848485,0.6028675466545289,0.6066734074823054,0.6157133464825773,0.6226495726495727,0.6288888888888889,0.6337175792507205,0.6373605947955391,0.6403905691831389,0.6426735218508998,0.6443387250237869,0.6457888493475682,0.6470243330401642,0.6483477011494253,0.6496286588029707,0.6513713080168776,0.6529449018366055,0.6546827794561934,0.6565412186379929,0.6580754198795817,0.6596060943887031,0.6606524249422633,0.6614304812834224,0.6612252736700596,0.6607417160412552,0.6600948340404292,0.6578651685393259,0.6556499842618823,0.6533333333333333,0.6498447204968945,0.6465554129225503,0.6394279877425945,0.6321150389454764,0.6250690607734807,0.618025078369906,0.6128975265017668,0.6069471624266145,0.6026525770972612,0.5984902099551781,0.5934234004588326,0.5895985653193544,0.585812016656752,0.5810961080222399,0.5724337001623669,0.5646272285251216,0.5571557155715572,0.5518172888015717,0.5479161136182639,0.5556835637480799,0.5633450175262894,0.5679548156956005,0.5896312522818548
4000.0,90.0,0.33742793791574277,0.3775585696670777,0.34107317073170734,0.3214713430282293,0.3132879292856108,0.31183305667536165,0.31729910714285714,0.32922222222222225,0.34503154574132494,0.3597980232058444,0.3740266963292547,0.3845620121422376,0.3902439024390244,0.3943241224794623,0.39540296770439337,0.39559706470980655,0.3959429000751315,0.395333904109589,0.39575070821529745,0.3963196635120925,0.3973607038123167,0.40280777537796975,0.409657594381036,0.41753004558640694,0.4253534627366403,0.432719836400818,0.43931076547727965,0.44490818030050083,0.44964028776978415,0.4535686876438987,0.45718373186184347,0.46071115013169445,0.4631578947368421,0.4657863145258103,0.46795192789183776,0.47003891050583657,0.47299554565701557,0.47418899858956276,0.47637330183106913,0.47893432465923175,0.48083067092651754,0.48314227916385705,0.4850590687977762,0.48684684684684687,0.4891791044776119,0.4909231363460796,0.49300279888044785,0.49463253509496286,0.49699828473413377,0.5011742602160639,0.5052109181141439,0.5084126984126984,0.511665731912507,0.5144287396937574,0.5176282051282052,0.5192408376963351,0.521251719394773,0.5227765726681128,0.5237918215613383,0.5244738893219018,0.5250199203187251,0.5255658005029338,0.5256544502617801,0.5252737226277372,0.5239193083573487,0.5222088835534213,0.5013663166978283,0.48540706605222733,0.47768281101614435,0.4358139534883721
7000.0,70.0,0.4419362929520943,0.4346103038309115,0.3773218142548596,0.3421506612995975,0.3237428719543805,0.32037358818418765,0.3277777777777778,0.3417408506429278,0.35852420792758194,0.37554505813953487,0.39126372342910537,0.4048382395802973,0.41552028218694886,0.42351453855878635,0.42967196819085485,0.43280091272104965,0.4350293542074364,0.4364041604754829,0.4365833333333333,0.4369953051643192,0.4365546218487395,0.4339392295170917,0.43173496076721884,0.4296771340114993,0.427819340537545,0.4267624914442163,0.42644628099173554,0.42686052242483985,0.42840579710144927,0.43092852371409485,0.43467374810318665,0.43860103626943003,0.443611911623439,0.4484791074623724,0.4533176746917205,0.45865043125317095,0.46264726264726264,0.46718962136068787,0.47120665306762904,0.4737199050525602,0.47605893186003684,0.47859996195548793,0.4800080369700623,0.48064171122994653,0.4815971447691278,0.4822595704948646,0.4828341855368882,0.48324022346368717,0.48365840801265153,0.48370349004903374,0.48416845988318474,0.4847775175644028,0.48464040477050957,0.48532215020968356,0.4851650647722524,0.48484848484848486,0.48562443845462716,0.48572810836961783,0.4847926267281106,0.485146982980918,0.48503727369542066,0.483933845245127,0.48336436995654875,0.4826030085022891,0.4808689558514366,0.47912912912912914,0.4575870646766169,0.4401678219627873,0.42948414576431615,0.39999999999999997
20000.0,80.0,0.6296703296703297,0.7801782338644342,0.7927908482624649,0.7976011994002998,0.8012618296529969,0.8024813895781637,0.8034083992696287,0.8035190615835777,0.8039267015706806,0.8042159383033419,0.8042747358309318,0.8041151119143611,0.8035771319067391,0.802475878390679,0.8011973575557391,0.7995337995337995,0.7976377952755905,0.7955752212389381,0.7935719019218025,0.7912946428571429,0.7888795986622074,0.7825112107623319,0.7760180995475113,0.7679513184584178,0.7603642789180373,0.752985884907709,0.7467175936977799,0.7418147801683816,0.7390076643807987,0.7385012919896641,0.740327868852459,0.744059405940594,0.7488185740702692,0.7543503111901435,0.760236649540713,0.7664205943592656,0.7720420283234354,0.7776866283839212,0.7819131570355861,0.787168651555897,0.7906348491670419,0.7939171473518616,0.7977053140096618,0.8001387925052047,0.8052959501557633,0.8075240594925635,0.8087426326129666,0.8118929419382689,0.8135010084233005,0.8177913260357489,0.8219952867242734,0.8250871080139373,0.8264114832535885,0.8277006012855069,0.8295429454625746,0.8287069988137604,0.8311365332006964,0.8332899192498047,0.8325504282951092,0.8334300638421358,0.8355916892502259,0.8381201044386423,0.839519264757865,0.8420853796751039,0.8434363709353673,0.844028899277518,0.8308550185873605,0.8223684210526315,0.8161194029850747,0.8067484662576687
10000.0,0.0,0.47031539888682744,0.4756179024716099,0.3673441734417344,0.3142857142857143,0.2828958957195702,0.260758350887752,0.24688836104513065,0.24042105263157895,0.23925049309664695,0.24208714077605614,0.24690721649484537,0.2540983606557377,0.25851929640325544,0.2643685365089314,0.2694485294117647,0.27224799662589627,0.2760441670667307,0.2789473684210526,0.2816858702243784,0.2854915254237288,0.2886123680241327,0.2950629235237173,0.30287689838251636,0.3100062344139651,0.3176951528129258,0.32403846153846155,0.3302135127230184,0.33789213958406766,0.3448885149347918,0.35273088381330686,0.36213704994192797,0.37259158751696064,0.3845070422535211,0.3919642857142857,0.40608980930900146,0.4157147802007615,0.42896174863387976,0.44410391126678345,0.4380755795490632,0.45729349736379615,0.4690902021772939,0.4656964656964657,0.4745344402064169,0.4728419010669253,0.49032757286561773,0.4906747120131651,0.47750362844702465,0.48390064397424104,0.4758220502901354,0.4790247400501972,0.4758378799688231,0.4794168096054888,0.4722092480149463,0.4605591612581128,0.47160087719298244,0.4457471264367816,0.4455039227519614,0.45595315549772286,0.4446058091286307,0.42561750176429075,0.42637766348273326,0.4337171052631579,0.4179982440737489,0.4131332082551595,0.4151000914541205,0.4155772822146545,0.36458534699400735,0.35025081144880493,0.348018830914084,0.32217362045760434
1500.0,30.0,0.36488340192043894,0.3551498127340824,0.3291959985179696,0.3104632329122125,0.29553523399677245,0.2842512908777969,0.27873448137765316,0.28100502512562814,0.29168618266978924,0.30759753593429157,0.32998897464167587,0.3536723163841808,0.37246753246753245,0.3940634595701126,0.40648408239700373,0.41662310507056977,0.42678904345331997,0.4311452295159016,0.43920053745381255,0.44518692432725304,0.4503298409002716,0.46727111897390533,0.47818542389687657,0.4909983633387889,0.4972148929932571,0.501875,0.5018038701213513,0.5053209749399244,0.5071123755334281,0.5112504610844707,0.509090909090909,0.49673202614379086,0.5082164328657315,0.5016233766233766,0.5067057837384744,0.5103092783505154,0.4991220368744513,0.500441306266549,0.4972997299729973,0.5035161744022504,0.5014231499051234,0.4944417593040116,0.4953271028037383,0.4934,0.49372768995410504,0.4876283367556468,0.5038378378378379,0.5027442371020856,0.4839719373988127,0.48692660550458716,0.48342120679554773,0.48318154219793563,0.4785714285714286,0.4853816300129366,0.4753681392235609,0.48174982911825015,0.48302687411598305,0.4796806966618287,0.46875901875901876,0.4616911764705882,0.4830601092896175,0.4772,0.4772464962901896,0.47347457627118644,0.4712775330396476,0.48037209302325584,0.4900516795865633,0.4955618824317535,0.49491728124377116,0.466894489534387
384399.0,70.0,1.0,1.0,1.0,1.0,1.0,1.0,1.0,1.0,1.0,1.0,1.0,1.0,1.0,1.0,1.0,1.0,1.0,1.0,1.0,1.0,1.0,1.0,1.0,1.0,1.0,1.0,1.0,1.0,1.0,1.0,1.0,1.0,1.0,1.0,1.0,1.0,1.0,1.0,1.0,1.0,1.0,1.0,1.0,1.0,1.0,1.0,1.0,1.0,1.0,1.0,1.0,1.0,1.0,1.0,1.0,1.0,1.0,1.0,1.0,1.0,1.0,1.0,1.0,1.0,1.0,1.0,1.0,1.0,1.0,1.0
17500.0,70.0,0.5860387926563635,0.7437689261588633,0.7502328180294282,0.7498063516653757,0.7495764147746526,0.7493606138107417,0.7498694516971279,0.7506281407035176,0.7528005974607916,0.7550482879719052,0.7576718494271686,0.7605483985344522,0.7635895350413447,0.7665225447807289,0.7692980920707159,0.7719992090172039,0.7747326203208557,0.7773319959879639,0.7797518330513254,0.7820431472081218,0.7846428571428572,0.7896003851709196,0.7941368078175896,0.7964757709251101,0.7979102350985514,0.7974603174603174,0.7957169850934285,0.7931980252331322,0.7900141643059491,0.7872628726287263,0.7848605577689243,0.7833806818181818,0.7817703768624014,0.781021897810219,0.7807326293833919,0.7808326787117046,0.7811853245531515,0.7816066234056835,0.7817892221927263,0.7826222360635317,0.7833211944646759,0.7836579170194751,0.784390243902439,0.7846326416152551,0.7873417721518987,0.7878571428571428,0.7882542236524538,0.7907308377896614,0.791231527093596,0.7945061367621274,0.7973627556512379,0.7991233373639661,0.799731858555388,0.8002195389681669,0.8017275225755791,0.8009308229320923,0.8033920999776836,0.8051185724348439,0.8045375218150087,0.8051403094676108,0.806988806988807,0.809142178688038,0.8097843579015127,0.8121337469837987,0.812751923781605,0.8134212567882079,0.8028953229398663,0.7966349670811997,0.7920035149384885,0.7896292315959161
400.0,90.0,0.15706554419723393,0.18219914040114613,0.18468586387434555,0.1878453038674033,0.19276563677467973,0.19822109275730623,0.20312679288582902,0.2076574877404753,0.21087481875302078,0.21348246674727933,0.21492204899777284,0.21736794986571173,0.2177650429799427,0.219324391455539,0.22087832973362131,0.22279108175061932,0.22523030644858055,0.22641107561235357,0.2295034780522907,0.23330636461704424,0.23652857574841246,0.2477671451355662,0.26332288401253917,0.28436860068259384,0.3183035714285714,0.3520802120548577,0.39489136817381093,0.44695426772819846,0.4923533439853915,0.5395604395604395,0.5872862213617296,0.6261261261261262,0.6630113876001688,0.6871455576559546,0.7119707266074229,0.7241573033707865,0.7552533992583437,0.7602339181286549,0.7285037237643873,0.7696793002915452,0.7787267080745341,0.7438431372549019,0.7549261083743842,0.7513584574934268,0.7797297297297298,0.7742056074766355,0.7397299903567984,0.7505483549351943,0.729738027015964,0.7393852277753207,0.7356014862981886,0.7273278370514065,0.7288755387227374,0.7074885104082185,0.7226781857451403,0.6962906888720666,0.6854567674915979,0.7058441558441558,0.6952463267070008,0.6645161290322581,0.6696669666966697,0.6776419558359621,0.6521558008748177,0.6460996033494931,0.6456322109724512,0.6443661971830985,0.5715415019762846,0.5341856586992774,0.5022503516174402,0.41150861253075904
1400.0,0.0,0.40820165537998493,0.32437399494601427,0.3242513500245459,0.32213151927437644,0.3159442724458204,0.30948502693898006,0.30609067912045146,0.3086527293844367,0.3178838174273859,0.332955832389581,0.3514327700220426,0.3707538601271571,0.38798753626302784,0.402506450423885,0.4143812252694774,0.4238017510016323,0.43140995072325544,0.4368322876038664,0.4422495105890728,0.4457132160239611,0.4482894219425875,0.4547588561673069,0.4578285714285714,0.45900846432889963,0.45896273917421954,0.4576581285938317,0.45620634067705534,0.4542438484932264,0.45225988700564973,0.45033304373008975,0.44870283018867924,0.44751709782931903,0.4453316953316953,0.4439975247524752,0.44239923833703587,0.44067248625929517,0.43965800723446236,0.4388394329047148,0.437604550016728,0.435595567867036,0.4349040139616056,0.43358129649309246,0.4326750448833034,0.43163636363636365,0.43057607090103395,0.42936596218020023,0.42790697674418604,0.42705882352941177,0.4265329733898959,0.424512987012987,0.422680412371134,0.4213588110403397,0.41986183074265976,0.41877514528386234,0.41771744132535665,0.4171896955503513,0.4166505791505791,0.4165432098765432,0.4157765801077903,0.41575274177467597,0.4168954593453009,0.4175135135135135,0.4185205784204672,0.4199542595769011,0.4221165279429251,0.42498430634023854,0.45083260297984223,0.47046703296703296,0.4823740016524373,0.4803034724248614
1500.0,0.0,0.4110180934377532,0.32906688687035507,0.3264527320034692,0.3223871171455636,0.314475784992017,0.30699658703071675,0.3031698013941865,0.305978898007034,0.3162297824874512,0.33254573170731705,0.35302879841112217,0.37422934648581996,0.3937637564196625,0.4100337268128162,0.4231203007518797,0.4337163964703468,0.442324658138509,0.4486543909348442,0.4547826086956522,0.4590486174813262,0.4623774679000414,0.4703664605640175,0.4750609260763607,0.477194194885971,0.4782373126241647,0.47742663656884876,0.4765412950756107,0.47470505898820237,0.47318870241506344,0.4711073754990544,0.469593147751606,0.4685541387508105,0.46604110813226096,0.4650900900900901,0.46313843309452274,0.4614840989399293,0.46010064701653486,0.45902427301129534,0.4576726030739205,0.45555555555555555,0.45454545454545453,0.45334711811837686,0.452187581870579,0.45078270098169276,0.4494745351657235,0.4484438430311231,0.4463932107496464,0.44533485975958786,0.44510135135135137,0.442239336492891,0.44039735099337746,0.43831370117792934,0.4366330390920555,0.43505221932114885,0.4336580450117568,0.43267259056732743,0.4318421979570271,0.4317117117117117,0.430818734358241,0.43070207348126593,0.43143297380585516,0.431782334384858,0.4330357142857143,0.4341117597998332,0.4362532523850824,0.4391662849289968,0.4638052530429212,0.4820770519262982,0.49259445843828714,0.48868778280542985
1300.0,40.0,0.3279232755440797,0.33257879157234893,0.3045328719723183,0.28464805825242717,0.2699847638395124,0.25864612358629735,0.2518016866854076,0.2502881290818287,0.25452526374236534,0.26276021588280646,0.27519656897784134,0.2891909385113269,0.3020272410516313,0.31547619047619047,0.3259893048128342,0.3358208955223881,0.3451209784631747,0.352112676056338,0.3608378292605522,0.36816775524235135,0.37486054295277055,0.39679098005203817,0.41621756487025946,0.43497481813094574,0.4505541871921182,0.46292585170340683,0.47164285714285714,0.4781038374717833,0.4825235109717868,0.4851701782820097,0.4866834170854271,0.48634782608695654,0.48652482269503544,0.48602540834845737,0.485462962962963,0.48449248120300753,0.4827956989247312,0.48246816846229185,0.4808732225115161,0.47938038572014774,0.478224716765409,0.4765265746978933,0.47535478279709675,0.474101829402689,0.47284738551114097,0.47167235494880544,0.4704658420991793,0.4692776735459662,0.4678844317096466,0.46513083761111806,0.46307692307692305,0.460978835978836,0.4591434398368457,0.45751633986928103,0.45580918934738074,0.4547058823529412,0.4537331515977586,0.45291269717320004,0.452452770280997,0.4522167487684729,0.4521072796934866,0.45217090468777027,0.45275942132523667,0.45368479673287543,0.4550233644859813,0.45655256228478835,0.47096032202415183,0.4792296072507553,0.4811961939284096,0.4608267716535433
700.0,10.0,0.33639645553002956,0.2970910297533459,0.28550404709345106,0.27979176526265975,0.27989734816082124,0.28506120041291844,0.2954655089242644,0.31077777777777776,0.32860920148069805,0.34576271186440677,0.36101843722563653,0.37316214537171255,0.38110441054747546,0.38736049831300284,0.3907042253521127,0.39287325214253493,0.3942793931731985,0.3938281901584654,0.39427388754743015,0.3933810375670841,0.3918768545994065,0.3901345291479821,0.38657690738474093,0.3833368398905954,0.3801813471502591,0.3768788682581786,0.37378531073446325,0.37120515179392827,0.36887540830611293,0.36707663197729423,0.36523202692955037,0.3633004926108374,0.36227917392386166,0.3610409297625063,0.3598669055541336,0.35893457460563744,0.3576,0.3570476951771916,0.3561160835367507,0.3548922056384743,0.3541724811610382,0.3533276206798058,0.3524661090279781,0.35184102863822325,0.35088757396449705,0.3505092869982025,0.34960582171012733,0.34886572654813,0.3481504507304943,0.3465762273901809,0.3453828458757805,0.3441077441077441,0.3429700928154005,0.34201328206920656,0.3411228581844696,0.3403579254930606,0.3399551066217733,0.339616122840691,0.3394010112796577,0.339447336804165,0.33948115119578437,0.33986599664991624,0.34067212408444636,0.3416852429781542,0.34343575418994415,0.3450337512054002,0.36251621271076523,0.37679012345679014,0.38674463937621834,0.4000402657539762
2000.0,20.0,0.37945508100147274,0.3615788020977091,0.3318687136050821,0.3116047144152312,0.29607698001480387,0.2850805510156432,0.28029380150483696,0.2837967914438503,0.2963622291021672,0.3159260460590334,0.34009269988412516,0.36493506493506495,0.3873832839899795,0.40560949298813376,0.4205318491032777,0.4323295257874697,0.44173648134044174,0.4488517745302714,0.4566681634485855,0.4625302956858943,0.46793933054393305,0.4839951865222623,0.49761742682096666,0.5087679516250945,0.5175941080196399,0.5242744063324538,0.5285979572887651,0.5317025440313111,0.5335573887361238,0.5347281223449448,0.535546062000219,0.5360169491525424,0.536123451017068,0.53625252165658,0.5360748584092588,0.5358997087501582,0.5355844155844156,0.5356628713519173,0.5354035604336769,0.5346978830786485,0.5346126510305614,0.5343023255813953,0.5338869939196204,0.5334946317858763,0.5330961954840705,0.5328546901826128,0.531802412027094,0.5314497140935083,0.5315136476426799,0.5300991501416431,0.5293476285662366,0.5281983345950038,0.5273999222697241,0.5264227642276422,0.5254380409541904,0.5248487467588591,0.5240977359336472,0.5238424326192122,0.5235037835358862,0.5232857477182308,0.5226143141153081,0.5224260958205912,0.5225721784776903,0.5225128066864384,0.5225300867618248,0.5229952830188679,0.5266990291262136,0.5278791036998437,0.5239802224969098,0.48506666666666665
9000.0,80.0,0.47280243690165363,0.4862710363153233,0.4280243000528262,0.4054605766777239,0.4060922541340296,0.4181571815718157,0.4348973607038123,0.4528402288146867,0.46998612074947954,0.4855769230769231,0.49959753152669706,0.5120772946859904,0.5208491281273692,0.5292822545134303,0.5359311740890689,0.5389431361286617,0.5423750811161583,0.5445985401459854,0.5459150326797385,0.5477148080438757,0.5483476132190942,0.5479653102068045,0.5475775531544091,0.5460108794197642,0.5448154657293497,0.5419790104947526,0.5385342789598109,0.5361814967589864,0.5330434782608696,0.5307557117750439,0.5298201325339223,0.530479409187633,0.532608695652174,0.5320129759262421,0.5376365441906653,0.5398591869180105,0.5470863683662851,0.5555227406969876,0.5443535188216039,0.5597646193453476,0.5681911825298722,0.5596248325145154,0.5661944308744504,0.5637044967880086,0.5791594703511802,0.5781211372064277,0.5633663366336633,0.5692415730337078,0.5598811292719168,0.5641068447412354,0.5614051094890511,0.5654093097913323,0.5616769095697981,0.5502285781268316,0.5650109100243871,0.540321491287316,0.5400790290714084,0.554998480704953,0.5457045785471607,0.5251857968620974,0.5279257604399381,0.538490999617005,0.5224765018389865,0.5189707806367204,0.5222405271828665,0.5242078580481623,0.4840379637618637,0.47611075338055375,0.4747466216216216,0.47991831177671884
2000.0,0.0,0.4123605150214592,0.34979647218453186,0.3329781566329249,0.31942909760589316,0.30631169608136405,0.2959254947613504,0.2916373858046381,0.2959320288362513,0.30972222222222223,0.3312268030895777,0.3575108997225525,0.38469234617308656,0.4095411360420457,0.43022980336413175,0.44710632570659486,0.4605263157894737,0.4715686274509804,0.47988608045567815,0.488212927756654,0.4946938775510204,0.500218818380744,0.5151214675260287,0.5268805309734513,0.5360655737704918,0.5430618892508143,0.5475,0.550692924872356,0.552486610558531,0.5537728355837966,0.5545454545454546,0.555063829787234,0.5555844155844156,0.5556663644605621,0.555933762649494,0.5555767397521449,0.5552399608227229,0.5551762225123005,0.5552296176411087,0.555004135649297,0.554521852012116,0.5542644156983118,0.5540495127142377,0.5537407195888064,0.5534862064951693,0.5530573399952415,0.5528621144845793,0.5518640628962719,0.5515284406036373,0.5515928417311842,0.5501964503454816,0.5494444444444444,0.5483684666474156,0.5474463360473724,0.5465080346106304,0.5454982377443127,0.5449484198460782,0.5441750042394438,0.5436673625608908,0.5432825484764543,0.5428873985174727,0.542328536722108,0.5420972062763108,0.5417895771878073,0.5416414599717685,0.5417710944026733,0.5420048256196535,0.5462581025338833,0.548689138576779,0.5451343020695729,0.5077276908923644
700.0,30.0,0.33636363636363636,0.3434853126689494,0.3271088957055215,0.31305890702625977,0.2996403323824879,0.28705050924963627,0.2783792871553463,0.2761029411764706,0.28132387706855794,0.2927270670738604,0.30929733046946917,0.32704031465093414,0.34238999759557587,0.3562447611064543,0.36599241466498106,0.37343096234309625,0.37966101694915255,0.3830963023161317,0.387677114641477,0.3906860517946388,0.3927543186180422,0.4004221635883905,0.4052812858783008,0.4088630806845966,0.4112041210560206,0.41177658142664875,0.4113906359189378,0.4106474820143885,0.409720176730486,0.408796992481203,0.40737893927747887,0.40570071258907364,0.4045746388443018,0.4032706459525756,0.40191029900332226,0.40084104289318756,0.3993897122929381,0.3986922406277245,0.39733096085409253,0.3961783439490446,0.3953038674033149,0.3941343424787133,0.39311004784688997,0.39231517509727626,0.3914116485686081,0.3904418394950406,0.3896064273365199,0.3887228120812287,0.3877764964881015,0.3858302259267383,0.38454637209823933,0.3831138831138831,0.38181602655286867,0.38079670662307785,0.37963904422979156,0.37883043922369763,0.3782825630252101,0.3777387070597782,0.37752438521774967,0.37737723531081463,0.37737478411053543,0.3776119402985075,0.3780206249038017,0.37879271798147557,0.37988640160374204,0.3809358752166378,0.3904448105436573,0.3958208955223881,0.39621981099054954,0.37749287749287747
1300.0,60.0,0.2856441717791411,0.29081230283911674,0.26777609682299547,0.2515209125475285,0.24059018367961457,0.23267477203647416,0.2278565101860053,0.2260192966075319,0.22666948436179205,0.22893711741791875,0.23316761363636362,0.23814977973568283,0.24268631219303866,0.24848484848484848,0.25349418861262324,0.25861486486486485,0.2644074286808348,0.2690728333693538,0.27542168674698797,0.2813841201716738,0.2870420017873101,0.30698722764838465,0.328272007452259,0.3522228474957794,0.3766112956810631,0.39885145482388973,0.4189119170984456,0.4355175688509022,0.4488124488124488,0.4588363240891789,0.46584135717560754,0.4700338327694538,0.47357267514335577,0.47547946968721844,0.4766058683584457,0.47706422018348627,0.47608328643781656,0.4763857466063348,0.4755072463768116,0.47427891763306573,0.47345399698340873,0.4719676968473365,0.47087531486146095,0.46979650697003683,0.4685667752442997,0.46739490235021514,0.4663639421459805,0.46510834328612866,0.4637832204273059,0.461034231609614,0.45917225950782997,0.45721976542972503,0.45524599881446354,0.4537373737373737,0.4519966015293118,0.4510138740661686,0.45001098659635247,0.4491506228765572,0.4488950276243094,0.4484646512735063,0.4484424052161314,0.44862155388471175,0.44915912031047867,0.4503898897553106,0.451649281082605,0.4533724340175953,0.46865919468659195,0.4781590413943355,0.4812418300653595,0.4627034677990092
17500.0,50.0,0.5861550632911392,0.7442694663167104,0.7514826320248518,0.751230072820311,0.7513625746171814,0.7510645266950541,0.7514078841512469,0.7521823472356935,0.753606462781304,0.7554347826086957,0.7582408874801901,0.7609532538955087,0.7637281716810436,0.7663069544364508,0.7688647178789939,0.7712398217852204,0.7736796536796536,0.7757209664848013,0.7779482683033757,0.7800246609124538,0.7818484596169858,0.7863023952095808,0.790273556231003,0.7916381082933516,0.7926062846580406,0.7918624783576552,0.7896201702685003,0.7868922681516385,0.7837164220437552,0.7806862398302087,0.778472532380527,0.7766610831937465,0.7748618784530387,0.7743220338983051,0.7740637573506655,0.7739965095986039,0.77413560844185,0.7743260132119264,0.7741935483870968,0.7746126936531734,0.7746189917936694,0.7745131533993851,0.7747035573122529,0.7744874715261959,0.7755946225439504,0.7763466042154566,0.7760898282694848,0.7767988252569751,0.7774613506916193,0.7794174757281553,0.7811096136567834,0.7822233476829578,0.7822603317402306,0.7825218860390108,0.7837570155166722,0.7831410825199645,0.785111569473092,0.7870406953773212,0.7870292887029289,0.7876456364036052,0.7895098488318827,0.7917910447761194,0.7933261571582346,0.7955657932623093,0.7973096912259248,0.7978689053923151,0.7910040890504316,0.7867690490253987,0.7838028169014084,0.7824598930481284
900.0,80.0,0.28251864125932064,0.28182456140350876,0.26139283299526705,0.24674157303370786,0.23719298245614034,0.23061650992685476,0.22649700598802394,0.22482873157566952,0.22518497836102191,0.2267494975333455,0.22975110490811818,0.23366079167870557,0.23746924428822497,0.2424926808866583,0.24683668464933792,0.2515598411798071,0.25683732987686325,0.2607511045655376,0.26672185430463574,0.27170686456400744,0.2762013256006628,0.29295475653443015,0.31036208910395463,0.3304703476482618,0.350709740577582,0.3699570815450644,0.3868016987912447,0.40123681338668604,0.41316415543219664,0.42168367346938773,0.42728093947606144,0.42996164908916584,0.43252113376429635,0.43338493292053665,0.43351063829787234,0.4332244008714597,0.4308262108262108,0.4306368330464716,0.42912735849056605,0.42715151515151517,0.4258004926108374,0.4234920634920635,0.4223081882656351,0.4208278580814718,0.4192513368983957,0.417675050985724,0.41632088520055327,0.41495786516853933,0.4136005726556908,0.41037593984962406,0.4084040092521203,0.40605095541401276,0.40434426229508197,0.40251677852348994,0.4005305039787798,0.3993777777777778,0.3982584784601283,0.3968779564806055,0.3960538979788258,0.39531405782652046,0.39497670650192424,0.3942652329749104,0.39397905759162305,0.3942045454545455,0.39464882943143814,0.39536910245238394,0.40615548834726917,0.41389019239793523,0.4165489974583451,0.40379901960784315
384399.0,50.0,1.0,1.0,1.0,1.0,1.0,1.0,1.0,1.0,1.0,1.0,1.0,1.0,1.0,1.0,1.0,1.0,1.0,1.0,1.0,1.0,1.0,1.0,1.0,1.0,1.0,1.0,1.0,1.0,1.0,1.0,1.0,1.0,1.0,1.0,1.0,1.0,1.0,1.0,1.0,1.0,1.0,1.0,1.0,1.0,1.0,1.0,1.0,1.0,1.0,1.0,1.0,1.0,1.0,1.0,1.0,1.0,1.0,1.0,1.0,1.0,1.0,1.0,1.0,1.0,1.0,1.0,1.0,1.0,1.0,1.0
1500.0,10.0,0.40857215318285567,0.33941605839416056,0.33043332775639955,0.3218045112781955,0.3105633802816901,0.3004815409309791,0.29452392698569313,0.29545454545454547,0.30446194225721784,0.32058504875406285,0.3409867172675522,0.36287923854848303,0.3831428571428571,0.40024834437086093,0.4144186046511628,0.42557973235264074,0.43505632869449967,0.4421065145030908,0.4491258961136964,0.4542544678580955,0.45847457627118643,0.4692475803933812,0.47645758966513685,0.48094109064380813,0.4838709677419355,0.48490945674044267,0.485,0.48414923441880525,0.48306398051804295,0.4817684594348222,0.4804560260586319,0.4797742238946378,0.47782651072124754,0.47676419965576594,0.475107404599444,0.47368421052631576,0.4724119810825013,0.47151898734177217,0.4702572347266881,0.468463462072798,0.4673395009812167,0.46609686609686607,0.46502890173410405,0.46395076201641267,0.4627532777115614,0.4616766467065868,0.4597052367513327,0.45887583359796763,0.4584634603372892,0.45586297760210803,0.4539054642976869,0.45228215767634855,0.45035211267605635,0.4489051094890511,0.4477050413844996,0.4467432950191571,0.4456736467799289,0.44538834951456313,0.44497991967871486,0.4448078495502862,0.4456474664356864,0.4454787234042553,0.44678229119123686,0.4477730895452414,0.44961013645224174,0.4522633744855967,0.47337615988579584,0.48777777777777775,0.4945273631840796,0.4811188811188811
7000.0,50.0,0.443197479818862,0.43640533778148455,0.3808798646362098,0.3479669347631814,0.33253540793935765,0.33245208195637804,0.3428935303107489,0.35911764705882354,0.37763649207790895,0.3958140151013379,0.41245990207665034,0.4266889772014223,0.4378147029204431,0.44657288237054776,0.45342706502636204,0.4567055980668546,0.45961361545538176,0.46153846153846156,0.46150234741784035,0.4620621282220754,0.4619541080680977,0.4590778097982709,0.45593346573982124,0.45242626070409137,0.4490286400961346,0.4458312531203195,0.4426528749619714,0.4404979860856829,0.43961772371850566,0.43937405350832914,0.44038128249566727,0.44228987425545996,0.44514455151964416,0.44856909239574816,0.4516956920256645,0.45577689243027886,0.4589250600830238,0.4619519770636722,0.46504369538077406,0.46712662337662336,0.4687684148497348,0.47036358081271007,0.4712922529516416,0.4718965517241379,0.4725175707334655,0.4728989612842304,0.47307161175774315,0.47321796456530696,0.4733461785484907,0.4732645403377111,0.47347347347347346,0.4733969986357435,0.4734826163818503,0.47371695178849144,0.4737380627557981,0.4738700564971751,0.4743213499633162,0.47393364928909953,0.47368421052631576,0.4743265993265993,0.4739357080799305,0.473121387283237,0.4729251012145749,0.4724413646055437,0.4708333333333333,0.46943765281173594,0.4493396511745136,0.4332449160035367,0.42394205108654215,0.3954192546583851
1800.0,20.0,0.3866211904499945,0.3589588377723971,0.3328616352201258,0.314328480065315,0.29912810194500333,0.28765038924274594,0.28193688792165394,0.28437754271765664,0.2952537981392062,0.3135899967094439,0.3364156759136944,0.36036036036036034,0.3824948311509304,0.40065093572009763,0.4154739776951673,0.4274235355106273,0.4372939169982945,0.4446306641837368,0.4526280771789754,0.4585836909871245,0.4641045349730976,0.4794916739702016,0.4919449901768173,0.5021110750243586,0.5098975314392176,0.514974524667578,0.5184073107049608,0.5203229779663336,0.5214305989213738,0.5218929677134011,0.5219038957101713,0.5219399538106235,0.5211448785978453,0.5210166177908113,0.5202224469160769,0.5195366528354081,0.5188395542189987,0.5183339266642933,0.5177111716621253,0.5163064087978764,0.5159309021113244,0.5150802976889933,0.5143597925807738,0.5137000202963263,0.5127408328154133,0.5123173277661796,0.5106804668575203,0.5099574848959498,0.5100154083204931,0.5080890973036343,0.5068394528437725,0.5052316890881914,0.5042102577188058,0.5026609898882384,0.5016547159404302,0.5008455467869222,0.5002918855808524,0.49970041941282206,0.499404052443385,0.4989364934670313,0.4990322580645161,0.4990079365079365,0.4993188010899183,0.49947497374868743,0.5003636363636363,0.5015337423312883,0.5107464266807835,0.5155266757865937,0.5136363636363637,0.47916306415355353
1600.0,90.0,0.3274010432648052,0.3310990085183634,0.3062550771730301,0.28955637707948245,0.27841079460269863,0.2710400373526322,0.2679978980557015,0.2698251836838105,0.27603247440875395,0.28494061757719713,0.29643515673017823,0.3085253456221198,0.3188432835820896,0.3293524706913553,0.3375094912680334,0.3449067431850789,0.352056329012642,0.3570409982174688,0.3641505753852155,0.3698483877856075,0.37511671335200747,0.3937184520471116,0.4120385766544729,0.43159108378170635,0.4501089324618736,0.46567961165048544,0.47877659574468084,0.4892510005717553,0.49733494851605087,0.5032401524777637,0.5067684140676841,0.5089136490250696,0.5107296137339056,0.5113485630066322,0.5117157974300831,0.5116422513492676,0.5106365834004835,0.5104368932038835,0.5095514950166113,0.5081911262798635,0.5078924544666088,0.5061717352415027,0.5054495912806539,0.5044444444444445,0.5033930254476908,0.5024952015355086,0.5013671875,0.5001984126984127,0.4990894374747066,0.4964871194379391,0.49475524475524474,0.4928813559322034,0.49115456238361266,0.4896864194586861,0.48793666750439807,0.4869136426855481,0.4859934853420195,0.4850726196880043,0.4844796936961575,0.48401697312588404,0.4837135887501794,0.4836163240988978,0.4836380396374251,0.48413331207143995,0.48505593588245116,0.48595700416088766,0.4960096735187424,0.5014137606032045,0.5005615874204418,0.47246376811594204
1600.0,80.0,0.3261584454409567,0.33060668029993184,0.3059445178335535,0.289184317260027,0.2781592403214025,0.27093987953176496,0.2680184017720225,0.2695716395864106,0.2757710760795065,0.2844700460829493,0.2957687723480334,0.3074404761904762,0.31743450767841014,0.3278845133213035,0.33570377636096127,0.34302002224694106,0.3501939487975175,0.35494467496542187,0.3620363361090083,0.36774461028192373,0.37293130809340286,0.3913280610853559,0.4096502590673575,0.42916041979010494,0.4478945129732029,0.4636622390891841,0.4771993753253514,0.4877939529675252,0.4960237388724036,0.5019925280199253,0.5059895833333333,0.5079918032786885,0.5098245614035087,0.5105567606652205,0.5109792284866469,0.5111279333838001,0.5097233201581027,0.5098490865766482,0.5092169657422512,0.5080469404861693,0.5071489361702127,0.5056189640035118,0.5047237076648842,0.504,0.5027752081406105,0.5016949152542373,0.5009587727708533,0.49961051606621226,0.4985104270109235,0.49608109520326055,0.49431452478009014,0.4925124792013311,0.4906889066605735,0.4892322097378277,0.48747995559393115,0.48653344917463076,0.4854840772477299,0.4845564941921858,0.48416107382550333,0.4835485214493961,0.48338028169014086,0.4831165034351703,0.48326296743063935,0.4837245696400626,0.48467966573816157,0.4856219159435086,0.49560882981248516,0.5012338062924121,0.5001837559720691,0.47246835443037977
12500.0,10.0,0.4704145728643216,0.4830587503885608,0.4564625850340136,0.45336754329698525,0.4505688505296195,0.44810267857142855,0.447497177267595,0.44902534113060427,0.45305250305250305,0.4590469099032018,0.4664888888888889,0.47407330279050397,0.4817263765328204,0.4891662095447065,0.4958152510849349,0.5021750478510527,0.5077700077700078,0.5129645635263613,0.5177372962607862,0.5220276008492569,0.5261303581914268,0.5348399246704332,0.5417269657501206,0.5476866132017273,0.5523210070810386,0.5562437562437562,0.5593198992443325,0.5622141618041319,0.5651577503429356,0.5683905268245529,0.5717243419106773,0.5753326141675656,0.579244463742944,0.5837245696400626,0.5882316313823163,0.5927568366592757,0.5974694589877836,0.6019039819838264,0.606788574160392,0.6097898230088495,0.6124105011933174,0.6145871225900328,0.6153052805280528,0.6175168879571395,0.6148648648648649,0.6122035858877964,0.6125200642054575,0.6090331686661962,0.6074332171893148,0.6001834021091242,0.592632140950347,0.583670963781461,0.5767832167832168,0.5728132387706856,0.5644483362521892,0.5586977648202138,0.5526762956669499,0.5457799330331371,0.5426882937256381,0.5364130434782609,0.527304499781564,0.5154192365394232,0.5054841149773072,0.49407281964436917,0.4825418994413408,0.4752851711026616,0.4803809523809524,0.4851664984863774,0.4918541033434651,0.5057929724596392
1800.0,30.0,0.36529627928341757,0.3594272076372315,0.3306902985074627,0.30997739748143366,0.29427430093209056,0.2824427480916031,0.2769028871391076,0.2795656465942744,0.2906241012366983,0.30699272433306385,0.33006802721088435,0.3545677283864193,0.3737931034482759,0.39605936540429887,0.40863689776733253,0.41903820816864296,0.4294629898403483,0.43383757961783437,0.4423307626392459,0.44856614246068455,0.4540918163672655,0.4723242994947175,0.484864232817981,0.4997114829774957,0.5074183976261127,0.5139121689574254,0.5145888594164456,0.5195385187941942,0.5222523219814241,0.5273972602739726,0.5258352355260427,0.5132967496834108,0.526060070671378,0.5193729003359463,0.5256321039202041,0.5299023111746486,0.5186721991701245,0.5202752519046449,0.5171980918905348,0.5249343832020997,0.5227333156075512,0.5160239000543183,0.5170218654857459,0.5156470256554835,0.5162777297608758,0.5101685066821615,0.5284003684372122,0.5276303465501093,0.5076781326781327,0.5116431616923581,0.5085714285714286,0.5094405594405594,0.5044818931516672,0.5125515174222556,0.5023328149300156,0.5095465393794749,0.5115511551155115,0.5076271186440678,0.49620573355817876,0.48881239242685026,0.5114259597806216,0.5056285178236398,0.5050749154180764,0.5007451564828614,0.4975735673722251,0.5064270152505447,0.5101733232856066,0.5111111111111111,0.5063013065094231,0.4689758285571891
7000.0,40.0,0.44260746339159185,0.43135228251507324,0.37099056603773584,0.3329867674858223,0.3113854595336077,0.3039329091960671,0.3076643990929705,0.31853820598006644,0.3328110599078341,0.34800097513408096,0.3622305529522024,0.37449039021549213,0.38427334425462206,0.3916434540389972,0.39725130890052357,0.4005990265818046,0.4027315407597098,0.40421715947649056,0.4046070460704607,0.40505173463177113,0.40523097826086957,0.4041848299912816,0.4034325197815669,0.4027875545544136,0.40260425831427066,0.4029105125977411,0.4036745406824147,0.40514267795547193,0.40717455621301774,0.41030354852501066,0.41437621832358673,0.41853088480801337,0.423818407960199,0.4295687885010267,0.43458588957055216,0.44026622296173046,0.4448495897903373,0.44890438247011955,0.4536565068136898,0.45673726904010814,0.4590948117257451,0.4615482394813779,0.4632768361581921,0.4645263007023076,0.46555855046421085,0.4662692187009727,0.46690694626474444,0.4672481614503164,0.4675670872578639,0.46778275257932644,0.46812045690550363,0.468282736746715,0.4683141668705652,0.4684754521963824,0.46810320385596826,0.46844731435280307,0.46872139151663106,0.4682878738087414,0.4678484532499131,0.46865148861646233,0.4687160940325497,0.4674959871589085,0.4671163575042159,0.4669035984007108,0.46515944788196095,0.4636919938806731,0.4426644182124789,0.4257865515114127,0.41613418530351437,0.38496732026143793
384399.0,40.0,1.0,1.0,1.0,1.0,1.0,1.0,1.0,1.0,1.0,1.0,1.0,1.0,1.0,1.0,1.0,1.0,1.0,1.0,1.0,1.0,1.0,1.0,1.0,1.0,1.0,1.0,1.0,1.0,1.0,1.0,1.0,1.0,1.0,1.0,1.0,1.0,1.0,1.0,1.0,1.0,1.0,1.0,1.0,1.0,1.0,1.0,1.0,1.0,1.0,1.0,1.0,1.0,1.0,1.0,1.0,1.0,1.0,1.0,1.0,1.0,1.0,1.0,1.0,1.0,1.0,1.0,1.0,1.0,1.0,1.0
900.0,90.0,0.2833047455688965,0.2826277372262774,0.262304329431674,0.24788533834586465,0.23843324751746967,0.23205268935236004,0.2281323877068558,0.22669584245076588,0.22721248711529965,0.2289899768696993,0.23236015701668303,0.236510353227771,0.2405775638652351,0.24586267605633802,0.250438370293966,0.25536352800953516,0.2608843537414966,0.2650695517774343,0.27111882046834346,0.27621359223300973,0.28102308442614066,0.29842061512884455,0.3161828611159395,0.3365221088435374,0.35694338664635694,0.37588862559241704,0.3927727119216481,0.40705970709725875,0.4186426819296811,0.42689443714410863,0.4322325581395349,0.43448445979279726,0.4370010235414534,0.4375265392781316,0.437417943107221,0.43703081232492996,0.4344665885111372,0.434297520661157,0.43244390539721045,0.4304239401496259,0.4291508238276299,0.42673202614379085,0.4254147312541473,0.4237322515212982,0.42229869236063317,0.4207983193277311,0.41923076923076924,0.41801736613603474,0.41651917404129796,0.4130906274206042,0.4108816521048451,0.4085315832649713,0.4066722972972973,0.40475367329299916,0.40282588878760256,0.4016498625114574,0.4003780718336484,0.3989268292682927,0.3983118172790467,0.39738710009258305,0.396928220666597,0.3962366760931042,0.3958802341287708,0.3959188460185294,0.39630086313193585,0.3969416602415831,0.40749586625022965,0.4146873485215705,0.41715285880980163,0.40404807084123967
17500.0,40.0,0.5899802241265656,0.7484407484407485,0.7546209186496956,0.7543401444154249,0.7544958577490402,0.7545199898141075,0.7551594746716698,0.7560331825037707,0.7575213291423439,0.7593865679534638,0.7623456790123457,0.7642857142857142,0.7672682526661198,0.7690654205607477,0.7714164546225615,0.7734515394752606,0.7752126366950183,0.776849460732189,0.7784420908780321,0.7799769408147579,0.7814054054054054,0.7846109006120664,0.7870662460567823,0.7876200640341515,0.7876169906407487,0.7855491329479769,0.7831140630987354,0.7799531459170014,0.7764298093587522,0.7734959800388134,0.7708771929824562,0.7688927943760984,0.7678474114441417,0.767426273458445,0.767430441898527,0.767195242814668,0.7672393223574326,0.7675945753033547,0.7673864988947457,0.7676848874598071,0.7676122931442081,0.7672103953552668,0.7672552166934189,0.7666913946587537,0.7676682183664832,0.7677884615384616,0.7669744703965237,0.7683444511825349,0.7683501683501683,0.7693053311793215,0.7705164319248826,0.7712161444503451,0.771010387157696,0.7711962833914053,0.7719322598556357,0.7716242370105701,0.7731926287604347,0.774734395750332,0.7750701262272089,0.7760809567617295,0.7775647171620326,0.7799958411312123,0.781740690892777,0.7842761265580057,0.7858775717551435,0.7873024377176534,0.7831236121391562,0.7802669208770258,0.7786561264822134,0.7780994550408719
1300.0,70.0,0.3012297097884899,0.30382664822498845,0.2806737588652482,0.26478034251675353,0.2546701347836368,0.24780190202763322,0.24433665443104352,0.24399260628465805,0.24647177419354838,0.2507333333333333,0.256740614334471,0.26353215877732966,0.26976144422952936,0.2769723790630246,0.2831228881380046,0.28932870842685166,0.29577464788732394,0.30070294194220254,0.30784824790037646,0.31405596654872947,0.3199928724162509,0.34035634743875276,0.3612691466083151,0.3841176470588235,0.40625,0.4258905299739357,0.4424418604651163,0.45570689473128495,0.4662673748446152,0.47385386819484243,0.478756736433137,0.4812862414338429,0.4835820895522388,0.4846745976207138,0.48492245835726594,0.48491063580427773,0.48326967150496564,0.4834203254528707,0.48221592697513377,0.48078165374677,0.47976405046698345,0.47789402632467093,0.4768993839835729,0.47552691168785927,0.47415014164305946,0.47300215982721383,0.47173952807755626,0.4704899777282851,0.4690984690984691,0.4661117717003567,0.4639740207022529,0.461892797319933,0.4598665805896277,0.45808580858085807,0.45614441101596853,0.4551162790697674,0.4540229885057471,0.45308641975308644,0.45244667503136765,0.4521152348819102,0.45208004212743547,0.4520098441345365,0.4525691699604743,0.4533450704225352,0.4549092028316405,0.456145966709347,0.4712018140589569,0.47989292088042834,0.48292857142857143,0.4637277648878577
700.0,20.0,0.3501383708338347,0.31088640275387264,0.3034318398474738,0.2999263080324245,0.29906759906759905,0.30062893081761005,0.30568499534016774,0.314809510169006,0.32729145211122557,0.34102279043913286,0.3546918767507003,0.36654135338345867,0.37527657527657526,0.382615629984051,0.3871958285052144,0.3904466501240695,0.39306736429038586,0.3937067773167358,0.39533715925394547,0.3953765846383296,0.3946553059643687,0.39491803278688525,0.3932700603968939,0.3915026833631485,0.38930875576036866,0.3867424242424242,0.38427184466019415,0.3821782178217822,0.38005228232455257,0.37825155564623075,0.37646570509494653,0.3746808510638298,0.3735483870967742,0.3722962639283373,0.3711659838334625,0.37025847599865724,0.3689499826729814,0.3683481472930855,0.3674620900434936,0.36642685851318946,0.36579457364341084,0.36471901749162633,0.3640807118686552,0.36332443766679373,0.36264160659114314,0.3620239958268127,0.36129458388375163,0.36068421755980223,0.35996202359962026,0.3585544889892716,0.35739968358981733,0.356447329595751,0.35546167773083887,0.35457616707616707,0.3540930979133226,0.35333869670152857,0.35307704999175055,0.35282155566853074,0.35280976112734147,0.35305580159433125,0.35324721923214925,0.35393466963622866,0.35486336709344546,0.3561670956246288,0.3581626319056487,0.36014586014586014,0.379802095459837,0.39539204756596064,0.4059602649006622,0.4125343092406221
600.0,0.0,0.24056209646790733,0.21094391244870042,0.23833149577361265,0.26416938110749183,0.28095914182047643,0.2924057649667406,0.3019102621057308,0.31239399869536855,0.32360742705570295,0.3348588012054917,0.34328558039898244,0.3489912213152626,0.35291113381001027,0.3541666666666667,0.353793519822902,0.35404777002747834,0.3531763660595291,0.35195139051180185,0.35142305836951276,0.34992458521870284,0.34902470741222363,0.34774281805745555,0.34616489514507326,0.3444576877234803,0.34285714285714286,0.3414479924122668,0.34019292604501605,0.33869908015768724,0.33736559139784944,0.3362210095497954,0.3353245856353591,0.33411264612114766,0.3333572453371592,0.3328040418621436,0.3317118455254363,0.33126402393418103,0.33044639450591373,0.3295241809672387,0.32947327652982183,0.32863366336633665,0.3276283618581907,0.327379983726607,0.3268151815181518,0.32605218855218854,0.3254352441613588,0.324881822088526,0.3244241634072143,0.32382417582417583,0.32333629103815437,0.3219890510948905,0.3211111111111111,0.3199047619047619,0.3188780487804878,0.31813241106719364,0.3171369933299128,0.3165463917525773,0.31595634095634095,0.3153061224489796,0.3147495872317006,0.31465281574630943,0.3143093922651934,0.3137026239067055,0.3133769322235434,0.31326841144248324,0.3132027795325331,0.3131233595800525,0.31390507910074944,0.31409150857258805,0.3128627815184583,0.2924252641042931
9000.0,90.0,0.472670944899314,0.48580441640378547,0.427418269877573,0.4044213263979194,0.40497114957834,0.4169432918395574,0.4338661338661339,0.4517400761283306,0.46879432624113476,0.484361036639857,0.4984910836762689,0.5111989459815547,0.5197674418604651,0.5281404772624944,0.5344024831867563,0.537874339401057,0.5415394824153948,0.5436567164179105,0.5447412353923206,0.5464052287581699,0.5474353628023353,0.5471775293155168,0.5467331315648923,0.5453703703703704,0.5442583732057417,0.541698546289212,0.537867824409069,0.5360793746241732,0.5329637841832964,0.5307347670250896,0.529909948542024,0.5306721081494707,0.5329144225014961,0.5321627260083449,0.5380105135463,0.5403281719436099,0.547908946532557,0.5563232201862421,0.5450915141430949,0.5607476635514018,0.5690954773869347,0.5607985480943739,0.5672456575682382,0.5641304347826087,0.5805961426066628,0.5794228356336261,0.5644340254521099,0.5706343549536707,0.560964581763376,0.5654530059271804,0.5627197039777984,0.5668802766758214,0.5631467675531323,0.5517528223410576,0.5666146239916732,0.5419063270336894,0.5415534258332141,0.5565994147543508,0.5473183532885025,0.5267034990791897,0.5293502874063752,0.5402834401087168,0.5241350735446447,0.5203359858532273,0.5237413505130041,0.525828835774865,0.4853391684901532,0.47725490196078435,0.4756432246998285,0.4809688581314879
700.0,0.0,0.2778768956289028,0.24812382739212008,0.26782884310618066,0.2834082210018306,0.2916330957545708,0.29666313559322033,0.30293378038558255,0.31310022162029055,0.3260906181573185,0.34391994779203827,0.35576669305885456,0.3635250917992656,0.3755624783662167,0.37549019607843137,0.37439869547492866,0.37964409722222225,0.37786885245901636,0.37735576923076924,0.377286282306163,0.37389060887512904,0.37384780278670954,0.37303561334087054,0.3708853238265003,0.36816502463054185,0.3657777777777778,0.36322664924885695,0.36467828418230563,0.36217510259917923,0.3579972183588317,0.356638418079096,0.3573687994248742,0.35538348082595866,0.3535022354694486,0.35609386828160483,0.3491174213353799,0.3493798449612403,0.3514376996805112,0.34197924980047884,0.3502435064935065,0.34747725392886686,0.3391485809682805,0.34675767918088735,0.3438898450946644,0.34010462074978204,0.33994708994708994,0.33871543264942017,0.33769161406672676,0.33646308113035556,0.3367497691597415,0.3370334928229665,0.3356656948493683,0.33161033797216705,0.32803160773984397,0.3273680962665844,0.3259148298737428,0.3238350294590252,0.32738225629791895,0.32305103757711723,0.3180063578564941,0.32874314389076903,0.32825958702064895,0.319304220897701,0.3205992509363296,0.322805208199046,0.32313883299798796,0.3209089649438825,0.3265932478786785,0.3281423804226919,0.3309203722854188,0.31171355498721226
2000.0,10.0,0.4036,0.3546080508474576,0.3329732510288066,0.31690265486725666,0.3022821874551457,0.29108822212270485,0.2861308918277382,0.2898101898101898,0.3027817403708987,0.32364532019704434,0.34886452623335945,0.3751242133156674,0.39907239362774755,0.41888045540796964,0.43486486486486486,0.44762191450933175,0.4579624134520277,0.4658027357811375,0.47417116422513494,0.480514096185738,0.4864021399910834,0.5018283392585069,0.5145868945868945,0.5246231155778894,0.5326116373477673,0.5376717281272596,0.5418126428027418,0.54392,0.5458402662229618,0.5469670710571923,0.5475,0.5479564032697548,0.547954329210276,0.5485024154589372,0.5481770833333334,0.5480947476828012,0.5479307432432432,0.5480268056589724,0.5477381470204437,0.5472342362849989,0.5470696815874481,0.5466871020985616,0.5463508476614164,0.5458889841931136,0.5455342603031442,0.5453051939845823,0.5442158696232968,0.5436880010871042,0.5437892766412622,0.5424164524421594,0.5414348462664714,0.540347137637028,0.5393504059962524,0.5381480273883273,0.5372907153729072,0.5365727131246758,0.5355543614544152,0.5351102941176471,0.5347603366264179,0.5344152210408506,0.5338078291814946,0.5336168489266909,0.5333194502290712,0.533219397564623,0.5334366696191319,0.5337523277467412,0.5377358490566038,0.5390781563126252,0.5354442344045368,0.4980059820538385
700.0,60.0,0.2466091245376079,0.2597114317425083,0.2455558189144347,0.2349336455893833,0.22852816474863719,0.22457399103139014,0.2226627445964957,0.22173300457907713,0.22146547674964773,0.22189781021897811,0.22230739747029513,0.22272512965582272,0.22375,0.22411014103425117,0.2241001564945227,0.22493249324932493,0.2251126587464154,0.22510421491431218,0.2256556738509478,0.22544610474394314,0.225759534583064,0.22892819979188345,0.23445802337938362,0.24368279569892473,0.25669755686604884,0.2733437663015128,0.294853875476493,0.3153555219364599,0.33400702987697717,0.3530938123752495,0.37084768359071213,0.38236732697481046,0.39183352964271695,0.40264072272411394,0.40046667638909145,0.40536038764385224,0.4106743368488335,0.4016233766233766,0.4135792120704107,0.41072664359861594,0.40042335508908095,0.4117754283631061,0.40841675936225436,0.4029511918274688,0.4032755298651252,0.40180498332352366,0.40075878594249204,0.39906674781903023,0.3997931747673216,0.4003910493156637,0.3988413547237077,0.3940161104718067,0.3888231115320862,0.3886060606060606,0.3871461361897475,0.3836284321272774,0.38910917261432726,0.38369239160076357,0.3766990291262136,0.39110473457675754,0.3903291581706962,0.3789346246973366,0.3805503439649781,0.38336582196231317,0.3838040149710786,0.3806998939554613,0.38594280174503154,0.38784872907625545,0.3880760790051207,0.36446153846153845
2000.0,50.0,0.3418193438432041,0.3485714285714286,0.3200775945683802,0.3009466865969108,0.28816326530612246,0.2799139784946237,0.277733860342556,0.2821637426900585,0.292964404894327,0.30710466004583653,0.3253588516746411,0.34365028717294194,0.35773879142300197,0.3742263279445727,0.38303191489361704,0.39051620648259305,0.39800133244503666,0.40066273932253316,0.40704,0.4116724738675958,0.4158293838862559,0.43233546361699743,0.4459547771533133,0.46433922685046447,0.47812238055322714,0.4912866147571376,0.49919646444355165,0.5099394987035436,0.5177304964539007,0.5271936185641769,0.5292191435768262,0.518738692168519,0.5339329517579722,0.528627015008338,0.5363241678726484,0.5419528217378322,0.5306936771025169,0.5331474597273854,0.5304761904761904,0.5391275391275391,0.537525354969574,0.5304498269896194,0.5323435843054083,0.5310245310245311,0.5321270310192023,0.5260999254287845,0.5458498023715415,0.5450885668276972,0.5241679873217115,0.5293118096856415,0.5264076822348319,0.5270823850705507,0.5226953673373889,0.5311121999020089,0.5208970438328236,0.5284595300261097,0.53058568329718,0.5264214046822743,0.5146585230427541,0.5068027210884354,0.5305605786618445,0.5239480198019802,0.5232780612244898,0.5182175622542595,0.5149863760217984,0.523402727925341,0.5234886025768087,0.5224971157543905,0.5171311100959343,0.4774386197743862
1300.0,30.0,0.3638157894736842,0.352828072424291,0.32768542199488493,0.30935211267605633,0.2948162111215834,0.2833308053996663,0.277330809275911,0.27879656160458455,0.2883586785527006,0.30414814814814817,0.325748502994012,0.3483937028030206,0.36839615202649423,0.3870072182121044,0.40076335877862596,0.41208530805687205,0.42183043816437643,0.42820658342792284,0.4359830097087379,0.4417696811971373,0.4468826192964124,0.46181102362204723,0.4731750219876869,0.48252752513164193,0.4887121600820934,0.49232861806311207,0.49450800915331805,0.49542211652794294,0.49552696078431374,0.49540591567023284,0.49437621202327087,0.49277591973244145,0.49210884353741496,0.49082696316886726,0.48959660297239915,0.4884422110552764,0.4860655737704918,0.48559701492537316,0.4841342486651411,0.4822794691647151,0.4814873417721519,0.4794308943089431,0.478500823723229,0.47721943048576215,0.475765306122449,0.47443868739205525,0.47333333333333333,0.472153024911032,0.47067873303167423,0.4681214421252372,0.46611650485436895,0.46392474732312616,0.4620207626683112,0.4603424729488392,0.458692290700243,0.45761207279183314,0.4567774351947014,0.455861581920904,0.45551303515905284,0.45524233432245303,0.45517241379310347,0.4553734061930783,0.45596133190118154,0.4570432357043236,0.4584795321637427,0.46010031919744643,0.47532188841201717,0.4844057319471762,0.4868686868686869,0.46550472040668117
1500.0,40.0,0.32612125309894074,0.3332636639147246,0.30547550432276654,0.2855965603726263,0.2710541989279333,0.26001908396946566,0.25365637464913576,0.25286596119929455,0.2574407582938389,0.2652910512597741,0.27793024585477416,0.292129963898917,0.3032456140350877,0.31803143093465674,0.32721023939322114,0.3356401384083045,0.3448123620309051,0.3494736842105263,0.3582456140350877,0.3652455272173582,0.3714167869663848,0.39379995156212155,0.4129339305711086,0.4351557533375715,0.45195353748680045,0.4663332050788765,0.47505154639175257,0.485513608428446,0.4921731123388582,0.5002409638554217,0.5012456402590931,0.49100609756097563,0.5035619351408825,0.49821910415542364,0.5041317699609157,0.5079037800687285,0.497070884592853,0.4987028301886792,0.4953096812988575,0.5020062695924765,0.49993654822335026,0.4930142302716688,0.49348684210526317,0.49183400267737615,0.4920136518771331,0.4859106529209622,0.5018813314037627,0.5007347538574578,0.4819364161849711,0.484715821812596,0.4811616954474097,0.4811074918566775,0.4761032472939217,0.48274067649609714,0.4725314183123878,0.47908256880733946,0.48043684710351375,0.47690058479532166,0.465891472868217,0.4588932806324111,0.4801175112789844,0.47443762781186094,0.4743148785088206,0.47061508615770853,0.46836044164786894,0.4773012289942313,0.4869458559663571,0.49224806201550386,0.4917051944519989,0.4652582159624413
1800.0,70.0,0.33774834437086093,0.3419753086419753,0.3161476944019057,0.29904375543320777,0.28787023977433,0.2809384164222874,0.27928824049513706,0.28309474022840597,0.29174187725631767,0.30296092796092794,0.3176213206046142,0.332383808095952,0.34389057750759877,0.35751258087706683,0.3655058043117745,0.3723264540337711,0.37956280723773667,0.3826702238719406,0.3890789306980869,0.3941535051260737,0.3985178463399879,0.4156550099655735,0.43079880392994446,0.45018541409147095,0.4655509065550907,0.48028562558211735,0.48951994590939824,0.5010940919037199,0.5092879256965944,0.5190339746213671,0.5209044368600683,0.5113935144609991,0.5253690036900369,0.5202257761053621,0.5273972602739726,0.5327620967741935,0.5214692188308329,0.5234864300626305,0.520395088093967,0.528268156424581,0.5263456090651558,0.5194557035321367,0.5204840613931523,0.5190132370637786,0.5197416974169742,0.5135856079404466,0.5315858453473132,0.5308666666666667,0.5104918032786885,0.5146358543417366,0.5115577889447236,0.5117164179104478,0.5069625095638868,0.5149480415667466,0.5043117744610282,0.5114503816793893,0.5131926121372031,0.5093044263775971,0.497931654676259,0.49036697247706423,0.5131578947368421,0.5068,0.5062339000515198,0.5019599533848925,0.4989538597070807,0.5077834572490706,0.5123913743160605,0.5141666666666667,0.5103960396039604,0.4753870795515216
12500.0,50.0,0.48513368983957217,0.5928571428571429,0.6064942212438085,0.6146382619700486,0.6206075044669446,0.6246531906460563,0.6286149162861492,0.6329753632343651,0.6373364126250962,0.6419354838709678,0.6462341049885882,0.6507976702962776,0.6549460169244237,0.6587275149900067,0.662134088762984,0.6652461112294907,0.6678639846743295,0.6703355704697986,0.6724759615384616,0.6742857142857143,0.675685832393837,0.6796019900497512,0.6820580474934037,0.6833041958041958,0.6840281787735304,0.6838993329290479,0.6832347140039448,0.682233502538071,0.6810985460420033,0.6796747967479675,0.6791497975708503,0.678727386150967,0.6789032749428789,0.6793357933579336,0.6804260985352862,0.6819928448390089,0.6837553074382765,0.685947348906192,0.6876360470178494,0.6901444134785913,0.6919014084507042,0.6934503713706954,0.6952160493827161,0.6959578207381371,0.6979269496544916,0.6983951300498064,0.6977750309023486,0.6982935153583618,0.6981941309255079,0.6970535714285714,0.6962655601659751,0.6948872358011572,0.6925115970841617,0.6914016489988222,0.6902925104468016,0.6880476691202243,0.6884658876743309,0.6874371859296482,0.6854247520482967,0.6845128676470589,0.6835473709716501,0.6813897118233234,0.6785608088016651,0.6764991896272285,0.6749301675977654,0.673888681359731,0.6697447039652363,0.6686695278969956,0.6649484536082474,0.6744
200.0,90.0,0.14710076045627377,0.18009510869565218,0.18454047474132684,0.18981654810932236,0.1970684039087948,0.2045847425779782,0.21156359979889391,0.2181045751633987,0.2232365145228216,0.22798515157764487,0.23127281883419362,0.23574660633484162,0.23830774723313103,0.242140328961066,0.2453102453102453,0.24928453494771602,0.254,0.2571276972055182,0.2628378378378378,0.2688780053428317,0.27443946188340806,0.2929973821989529,0.3169940222032451,0.3479564637938694,0.3908390410958904,0.4365500824024904,0.49146285186894323,0.5511833475905332,0.6075418994413407,0.6640266777824093,0.717948717948718,0.761744966442953,0.8023690773067331,0.8321678321678322,0.8569230769230769,0.8784346378018318,0.8933810375670841,0.9059715639810426,0.9121016454905227,0.9208694721062213,0.9250681198910081,0.9271411338962606,0.9302412801600201,0.9301574485264433,0.9337881219903692,0.9338657699313436,0.9316355919357283,0.9326521133302369,0.9312489769192994,0.9304728546409806,0.9298961424332343,0.9289080911233307,0.9260042283298098,0.9242595523400406,0.9232041587901701,0.9188630490956073,0.9192348565356004,0.9176276771004942,0.9137161559059803,0.9114681789540013,0.9107085085732772,0.9067229848644843,0.9017094017094017,0.8982485404503753,0.8946188340807175,0.8904968644476603,0.8567736185383243,0.8332636274919838,0.8211317768104471,0.8389366692728695
200.0,80.0,0.1454607977991747,0.17688345138441725,0.18117024945396024,0.18606701940035272,0.19244319632371712,0.1992231638418079,0.20543221539914974,0.2112476951444376,0.2157154026583268,0.2198636806231743,0.2225002979382672,0.22650429799426935,0.22874149659863946,0.2320398009950249,0.23490087597971415,0.23843915343915345,0.24269358240433866,0.24553846153846154,0.25080893682588595,0.2563148788927336,0.261475012130034,0.2783610755441741,0.30109243697478993,0.33014931927975405,0.3711691259931896,0.41515650741350907,0.4687862613135298,0.5281385281385281,0.5842217484008528,0.6416382252559727,0.6967131474103586,0.7420474262579526,0.7849740932642487,0.8164603058994901,0.8432475884244373,0.8651264167393199,0.8815196998123828,0.8946268656716418,0.901323706377858,0.911036036036036,0.915442493729846,0.9177560604137581,0.9210526315789473,0.9209855564995751,0.92494014927475,0.9250626936126273,0.9224880382775119,0.9235907461713914,0.921831955922865,0.920824894126312,0.9204523298888673,0.9192982456140351,0.916055962691539,0.9140754806551151,0.9127200595090503,0.907638136511376,0.9081035923141186,0.9064748201438849,0.9018691588785047,0.899143045484509,0.8981387478849407,0.8937109231335051,0.8876723438767234,0.8838625489343191,0.8794955628211117,0.8750000000000001,0.8336697247706423,0.8079120251356756,0.775236593059937,0.7874806800618238
12500.0,40.0,0.48525798525798525,0.590293453724605,0.6030662488809311,0.6115364982133742,0.6178435114503816,0.6231838281743525,0.6284219001610306,0.6337325349301397,0.6390066626287099,0.6445809248554913,0.6503401360544218,0.6555335968379447,0.6603044762553965,0.6646807408366792,0.6686225612439489,0.672234165702001,0.6753343239227341,0.6781848459616986,0.6806429070580013,0.6830857440708887,0.6852229670649956,0.689309147047472,0.6922683051715309,0.6942934782608695,0.6955035971223021,0.695025404702824,0.6939655172413793,0.692063492063492,0.689934243803743,0.6875996174689194,0.6856120826709062,0.68351324828263,0.6822822822822823,0.6814139941690962,0.6810193321616872,0.680976430976431,0.6812828864946129,0.6819395017793595,0.6826117318435754,0.6832856559051901,0.6838602329450915,0.6842539159109645,0.684459886291851,0.6846098265895953,0.6839950880065493,0.6831180811808119,0.6825232678386763,0.6814261069580219,0.6800254452926209,0.6774809160305344,0.6743957027752909,0.6708068158489017,0.6672836649699213,0.6650760897601238,0.6627085100367544,0.660766507618901,0.659684123025769,0.6574222222222222,0.6562024353120244,0.6550466153222537,0.6533104778230127,0.6503813155386082,0.64750656167979,0.6451058958214081,0.6437807881773399,0.6431153466973382,0.6503237742830712,0.6546977857570317,0.6571631205673759,0.6704889658156642
7000.0,10.0,0.4285613040396882,0.42519736842105266,0.3654411764705882,0.31934501142421934,0.28144699140401147,0.2558581380620646,0.24199288256227758,0.23909385113268608,0.242830099384761,0.2546728971962617,0.2606791778373548,0.2658725569561698,0.2762925969447709,0.27340823970037453,0.2707122874973101,0.2752851711026616,0.27250949459538415,0.27149152542372884,0.27170026626093574,0.26918454935622316,0.270889748549323,0.2775397796817625,0.2857910906298003,0.29559512652296155,0.3071645484197503,0.3191178424339046,0.33590376310919184,0.3473001402524544,0.35586909660983734,0.367669335641636,0.3818916349809886,0.3906331763474621,0.3994953742640875,0.41468552512789647,0.4117270105735341,0.42142615748563705,0.43396918561995595,0.4226415094339623,0.44577352472089316,0.4458947368421053,0.4333479020979021,0.45456229735988884,0.4524928092042186,0.44773067331670824,0.450879917184265,0.45150375939849624,0.4528133704735376,0.45239193083573487,0.4559616536848412,0.46268951878707976,0.46454545454545454,0.45929535232383806,0.45559105431309904,0.45801011804384484,0.45925925925925926,0.4574548907882241,0.46792035398230086,0.460997442455243,0.4517374517374517,0.4766071636915179,0.47623619779164666,0.45819997439508386,0.4618501012829169,0.466132034942002,0.46514478320821206,0.45859666180521796,0.44211657265645987,0.4253731343283582,0.41580826109127994,0.3741496598639456
1800.0,60.0,0.33153092260898953,0.33841940532081377,0.31263189629182997,0.29530889515508846,0.28437240232751454,0.27744653272845105,0.2754146341463415,0.2784702549575071,0.28599722717369774,0.29578216764548854,0.3088357588357588,0.32210160660008685,0.3319641916798315,0.34427860696517415,0.351326164874552,0.35742092457420926,0.36425339366515835,0.36693103102098185,0.3731474366011637,0.3778685570106933,0.3819900236282489,0.3990840176879343,0.4145930776426567,0.4347636680461773,0.4517565561603167,0.4678670360110803,0.47906553398058255,0.4921052631578947,0.5022783035401331,0.5128205128205128,0.515928515928516,0.5069916100679185,0.5219039595619208,0.5171969045571797,0.524597495527728,0.5297372060857538,0.5189393939393939,0.5212613473483039,0.5183374083129584,0.5263427109974425,0.5243775933609959,0.5174973488865323,0.5188209843158464,0.5171349862258953,0.5177364864864865,0.511641113003975,0.529951980792317,0.5290598290598291,0.5088888888888888,0.5128205128205128,0.509724047306176,0.5103212576896787,0.5055360896986686,0.5134699853587116,0.5029612756264237,0.5102564102564102,0.5116747181964574,0.5080231596360628,0.49646090534979426,0.489327731092437,0.5116859946476361,0.5057692307692307,0.505188679245283,0.5008729388942774,0.4979332594011493,0.5067531638838668,0.5115662295565051,0.5133536818008394,0.5096306367550419,0.47463343108504397
1500.0,50.0,0.3205988642230253,0.3248462484624846,0.2992296581608089,0.28144927536231884,0.268855788761002,0.2597830710336027,0.25474429076873595,0.25456674473067914,0.2587270341207349,0.2656623836951706,0.2753589890867318,0.28599137931034485,0.2951134380453752,0.3051368809597047,0.31289215105954776,0.3200965924335927,0.32744951383694837,0.3326115922718188,0.3401348150847149,0.34609250398724084,0.3520697167755991,0.37205651491365777,0.39193798449612405,0.41296561604584525,0.43245436105476676,0.4493453724604966,0.4631604938271605,0.474390243902439,0.48267937219730944,0.4886737089201878,0.4927740355174525,0.49499679281590764,0.4967763157894737,0.4976303317535545,0.49791955617198336,0.49802120141342754,0.496976401179941,0.4968911917098446,0.49627942293090355,0.49501169134840217,0.49430379746835446,0.4929853181076672,0.49230132450331127,0.4912310286677909,0.49005145797598626,0.48909249563699825,0.4878438331854481,0.4867567567567568,0.4855831037649219,0.4831081081081081,0.48138613861386137,0.4795417348608838,0.477729809413499,0.47623154036865367,0.474514700874106,0.4735099337748344,0.4725946836038579,0.47166605994418154,0.4712558598568961,0.4708508738359485,0.4706262939958592,0.4706593259030482,0.47097936002216373,0.47167098073051483,0.4727409638554217,0.4740300375469337,0.4860898138006572,0.49300998573466476,0.4935286103542234,0.4685986793837124
384399.0,10.0,1.0,1.0,1.0,1.0,1.0,1.0,1.0,1.0,1.0,1.0,1.0,1.0,1.0,1.0,1.0,1.0,1.0,1.0,1.0,1.0,1.0,1.0,1.0,1.0,1.0,1.0,1.0,1.0,1.0,1.0,1.0,1.0,1.0,1.0,1.0,1.0,1.0,1.0,1.0,1.0,1.0,1.0,1.0,1.0,1.0,1.0,1.0,1.0,1.0,1.0,1.0,1.0,1.0,1.0,1.0,1.0,1.0,1.0,1.0,1.0,1.0,1.0,1.0,1.0,1.0,1.0,1.0,1.0,1.0,1.0
9000.0,0.0,0.46489208633093526,0.46253418413855973,0.3702313946216385,0.3066846725185685,0.2637805512220489,0.23549803559047838,0.2184947049924357,0.2115406809001731,0.2118828451882845,0.21735096265367665,0.22431214052541582,0.23165091494067966,0.23845768652979468,0.2427653716732946,0.24514474166361305,0.24789987271955877,0.24926829268292683,0.2497216035634744,0.25127885215221457,0.2522105263157895,0.25371965544244324,0.2605647907069898,0.2687555725385301,0.2788246566592143,0.28949447077409163,0.30028873917228105,0.3118187033849684,0.3229546991210277,0.33395037416305634,0.34602888086642597,0.358661216147164,0.3696864111498258,0.38270725388601035,0.39671663097787296,0.4071143085531575,0.4200869565217391,0.4302769818529131,0.4392972916448813,0.45115257958287597,0.4576190476190476,0.46208684381075826,0.46919239584737765,0.4730077120822622,0.4751978088861838,0.47772119669000634,0.47907286976821745,0.48005573941821983,0.4803636363636364,0.4805366591080877,0.4785035138486978,0.4773880432384734,0.4738106679481019,0.47058823529411764,0.46825396825396826,0.46271338724168914,0.4615145872129112,0.4593285990961911,0.45505032974661574,0.45154185022026433,0.45127825120414966,0.4490811638591118,0.44260204081632654,0.43956093189964157,0.4362689393939394,0.43132959755476313,0.42646575342465753,0.38660886319845855,0.36690968605862223,0.361992768179992,0.35700757575757575
17500.0,10.0,0.5635374149659864,0.7018150388936906,0.7073998642226749,0.7064814814814815,0.7039426523297491,0.7021781004593273,0.7012544802867383,0.7019189765458422,0.7036851341188268,0.7065693430656934,0.7107661154235572,0.7153369481022464,0.7207247017233761,0.7261785356068204,0.7317073170731707,0.7381562099871959,0.7440519105984138,0.7507305194805195,0.7574040219378427,0.7636887608069164,0.7702749738948834,0.786331500392773,0.8014517506404782,0.814385150812065,0.8243825950607605,0.8304461942257217,0.8339124391938847,0.8345140781108084,0.8324355971896955,0.829082774049217,0.8246667918152807,0.8199672667757774,0.8153491055972303,0.8106676086188626,0.8060085836909872,0.8014515292897875,0.797011207970112,0.7916666666666666,0.7866489832007073,0.7820808038517898,0.7769837358304583,0.7718943875342663,0.7667618887581918,0.7616177328407544,0.7567567567567568,0.7517838939857289,0.7474018475750578,0.7432651736449205,0.739224918507787,0.73215859030837,0.7264690587623505,0.7216248506571087,0.7172599059771659,0.7153046062407132,0.7140776699029127,0.7141361256544503,0.7145658263305322,0.7160039761431412,0.7172929165351015,0.7187083888149135,0.7201770736253494,0.7232984960489421,0.7266574585635359,0.729958432304038,0.7324921135646688,0.7351423339437323,0.7404767208732457,0.7429696287964005,0.7454007884362681,0.7548449612403101
1300.0,20.0,0.3906987505784359,0.34874917709019093,0.3308715901530273,0.3173578199052133,0.30526838966202785,0.2949352931778239,0.28986587183308493,0.29173831775700937,0.301465002712968,0.3164021164021164,0.3376532047418123,0.36020343293070567,0.3784989234081821,0.39910394265232974,0.41124140719773555,0.42121684867394693,0.43102198598695335,0.4352020860495437,0.4424778761061947,0.4479717813051146,0.4517940717628705,0.46514047866805414,0.4720850740600076,0.48014735980352025,0.4826989619377163,0.48409090909090907,0.48184818481848185,0.4830317848410758,0.4828643216080402,0.4853443811496634,0.4825925925925926,0.470855614973262,0.47982261640798224,0.4735310576385003,0.4774453394706559,0.4800235017626322,0.46971873129862357,0.4707331730769231,0.46731826511912034,0.47256020278833966,0.4701406649616368,0.46397919375812746,0.4641820580474934,0.46251673360107093,0.46242341729067393,0.45677154582763335,0.4706810035842294,0.46949891067538124,0.45307142857142857,0.45554716981132076,0.4522674865488086,0.451984126984127,0.4472918350848828,0.4533557046979866,0.44467532467532467,0.4501763668430335,0.4516393442622951,0.44878731343283584,0.43842592592592594,0.43254716981132074,0.45244524452445245,0.44774590163934425,0.44812664907651717,0.4452641857437344,0.4440808035210473,0.45322369205100704,0.46979754397610357,0.4803963808703145,0.48382126348228044,0.46597713663581924
2000.0,40.0,0.3426315789473684,0.35102124183006533,0.3210651828298887,0.3001917282936182,0.2854882459312839,0.27513513513513516,0.2709983268265477,0.27401837928153716,0.28452337803552014,0.2987558843308675,0.318609865470852,0.33906071019473083,0.3546572934973638,0.3736644407345576,0.38395002402691014,0.3926406926406926,0.40161773517076094,0.4051553205551884,0.4126609442060086,0.4184926184926185,0.4235244519392917,0.4422507403751234,0.4571330980302858,0.4760552471924616,0.4892250606536321,0.5010148321623732,0.507035175879397,0.5163538873994639,0.5227443609022556,0.531015408929277,0.531980319803198,0.520545073375262,0.5354070152217075,0.5296362819937135,0.5372402521597012,0.5425890279114534,0.5311418685121108,0.5335327848416853,0.5305080418687771,0.5396357793251205,0.5377717391304347,0.5308676307007787,0.5325191706901449,0.5311503911909592,0.5321862948679917,0.5260635110844817,0.5458875833597968,0.5454545454545454,0.5238701464035647,0.5290102389078498,0.526131182041389,0.5268935236004391,0.5225733634311512,0.5311268715524035,0.5204918032786885,0.5283494330113397,0.5305410122164049,0.5262449528936743,0.5142984807864165,0.5066179826563213,0.5303250849102378,0.523406374501992,0.5225872689938398,0.5178458289334741,0.514207350521119,0.522974537037037,0.52257806244996,0.5211530485275819,0.5155363748458693,0.47586950660555405
700.0,70.0,0.23599320882852293,0.2415107415107415,0.22800950940133996,0.21873048907388137,0.21365777080062795,0.21116138763197587,0.21019509125235997,0.21020552799433026,0.21105715353007098,0.21265640038498557,0.21406913280776227,0.21569288389513108,0.21828103683492497,0.22017353579175705,0.22172523961661342,0.22438661710037175,0.22682090831191087,0.22917485265225934,0.23212493028443948,0.23436512950094757,0.23740904551291198,0.2472037914691943,0.2606965174129353,0.27799550273048507,0.29714285714285715,0.32122137404580153,0.34916201117318435,0.3730088495575221,0.3945392491467577,0.41494696239151396,0.4342189843582601,0.44616110390376224,0.45622003532677263,0.4643048845947397,0.46153846153846156,0.46628470691934776,0.46930507946400746,0.4609895337773549,0.47287968441814593,0.4670526136557126,0.45473537604456826,0.469844709281329,0.464555330510035,0.45516201959306707,0.4553674490188534,0.45288574793875147,0.4513416099319183,0.44852191641182465,0.4489795918367347,0.44737420347176443,0.4442937853107345,0.4400749063670412,0.4310553006520164,0.4301288404360753,0.4287208998168977,0.42108036890645584,0.428843537414966,0.42177827799662354,0.411579249068501,0.4267459138187221,0.42477341389728096,0.4110236220472441,0.4110929853181077,0.4127847670860252,0.4119957158157801,0.40765514678558157,0.40443527591542033,0.40179401993355485,0.3995268138801262,0.3711790393013101
700.0,50.0,0.25766871165644173,0.2662168560606061,0.24764816556914393,0.23304035157810626,0.22251443232841564,0.21456692913385828,0.20861743798055998,0.20469232352335873,0.20230596175478066,0.20152190051967334,0.2013276434329066,0.20176574455562096,0.20342368045649073,0.20422297297297298,0.20501968503937007,0.20732948761452324,0.20870234886407393,0.20995514397337578,0.21220930232558138,0.21332375650924762,0.21528054118583367,0.22304205489801057,0.23274503624330287,0.24591121495327103,0.26226235741444864,0.2808924485125858,0.3035835023664638,0.32334113973458234,0.3397007042253521,0.3560311284046693,0.3709148598625066,0.3795662100456621,0.38638001441268316,0.39582284851534977,0.3916166100809611,0.39559258263907554,0.40061980560642346,0.39018492176386915,0.4023106171395145,0.3994585651977741,0.38893135606176427,0.39990542244640603,0.39664,0.39168704156479217,0.39187396351575454,0.3904537021420138,0.3895368782161235,0.38784395680947403,0.38857345635202273,0.3896442540510337,0.3881993507733435,0.38308359621451105,0.37870182555780935,0.3782437201577745,0.3768020969855832,0.37450549450549453,0.37944306090106406,0.37421163279607567,0.36793349168646083,0.3820638820638821,0.38154613466334164,0.3704663212435233,0.3723916532905297,0.3754863813229572,0.3760186263096624,0.37322453913569054,0.37971014492753624,0.38228450555261767,0.3834061135371179,0.3609258532757944
2000.0,60.0,0.3440120135152046,0.34971231300345224,0.32177178835745057,0.3033202025886325,0.29195857447456597,0.2851357789423535,0.2841991341991342,0.2894236858771374,0.3003723008190618,0.3137532914725542,0.3309466984884646,0.34816053511705686,0.36086424785976356,0.3760386473429952,0.3844394868934746,0.3911671924290221,0.3983122362869198,0.40085803432137285,0.40680851063829787,0.41154562383612664,0.4153283187639764,0.43124620060790275,0.4449377058570815,0.4630550033134526,0.47701793721973096,0.490432612312812,0.49864068871771633,0.5096647908000979,0.5178060826618144,0.5272577092511013,0.5291750503018109,0.5192080378250591,0.5343106674984405,0.5292993630573248,0.5370063060073017,0.5426515930113053,0.5315474092351075,0.533997864008544,0.5311929952572054,0.5401990811638591,0.5384914463452566,0.5312375646637485,0.5329268292682927,0.5319502074688797,0.5329366765830854,0.527038626609442,0.5468607825295724,0.546339202965709,0.5248518011855905,0.5300733496332518,0.5271356783919598,0.5283018867924528,0.5238685344827586,0.5323745064861816,0.5217008797653959,0.5295072115384616,0.5313162819713038,0.527325208466966,0.515591054313099,0.5076973255055447,0.5314147018030513,0.5246975088967971,0.5240645634629494,0.5192307692307693,0.5159090909090909,0.5242774566473989,0.5244333067547556,0.5231856322685117,0.5178321678321678,0.478310502283105
25000.0,90.0,0.6305803571428571,0.7589915966386555,0.7682821909951247,0.7755016722408027,0.7844827586206896,0.7911676646706587,0.7928504233301975,0.7912963176728616,0.785982478097622,0.7778877887788779,0.7678778507924237,0.7572706935123042,0.7464752627531402,0.7362445414847162,0.7265265922521339,0.7176557316623664,0.7093981863149217,0.7017947537965946,0.6947152385838892,0.6878216123499142,0.6817602040816326,0.6664429530201342,0.6534708361055667,0.6419028042871825,0.6323044069112793,0.6250319938571794,0.6203423967774421,0.6183807439824945,0.6191827468785471,0.6239385065885797,0.6313027179006561,0.640921570968127,0.6533594456161494,0.6670448099829835,0.6825023518344309,0.6988998262883613,0.7154959406989058,0.7325680272108843,0.7466802860061287,0.7631578947368421,0.7761506276150628,0.7880837359098228,0.7996350364963504,0.8073537027446919,0.8185105661656684,0.8245832296591192,0.8270500825536599,0.8320802005012531,0.8336517032792105,0.8375380211129003,0.8404088050314465,0.842071611253197,0.8418497109826589,0.8415694065060839,0.8423399790136411,0.8393562958780351,0.8409291384886798,0.8420729837473168,0.8395424836601307,0.8388316151202749,0.8403271692745377,0.8410493827160493,0.8399832003359933,0.8412055780476833,0.8411708253358925,0.8403061224489796,0.8156862745098039,0.7996129864545258,0.7863236470274593,0.764158918005072
17500.0,30.0,0.5896896370331405,0.7508417508417509,0.7573568281938327,0.7568873852102465,0.7569652132850622,0.757390618841151,0.7585459797785267,0.760266049739734,0.7627875042911089,0.7660346914078258,0.7689055894786284,0.7721106890938687,0.7753578095830741,0.7781715095676824,0.7808835341365462,0.7836660617059891,0.7860137000306717,0.7882204072242034,0.7901681759379042,0.7922002328288708,0.7939731411726171,0.7977924944812362,0.8005374738727978,0.8016161616161617,0.8016348773841961,0.8001458789204959,0.7966183574879228,0.7926366396761133,0.7884741322855272,0.7841289782244556,0.7801906779661016,0.7768567639257294,0.7738486842105263,0.7722672064777328,0.7700865265760197,0.7683658170914542,0.766998191681736,0.7660913925974167,0.7648736228127025,0.7636643571978445,0.7625545851528385,0.761171691255078,0.7598700649675162,0.7584106728538283,0.7575150300601202,0.7563025210084033,0.7555266579973993,0.7554904831625183,0.7547683923705722,0.7543046357615895,0.7544392523364486,0.7540444444444444,0.7531746031746032,0.7533754355400697,0.7537339762436787,0.7544699068244775,0.7556833377908532,0.7569935009889799,0.758405236536745,0.7597878646077055,0.7612766650382674,0.764342453662842,0.7672299221568255,0.7699635184434536,0.772347266881029,0.774346257889991,0.7767371601208459,0.7771822358346095,0.7780269058295964,0.7807963776801171
1000.0,80.0,0.29125794976824404,0.2895238095238095,0.267142129393785,0.25140329988093213,0.24084958589366817,0.23342674139311448,0.22888503755054881,0.22691377921031428,0.22743131269079808,0.22931306467804388,0.23309510720175922,0.23779096303057964,0.2423568649249583,0.24809917355371902,0.2531758326878389,0.2586314847942755,0.2645769622833843,0.26903523974581167,0.27542043984476067,0.2809971098265896,0.28624296057924375,0.30420150928003264,0.32231090839984794,0.34226236032450635,0.3617021276595745,0.37909581086686023,0.3939393939393939,0.4059861857252494,0.4154735682819383,0.4221443178498393,0.42615384615384616,0.42787682333873583,0.4292878635907723,0.4299033149171271,0.4296348812477845,0.4292435758233804,0.4269535673839185,0.4264036418816389,0.42512640995721507,0.42338387869114125,0.42186234817813767,0.4201750729470613,0.4188503803888419,0.4175559380378657,0.41613467424573675,0.41484444444444446,0.41359530261969285,0.4124197983501375,0.4111059262715819,0.40821917808219177,0.4063627254509018,0.4043927648578811,0.4025491237387148,0.4010863661053775,0.3994282447112636,0.3983342906375646,0.397396449704142,0.39645909645909644,0.3958410924891372,0.3954370179948586,0.39510763209393346,0.39491180461329717,0.3948807854137447,0.3953284671532847,0.39646968534151955,0.39768,0.41182560681007707,0.4219847328244275,0.4269870609981516,0.4184627897519317
384399.0,30.0,1.0,1.0,1.0,1.0,1.0,1.0,1.0,1.0,1.0,1.0,1.0,1.0,1.0,1.0,1.0,1.0,1.0,1.0,1.0,1.0,1.0,1.0,1.0,1.0,1.0,1.0,1.0,1.0,1.0,1.0,1.0,1.0,1.0,1.0,1.0,1.0,1.0,1.0,1.0,1.0,1.0,1.0,1.0,1.0,1.0,1.0,1.0,1.0,1.0,1.0,1.0,1.0,1.0,1.0,1.0,1.0,1.0,1.0,1.0,1.0,1.0,1.0,1.0,1.0,1.0,1.0,1.0,1.0,1.0,1.0
1500.0,70.0,0.31486129458388373,0.3198900091659028,0.296165191740413,0.2801,0.26987951807228916,0.2631578947368421,0.2604319180087848,0.26156258165665014,0.2661388988844908,0.27277085330776607,0.2814039408866995,0.2905747126436782,0.29851301115241635,0.30703578071999127,0.3138075313807531,0.3202368915210169,0.32668612191958496,0.3313964045759942,0.33827061649319456,0.34392234723141407,0.34918709051201163,0.36828036828036825,0.38767466857757077,0.4085858585858586,0.42864054184808903,0.44634678298800434,0.4610608800482218,0.473481384715872,0.4826842837273992,0.4897435897435897,0.49416730621642363,0.4966129032258065,0.49892116182572616,0.5001712328767123,0.5007029876977153,0.5008071748878924,0.499438202247191,0.49943555973659454,0.49845559845559845,0.4975198412698413,0.49672610053389743,0.49527272727272725,0.49435951502372166,0.49323162870648907,0.4921832294741445,0.4911012235817575,0.48998528912526873,0.48890932076772786,0.48764202881574326,0.485042471993106,0.48308080808080806,0.48108531176624053,0.4792589609343536,0.4777350192413414,0.47583212735166425,0.4748180494905386,0.47391304347826085,0.4727806990411383,0.47232704402515724,0.471869918699187,0.4717136730991258,0.4715850736049298,0.47191805015895444,0.4724972497249725,0.47340119070482045,0.47456612806702575,0.48645629712370847,0.4934545454545455,0.49413808076422056,0.4693457943925234
1800.0,40.0,0.33399160701061464,0.3425556189389618,0.3143111903700401,0.2943898207056102,0.28012759170653906,0.2695010183299389,0.26433070866141734,0.2656856974690995,0.27342029476537355,0.2846766635426429,0.3009621353196772,0.31832151300236405,0.3318575553416747,0.3484641638225256,0.3580666231221424,0.36651982378854625,0.37532467532467534,0.37917783735478106,0.387137330754352,0.3934718723761545,0.39888535031847133,0.4190323870451819,0.43596059113300495,0.45656353784303444,0.4721038357225881,0.4856718318828274,0.4938412408759124,0.5042610177745313,0.5113956466069142,0.5201721355567509,0.5214723926380368,0.5106868053576518,0.5248354278874925,0.5193185275327046,0.526365645721503,0.5313413445924001,0.5201465201465202,0.5219724924521972,0.5188614540466392,0.5269010043041606,0.524900036350418,0.5176383215744523,0.5189250567751703,0.5175472425761666,0.5181245074862096,0.5119236883942766,0.5300293994120118,0.5292609995728321,0.5088235294117647,0.5130161579892281,0.5096596136154554,0.5100478468899522,0.5053974484789009,0.5133333333333333,0.5029270888770623,0.5099618943930321,0.5118012422360249,0.5078886310904872,0.4964203233256351,0.48898055391868,0.5117720726361928,0.5052665382145151,0.5050331125827815,0.5004765146358067,0.4975230007077141,0.5063480209111277,0.5104728328494401,0.5117623336469955,0.5078324808184144,0.47231833910034604
7000.0,30.0,0.44046229278543075,0.4249452390155908,0.3597908402452218,0.31498154981549814,0.2829436038514443,0.26270373921380635,0.25361867704280155,0.25409546258102533,0.26084388185654006,0.270861989912884,0.2807889190003011,0.2897803247373448,0.2975245212517515,0.30225352112676057,0.30502008032128514,0.30752688172043013,0.30869565217391304,0.3092046023011506,0.31015625,0.3107142857142857,0.31157601115760114,0.3152422907488987,0.32006210491294224,0.32604510451045104,0.33277169334456613,0.3398572884811417,0.3478890229191797,0.3557692307692308,0.3636959370904325,0.37230081906180196,0.3814954051796157,0.38954309938765896,0.3985981308411215,0.40801354401805867,0.41541353383458646,0.42387357094821787,0.4305555555555556,0.4363996827914354,0.4432321575061526,0.4474381625441696,0.4504306220095694,0.4547337278106509,0.4570568075604943,0.4589169515826624,0.4607347876004592,0.46204580884998203,0.4630277292030977,0.4638906961613533,0.46457967885575496,0.465280849181778,0.46594475831763965,0.46597127222982215,0.46613766377560434,0.4665109034267913,0.46602564102564104,0.4662983425414365,0.46659012629161883,0.46599060103883255,0.4654631083202512,0.46628029504741836,0.46628602501359434,0.46499698249849125,0.46482889733840305,0.4644644644644645,0.46280400572246067,0.46109620544269836,0.4381771829190567,0.4205440900562852,0.4098161003531848,0.3748736097067745
12500.0,60.0,0.4839105870793417,0.584375,0.5959258640841543,0.6039680494717856,0.6097917427840701,0.6141463414634146,0.617948717948718,0.6225253312548714,0.6271604938271605,0.6319018404907976,0.6368019284853355,0.6416770573566085,0.6461510855912435,0.650225133033156,0.6542207792207793,0.6577777777777778,0.6608925425719319,0.6638157894736842,0.666298749080206,0.6681743421052632,0.6704963235294118,0.6751669702489375,0.6778491171749599,0.6801443277087976,0.681443154803524,0.6821095037538912,0.6820342205323194,0.6815131177547284,0.6808675445391169,0.6804474708171206,0.6799516908212561,0.6797919762258544,0.6802714932126697,0.6813704028021016,0.6829172141918528,0.6848285580084547,0.6870016688299647,0.6896401308615049,0.6916389670161084,0.6946587537091988,0.6971879286694102,0.6989374262101535,0.7008968609865471,0.7027027027027027,0.7050770108385624,0.7059948979591837,0.7057651245551602,0.7066614420062696,0.7064655172413793,0.7062359894028938,0.706215355584385,0.7055436529191216,0.7036036036036036,0.7028333333333333,0.7022900763358778,0.7000198530871551,0.7008528784648188,0.7002953874119519,0.6980947728382999,0.6969775924960917,0.6967865970887119,0.6944699052856707,0.6911118621155796,0.6894135005533014,0.6876243533625149,0.6861407249466951,0.67739898989899,0.673887489504618,0.6679187817258883,0.675761421319797
2500.0,90.0,0.3510714285714286,0.363340206185567,0.3282591725214676,0.3062730627306273,0.2932105375883487,0.2861720067453626,0.2865325077399381,0.2948012232415902,0.31031841558157347,0.3287526427061311,0.35189264970959344,0.37442572741194485,0.39040451552210725,0.40956651718983555,0.4183823529411765,0.42569887199607653,0.4332056892778993,0.4348540145985402,0.44100862641008626,0.4456727272727273,0.4494426751592357,0.4651471984805318,0.47725245316681536,0.4938382541720154,0.5043815543743715,0.5142221515970126,0.5184930328573886,0.5274074074074074,0.533359497645212,0.5421862011637573,0.54296875,0.530671425384787,0.5482954545454546,0.5424836601307189,0.5519776876267748,0.5588853838065194,0.5475285171102662,0.5510035743744844,0.5488253608831022,0.5607784431137725,0.5594874923733985,0.5533584431889517,0.5561996779388084,0.5558124174372523,0.5582738702004757,0.5525318635893903,0.5770081061164333,0.57745947983415,0.5534124629080118,0.5622231171969392,0.5610671112963735,0.5635407537248028,0.5603448275862069,0.5715653422690282,0.561122244488978,0.5706185567010309,0.5734265734265734,0.5693673695893452,0.5564784053156147,0.5479320113314448,0.5738684369342185,0.5660669975186104,0.56468330134357,0.55875,0.5536885245901639,0.5611790079079799,0.5489655172413793,0.5403205291274484,0.5314441582057887,0.4838487972508591
2500.0,80.0,0.35100788781770376,0.36322397731875256,0.3282208588957055,0.3061990423191407,0.29310344827586204,0.28626282687851706,0.28668354430379744,0.29504876219054765,0.310441034445756,0.32884216760438256,0.3519827247742442,0.3741870935467734,0.39028887523048555,0.40900768949102895,0.41819338422391855,0.42533653846153846,0.43293991416309013,0.4346062052505967,0.4407552083333333,0.44514978601997146,0.4490625,0.4650186567164179,0.47688431200701137,0.49362776025236593,0.5040972025996044,0.5140712945590994,0.518455807653234,0.527342325920525,0.5334234930448223,0.5420503376304481,0.5430647574268006,0.5307557117750439,0.5481464210771742,0.5424415832141154,0.551948051948052,0.5590367685137234,0.5476190476190477,0.5507717303005687,0.549079754601227,0.5608964907107048,0.5597956730769231,0.5533230293663061,0.5564720812182741,0.5559531554977228,0.5585676037483266,0.5525780189959294,0.5769230769230769,0.5775798069784707,0.5535257581293387,0.5622521808088818,0.5607553366174056,0.5636599050496331,0.5603217158176944,0.5719000471475719,0.5609274790330537,0.5705583756345177,0.5736228813559322,0.5690879300928454,0.5567066521264995,0.5481026785714286,0.5741973840665874,0.5661576053756873,0.5648393194706994,0.5586139896373057,0.5535978480161399,0.5610757254069356,0.5487875848690592,0.5405337676982834,0.5314226003881176,0.483750846310088
12500.0,70.0,0.4831581783885745,0.5797794117647059,0.5908920539730135,0.5991316931982634,0.6050903119868637,0.6096491228070176,0.6140646976090014,0.6183887915936953,0.6233863224154487,0.6283818274629913,0.6335338345864662,0.6386216547140109,0.643317230273752,0.6476933669956392,0.6516766311411489,0.6552431165787932,0.6586649128576126,0.6615101289134439,0.664332784184514,0.6668200644270593,0.6688946015424164,0.6734056987788332,0.6767025089605735,0.6793323863636364,0.6808974758491741,0.6816792337477073,0.681986265187533,0.681910569105691,0.6815642458100558,0.6804956896551724,0.6811497326203209,0.6811832374691865,0.6823,0.683250815118947,0.6850564726324935,0.6872307427192831,0.6899714635140645,0.6928417524539143,0.6952621250350435,0.6987012987012987,0.701386286998876,0.7033061399742379,0.7060546875,0.7077093732667776,0.7105751391465677,0.7120165745856354,0.7119322555812163,0.7134517766497462,0.7131970260223048,0.714160455940377,0.7147918511957484,0.7146953405017921,0.7131845190300306,0.7126825792661204,0.7128443927046954,0.7102863202545069,0.7117834394904459,0.711310244611286,0.7088871514203805,0.7078120656102308,0.7077598828696925,0.7057673509286413,0.7027417027417028,0.7007874015748031,0.6991075223119422,0.6978122151321786,0.6860068259385665,0.6803473491773309,0.6728484175458078,0.6794558772235787
7000.0,20.0,0.4342013888888889,0.42293333333333333,0.35903855783675515,0.31232522009321595,0.2758048780487805,0.25017217630853994,0.23617504973003695,0.23273365511189117,0.2363519588953115,0.24419642857142856,0.25180201826045173,0.25841645885286785,0.26406674427629023,0.26590421729807007,0.2654089861751152,0.2662,0.2653831343858298,0.26375719982277357,0.26398809523809524,0.26346801346801346,0.26369905956112855,0.2692490118577075,0.27643564356435646,0.28625212533398103,0.29722995749670234,0.3088722328743246,0.3215583366976181,0.3337198515769944,0.345636699182705,0.3576042278332355,0.36983204134366926,0.3798421807747489,0.3911353032659409,0.40174418604651163,0.4099316628701595,0.4191325301204819,0.4260486794407043,0.43233166388425154,0.4391477272727273,0.44335154826958106,0.44656638325703074,0.450501002004008,0.45318404478656404,0.45488165680473375,0.45662835249042144,0.4580542264752791,0.45910596026490064,0.46001719690455717,0.46094306049822065,0.46211240310077517,0.46309621710526316,0.4636109558412521,0.46411368015414256,0.46473871131405375,0.4645242070116861,0.4653735632183908,0.46593111674370064,0.4654895666131621,0.4653767820773931,0.4663026787237673,0.46647897237374625,0.46565183450429354,0.4656301145662848,0.465246395523994,0.4638082065467958,0.46235497408047393,0.4393939393939394,0.42089102950030105,0.41033672670321064,0.3738562091503268
4000.0,0.0,0.3385502471169687,0.3812962962962963,0.3419347373293219,0.3221449851042701,0.31540006695681283,0.31526633717737507,0.3228894691035683,0.33754774134070853,0.3555765595463138,0.36945304437564497,0.3847184986595174,0.39499374217772215,0.39477386934673364,0.4018332347723241,0.396673455532926,0.3920306513409962,0.39076923076923076,0.38438697318007664,0.383939774153074,0.3839925977330558,0.3841322737759549,0.3914453366275479,0.396697247706422,0.40832443970117394,0.41418269230769234,0.42091152815013405,0.42302074203914697,0.430383761496987,0.43568043331076506,0.4442836468885673,0.4452054794520548,0.43339882121807466,0.4514358108108108,0.4459869848156182,0.4565916398713826,0.4641210374639769,0.4545045045045045,0.4579857578840285,0.45736925515055465,0.4706515580736544,0.4704822777454968,0.46540084388185654,0.46968184653774175,0.4707741935483871,0.4747319034852547,0.46999316473000685,0.49702159344750557,0.4987711213517665,0.47513227513227513,0.4882154882154882,0.4894783377541998,0.49583333333333335,0.4959163346613546,0.5104812834224599,0.5030716723549488,0.514552768575485,0.5205153865399049,0.5176409321702903,0.506396866840731,0.4995962314939435,0.5274677489491231,0.5210929289896412,0.5208787784356498,0.515864068287969,0.5113426314905059,0.5191111111111111,0.5,0.48452929558920343,0.478981406628941,0.44320810840586095
1800.0,50.0,0.33328415461788136,0.33994452149791954,0.3134952766531714,0.29524913093858635,0.2828647416413374,0.2743251349730054,0.27106227106227104,0.27356073884319804,0.28172782874617736,0.2926765702371644,0.3073720136518771,0.3226139294926913,0.3341871406168322,0.34833333333333333,0.35635202271114264,0.3629896083133493,0.3703637976929902,0.3731635651322233,0.37964441605450866,0.38447276940903824,0.38871394382164,0.40603075085833706,0.4211719567492152,0.440946460798075,0.4572072072072072,0.4725137431284358,0.48261814231395983,0.49487854843429907,0.5043451272501552,0.5140983606557377,0.5169115134950462,0.5077138849929874,0.522140221402214,0.5171116961263633,0.524628616106333,0.5297906602254429,0.5187938868236266,0.5206164098292378,0.5176821474222412,0.5258467023172906,0.5237234523271577,0.5170821791320406,0.5181176470588236,0.516546762589928,0.5171568627450981,0.5111220958971824,0.528981723237598,0.5282527881040893,0.5084161003659174,0.5123883928571429,0.5093821510297483,0.5096966091612135,0.5048170731707317,0.5126114649681529,0.5022471910112359,0.5093982420554428,0.5112903225806451,0.5075648414985591,0.4959856630824373,0.48858814923189464,0.5111888111888112,0.5051036682615629,0.5046014790468365,0.5001689189189189,0.49736611062335384,0.5060185185185185,0.5108486326871229,0.5126371799135351,0.5089903181189488,0.473773987206823
384399.0,20.0,1.0,1.0,1.0,1.0,1.0,1.0,1.0,1.0,1.0,1.0,1.0,1.0,1.0,1.0,1.0,1.0,1.0,1.0,1.0,1.0,1.0,1.0,1.0,1.0,1.0,1.0,1.0,1.0,1.0,1.0,1.0,1.0,1.0,1.0,1.0,1.0,1.0,1.0,1.0,1.0,1.0,1.0,1.0,1.0,1.0,1.0,1.0,1.0,1.0,1.0,1.0,1.0,1.0,1.0,1.0,1.0,1.0,1.0,1.0,1.0,1.0,1.0,1.0,1.0,1.0,1.0,1.0,1.0,1.0,1.0
1500.0,60.0,0.3017051705170517,0.3102003404478198,0.2865792129162462,0.2702898550724638,0.25960355434039645,0.25230995380092397,0.2484481688392303,0.2480123674911661,0.2508782556026651,0.2553592934564432,0.26189008731381613,0.2689171974522293,0.275115562403698,0.28206521739130436,0.28763243470051403,0.2931611669057867,0.29907295445384924,0.30326758018370725,0.309662398137369,0.31509364671318396,0.32031566167543507,0.3393213572854291,0.3592233009708738,0.38192944564434844,0.40422417398578003,0.4248095238095238,0.44290271132376396,0.45803830528148576,0.470130678282514,0.4790651744568795,0.4855263157894737,0.4892778993435449,0.49255639097744364,0.49440993788819876,0.4954545454545455,0.4964955175224124,0.49548936170212765,0.49580838323353293,0.495171202809482,0.4944945848375451,0.49340659340659343,0.4925330812854442,0.4915627996164909,0.4904296875,0.48956262425447317,0.4885720064724919,0.4875514403292181,0.4864695434123916,0.48541001064962724,0.48287824529991047,0.4810053942384942,0.47907528156490814,0.4773060029282577,0.4758930801898576,0.474092582851131,0.4730855706917074,0.4723433242506812,0.47133220910623946,0.4707898871589773,0.4704579025110783,0.47033263410248727,0.4702316182185605,0.47065426555484285,0.47137150466045274,0.47237232002788915,0.47356987690079655,0.48569258040010127,0.492748846407383,0.493705743509048,0.46883996613039797
1000.0,90.0,0.29486033519553073,0.2928649835345774,0.2703676236889501,0.25443262411347517,0.24384250209438704,0.23642467477968945,0.23179611650485438,0.23013582342954159,0.23090197883110908,0.23321715411425972,0.23744911804613297,0.24263640753259294,0.24761764705882353,0.2537762237762238,0.2592956592956593,0.2649976381672178,0.27118279569892473,0.2759439707673569,0.2825051055139551,0.28807896735003796,0.2935810810810811,0.31169384926980065,0.3299485691678755,0.3496192893401015,0.3685581395348837,0.3853367433930094,0.39947468958930277,0.4108729743857815,0.4197080291970803,0.42581028843294677,0.42933083176985615,0.43068817912413565,0.43196470987444857,0.43222416812609454,0.431859043509529,0.43119266055045874,0.4290088021431305,0.42846153846153845,0.4268821442648798,0.42516181229773464,0.4238818219121871,0.4217666948436179,0.4204370179948586,0.4190143916266899,0.41764184397163123,0.416403785488959,0.41501831501831504,0.4136553646075244,0.41244087038789023,0.4095238095238095,0.4075165058405282,0.4056603773584906,0.4036618201400108,0.40231404958677686,0.4004057971014493,0.3995337995337995,0.39843937575030014,0.3973993808049536,0.3968513853904282,0.3963494132985658,0.39609530112508273,0.395732966276669,0.39587188612099644,0.39614814814814814,0.397196261682243,0.39829545454545456,0.4124722643933201,0.42257014416369554,0.42755255255255253,0.4186622625928984
17500.0,20.0,0.5788673508171798,0.7333012974531475,0.7390134529147983,0.7379863862643503,0.7371113734750099,0.7368764264753831,0.7374876360039565,0.7393667296786389,0.7419804741980475,0.7455138662316476,0.7491486946651532,0.7538126361655774,0.7582253240279162,0.7624716553287982,0.7670089858793325,0.7717391304347826,0.7758367346938776,0.780422794117647,0.7849162011173184,0.7890752387607733,0.7933613224875361,0.8031914893617021,0.8115837539053112,0.8179153094462541,0.8211775043936731,0.8224573780129336,0.8211508553654744,0.818043279487961,0.8138193260784057,0.8090301003344481,0.8040911008013496,0.7996841274019478,0.7955063497232172,0.7914502596883739,0.7882181110029212,0.7849145550972304,0.7821149751596878,0.7789115646258503,0.775615688659167,0.7725796752856284,0.7694491766042022,0.7662943823970662,0.7633885102239533,0.760225988700565,0.757615204373861,0.7549136390708755,0.7524518092661481,0.7507621951219512,0.7490413293566255,0.745974025974026,0.743558282208589,0.7424349049964813,0.7404893449092345,0.7394782608695653,0.7394339622641509,0.7402452619843924,0.7413010590015129,0.7426967579333257,0.744166364405755,0.7456162642947903,0.7472732109603618,0.7503256621797655,0.7533177205308352,0.7564766839378239,0.7589870727820082,0.7613276151407794,0.7655705032386647,0.7673906200818382,0.7690327326222876,0.774687669744704
25000.0,80.0,0.6303587051618548,0.758871100841723,0.768385460693153,0.7752670501232539,0.7843026538678712,0.7904411764705882,0.7929694727104533,0.7912836227442969,0.7858900738310091,0.7777417261518494,0.7677689091600152,0.75692916849978,0.7464078648853038,0.7358328563251287,0.7265095253471101,0.7176513229430953,0.7093635995135793,0.7018099547511312,0.694752774974773,0.68785151856018,0.6815047021943573,0.6662541254125413,0.6532882538990076,0.6416401963615362,0.6320412449875883,0.6246223564954683,0.6198811096433289,0.6181661644425313,0.6189944134078212,0.6235590778097982,0.6308118081180811,0.64038077329886,0.6529673590504451,0.6664183274352766,0.6816496756255792,0.6980593607305936,0.7149321266968326,0.7319630872483222,0.7459677419354839,0.7625516834022446,0.7754820936639119,0.7871121718377089,0.7984670874661858,0.8061642432930576,0.8173485356583948,0.8233411301243383,0.8257317903335603,0.8308523058960887,0.8323089046493302,0.8361091424521616,0.8390110959704108,0.840793918918919,0.8403573064590014,0.8400984009840098,0.840956340956341,0.838041958041958,0.8394989804835421,0.8407778790641143,0.8381353188734219,0.8373042886317222,0.8389711064129669,0.8398318042813455,0.8386023294509152,0.8396436525612472,0.8399049881235154,0.8388888888888889,0.8153607447633825,0.7985558033343952,0.7852914090251282,0.7632346811171321
1300.0,10.0,0.4024959305480195,0.327995867768595,0.32593957258658807,0.3223890784982935,0.3150572831423895,0.30731244064577395,0.30286897367642707,0.3042496679946879,0.3123018389346861,0.32497831743278405,0.34299898454247996,0.36210026532607176,0.3771712158808933,0.39466212379329924,0.40475189234650966,0.4129887948776584,0.42087212150906417,0.42383067677031616,0.4295117937465716,0.43322757427170466,0.43549364021804965,0.44360407760605064,0.44573643410852715,0.44983215218202166,0.4489320388349515,0.44798387096774195,0.44402985074626866,0.4441126279863481,0.44270152505446625,0.44376953997320234,0.44081818181818183,0.4303391384051329,0.43746452223273413,0.43183984747378457,0.43504398826979473,0.4368840219014435,0.4279858299595142,0.4285134449518011,0.42559217301750774,0.4301012253596164,0.42808807733619764,0.4225613079019074,0.4228050800662617,0.42119686800894857,0.42106757524134014,0.416248574686431,0.42848629320619785,0.4273658830620856,0.41304090100770596,0.41508728179551124,0.4123574144486692,0.4120678408349641,0.40809018567639255,0.41387362637362635,0.4061484098939929,0.411214953271028,0.4125185185185185,0.4103866565579985,0.40112781954887217,0.3959449120122418,0.4141815235008104,0.4101990049751244,0.4111870196413322,0.40885964912280703,0.408485401459854,0.41763005780346824,0.44067569379273364,0.45771578029642546,0.4673072905786505,0.46262093227792433
2000.0,70.0,0.3475714285714286,0.35171078114912846,0.3235768324444996,0.3051455082243779,0.2934909215484755,0.28669527896995706,0.2856910569105691,0.2912494039103481,0.30280026990553305,0.31721915285451197,0.3355501813784764,0.35395793499043976,0.3678187762727697,0.3840443213296399,0.39309021113243764,0.4005792903692976,0.4081451612903226,0.41100178890876565,0.4171539961013645,0.42198317179678346,0.4260980711131769,0.4422597618388258,0.4554310764734535,0.4731725556178725,0.4861577181208054,0.49825783972125437,0.5051650289745527,0.5151843817787418,0.522400919012062,0.5309466019417476,0.5325743200506009,0.5215839013307367,0.5368024649092776,0.5312609151239958,0.5387413604947253,0.5442942942942943,0.5329988421458897,0.5350740452065471,0.5323482428115016,0.5414920368818106,0.5395744680851063,0.5326655052264808,0.5344904316866934,0.5331516802906449,0.5341701534170153,0.5279473931423203,0.5480338476854156,0.5471602434077079,0.5259481037924152,0.5310326377742108,0.5282023089609675,0.5291284403669725,0.524572775486152,0.5334567901234568,0.5227214377406932,0.5303747534516765,0.5322184300341297,0.528140350877193,0.5161425576519916,0.5084939329050678,0.5321699544764795,0.5254672897196262,0.5246388443017657,0.5198019801980198,0.5165523156089193,0.5247515808491419,0.525056095736724,0.523840206185567,0.5182705184618328,0.4787676935886761
700.0,40.0,0.3243505705268269,0.33159797541576286,0.3133911965282083,0.29674843126069594,0.28167330677290836,0.2683213147744424,0.25927651411345576,0.2567274305555556,0.2618700265251989,0.2731778425655977,0.29025280519129376,0.3093627625489498,0.32677693339293695,0.34274300932090546,0.35478903603326145,0.3641398407753548,0.37220532319391636,0.37702871410736577,0.3830734966592428,0.3873152122079161,0.3905295315682281,0.4013188073394495,0.40891152132399744,0.41538992408557623,0.4200738007380074,0.42240437158469946,0.4235053235053235,0.42370433305012745,0.42344706911636043,0.4229802513464991,0.42193548387096774,0.4199047619047619,0.41897386253630203,0.41770524233432244,0.4163141993957704,0.415159873327204,0.41294429708222813,0.4124083714012536,0.41086366105377514,0.40925781684655615,0.40816326530612246,0.406427659821325,0.4053609217023278,0.4041153247996172,0.4029669260700389,0.4018044741070325,0.40057781685717875,0.3995410504844467,0.3982599662381509,0.39552950797328607,0.3938250908074881,0.3918061165608771,0.390026714158504,0.38857663679173626,0.38659628918746003,0.385679806918745,0.3847811671087533,0.38374679213002566,0.38315642944144773,0.382607129996399,0.3822400877032706,0.38200113916840706,0.3819607843137255,0.38207739307535643,0.3824658703071672,0.38272425249169434,0.38468523002421307,0.385009633911368,0.38343920145190563,0.367175572519084
