,Altitude_km,Inclination_deg,0.01_mmAl,0.1_mmAl,0.2_mmAl,0.3_mmAl,0.4_mmAl,0.5_mmAl,0.6_mmAl,0.7_mmAl,0.8_mmAl,0.9_mmAl,1.0_mmAl,1.1_mmAl,1.2_mmAl,1.3_mmAl,1.4_mmAl,1.5_mmAl,1.6_mmAl,1.7_mmAl,1.8_mmAl,1.9_mmAl,2.0_mmAl,2.25_mmAl,2.5_mmAl,2.75_mmAl,3.0_mmAl,3.25_mmAl,3.5_mmAl,3.75_mmAl,4.0_mmAl,4.25_mmAl,4.5_mmAl,4.75_mmAl,5.0_mmAl,5.25_mmAl,5.5_mmAl,5.75_mmAl,6.0_mmAl,6.25_mmAl,6.5_mmAl,6.75_mmAl,7.0_mmAl,7.25_mmAl,7.5_mmAl,7.75_mmAl,8.0_mmAl,8.25_mmAl,8.5_mmAl,8.75_mmAl,9.0_mmAl,9.5_mmAl,10.0_mmAl,10.5_mmAl,11.0_mmAl,11.5_mmAl,12.0_mmAl,12.5_mmAl,13.0_mmAl,13.5_mmAl,14.0_mmAl,14.5_mmAl,15.0_mmAl,16.0_mmAl,17.0_mmAl,18.0_mmAl,19.0_mmAl,20.0_mmAl,30.0_mmAl,40.0_mmAl,50.0_mmAl,100.0_mmAl
0,700.0,90.0,7020000000000.0,1072000000000.0,554500000000.0,372500000000.0,277600000000.0,221700000000.0,184300000000.0,160100000000.0,142000000000.0,128000000000.0,117200000000.0,108000000000.0,100100000000.0,93260000000.0,87470000000.0,82340000000.0,77870000000.0,73900000000.0,70350000000.0,67200000000.0,64470000000.0,59130000000.0,55180000000.0,51830000000.0,48980000000.0,46650000000.0,44710000000.0,42930000000.0,41350000000.0,39940000000.0,38740000000.0,37680000000.0,36670000000.0,35720000000.0,34830000000.0,33980000000.0,33170000000.0,32440000000.0,31740000000.0,31060000000.0,30430000000.0,29840000000.0,29300000000.0,28790000000.0,28300000000.0,27820000000.0,27360000000.0,26910000000.0,26470000000.0,25650000000.0,24870000000.0,24130000000.0,23430000000.0,22770000000.0,22140000000.0,21560000000.0,21020000000.0,20510000000.0,20030000000.0,19580000000.0,19160000000.0,18410000000.0,17710000000.0,17070000000.0,16470000000.0,15910000000.0,11750000000.0,9420000000.0,7921000000.0,4031000000.0
1,9000.0,20.0,1.979e+17,2586000000000000.0,458300000000000.0,150800000000000.0,65490000000000.0,29570000000000.0,15340000000000.0,10480000000000.0,7898000000000.0,6141000000000.0,4947000000000.0,4025000000000.0,3303000000000.0,2727000000000.0,2256000000000.0,1884000000000.0,1592000000000.0,1360000000000.0,1174000000000.0,1023000000000.0,904600000000.0,707000000000.0,587800000000.0,496300000000.0,425900000000.0,374000000000.0,334500000000.0,301500000000.0,275000000000.0,254100000000.0,238700000000.0,226500000000.0,215600000000.0,205600000000.0,196700000000.0,188300000000.0,180400000000.0,173400000000.0,166800000000.0,160300000000.0,154300000000.0,148800000000.0,143800000000.0,139200000000.0,134700000000.0,130500000000.0,126500000000.0,122600000000.0,118700000000.0,111600000000.0,104900000000.0,98570000000.0,92970000000.0,87790000000.0,83020000000.0,78700000000.0,74790000000.0,71370000000.0,68260000000.0,65380000000.0,62770000000.0,58620000000.0,54880000000.0,51460000000.0,48360000000.0,45560000000.0,25250000000.0,16220000000.0,11550000000.0,2421000000.0
2,25000.0,50.0,1216000000000000.0,5066000000000.0,3332000000000.0,2573000000000.0,2065000000000.0,1713000000000.0,1444000000000.0,1226000000000.0,1048000000000.0,902700000000.0,786200000000.0,688700000000.0,604200000000.0,531300000000.0,469000000000.0,415000000000.0,368000000000.0,326500000000.0,289900000000.0,257900000000.0,230800000000.0,177900000000.0,139800000000.0,111600000000.0,90780000000.0,75640000000.0,64150000000.0,55180000000.0,48190000000.0,42740000000.0,38410000000.0,34820000000.0,31870000000.0,29400000000.0,27290000000.0,25440000000.0,23760000000.0,22340000000.0,21070000000.0,19930000000.0,18870000000.0,17960000000.0,17160000000.0,16430000000.0,15730000000.0,15100000000.0,14500000000.0,13940000000.0,13400000000.0,12440000000.0,11580000000.0,10800000000.0,10150000000.0,9555000000.0,9010000000.0,8514000000.0,8067000000.0,7647000000.0,7260000000.0,6908000000.0,6582000000.0,6016000000.0,5521000000.0,5087000000.0,4705000000.0,4371000000.0,2403000000.0,1512000000.0,1062000000.0,318300000.0
3,400.0,10.0,102900000000.0,10800000000.0,3498000000.0,1958000000.0,1410000000.0,1109000000.0,932700000.0,843600000.0,783100000.0,735200000.0,698700000.0,666800000.0,638700000.0,613800000.0,592000000.0,572400000.0,555400000.0,540300000.0,526900000.0,514900000.0,504600000.0,485300000.0,472100000.0,459800000.0,448700000.0,439400000.0,431200000.0,423200000.0,415900000.0,409200000.0,403400000.0,398100000.0,393000000.0,388000000.0,383300000.0,378700000.0,374200000.0,369900000.0,365600000.0,361600000.0,357700000.0,353900000.0,350400000.0,347100000.0,343700000.0,340400000.0,337200000.0,334000000.0,330800000.0,324900000.0,319000000.0,313300000.0,308000000.0,303000000.0,298200000.0,293600000.0,289100000.0,284900000.0,280800000.0,276900000.0,273100000.0,266300000.0,259800000.0,253600000.0,247600000.0,242000000.0,196500000.0,166600000.0,145500000.0,84920000.0
4,900.0,20.0,7838000000000.0,1570000000000.0,942000000000.0,692000000000.0,560900000000.0,489000000000.0,443900000000.0,419600000000.0,401800000000.0,387100000000.0,375200000000.0,364100000000.0,353600000000.0,343500000000.0,333400000000.0,324000000000.0,315800000000.0,308400000000.0,301700000000.0,295600000000.0,290300000000.0,280200000000.0,273000000000.0,266200000000.0,259900000000.0,254600000000.0,249800000000.0,245100000000.0,240700000000.0,236600000000.0,233000000000.0,229600000000.0,226300000000.0,223200000000.0,220200000000.0,217200000000.0,214300000000.0,211500000000.0,208800000000.0,206000000000.0,203400000000.0,200900000000.0,198600000000.0,196300000000.0,194000000000.0,191800000000.0,189600000000.0,187500000000.0,185300000000.0,181200000000.0,177200000000.0,173200000000.0,169400000000.0,165800000000.0,162200000000.0,158900000000.0,155800000000.0,152800000000.0,149900000000.0,147100000000.0,144300000000.0,139400000000.0,134700000000.0,130300000000.0,126200000000.0,122300000000.0,90740000000.0,71980000000.0,60070000000.0,30670000000.0
5,1000.0,40.0,16960000000000.0,3278000000000.0,1934000000000.0,1341000000000.0,1012000000000.0,824400000000.0,709200000000.0,648700000000.0,606400000000.0,572300000000.0,545500000000.0,521400000000.0,499500000000.0,479300000000.0,460500000000.0,443400000000.0,428300000000.0,414800000000.0,402600000000.0,391500000000.0,381900000000.0,363000000000.0,349500000000.0,337200000000.0,326100000000.0,316800000000.0,308700000000.0,301000000000.0,294000000000.0,287600000000.0,282200000000.0,277300000000.0,272500000000.0,268000000000.0,263700000000.0,259500000000.0,255400000000.0,251500000000.0,247600000000.0,243800000000.0,240100000000.0,236600000000.0,233400000000.0,230200000000.0,227100000000.0,224100000000.0,221100000000.0,218100000000.0,215200000000.0,209600000000.0,204200000000.0,198700000000.0,193600000000.0,188700000000.0,184100000000.0,179700000000.0,175600000000.0,171700000000.0,168100000000.0,164500000000.0,161100000000.0,155000000000.0,149300000000.0,144000000000.0,139000000000.0,134300000000.0,96690000000.0,75460000000.0,62420000000.0,30600000000.0
6,2500.0,0.0,441000000000000.0,160900000000000.0,122100000000000.0,99050000000000.0,81370000000000.0,66170000000000.0,55110000000000.0,48130000000000.0,42970000000000.0,38900000000000.0,35760000000000.0,33050000000000.0,30680000000000.0,28600000000000.0,26790000000000.0,25180000000000.0,23760000000000.0,22490000000000.0,21360000000000.0,20340000000000.0,19450000000000.0,17660000000000.0,16340000000000.0,15200000000000.0,14230000000000.0,13440000000000.0,12790000000000.0,12180000000000.0,11650000000000.0,11190000000000.0,10810000000000.0,10480000000000.0,10160000000000.0,9868000000000.0,9598000000000.0,9340000000000.0,9094000000000.0,8866000000000.0,8649000000000.0,8435000000000.0,8236000000000.0,8050000000000.0,7880000000000.0,7720000000000.0,7565000000000.0,7415000000000.0,7270000000000.0,7130000000000.0,6992000000000.0,6732000000000.0,6485000000000.0,6249000000000.0,6043000000000.0,5855000000000.0,5679000000000.0,5516000000000.0,5366000000000.0,5234000000000.0,5112000000000.0,5001000000000.0,4901000000000.0,4742000000000.0,4592000000000.0,4451000000000.0,4317000000000.0,4191000000000.0,3189000000000.0,2577000000000.0,2170000000000.0,1083000000000.0
7,1800.0,80.0,220500000000000.0,19510000000000.0,12000000000000.0,8977000000000.0,7156000000000.0,5836000000000.0,4915000000000.0,4341000000000.0,3916000000000.0,3580000000000.0,3319000000000.0,3091000000000.0,2890000000000.0,2712000000000.0,2555000000000.0,2415000000000.0,2292000000000.0,2183000000000.0,2085000000000.0,1998000000000.0,1922000000000.0,1773000000000.0,1664000000000.0,1569000000000.0,1488000000000.0,1421000000000.0,1365000000000.0,1313000000000.0,1267000000000.0,1227000000000.0,1194000000000.0,1164000000000.0,1137000000000.0,1110000000000.0,1085000000000.0,1060000000000.0,1037000000000.0,1016000000000.0,995100000000.0,975200000000.0,956600000000.0,939000000000.0,922900000000.0,907500000000.0,892900000000.0,878700000000.0,864800000000.0,851200000000.0,837900000000.0,813000000000.0,789500000000.0,766600000000.0,745200000000.0,724800000000.0,705700000000.0,688000000000.0,671400000000.0,656200000000.0,641800000000.0,628400000000.0,616100000000.0,594800000000.0,574500000000.0,555600000000.0,537700000000.0,520700000000.0,385500000000.0,308800000000.0,259300000000.0,128900000000.0
8,1600.0,30.0,122800000000000.0,23650000000000.0,15580000000000.0,11910000000000.0,9599000000000.0,7915000000000.0,6738000000000.0,6010000000000.0,5470000000000.0,5039000000000.0,4704000000000.0,4409000000000.0,4147000000000.0,3912000000000.0,3702000000000.0,3513000000000.0,3347000000000.0,3199000000000.0,3067000000000.0,2947000000000.0,2843000000000.0,2638000000000.0,2489000000000.0,2358000000000.0,2244000000000.0,2151000000000.0,2073000000000.0,2000000000000.0,1936000000000.0,1879000000000.0,1832000000000.0,1792000000000.0,1753000000000.0,1716000000000.0,1682000000000.0,1648000000000.0,1616000000000.0,1586000000000.0,1556000000000.0,1528000000000.0,1500000000000.0,1475000000000.0,1451000000000.0,1428000000000.0,1406000000000.0,1384000000000.0,1363000000000.0,1342000000000.0,1322000000000.0,1283000000000.0,1246000000000.0,1210000000000.0,1177000000000.0,1147000000000.0,1117000000000.0,1090000000000.0,1065000000000.0,1041000000000.0,1019000000000.0,998200000000.0,978300000000.0,944200000000.0,912200000000.0,882000000000.0,853600000000.0,827000000000.0,612300000000.0,487300000000.0,407900000000.0,204500000000.0
9,4000.0,10.0,5245000000000000.0,946000000000000.0,519000000000000.0,335200000000000.0,231200000000000.0,167000000000000.0,128300000000000.0,108500000000000.0,95000000000000.0,84250000000000.0,75800000000000.0,68400000000000.0,61850000000000.0,55940000000000.0,50440000000000.0,45650000000000.0,41550000000000.0,37990000000000.0,34900000000000.0,32200000000000.0,29890000000000.0,25450000000000.0,22310000000000.0,19760000000000.0,17700000000000.0,16110000000000.0,14840000000000.0,13740000000000.0,12800000000000.0,12020000000000.0,11410000000000.0,10900000000000.0,10430000000000.0,9997000000000.0,9602000000000.0,9230000000000.0,8881000000000.0,8561000000000.0,8261000000000.0,7965000000000.0,7693000000000.0,7441000000000.0,7215000000000.0,7004000000000.0,6802000000000.0,6609000000000.0,6424000000000.0,6246000000000.0,6071000000000.0,5746000000000.0,5442000000000.0,5157000000000.0,4910000000000.0,4684000000000.0,4478000000000.0,4290000000000.0,4120000000000.0,3975000000000.0,3844000000000.0,3727000000000.0,3626000000000.0,3470000000000.0,3326000000000.0,3191000000000.0,3066000000000.0,2950000000000.0,2094000000000.0,1611000000000.0,1300000000000.0,506300000000.0
10,200.0,60.0,236800000000.0,65650000000.0,43280000000.0,32320000000.0,25230000000.0,20650000000.0,17300000000.0,14700000000.0,12590000000.0,10910000000.0,9574000000.0,8461000000.0,7502000000.0,6674000000.0,5970000000.0,5357000000.0,4824000000.0,4352000000.0,3934000000.0,3571000000.0,3258000000.0,2645000000.0,2200000000.0,1868000000.0,1623000000.0,1444000000.0,1311000000.0,1205000000.0,1120000000.0,1051000000.0,994800000.0,947200000.0,904700000.0,866600000.0,832400000.0,800600000.0,770800000.0,743800000.0,718400000.0,694700000.0,672800000.0,652400000.0,633900000.0,616500000.0,600200000.0,584400000.0,569200000.0,554600000.0,540600000.0,514200000.0,490000000.0,467700000.0,447500000.0,429200000.0,411900000.0,396000000.0,381200000.0,367300000.0,354400000.0,342400000.0,331200000.0,311500000.0,293500000.0,277400000.0,262700000.0,249500000.0,161900000.0,115900000.0,89350000.0,33420000.0
11,2500.0,50.0,1279000000000000.0,96280000000000.0,55700000000000.0,40180000000000.0,31020000000000.0,24230000000000.0,19640000000000.0,16940000000000.0,15000000000000.0,13480000000000.0,12300000000000.0,11280000000000.0,10380000000000.0,9589000000000.0,8889000000000.0,8270000000000.0,7733000000000.0,7259000000000.0,6839000000000.0,6467000000000.0,6144000000000.0,5517000000000.0,5060000000000.0,4674000000000.0,4347000000000.0,4082000000000.0,3865000000000.0,3667000000000.0,3493000000000.0,3344000000000.0,3221000000000.0,3115000000000.0,3014000000000.0,2919000000000.0,2831000000000.0,2746000000000.0,2666000000000.0,2594000000000.0,2525000000000.0,2459000000000.0,2398000000000.0,2340000000000.0,2288000000000.0,2239000000000.0,2192000000000.0,2147000000000.0,2104000000000.0,2062000000000.0,2021000000000.0,1945000000000.0,1874000000000.0,1807000000000.0,1744000000000.0,1685000000000.0,1631000000000.0,1582000000000.0,1537000000000.0,1496000000000.0,1459000000000.0,1425000000000.0,1395000000000.0,1346000000000.0,1299000000000.0,1256000000000.0,1215000000000.0,1176000000000.0,870200000000.0,695000000000.0,580300000000.0,273000000000.0
12,2500.0,40.0,1303000000000000.0,121800000000000.0,70610000000000.0,50600000000000.0,38840000000000.0,30310000000000.0,24570000000000.0,21190000000000.0,18760000000000.0,16840000000000.0,15360000000000.0,14080000000000.0,12960000000000.0,11960000000000.0,11080000000000.0,10290000000000.0,9612000000000.0,9012000000000.0,8482000000000.0,8010000000000.0,7604000000000.0,6810000000000.0,6238000000000.0,5752000000000.0,5343000000000.0,5015000000000.0,4746000000000.0,4502000000000.0,4289000000000.0,4106000000000.0,3958000000000.0,3832000000000.0,3712000000000.0,3600000000000.0,3497000000000.0,3399000000000.0,3305000000000.0,3219000000000.0,3136000000000.0,3055000000000.0,2979000000000.0,2908000000000.0,2844000000000.0,2783000000000.0,2724000000000.0,2667000000000.0,2612000000000.0,2559000000000.0,2507000000000.0,2408000000000.0,2315000000000.0,2225000000000.0,2147000000000.0,2075000000000.0,2008000000000.0,1946000000000.0,1889000000000.0,1838000000000.0,1792000000000.0,1749000000000.0,1711000000000.0,1649000000000.0,1592000000000.0,1537000000000.0,1486000000000.0,1438000000000.0,1060000000000.0,839400000000.0,697600000000.0,327600000000.0
13,200.0,70.0,899700000000.0,342200000000.0,176800000000.0,120900000000.0,91140000000.0,73030000000.0,60200000000.0,50880000000.0,43740000000.0,38180000000.0,33940000000.0,30380000000.0,27360000000.0,24800000000.0,22710000000.0,20860000000.0,19250000000.0,17810000000.0,16530000000.0,15390000000.0,14390000000.0,12380000000.0,10860000000.0,9631000000.0,8622000000.0,7818000000.0,7164000000.0,6593000000.0,6098000000.0,5671000000.0,5310000000.0,4994000000.0,4705000000.0,4442000000.0,4204000000.0,3984000000.0,3779000000.0,3593000000.0,3421000000.0,3263000000.0,3118000000.0,2986000000.0,2867000000.0,2758000000.0,2656000000.0,2559000000.0,2467000000.0,2379000000.0,2297000000.0,2144000000.0,2008000000.0,1885000000.0,1777000000.0,1682000000.0,1593000000.0,1512000000.0,1437000000.0,1367000000.0,1303000000.0,1244000000.0,1190000000.0,1095000000.0,1011000000.0,936600000.0,870800000.0,812800000.0,463600000.0,302000000.0,217100000.0,68940000.0
14,1600.0,20.0,78010000000000.0,22510000000000.0,16350000000000.0,13100000000000.0,10880000000000.0,9223000000000.0,8023000000000.0,7247000000000.0,6659000000000.0,6186000000000.0,5816000000000.0,5488000000000.0,5195000000000.0,4930000000000.0,4692000000000.0,4476000000000.0,4286000000000.0,4115000000000.0,3961000000000.0,3822000000000.0,3701000000000.0,3458000000000.0,3281000000000.0,3124000000000.0,2986000000000.0,2873000000000.0,2778000000000.0,2688000000000.0,2608000000000.0,2537000000000.0,2479000000000.0,2427000000000.0,2378000000000.0,2331000000000.0,2287000000000.0,2244000000000.0,2202000000000.0,2163000000000.0,2125000000000.0,2088000000000.0,2053000000000.0,2020000000000.0,1989000000000.0,1959000000000.0,1930000000000.0,1902000000000.0,1874000000000.0,1847000000000.0,1821000000000.0,1770000000000.0,1721000000000.0,1673000000000.0,1630000000000.0,1590000000000.0,1551000000000.0,1515000000000.0,1480000000000.0,1449000000000.0,1419000000000.0,1391000000000.0,1364000000000.0,1317000000000.0,1273000000000.0,1231000000000.0,1192000000000.0,1156000000000.0,859000000000.0,685500000000.0,575200000000.0,292800000000.0
15,1800.0,90.0,215800000000000.0,19210000000000.0,11820000000000.0,8838000000000.0,7045000000000.0,5745000000000.0,4838000000000.0,4272000000000.0,3854000000000.0,3524000000000.0,3267000000000.0,3042000000000.0,2844000000000.0,2669000000000.0,2515000000000.0,2377000000000.0,2256000000000.0,2149000000000.0,2053000000000.0,1967000000000.0,1892000000000.0,1745000000000.0,1638000000000.0,1544000000000.0,1464000000000.0,1398000000000.0,1343000000000.0,1292000000000.0,1247000000000.0,1208000000000.0,1175000000000.0,1146000000000.0,1118000000000.0,1092000000000.0,1067000000000.0,1043000000000.0,1020000000000.0,999200000000.0,979100000000.0,959500000000.0,941100000000.0,923800000000.0,908000000000.0,892800000000.0,878400000000.0,864400000000.0,850700000000.0,837400000000.0,824300000000.0,799800000000.0,776600000000.0,754100000000.0,733000000000.0,713000000000.0,694100000000.0,676800000000.0,660400000000.0,645400000000.0,631300000000.0,618100000000.0,606000000000.0,585100000000.0,565000000000.0,546500000000.0,528900000000.0,512200000000.0,379200000000.0,303700000000.0,255000000000.0,126800000000.0
16,20000.0,10.0,3.669e+16,17310000000000.0,9715000000000.0,7952000000000.0,6594000000000.0,5546000000000.0,4702000000000.0,3979000000000.0,3370000000000.0,2865000000000.0,2457000000000.0,2117000000000.0,1824000000000.0,1572000000000.0,1357000000000.0,1174000000000.0,1016000000000.0,879200000000.0,759700000000.0,656900000000.0,571300000000.0,407600000000.0,294400000000.0,214500000000.0,158200000000.0,119000000000.0,90050000000.0,68660000000.0,52920000000.0,41380000000.0,32510000000.0,25420000000.0,20190000000.0,16230000000.0,13110000000.0,10610000000.0,8502000000.0,7023000000.0,5833000000.0,4875000000.0,3966000000.0,3383000000.0,2909000000.0,2519000000.0,2081000000.0,1837000000.0,1636000000.0,1469000000.0,1227000000.0,1022000000.0,787300000.0,609200000.0,530400000.0,413900000.0,322500000.0,251700000.0,226300000.0,177800000.0,139600000.0,109500000.0,74030000.0,39360000.0,21380000.0,7950000.0,2457000.0,2504000.0,3225000.0,2002000.0,2589000.0,2634000.0
17,1000.0,50.0,24480000000000.0,2996000000000.0,1670000000000.0,1136000000000.0,850100000000.0,685800000000.0,583800000000.0,528000000000.0,488400000000.0,456900000000.0,432300000000.0,410600000000.0,391100000000.0,373700000000.0,357800000000.0,343500000000.0,331000000000.0,319900000000.0,309900000000.0,301000000000.0,293200000000.0,278400000000.0,267700000000.0,258200000000.0,249700000000.0,242600000000.0,236400000000.0,230500000000.0,225100000000.0,220300000000.0,216100000000.0,212300000000.0,208600000000.0,205000000000.0,201600000000.0,198200000000.0,194900000000.0,191800000000.0,188800000000.0,185900000000.0,183100000000.0,180500000000.0,178000000000.0,175600000000.0,173300000000.0,171000000000.0,168800000000.0,166600000000.0,164400000000.0,160200000000.0,156200000000.0,152300000000.0,148400000000.0,144800000000.0,141300000000.0,137900000000.0,134800000000.0,131900000000.0,129000000000.0,126400000000.0,123800000000.0,119300000000.0,115000000000.0,110900000000.0,107100000000.0,103500000000.0,74680000000.0,58740000000.0,48770000000.0,23910000000.0
18,200.0,0.0,225300.0,126000.0,65620.0,31130.0,13410.0,6488.0,3123.0,1354.0,493.9,187.1,65.46,17.94,1.745,0.0,0.0,0.0,0.0,0.0,0.0,0.0,0.0,0.0,0.0,0.0,0.0,0.0,0.0,0.0,0.0,0.0,0.0,0.0,0.0,0.0,0.0,0.0,0.0,0.0,0.0,0.0,0.0,0.0,0.0,0.0,0.0,0.0,0.0,0.0,0.0,0.0,0.0,0.0,0.0,0.0,0.0,0.0,0.0,0.0,0.0,0.0,0.0,0.0,0.0,0.0,0.0,0.0,0.0,0.0,0.0,0.0
19,900.0,30.0,9139000000000.0,1997000000000.0,1270000000000.0,930500000000.0,731400000000.0,612600000000.0,538600000000.0,500100000000.0,473000000000.0,450900000000.0,433300000000.0,417200000000.0,402400000000.0,388400000000.0,375000000000.0,362600000000.0,351800000000.0,342000000000.0,333100000000.0,325000000000.0,318000000000.0,304200000000.0,294300000000.0,285200000000.0,276800000000.0,269800000000.0,263600000000.0,257600000000.0,252100000000.0,247000000000.0,242600000000.0,238600000000.0,234800000000.0,231000000000.0,227500000000.0,224000000000.0,220600000000.0,217400000000.0,214200000000.0,211000000000.0,208000000000.0,205100000000.0,202400000000.0,199700000000.0,197100000000.0,194600000000.0,192100000000.0,189600000000.0,187200000000.0,182500000000.0,177900000000.0,173300000000.0,169000000000.0,164900000000.0,160900000000.0,157200000000.0,153700000000.0,150400000000.0,147300000000.0,144200000000.0,141300000000.0,136100000000.0,131200000000.0,126700000000.0,122400000000.0,118300000000.0,86150000000.0,67820000000.0,56470000000.0,28550000000.0
20,300.0,0.0,882200000.0,70110000.0,19860000.0,9502000.0,6072000.0,4542000.0,3839000.0,3595000.0,3461000.0,3353000.0,3268000.0,3194000.0,3131000.0,3077000.0,3039000.0,3002000.0,2966000.0,2931000.0,2897000.0,2863000.0,2832000.0,2756000.0,2690000.0,2629000.0,2572000.0,2525000.0,2484000.0,2444000.0,2407000.0,2373000.0,2344000.0,2318000.0,2292000.0,2267000.0,2244000.0,2220000.0,2197000.0,2175000.0,2154000.0,2132000.0,2112000.0,2093000.0,2075000.0,2057000.0,2039000.0,2022000.0,2004000.0,1987000.0,1971000.0,1939000.0,1907000.0,1876000.0,1847000.0,1820000.0,1793000.0,1768000.0,1744000.0,1720000.0,1698000.0,1676000.0,1655000.0,1618000.0,1582000.0,1547000.0,1514000.0,1482000.0,1221000.0,1042000.0,910600.0,517700.0
21,25000.0,40.0,1481000000000000.0,5824000000000.0,3925000000000.0,3054000000000.0,2457000000000.0,2040000000000.0,1721000000000.0,1461000000000.0,1247000000000.0,1072000000000.0,932300000000.0,815100000000.0,713700000000.0,626000000000.0,551000000000.0,486200000000.0,429700000000.0,379900000000.0,335900000000.0,297700000000.0,265200000000.0,202000000000.0,156800000000.0,123500000000.0,99120000000.0,81530000000.0,68270000000.0,58020000000.0,50130000000.0,44050000000.0,39270000000.0,35330000000.0,32150000000.0,29510000000.0,27290000000.0,25350000000.0,23600000000.0,22140000000.0,20840000000.0,19690000000.0,18610000000.0,17700000000.0,16890000000.0,16160000000.0,15450000000.0,14830000000.0,14240000000.0,13690000000.0,13140000000.0,12200000000.0,11340000000.0,10580000000.0,9934000000.0,9348000000.0,8811000000.0,8324000000.0,7886000000.0,7474000000.0,7093000000.0,6748000000.0,6427000000.0,5873000000.0,5390000000.0,4965000000.0,4593000000.0,4267000000.0,2348000000.0,1480000000.0,1041000000.0,315800000.0
22,9000.0,30.0,1.483e+17,1676000000000000.0,296400000000000.0,97360000000000.0,42450000000000.0,19330000000000.0,10160000000000.0,7018000000000.0,5325000000000.0,4171000000000.0,3377000000000.0,2762000000000.0,2276000000000.0,1888000000000.0,1569000000000.0,1316000000000.0,1116000000000.0,956100000000.0,826300000000.0,721100000000.0,637100000000.0,496300000000.0,409100000000.0,342600000000.0,291800000000.0,254300000000.0,225700000000.0,202100000000.0,183200000000.0,168300000000.0,157200000000.0,148300000000.0,140500000000.0,133400000000.0,126900000000.0,121000000000.0,115400000000.0,110500000000.0,106000000000.0,101800000000.0,97740000000.0,94150000000.0,90930000000.0,87920000000.0,84990000000.0,82290000000.0,79710000000.0,77250000000.0,74770000000.0,70370000000.0,66240000000.0,62360000000.0,58800000000.0,55430000000.0,52370000000.0,49650000000.0,47200000000.0,45000000000.0,43000000000.0,41210000000.0,39610000000.0,37040000000.0,34670000000.0,32530000000.0,30570000000.0,28750000000.0,15760000000.0,10150000000.0,7219000000.0,1509000000.0
23,700.0,80.0,7197000000000.0,1058000000000.0,549800000000.0,369900000000.0,275600000000.0,220100000000.0,182900000000.0,158800000000.0,140900000000.0,126900000000.0,116200000000.0,107100000000.0,99270000000.0,92510000000.0,86760000000.0,81680000000.0,77260000000.0,73330000000.0,69820000000.0,66710000000.0,64010000000.0,58740000000.0,54860000000.0,51570000000.0,48770000000.0,46490000000.0,44590000000.0,42850000000.0,41290000000.0,39920000000.0,38740000000.0,37690000000.0,36710000000.0,35770000000.0,34900000000.0,34060000000.0,33270000000.0,32540000000.0,31850000000.0,31180000000.0,30560000000.0,29980000000.0,29440000000.0,28940000000.0,28450000000.0,27980000000.0,27520000000.0,27070000000.0,26640000000.0,25820000000.0,25050000000.0,24310000000.0,23610000000.0,22950000000.0,22330000000.0,21750000000.0,21210000000.0,20700000000.0,20220000000.0,19770000000.0,19350000000.0,18600000000.0,17900000000.0,17250000000.0,16650000000.0,16090000000.0,11900000000.0,9544000000.0,8030000000.0,4091000000.0
24,9000.0,10.0,2.387e+17,3827000000000000.0,693200000000000.0,230400000000000.0,100700000000000.0,45480000000000.0,23500000000000.0,15960000000000.0,11950000000000.0,9250000000000.0,7420000000000.0,6014000000000.0,4916000000000.0,4046000000000.0,3339000000000.0,2780000000000.0,2345000000000.0,1999000000000.0,1723000000000.0,1500000000000.0,1325000000000.0,1037000000000.0,866000000000.0,734700000000.0,633400000000.0,558800000000.0,502400000000.0,454800000000.0,416600000000.0,386400000000.0,364200000000.0,346900000000.0,331100000000.0,316600000000.0,303400000000.0,291100000000.0,279400000000.0,268800000000.0,258900000000.0,249100000000.0,240000000000.0,231700000000.0,224200000000.0,217200000000.0,210400000000.0,203900000000.0,197700000000.0,191800000000.0,185900000000.0,175000000000.0,164700000000.0,154900000000.0,146300000000.0,138400000000.0,131000000000.0,124400000000.0,118300000000.0,113000000000.0,108200000000.0,103700000000.0,99710000000.0,93240000000.0,87420000000.0,82080000000.0,77230000000.0,72840000000.0,40880000000.0,26480000000.0,18940000000.0,4032000000.0
25,2000.0,90.0,316500000000000.0,29020000000000.0,17990000000000.0,13450000000000.0,10680000000000.0,8633000000000.0,7208000000000.0,6325000000000.0,5675000000000.0,5162000000000.0,4764000000000.0,4417000000000.0,4112000000000.0,3843000000000.0,3606000000000.0,3394000000000.0,3210000000000.0,3046000000000.0,2899000000000.0,2769000000000.0,2655000000000.0,2433000000000.0,2270000000000.0,2129000000000.0,2009000000000.0,1910000000000.0,1828000000000.0,1753000000000.0,1686000000000.0,1627000000000.0,1579000000000.0,1537000000000.0,1496000000000.0,1458000000000.0,1422000000000.0,1387000000000.0,1354000000000.0,1324000000000.0,1295000000000.0,1267000000000.0,1241000000000.0,1216000000000.0,1194000000000.0,1172000000000.0,1152000000000.0,1132000000000.0,1113000000000.0,1094000000000.0,1076000000000.0,1042000000000.0,1010000000000.0,978800000000.0,949800000000.0,922300000000.0,896600000000.0,873100000000.0,851100000000.0,831000000000.0,812200000000.0,794900000000.0,779000000000.0,752100000000.0,726400000000.0,702500000000.0,680000000000.0,658600000000.0,488400000000.0,391400000000.0,328600000000.0,161800000000.0
26,25000.0,60.0,1065000000000000.0,4666000000000.0,3020000000000.0,2319000000000.0,1857000000000.0,1539000000000.0,1297000000000.0,1102000000000.0,942500000000.0,812300000000.0,708300000000.0,621200000000.0,545800000000.0,480700000000.0,425200000000.0,377100000000.0,335100000000.0,298100000000.0,265300000000.0,236700000000.0,212400000000.0,164900000000.0,130700000000.0,105200000000.0,86320000000.0,72500000000.0,61960000000.0,53670000000.0,47160000000.0,42040000000.0,37960000000.0,34560000000.0,31740000000.0,29360000000.0,27310000000.0,25500000000.0,23860000000.0,22460000000.0,21200000000.0,20070000000.0,19030000000.0,18120000000.0,17320000000.0,16580000000.0,15880000000.0,15250000000.0,14660000000.0,14090000000.0,13550000000.0,12580000000.0,11710000000.0,10930000000.0,10270000000.0,9673000000.0,9123000000.0,8623000000.0,8170000000.0,7746000000.0,7355000000.0,6998000000.0,6669000000.0,6096000000.0,5595000000.0,5155000000.0,4768000000.0,4429000000.0,2433000000.0,1530000000.0,1073000000.0,319600000.0
27,400.0,20.0,322800000000.0,42290000000.0,16040000000.0,9478000000.0,6922000000.0,5536000000.0,4696000000.0,4242000000.0,3924000000.0,3671000000.0,3477000000.0,3306000000.0,3154000000.0,3019000000.0,2899000000.0,2790000000.0,2697000000.0,2614000000.0,2541000000.0,2475000000.0,2419000000.0,2314000000.0,2243000000.0,2177000000.0,2118000000.0,2068000000.0,2024000000.0,1983000000.0,1944000000.0,1909000000.0,1879000000.0,1852000000.0,1826000000.0,1800000000.0,1776000000.0,1753000000.0,1729000000.0,1707000000.0,1686000000.0,1665000000.0,1646000000.0,1627000000.0,1609000000.0,1592000000.0,1575000000.0,1559000000.0,1542000000.0,1526000000.0,1511000000.0,1481000000.0,1452000000.0,1423000000.0,1397000000.0,1372000000.0,1348000000.0,1325000000.0,1303000000.0,1282000000.0,1262000000.0,1242000000.0,1224000000.0,1189000000.0,1157000000.0,1126000000.0,1097000000.0,1070000000.0,849300000.0,709300000.0,613100000.0,344000000.0
28,900.0,10.0,6969000000000.0,1230000000000.0,654700000000.0,452800000000.0,357800000000.0,311300000000.0,282900000000.0,267400000000.0,256000000000.0,246400000000.0,238700000000.0,231400000000.0,224500000000.0,217700000000.0,210800000000.0,204500000000.0,199000000000.0,194200000000.0,189800000000.0,185900000000.0,182600000000.0,176500000000.0,172300000000.0,168400000000.0,164700000000.0,161600000000.0,158800000000.0,156000000000.0,153400000000.0,151000000000.0,148800000000.0,146800000000.0,144800000000.0,142800000000.0,141000000000.0,139200000000.0,137400000000.0,135700000000.0,134100000000.0,132400000000.0,130800000000.0,129300000000.0,127900000000.0,126500000000.0,125100000000.0,123800000000.0,122400000000.0,121100000000.0,119800000000.0,117300000000.0,114900000000.0,112400000000.0,110100000000.0,107900000000.0,105700000000.0,103700000000.0,101700000000.0,99860000000.0,98060000000.0,96300000000.0,94590000000.0,91470000000.0,88540000000.0,85750000000.0,83130000000.0,80660000000.0,60500000000.0,48280000000.0,40390000000.0,20640000000.0
29,1000.0,70.0,24750000000000.0,2580000000000.0,1460000000000.0,1012000000000.0,765900000000.0,621200000000.0,527900000000.0,472600000000.0,432400000000.0,400500000000.0,375800000000.0,354400000000.0,335400000000.0,318700000000.0,303800000000.0,290500000000.0,278900000000.0,268500000000.0,259300000000.0,251000000000.0,243800000000.0,230000000000.0,219900000000.0,211100000000.0,203300000000.0,196900000000.0,191400000000.0,186200000000.0,181400000000.0,177200000000.0,173500000000.0,170200000000.0,167100000000.0,164000000000.0,161000000000.0,158100000000.0,155400000000.0,152800000000.0,150300000000.0,147900000000.0,145600000000.0,143400000000.0,141300000000.0,139400000000.0,137500000000.0,135600000000.0,133800000000.0,132000000000.0,130200000000.0,126800000000.0,123600000000.0,120400000000.0,117300000000.0,114400000000.0,111600000000.0,109000000000.0,106500000000.0,104100000000.0,101900000000.0,99750000000.0,97740000000.0,94120000000.0,90660000000.0,87450000000.0,84420000000.0,81540000000.0,58790000000.0,46200000000.0,38330000000.0,18780000000.0
30,1500.0,80.0,123700000000000.0,10210000000000.0,6009000000000.0,4411000000000.0,3493000000000.0,2861000000000.0,2426000000000.0,2156000000000.0,1955000000000.0,1796000000000.0,1673000000000.0,1564000000000.0,1469000000000.0,1384000000000.0,1308000000000.0,1241000000000.0,1182000000000.0,1130000000000.0,1083000000000.0,1041000000000.0,1005000000000.0,934100000000.0,882600000000.0,837700000000.0,798900000000.0,766900000000.0,740100000000.0,715200000000.0,692900000000.0,673300000000.0,656800000000.0,642400000000.0,628500000000.0,615200000000.0,602600000000.0,590300000000.0,578600000000.0,567800000000.0,557400000000.0,547300000000.0,537700000000.0,528700000000.0,520400000000.0,512500000000.0,504900000000.0,497500000000.0,490200000000.0,483200000000.0,476200000000.0,463100000000.0,450700000000.0,438500000000.0,427000000000.0,416200000000.0,405800000000.0,396200000000.0,387200000000.0,378700000000.0,370700000000.0,363200000000.0,356100000000.0,343800000000.0,331900000000.0,320900000000.0,310500000000.0,300600000000.0,221600000000.0,176900000000.0,148300000000.0,74100000000.0
31,20000.0,30.0,1.559e+16,11190000000000.0,6926000000000.0,5587000000000.0,4582000000000.0,3831000000000.0,3236000000000.0,2734000000000.0,2316000000000.0,1972000000000.0,1695000000000.0,1465000000000.0,1266000000000.0,1095000000000.0,949300000000.0,824900000000.0,717500000000.0,623600000000.0,541600000000.0,471000000000.0,411900000000.0,298600000000.0,219800000000.0,163700000000.0,123800000000.0,95930000000.0,75320000000.0,59930000000.0,48480000000.0,39970000000.0,33390000000.0,28090000000.0,24060000000.0,20900000000.0,18350000000.0,16240000000.0,14420000000.0,13040000000.0,11870000000.0,10880000000.0,9967000000.0,9278000000.0,8693000000.0,8182000000.0,7662000000.0,7273000000.0,6922000000.0,6602000000.0,6252000000.0,5750000000.0,5271000000.0,4860000000.0,4547000000.0,4242000000.0,3969000000.0,3727000000.0,3527000000.0,3328000000.0,3147000000.0,2984000000.0,2830000000.0,2575000000.0,2359000000.0,2170000000.0,2007000000.0,1867000000.0,1041000000.0,663400000.0,472900000.0,151400000.0
32,12500.0,90.0,7.319e+16,122100000000000.0,16310000000000.0,5609000000000.0,2983000000000.0,1935000000000.0,1428000000000.0,1164000000000.0,976300000000.0,828300000000.0,713200000000.0,618300000000.0,537800000000.0,469300000000.0,411800000000.0,362600000000.0,320100000000.0,283000000000.0,250500000000.0,222300000000.0,198700000000.0,153300000000.0,121200000000.0,97360000000.0,79610000000.0,66640000000.0,56630000000.0,48750000000.0,42550000000.0,37650000000.0,33710000000.0,30350000000.0,27620000000.0,25330000000.0,23360000000.0,21630000000.0,20030000000.0,18730000000.0,17570000000.0,16540000000.0,15540000000.0,14730000000.0,14020000000.0,13380000000.0,12720000000.0,12180000000.0,11680000000.0,11200000000.0,10710000000.0,9920000000.0,9179000000.0,8522000000.0,7978000000.0,7467000000.0,7004000000.0,6591000000.0,6232000000.0,5890000000.0,5579000000.0,5298000000.0,5038000000.0,4602000000.0,4223000000.0,3890000000.0,3597000000.0,3341000000.0,1795000000.0,1122000000.0,783100000.0,215500000.0
33,4000.0,20.0,6165000000000000.0,823400000000000.0,416400000000000.0,260000000000000.0,177200000000000.0,127200000000000.0,97230000000000.0,81820000000000.0,71220000000000.0,62850000000000.0,56300000000000.0,50590000000000.0,45540000000000.0,40990000000000.0,36740000000000.0,33060000000000.0,29940000000000.0,27250000000000.0,24940000000000.0,22920000000000.0,21210000000000.0,17970000000000.0,15720000000000.0,13900000000000.0,12430000000000.0,11300000000000.0,10400000000000.0,9617000000000.0,8955000000000.0,8406000000000.0,7978000000000.0,7624000000000.0,7294000000000.0,6990000000000.0,6713000000000.0,6454000000000.0,6209000000000.0,5986000000000.0,5775000000000.0,5569000000000.0,5378000000000.0,5202000000000.0,5044000000000.0,4896000000000.0,4755000000000.0,4620000000000.0,4490000000000.0,4366000000000.0,4244000000000.0,4016000000000.0,3803000000000.0,3604000000000.0,3431000000000.0,3273000000000.0,3128000000000.0,2997000000000.0,2877000000000.0,2775000000000.0,2683000000000.0,2600000000000.0,2529000000000.0,2418000000000.0,2316000000000.0,2220000000000.0,2131000000000.0,2049000000000.0,1441000000000.0,1102000000000.0,884600000000.0,336600000000.0
34,200.0,50.0,164900000000.0,40700000000.0,24960000000.0,17860000000.0,13650000000.0,11060000000.0,9234000000.0,7846000000.0,6712000000.0,5785000000.0,5031000000.0,4401000000.0,3850000000.0,3370000000.0,2957000000.0,2594000000.0,2280000000.0,2002000000.0,1756000000.0,1545000000.0,1364000000.0,1017000000.0,773400000.0,600700000.0,481300000.0,401700000.0,348300000.0,310700000.0,284500000.0,265900000.0,252700000.0,242800000.0,234700000.0,227900000.0,222000000.0,216600000.0,211700000.0,207200000.0,203100000.0,199000000.0,195200000.0,191700000.0,188400000.0,185300000.0,182200000.0,179300000.0,176400000.0,173600000.0,170800000.0,165600000.0,160600000.0,155700000.0,151100000.0,146600000.0,142400000.0,138500000.0,134900000.0,131500000.0,128300000.0,125400000.0,122600000.0,117800000.0,113200000.0,109000000.0,105100000.0,101400000.0,73110000.0,57500000.0,47720000.0,22060000.0
35,2500.0,60.0,1055000000000000.0,80580000000000.0,47580000000000.0,34600000000000.0,26810000000000.0,21000000000000.0,17050000000000.0,14720000000000.0,13030000000000.0,11710000000000.0,10690000000000.0,9804000000000.0,9025000000000.0,8342000000000.0,7735000000000.0,7199000000000.0,6734000000000.0,6323000000000.0,5958000000000.0,5634000000000.0,5354000000000.0,4809000000000.0,4411000000000.0,4074000000000.0,3789000000000.0,3559000000000.0,3369000000000.0,3197000000000.0,3046000000000.0,2915000000000.0,2808000000000.0,2715000000000.0,2628000000000.0,2545000000000.0,2467000000000.0,2394000000000.0,2324000000000.0,2261000000000.0,2201000000000.0,2144000000000.0,2090000000000.0,2040000000000.0,1994000000000.0,1951000000000.0,1911000000000.0,1872000000000.0,1834000000000.0,1797000000000.0,1762000000000.0,1696000000000.0,1634000000000.0,1575000000000.0,1521000000000.0,1469000000000.0,1422000000000.0,1379000000000.0,1340000000000.0,1305000000000.0,1272000000000.0,1243000000000.0,1216000000000.0,1174000000000.0,1133000000000.0,1095000000000.0,1060000000000.0,1026000000000.0,759700000000.0,607000000000.0,507000000000.0,238800000000.0
36,2500.0,70.0,865900000000000.0,72590000000000.0,43250000000000.0,31540000000000.0,24470000000000.0,19180000000000.0,15580000000000.0,13460000000000.0,11920000000000.0,10720000000000.0,9782000000000.0,8971000000000.0,8260000000000.0,7635000000000.0,7082000000000.0,6592000000000.0,6167000000000.0,5791000000000.0,5458000000000.0,5162000000000.0,4906000000000.0,4407000000000.0,4043000000000.0,3734000000000.0,3473000000000.0,3261000000000.0,3088000000000.0,2930000000000.0,2791000000000.0,2671000000000.0,2573000000000.0,2488000000000.0,2407000000000.0,2331000000000.0,2260000000000.0,2193000000000.0,2129000000000.0,2071000000000.0,2016000000000.0,1963000000000.0,1914000000000.0,1868000000000.0,1826000000000.0,1787000000000.0,1750000000000.0,1714000000000.0,1679000000000.0,1646000000000.0,1613000000000.0,1552000000000.0,1496000000000.0,1442000000000.0,1392000000000.0,1345000000000.0,1302000000000.0,1263000000000.0,1227000000000.0,1194000000000.0,1165000000000.0,1138000000000.0,1114000000000.0,1074000000000.0,1037000000000.0,1003000000000.0,970100000000.0,939300000000.0,695800000000.0,556000000000.0,464500000000.0,218800000000.0
37,200.0,40.0,172400000000.0,22910000000.0,8575000000.0,4426000000.0,2738000000.0,1940000000.0,1511000000.0,1311000000.0,1180000000.0,1077000000.0,998100000.0,929700000.0,869900000.0,817400000.0,771600000.0,730600000.0,694900000.0,663200000.0,634900000.0,609500000.0,587600000.0,545100000.0,514700000.0,487900000.0,464300000.0,445100000.0,428700000.0,413500000.0,399800000.0,387800000.0,377800000.0,369100000.0,360700000.0,352700000.0,345200000.0,338000000.0,330900000.0,324300000.0,317900000.0,311500000.0,305400000.0,299600000.0,294300000.0,289100000.0,284100000.0,279300000.0,274500000.0,269800000.0,265200000.0,256400000.0,247900000.0,239600000.0,231900000.0,224800000.0,217900000.0,211500000.0,205600000.0,200100000.0,194900000.0,190100000.0,185500000.0,177700000.0,170400000.0,163600000.0,157300000.0,151400000.0,106400000.0,81570000.0,66140000.0,27990000.0
38,4000.0,30.0,7714000000000000.0,661100000000000.0,307900000000000.0,186500000000000.0,125600000000000.0,89110000000000.0,67430000000000.0,56380000000000.0,48820000000000.0,42890000000000.0,38280000000000.0,34270000000000.0,30730000000000.0,27560000000000.0,24600000000000.0,22050000000000.0,19900000000000.0,18060000000000.0,16480000000000.0,15110000000000.0,13960000000000.0,11790000000000.0,10310000000000.0,9108000000000.0,8139000000000.0,7392000000000.0,6805000000000.0,6289000000000.0,5856000000000.0,5496000000000.0,5216000000000.0,4985000000000.0,4770000000000.0,4572000000000.0,4391000000000.0,4222000000000.0,4062000000000.0,3916000000000.0,3778000000000.0,3643000000000.0,3518000000000.0,3403000000000.0,3299000000000.0,3202000000000.0,3110000000000.0,3021000000000.0,2936000000000.0,2855000000000.0,2774000000000.0,2625000000000.0,2485000000000.0,2354000000000.0,2240000000000.0,2136000000000.0,2040000000000.0,1954000000000.0,1875000000000.0,1808000000000.0,1747000000000.0,1693000000000.0,1645000000000.0,1572000000000.0,1505000000000.0,1442000000000.0,1384000000000.0,1330000000000.0,930400000000.0,708600000000.0,567600000000.0,213500000000.0
39,1600.0,10.0,71830000000000.0,22480000000000.0,16820000000000.0,13790000000000.0,11700000000000.0,10160000000000.0,9014000000000.0,8235000000000.0,7630000000000.0,7140000000000.0,6755000000000.0,6411000000000.0,6102000000000.0,5821000000000.0,5566000000000.0,5334000000000.0,5129000000000.0,4944000000000.0,4777000000000.0,4625000000000.0,4493000000000.0,4228000000000.0,4033000000000.0,3860000000000.0,3707000000000.0,3580000000000.0,3473000000000.0,3372000000000.0,3280000000000.0,3199000000000.0,3132000000000.0,3072000000000.0,3014000000000.0,2959000000000.0,2908000000000.0,2858000000000.0,2809000000000.0,2762000000000.0,2717000000000.0,2674000000000.0,2632000000000.0,2593000000000.0,2556000000000.0,2521000000000.0,2487000000000.0,2453000000000.0,2420000000000.0,2387000000000.0,2355000000000.0,2295000000000.0,2236000000000.0,2178000000000.0,2126000000000.0,2076000000000.0,2029000000000.0,1985000000000.0,1943000000000.0,1903000000000.0,1866000000000.0,1830000000000.0,1796000000000.0,1735000000000.0,1678000000000.0,1624000000000.0,1573000000000.0,1526000000000.0,1136000000000.0,905900000000.0,759300000000.0,387800000000.0
40,12500.0,80.0,7.44e+16,124100000000000.0,16560000000000.0,5695000000000.0,3028000000000.0,1964000000000.0,1450000000000.0,1181000000000.0,990600000000.0,840300000000.0,723400000000.0,627000000000.0,545200000000.0,475700000000.0,417200000000.0,367300000000.0,324100000000.0,286400000000.0,253500000000.0,224800000000.0,200800000000.0,154800000000.0,122200000000.0,98060000000.0,80090000000.0,66970000000.0,56840000000.0,48880000000.0,42620000000.0,37690000000.0,33710000000.0,30330000000.0,27590000000.0,25280000000.0,23310000000.0,21570000000.0,19960000000.0,18670000000.0,17510000000.0,16470000000.0,15480000000.0,14670000000.0,13960000000.0,13310000000.0,12660000000.0,12120000000.0,11620000000.0,11150000000.0,10660000000.0,9867000000.0,9128000000.0,8474000000.0,7932000000.0,7423000000.0,6963000000.0,6551000000.0,6194000000.0,5854000000.0,5545000000.0,5266000000.0,5007000000.0,4574000000.0,4197000000.0,3866000000.0,3576000000.0,3321000000.0,1783000000.0,1115000000.0,777900000.0,213500000.0
41,20000.0,20.0,2.435e+16,13790000000000.0,8378000000000.0,6854000000000.0,5666000000000.0,4757000000000.0,4028000000000.0,3406000000000.0,2884000000000.0,2452000000000.0,2103000000000.0,1813000000000.0,1563000000000.0,1348000000000.0,1164000000000.0,1008000000000.0,872800000000.0,755000000000.0,652400000000.0,564100000000.0,490400000000.0,349500000000.0,251900000000.0,182900000000.0,134400000000.0,100600000000.0,75870000000.0,57600000000.0,44220000000.0,34450000000.0,26970000000.0,21020000000.0,16640000000.0,13330000000.0,10730000000.0,8664000000.0,6924000000.0,5705000000.0,4728000000.0,3943000000.0,3205000000.0,2730000000.0,2346000000.0,2032000000.0,1681000000.0,1486000000.0,1326000000.0,1193000000.0,1001000000.0,840800000.0,656600000.0,517300000.0,456700000.0,366900000.0,295500000.0,240100000.0,220700000.0,182600000.0,152500000.0,128900000.0,100900000.0,73550000.0,60820000.0,50210000.0,46420000.0,46510000.0,51560000.0,47260000.0,47430000.0,36470000.0
42,1500.0,90.0,119700000000000.0,9977000000000.0,5878000000000.0,4318000000000.0,3421000000000.0,2804000000000.0,2378000000000.0,2114000000000.0,1918000000000.0,1763000000000.0,1642000000000.0,1536000000000.0,1443000000000.0,1360000000000.0,1286000000000.0,1220000000000.0,1162000000000.0,1111000000000.0,1065000000000.0,1024000000000.0,988600000000.0,919400000000.0,868800000000.0,824800000000.0,786600000000.0,755100000000.0,728800000000.0,704300000000.0,682400000000.0,663100000000.0,646900000000.0,632700000000.0,619000000000.0,605900000000.0,593500000000.0,581400000000.0,569800000000.0,559200000000.0,549000000000.0,539000000000.0,529700000000.0,520800000000.0,512600000000.0,504800000000.0,497300000000.0,490000000000.0,482900000000.0,475900000000.0,469100000000.0,456200000000.0,443900000000.0,432000000000.0,420700000000.0,410000000000.0,399800000000.0,390400000000.0,381400000000.0,373100000000.0,365200000000.0,357800000000.0,350900000000.0,338700000000.0,327000000000.0,316100000000.0,305900000000.0,296100000000.0,218300000000.0,174200000000.0,146100000000.0,72970000000.0
43,800.0,0.0,3339000000000.0,509100000000.0,222800000000.0,136800000000.0,100800000000.0,83850000000.0,73510000000.0,67520000000.0,63100000000.0,59550000000.0,56780000000.0,54300000000.0,52040000000.0,49970000000.0,48020000000.0,46270000000.0,44770000000.0,43450000000.0,42300000000.0,41260000000.0,40390000000.0,38820000000.0,37780000000.0,36800000000.0,35910000000.0,35160000000.0,34490000000.0,33840000000.0,33230000000.0,32670000000.0,32180000000.0,31730000000.0,31290000000.0,30870000000.0,30470000000.0,30070000000.0,29680000000.0,29310000000.0,28950000000.0,28590000000.0,28250000000.0,27920000000.0,27610000000.0,27320000000.0,27020000000.0,26730000000.0,26450000000.0,26170000000.0,25890000000.0,25360000000.0,24840000000.0,24330000000.0,23850000000.0,23390000000.0,22940000000.0,22520000000.0,22120000000.0,21740000000.0,21370000000.0,21010000000.0,20660000000.0,20030000000.0,19430000000.0,18860000000.0,18330000000.0,17830000000.0,13770000000.0,11260000000.0,9594000000.0,5093000000.0
44,900.0,0.0,6859000000000.0,1111000000000.0,535000000000.0,344200000000.0,259400000000.0,219600000000.0,195700000000.0,182600000000.0,173000000000.0,165100000000.0,158800000000.0,153000000000.0,147600000000.0,142400000000.0,137200000000.0,132500000000.0,128500000000.0,125000000000.0,121900000000.0,119200000000.0,116800000000.0,112700000000.0,109900000000.0,107300000000.0,104900000000.0,102900000000.0,101000000000.0,99230000000.0,97530000000.0,95950000000.0,94540000000.0,93220000000.0,91950000000.0,90710000000.0,89540000000.0,88390000000.0,87250000000.0,86160000000.0,85090000000.0,84030000000.0,83020000000.0,82040000000.0,81130000000.0,80250000000.0,79380000000.0,78510000000.0,77660000000.0,76820000000.0,75990000000.0,74400000000.0,72850000000.0,71290000000.0,69830000000.0,68430000000.0,67070000000.0,65800000000.0,64570000000.0,63400000000.0,62280000000.0,61190000000.0,60140000000.0,58220000000.0,56420000000.0,54710000000.0,53100000000.0,51580000000.0,39320000000.0,31800000000.0,26870000000.0,14040000000.0
45,1000.0,60.0,28960000000000.0,2535000000000.0,1450000000000.0,1006000000000.0,759900000000.0,615800000000.0,524400000000.0,471800000000.0,433800000000.0,403600000000.0,380200000000.0,359800000000.0,341700000000.0,325600000000.0,311000000000.0,298000000000.0,286600000000.0,276600000000.0,267600000000.0,259500000000.0,252600000000.0,239300000000.0,229700000000.0,221300000000.0,213900000000.0,207600000000.0,202300000000.0,197300000000.0,192600000000.0,188400000000.0,184800000000.0,181600000000.0,178500000000.0,175400000000.0,172400000000.0,169500000000.0,166700000000.0,164100000000.0,161600000000.0,159100000000.0,156700000000.0,154400000000.0,152300000000.0,150300000000.0,148300000000.0,146400000000.0,144500000000.0,142600000000.0,140800000000.0,137200000000.0,133800000000.0,130400000000.0,127200000000.0,124100000000.0,121100000000.0,118200000000.0,115600000000.0,113100000000.0,110700000000.0,108400000000.0,106200000000.0,102400000000.0,98640000000.0,95190000000.0,91930000000.0,88830000000.0,64180000000.0,50500000000.0,41940000000.0,20580000000.0
46,1000.0,0.0,11560000000000.0,2001000000000.0,1059000000000.0,728500000000.0,572800000000.0,495500000000.0,448400000000.0,423100000000.0,404500000000.0,389000000000.0,376400000000.0,364600000000.0,353400000000.0,342500000000.0,331300000000.0,321000000000.0,312200000000.0,304400000000.0,297400000000.0,291100000000.0,285800000000.0,276100000000.0,269500000000.0,263300000000.0,257500000000.0,252600000000.0,248100000000.0,243800000000.0,239700000000.0,235800000000.0,232400000000.0,229100000000.0,226000000000.0,223000000000.0,220100000000.0,217300000000.0,214500000000.0,211800000000.0,209200000000.0,206500000000.0,204000000000.0,201600000000.0,199400000000.0,197200000000.0,195100000000.0,192900000000.0,190800000000.0,188700000000.0,186700000000.0,182800000000.0,178900000000.0,175100000000.0,171400000000.0,167900000000.0,164600000000.0,161400000000.0,158300000000.0,155400000000.0,152600000000.0,149900000000.0,147200000000.0,142400000000.0,137900000000.0,133600000000.0,129500000000.0,125700000000.0,94690000000.0,75820000000.0,63600000000.0,32940000000.0
47,400.0,30.0,707300000000.0,116100000000.0,50970000000.0,29670000000.0,20270000000.0,15610000000.0,12920000000.0,11530000000.0,10580000000.0,9831000000.0,9253000000.0,8746000000.0,8298000000.0,7900000000.0,7548000000.0,7231000000.0,6957000000.0,6713000000.0,6497000000.0,6303000000.0,6136000000.0,5821000000.0,5601000000.0,5401000000.0,5222000000.0,5073000000.0,4944000000.0,4821000000.0,4708000000.0,4607000000.0,4521000000.0,4443000000.0,4369000000.0,4297000000.0,4229000000.0,4164000000.0,4099000000.0,4038000000.0,3979000000.0,3920000000.0,3865000000.0,3812000000.0,3763000000.0,3716000000.0,3669000000.0,3623000000.0,3579000000.0,3534000000.0,3491000000.0,3409000000.0,3328000000.0,3250000000.0,3178000000.0,3111000000.0,3046000000.0,2984000000.0,2926000000.0,2871000000.0,2819000000.0,2769000000.0,2722000000.0,2639000000.0,2561000000.0,2486000000.0,2416000000.0,2350000000.0,1829000000.0,1503000000.0,1280000000.0,652900000.0
48,1100.0,0.0,17800000000000.0,3405000000000.0,1951000000000.0,1410000000000.0,1141000000000.0,1004000000000.0,919100000000.0,872400000000.0,837600000000.0,808600000000.0,784900000000.0,762700000000.0,741400000000.0,720500000000.0,699100000000.0,679400000000.0,662300000000.0,646900000000.0,633100000000.0,620600000000.0,609900000000.0,589700000000.0,575800000000.0,562600000000.0,550300000000.0,539800000000.0,530400000000.0,521200000000.0,512400000000.0,504200000000.0,496900000000.0,490000000000.0,483400000000.0,476900000000.0,470800000000.0,464700000000.0,458700000000.0,453000000000.0,447400000000.0,441800000000.0,436500000000.0,431300000000.0,426500000000.0,421900000000.0,417300000000.0,412700000000.0,408200000000.0,403700000000.0,399400000000.0,390900000000.0,382700000000.0,374400000000.0,366500000000.0,359000000000.0,351600000000.0,344800000000.0,338100000000.0,331900000000.0,325800000000.0,319800000000.0,314000000000.0,303300000000.0,293400000000.0,283900000000.0,275000000000.0,266600000000.0,198100000000.0,157300000000.0,131200000000.0,66290000000.0
49,25000.0,70.0,977600000000000.0,4443000000000.0,2844000000000.0,2175000000000.0,1740000000000.0,1441000000000.0,1214000000000.0,1031000000000.0,882200000000.0,760900000000.0,664000000000.0,582800000000.0,512600000000.0,452000000000.0,400300000000.0,355500000000.0,316400000000.0,281900000000.0,251400000000.0,224700000000.0,202000000000.0,157600000000.0,125600000000.0,101700000000.0,83850000000.0,70770000000.0,60770000000.0,52870000000.0,46630000000.0,41710000000.0,37760000000.0,34470000000.0,31710000000.0,29380000000.0,27370000000.0,25580000000.0,23960000000.0,22570000000.0,21320000000.0,20190000000.0,19150000000.0,18240000000.0,17440000000.0,16700000000.0,16000000000.0,15370000000.0,14770000000.0,14200000000.0,13650000000.0,12680000000.0,11810000000.0,11030000000.0,10360000000.0,9757000000.0,9203000000.0,8700000000.0,8243000000.0,7816000000.0,7421000000.0,7062000000.0,6730000000.0,6152000000.0,5647000000.0,5203000000.0,4813000000.0,4470000000.0,2455000000.0,1543000000.0,1081000000.0,320600000.0
50,2000.0,80.0,324700000000000.0,29530000000000.0,18300000000000.0,13680000000000.0,10860000000000.0,8778000000000.0,7328000000000.0,6429000000000.0,5768000000000.0,5247000000000.0,4842000000000.0,4489000000000.0,4179000000000.0,3906000000000.0,3665000000000.0,3449000000000.0,3262000000000.0,3095000000000.0,2946000000000.0,2813000000000.0,2697000000000.0,2472000000000.0,2306000000000.0,2163000000000.0,2041000000000.0,1941000000000.0,1857000000000.0,1781000000000.0,1713000000000.0,1653000000000.0,1604000000000.0,1561000000000.0,1520000000000.0,1481000000000.0,1444000000000.0,1409000000000.0,1375000000000.0,1345000000000.0,1315000000000.0,1287000000000.0,1260000000000.0,1235000000000.0,1213000000000.0,1191000000000.0,1170000000000.0,1150000000000.0,1131000000000.0,1112000000000.0,1093000000000.0,1058000000000.0,1026000000000.0,994300000000.0,964800000000.0,936900000000.0,910800000000.0,886900000000.0,864600000000.0,844200000000.0,825100000000.0,807400000000.0,791300000000.0,764000000000.0,737900000000.0,713700000000.0,690800000000.0,669000000000.0,496200000000.0,397700000000.0,333900000000.0,164400000000.0
51,9000.0,40.0,1.087e+17,1232000000000000.0,219000000000000.0,72450000000000.0,31880000000000.0,14710000000000.0,7854000000000.0,5469000000000.0,4170000000000.0,3279000000000.0,2662000000000.0,2183000000000.0,1804000000000.0,1500000000000.0,1250000000000.0,1050000000000.0,892100000000.0,764400000000.0,660400000000.0,575800000000.0,508100000000.0,393200000000.0,321300000000.0,267000000000.0,225800000000.0,195600000000.0,172800000000.0,154000000000.0,139100000000.0,127400000000.0,118600000000.0,111600000000.0,105500000000.0,99980000000.0,95030000000.0,90470000000.0,86200000000.0,82520000000.0,79100000000.0,75870000000.0,72840000000.0,70150000000.0,67740000000.0,65480000000.0,63290000000.0,61270000000.0,59350000000.0,57520000000.0,55670000000.0,52400000000.0,49330000000.0,46460000000.0,43820000000.0,41320000000.0,39050000000.0,37030000000.0,35220000000.0,33580000000.0,32110000000.0,30770000000.0,29590000000.0,27680000000.0,25920000000.0,24330000000.0,22870000000.0,21530000000.0,11860000000.0,7665000000.0,5466000000.0,1162000000.0
52,25000.0,30.0,2000000000000000.0,7226000000000.0,5038000000000.0,3970000000000.0,3214000000000.0,2677000000000.0,2262000000000.0,1921000000000.0,1640000000000.0,1408000000000.0,1222000000000.0,1067000000000.0,932000000000.0,815300000000.0,715200000000.0,628700000000.0,553400000000.0,487000000000.0,428500000000.0,377700000000.0,334600000000.0,251000000000.0,191300000000.0,147700000000.0,116100000000.0,93540000000.0,76680000000.0,63850000000.0,54130000000.0,46780000000.0,41060000000.0,36420000000.0,32760000000.0,29790000000.0,27320000000.0,25210000000.0,23320000000.0,21790000000.0,20440000000.0,19250000000.0,18140000000.0,17210000000.0,16410000000.0,15680000000.0,14960000000.0,14340000000.0,13770000000.0,13220000000.0,12670000000.0,11760000000.0,10920000000.0,10170000000.0,9546000000.0,8975000000.0,8452000000.0,7979000000.0,7560000000.0,7161000000.0,6794000000.0,6460000000.0,6150000000.0,5618000000.0,5155000000.0,4748000000.0,4392000000.0,4081000000.0,2251000000.0,1423000000.0,1005000000.0,311400000.0
53,400.0,70.0,2077000000000.0,502900000000.0,258800000000.0,174300000000.0,129600000000.0,102900000000.0,84370000000.0,71230000000.0,61220000000.0,53420000000.0,47480000000.0,42500000000.0,38280000000.0,34700000000.0,31750000000.0,29170000000.0,26920000000.0,24920000000.0,23150000000.0,21590000000.0,20230000000.0,17530000000.0,15520000000.0,13900000000.0,12580000000.0,11530000000.0,10690000000.0,9952000000.0,9316000000.0,8766000000.0,8304000000.0,7900000000.0,7529000000.0,7189000000.0,6881000000.0,6593000000.0,6324000000.0,6081000000.0,5854000000.0,5643000000.0,5449000000.0,5271000000.0,5111000000.0,4961000000.0,4822000000.0,4688000000.0,4560000000.0,4437000000.0,4322000000.0,4106000000.0,3911000000.0,3730000000.0,3570000000.0,3425000000.0,3289000000.0,3165000000.0,3049000000.0,2941000000.0,2840000000.0,2748000000.0,2662000000.0,2510000000.0,2373000000.0,2249000000.0,2138000000.0,2037000000.0,1367000000.0,1025000000.0,820100000.0,358800000.0
54,1000.0,20.0,11070000000000.0,2356000000000.0,1494000000000.0,1126000000000.0,923700000000.0,809200000000.0,736400000000.0,696900000000.0,668200000000.0,644300000000.0,625100000000.0,607100000000.0,590200000000.0,574000000000.0,557900000000.0,543000000000.0,529800000000.0,517900000000.0,507000000000.0,497000000000.0,488300000000.0,471300000000.0,459000000000.0,447400000000.0,436700000000.0,427600000000.0,419500000000.0,411500000000.0,404100000000.0,397100000000.0,391000000000.0,385300000000.0,379800000000.0,374400000000.0,369300000000.0,364300000000.0,359400000000.0,354700000000.0,350100000000.0,345400000000.0,341000000000.0,336800000000.0,332800000000.0,328900000000.0,325100000000.0,321400000000.0,317700000000.0,314000000000.0,310400000000.0,303500000000.0,296700000000.0,289800000000.0,283400000000.0,277200000000.0,271200000000.0,265600000000.0,260200000000.0,255200000000.0,250300000000.0,245500000000.0,240800000000.0,232400000000.0,224500000000.0,217000000000.0,210000000000.0,203400000000.0,149400000000.0,117600000000.0,97570000000.0,48780000000.0
55,17500.0,90.0,1.955e+16,9902000000000.0,3905000000000.0,2964000000000.0,2396000000000.0,1994000000000.0,1681000000000.0,1421000000000.0,1207000000000.0,1031000000000.0,889100000000.0,771200000000.0,669900000000.0,582800000000.0,508700000000.0,445600000000.0,391000000000.0,343300000000.0,301700000000.0,265700000000.0,235500000000.0,177400000000.0,136800000000.0,107400000000.0,86140000000.0,70850000000.0,59300000000.0,50350000000.0,43420000000.0,38010000000.0,33680000000.0,30070000000.0,27140000000.0,24710000000.0,22650000000.0,20850000000.0,19240000000.0,17920000000.0,16750000000.0,15710000000.0,14760000000.0,13960000000.0,13270000000.0,12640000000.0,12040000000.0,11520000000.0,11040000000.0,10590000000.0,10140000000.0,9390000000.0,8706000000.0,8104000000.0,7603000000.0,7145000000.0,6727000000.0,6350000000.0,6014000000.0,5696000000.0,5404000000.0,5138000000.0,4892000000.0,4468000000.0,4100000000.0,3776000000.0,3493000000.0,3246000000.0,1787000000.0,1125000000.0,787800000.0,229500000.0
56,900.0,40.0,10420000000000.0,2304000000000.0,1345000000000.0,924600000000.0,692700000000.0,559300000000.0,478300000000.0,436500000000.0,407500000000.0,384200000000.0,365800000000.0,349300000000.0,334300000000.0,320400000000.0,307500000000.0,295700000000.0,285400000000.0,276100000000.0,267800000000.0,260300000000.0,253700000000.0,241100000000.0,232100000000.0,223800000000.0,216400000000.0,210200000000.0,204800000000.0,199600000000.0,194900000000.0,190600000000.0,187000000000.0,183700000000.0,180500000000.0,177400000000.0,174500000000.0,171700000000.0,169000000000.0,166300000000.0,163800000000.0,161200000000.0,158700000000.0,156400000000.0,154200000000.0,152100000000.0,150000000000.0,147900000000.0,145900000000.0,144000000000.0,142000000000.0,138300000000.0,134600000000.0,131000000000.0,127600000000.0,124300000000.0,121200000000.0,118300000000.0,115600000000.0,113000000000.0,110600000000.0,108300000000.0,106000000000.0,102100000000.0,98370000000.0,94880000000.0,91620000000.0,88580000000.0,64370000000.0,50670000000.0,42170000000.0,21060000000.0
57,384399.0,90.0,5767000000000.0,2093000000000.0,1003000000000.0,668300000000.0,502000000000.0,402700000000.0,333500000000.0,284300000000.0,247500000000.0,218900000000.0,196900000000.0,178300000000.0,162500000000.0,149000000000.0,138000000000.0,128200000000.0,119500000000.0,111700000000.0,104600000000.0,98190000000.0,92520000000.0,80920000000.0,71910000000.0,64360000000.0,57970000000.0,52760000000.0,48450000000.0,44620000000.0,41270000000.0,38330000000.0,35840000000.0,33650000000.0,31630000000.0,29800000000.0,28140000000.0,26600000000.0,25160000000.0,23870000000.0,22670000000.0,21570000000.0,20560000000.0,19640000000.0,18820000000.0,18060000000.0,17360000000.0,16690000000.0,16060000000.0,15450000000.0,14890000000.0,13850000000.0,12920000000.0,12090000000.0,11360000000.0,10710000000.0,10120000000.0,9573000000.0,9071000000.0,8607000000.0,8177000000.0,7785000000.0,7424000000.0,6791000000.0,6235000000.0,5745000000.0,5313000000.0,4934000000.0,2698000000.0,1687000000.0,1174000000.0,333900000.0
58,20000.0,60.0,8286000000000000.0,6785000000000.0,3956000000000.0,3117000000000.0,2532000000000.0,2108000000000.0,1777000000000.0,1503000000000.0,1276000000000.0,1090000000000.0,941000000000.0,817000000000.0,710200000000.0,618400000000.0,540300000000.0,473500000000.0,415700000000.0,365100000000.0,320800000000.0,282500000000.0,250400000000.0,188300000000.0,144600000000.0,113000000000.0,90040000000.0,73600000000.0,61220000000.0,51670000000.0,44330000000.0,38650000000.0,34150000000.0,30440000000.0,27440000000.0,24970000000.0,22890000000.0,21090000000.0,19470000000.0,18150000000.0,16980000000.0,15950000000.0,15000000000.0,14210000000.0,13520000000.0,12890000000.0,12290000000.0,11770000000.0,11280000000.0,10830000000.0,10380000000.0,9616000000.0,8923000000.0,8310000000.0,7799000000.0,7332000000.0,6905000000.0,6518000000.0,6174000000.0,5848000000.0,5548000000.0,5276000000.0,5023000000.0,4588000000.0,4209000000.0,3877000000.0,3585000000.0,3331000000.0,1831000000.0,1152000000.0,806300000.0,237100000.0
59,7000.0,90.0,3.41e+16,995200000000000.0,241500000000000.0,96480000000000.0,48460000000000.0,25890000000000.0,15310000000000.0,10880000000000.0,8300000000000.0,6534000000000.0,5319000000000.0,4373000000000.0,3626000000000.0,3032000000000.0,2551000000000.0,2164000000000.0,1856000000000.0,1607000000000.0,1403000000000.0,1238000000000.0,1104000000000.0,879100000000.0,739700000000.0,632200000000.0,548700000000.0,486700000000.0,439600000000.0,399500000000.0,367000000000.0,340900000000.0,321600000000.0,306400000000.0,292300000000.0,279100000000.0,267000000000.0,255600000000.0,244900000000.0,235300000000.0,226300000000.0,217600000000.0,209600000000.0,202200000000.0,195600000000.0,189400000000.0,183500000000.0,177800000000.0,172400000000.0,167200000000.0,162100000000.0,152700000000.0,144000000000.0,135900000000.0,128300000000.0,121100000000.0,114600000000.0,108800000000.0,103600000000.0,98940000000.0,94740000000.0,90970000000.0,87660000000.0,82330000000.0,77430000000.0,73020000000.0,68970000000.0,65260000000.0,39080000000.0,27070000000.0,20270000000.0,5195000000.0
60,4000.0,70.0,4570000000000000.0,306400000000000.0,143400000000000.0,87270000000000.0,58950000000000.0,41850000000000.0,31660000000000.0,26490000000000.0,22970000000000.0,20210000000000.0,18060000000000.0,16190000000000.0,14530000000000.0,13060000000000.0,11690000000000.0,10500000000000.0,9502000000000.0,8643000000000.0,7902000000000.0,7262000000000.0,6719000000000.0,5700000000000.0,4991000000000.0,4419000000000.0,3956000000000.0,3595000000000.0,3312000000000.0,3062000000000.0,2851000000000.0,2674000000000.0,2535000000000.0,2420000000000.0,2312000000000.0,2212000000000.0,2119000000000.0,2032000000000.0,1950000000000.0,1877000000000.0,1809000000000.0,1743000000000.0,1683000000000.0,1628000000000.0,1578000000000.0,1531000000000.0,1487000000000.0,1445000000000.0,1404000000000.0,1366000000000.0,1328000000000.0,1259000000000.0,1196000000000.0,1137000000000.0,1082000000000.0,1031000000000.0,984700000000.0,944100000000.0,907300000000.0,875000000000.0,845800000000.0,819900000000.0,797500000000.0,762500000000.0,730000000000.0,700100000000.0,672300000000.0,646400000000.0,452800000000.0,347200000000.0,279300000000.0,105800000000.0
61,1600.0,50.0,240100000000000.0,17880000000000.0,10410000000000.0,7624000000000.0,6026000000000.0,4910000000000.0,4144000000000.0,3675000000000.0,3330000000000.0,3056000000000.0,2843000000000.0,2657000000000.0,2491000000000.0,2346000000000.0,2215000000000.0,2099000000000.0,1998000000000.0,1908000000000.0,1827000000000.0,1755000000000.0,1692000000000.0,1570000000000.0,1482000000000.0,1405000000000.0,1338000000000.0,1283000000000.0,1237000000000.0,1194000000000.0,1156000000000.0,1122000000000.0,1094000000000.0,1070000000000.0,1046000000000.0,1024000000000.0,1002000000000.0,981700000000.0,961700000000.0,943400000000.0,925800000000.0,908700000000.0,892500000000.0,877300000000.0,863200000000.0,849800000000.0,837000000000.0,824400000000.0,812200000000.0,800200000000.0,788500000000.0,766400000000.0,745300000000.0,724800000000.0,705500000000.0,687200000000.0,669800000000.0,653700000000.0,638500000000.0,624400000000.0,611000000000.0,598600000000.0,586900000000.0,566600000000.0,547200000000.0,529100000000.0,512000000000.0,495700000000.0,365800000000.0,292300000000.0,245100000000.0,122200000000.0
62,20000.0,0.0,4.292e+16,18820000000000.0,10200000000000.0,8345000000000.0,6926000000000.0,5829000000000.0,4944000000000.0,4183000000000.0,3543000000000.0,3010000000000.0,2580000000000.0,2221000000000.0,1913000000000.0,1648000000000.0,1422000000000.0,1230000000000.0,1065000000000.0,921200000000.0,796100000000.0,688500000000.0,599000000000.0,427800000000.0,309300000000.0,225600000000.0,166600000000.0,125500000000.0,95090000000.0,72590000000.0,56040000000.0,43890000000.0,34530000000.0,27040000000.0,21510000000.0,17310000000.0,14010000000.0,11370000000.0,9124000000.0,7552000000.0,6285000000.0,5264000000.0,4291000000.0,3666000000.0,3158000000.0,2739000000.0,2266000000.0,2003000000.0,1785000000.0,1604000000.0,1340000000.0,1117000000.0,860300000.0,665600000.0,578700000.0,451200000.0,351000000.0,273400000.0,245300000.0,192100000.0,150200000.0,117300000.0,78590000.0,40660000.0,20990000.0,6323000.0,306600.0,314800.0,569100.0,208100.0,272700.0,256800.0
63,2500.0,30.0,982600000000000.0,147600000000000.0,91670000000000.0,67340000000000.0,52220000000000.0,41020000000000.0,33410000000000.0,28910000000000.0,25650000000000.0,23080000000000.0,21090000000000.0,19360000000000.0,17830000000000.0,16480000000000.0,15280000000000.0,14210000000000.0,13280000000000.0,12450000000000.0,11730000000000.0,11080000000000.0,10520000000000.0,9424000000000.0,8631000000000.0,7958000000000.0,7391000000000.0,6937000000000.0,6564000000000.0,6226000000000.0,5931000000000.0,5678000000000.0,5473000000000.0,5298000000000.0,5133000000000.0,4978000000000.0,4835000000000.0,4700000000000.0,4570000000000.0,4450000000000.0,4336000000000.0,4224000000000.0,4119000000000.0,4021000000000.0,3932000000000.0,3848000000000.0,3766000000000.0,3688000000000.0,3612000000000.0,3538000000000.0,3466000000000.0,3329000000000.0,3200000000000.0,3076000000000.0,2968000000000.0,2869000000000.0,2776000000000.0,2691000000000.0,2612000000000.0,2542000000000.0,2478000000000.0,2419000000000.0,2366000000000.0,2280000000000.0,2201000000000.0,2125000000000.0,2055000000000.0,1988000000000.0,1465000000000.0,1160000000000.0,963500000000.0,451300000000.0
64,200.0,10.0,3132000000.0,257200000.0,75510000.0,37250000.0,24630000.0,19350000.0,16610000.0,15370000.0,14580000.0,13940000.0,13450000.0,13020000.0,12640000.0,12320000.0,12050000.0,11790000.0,11570000.0,11360000.0,11170000.0,10990000.0,10840000.0,10520000.0,10280000.0,10060000.0,9855000.0,9682000.0,9529000.0,9380000.0,9242000.0,9114000.0,9004000.0,8903000.0,8804000.0,8709000.0,8618000.0,8528000.0,8440000.0,8355000.0,8272000.0,8191000.0,8113000.0,8038000.0,7968000.0,7899000.0,7832000.0,7765000.0,7698000.0,7632000.0,7568000.0,7445000.0,7324000.0,7204000.0,7093000.0,6988000.0,6885000.0,6788000.0,6694000.0,6604000.0,6517000.0,6434000.0,6354000.0,6209000.0,6071000.0,5937000.0,5809000.0,5687000.0,4680000.0,3989000.0,3484000.0,1973000.0
65,2500.0,20.0,645100000000000.0,161000000000000.0,111000000000000.0,85440000000000.0,67860000000000.0,54000000000000.0,44350000000000.0,38560000000000.0,34350000000000.0,31010000000000.0,28430000000000.0,26180000000000.0,24200000000000.0,22450000000000.0,20900000000000.0,19510000000000.0,18310000000000.0,17230000000000.0,16280000000000.0,15420000000000.0,14680000000000.0,13210000000000.0,12130000000000.0,11210000000000.0,10430000000000.0,9806000000000.0,9291000000000.0,8824000000000.0,8413000000000.0,8060000000000.0,7773000000000.0,7526000000000.0,7293000000000.0,7075000000000.0,6874000000000.0,6683000000000.0,6501000000000.0,6332000000000.0,6171000000000.0,6013000000000.0,5866000000000.0,5728000000000.0,5603000000000.0,5484000000000.0,5370000000000.0,5259000000000.0,5152000000000.0,5048000000000.0,4947000000000.0,4755000000000.0,4573000000000.0,4399000000000.0,4247000000000.0,4109000000000.0,3978000000000.0,3859000000000.0,3748000000000.0,3651000000000.0,3561000000000.0,3479000000000.0,3405000000000.0,3285000000000.0,3175000000000.0,3069000000000.0,2971000000000.0,2878000000000.0,2143000000000.0,1709000000000.0,1426000000000.0,681000000000.0
66,1600.0,40.0,201000000000000.0,21790000000000.0,13030000000000.0,9574000000000.0,7569000000000.0,6174000000000.0,5216000000000.0,4628000000000.0,4194000000000.0,3849000000000.0,3581000000000.0,3347000000000.0,3139000000000.0,2953000000000.0,2787000000000.0,2638000000000.0,2508000000000.0,2392000000000.0,2289000000000.0,2196000000000.0,2116000000000.0,1959000000000.0,1846000000000.0,1747000000000.0,1661000000000.0,1592000000000.0,1534000000000.0,1479000000000.0,1431000000000.0,1389000000000.0,1355000000000.0,1325000000000.0,1296000000000.0,1269000000000.0,1244000000000.0,1219000000000.0,1195000000000.0,1172000000000.0,1151000000000.0,1130000000000.0,1109000000000.0,1090000000000.0,1073000000000.0,1056000000000.0,1039000000000.0,1023000000000.0,1008000000000.0,992300000000.0,977300000000.0,948700000000.0,921200000000.0,894100000000.0,869700000000.0,847100000000.0,825400000000.0,805200000000.0,786200000000.0,768800000000.0,752400000000.0,736600000000.0,721700000000.0,696200000000.0,672300000000.0,649600000000.0,628400000000.0,608500000000.0,448200000000.0,355500000000.0,296900000000.0,147800000000.0
67,4000.0,60.0,5266000000000000.0,337700000000000.0,157400000000000.0,95670000000000.0,64590000000000.0,45820000000000.0,34650000000000.0,28990000000000.0,25130000000000.0,22110000000000.0,19750000000000.0,17700000000000.0,15890000000000.0,14270000000000.0,12770000000000.0,11470000000000.0,10380000000000.0,9439000000000.0,8628000000000.0,7928000000000.0,7334000000000.0,6221000000000.0,5446000000000.0,4822000000000.0,4315000000000.0,3922000000000.0,3613000000000.0,3340000000000.0,3109000000000.0,2917000000000.0,2765000000000.0,2639000000000.0,2522000000000.0,2412000000000.0,2311000000000.0,2216000000000.0,2128000000000.0,2048000000000.0,1973000000000.0,1902000000000.0,1836000000000.0,1776000000000.0,1721000000000.0,1670000000000.0,1622000000000.0,1576000000000.0,1532000000000.0,1490000000000.0,1449000000000.0,1374000000000.0,1305000000000.0,1240000000000.0,1181000000000.0,1125000000000.0,1074000000000.0,1030000000000.0,990000000000.0,954700000000.0,922800000000.0,894600000000.0,870200000000.0,832000000000.0,796500000000.0,763900000000.0,733600000000.0,705300000000.0,494100000000.0,378900000000.0,304800000000.0,115400000000.0
68,7000.0,80.0,3.471e+16,1011000000000000.0,245400000000000.0,98030000000000.0,49230000000000.0,26310000000000.0,15550000000000.0,11050000000000.0,8430000000000.0,6636000000000.0,5402000000000.0,4440000000000.0,3682000000000.0,3078000000000.0,2590000000000.0,2197000000000.0,1884000000000.0,1631000000000.0,1424000000000.0,1256000000000.0,1121000000000.0,891900000000.0,750400000000.0,641300000000.0,556600000000.0,493600000000.0,445800000000.0,405100000000.0,372100000000.0,345700000000.0,326100000000.0,310700000000.0,296400000000.0,283000000000.0,270700000000.0,259200000000.0,248300000000.0,238600000000.0,229500000000.0,220700000000.0,212600000000.0,205100000000.0,198400000000.0,192100000000.0,186100000000.0,180300000000.0,174800000000.0,169600000000.0,164400000000.0,154900000000.0,146100000000.0,137800000000.0,130100000000.0,122800000000.0,116200000000.0,110400000000.0,105100000000.0,100400000000.0,96100000000.0,92280000000.0,88920000000.0,83520000000.0,78550000000.0,74070000000.0,69980000000.0,66210000000.0,39650000000.0,27460000000.0,20570000000.0,5271000000.0
69,20000.0,70.0,7600000000000000.0,6375000000000.0,3687000000000.0,2894000000000.0,2348000000000.0,1954000000000.0,1647000000000.0,1393000000000.0,1183000000000.0,1011000000000.0,873900000000.0,759300000000.0,660800000000.0,576000000000.0,503900000000.0,442300000000.0,388900000000.0,342200000000.0,301200000000.0,265800000000.0,236000000000.0,178500000000.0,138000000000.0,108500000000.0,87070000000.0,71650000000.0,60000000000.0,50970000000.0,43980000000.0,38560000000.0,34240000000.0,30670000000.0,27760000000.0,25350000000.0,23310000000.0,21530000000.0,19940000000.0,18620000000.0,17450000000.0,16410000000.0,15460000000.0,14660000000.0,13950000000.0,13320000000.0,12710000000.0,12170000000.0,11680000000.0,11210000000.0,10750000000.0,9966000000.0,9254000000.0,8623000000.0,8093000000.0,7612000000.0,7171000000.0,6771000000.0,6414000000.0,6076000000.0,5766000000.0,5483000000.0,5222000000.0,4770000000.0,4377000000.0,4031000000.0,3728000000.0,3463000000.0,1902000000.0,1194000000.0,835000000.0,244200000.0
70,384399.0,80.0,5767000000000.0,2093000000000.0,1003000000000.0,668300000000.0,502000000000.0,402700000000.0,333500000000.0,284300000000.0,247500000000.0,218900000000.0,196900000000.0,178300000000.0,162500000000.0,149000000000.0,138000000000.0,128200000000.0,119500000000.0,111700000000.0,104600000000.0,98190000000.0,92520000000.0,80920000000.0,71910000000.0,64360000000.0,57970000000.0,52760000000.0,48450000000.0,44620000000.0,41270000000.0,38330000000.0,35840000000.0,33650000000.0,31630000000.0,29800000000.0,28140000000.0,26600000000.0,25160000000.0,23870000000.0,22670000000.0,21570000000.0,20560000000.0,19640000000.0,18820000000.0,18060000000.0,17360000000.0,16690000000.0,16060000000.0,15450000000.0,14890000000.0,13850000000.0,12920000000.0,12090000000.0,11360000000.0,10710000000.0,10120000000.0,9573000000.0,9071000000.0,8607000000.0,8177000000.0,7785000000.0,7424000000.0,6791000000.0,6235000000.0,5745000000.0,5313000000.0,4934000000.0,2698000000.0,1687000000.0,1174000000.0,333900000.0
71,900.0,50.0,16360000000000.0,2118000000000.0,1170000000000.0,789800000000.0,586800000000.0,469700000000.0,397500000000.0,358300000000.0,330500000000.0,308400000000.0,291200000000.0,276100000000.0,262500000000.0,250300000000.0,239200000000.0,229200000000.0,220500000000.0,212800000000.0,205900000000.0,199800000000.0,194500000000.0,184400000000.0,177200000000.0,170800000000.0,165200000000.0,160400000000.0,156300000000.0,152400000000.0,148800000000.0,145500000000.0,142700000000.0,140200000000.0,137700000000.0,135300000000.0,133000000000.0,130700000000.0,128500000000.0,126500000000.0,124500000000.0,122600000000.0,120700000000.0,118900000000.0,117300000000.0,115700000000.0,114100000000.0,112600000000.0,111100000000.0,109700000000.0,108200000000.0,105500000000.0,102800000000.0,100200000000.0,97620000000.0,95170000000.0,92840000000.0,90650000000.0,88570000000.0,86620000000.0,84760000000.0,83010000000.0,81350000000.0,78390000000.0,75550000000.0,72920000000.0,70440000000.0,68090000000.0,49560000000.0,39260000000.0,32780000000.0,16350000000.0
72,17500.0,80.0,1.986e+16,10040000000000.0,3959000000000.0,3006000000000.0,2431000000000.0,2023000000000.0,1705000000000.0,1442000000000.0,1224000000000.0,1045000000000.0,901800000000.0,782100000000.0,679200000000.0,590700000000.0,515600000000.0,451500000000.0,396100000000.0,347700000000.0,305400000000.0,268900000000.0,238300000000.0,179400000000.0,138100000000.0,108400000000.0,86790000000.0,71320000000.0,59630000000.0,50580000000.0,43570000000.0,38120000000.0,33750000000.0,30110000000.0,27150000000.0,24710000000.0,22630000000.0,20830000000.0,19210000000.0,17880000000.0,16710000000.0,15680000000.0,14720000000.0,13920000000.0,13230000000.0,12600000000.0,12000000000.0,11480000000.0,11000000000.0,10550000000.0,10100000000.0,9354000000.0,8673000000.0,8072000000.0,7573000000.0,7117000000.0,6700000000.0,6324000000.0,5990000000.0,5673000000.0,5382000000.0,5118000000.0,4872000000.0,4450000000.0,4084000000.0,3761000000.0,3479000000.0,3233000000.0,1781000000.0,1122000000.0,785500000.0,228800000.0
73,15000.0,0.0,2.56e+17,154200000000000.0,17580000000000.0,8149000000000.0,5746000000000.0,4543000000000.0,3764000000000.0,3177000000000.0,2697000000000.0,2302000000000.0,1982000000000.0,1716000000000.0,1486000000000.0,1287000000000.0,1117000000000.0,971700000000.0,845600000000.0,735200000000.0,638600000000.0,554900000000.0,484900000000.0,350400000000.0,256000000000.0,188800000000.0,141200000000.0,108100000000.0,83580000000.0,65590000000.0,52340000000.0,42560000000.0,34940000000.0,28610000000.0,23970000000.0,20360000000.0,17460000000.0,15050000000.0,12830000000.0,11290000000.0,10010000000.0,8914000000.0,7750000000.0,7007000000.0,6372000000.0,5820000000.0,5141000000.0,4747000000.0,4399000000.0,4093000000.0,3646000000.0,3197000000.0,2690000000.0,2275000000.0,2028000000.0,1726000000.0,1480000000.0,1279000000.0,1164000000.0,1023000000.0,906100000.0,807800000.0,706800000.0,584100000.0,498000000.0,426700000.0,375000000.0,338300000.0,109400000.0,48870000.0,26620000.0,1243000.0
74,1000.0,30.0,12690000000000.0,2946000000000.0,1926000000000.0,1420000000000.0,1116000000000.0,936400000000.0,824200000000.0,765000000000.0,723300000000.0,689200000000.0,662100000000.0,637400000000.0,614600000000.0,593300000000.0,573200000000.0,554500000000.0,538100000000.0,523200000000.0,509600000000.0,497200000000.0,486400000000.0,465100000000.0,449500000000.0,435100000000.0,422100000000.0,411100000000.0,401500000000.0,392300000000.0,383800000000.0,376000000000.0,369400000000.0,363300000000.0,357400000000.0,351800000000.0,346400000000.0,341200000000.0,336000000000.0,331100000000.0,326300000000.0,321500000000.0,316900000000.0,312500000000.0,308400000000.0,304400000000.0,300500000000.0,296600000000.0,292800000000.0,289100000000.0,285400000000.0,278300000000.0,271300000000.0,264300000000.0,257800000000.0,251600000000.0,245600000000.0,239900000000.0,234600000000.0,229600000000.0,224800000000.0,220200000000.0,215700000000.0,207600000000.0,200200000000.0,193100000000.0,186500000000.0,180300000000.0,130100000000.0,101500000000.0,83930000000.0,41460000000.0
75,400.0,60.0,1532000000000.0,197900000000.0,106900000000.0,72150000000.0,53400000000.0,42470000000.0,35100000000.0,29970000000.0,25990000000.0,22820000000.0,20330000000.0,18230000000.0,16430000000.0,14870000000.0,13530000000.0,12360000000.0,11350000000.0,10450000000.0,9653000000.0,8961000000.0,8365000000.0,7210000000.0,6379000000.0,5740000000.0,5250000000.0,4882000000.0,4598000000.0,4360000000.0,4164000000.0,3999000000.0,3864000000.0,3748000000.0,3642000000.0,3543000000.0,3452000000.0,3366000000.0,3285000000.0,3210000000.0,3139000000.0,3071000000.0,3008000000.0,2948000000.0,2893000000.0,2841000000.0,2792000000.0,2744000000.0,2697000000.0,2651000000.0,2607000000.0,2523000000.0,2445000000.0,2370000000.0,2300000000.0,2235000000.0,2173000000.0,2115000000.0,2061000000.0,2010000000.0,1962000000.0,1917000000.0,1875000000.0,1800000000.0,1730000000.0,1665000000.0,1606000000.0,1550000000.0,1133000000.0,896800000.0,743800000.0,350800000.0
76,25000.0,20.0,3080000000000000.0,9163000000000.0,6584000000000.0,5260000000000.0,4288000000000.0,3584000000000.0,3036000000000.0,2580000000000.0,2202000000000.0,1889000000000.0,1638000000000.0,1427000000000.0,1244000000000.0,1086000000000.0,949500000000.0,831900000000.0,729700000000.0,639700000000.0,560400000000.0,491500000000.0,433300000000.0,320400000000.0,240200000000.0,182100000000.0,140200000000.0,110500000000.0,88470000000.0,71900000000.0,59510000000.0,50280000000.0,43180000000.0,37490000000.0,33110000000.0,29650000000.0,26830000000.0,24470000000.0,22390000000.0,20760000000.0,19340000000.0,18120000000.0,16970000000.0,16050000000.0,15260000000.0,14540000000.0,13830000000.0,13240000000.0,12690000000.0,12180000000.0,11640000000.0,10790000000.0,9991000000.0,9288000000.0,8717000000.0,8183000000.0,7696000000.0,7258000000.0,6876000000.0,6508000000.0,6171000000.0,5865000000.0,5579000000.0,5093000000.0,4672000000.0,4303000000.0,3981000000.0,3701000000.0,2053000000.0,1305000000.0,930500000.0,302300000.0
77,9000.0,50.0,8.596e+16,1011000000000000.0,180500000000000.0,59910000000000.0,26460000000000.0,12280000000000.0,6594000000000.0,4605000000000.0,3517000000000.0,2770000000000.0,2252000000000.0,1849000000000.0,1531000000000.0,1275000000000.0,1065000000000.0,897700000000.0,764500000000.0,656500000000.0,568500000000.0,496700000000.0,439100000000.0,341300000000.0,280000000000.0,233700000000.0,198400000000.0,172500000000.0,152900000000.0,136600000000.0,123700000000.0,113400000000.0,105700000000.0,99510000000.0,94050000000.0,89130000000.0,84690000000.0,80610000000.0,76790000000.0,73480000000.0,70400000000.0,67500000000.0,64790000000.0,62370000000.0,60200000000.0,58170000000.0,56210000000.0,54400000000.0,52680000000.0,51030000000.0,49380000000.0,46460000000.0,43720000000.0,41160000000.0,38820000000.0,36620000000.0,34610000000.0,32830000000.0,31210000000.0,29760000000.0,28440000000.0,27260000000.0,26190000000.0,24480000000.0,22890000000.0,21470000000.0,20160000000.0,18960000000.0,10450000000.0,6742000000.0,4801000000.0,1040000000.0
78,9000.0,70.0,6.761e+16,811600000000000.0,145000000000000.0,48150000000000.0,21260000000000.0,9858000000000.0,5282000000000.0,3686000000000.0,2816000000000.0,2219000000000.0,1807000000000.0,1486000000000.0,1232000000000.0,1029000000000.0,862900000000.0,729800000000.0,623800000000.0,537800000000.0,467600000000.0,410200000000.0,364100000000.0,285900000000.0,236800000000.0,199400000000.0,170600000000.0,149300000000.0,133000000000.0,119500000000.0,108500000000.0,99820000000.0,93180000000.0,87810000000.0,83030000000.0,78710000000.0,74800000000.0,71190000000.0,67810000000.0,64860000000.0,62120000000.0,59530000000.0,57120000000.0,54960000000.0,53020000000.0,51210000000.0,49480000000.0,47860000000.0,46320000000.0,44850000000.0,43390000000.0,40780000000.0,38360000000.0,36100000000.0,34040000000.0,32100000000.0,30350000000.0,28780000000.0,27350000000.0,26070000000.0,24910000000.0,23850000000.0,22910000000.0,21370000000.0,19960000000.0,18700000000.0,17540000000.0,16480000000.0,9074000000.0,5842000000.0,4153000000.0,918500000.0
79,1300.0,90.0,68200000000000.0,5905000000000.0,3409000000000.0,2465000000000.0,1934000000000.0,1584000000000.0,1348000000000.0,1202000000000.0,1094000000000.0,1008000000000.0,941800000000.0,883600000000.0,832200000000.0,786700000000.0,746200000000.0,710000000000.0,678500000000.0,650300000000.0,625100000000.0,602700000000.0,583100000000.0,545300000000.0,517700000000.0,493600000000.0,472600000000.0,455200000000.0,440600000000.0,426900000000.0,414600000000.0,403700000000.0,394600000000.0,386500000000.0,378800000000.0,371300000000.0,364200000000.0,357200000000.0,350500000000.0,344400000000.0,338400000000.0,332600000000.0,327100000000.0,321900000000.0,317100000000.0,312500000000.0,308100000000.0,303800000000.0,299500000000.0,295400000000.0,291300000000.0,283600000000.0,276200000000.0,268900000000.0,262100000000.0,255600000000.0,249400000000.0,243600000000.0,238100000000.0,232900000000.0,227900000000.0,223300000000.0,218900000000.0,211100000000.0,203600000000.0,196700000000.0,190100000000.0,183900000000.0,134300000000.0,106600000000.0,88990000000.0,44220000000.0
80,400.0,40.0,1158000000000.0,195500000000.0,84590000000.0,47610000000.0,31250000000.0,23170000000.0,18600000000.0,16300000000.0,14750000000.0,13530000000.0,12600000000.0,11790000000.0,11070000000.0,10440000000.0,9885000000.0,9387000000.0,8957000000.0,8577000000.0,8240000000.0,7939000000.0,7682000000.0,7191000000.0,6849000000.0,6543000000.0,6273000000.0,6050000000.0,5861000000.0,5682000000.0,5521000000.0,5378000000.0,5258000000.0,5152000000.0,5050000000.0,4953000000.0,4862000000.0,4773000000.0,4687000000.0,4605000000.0,4526000000.0,4448000000.0,4374000000.0,4304000000.0,4239000000.0,4176000000.0,4115000000.0,4055000000.0,3996000000.0,3938000000.0,3882000000.0,3774000000.0,3669000000.0,3567000000.0,3473000000.0,3386000000.0,3301000000.0,3222000000.0,3148000000.0,3078000000.0,3013000000.0,2950000000.0,2891000000.0,2787000000.0,2691000000.0,2599000000.0,2513000000.0,2433000000.0,1804000000.0,1434000000.0,1193000000.0,566500000.0
81,1000.0,10.0,11030000000000.0,2104000000000.0,1194000000000.0,856100000000.0,690000000000.0,606100000000.0,554200000000.0,526000000000.0,505200000000.0,487700000000.0,473500000000.0,460200000000.0,447400000000.0,434900000000.0,422200000000.0,410500000000.0,400300000000.0,391100000000.0,382800000000.0,375400000000.0,368900000000.0,356800000000.0,348400000000.0,340500000000.0,333100000000.0,326800000000.0,321100000000.0,315500000000.0,310200000000.0,305300000000.0,300900000000.0,296800000000.0,292800000000.0,288900000000.0,285200000000.0,281600000000.0,278000000000.0,274500000000.0,271200000000.0,267800000000.0,264600000000.0,261500000000.0,258600000000.0,255800000000.0,253100000000.0,250300000000.0,247600000000.0,244900000000.0,242300000000.0,237300000000.0,232300000000.0,227300000000.0,222600000000.0,218000000000.0,213700000000.0,209500000000.0,205500000000.0,201800000000.0,198100000000.0,194500000000.0,191000000000.0,184600000000.0,178500000000.0,172800000000.0,167400000000.0,162400000000.0,120800000000.0,95800000000.0,79830000000.0,40210000000.0
82,900.0,70.0,17760000000000.0,1939000000000.0,1083000000000.0,745800000000.0,560900000000.0,451700000000.0,381000000000.0,338600000000.0,307700000000.0,283300000000.0,264400000000.0,248100000000.0,233800000000.0,221200000000.0,210000000000.0,200100000000.0,191500000000.0,183900000000.0,177000000000.0,170900000000.0,165700000000.0,155600000000.0,148300000000.0,141900000000.0,136400000000.0,131800000000.0,127900000000.0,124200000000.0,120900000000.0,117900000000.0,115300000000.0,113000000000.0,110800000000.0,108700000000.0,106600000000.0,104600000000.0,102700000000.0,100900000000.0,99230000000.0,97550000000.0,95970000000.0,94460000000.0,93080000000.0,91740000000.0,90450000000.0,89190000000.0,87950000000.0,86730000000.0,85540000000.0,83260000000.0,81080000000.0,78930000000.0,76880000000.0,74910000000.0,73040000000.0,71280000000.0,69620000000.0,68050000000.0,66560000000.0,65160000000.0,63840000000.0,61460000000.0,59200000000.0,57100000000.0,55130000000.0,53260000000.0,38680000000.0,30590000000.0,25510000000.0,12700000000.0
83,20000.0,50.0,9457000000000000.0,7526000000000.0,4448000000000.0,3522000000000.0,2866000000000.0,2387000000000.0,2013000000000.0,1701000000000.0,1444000000000.0,1232000000000.0,1062000000000.0,921100000000.0,799600000000.0,695100000000.0,606100000000.0,530000000000.0,464200000000.0,406700000000.0,356300000000.0,312800000000.0,276400000000.0,206000000000.0,156700000000.0,121200000000.0,95500000000.0,77220000000.0,63520000000.0,53030000000.0,45030000000.0,38900000000.0,34070000000.0,30100000000.0,26940000000.0,24360000000.0,22200000000.0,20350000000.0,18700000000.0,17370000000.0,16200000000.0,15170000000.0,14230000000.0,13450000000.0,12770000000.0,12160000000.0,11570000000.0,11070000000.0,10610000000.0,10170000000.0,9736000000.0,9016000000.0,8355000000.0,7773000000.0,7292000000.0,6850000000.0,6446000000.0,6082000000.0,5760000000.0,5454000000.0,5172000000.0,4917000000.0,4679000000.0,4272000000.0,3918000000.0,3608000000.0,3337000000.0,3100000000.0,1706000000.0,1073000000.0,752300000.0,222900000.0
84,4000.0,40.0,8020000000000000.0,505100000000000.0,228700000000000.0,137300000000000.0,92200000000000.0,65080000000000.0,49020000000000.0,40930000000000.0,35420000000000.0,31130000000000.0,27780000000000.0,24870000000000.0,22300000000000.0,20010000000000.0,17890000000000.0,16060000000000.0,14510000000000.0,13190000000000.0,12050000000000.0,11070000000000.0,10230000000000.0,8675000000000.0,7594000000000.0,6723000000000.0,6017000000000.0,5468000000000.0,5037000000000.0,4656000000000.0,4335000000000.0,4067000000000.0,3856000000000.0,3681000000000.0,3517000000000.0,3364000000000.0,3224000000000.0,3091000000000.0,2968000000000.0,2857000000000.0,2753000000000.0,2653000000000.0,2561000000000.0,2477000000000.0,2401000000000.0,2330000000000.0,2263000000000.0,2199000000000.0,2137000000000.0,2079000000000.0,2021000000000.0,1917000000000.0,1820000000000.0,1730000000000.0,1647000000000.0,1569000000000.0,1498000000000.0,1436000000000.0,1380000000000.0,1331000000000.0,1286000000000.0,1247000000000.0,1213000000000.0,1159000000000.0,1110000000000.0,1064000000000.0,1022000000000.0,982300000000.0,687000000000.0,526300000000.0,423100000000.0,159800000000.0
85,1600.0,60.0,200400000000000.0,14970000000000.0,8911000000000.0,6585000000000.0,5229000000000.0,4275000000000.0,3615000000000.0,3206000000000.0,2903000000000.0,2662000000000.0,2475000000000.0,2312000000000.0,2167000000000.0,2039000000000.0,1925000000000.0,1824000000000.0,1735000000000.0,1656000000000.0,1585000000000.0,1523000000000.0,1468000000000.0,1362000000000.0,1284000000000.0,1217000000000.0,1158000000000.0,1111000000000.0,1071000000000.0,1034000000000.0,1001000000000.0,971700000000.0,947500000000.0,926300000000.0,905900000000.0,886400000000.0,867800000000.0,849900000000.0,832600000000.0,816800000000.0,801600000000.0,786800000000.0,772900000000.0,759700000000.0,747500000000.0,735900000000.0,724900000000.0,714000000000.0,703500000000.0,693100000000.0,683000000000.0,663900000000.0,645800000000.0,628100000000.0,611400000000.0,595600000000.0,580600000000.0,566700000000.0,553600000000.0,541400000000.0,529900000000.0,519100000000.0,509000000000.0,491500000000.0,474700000000.0,459000000000.0,444200000000.0,430100000000.0,317800000000.0,254100000000.0,213200000000.0,106400000000.0
86,7000.0,0.0,1.08e+17,5023000000000000.0,1289000000000000.0,525700000000000.0,266300000000000.0,145800000000000.0,87960000000000.0,62610000000000.0,47650000000000.0,37390000000000.0,30380000000000.0,24930000000000.0,20650000000000.0,17240000000000.0,14490000000000.0,12270000000000.0,10510000000000.0,9089000000000.0,7935000000000.0,6988000000000.0,6231000000000.0,4942000000000.0,4154000000000.0,3547000000000.0,3077000000000.0,2731000000000.0,2469000000000.0,2247000000000.0,2068000000000.0,1926000000000.0,1823000000000.0,1743000000000.0,1668000000000.0,1599000000000.0,1536000000000.0,1477000000000.0,1420000000000.0,1369000000000.0,1320000000000.0,1271000000000.0,1226000000000.0,1185000000000.0,1147000000000.0,1112000000000.0,1078000000000.0,1046000000000.0,1015000000000.0,984600000000.0,954900000000.0,899600000000.0,847500000000.0,798200000000.0,754300000000.0,713700000000.0,676500000000.0,642700000000.0,612000000000.0,585400000000.0,561200000000.0,539200000000.0,519700000000.0,488700000000.0,460600000000.0,434700000000.0,411200000000.0,389700000000.0,239000000000.0,167100000000.0,126000000000.0,32590000000.0
87,200.0,30.0,63060000000.0,7567000000.0,2735000000.0,1474000000.0,985700000.0,750900000.0,620500000.0,557400000.0,515300000.0,481700000.0,455900000.0,433200000.0,413200000.0,395500000.0,380100000.0,366200000.0,354000000.0,343000000.0,333100000.0,324200000.0,316400000.0,301400000.0,290700000.0,280900000.0,272000000.0,264600000.0,258100000.0,251900000.0,246200000.0,241100000.0,236700000.0,232700000.0,228800000.0,225100000.0,221600000.0,218200000.0,214800000.0,211700000.0,208600000.0,205500000.0,202600000.0,199800000.0,197200000.0,194700000.0,192300000.0,189800000.0,187500000.0,185100000.0,182800000.0,178400000.0,174200000.0,170000000.0,166100000.0,162400000.0,158900000.0,155600000.0,152500000.0,149500000.0,146700000.0,144000000.0,141500000.0,137000000.0,132800000.0,128800000.0,125000000.0,121400000.0,93300000.0,75980000.0,64240000.0,31710000.0
88,200.0,20.0,27910000000.0,2543000000.0,790100000.0,406500000.0,273900000.0,214200000.0,182300000.0,167400000.0,157700000.0,149900000.0,144000000.0,138900000.0,134300000.0,130400000.0,127100000.0,124100000.0,121400000.0,119000000.0,116800000.0,114700000.0,112900000.0,109300000.0,106700000.0,104300000.0,102000000.0,100100000.0,98370000.0,96710000.0,95150000.0,93710000.0,92450000.0,91290000.0,90160000.0,89070000.0,88030000.0,87020000.0,86010000.0,85050000.0,84120000.0,83200000.0,82320000.0,81470000.0,80680000.0,79920000.0,79160000.0,78410000.0,77670000.0,76940000.0,76230000.0,74860000.0,73520000.0,72190000.0,70980000.0,69830000.0,68700000.0,67640000.0,66620000.0,65660000.0,64730000.0,63850000.0,63010000.0,61490000.0,60060000.0,58670000.0,57350000.0,56100000.0,45860000.0,38970000.0,33980000.0,19150000.0
89,2500.0,10.0,484900000000000.0,162500000000000.0,120700000000000.0,96650000000000.0,78700000000000.0,63550000000000.0,52690000000000.0,45970000000000.0,41040000000000.0,37140000000000.0,34130000000000.0,31510000000000.0,29220000000000.0,27210000000000.0,25450000000000.0,23880000000000.0,22490000000000.0,21260000000000.0,20150000000000.0,19160000000000.0,18290000000000.0,16560000000000.0,15270000000000.0,14160000000000.0,13230000000000.0,12470000000000.0,11840000000000.0,11260000000000.0,10760000000000.0,10320000000000.0,9963000000000.0,9652000000000.0,9359000000000.0,9084000000000.0,8831000000000.0,8591000000000.0,8361000000000.0,8148000000000.0,7946000000000.0,7747000000000.0,7561000000000.0,7387000000000.0,7229000000000.0,7080000000000.0,6935000000000.0,6796000000000.0,6661000000000.0,6530000000000.0,6401000000000.0,6159000000000.0,5930000000000.0,5710000000000.0,5518000000000.0,5344000000000.0,5179000000000.0,5028000000000.0,4888000000000.0,4766000000000.0,4653000000000.0,4550000000000.0,4457000000000.0,4309000000000.0,4171000000000.0,4039000000000.0,3915000000000.0,3799000000000.0,2871000000000.0,2311000000000.0,1940000000000.0,952700000000.0
90,1600.0,70.0,170100000000000.0,13610000000000.0,8141000000000.0,6028000000000.0,4793000000000.0,3923000000000.0,3320000000000.0,2944000000000.0,2666000000000.0,2445000000000.0,2273000000000.0,2123000000000.0,1990000000000.0,1872000000000.0,1768000000000.0,1675000000000.0,1593000000000.0,1521000000000.0,1456000000000.0,1398000000000.0,1348000000000.0,1250000000000.0,1178000000000.0,1116000000000.0,1062000000000.0,1018000000000.0,981300000000.0,947000000000.0,916400000000.0,889500000000.0,867100000000.0,847400000000.0,828500000000.0,810500000000.0,793300000000.0,776700000000.0,760700000000.0,746200000000.0,732100000000.0,718500000000.0,705600000000.0,693500000000.0,682300000000.0,671700000000.0,661500000000.0,651500000000.0,641800000000.0,632300000000.0,623000000000.0,605500000000.0,588900000000.0,572700000000.0,557400000000.0,543000000000.0,529200000000.0,516500000000.0,504600000000.0,493400000000.0,482900000000.0,473100000000.0,463900000000.0,447900000000.0,432500000000.0,418300000000.0,404800000000.0,392000000000.0,289700000000.0,231700000000.0,194500000000.0,97070000000.0
91,4000.0,50.0,6707000000000000.0,395200000000000.0,182000000000000.0,110100000000000.0,74220000000000.0,52560000000000.0,39700000000000.0,33200000000000.0,28770000000000.0,25300000000000.0,22600000000000.0,20240000000000.0,18170000000000.0,16310000000000.0,14590000000000.0,13110000000000.0,11850000000000.0,10780000000000.0,9849000000000.0,9049000000000.0,8369000000000.0,7097000000000.0,6213000000000.0,5500000000000.0,4922000000000.0,4474000000000.0,4120000000000.0,3809000000000.0,3546000000000.0,3327000000000.0,3154000000000.0,3011000000000.0,2877000000000.0,2752000000000.0,2637000000000.0,2529000000000.0,2427000000000.0,2337000000000.0,2251000000000.0,2170000000000.0,2095000000000.0,2026000000000.0,1964000000000.0,1906000000000.0,1851000000000.0,1798000000000.0,1748000000000.0,1700000000000.0,1653000000000.0,1568000000000.0,1489000000000.0,1415000000000.0,1347000000000.0,1284000000000.0,1226000000000.0,1175000000000.0,1130000000000.0,1089000000000.0,1053000000000.0,1021000000000.0,992900000000.0,949400000000.0,908800000000.0,871600000000.0,837100000000.0,804900000000.0,563700000000.0,432200000000.0,347700000000.0,131600000000.0
92,20000.0,40.0,1.15e+16,8947000000000.0,5419000000000.0,4323000000000.0,3527000000000.0,2942000000000.0,2482000000000.0,2097000000000.0,1778000000000.0,1516000000000.0,1305000000000.0,1130000000000.0,979300000000.0,849400000000.0,738700000000.0,644100000000.0,562400000000.0,490900000000.0,428500000000.0,374500000000.0,329400000000.0,242500000000.0,181700000000.0,138200000000.0,107000000000.0,85010000000.0,68610000000.0,56220000000.0,46870000000.0,39810000000.0,34290000000.0,29810000000.0,26300000000.0,23490000000.0,21170000000.0,19200000000.0,17480000000.0,16110000000.0,14930000000.0,13910000000.0,12960000000.0,12200000000.0,11550000000.0,10960000000.0,10390000000.0,9917000000.0,9486000000.0,9085000000.0,8671000000.0,8016000000.0,7409000000.0,6877000000.0,6447000000.0,6045000000.0,5681000000.0,5353000000.0,5069000000.0,4795000000.0,4544000000.0,4317000000.0,4104000000.0,3744000000.0,3433000000.0,3160000000.0,2922000000.0,2715000000.0,1498000000.0,944300000.0,664100000.0,199900000.0
93,900.0,60.0,20870000000000.0,1792000000000.0,1013000000000.0,697200000000.0,523600000000.0,421700000000.0,357300000000.0,320400000000.0,293900000000.0,272800000000.0,256400000000.0,242200000000.0,229600000000.0,218300000000.0,208100000000.0,199000000000.0,191100000000.0,184100000000.0,177900000000.0,172300000000.0,167500000000.0,158400000000.0,152000000000.0,146300000000.0,141300000000.0,137100000000.0,133500000000.0,130100000000.0,127000000000.0,124200000000.0,121800000000.0,119600000000.0,117500000000.0,115500000000.0,113500000000.0,111500000000.0,109700000000.0,107900000000.0,106200000000.0,104600000000.0,103000000000.0,101500000000.0,100100000000.0,98710000000.0,97400000000.0,96110000000.0,94840000000.0,93600000000.0,92370000000.0,90020000000.0,87750000000.0,85510000000.0,83360000000.0,81280000000.0,79300000000.0,77440000000.0,75680000000.0,74020000000.0,72440000000.0,70950000000.0,69540000000.0,67010000000.0,64580000000.0,62340000000.0,60230000000.0,58220000000.0,42410000000.0,33610000000.0,28070000000.0,14020000000.0
94,400.0,50.0,1230000000000.0,203900000000.0,101300000000.0,64240000000.0,45730000000.0,35510000000.0,28990000000.0,24760000000.0,21520000000.0,18940000000.0,16890000000.0,15170000000.0,13680000000.0,12390000000.0,11270000000.0,10290000000.0,9451000000.0,8708000000.0,8051000000.0,7484000000.0,6997000000.0,6074000000.0,5426000000.0,4931000000.0,4555000000.0,4277000000.0,4067000000.0,3892000000.0,3749000000.0,3631000000.0,3535000000.0,3454000000.0,3379000000.0,3308000000.0,3242000000.0,3179000000.0,3118000000.0,3062000000.0,3008000000.0,2956000000.0,2907000000.0,2860000000.0,2817000000.0,2775000000.0,2736000000.0,2697000000.0,2659000000.0,2621000000.0,2585000000.0,2515000000.0,2449000000.0,2384000000.0,2323000000.0,2264000000.0,2209000000.0,2157000000.0,2108000000.0,2062000000.0,2019000000.0,1978000000.0,1940000000.0,1871000000.0,1807000000.0,1747000000.0,1691000000.0,1638000000.0,1227000000.0,989100000.0,830500000.0,401700000.0
95,1300.0,80.0,69290000000000.0,5955000000000.0,3441000000000.0,2489000000000.0,1953000000000.0,1600000000000.0,1361000000000.0,1214000000000.0,1105000000000.0,1019000000000.0,952100000000.0,893500000000.0,841600000000.0,795800000000.0,755000000000.0,718500000000.0,686800000000.0,658400000000.0,633000000000.0,610400000000.0,590700000000.0,552600000000.0,524900000000.0,500600000000.0,479500000000.0,461900000000.0,447200000000.0,433500000000.0,421100000000.0,410100000000.0,400900000000.0,392700000000.0,384900000000.0,377400000000.0,370100000000.0,363100000000.0,356300000000.0,350100000000.0,344100000000.0,338200000000.0,332700000000.0,327400000000.0,322500000000.0,317900000000.0,313400000000.0,309000000000.0,304700000000.0,300500000000.0,296300000000.0,288500000000.0,281000000000.0,273700000000.0,266700000000.0,260100000000.0,253800000000.0,247900000000.0,242300000000.0,237000000000.0,232000000000.0,227300000000.0,222800000000.0,214800000000.0,207200000000.0,200200000000.0,193500000000.0,187100000000.0,136600000000.0,108400000000.0,90460000000.0,44910000000.0
96,25000.0,10.0,4597000000000000.0,10350000000000.0,7702000000000.0,6251000000000.0,5134000000000.0,4307000000000.0,3657000000000.0,3108000000000.0,2651000000000.0,2272000000000.0,1965000000000.0,1708000000000.0,1486000000000.0,1292000000000.0,1126000000000.0,982800000000.0,858200000000.0,748600000000.0,652300000000.0,568600000000.0,498200000000.0,362000000000.0,265600000000.0,196300000000.0,146800000000.0,112100000000.0,86450000000.0,67430000000.0,53450000000.0,43240000000.0,35470000000.0,29350000000.0,24800000000.0,21340000000.0,18610000000.0,16410000000.0,14540000000.0,13150000000.0,12010000000.0,11050000000.0,10150000000.0,9488000000.0,8931000000.0,8444000000.0,7929000000.0,7552000000.0,7209000000.0,6894000000.0,6534000000.0,6030000000.0,5537000000.0,5112000000.0,4792000000.0,4475000000.0,4191000000.0,3940000000.0,3735000000.0,3527000000.0,3339000000.0,3170000000.0,3009000000.0,2746000000.0,2522000000.0,2327000000.0,2160000000.0,2016000000.0,1172000000.0,784800000.0,600200000.0,262000000.0
97,9000.0,60.0,7.42e+16,885400000000000.0,158200000000000.0,52510000000000.0,23180000000000.0,10750000000000.0,5764000000000.0,4023000000000.0,3073000000000.0,2420000000000.0,1970000000000.0,1619000000000.0,1341000000000.0,1119000000000.0,936900000000.0,791200000000.0,675400000000.0,581400000000.0,504700000000.0,442100000000.0,391800000000.0,306500000000.0,253100000000.0,212400000000.0,181200000000.0,158200000000.0,140700000000.0,126200000000.0,114500000000.0,105200000000.0,98140000000.0,92460000000.0,87420000000.0,82860000000.0,78750000000.0,74950000000.0,71400000000.0,68300000000.0,65420000000.0,62710000000.0,60180000000.0,57910000000.0,55880000000.0,53990000000.0,52160000000.0,50470000000.0,48850000000.0,47310000000.0,45770000000.0,43030000000.0,40490000000.0,38100000000.0,35930000000.0,33890000000.0,32040000000.0,30380000000.0,28880000000.0,27530000000.0,26310000000.0,25200000000.0,24210000000.0,22600000000.0,21120000000.0,19790000000.0,18570000000.0,17450000000.0,9613000000.0,6194000000.0,4405000000.0,966800000.0
98,1900.0,80.0,268400000000000.0,24320000000000.0,15040000000000.0,11250000000000.0,8954000000000.0,7270000000000.0,6094000000000.0,5364000000000.0,4825000000000.0,4400000000000.0,4070000000000.0,3781000000000.0,3527000000000.0,3303000000000.0,3105000000000.0,2928000000000.0,2774000000000.0,2637000000000.0,2514000000000.0,2404000000000.0,2309000000000.0,2123000000000.0,1986000000000.0,1868000000000.0,1766000000000.0,1683000000000.0,1614000000000.0,1550000000000.0,1493000000000.0,1444000000000.0,1402000000000.0,1366000000000.0,1332000000000.0,1299000000000.0,1268000000000.0,1238000000000.0,1210000000000.0,1184000000000.0,1159000000000.0,1135000000000.0,1112000000000.0,1091000000000.0,1071000000000.0,1053000000000.0,1035000000000.0,1018000000000.0,1001000000000.0,985100000000.0,969200000000.0,939300000000.0,911200000000.0,883900000000.0,858400000000.0,834200000000.0,811500000000.0,790700000000.0,771200000000.0,753300000000.0,736500000000.0,720900000000.0,706600000000.0,682200000000.0,658900000000.0,637200000000.0,616700000000.0,597300000000.0,442500000000.0,354500000000.0,297700000000.0,147400000000.0
99,1700.0,30.0,153300000000000.0,29680000000000.0,19680000000000.0,15070000000000.0,12140000000000.0,9980000000000.0,8470000000000.0,7535000000000.0,6842000000000.0,6291000000000.0,5862000000000.0,5486000000000.0,5152000000000.0,4854000000000.0,4589000000000.0,4350000000000.0,4140000000000.0,3953000000000.0,3785000000000.0,3633000000000.0,3502000000000.0,3241000000000.0,3051000000000.0,2885000000000.0,2740000000000.0,2623000000000.0,2525000000000.0,2433000000000.0,2352000000000.0,2281000000000.0,2223000000000.0,2172000000000.0,2124000000000.0,2078000000000.0,2035000000000.0,1993000000000.0,1953000000000.0,1915000000000.0,1879000000000.0,1843000000000.0,1809000000000.0,1778000000000.0,1748000000000.0,1720000000000.0,1693000000000.0,1666000000000.0,1640000000000.0,1614000000000.0,1589000000000.0,1541000000000.0,1496000000000.0,1451000000000.0,1410000000000.0,1373000000000.0,1337000000000.0,1304000000000.0,1273000000000.0,1245000000000.0,1218000000000.0,1192000000000.0,1168000000000.0,1127000000000.0,1089000000000.0,1053000000000.0,1019000000000.0,987200000000.0,731000000000.0,582000000000.0,487300000000.0,243700000000.0
100,35800.0,40.0,91340000000000.0,2837000000000.0,1525000000000.0,1052000000000.0,790000000000.0,630600000000.0,517800000000.0,434900000000.0,371300000000.0,321800000000.0,284100000000.0,252500000000.0,225800000000.0,203100000000.0,184300000000.0,167900000000.0,153600000000.0,140900000000.0,129600000000.0,119600000000.0,110900000000.0,93700000000.0,80850000000.0,70620000000.0,62430000000.0,55990000000.0,50800000000.0,46350000000.0,42550000000.0,39310000000.0,36580000000.0,34200000000.0,32060000000.0,30140000000.0,28410000000.0,26810000000.0,25320000000.0,23990000000.0,22770000000.0,21640000000.0,20610000000.0,19680000000.0,18850000000.0,18080000000.0,17360000000.0,16690000000.0,16050000000.0,15450000000.0,14870000000.0,13830000000.0,12890000000.0,12050000000.0,11330000000.0,10680000000.0,10080000000.0,9534000000.0,9034000000.0,8569000000.0,8140000000.0,7748000000.0,7387000000.0,6755000000.0,6201000000.0,5713000000.0,5284000000.0,4906000000.0,2683000000.0,1678000000.0,1167000000.0,332000000.0
101,15000.0,10.0,2.224e+17,134200000000000.0,16300000000000.0,7951000000000.0,5716000000000.0,4556000000000.0,3788000000000.0,3199000000000.0,2716000000000.0,2317000000000.0,1994000000000.0,1724000000000.0,1492000000000.0,1292000000000.0,1120000000000.0,973400000000.0,846600000000.0,735600000000.0,638700000000.0,554700000000.0,484700000000.0,350100000000.0,256000000000.0,189100000000.0,141600000000.0,108500000000.0,83880000000.0,65760000000.0,52360000000.0,42440000000.0,34700000000.0,28300000000.0,23580000000.0,19910000000.0,16950000000.0,14510000000.0,12290000000.0,10740000000.0,9449000000.0,8358000000.0,7220000000.0,6488000000.0,5867000000.0,5331000000.0,4684000000.0,4307000000.0,3977000000.0,3689000000.0,3272000000.0,2856000000.0,2389000000.0,2011000000.0,1788000000.0,1516000000.0,1294000000.0,1114000000.0,1013000000.0,887400000.0,783800000.0,697000000.0,607300000.0,500000000.0,425700000.0,364400000.0,320500000.0,290000000.0,97040000.0,44590000.0,24520000.0,1395000.0
102,300.0,60.0,677500000000.0,116900000000.0,68960000000.0,48820000000.0,36960000000.0,29620000000.0,24460000000.0,20650000000.0,17640000000.0,15260000000.0,13390000000.0,11840000000.0,10520000000.0,9382000000.0,8420000000.0,7587000000.0,6866000000.0,6231000000.0,5670000000.0,5184000000.0,4768000000.0,3958000000.0,3376000000.0,2940000000.0,2613000000.0,2374000000.0,2193000000.0,2047000000.0,1928000000.0,1831000000.0,1752000000.0,1684000000.0,1623000000.0,1568000000.0,1517000000.0,1470000000.0,1426000000.0,1385000000.0,1347000000.0,1311000000.0,1278000000.0,1247000000.0,1218000000.0,1191000000.0,1166000000.0,1141000000.0,1118000000.0,1094000000.0,1072000000.0,1030000000.0,991400000.0,954800000.0,921400000.0,890500000.0,861300000.0,834300000.0,808900000.0,785100000.0,762700000.0,741800000.0,722300000.0,687500000.0,655300000.0,625900000.0,599000000.0,574300000.0,398700000.0,303800000.0,245500000.0,107100000.0
103,600.0,90.0,4814000000000.0,861800000000.0,433300000000.0,288500000000.0,214100000000.0,170200000000.0,140500000000.0,120800000000.0,106000000000.0,94540000000.0,85770000000.0,78340000000.0,71970000000.0,66530000000.0,61960000000.0,57930000000.0,54410000000.0,51270000000.0,48470000000.0,45970000000.0,43810000000.0,39520000000.0,36320000000.0,33630000000.0,31380000000.0,29550000000.0,28050000000.0,26690000000.0,25490000000.0,24440000000.0,23540000000.0,22750000000.0,22020000000.0,21330000000.0,20690000000.0,20090000000.0,19520000000.0,19000000000.0,18520000000.0,18050000000.0,17620000000.0,17220000000.0,16850000000.0,16510000000.0,16190000000.0,15870000000.0,15570000000.0,15270000000.0,14990000000.0,14460000000.0,13960000000.0,13500000000.0,13060000000.0,12660000000.0,12280000000.0,11930000000.0,11610000000.0,11300000000.0,11010000000.0,10750000000.0,10500000000.0,10060000000.0,9646000000.0,9272000000.0,8927000000.0,8609000000.0,6301000000.0,5026000000.0,4210000000.0,2102000000.0
104,3000.0,50.0,2644000000000000.0,174200000000000.0,95050000000000.0,65700000000000.0,48930000000000.0,36940000000000.0,29170000000000.0,24910000000000.0,21900000000000.0,19550000000000.0,17720000000000.0,16120000000000.0,14710000000000.0,13470000000000.0,12350000000000.0,11370000000000.0,10520000000000.0,9779000000000.0,9125000000000.0,8550000000000.0,8054000000000.0,7099000000000.0,6410000000000.0,5836000000000.0,5356000000000.0,4973000000000.0,4663000000000.0,4383000000000.0,4140000000000.0,3932000000000.0,3764000000000.0,3619000000000.0,3484000000000.0,3356000000000.0,3238000000000.0,3126000000000.0,3020000000000.0,2925000000000.0,2836000000000.0,2750000000000.0,2670000000000.0,2596000000000.0,2529000000000.0,2467000000000.0,2407000000000.0,2351000000000.0,2296000000000.0,2243000000000.0,2192000000000.0,2097000000000.0,2010000000000.0,1927000000000.0,1851000000000.0,1779000000000.0,1713000000000.0,1655000000000.0,1602000000000.0,1554000000000.0,1511000000000.0,1473000000000.0,1439000000000.0,1385000000000.0,1335000000000.0,1288000000000.0,1244000000000.0,1203000000000.0,879400000000.0,694300000000.0,572800000000.0,251900000000.0
105,10000.0,40.0,1.258e+17,794000000000000.0,124100000000000.0,38600000000000.0,16520000000000.0,7749000000000.0,4339000000000.0,3137000000000.0,2458000000000.0,1976000000000.0,1632000000000.0,1359000000000.0,1139000000000.0,957600000000.0,806000000000.0,683400000000.0,584200000000.0,502600000000.0,435000000000.0,379000000000.0,333600000000.0,253500000000.0,201200000000.0,162400000000.0,133500000000.0,112600000000.0,96650000000.0,83990000000.0,74120000000.0,66460000000.0,60620000000.0,55850000000.0,51900000000.0,48500000000.0,45520000000.0,42870000000.0,40390000000.0,38350000000.0,36510000000.0,34800000000.0,33170000000.0,31800000000.0,30580000000.0,29450000000.0,28320000000.0,27350000000.0,26430000000.0,25550000000.0,24640000000.0,23120000000.0,21670000000.0,20330000000.0,19150000000.0,18000000000.0,16970000000.0,16060000000.0,15250000000.0,14520000000.0,13850000000.0,13250000000.0,12710000000.0,11850000000.0,11060000000.0,10350000000.0,9704000000.0,9110000000.0,4896000000.0,3126000000.0,2222000000.0,479200000.0
106,500.0,10.0,327800000000.0,40750000000.0,14970000000.0,8824000000.0,6491000000.0,5235000000.0,4466000000.0,4037000000.0,3733000000.0,3493000000.0,3310000000.0,3149000000.0,3007000000.0,2881000000.0,2769000000.0,2669000000.0,2583000000.0,2506000000.0,2438000000.0,2377000000.0,2325000000.0,2228000000.0,2162000000.0,2102000000.0,2047000000.0,2000000000.0,1960000000.0,1922000000.0,1886000000.0,1854000000.0,1826000000.0,1800000000.0,1776000000.0,1752000000.0,1730000000.0,1708000000.0,1686000000.0,1666000000.0,1646000000.0,1626000000.0,1608000000.0,1590000000.0,1574000000.0,1557000000.0,1542000000.0,1526000000.0,1510000000.0,1495000000.0,1480000000.0,1452000000.0,1425000000.0,1397000000.0,1372000000.0,1348000000.0,1325000000.0,1303000000.0,1282000000.0,1262000000.0,1242000000.0,1223000000.0,1205000000.0,1172000000.0,1141000000.0,1111000000.0,1082000000.0,1055000000.0,839100000.0,701300000.0,606100000.0,339500000.0
107,1100.0,40.0,34880000000000.0,4826000000000.0,2787000000000.0,1962000000000.0,1506000000000.0,1226000000000.0,1048000000000.0,948200000000.0,877200000000.0,820300000000.0,776000000000.0,736700000000.0,701500000000.0,669500000000.0,640500000000.0,614200000000.0,591200000000.0,570500000000.0,552000000000.0,535200000000.0,520600000000.0,492100000000.0,471700000000.0,453300000000.0,436900000000.0,423300000000.0,411600000000.0,400500000000.0,390500000000.0,381500000000.0,373900000000.0,367100000000.0,360600000000.0,354400000000.0,348500000000.0,342800000000.0,337100000000.0,331800000000.0,326600000000.0,321400000000.0,316400000000.0,311700000000.0,307300000000.0,303100000000.0,298900000000.0,294800000000.0,290800000000.0,286900000000.0,283000000000.0,275500000000.0,268300000000.0,261000000000.0,254300000000.0,248000000000.0,241900000000.0,236200000000.0,230800000000.0,225800000000.0,221000000000.0,216300000000.0,211900000000.0,204000000000.0,196700000000.0,189700000000.0,183200000000.0,177100000000.0,128100000000.0,100200000000.0,82980000000.0,40630000000.0
108,800.0,20.0,5299000000000.0,988800000000.0,554400000000.0,391200000000.0,309900000000.0,267400000000.0,241200000000.0,227100000000.0,216800000000.0,208200000000.0,201300000000.0,194900000000.0,188900000000.0,183000000000.0,177100000000.0,171700000000.0,167100000000.0,162900000000.0,159100000000.0,155700000000.0,152800000000.0,147400000000.0,143600000000.0,140100000000.0,136800000000.0,134000000000.0,131500000000.0,129100000000.0,126800000000.0,124700000000.0,122800000000.0,121000000000.0,119300000000.0,117600000000.0,116000000000.0,114500000000.0,113000000000.0,111500000000.0,110100000000.0,108700000000.0,107300000000.0,106000000000.0,104700000000.0,103600000000.0,102400000000.0,101200000000.0,100100000000.0,98950000000.0,97840000000.0,95700000000.0,93600000000.0,91500000000.0,89530000000.0,87640000000.0,85810000000.0,84090000000.0,82440000000.0,80880000000.0,79380000000.0,77910000000.0,76500000000.0,73940000000.0,71540000000.0,69260000000.0,67120000000.0,65110000000.0,48820000000.0,39030000000.0,32750000000.0,17080000000.0
109,800.0,30.0,6446000000000.0,1301000000000.0,783000000000.0,561100000000.0,437900000000.0,365600000000.0,320500000000.0,296400000000.0,279500000000.0,265600000000.0,254700000000.0,244800000000.0,235600000000.0,227100000000.0,218900000000.0,211500000000.0,204900000000.0,199100000000.0,193800000000.0,189000000000.0,184800000000.0,176800000000.0,171100000000.0,165800000000.0,161000000000.0,156900000000.0,153300000000.0,149900000000.0,146600000000.0,143700000000.0,141100000000.0,138800000000.0,136500000000.0,134300000000.0,132200000000.0,130200000000.0,128200000000.0,126300000000.0,124500000000.0,122600000000.0,120800000000.0,119100000000.0,117500000000.0,116000000000.0,114500000000.0,113000000000.0,111600000000.0,110100000000.0,108700000000.0,106000000000.0,103300000000.0,100700000000.0,98190000000.0,95830000000.0,93560000000.0,91440000000.0,89420000000.0,87540000000.0,85740000000.0,84010000000.0,82350000000.0,79420000000.0,76680000000.0,74090000000.0,71660000000.0,69390000000.0,51450000000.0,41080000000.0,34540000000.0,17980000000.0
110,1100.0,50.0,42400000000000.0,4236000000000.0,2371000000000.0,1645000000000.0,1251000000000.0,1012000000000.0,859300000000.0,771400000000.0,708300000000.0,658100000000.0,619200000000.0,585000000000.0,554700000000.0,527700000000.0,503400000000.0,481700000000.0,462800000000.0,445900000000.0,430800000000.0,417300000000.0,405600000000.0,383100000000.0,367000000000.0,352600000000.0,340000000000.0,329400000000.0,320300000000.0,311800000000.0,304000000000.0,297000000000.0,291000000000.0,285700000000.0,280600000000.0,275600000000.0,270800000000.0,266000000000.0,261500000000.0,257200000000.0,253100000000.0,249100000000.0,245300000000.0,241600000000.0,238200000000.0,235000000000.0,231800000000.0,228700000000.0,225700000000.0,222700000000.0,219800000000.0,214200000000.0,208800000000.0,203400000000.0,198300000000.0,193400000000.0,188800000000.0,184400000000.0,180200000000.0,176300000000.0,172500000000.0,169000000000.0,165700000000.0,159700000000.0,154000000000.0,148700000000.0,143600000000.0,138800000000.0,100700000000.0,79360000000.0,65960000000.0,32270000000.0
111,10000.0,50.0,1.005e+17,653400000000000.0,102600000000000.0,32040000000000.0,13790000000000.0,6520000000000.0,3672000000000.0,2662000000000.0,2089000000000.0,1682000000000.0,1392000000000.0,1162000000000.0,975400000000.0,823000000000.0,696000000000.0,592800000000.0,509000000000.0,439700000000.0,382100000000.0,334300000000.0,295500000000.0,227100000000.0,182400000000.0,149000000000.0,123900000000.0,105600000000.0,91620000000.0,80390000000.0,71520000000.0,64550000000.0,59170000000.0,54750000000.0,51020000000.0,47780000000.0,44930000000.0,42370000000.0,39970000000.0,37970000000.0,36140000000.0,34460000000.0,32860000000.0,31490000000.0,30270000000.0,29150000000.0,28040000000.0,27060000000.0,26130000000.0,25250000000.0,24350000000.0,22820000000.0,21380000000.0,20050000000.0,18880000000.0,17760000000.0,16750000000.0,15850000000.0,15050000000.0,14320000000.0,13650000000.0,13050000000.0,12510000000.0,11630000000.0,10830000000.0,10110000000.0,9455000000.0,8861000000.0,4770000000.0,3035000000.0,2148000000.0,482700000.0
112,3000.0,40.0,2861000000000000.0,222600000000000.0,120400000000000.0,82710000000000.0,61370000000000.0,46220000000000.0,36430000000000.0,31060000000000.0,27290000000000.0,24330000000000.0,22030000000000.0,20030000000000.0,18270000000000.0,16720000000000.0,15310000000000.0,14080000000000.0,13020000000000.0,12090000000000.0,11280000000000.0,10560000000000.0,9944000000000.0,8760000000000.0,7908000000000.0,7198000000000.0,6605000000000.0,6131000000000.0,5748000000000.0,5403000000000.0,5103000000000.0,4846000000000.0,4638000000000.0,4461000000000.0,4293000000000.0,4136000000000.0,3990000000000.0,3852000000000.0,3722000000000.0,3605000000000.0,3495000000000.0,3389000000000.0,3290000000000.0,3199000000000.0,3117000000000.0,3039000000000.0,2966000000000.0,2896000000000.0,2829000000000.0,2764000000000.0,2700000000000.0,2584000000000.0,2476000000000.0,2373000000000.0,2279000000000.0,2190000000000.0,2109000000000.0,2037000000000.0,1971000000000.0,1913000000000.0,1860000000000.0,1812000000000.0,1770000000000.0,1704000000000.0,1642000000000.0,1584000000000.0,1529000000000.0,1478000000000.0,1078000000000.0,850200000000.0,700700000000.0,307100000000.0
113,600.0,80.0,4854000000000.0,843500000000.0,426200000000.0,284100000000.0,210800000000.0,167500000000.0,138200000000.0,118700000000.0,104200000000.0,92890000000.0,84260000000.0,76940000000.0,70670000000.0,65320000000.0,60830000000.0,56860000000.0,53400000000.0,50320000000.0,47570000000.0,45130000000.0,43010000000.0,38830000000.0,35720000000.0,33110000000.0,30920000000.0,29150000000.0,27690000000.0,26380000000.0,25210000000.0,24190000000.0,23330000000.0,22560000000.0,21850000000.0,21180000000.0,20560000000.0,19970000000.0,19420000000.0,18920000000.0,18440000000.0,17990000000.0,17570000000.0,17170000000.0,16820000000.0,16480000000.0,16170000000.0,15860000000.0,15560000000.0,15270000000.0,14990000000.0,14470000000.0,13980000000.0,13520000000.0,13090000000.0,12700000000.0,12320000000.0,11980000000.0,11650000000.0,11350000000.0,11060000000.0,10800000000.0,10550000000.0,10110000000.0,9704000000.0,9331000000.0,8988000000.0,8670000000.0,6362000000.0,5084000000.0,4264000000.0,2135000000.0
114,300.0,70.0,1322000000000.0,410400000000.0,213000000000.0,145000000000.0,108600000000.0,86490000000.0,70920000000.0,59690000000.0,51110000000.0,44450000000.0,39380000000.0,35150000000.0,31570000000.0,28550000000.0,26070000000.0,23910000000.0,22020000000.0,20340000000.0,18850000000.0,17530000000.0,16390000000.0,14090000000.0,12380000000.0,10990000000.0,9861000000.0,8965000000.0,8239000000.0,7606000000.0,7060000000.0,6589000000.0,6191000000.0,5844000000.0,5525000000.0,5236000000.0,4974000000.0,4730000000.0,4503000000.0,4299000000.0,4108000000.0,3932000000.0,3772000000.0,3624000000.0,3492000000.0,3370000000.0,3256000000.0,3148000000.0,3044000000.0,2945000000.0,2853000000.0,2681000000.0,2526000000.0,2386000000.0,2262000000.0,2152000000.0,2050000000.0,1956000000.0,1869000000.0,1788000000.0,1713000000.0,1644000000.0,1581000000.0,1469000000.0,1369000000.0,1280000000.0,1201000000.0,1131000000.0,691200000.0,480500000.0,364000000.0,136600000.0
115,35800.0,50.0,75980000000000.0,2703000000000.0,1430000000000.0,982400000000.0,738300000000.0,589900000000.0,485000000000.0,408100000000.0,349300000000.0,303500000000.0,268600000000.0,239400000000.0,214500000000.0,193500000000.0,176100000000.0,160900000000.0,147500000000.0,135700000000.0,125100000000.0,115800000000.0,107700000000.0,91400000000.0,79230000000.0,69470000000.0,61590000000.0,55370000000.0,50340000000.0,46000000000.0,42280000000.0,39100000000.0,36420000000.0,34070000000.0,31950000000.0,30050000000.0,28330000000.0,26750000000.0,25270000000.0,23950000000.0,22730000000.0,21610000000.0,20580000000.0,19650000000.0,18830000000.0,18060000000.0,17350000000.0,16670000000.0,16040000000.0,15430000000.0,14860000000.0,13820000000.0,12880000000.0,12050000000.0,11320000000.0,10670000000.0,10080000000.0,9532000000.0,9031000000.0,8567000000.0,8138000000.0,7747000000.0,7386000000.0,6755000000.0,6201000000.0,5713000000.0,5284000000.0,4906000000.0,2683000000.0,1678000000.0,1167000000.0,332000000.0
116,1700.0,20.0,101100000000000.0,29420000000000.0,21480000000000.0,17200000000000.0,14230000000000.0,11990000000000.0,10370000000000.0,9327000000000.0,8540000000000.0,7908000000000.0,7416000000000.0,6981000000000.0,6593000000000.0,6245000000000.0,5933000000000.0,5651000000000.0,5403000000000.0,5179000000000.0,4979000000000.0,4797000000000.0,4638000000000.0,4322000000000.0,4089000000000.0,3885000000000.0,3706000000000.0,3559000000000.0,3435000000000.0,3320000000000.0,3217000000000.0,3126000000000.0,3051000000000.0,2986000000000.0,2923000000000.0,2863000000000.0,2807000000000.0,2753000000000.0,2700000000000.0,2651000000000.0,2603000000000.0,2556000000000.0,2512000000000.0,2470000000000.0,2431000000000.0,2394000000000.0,2357000000000.0,2322000000000.0,2287000000000.0,2253000000000.0,2220000000000.0,2156000000000.0,2095000000000.0,2035000000000.0,1981000000000.0,1931000000000.0,1882000000000.0,1837000000000.0,1795000000000.0,1756000000000.0,1720000000000.0,1684000000000.0,1651000000000.0,1594000000000.0,1541000000000.0,1490000000000.0,1443000000000.0,1398000000000.0,1038000000000.0,827300000000.0,693700000000.0,351500000000.0
117,6000.0,10.0,5.051e+16,3374000000000000.0,1062000000000000.0,494400000000000.0,275700000000000.0,166800000000000.0,109600000000000.0,82310000000000.0,65180000000000.0,52940000000000.0,44250000000000.0,37260000000000.0,31590000000000.0,26910000000000.0,22980000000000.0,19750000000000.0,17150000000000.0,15000000000000.0,13240000000000.0,11770000000000.0,10570000000000.0,8476000000000.0,7149000000000.0,6122000000000.0,5323000000000.0,4731000000000.0,4282000000000.0,3899000000000.0,3589000000000.0,3341000000000.0,3159000000000.0,3016000000000.0,2884000000000.0,2761000000000.0,2649000000000.0,2543000000000.0,2444000000000.0,2353000000000.0,2268000000000.0,2182000000000.0,2103000000000.0,2029000000000.0,1964000000000.0,1902000000000.0,1843000000000.0,1787000000000.0,1733000000000.0,1681000000000.0,1629000000000.0,1533000000000.0,1443000000000.0,1358000000000.0,1283000000000.0,1213000000000.0,1150000000000.0,1093000000000.0,1042000000000.0,997600000000.0,957900000000.0,922100000000.0,890700000000.0,842100000000.0,798000000000.0,757100000000.0,719600000000.0,685300000000.0,438300000000.0,316100000000.0,244500000000.0,74040000000.0
118,1900.0,90.0,262600000000000.0,23950000000000.0,14820000000000.0,11080000000000.0,8817000000000.0,7158000000000.0,6000000000000.0,5281000000000.0,4751000000000.0,4332000000000.0,4006000000000.0,3722000000000.0,3472000000000.0,3251000000000.0,3057000000000.0,2882000000000.0,2731000000000.0,2596000000000.0,2475000000000.0,2367000000000.0,2273000000000.0,2090000000000.0,1955000000000.0,1839000000000.0,1738000000000.0,1656000000000.0,1588000000000.0,1525000000000.0,1469000000000.0,1420000000000.0,1380000000000.0,1344000000000.0,1310000000000.0,1278000000000.0,1247000000000.0,1218000000000.0,1190000000000.0,1164000000000.0,1140000000000.0,1116000000000.0,1094000000000.0,1073000000000.0,1054000000000.0,1036000000000.0,1018000000000.0,1001000000000.0,984900000000.0,968900000000.0,953200000000.0,923800000000.0,896100000000.0,869300000000.0,844200000000.0,820500000000.0,798100000000.0,777700000000.0,758500000000.0,740900000000.0,724300000000.0,709100000000.0,695000000000.0,671000000000.0,648100000000.0,626700000000.0,606600000000.0,587500000000.0,435300000000.0,348800000000.0,292900000000.0,145000000000.0
119,1400.0,80.0,91850000000000.0,7890000000000.0,4607000000000.0,3360000000000.0,2651000000000.0,2171000000000.0,1842000000000.0,1639000000000.0,1489000000000.0,1370000000000.0,1277000000000.0,1195000000000.0,1124000000000.0,1060000000000.0,1003000000000.0,952800000000.0,908700000000.0,869400000000.0,834200000000.0,802900000000.0,775600000000.0,722800000000.0,684300000000.0,650700000000.0,621500000000.0,597500000000.0,577400000000.0,558600000000.0,541800000000.0,526900000000.0,514400000000.0,503400000000.0,492900000000.0,482800000000.0,473100000000.0,463800000000.0,454800000000.0,446500000000.0,438600000000.0,430800000000.0,423500000000.0,416500000000.0,410100000000.0,404000000000.0,398200000000.0,392400000000.0,386800000000.0,381300000000.0,376000000000.0,365800000000.0,356100000000.0,346600000000.0,337700000000.0,329200000000.0,321100000000.0,313600000000.0,306500000000.0,299800000000.0,293500000000.0,287500000000.0,281900000000.0,272100000000.0,262600000000.0,253800000000.0,245500000000.0,237600000000.0,174600000000.0,139100000000.0,116500000000.0,58180000000.0
120,6000.0,30.0,4.536e+16,1870000000000000.0,538000000000000.0,241700000000000.0,132400000000000.0,77830000000000.0,49970000000000.0,37150000000000.0,29260000000000.0,23660000000000.0,19690000000000.0,16520000000000.0,13950000000000.0,11850000000000.0,10080000000000.0,8633000000000.0,7471000000000.0,6519000000000.0,5738000000000.0,5090000000000.0,4565000000000.0,3653000000000.0,3080000000000.0,2636000000000.0,2291000000000.0,2035000000000.0,1841000000000.0,1676000000000.0,1542000000000.0,1434000000000.0,1356000000000.0,1294000000000.0,1237000000000.0,1183000000000.0,1135000000000.0,1090000000000.0,1047000000000.0,1008000000000.0,970900000000.0,934000000000.0,899900000000.0,868400000000.0,840100000000.0,813600000000.0,788300000000.0,764000000000.0,740800000000.0,718500000000.0,696300000000.0,655100000000.0,616300000000.0,579700000000.0,547300000000.0,517600000000.0,490300000000.0,465800000000.0,443600000000.0,424500000000.0,407400000000.0,391900000000.0,378200000000.0,357100000000.0,337800000000.0,320100000000.0,303800000000.0,288900000000.0,182500000000.0,130500000000.0,100200000000.0,29350000000.0
121,27500.0,80.0,392500000000000.0,3806000000000.0,2321000000000.0,1731000000000.0,1369000000000.0,1128000000000.0,948400000000.0,806900000000.0,692600000000.0,599900000000.0,526100000000.0,464200000000.0,410500000000.0,364300000000.0,325100000000.0,290900000000.0,261000000000.0,234500000000.0,211000000000.0,190300000000.0,172600000000.0,137800000000.0,112400000000.0,93150000000.0,78520000000.0,67630000000.0,59200000000.0,52410000000.0,46940000000.0,42540000000.0,38970000000.0,35950000000.0,33360000000.0,31120000000.0,29160000000.0,27390000000.0,25760000000.0,24340000000.0,23040000000.0,21870000000.0,20780000000.0,19820000000.0,18970000000.0,18190000000.0,17440000000.0,16760000000.0,16110000000.0,15500000000.0,14910000000.0,13860000000.0,12910000000.0,12060000000.0,11330000000.0,10680000000.0,10070000000.0,9524000000.0,9023000000.0,8556000000.0,8125000000.0,7732000000.0,7369000000.0,6737000000.0,6183000000.0,5695000000.0,5267000000.0,4890000000.0,2674000000.0,1672000000.0,1163000000.0,330900000.0
122,15000.0,20.0,1.554e+17,89690000000000.0,12830000000000.0,7126000000000.0,5365000000000.0,4360000000000.0,3654000000000.0,3090000000000.0,2624000000000.0,2237000000000.0,1924000000000.0,1662000000000.0,1437000000000.0,1242000000000.0,1076000000000.0,934100000000.0,811500000000.0,704200000000.0,610600000000.0,529700000000.0,462300000000.0,333000000000.0,242900000000.0,178900000000.0,133700000000.0,102100000000.0,78720000000.0,61420000000.0,48620000000.0,39120000000.0,31710000000.0,25620000000.0,21100000000.0,17590000000.0,14780000000.0,12460000000.0,10400000000.0,8952000000.0,7751000000.0,6754000000.0,5749000000.0,5097000000.0,4549000000.0,4081000000.0,3535000000.0,3216000000.0,2942000000.0,2706000000.0,2372000000.0,2048000000.0,1689000000.0,1403000000.0,1241000000.0,1038000000.0,873900000.0,743300000.0,674400000.0,582800000.0,508100000.0,447000000.0,382900000.0,308800000.0,258800000.0,218200000.0,190000000.0,171100000.0,56210000.0,25980000.0,15620000.0,2355000.0
123,35800.0,70.0,62630000000000.0,2589000000000.0,1349000000000.0,922600000000.0,693300000000.0,554400000000.0,456200000000.0,384700000000.0,330000000000.0,287500000000.0,255000000000.0,227800000000.0,204700000000.0,185100000000.0,168900000000.0,154700000000.0,142200000000.0,131100000000.0,121200000000.0,112400000000.0,104700000000.0,89370000000.0,77800000000.0,68450000000.0,60860000000.0,54830000000.0,49940000000.0,45700000000.0,42050000000.0,38910000000.0,36270000000.0,33960000000.0,31860000000.0,29970000000.0,28260000000.0,26690000000.0,25220000000.0,23910000000.0,22690000000.0,21580000000.0,20560000000.0,19630000000.0,18800000000.0,18040000000.0,17330000000.0,16660000000.0,16020000000.0,15420000000.0,14850000000.0,13810000000.0,12880000000.0,12040000000.0,11310000000.0,10670000000.0,10070000000.0,9529000000.0,9029000000.0,8566000000.0,8137000000.0,7746000000.0,7386000000.0,6755000000.0,6201000000.0,5713000000.0,5284000000.0,4906000000.0,2683000000.0,1678000000.0,1167000000.0,332000000.0
124,300.0,50.0,523900000000.0,97010000000.0,50650000000.0,33350000000.0,24280000000.0,19030000000.0,15570000000.0,13180000000.0,11300000000.0,9800000000.0,8602000000.0,7603000000.0,6738000000.0,5989000000.0,5348000000.0,4787000000.0,4304000000.0,3877000000.0,3500000000.0,3176000000.0,2899000000.0,2369000000.0,1997000000.0,1723000000.0,1526000000.0,1387000000.0,1288000000.0,1212000000.0,1154000000.0,1108000000.0,1073000000.0,1044000000.0,1019000000.0,995500000.0,974300000.0,954200000.0,935100000.0,917800000.0,901100000.0,885000000.0,869800000.0,855400000.0,842100000.0,829400000.0,817200000.0,805200000.0,793500000.0,782000000.0,770800000.0,749500000.0,729100000.0,709300000.0,690500000.0,672600000.0,655600000.0,639800000.0,624800000.0,610700000.0,597300000.0,584700000.0,572900000.0,551700000.0,531600000.0,513000000.0,495700000.0,479300000.0,352000000.0,280300000.0,233500000.0,108900000.0
125,3000.0,60.0,2081000000000000.0,146600000000000.0,81480000000000.0,56710000000000.0,42360000000000.0,32050000000000.0,25340000000000.0,21650000000000.0,19050000000000.0,17000000000000.0,15420000000000.0,14030000000000.0,12810000000000.0,11730000000000.0,10760000000000.0,9908000000000.0,9172000000000.0,8527000000000.0,7959000000000.0,7459000000000.0,7027000000000.0,6195000000000.0,5594000000000.0,5093000000000.0,4675000000000.0,4340000000000.0,4070000000000.0,3826000000000.0,3614000000000.0,3432000000000.0,3285000000000.0,3159000000000.0,3040000000000.0,2929000000000.0,2825000000000.0,2728000000000.0,2635000000000.0,2553000000000.0,2475000000000.0,2399000000000.0,2330000000000.0,2265000000000.0,2207000000000.0,2152000000000.0,2101000000000.0,2051000000000.0,2003000000000.0,1957000000000.0,1912000000000.0,1830000000000.0,1754000000000.0,1681000000000.0,1615000000000.0,1552000000000.0,1495000000000.0,1444000000000.0,1398000000000.0,1356000000000.0,1319000000000.0,1285000000000.0,1256000000000.0,1209000000000.0,1165000000000.0,1124000000000.0,1086000000000.0,1050000000000.0,768100000000.0,606500000000.0,500500000000.0,220300000000.0
126,10000.0,70.0,7.953e+16,525400000000000.0,82520000000000.0,25740000000000.0,11050000000000.0,5210000000000.0,2916000000000.0,2110000000000.0,1657000000000.0,1336000000000.0,1107000000000.0,925700000000.0,779400000000.0,659900000000.0,561000000000.0,480100000000.0,414400000000.0,360000000000.0,314600000000.0,276800000000.0,246100000000.0,192000000000.0,156600000000.0,129800000000.0,109500000000.0,94430000000.0,82860000000.0,73410000000.0,65850000000.0,59810000000.0,55110000000.0,51210000000.0,47870000000.0,44940000000.0,42330000000.0,39970000000.0,37770000000.0,35890000000.0,34180000000.0,32590000000.0,31090000000.0,29800000000.0,28640000000.0,27570000000.0,26520000000.0,25590000000.0,24700000000.0,23860000000.0,23010000000.0,21540000000.0,20170000000.0,18920000000.0,17800000000.0,16760000000.0,15810000000.0,14970000000.0,14210000000.0,13510000000.0,12880000000.0,12300000000.0,11780000000.0,10930000000.0,10150000000.0,9461000000.0,8836000000.0,8270000000.0,4459000000.0,2830000000.0,1998000000.0,464500000.0
127,500.0,20.0,821000000000.0,124200000000.0,53150000000.0,32400000000.0,23710000000.0,19440000000.0,16820000000.0,15320000000.0,14230000000.0,13370000000.0,12690000000.0,12100000000.0,11570000000.0,11080000000.0,10640000000.0,10250000000.0,9909000000.0,9608000000.0,9343000000.0,9105000000.0,8904000000.0,8530000000.0,8279000000.0,8045000000.0,7833000000.0,7655000000.0,7498000000.0,7347000000.0,7207000000.0,7080000000.0,6969000000.0,6868000000.0,6771000000.0,6676000000.0,6587000000.0,6499000000.0,6413000000.0,6331000000.0,6250000000.0,6172000000.0,6097000000.0,6025000000.0,5957000000.0,5892000000.0,5828000000.0,5765000000.0,5702000000.0,5640000000.0,5580000000.0,5464000000.0,5352000000.0,5240000000.0,5136000000.0,5038000000.0,4942000000.0,4852000000.0,4765000000.0,4683000000.0,4604000000.0,4527000000.0,4454000000.0,4320000000.0,4194000000.0,4074000000.0,3960000000.0,3853000000.0,3000000000.0,2473000000.0,2114000000.0,1109000000.0
128,1100.0,70.0,37240000000000.0,3502000000000.0,1990000000000.0,1400000000000.0,1074000000000.0,873700000000.0,742000000000.0,662200000000.0,603900000000.0,557700000000.0,522000000000.0,490900000000.0,463600000000.0,439400000000.0,418000000000.0,399000000000.0,382300000000.0,367500000000.0,354300000000.0,342400000000.0,332200000000.0,312400000000.0,298000000000.0,285400000000.0,274400000000.0,265200000000.0,257500000000.0,250100000000.0,243500000000.0,237600000000.0,232600000000.0,228100000000.0,223700000000.0,219500000000.0,215500000000.0,211600000000.0,207800000000.0,204300000000.0,201000000000.0,197700000000.0,194500000000.0,191500000000.0,188800000000.0,186100000000.0,183600000000.0,181100000000.0,178600000000.0,176200000000.0,173800000000.0,169300000000.0,165000000000.0,160700000000.0,156700000000.0,152800000000.0,149100000000.0,145600000000.0,142300000000.0,139200000000.0,136200000000.0,133400000000.0,130700000000.0,126000000000.0,121400000000.0,117200000000.0,113200000000.0,109400000000.0,79340000000.0,62530000000.0,51950000000.0,25460000000.0
129,800.0,10.0,4104000000000.0,676000000000.0,335500000000.0,221600000000.0,170300000000.0,145800000000.0,131000000000.0,122800000000.0,116800000000.0,111900000000.0,107900000000.0,104200000000.0,100700000000.0,97380000000.0,94010000000.0,90940000000.0,88310000000.0,85990000000.0,83940000000.0,82110000000.0,80560000000.0,77750000000.0,75890000000.0,74130000000.0,72510000000.0,71110000000.0,69870000000.0,68640000000.0,67490000000.0,66410000000.0,65440000000.0,64540000000.0,63670000000.0,62820000000.0,62020000000.0,61220000000.0,60440000000.0,59690000000.0,58960000000.0,58230000000.0,57540000000.0,56870000000.0,56240000000.0,55630000000.0,55030000000.0,54440000000.0,53850000000.0,53270000000.0,52700000000.0,51610000000.0,50540000000.0,49460000000.0,48450000000.0,47480000000.0,46540000000.0,45660000000.0,44810000000.0,44000000000.0,43220000000.0,42460000000.0,41720000000.0,40380000000.0,39120000000.0,37920000000.0,36790000000.0,35730000000.0,27090000000.0,21790000000.0,18340000000.0,9507000000.0
130,1100.0,60.0,42530000000000.0,3588000000000.0,2057000000000.0,1449000000000.0,1110000000000.0,902000000000.0,766400000000.0,685500000000.0,626500000000.0,579900000000.0,543600000000.0,512100000000.0,484300000000.0,459700000000.0,437700000000.0,418100000000.0,401000000000.0,385900000000.0,372300000000.0,360300000000.0,349800000000.0,329800000000.0,315400000000.0,302800000000.0,291700000000.0,282500000000.0,274700000000.0,267300000000.0,260600000000.0,254600000000.0,249500000000.0,245000000000.0,240600000000.0,236300000000.0,232200000000.0,228100000000.0,224200000000.0,220600000000.0,217100000000.0,213600000000.0,210400000000.0,207300000000.0,204400000000.0,201600000000.0,198900000000.0,196300000000.0,193700000000.0,191100000000.0,188600000000.0,183800000000.0,179200000000.0,174600000000.0,170300000000.0,166100000000.0,162100000000.0,158400000000.0,154800000000.0,151500000000.0,148300000000.0,145300000000.0,142400000000.0,137300000000.0,132400000000.0,127800000000.0,123500000000.0,119400000000.0,86610000000.0,68310000000.0,56790000000.0,27850000000.0
131,500.0,30.0,1533000000000.0,273300000000.0,128200000000.0,79390000000.0,56680000000.0,44420000000.0,37200000000.0,33530000000.0,31010000000.0,28990000000.0,27430000000.0,26030000000.0,24790000000.0,23660000000.0,22640000000.0,21710000000.0,20910000000.0,20200000000.0,19560000000.0,18990000000.0,18500000000.0,17560000000.0,16910000000.0,16310000000.0,15780000000.0,15330000000.0,14950000000.0,14580000000.0,14240000000.0,13940000000.0,13680000000.0,13440000000.0,13220000000.0,13000000000.0,12800000000.0,12600000000.0,12410000000.0,12220000000.0,12040000000.0,11860000000.0,11700000000.0,11530000000.0,11380000000.0,11240000000.0,11090000000.0,10950000000.0,10820000000.0,10680000000.0,10550000000.0,10290000000.0,10040000000.0,9800000000.0,9575000000.0,9362000000.0,9157000000.0,8964000000.0,8781000000.0,8609000000.0,8445000000.0,8288000000.0,8139000000.0,7875000000.0,7626000000.0,7390000000.0,7168000000.0,6960000000.0,5317000000.0,4321000000.0,3660000000.0,1886000000.0
132,10000.0,60.0,8.712e+16,572800000000000.0,89960000000000.0,28060000000000.0,12050000000000.0,5684000000000.0,3186000000000.0,2305000000000.0,1809000000000.0,1458000000000.0,1207000000000.0,1009000000000.0,848200000000.0,717200000000.0,608500000000.0,519800000000.0,447800000000.0,388100000000.0,338500000000.0,297200000000.0,263700000000.0,204700000000.0,166100000000.0,137000000000.0,115000000000.0,98790000000.0,86370000000.0,76270000000.0,68230000000.0,61850000000.0,56900000000.0,52800000000.0,49310000000.0,46260000000.0,43550000000.0,41110000000.0,38820000000.0,36890000000.0,35130000000.0,33490000000.0,31950000000.0,30620000000.0,29430000000.0,28330000000.0,27260000000.0,26300000000.0,25390000000.0,24530000000.0,23650000000.0,22150000000.0,20750000000.0,19460000000.0,18310000000.0,17240000000.0,16260000000.0,15390000000.0,14610000000.0,13890000000.0,13240000000.0,12660000000.0,12120000000.0,11250000000.0,10460000000.0,9754000000.0,9115000000.0,8535000000.0,4599000000.0,2921000000.0,2064000000.0,474000000.0
133,3000.0,70.0,1750000000000000.0,132300000000000.0,74060000000000.0,51660000000000.0,38640000000000.0,29250000000000.0,23140000000000.0,19770000000000.0,17400000000000.0,15540000000000.0,14090000000000.0,12820000000000.0,11710000000000.0,10730000000000.0,9843000000000.0,9064000000000.0,8392000000000.0,7803000000000.0,7284000000000.0,6827000000000.0,6433000000000.0,5672000000000.0,5123000000000.0,4664000000000.0,4281000000000.0,3975000000000.0,3727000000000.0,3504000000000.0,3310000000000.0,3144000000000.0,3009000000000.0,2893000000000.0,2784000000000.0,2682000000000.0,2587000000000.0,2498000000000.0,2413000000000.0,2338000000000.0,2266000000000.0,2197000000000.0,2133000000000.0,2074000000000.0,2021000000000.0,1971000000000.0,1923000000000.0,1878000000000.0,1834000000000.0,1792000000000.0,1751000000000.0,1676000000000.0,1606000000000.0,1540000000000.0,1478000000000.0,1421000000000.0,1369000000000.0,1322000000000.0,1280000000000.0,1242000000000.0,1208000000000.0,1177000000000.0,1150000000000.0,1107000000000.0,1067000000000.0,1029000000000.0,994300000000.0,961200000000.0,703300000000.0,555400000000.0,458300000000.0,201900000000.0
134,300.0,40.0,543800000000.0,85560000000.0,33740000000.0,17960000000.0,11340000000.0,8046000000.0,6252000000.0,5403000000.0,4850000000.0,4418000000.0,4092000000.0,3811000000.0,3567000000.0,3355000000.0,3171000000.0,3007000000.0,2866000000.0,2741000000.0,2630000000.0,2531000000.0,2446000000.0,2284000000.0,2171000000.0,2070000000.0,1981000000.0,1908000000.0,1846000000.0,1787000000.0,1735000000.0,1688000000.0,1648000000.0,1614000000.0,1580000000.0,1548000000.0,1518000000.0,1489000000.0,1461000000.0,1435000000.0,1409000000.0,1383000000.0,1359000000.0,1337000000.0,1315000000.0,1295000000.0,1275000000.0,1256000000.0,1237000000.0,1218000000.0,1200000000.0,1165000000.0,1131000000.0,1098000000.0,1068000000.0,1040000000.0,1012000000.0,987000000.0,962900000.0,940600000.0,919300000.0,898900000.0,879500000.0,845400000.0,813700000.0,783800000.0,755800000.0,729700000.0,527300000.0,412400000.0,339500000.0,152500000.0
135,15000.0,30.0,1.013e+17,58760000000000.0,9941000000000.0,6028000000000.0,4646000000000.0,3804000000000.0,3193000000000.0,2697000000000.0,2285000000000.0,1945000000000.0,1670000000000.0,1441000000000.0,1245000000000.0,1075000000000.0,929700000000.0,806200000000.0,699600000000.0,606400000000.0,525200000000.0,455100000000.0,396800000000.0,284900000000.0,207200000000.0,152100000000.0,113200000000.0,86160000000.0,66160000000.0,51360000000.0,40430000000.0,32340000000.0,26050000000.0,20920000000.0,17100000000.0,14150000000.0,11790000000.0,9861000000.0,8168000000.0,6974000000.0,5990000000.0,5177000000.0,4377000000.0,3855000000.0,3419000000.0,3051000000.0,2631000000.0,2386000000.0,2177000000.0,2000000000.0,1752000000.0,1516000000.0,1255000000.0,1050000000.0,938300000.0,794600000.0,679100000.0,587400000.0,541100000.0,476900000.0,424600000.0,382100000.0,336600000.0,284700000.0,250500000.0,222500000.0,203600000.0,191200000.0,113400000.0,84010000.0,71120000.0,36070000.0
136,35800.0,60.0,67460000000000.0,2630000000000.0,1379000000000.0,944200000000.0,709500000000.0,567200000000.0,466600000000.0,393200000000.0,337000000000.0,293300000000.0,259900000000.0,232000000000.0,208200000000.0,188100000000.0,171500000000.0,156900000000.0,144100000000.0,132700000000.0,122600000000.0,113600000000.0,105800000000.0,90100000000.0,78310000000.0,68820000000.0,61130000000.0,55030000000.0,50080000000.0,45810000000.0,42130000000.0,38980000000.0,36320000000.0,34000000000.0,31890000000.0,30000000000.0,28290000000.0,26710000000.0,25240000000.0,23920000000.0,22700000000.0,21590000000.0,20570000000.0,19640000000.0,18810000000.0,18050000000.0,17340000000.0,16670000000.0,16030000000.0,15420000000.0,14860000000.0,13810000000.0,12880000000.0,12040000000.0,11320000000.0,10670000000.0,10070000000.0,9530000000.0,9030000000.0,8566000000.0,8137000000.0,7746000000.0,7386000000.0,6755000000.0,6201000000.0,5713000000.0,5284000000.0,4906000000.0,2683000000.0,1678000000.0,1167000000.0,332000000.0
137,1700.0,10.0,91370000000000.0,30260000000000.0,22900000000000.0,18830000000000.0,15960000000000.0,13730000000000.0,12070000000000.0,10940000000000.0,10070000000000.0,9368000000000.0,8819000000000.0,8332000000000.0,7897000000000.0,7505000000000.0,7155000000000.0,6836000000000.0,6555000000000.0,6302000000000.0,6073000000000.0,5866000000000.0,5684000000000.0,5320000000000.0,5051000000000.0,4813000000000.0,4605000000000.0,4434000000000.0,4289000000000.0,4153000000000.0,4031000000000.0,3924000000000.0,3835000000000.0,3757000000000.0,3682000000000.0,3610000000000.0,3543000000000.0,3478000000000.0,3415000000000.0,3355000000000.0,3297000000000.0,3242000000000.0,3188000000000.0,3138000000000.0,3091000000000.0,3047000000000.0,3003000000000.0,2960000000000.0,2918000000000.0,2877000000000.0,2837000000000.0,2761000000000.0,2687000000000.0,2615000000000.0,2549000000000.0,2489000000000.0,2430000000000.0,2376000000000.0,2324000000000.0,2277000000000.0,2231000000000.0,2188000000000.0,2146000000000.0,2075000000000.0,2007000000000.0,1943000000000.0,1883000000000.0,1826000000000.0,1364000000000.0,1090000000000.0,915000000000.0,466600000000.0
138,27500.0,90.0,386500000000000.0,3778000000000.0,2299000000000.0,1713000000000.0,1354000000000.0,1116000000000.0,938200000000.0,798200000000.0,685300000000.0,593600000000.0,520700000000.0,459400000000.0,406400000000.0,360800000000.0,322000000000.0,288200000000.0,258600000000.0,232400000000.0,209200000000.0,188800000000.0,171300000000.0,136900000000.0,111800000000.0,92670000000.0,78180000000.0,67380000000.0,59020000000.0,52270000000.0,46840000000.0,42460000000.0,38910000000.0,35900000000.0,33330000000.0,31090000000.0,29140000000.0,27370000000.0,25740000000.0,24330000000.0,23030000000.0,21860000000.0,20780000000.0,19810000000.0,18960000000.0,18180000000.0,17440000000.0,16750000000.0,16110000000.0,15490000000.0,14910000000.0,13850000000.0,12910000000.0,12060000000.0,11330000000.0,10670000000.0,10070000000.0,9523000000.0,9022000000.0,8556000000.0,8125000000.0,7732000000.0,7369000000.0,6737000000.0,6183000000.0,5695000000.0,5267000000.0,4890000000.0,2674000000.0,1672000000.0,1163000000.0,330900000.0
139,6000.0,20.0,4.974e+16,2632000000000000.0,784100000000000.0,357500000000000.0,197400000000000.0,117300000000000.0,76030000000000.0,56740000000000.0,44790000000000.0,36280000000000.0,30250000000000.0,25410000000000.0,21490000000000.0,18270000000000.0,15560000000000.0,13340000000000.0,11560000000000.0,10100000000000.0,8893000000000.0,7894000000000.0,7085000000000.0,5673000000000.0,4785000000000.0,4097000000000.0,3563000000000.0,3166000000000.0,2865000000000.0,2609000000000.0,2401000000000.0,2235000000000.0,2113000000000.0,2017000000000.0,1928000000000.0,1846000000000.0,1771000000000.0,1701000000000.0,1634000000000.0,1573000000000.0,1516000000000.0,1458000000000.0,1405000000000.0,1356000000000.0,1312000000000.0,1271000000000.0,1232000000000.0,1194000000000.0,1158000000000.0,1123000000000.0,1089000000000.0,1024000000000.0,964000000000.0,907100000000.0,856800000000.0,810500000000.0,768100000000.0,729900000000.0,695300000000.0,665700000000.0,639000000000.0,614800000000.0,593700000000.0,560700000000.0,530800000000.0,503200000000.0,477800000000.0,454600000000.0,288700000000.0,206900000000.0,159200000000.0,47040000000.0
140,1400.0,90.0,89160000000000.0,7774000000000.0,4540000000000.0,3312000000000.0,2613000000000.0,2141000000000.0,1817000000000.0,1617000000000.0,1469000000000.0,1351000000000.0,1260000000000.0,1180000000000.0,1109000000000.0,1046000000000.0,990300000000.0,940400000000.0,896900000000.0,858200000000.0,823400000000.0,792500000000.0,765600000000.0,713400000000.0,675400000000.0,642200000000.0,613400000000.0,589600000000.0,569800000000.0,551200000000.0,534600000000.0,519900000000.0,507600000000.0,496700000000.0,486300000000.0,476300000000.0,466800000000.0,457600000000.0,448600000000.0,440500000000.0,432600000000.0,425000000000.0,417700000000.0,410900000000.0,404600000000.0,398500000000.0,392700000000.0,387100000000.0,381600000000.0,376100000000.0,370800000000.0,360800000000.0,351200000000.0,341900000000.0,333100000000.0,324700000000.0,316700000000.0,309300000000.0,302300000000.0,295700000000.0,289400000000.0,283600000000.0,278100000000.0,268300000000.0,259000000000.0,250300000000.0,242100000000.0,234300000000.0,172200000000.0,137100000000.0,114800000000.0,57350000000.0
141,6000.0,60.0,2.379e+16,949900000000000.0,278300000000000.0,126000000000000.0,69440000000000.0,41110000000000.0,26530000000000.0,19780000000000.0,15600000000000.0,12640000000000.0,10540000000000.0,8850000000000.0,7482000000000.0,6360000000000.0,5420000000000.0,4651000000000.0,4032000000000.0,3524000000000.0,3105000000000.0,2759000000000.0,2477000000000.0,1989000000000.0,1679000000000.0,1439000000000.0,1253000000000.0,1113000000000.0,1008000000000.0,917100000000.0,843400000000.0,784100000000.0,740200000000.0,705300000000.0,672900000000.0,642500000000.0,614500000000.0,588200000000.0,563500000000.0,541400000000.0,520700000000.0,500700000000.0,482300000000.0,465300000000.0,450000000000.0,435700000000.0,422100000000.0,409100000000.0,396700000000.0,384800000000.0,373100000000.0,351700000000.0,331900000000.0,313300000000.0,295900000000.0,279500000000.0,264800000000.0,251800000000.0,240100000000.0,229800000000.0,220500000000.0,212300000000.0,205100000000.0,193800000000.0,183400000000.0,173900000000.0,165200000000.0,157100000000.0,98940000000.0,71050000000.0,54670000000.0,16150000000.0
142,1700.0,50.0,284900000000000.0,21990000000000.0,12980000000000.0,9561000000000.0,7574000000000.0,6165000000000.0,5192000000000.0,4593000000000.0,4153000000000.0,3804000000000.0,3532000000000.0,3295000000000.0,3085000000000.0,2900000000000.0,2735000000000.0,2588000000000.0,2460000000000.0,2346000000000.0,2243000000000.0,2152000000000.0,2073000000000.0,1918000000000.0,1805000000000.0,1707000000000.0,1622000000000.0,1552000000000.0,1494000000000.0,1441000000000.0,1393000000000.0,1351000000000.0,1316000000000.0,1285000000000.0,1256000000000.0,1228000000000.0,1201000000000.0,1175000000000.0,1150000000000.0,1128000000000.0,1106000000000.0,1085000000000.0,1065000000000.0,1046000000000.0,1029000000000.0,1012000000000.0,996700000000.0,981400000000.0,966400000000.0,951800000000.0,937400000000.0,910400000000.0,884900000000.0,859900000000.0,836500000000.0,814300000000.0,793200000000.0,773800000000.0,755500000000.0,738600000000.0,722700000000.0,707800000000.0,694100000000.0,670100000000.0,647200000000.0,625900000000.0,605800000000.0,586700000000.0,433900000000.0,347300000000.0,291600000000.0,145100000000.0
143,5000.0,80.0,9899000000000000.0,542800000000000.0,199100000000000.0,104000000000000.0,63480000000000.0,41300000000000.0,29030000000000.0,23130000000000.0,19280000000000.0,16390000000000.0,14210000000000.0,12380000000000.0,10810000000000.0,9457000000000.0,8242000000000.0,7223000000000.0,6382000000000.0,5678000000000.0,5084000000000.0,4583000000000.0,4166000000000.0,3416000000000.0,2918000000000.0,2527000000000.0,2218000000000.0,1985000000000.0,1805000000000.0,1650000000000.0,1522000000000.0,1417000000000.0,1338000000000.0,1274000000000.0,1215000000000.0,1159000000000.0,1108000000000.0,1060000000000.0,1015000000000.0,974600000000.0,936800000000.0,900600000000.0,867400000000.0,836700000000.0,809200000000.0,783500000000.0,759100000000.0,735900000000.0,713800000000.0,692600000000.0,671700000000.0,633800000000.0,598800000000.0,566100000000.0,535800000000.0,507400000000.0,481700000000.0,459400000000.0,439100000000.0,421400000000.0,405400000000.0,391300000000.0,379000000000.0,359900000000.0,342300000000.0,326200000000.0,311400000000.0,297600000000.0,197600000000.0,146600000000.0,115200000000.0,38800000000.0
144,35800.0,20.0,187000000000000.0,3626000000000.0,2096000000000.0,1478000000000.0,1115000000000.0,889100000000.0,728100000000.0,607200000000.0,513500000000.0,440600000000.0,384700000000.0,338400000000.0,299200000000.0,265900000000.0,238100000000.0,214200000000.0,193400000000.0,175000000000.0,158900000000.0,144700000000.0,132600000000.0,108800000000.0,91470000000.0,78140000000.0,67810000000.0,59930000000.0,53710000000.0,48530000000.0,44220000000.0,40610000000.0,37610000000.0,35010000000.0,32720000000.0,30680000000.0,28860000000.0,27190000000.0,25640000000.0,24270000000.0,23010000000.0,21860000000.0,20790000000.0,19840000000.0,18990000000.0,18210000000.0,17470000000.0,16790000000.0,16150000000.0,15530000000.0,14950000000.0,13890000000.0,12940000000.0,12090000000.0,11360000000.0,10700000000.0,10100000000.0,9551000000.0,9049000000.0,8581000000.0,8149000000.0,7755000000.0,7392000000.0,6758000000.0,6203000000.0,5714000000.0,5284000000.0,4906000000.0,2683000000.0,1678000000.0,1167000000.0,332000000.0
145,15000.0,70.0,4.844e+16,30040000000000.0,5348000000000.0,3218000000000.0,2453000000000.0,1998000000000.0,1667000000000.0,1406000000000.0,1194000000000.0,1020000000000.0,880300000000.0,764000000000.0,664100000000.0,578100000000.0,505100000000.0,442700000000.0,388600000000.0,341300000000.0,299900000000.0,264100000000.0,234000000000.0,176100000000.0,135300000000.0,105800000000.0,84450000000.0,69150000000.0,57590000000.0,48690000000.0,41820000000.0,36490000000.0,32220000000.0,28650000000.0,25780000000.0,23410000000.0,21400000000.0,19650000000.0,18070000000.0,16800000000.0,15670000000.0,14670000000.0,13740000000.0,12980000000.0,12310000000.0,11710000000.0,11120000000.0,10630000000.0,10170000000.0,9745000000.0,9309000000.0,8607000000.0,7957000000.0,7386000000.0,6919000000.0,6485000000.0,6092000000.0,5739000000.0,5431000000.0,5136000000.0,4867000000.0,4623000000.0,4396000000.0,4011000000.0,3678000000.0,3386000000.0,3131000000.0,2908000000.0,1594000000.0,1003000000.0,701500000.0,203600000.0
146,3000.0,30.0,2329000000000000.0,278500000000000.0,159600000000000.0,111500000000000.0,83100000000000.0,63080000000000.0,50070000000000.0,42840000000000.0,37730000000000.0,33680000000000.0,30540000000000.0,27800000000000.0,25380000000000.0,23220000000000.0,21260000000000.0,19530000000000.0,18040000000000.0,16740000000000.0,15600000000000.0,14590000000000.0,13730000000000.0,12060000000000.0,10860000000000.0,9865000000000.0,9037000000000.0,8381000000000.0,7851000000000.0,7375000000000.0,6964000000000.0,6615000000000.0,6336000000000.0,6099000000000.0,5877000000000.0,5670000000000.0,5481000000000.0,5303000000000.0,5133000000000.0,4977000000000.0,4830000000000.0,4685000000000.0,4550000000000.0,4425000000000.0,4311000000000.0,4205000000000.0,4102000000000.0,4004000000000.0,3909000000000.0,3818000000000.0,3728000000000.0,3559000000000.0,3401000000000.0,3250000000000.0,3119000000000.0,3000000000000.0,2889000000000.0,2788000000000.0,2695000000000.0,2615000000000.0,2542000000000.0,2476000000000.0,2417000000000.0,2325000000000.0,2240000000000.0,2159000000000.0,2084000000000.0,2014000000000.0,1467000000000.0,1149000000000.0,943100000000.0,412700000000.0
147,22500.0,80.0,2531000000000000.0,4954000000000.0,3147000000000.0,2446000000000.0,1971000000000.0,1636000000000.0,1379000000000.0,1169000000000.0,996400000000.0,855800000000.0,743400000000.0,649600000000.0,568600000000.0,498700000000.0,439200000000.0,387900000000.0,343200000000.0,303900000000.0,269300000000.0,239200000000.0,213700000000.0,164200000000.0,128800000000.0,102700000000.0,83500000000.0,69560000000.0,58990000000.0,50720000000.0,44260000000.0,39210000000.0,35180000000.0,31830000000.0,29080000000.0,26760000000.0,24780000000.0,23050000000.0,21480000000.0,20160000000.0,18980000000.0,17930000000.0,16960000000.0,16120000000.0,15390000000.0,14720000000.0,14080000000.0,13510000000.0,12980000000.0,12470000000.0,11980000000.0,11120000000.0,10350000000.0,9654000000.0,9067000000.0,8536000000.0,8049000000.0,7606000000.0,7205000000.0,6830000000.0,6484000000.0,6169000000.0,5878000000.0,5372000000.0,4930000000.0,4542000000.0,4201000000.0,3902000000.0,2143000000.0,1346000000.0,942500000.0,281100000.0
148,10000.0,20.0,2.398e+17,1672000000000000.0,258900000000000.0,78990000000000.0,32670000000000.0,14500000000000.0,7596000000000.0,5295000000000.0,4064000000000.0,3211000000000.0,2619000000000.0,2157000000000.0,1789000000000.0,1491000000000.0,1242000000000.0,1044000000000.0,886900000000.0,760500000000.0,658100000000.0,574000000000.0,507400000000.0,393100000000.0,321300000000.0,266500000000.0,224700000000.0,193900000000.0,170300000000.0,150900000000.0,135600000000.0,123600000000.0,114500000000.0,107200000000.0,100900000000.0,95360000000.0,90480000000.0,86030000000.0,81800000000.0,78190000000.0,74870000000.0,71680000000.0,68620000000.0,65980000000.0,63610000000.0,61410000000.0,59200000000.0,57230000000.0,55360000000.0,53570000000.0,51730000000.0,48510000000.0,45440000000.0,42550000000.0,40060000000.0,37730000000.0,35590000000.0,33670000000.0,31950000000.0,30430000000.0,29050000000.0,27760000000.0,26590000000.0,24730000000.0,23080000000.0,21570000000.0,20210000000.0,18990000000.0,10210000000.0,6460000000.0,4569000000.0,946800000.0
149,500.0,70.0,3356000000000.0,624500000000.0,318300000000.0,212900000000.0,157600000000.0,124500000000.0,102000000000.0,86620000000.0,75060000000.0,66050000000.0,59180000000.0,53410000000.0,48490000000.0,44310000000.0,40830000000.0,37780000000.0,35130000000.0,32770000000.0,30680000000.0,28830000000.0,27220000000.0,24050000000.0,21700000000.0,19770000000.0,18190000000.0,16940000000.0,15910000000.0,15010000000.0,14220000000.0,13540000000.0,12960000000.0,12460000000.0,11990000000.0,11560000000.0,11160000000.0,10790000000.0,10440000000.0,10120000000.0,9824000000.0,9543000000.0,9283000000.0,9041000000.0,8824000000.0,8620000000.0,8428000000.0,8242000000.0,8063000000.0,7891000000.0,7726000000.0,7419000000.0,7135000000.0,6869000000.0,6628000000.0,6406000000.0,6196000000.0,6003000000.0,5823000000.0,5656000000.0,5498000000.0,5352000000.0,5217000000.0,4978000000.0,4757000000.0,4556000000.0,4372000000.0,4204000000.0,3009000000.0,2354000000.0,1940000000.0,916600000.0
150,800.0,40.0,7235000000000.0,1515000000000.0,860900000000.0,584000000000.0,433900000000.0,347900000000.0,295700000000.0,268600000000.0,249700000000.0,234600000000.0,222800000000.0,212200000000.0,202700000000.0,193900000000.0,185700000000.0,178300000000.0,171900000000.0,166100000000.0,161000000000.0,156300000000.0,152300000000.0,144600000000.0,139100000000.0,134200000000.0,129700000000.0,125900000000.0,122700000000.0,119600000000.0,116700000000.0,114100000000.0,111900000000.0,109900000000.0,107900000000.0,106100000000.0,104300000000.0,102600000000.0,101000000000.0,99360000000.0,97820000000.0,96250000000.0,94760000000.0,93340000000.0,92020000000.0,90740000000.0,89490000000.0,88260000000.0,87060000000.0,85870000000.0,84690000000.0,82440000000.0,80240000000.0,78060000000.0,76040000000.0,74120000000.0,72270000000.0,70550000000.0,68920000000.0,67410000000.0,65970000000.0,64590000000.0,63280000000.0,60980000000.0,58830000000.0,56810000000.0,54910000000.0,53140000000.0,39250000000.0,31310000000.0,26290000000.0,13390000000.0
151,1100.0,20.0,15510000000000.0,3527000000000.0,2331000000000.0,1793000000000.0,1480000000000.0,1289000000000.0,1163000000000.0,1089000000000.0,1034000000000.0,988600000000.0,952600000000.0,919700000000.0,889200000000.0,860600000000.0,833500000000.0,808500000000.0,786300000000.0,766100000000.0,747800000000.0,731100000000.0,716400000000.0,687400000000.0,666200000000.0,646600000000.0,628800000000.0,613700000000.0,600400000000.0,587600000000.0,575700000000.0,564800000000.0,555400000000.0,546800000000.0,538500000000.0,530400000000.0,522800000000.0,515400000000.0,508000000000.0,501000000000.0,494100000000.0,487300000000.0,480800000000.0,474500000000.0,468600000000.0,463000000000.0,457400000000.0,451900000000.0,446500000000.0,441100000000.0,435900000000.0,425800000000.0,415900000000.0,405900000000.0,396700000000.0,387800000000.0,379300000000.0,371300000000.0,363600000000.0,356400000000.0,349500000000.0,342700000000.0,336100000000.0,324300000000.0,313300000000.0,302800000000.0,293000000000.0,283700000000.0,208300000000.0,164200000000.0,136500000000.0,68500000000.0
152,1100.0,30.0,18650000000000.0,4445000000000.0,2926000000000.0,2182000000000.0,1729000000000.0,1445000000000.0,1260000000000.0,1153000000000.0,1076000000000.0,1014000000000.0,964900000000.0,921000000000.0,881300000000.0,845000000000.0,811600000000.0,781100000000.0,754300000000.0,730000000000.0,708100000000.0,688100000000.0,670800000000.0,636300000000.0,611300000000.0,588500000000.0,568200000000.0,551300000000.0,536800000000.0,522900000000.0,510200000000.0,498900000000.0,489300000000.0,480800000000.0,472500000000.0,464500000000.0,457000000000.0,449700000000.0,442500000000.0,435700000000.0,429100000000.0,422500000000.0,416200000000.0,410200000000.0,404600000000.0,399200000000.0,393900000000.0,388600000000.0,383500000000.0,378500000000.0,373500000000.0,364000000000.0,354700000000.0,345500000000.0,336900000000.0,328800000000.0,321000000000.0,313700000000.0,306700000000.0,300200000000.0,294100000000.0,288000000000.0,282200000000.0,271900000000.0,262300000000.0,253200000000.0,244700000000.0,236700000000.0,171900000000.0,134700000000.0,111500000000.0,54930000000.0
153,800.0,50.0,10670000000000.0,1406000000000.0,759100000000.0,506500000000.0,373400000000.0,296500000000.0,248800000000.0,222500000000.0,203800000000.0,189000000000.0,177500000000.0,167500000000.0,158600000000.0,150700000000.0,143500000000.0,137100000000.0,131500000000.0,126600000000.0,122200000000.0,118400000000.0,115000000000.0,108800000000.0,104300000000.0,100400000000.0,96950000000.0,94060000000.0,91580000000.0,89220000000.0,87060000000.0,85110000000.0,83420000000.0,81900000000.0,80430000000.0,78990000000.0,77610000000.0,76260000000.0,74960000000.0,73750000000.0,72580000000.0,71420000000.0,70320000000.0,69270000000.0,68300000000.0,67370000000.0,66460000000.0,65560000000.0,64690000000.0,63830000000.0,62980000000.0,61350000000.0,59780000000.0,58240000000.0,56760000000.0,55330000000.0,53960000000.0,52690000000.0,51480000000.0,50360000000.0,49280000000.0,48270000000.0,47320000000.0,45630000000.0,44010000000.0,42520000000.0,41110000000.0,39780000000.0,29440000000.0,23610000000.0,19870000000.0,10130000000.0
154,500.0,60.0,3057000000000.0,316700000000.0,162400000000.0,107100000000.0,78460000000.0,61620000000.0,50720000000.0,43810000000.0,38630000000.0,34530000000.0,31330000000.0,28620000000.0,26270000000.0,24220000000.0,22460000000.0,20910000000.0,19560000000.0,18360000000.0,17290000000.0,16360000000.0,15550000000.0,14000000000.0,12870000000.0,11970000000.0,11240000000.0,10680000000.0,10220000000.0,9825000000.0,9481000000.0,9185000000.0,8937000000.0,8719000000.0,8515000000.0,8321000000.0,8141000000.0,7967000000.0,7801000000.0,7649000000.0,7503000000.0,7361000000.0,7228000000.0,7102000000.0,6986000000.0,6875000000.0,6768000000.0,6664000000.0,6563000000.0,6464000000.0,6367000000.0,6183000000.0,6008000000.0,5839000000.0,5679000000.0,5528000000.0,5384000000.0,5250000000.0,5125000000.0,5007000000.0,4896000000.0,4792000000.0,4695000000.0,4522000000.0,4360000000.0,4211000000.0,4071000000.0,3941000000.0,2952000000.0,2384000000.0,2007000000.0,980900000.0
155,10000.0,30.0,1.737e+17,1077000000000000.0,167100000000000.0,51360000000000.0,21640000000000.0,9906000000000.0,5396000000000.0,3852000000000.0,2998000000000.0,2399000000000.0,1975000000000.0,1640000000000.0,1371000000000.0,1151000000000.0,967200000000.0,818900000000.0,699800000000.0,602400000000.0,522200000000.0,455900000000.0,402400000000.0,309000000000.0,248200000000.0,202600000000.0,168100000000.0,143000000000.0,123700000000.0,108200000000.0,95980000000.0,86470000000.0,79190000000.0,73250000000.0,68280000000.0,63970000000.0,60180000000.0,56770000000.0,53560000000.0,50920000000.0,48520000000.0,46290000000.0,44140000000.0,42330000000.0,40720000000.0,39230000000.0,37730000000.0,36430000000.0,35190000000.0,34030000000.0,32800000000.0,30760000000.0,28820000000.0,27020000000.0,25420000000.0,23880000000.0,22490000000.0,21260000000.0,20170000000.0,19180000000.0,18290000000.0,17490000000.0,16760000000.0,15610000000.0,14550000000.0,13610000000.0,12750000000.0,11950000000.0,6353000000.0,4027000000.0,2845000000.0,588300000.0
156,22500.0,90.0,2492000000000000.0,4903000000000.0,3109000000000.0,2415000000000.0,1945000000000.0,1615000000000.0,1360000000000.0,1153000000000.0,983400000000.0,844800000000.0,734000000000.0,641400000000.0,561600000000.0,492600000000.0,433900000000.0,383300000000.0,339300000000.0,300500000000.0,266400000000.0,236700000000.0,211600000000.0,162700000000.0,127700000000.0,102000000000.0,83000000000.0,69220000000.0,58760000000.0,50570000000.0,44170000000.0,39160000000.0,35150000000.0,31830000000.0,29080000000.0,26780000000.0,24810000000.0,23080000000.0,21510000000.0,20200000000.0,19020000000.0,17960000000.0,16990000000.0,16160000000.0,15430000000.0,14760000000.0,14120000000.0,13550000000.0,13010000000.0,12510000000.0,12010000000.0,11150000000.0,10370000000.0,9682000000.0,9093000000.0,8561000000.0,8072000000.0,7628000000.0,7227000000.0,6851000000.0,6504000000.0,6188000000.0,5895000000.0,5388000000.0,4945000000.0,4556000000.0,4214000000.0,3914000000.0,2150000000.0,1350000000.0,945100000.0,281700000.0
157,3000.0,20.0,1539000000000000.0,314200000000000.0,200200000000000.0,146200000000000.0,111300000000000.0,85270000000000.0,68090000000000.0,58540000000000.0,51770000000000.0,46400000000000.0,42230000000000.0,38580000000000.0,35370000000000.0,32500000000000.0,29910000000000.0,27620000000000.0,25640000000000.0,23890000000000.0,22340000000000.0,20970000000000.0,19780000000000.0,17450000000000.0,15770000000000.0,14350000000000.0,13170000000000.0,12240000000000.0,11480000000000.0,10800000000000.0,10200000000000.0,9698000000000.0,9293000000000.0,8947000000000.0,8623000000000.0,8321000000000.0,8046000000000.0,7785000000000.0,7538000000000.0,7310000000000.0,7095000000000.0,6883000000000.0,6687000000000.0,6505000000000.0,6340000000000.0,6185000000000.0,6035000000000.0,5892000000000.0,5754000000000.0,5621000000000.0,5490000000000.0,5244000000000.0,5013000000000.0,4794000000000.0,4604000000000.0,4431000000000.0,4270000000000.0,4123000000000.0,3988000000000.0,3872000000000.0,3766000000000.0,3670000000000.0,3585000000000.0,3452000000000.0,3329000000000.0,3212000000000.0,3103000000000.0,3001000000000.0,2205000000000.0,1736000000000.0,1430000000000.0,636600000000.0
158,35800.0,30.0,123000000000000.0,3108000000000.0,1717000000000.0,1193000000000.0,895700000000.0,713800000000.0,585000000000.0,489500000000.0,416100000000.0,359100000000.0,315500000000.0,279300000000.0,248600000000.0,222600000000.0,201000000000.0,182200000000.0,165900000000.0,151400000000.0,138600000000.0,127300000000.0,117600000000.0,98350000000.0,84140000000.0,72960000000.0,64110000000.0,57230000000.0,51720000000.0,47040000000.0,43080000000.0,39730000000.0,36920000000.0,34470000000.0,32280000000.0,30320000000.0,28560000000.0,26940000000.0,25430000000.0,24090000000.0,22850000000.0,21720000000.0,20670000000.0,19730000000.0,18900000000.0,18130000000.0,17400000000.0,16730000000.0,16090000000.0,15480000000.0,14900000000.0,13850000000.0,12910000000.0,12070000000.0,11340000000.0,10690000000.0,10090000000.0,9540000000.0,9039000000.0,8573000000.0,8143000000.0,7750000000.0,7389000000.0,6756000000.0,6202000000.0,5713000000.0,5284000000.0,4906000000.0,2683000000.0,1678000000.0,1167000000.0,332000000.0
159,15000.0,60.0,5.286e+16,32590000000000.0,5789000000000.0,3491000000000.0,2664000000000.0,2171000000000.0,1812000000000.0,1528000000000.0,1296000000000.0,1107000000000.0,954100000000.0,827200000000.0,718200000000.0,624400000000.0,544600000000.0,476500000000.0,417600000000.0,366000000000.0,320900000000.0,281900000000.0,249300000000.0,186300000000.0,142200000000.0,110300000000.0,87350000000.0,70960000000.0,58630000000.0,49190000000.0,41940000000.0,36350000000.0,31900000000.0,28180000000.0,25210000000.0,22780000000.0,20730000000.0,18960000000.0,17360000000.0,16080000000.0,14960000000.0,13980000000.0,13050000000.0,12300000000.0,11650000000.0,11070000000.0,10490000000.0,10010000000.0,9573000000.0,9166000000.0,8743000000.0,8075000000.0,7453000000.0,6909000000.0,6468000000.0,6055000000.0,5682000000.0,5348000000.0,5060000000.0,4782000000.0,4529000000.0,4301000000.0,4087000000.0,3727000000.0,3417000000.0,3144000000.0,2907000000.0,2701000000.0,1481000000.0,932400000.0,653400000.0,190600000.0
160,300.0,10.0,21980000000.0,1989000000.0,598700000.0,311400000.0,213500000.0,166500000.0,141000000.0,129100000.0,121400000.0,115200000.0,110600000.0,106600000.0,103100000.0,100000000.0,97540000.0,95260000.0,93220000.0,91370000.0,89680000.0,88120000.0,86760000.0,84050000.0,82060000.0,80200000.0,78490000.0,77030000.0,75750000.0,74490000.0,73320000.0,72240000.0,71290000.0,70420000.0,69580000.0,68760000.0,67980000.0,67210000.0,66460000.0,65740000.0,65030000.0,64340000.0,63690000.0,63050000.0,62460000.0,61880000.0,61310000.0,60750000.0,60190000.0,59640000.0,59110000.0,58080000.0,57070000.0,56070000.0,55160000.0,54290000.0,53440000.0,52640000.0,51870000.0,51130000.0,50430000.0,49750000.0,49110000.0,47940000.0,46830000.0,45760000.0,44740000.0,43770000.0,35870000.0,30530000.0,26650000.0,15070000.0
161,5000.0,90.0,9704000000000000.0,533600000000000.0,195800000000000.0,102300000000000.0,62440000000000.0,40630000000000.0,28570000000000.0,22760000000000.0,18980000000000.0,16130000000000.0,13990000000000.0,12180000000000.0,10640000000000.0,9307000000000.0,8112000000000.0,7109000000000.0,6282000000000.0,5589000000000.0,5004000000000.0,4511000000000.0,4101000000000.0,3362000000000.0,2872000000000.0,2487000000000.0,2184000000000.0,1954000000000.0,1777000000000.0,1624000000000.0,1498000000000.0,1395000000000.0,1317000000000.0,1255000000000.0,1196000000000.0,1141000000000.0,1091000000000.0,1043000000000.0,999100000000.0,959400000000.0,922300000000.0,886700000000.0,853900000000.0,823700000000.0,796700000000.0,771300000000.0,747300000000.0,724500000000.0,702600000000.0,681800000000.0,661300000000.0,624000000000.0,589500000000.0,557300000000.0,527500000000.0,499500000000.0,474200000000.0,452200000000.0,432300000000.0,414800000000.0,399100000000.0,385200000000.0,373100000000.0,354300000000.0,337000000000.0,321100000000.0,306500000000.0,293000000000.0,194500000000.0,144300000000.0,113400000000.0,38190000000.0
162,1700.0,40.0,240200000000000.0,26820000000000.0,16260000000000.0,12010000000000.0,9500000000000.0,7737000000000.0,6522000000000.0,5775000000000.0,5223000000000.0,4785000000000.0,4445000000000.0,4147000000000.0,3884000000000.0,3649000000000.0,3440000000000.0,3252000000000.0,3088000000000.0,2942000000000.0,2812000000000.0,2695000000000.0,2594000000000.0,2395000000000.0,2252000000000.0,2127000000000.0,2019000000000.0,1931000000000.0,1857000000000.0,1789000000000.0,1729000000000.0,1676000000000.0,1633000000000.0,1596000000000.0,1560000000000.0,1527000000000.0,1495000000000.0,1464000000000.0,1435000000000.0,1407000000000.0,1380000000000.0,1354000000000.0,1329000000000.0,1305000000000.0,1284000000000.0,1263000000000.0,1243000000000.0,1223000000000.0,1204000000000.0,1185000000000.0,1167000000000.0,1131000000000.0,1098000000000.0,1065000000000.0,1035000000000.0,1007000000000.0,981100000000.0,956700000000.0,933600000000.0,912600000000.0,892900000000.0,874000000000.0,856200000000.0,825900000000.0,797600000000.0,770800000000.0,745700000000.0,722100000000.0,532600000000.0,422800000000.0,353400000000.0,175700000000.0
163,500.0,0.0,102900000000.0,9555000000.0,2909000000.0,1522000000.0,1046000000.0,815800000.0,690100000.0,631000000.0,592700000.0,562200000.0,539200000.0,519100000.0,501700000.0,486700000.0,474300000.0,463000000.0,452900000.0,443700000.0,435300000.0,427600000.0,420900000.0,407500000.0,397700000.0,388400000.0,380000000.0,372800000.0,366500000.0,360300000.0,354500000.0,349200000.0,344600000.0,340300000.0,336100000.0,332100000.0,328300000.0,324600000.0,320900000.0,317300000.0,313900000.0,310500000.0,307200000.0,304100000.0,301200000.0,298400000.0,295600000.0,292800000.0,290100000.0,287400000.0,284800000.0,279700000.0,274700000.0,269800000.0,265300000.0,261000000.0,256900000.0,252900000.0,249100000.0,245600000.0,242100000.0,238800000.0,235700000.0,230000000.0,224600000.0,219400000.0,214500000.0,209800000.0,171600000.0,145800000.0,127200000.0,71730000.0
164,400.0,0.0,14720000000.0,1234000000.0,362700000.0,179700000.0,119300000.0,93730000.0,80400000.0,74400000.0,70540000.0,67430000.0,65040000.0,62940000.0,61090000.0,59460000.0,58100000.0,56840000.0,55710000.0,54680000.0,53730000.0,52850000.0,52070000.0,50500000.0,49330000.0,48240000.0,47240000.0,46390000.0,45640000.0,44920000.0,44240000.0,43620000.0,43080000.0,42590000.0,42120000.0,41650000.0,41210000.0,40780000.0,40350000.0,39940000.0,39540000.0,39150000.0,38770000.0,38410000.0,38070000.0,37740000.0,37410000.0,37080000.0,36760000.0,36450000.0,36140000.0,35540000.0,34950000.0,34370000.0,33840000.0,33330000.0,32840000.0,32370000.0,31910000.0,31480000.0,31070000.0,30670000.0,30280000.0,29590000.0,28930000.0,28290000.0,27680000.0,27090000.0,22290000.0,18990000.0,16580000.0,9309000.0
165,6000.0,70.0,2.14e+16,867700000000000.0,254500000000000.0,115300000000000.0,63550000000000.0,37640000000000.0,24300000000000.0,18120000000000.0,14290000000000.0,11580000000000.0,9657000000000.0,8113000000000.0,6860000000000.0,5833000000000.0,4972000000000.0,4268000000000.0,3701000000000.0,3236000000000.0,2852000000000.0,2535000000000.0,2276000000000.0,1829000000000.0,1545000000000.0,1325000000000.0,1153000000000.0,1025000000000.0,928100000000.0,844900000000.0,777100000000.0,722600000000.0,682000000000.0,649900000000.0,620100000000.0,592000000000.0,566200000000.0,541900000000.0,519200000000.0,498800000000.0,479600000000.0,461200000000.0,444200000000.0,428500000000.0,414500000000.0,401300000000.0,388700000000.0,376800000000.0,365300000000.0,354400000000.0,343500000000.0,323900000000.0,305600000000.0,288400000000.0,272500000000.0,257400000000.0,243800000000.0,231900000000.0,221100000000.0,211600000000.0,203000000000.0,195400000000.0,188800000000.0,178400000000.0,168800000000.0,160000000000.0,152000000000.0,144600000000.0,91010000000.0,65340000000.0,50260000000.0,14860000000.0
166,30000.0,80.0,196400000000000.0,3294000000000.0,1919000000000.0,1398000000000.0,1091000000000.0,893200000000.0,747300000000.0,634800000000.0,545200000000.0,473200000000.0,416500000000.0,368900000000.0,327800000000.0,292400000000.0,262600000000.0,236500000000.0,213600000000.0,193300000000.0,175200000000.0,159300000000.0,145600000000.0,118500000000.0,98520000000.0,83130000000.0,71280000000.0,62310000000.0,55290000000.0,49530000000.0,44810000000.0,40940000000.0,37770000000.0,35060000000.0,32690000000.0,30610000000.0,28760000000.0,27080000000.0,25520000000.0,24150000000.0,22900000000.0,21750000000.0,20690000000.0,19740000000.0,18910000000.0,18130000000.0,17400000000.0,16720000000.0,16080000000.0,15470000000.0,14890000000.0,13840000000.0,12900000000.0,12050000000.0,11320000000.0,10670000000.0,10070000000.0,9526000000.0,9026000000.0,8560000000.0,8130000000.0,7737000000.0,7376000000.0,6744000000.0,6190000000.0,5702000000.0,5273000000.0,4896000000.0,2677000000.0,1674000000.0,1165000000.0,331300000.0
167,6000.0,50.0,2.855e+16,1093000000000000.0,319000000000000.0,144200000000000.0,79380000000000.0,46930000000000.0,30260000000000.0,22540000000000.0,17780000000000.0,14400000000000.0,12000000000000.0,10070000000000.0,8511000000000.0,7232000000000.0,6159000000000.0,5283000000000.0,4577000000000.0,3998000000000.0,3521000000000.0,3127000000000.0,2806000000000.0,2251000000000.0,1899000000000.0,1627000000000.0,1415000000000.0,1258000000000.0,1138000000000.0,1035000000000.0,952100000000.0,885200000000.0,835600000000.0,796300000000.0,759900000000.0,725600000000.0,694100000000.0,664400000000.0,636600000000.0,611700000000.0,588400000000.0,565800000000.0,545100000000.0,525900000000.0,508700000000.0,492600000000.0,477200000000.0,462600000000.0,448600000000.0,435200000000.0,421900000000.0,397800000000.0,375400000000.0,354400000000.0,334800000000.0,316300000000.0,299600000000.0,284900000000.0,271700000000.0,260100000000.0,249600000000.0,240300000000.0,232200000000.0,219400000000.0,207700000000.0,197000000000.0,187100000000.0,178000000000.0,112200000000.0,80610000000.0,62060000000.0,18330000000.0
168,1700.0,60.0,244200000000000.0,18400000000000.0,11090000000000.0,8238000000000.0,6553000000000.0,5350000000000.0,4515000000000.0,3995000000000.0,3611000000000.0,3307000000000.0,3070000000000.0,2863000000000.0,2680000000000.0,2518000000000.0,2375000000000.0,2247000000000.0,2136000000000.0,2037000000000.0,1947000000000.0,1868000000000.0,1799000000000.0,1664000000000.0,1566000000000.0,1480000000000.0,1407000000000.0,1346000000000.0,1296000000000.0,1249000000000.0,1208000000000.0,1171000000000.0,1141000000000.0,1114000000000.0,1089000000000.0,1064000000000.0,1041000000000.0,1019000000000.0,997500000000.0,978000000000.0,959200000000.0,940800000000.0,923600000000.0,907300000000.0,892400000000.0,878100000000.0,864500000000.0,851200000000.0,838200000000.0,825500000000.0,813100000000.0,789800000000.0,767600000000.0,746100000000.0,725800000000.0,706600000000.0,688400000000.0,671600000000.0,655800000000.0,641200000000.0,627300000000.0,614500000000.0,602600000000.0,581800000000.0,562000000000.0,543500000000.0,526100000000.0,509500000000.0,377200000000.0,302000000000.0,253600000000.0,126400000000.0
169,6000.0,0.0,5.083e+16,3677000000000000.0,1192000000000000.0,560400000000000.0,313000000000000.0,190500000000000.0,126000000000000.0,94940000000000.0,75380000000000.0,61360000000000.0,51370000000000.0,43330000000000.0,36780000000000.0,31360000000000.0,26800000000000.0,23050000000000.0,20020000000000.0,17520000000000.0,15470000000000.0,13750000000000.0,12360000000000.0,9909000000000.0,8357000000000.0,7156000000000.0,6222000000000.0,5530000000000.0,5006000000000.0,4558000000000.0,4196000000000.0,3906000000000.0,3694000000000.0,3527000000000.0,3372000000000.0,3229000000000.0,3098000000000.0,2975000000000.0,2859000000000.0,2753000000000.0,2653000000000.0,2552000000000.0,2460000000000.0,2374000000000.0,2298000000000.0,2226000000000.0,2157000000000.0,2091000000000.0,2028000000000.0,1967000000000.0,1907000000000.0,1795000000000.0,1689000000000.0,1590000000000.0,1502000000000.0,1421000000000.0,1348000000000.0,1281000000000.0,1221000000000.0,1169000000000.0,1123000000000.0,1081000000000.0,1045000000000.0,988100000000.0,936700000000.0,889000000000.0,845200000000.0,805100000000.0,516600000000.0,373300000000.0,288900000000.0,87570000000.0
170,300.0,30.0,257100000000.0,37550000000.0,14470000000.0,7936000000.0,5284000000.0,3960000000.0,3221000000.0,2861000000.0,2622000000.0,2434000000.0,2290000000.0,2165000000.0,2055000000.0,1959000000.0,1875000000.0,1800000000.0,1735000000.0,1677000000.0,1625000000.0,1578000000.0,1538000000.0,1462000000.0,1409000000.0,1361000000.0,1317000000.0,1281000000.0,1250000000.0,1220000000.0,1193000000.0,1168000000.0,1148000000.0,1129000000.0,1111000000.0,1094000000.0,1077000000.0,1061000000.0,1046000000.0,1031000000.0,1017000000.0,1002000000.0,989100000.0,976200000.0,964300000.0,952800000.0,941400000.0,930300000.0,919300000.0,908500000.0,898000000.0,877800000.0,858300000.0,839100000.0,821600000.0,805000000.0,788900000.0,773800000.0,759300000.0,745700000.0,732600000.0,720200000.0,708300000.0,687000000.0,667000000.0,647900000.0,629800000.0,612800000.0,479200000.0,394800000.0,336300000.0,169900000.0
171,15000.0,40.0,7.386e+16,44720000000000.0,8072000000000.0,4965000000000.0,3821000000000.0,3122000000000.0,2610000000000.0,2199000000000.0,1862000000000.0,1584000000000.0,1361000000000.0,1176000000000.0,1016000000000.0,879300000000.0,762500000000.0,663000000000.0,577100000000.0,502000000000.0,436500000000.0,380100000000.0,332900000000.0,242500000000.0,179600000000.0,134900000000.0,103000000000.0,80710000000.0,64130000000.0,51710000000.0,42410000000.0,35410000000.0,29920000000.0,25400000000.0,21940000000.0,19180000000.0,16930000000.0,15030000000.0,13350000000.0,12080000000.0,11000000000.0,10070000000.0,9187000000.0,8533000000.0,7973000000.0,7482000000.0,6967000000.0,6593000000.0,6257000000.0,5953000000.0,5607000000.0,5135000000.0,4676000000.0,4285000000.0,3994000000.0,3703000000.0,3447000000.0,3223000000.0,3045000000.0,2864000000.0,2702000000.0,2557000000.0,2420000000.0,2199000000.0,2014000000.0,1851000000.0,1713000000.0,1594000000.0,886000000.0,566800000.0,403500000.0,123500000.0
172,35800.0,10.0,275800000000000.0,4253000000000.0,2577000000000.0,1859000000000.0,1419000000000.0,1139000000000.0,937300000000.0,782600000000.0,661300000000.0,566000000000.0,492200000000.0,431200000000.0,379300000000.0,335000000000.0,297900000000.0,265800000000.0,238000000000.0,213600000000.0,192100000000.0,173300000000.0,157300000000.0,126100000000.0,103700000000.0,86730000000.0,73910000000.0,64340000000.0,56910000000.0,50880000000.0,45960000000.0,41940000000.0,38640000000.0,35800000000.0,33340000000.0,31190000000.0,29280000000.0,27540000000.0,25920000000.0,24510000000.0,23220000000.0,22040000000.0,20940000000.0,19970000000.0,19110000000.0,18320000000.0,17570000000.0,16880000000.0,16220000000.0,15600000000.0,15000000000.0,13940000000.0,12980000000.0,12120000000.0,11390000000.0,10730000000.0,10120000000.0,9564000000.0,9061000000.0,8591000000.0,8157000000.0,7761000000.0,7396000000.0,6760000000.0,6204000000.0,5714000000.0,5284000000.0,4906000000.0,2683000000.0,1678000000.0,1167000000.0,332000000.0
173,8000.0,80.0,5.035e+16,993000000000000.0,205800000000000.0,74460000000000.0,34770000000000.0,16900000000000.0,9275000000000.0,6441000000000.0,4873000000000.0,3808000000000.0,3080000000000.0,2517000000000.0,2075000000000.0,1725000000000.0,1442000000000.0,1215000000000.0,1037000000000.0,892600000000.0,775600000000.0,680800000000.0,604900000000.0,478100000000.0,400200000000.0,340300000000.0,293900000000.0,259500000000.0,233400000000.0,211300000000.0,193400000000.0,179000000000.0,168300000000.0,159800000000.0,152000000000.0,144800000000.0,138300000000.0,132100000000.0,126300000000.0,121200000000.0,116400000000.0,111800000000.0,107600000000.0,103700000000.0,100200000000.0,96980000000.0,93860000000.0,90910000000.0,88080000000.0,85380000000.0,82710000000.0,77860000000.0,73360000000.0,69140000000.0,65230000000.0,61560000000.0,58230000000.0,55260000000.0,52560000000.0,50150000000.0,47950000000.0,45980000000.0,44230000000.0,41380000000.0,38770000000.0,36410000000.0,34260000000.0,32290000000.0,18520000000.0,12340000000.0,8969000000.0,2071000000.0
174,1200.0,90.0,51300000000000.0,4560000000000.0,2590000000000.0,1846000000000.0,1433000000000.0,1170000000000.0,994000000000.0,886000000000.0,806600000000.0,743600000000.0,694700000000.0,652000000000.0,614300000000.0,581100000000.0,551600000000.0,525200000000.0,502300000000.0,481800000000.0,463400000000.0,447100000000.0,432900000000.0,405300000000.0,385300000000.0,367800000000.0,352500000000.0,339800000000.0,329200000000.0,319200000000.0,310100000000.0,302100000000.0,295300000000.0,289300000000.0,283500000000.0,278000000000.0,272700000000.0,267500000000.0,262500000000.0,257900000000.0,253500000000.0,249100000000.0,245000000000.0,241200000000.0,237600000000.0,234100000000.0,230800000000.0,227600000000.0,224400000000.0,221300000000.0,218300000000.0,212500000000.0,206900000000.0,201500000000.0,196400000000.0,191500000000.0,186800000000.0,182400000000.0,178200000000.0,174300000000.0,170600000000.0,167100000000.0,163800000000.0,157900000000.0,152300000000.0,147000000000.0,142100000000.0,137400000000.0,100100000000.0,79240000000.0,66050000000.0,32620000000.0
175,10000.0,10.0,2.988e+17,2520000000000000.0,395700000000000.0,121200000000000.0,50080000000000.0,21910000000000.0,11200000000000.0,7678000000000.0,5824000000000.0,4555000000000.0,3684000000000.0,3009000000000.0,2476000000000.0,2047000000000.0,1692000000000.0,1411000000000.0,1191000000000.0,1016000000000.0,876500000000.0,762900000000.0,673600000000.0,524600000000.0,434000000000.0,364700000000.0,311400000000.0,272100000000.0,242000000000.0,217000000000.0,197100000000.0,181300000000.0,169600000000.0,160200000000.0,151900000000.0,144500000000.0,137800000000.0,131700000000.0,125800000000.0,120700000000.0,115900000000.0,111200000000.0,106800000000.0,102900000000.0,99430000000.0,96150000000.0,92920000000.0,89950000000.0,87110000000.0,84390000000.0,81640000000.0,76720000000.0,72050000000.0,67630000000.0,63780000000.0,60210000000.0,56930000000.0,53960000000.0,51280000000.0,48910000000.0,46750000000.0,44740000000.0,42920000000.0,39980000000.0,37360000000.0,34960000000.0,32800000000.0,30850000000.0,16750000000.0,10650000000.0,7547000000.0,1590000000.0
176,500.0,40.0,2012000000000.0,360000000000.0,167900000000.0,102000000000.0,70780000000.0,53380000000.0,43260000000.0,38210000000.0,34820000000.0,32140000000.0,30090000000.0,28300000000.0,26720000000.0,25310000000.0,24070000000.0,22950000000.0,21980000000.0,21120000000.0,20350000000.0,19660000000.0,19070000000.0,17940000000.0,17150000000.0,16430000000.0,15790000000.0,15270000000.0,14810000000.0,14390000000.0,14000000000.0,13650000000.0,13360000000.0,13090000000.0,12840000000.0,12600000000.0,12380000000.0,12160000000.0,11940000000.0,11740000000.0,11540000000.0,11350000000.0,11160000000.0,10990000000.0,10820000000.0,10670000000.0,10510000000.0,10360000000.0,10220000000.0,10070000000.0,9930000000.0,9658000000.0,9396000000.0,9139000000.0,8904000000.0,8683000000.0,8471000000.0,8272000000.0,8084000000.0,7910000000.0,7745000000.0,7589000000.0,7442000000.0,7187000000.0,6947000000.0,6720000000.0,6507000000.0,6307000000.0,4755000000.0,3821000000.0,3203000000.0,1567000000.0
177,17500.0,0.0,1.162e+17,41740000000000.0,11340000000000.0,8524000000000.0,6994000000000.0,5877000000000.0,4989000000000.0,4227000000000.0,3585000000000.0,3048000000000.0,2612000000000.0,2247000000000.0,1934000000000.0,1663000000000.0,1432000000000.0,1237000000000.0,1069000000000.0,922500000000.0,795600000000.0,686500000000.0,596200000000.0,424200000000.0,306700000000.0,224600000000.0,167000000000.0,126900000000.0,97320000000.0,75360000000.0,59110000000.0,47050000000.0,37620000000.0,29940000000.0,24210000000.0,19800000000.0,16280000000.0,13420000000.0,10920000000.0,9171000000.0,7731000000.0,6553000000.0,5398000000.0,4652000000.0,4034000000.0,3516000000.0,2924000000.0,2589000000.0,2310000000.0,2075000000.0,1737000000.0,1441000000.0,1107000000.0,852500000.0,735300000.0,570800000.0,442400000.0,343500000.0,307100000.0,240200000.0,187500000.0,146200000.0,97800000.0,50330000.0,25750000.0,7481000.0,0.0,0.0,0.0,0.0,0.0,0.0
178,800.0,70.0,12330000000000.0,1408000000000.0,768800000000.0,524500000000.0,391900000000.0,313300000000.0,261700000000.0,229500000000.0,205900000000.0,187300000000.0,173000000000.0,160800000000.0,150200000000.0,141000000000.0,133000000000.0,125900000000.0,119800000000.0,114400000000.0,109500000000.0,105300000000.0,101600000000.0,94480000000.0,89350000000.0,84970000000.0,81210000000.0,78110000000.0,75520000000.0,73100000000.0,70930000000.0,68980000000.0,67320000000.0,65830000000.0,64400000000.0,63040000000.0,61740000000.0,60490000000.0,59300000000.0,58200000000.0,57140000000.0,56110000000.0,55130000000.0,54210000000.0,53370000000.0,52560000000.0,51780000000.0,51010000000.0,50270000000.0,49540000000.0,48820000000.0,47460000000.0,46160000000.0,44890000000.0,43690000000.0,42540000000.0,41450000000.0,40430000000.0,39470000000.0,38570000000.0,37710000000.0,36910000000.0,36150000000.0,34800000000.0,33520000000.0,32340000000.0,31240000000.0,30200000000.0,22210000000.0,17740000000.0,14890000000.0,7549000000.0
179,1100.0,10.0,16370000000000.0,3346000000000.0,2005000000000.0,1479000000000.0,1209000000000.0,1066000000000.0,976300000000.0,926500000000.0,889500000000.0,858600000000.0,833600000000.0,810200000000.0,787900000000.0,766300000000.0,744700000000.0,724600000000.0,707000000000.0,691000000000.0,676700000000.0,663500000000.0,652200000000.0,630500000000.0,615100000000.0,600500000000.0,587000000000.0,575500000000.0,565200000000.0,555100000000.0,545500000000.0,536600000000.0,528700000000.0,521300000000.0,514200000000.0,507200000000.0,500600000000.0,494100000000.0,487700000000.0,481500000000.0,475500000000.0,469500000000.0,463800000000.0,458300000000.0,453100000000.0,448100000000.0,443200000000.0,438300000000.0,433500000000.0,428700000000.0,424000000000.0,415000000000.0,406200000000.0,397300000000.0,388900000000.0,380800000000.0,373000000000.0,365700000000.0,358600000000.0,351900000000.0,345500000000.0,339100000000.0,332900000000.0,321600000000.0,311000000000.0,300900000000.0,291400000000.0,282500000000.0,209100000000.0,165300000000.0,137400000000.0,69010000000.0
180,800.0,60.0,14330000000000.0,1185000000000.0,654800000000.0,446100000000.0,332900000000.0,266300000000.0,224100000000.0,199400000000.0,181500000000.0,167300000000.0,156400000000.0,146900000000.0,138600000000.0,131200000000.0,124500000000.0,118600000000.0,113500000000.0,109000000000.0,105000000000.0,101400000000.0,98390000000.0,92610000000.0,88510000000.0,84960000000.0,81870000000.0,79310000000.0,77130000000.0,75080000000.0,73220000000.0,71540000000.0,70090000000.0,68780000000.0,67520000000.0,66290000000.0,65120000000.0,63980000000.0,62870000000.0,61840000000.0,60850000000.0,59870000000.0,58940000000.0,58060000000.0,57240000000.0,56450000000.0,55690000000.0,54940000000.0,54200000000.0,53480000000.0,52760000000.0,51400000000.0,50080000000.0,48790000000.0,47550000000.0,46360000000.0,45220000000.0,44160000000.0,43150000000.0,42210000000.0,41310000000.0,40460000000.0,39670000000.0,38250000000.0,36900000000.0,35640000000.0,34470000000.0,33350000000.0,24680000000.0,19790000000.0,16650000000.0,8489000000.0
181,500.0,50.0,2341000000000.0,363300000000.0,177800000000.0,112500000000.0,80100000000.0,61730000000.0,50300000000.0,43410000000.0,38330000000.0,34310000000.0,31160000000.0,28490000000.0,26170000000.0,24150000000.0,22400000000.0,20850000000.0,19520000000.0,18340000000.0,17300000000.0,16390000000.0,15620000000.0,14140000000.0,13100000000.0,12270000000.0,11600000000.0,11080000000.0,10660000000.0,10300000000.0,9980000000.0,9707000000.0,9480000000.0,9281000000.0,9093000000.0,8913000000.0,8744000000.0,8580000000.0,8422000000.0,8277000000.0,8136000000.0,7999000000.0,7870000000.0,7747000000.0,7634000000.0,7525000000.0,7420000000.0,7317000000.0,7217000000.0,7118000000.0,7021000000.0,6837000000.0,6662000000.0,6490000000.0,6327000000.0,6172000000.0,6024000000.0,5886000000.0,5756000000.0,5635000000.0,5519000000.0,5411000000.0,5310000000.0,5130000000.0,4959000000.0,4800000000.0,4651000000.0,4510000000.0,3402000000.0,2754000000.0,2322000000.0,1150000000.0
182,1200.0,80.0,52660000000000.0,4593000000000.0,2611000000000.0,1862000000000.0,1447000000000.0,1182000000000.0,1004000000000.0,895000000000.0,814800000000.0,751300000000.0,701900000000.0,658900000000.0,620900000000.0,587300000000.0,557500000000.0,530800000000.0,507600000000.0,486900000000.0,468400000000.0,451900000000.0,437500000000.0,409800000000.0,389600000000.0,372000000000.0,356600000000.0,343800000000.0,333100000000.0,323000000000.0,313900000000.0,305800000000.0,299000000000.0,292900000000.0,287100000000.0,281500000000.0,276100000000.0,270900000000.0,265900000000.0,261200000000.0,256800000000.0,252400000000.0,248300000000.0,244300000000.0,240700000000.0,237200000000.0,233900000000.0,230600000000.0,227400000000.0,224300000000.0,221200000000.0,215300000000.0,209700000000.0,204200000000.0,199000000000.0,194000000000.0,189200000000.0,184800000000.0,180600000000.0,176600000000.0,172900000000.0,169300000000.0,166000000000.0,160000000000.0,154200000000.0,148900000000.0,143900000000.0,139100000000.0,101300000000.0,80190000000.0,66850000000.0,33090000000.0
183,3000.0,10.0,1165000000000000.0,328200000000000.0,227500000000000.0,173000000000000.0,134400000000000.0,103800000000000.0,83280000000000.0,71830000000000.0,63730000000000.0,57300000000000.0,52310000000000.0,47960000000000.0,44130000000000.0,40740000000000.0,37730000000000.0,35050000000000.0,32710000000000.0,30630000000000.0,28780000000000.0,27120000000000.0,25680000000000.0,22810000000000.0,20700000000000.0,18920000000000.0,17420000000000.0,16230000000000.0,15260000000000.0,14380000000000.0,13610000000000.0,12960000000000.0,12430000000000.0,11970000000000.0,11540000000000.0,11150000000000.0,10780000000000.0,10440000000000.0,10110000000000.0,9812000000000.0,9528000000000.0,9248000000000.0,8988000000000.0,8746000000000.0,8528000000000.0,8322000000000.0,8124000000000.0,7934000000000.0,7751000000000.0,7575000000000.0,7401000000000.0,7075000000000.0,6768000000000.0,6477000000000.0,6224000000000.0,5994000000000.0,5780000000000.0,5585000000000.0,5406000000000.0,5251000000000.0,5111000000000.0,4983000000000.0,4872000000000.0,4697000000000.0,4536000000000.0,4382000000000.0,4238000000000.0,4103000000000.0,3051000000000.0,2423000000000.0,2008000000000.0,915300000000.0
184,8000.0,90.0,4.95e+16,977200000000000.0,202600000000000.0,73290000000000.0,34220000000000.0,16640000000000.0,9132000000000.0,6342000000000.0,4799000000000.0,3751000000000.0,3034000000000.0,2480000000000.0,2045000000000.0,1699000000000.0,1421000000000.0,1198000000000.0,1022000000000.0,880000000000.0,764900000000.0,671500000000.0,596700000000.0,471700000000.0,395000000000.0,335900000000.0,290200000000.0,256300000000.0,230500000000.0,208700000000.0,191000000000.0,176900000000.0,166300000000.0,157900000000.0,150200000000.0,143100000000.0,136600000000.0,130500000000.0,124800000000.0,119700000000.0,115000000000.0,110500000000.0,106300000000.0,102400000000.0,99000000000.0,95770000000.0,92690000000.0,89770000000.0,86980000000.0,84300000000.0,81670000000.0,76880000000.0,72430000000.0,68260000000.0,64400000000.0,60780000000.0,57490000000.0,54550000000.0,51890000000.0,49510000000.0,47340000000.0,45390000000.0,43660000000.0,40850000000.0,38270000000.0,35940000000.0,33820000000.0,31870000000.0,18280000000.0,12180000000.0,8851000000.0,2044000000.0
185,15000.0,50.0,6.043e+16,37040000000000.0,6629000000000.0,4028000000000.0,3082000000000.0,2513000000000.0,2098000000000.0,1768000000000.0,1498000000000.0,1277000000000.0,1099000000000.0,951400000000.0,824500000000.0,715200000000.0,622300000000.0,543000000000.0,474500000000.0,414600000000.0,362300000000.0,317000000000.0,279200000000.0,206500000000.0,155700000000.0,119300000000.0,93180000000.0,74680000000.0,60830000000.0,50330000000.0,42340000000.0,36250000000.0,31420000000.0,27410000000.0,24260000000.0,21700000000.0,19570000000.0,17750000000.0,16120000000.0,14840000000.0,13720000000.0,12750000000.0,11830000000.0,11110000000.0,10490000000.0,9932000000.0,9367000000.0,8924000000.0,8517000000.0,8141000000.0,7741000000.0,7134000000.0,6562000000.0,6066000000.0,5673000000.0,5298000000.0,4961000000.0,4662000000.0,4409000000.0,4162000000.0,3938000000.0,3736000000.0,3547000000.0,3231000000.0,2961000000.0,2724000000.0,2519000000.0,2341000000.0,1287000000.0,812600000.0,571300000.0,168400000.0
186,300.0,20.0,108800000000.0,12080000000.0,3920000000.0,2152000000.0,1521000000.0,1185000000.0,991000000.0,895100000.0,830700000.0,779800000.0,741100000.0,707300000.0,677600000.0,651500000.0,628800000.0,608300000.0,590600000.0,574800000.0,560700000.0,548000000.0,537200000.0,516700000.0,502600000.0,489500000.0,477700000.0,467700000.0,458900000.0,450400000.0,442600000.0,435400000.0,429200000.0,423500000.0,418000000.0,412700000.0,407700000.0,402800000.0,397900000.0,393300000.0,388700000.0,384400000.0,380200000.0,376200000.0,372400000.0,368800000.0,365200000.0,361600000.0,358100000.0,354700000.0,351300000.0,344900000.0,338600000.0,332500000.0,326800000.0,321400000.0,316100000.0,311100000.0,306300000.0,301800000.0,297300000.0,293100000.0,289000000.0,281600000.0,274500000.0,267700000.0,261300000.0,255200000.0,206000000.0,174000000.0,151500000.0,87540000.0
187,22500.0,0.0,1.505e+16,13170000000000.0,9196000000000.0,7578000000000.0,6279000000000.0,5282000000000.0,4484000000000.0,3803000000000.0,3230000000000.0,2756000000000.0,2372000000000.0,2052000000000.0,1776000000000.0,1536000000000.0,1331000000000.0,1155000000000.0,1003000000000.0,869900000000.0,753300000000.0,652700000000.0,568400000000.0,406300000000.0,292800000000.0,212200000000.0,155200000000.0,115600000000.0,86540000000.0,65190000000.0,49600000000.0,38290000000.0,29690000000.0,22890000000.0,17930000000.0,14220000000.0,11330000000.0,9054000000.0,7158000000.0,5849000000.0,4819000000.0,4007000000.0,3240000000.0,2762000000.0,2381000000.0,2072000000.0,1714000000.0,1524000000.0,1368000000.0,1238000000.0,1037000000.0,878400000.0,686100000.0,539700000.0,478600000.0,381700000.0,305500000.0,246200000.0,226500000.0,185400000.0,153000000.0,127500000.0,96810000.0,67160000.0,51810000.0,40180000.0,35500000.0,35730000.0,45740000.0,32440000.0,40780000.0,43520000.0
188,1700.0,70.0,203000000000000.0,16650000000000.0,10110000000000.0,7530000000000.0,5999000000000.0,4904000000000.0,4142000000000.0,3666000000000.0,3314000000000.0,3035000000000.0,2818000000000.0,2628000000000.0,2461000000000.0,2313000000000.0,2182000000000.0,2065000000000.0,1963000000000.0,1872000000000.0,1790000000000.0,1717000000000.0,1654000000000.0,1530000000000.0,1439000000000.0,1361000000000.0,1293000000000.0,1237000000000.0,1191000000000.0,1147000000000.0,1109000000000.0,1075000000000.0,1047000000000.0,1023000000000.0,999200000000.0,976700000000.0,955300000000.0,934700000000.0,914900000000.0,896800000000.0,879500000000.0,862600000000.0,846700000000.0,831700000000.0,817900000000.0,804700000000.0,792200000000.0,780000000000.0,768000000000.0,756400000000.0,745000000000.0,723500000000.0,703200000000.0,683400000000.0,664800000000.0,647100000000.0,630400000000.0,615000000000.0,600500000000.0,587100000000.0,574400000000.0,562600000000.0,551700000000.0,532700000000.0,514500000000.0,497600000000.0,481600000000.0,466400000000.0,345200000000.0,276400000000.0,232100000000.0,115700000000.0
189,6000.0,40.0,3.688e+16,1359000000000000.0,393300000000000.0,177100000000000.0,97240000000000.0,57300000000000.0,36840000000000.0,27420000000000.0,21610000000000.0,17490000000000.0,14570000000000.0,12230000000000.0,10330000000000.0,8776000000000.0,7472000000000.0,6407000000000.0,5550000000000.0,4848000000000.0,4268000000000.0,3791000000000.0,3402000000000.0,2730000000000.0,2304000000000.0,1975000000000.0,1718000000000.0,1527000000000.0,1382000000000.0,1258000000000.0,1157000000000.0,1075000000000.0,1015000000000.0,967600000000.0,923300000000.0,881700000000.0,843400000000.0,807400000000.0,773600000000.0,743300000000.0,714900000000.0,687500000000.0,662300000000.0,639000000000.0,618100000000.0,598400000000.0,579800000000.0,562000000000.0,544900000000.0,528600000000.0,512500000000.0,483200000000.0,456000000000.0,430400000000.0,406500000000.0,384000000000.0,363700000000.0,345900000000.0,329800000000.0,315600000000.0,302900000000.0,291600000000.0,281700000000.0,266200000000.0,251900000000.0,238900000000.0,227000000000.0,215900000000.0,135900000000.0,97600000000.0,75110000000.0,22140000000.0
190,1700.0,0.0,86450000000000.0,30280000000000.0,23070000000000.0,19120000000000.0,16350000000000.0,14190000000000.0,12550000000000.0,11400000000000.0,10500000000000.0,9778000000000.0,9212000000000.0,8709000000000.0,8259000000000.0,7853000000000.0,7486000000000.0,7154000000000.0,6862000000000.0,6599000000000.0,6362000000000.0,6147000000000.0,5960000000000.0,5587000000000.0,5314000000000.0,5071000000000.0,4858000000000.0,4683000000000.0,4535000000000.0,4395000000000.0,4270000000000.0,4159000000000.0,4068000000000.0,3987000000000.0,3909000000000.0,3835000000000.0,3765000000000.0,3698000000000.0,3632000000000.0,3570000000000.0,3510000000000.0,3452000000000.0,3397000000000.0,3345000000000.0,3297000000000.0,3250000000000.0,3205000000000.0,3160000000000.0,3117000000000.0,3074000000000.0,3032000000000.0,2953000000000.0,2876000000000.0,2801000000000.0,2733000000000.0,2670000000000.0,2609000000000.0,2552000000000.0,2498000000000.0,2448000000000.0,2400000000000.0,2354000000000.0,2311000000000.0,2234000000000.0,2162000000000.0,2094000000000.0,2030000000000.0,1970000000000.0,1476000000000.0,1181000000000.0,991900000000.0,507300000000.0
191,1600.0,0.0,68850000000000.0,22140000000000.0,16600000000000.0,13670000000000.0,11680000000000.0,10230000000000.0,9156000000000.0,8423000000000.0,7851000000000.0,7386000000000.0,7018000000000.0,6689000000000.0,6391000000000.0,6119000000000.0,5870000000000.0,5642000000000.0,5441000000000.0,5260000000000.0,5096000000000.0,4947000000000.0,4817000000000.0,4557000000000.0,4368000000000.0,4197000000000.0,4045000000000.0,3920000000000.0,3812000000000.0,3710000000000.0,3618000000000.0,3536000000000.0,3467000000000.0,3406000000000.0,3347000000000.0,3290000000000.0,3237000000000.0,3185000000000.0,3134000000000.0,3085000000000.0,3038000000000.0,2993000000000.0,2949000000000.0,2908000000000.0,2869000000000.0,2832000000000.0,2796000000000.0,2760000000000.0,2725000000000.0,2690000000000.0,2656000000000.0,2592000000000.0,2530000000000.0,2467000000000.0,2410000000000.0,2357000000000.0,2305000000000.0,2257000000000.0,2211000000000.0,2168000000000.0,2126000000000.0,2086000000000.0,2047000000000.0,1978000000000.0,1913000000000.0,1851000000000.0,1793000000000.0,1739000000000.0,1289000000000.0,1021000000000.0,851700000000.0,428100000000.0
192,30000.0,90.0,193400000000000.0,3274000000000.0,1904000000000.0,1386000000000.0,1082000000000.0,885200000000.0,740500000000.0,629000000000.0,540300000000.0,469000000000.0,412900000000.0,365800000000.0,325100000000.0,290100000000.0,260600000000.0,234700000000.0,212000000000.0,191900000000.0,174000000000.0,158300000000.0,144700000000.0,117900000000.0,98080000000.0,82820000000.0,71060000000.0,62150000000.0,55170000000.0,49450000000.0,44750000000.0,40900000000.0,37730000000.0,35030000000.0,32670000000.0,30590000000.0,28750000000.0,27070000000.0,25510000000.0,24150000000.0,22890000000.0,21740000000.0,20690000000.0,19740000000.0,18900000000.0,18130000000.0,17400000000.0,16720000000.0,16080000000.0,15470000000.0,14890000000.0,13840000000.0,12900000000.0,12050000000.0,11320000000.0,10670000000.0,10070000000.0,9526000000.0,9025000000.0,8560000000.0,8130000000.0,7737000000.0,7376000000.0,6744000000.0,6190000000.0,5702000000.0,5273000000.0,4896000000.0,2677000000.0,1674000000.0,1165000000.0,331300000.0
193,30000.0,40.0,312300000000000.0,4054000000000.0,2499000000000.0,1857000000000.0,1461000000000.0,1199000000000.0,1004000000000.0,851900000000.0,729300000000.0,630400000000.0,552000000000.0,486400000000.0,429600000000.0,380800000000.0,339300000000.0,303100000000.0,271500000000.0,243600000000.0,218700000000.0,197000000000.0,178300000000.0,141700000000.0,115000000000.0,94860000000.0,79640000000.0,68370000000.0,59680000000.0,52740000000.0,47180000000.0,42730000000.0,39130000000.0,36090000000.0,33500000000.0,31250000000.0,29290000000.0,27510000000.0,25870000000.0,24450000000.0,23150000000.0,21970000000.0,20870000000.0,19910000000.0,19050000000.0,18260000000.0,17510000000.0,16820000000.0,16170000000.0,15560000000.0,14960000000.0,13900000000.0,12950000000.0,12090000000.0,11360000000.0,10700000000.0,10100000000.0,9543000000.0,9042000000.0,8573000000.0,8140000000.0,7745000000.0,7381000000.0,6746000000.0,6191000000.0,5702000000.0,5273000000.0,4896000000.0,2677000000.0,1674000000.0,1165000000.0,331300000.0
194,1400.0,20.0,44310000000000.0,12230000000000.0,8681000000000.0,6890000000000.0,5720000000000.0,4884000000000.0,4288000000000.0,3908000000000.0,3620000000000.0,3387000000000.0,3204000000000.0,3040000000000.0,2893000000000.0,2759000000000.0,2637000000000.0,2526000000000.0,2428000000000.0,2340000000000.0,2261000000000.0,2189000000000.0,2126000000000.0,2001000000000.0,1909000000000.0,1828000000000.0,1756000000000.0,1696000000000.0,1645000000000.0,1597000000000.0,1554000000000.0,1516000000000.0,1484000000000.0,1455000000000.0,1428000000000.0,1402000000000.0,1377000000000.0,1353000000000.0,1330000000000.0,1308000000000.0,1287000000000.0,1266000000000.0,1246000000000.0,1227000000000.0,1209000000000.0,1193000000000.0,1176000000000.0,1160000000000.0,1144000000000.0,1128000000000.0,1113000000000.0,1084000000000.0,1056000000000.0,1028000000000.0,1002000000000.0,978400000000.0,955500000000.0,934000000000.0,913700000000.0,894900000000.0,877000000000.0,859600000000.0,843000000000.0,814000000000.0,786800000000.0,761000000000.0,736700000000.0,714000000000.0,529400000000.0,421700000000.0,353500000000.0,180200000000.0
195,6000.0,90.0,1.984e+16,811100000000000.0,238100000000000.0,107900000000000.0,59490000000000.0,35240000000000.0,22760000000000.0,16970000000000.0,13390000000000.0,10860000000000.0,9052000000000.0,7605000000000.0,6432000000000.0,5470000000000.0,4664000000000.0,4004000000000.0,3473000000000.0,3037000000000.0,2677000000000.0,2380000000000.0,2137000000000.0,1718000000000.0,1451000000000.0,1245000000000.0,1084000000000.0,964000000000.0,872700000000.0,794500000000.0,730800000000.0,679500000000.0,641400000000.0,611200000000.0,583100000000.0,556700000000.0,532400000000.0,509500000000.0,488100000000.0,468900000000.0,450900000000.0,433600000000.0,417600000000.0,402900000000.0,389600000000.0,377200000000.0,365400000000.0,354100000000.0,343400000000.0,333100000000.0,322900000000.0,304400000000.0,287200000000.0,271100000000.0,256100000000.0,241900000000.0,229100000000.0,217900000000.0,207800000000.0,198900000000.0,190800000000.0,183700000000.0,177400000000.0,167600000000.0,158600000000.0,150400000000.0,142800000000.0,135800000000.0,85480000000.0,61350000000.0,47190000000.0,13950000000.0
196,1900.0,10.0,146300000000000.0,51850000000000.0,39580000000000.0,32600000000000.0,27480000000000.0,23270000000000.0,20100000000000.0,17960000000000.0,16330000000000.0,15020000000000.0,14010000000000.0,13120000000000.0,12330000000000.0,11630000000000.0,11010000000000.0,10460000000000.0,9965000000000.0,9524000000000.0,9128000000000.0,8770000000000.0,8457000000000.0,7830000000000.0,7368000000000.0,6963000000000.0,6612000000000.0,6325000000000.0,6085000000000.0,5861000000000.0,5662000000000.0,5488000000000.0,5344000000000.0,5219000000000.0,5099000000000.0,4985000000000.0,4879000000000.0,4777000000000.0,4679000000000.0,4587000000000.0,4498000000000.0,4411000000000.0,4330000000000.0,4253000000000.0,4182000000000.0,4115000000000.0,4049000000000.0,3985000000000.0,3922000000000.0,3861000000000.0,3801000000000.0,3688000000000.0,3580000000000.0,3474000000000.0,3380000000000.0,3293000000000.0,3210000000000.0,3133000000000.0,3061000000000.0,2995000000000.0,2934000000000.0,2875000000000.0,2820000000000.0,2728000000000.0,2641000000000.0,2558000000000.0,2481000000000.0,2408000000000.0,1815000000000.0,1461000000000.0,1231000000000.0,629500000000.0
197,27500.0,20.0,1280000000000000.0,7572000000000.0,5261000000000.0,4122000000000.0,3333000000000.0,2778000000000.0,2351000000000.0,2002000000000.0,1713000000000.0,1475000000000.0,1283000000000.0,1122000000000.0,982300000000.0,861100000000.0,757200000000.0,666900000000.0,588300000000.0,518900000000.0,457500000000.0,404100000000.0,358700000000.0,270400000000.0,207100000000.0,160700000000.0,126900000000.0,102800000000.0,84800000000.0,71110000000.0,60730000000.0,52870000000.0,46770000000.0,41810000000.0,37880000000.0,34660000000.0,31970000000.0,29650000000.0,27550000000.0,25820000000.0,24290000000.0,22930000000.0,21650000000.0,20580000000.0,19640000000.0,18790000000.0,17940000000.0,17210000000.0,16530000000.0,15880000000.0,15230000000.0,14140000000.0,13130000000.0,12230000000.0,11480000000.0,10800000000.0,10170000000.0,9598000000.0,9091000000.0,8610000000.0,8168000000.0,7766000000.0,7392000000.0,6749000000.0,6189000000.0,5697000000.0,5267000000.0,4890000000.0,2674000000.0,1672000000.0,1163000000.0,330900000.0
198,5000.0,70.0,1.054e+16,572100000000000.0,209600000000000.0,109500000000000.0,66790000000000.0,43440000000000.0,30530000000000.0,24320000000000.0,20270000000000.0,17230000000000.0,14940000000000.0,13010000000000.0,11360000000000.0,9937000000000.0,8660000000000.0,7588000000000.0,6704000000000.0,5964000000000.0,5339000000000.0,4813000000000.0,4375000000000.0,3586000000000.0,3063000000000.0,2652000000000.0,2328000000000.0,2083000000000.0,1895000000000.0,1732000000000.0,1597000000000.0,1488000000000.0,1404000000000.0,1337000000000.0,1275000000000.0,1216000000000.0,1163000000000.0,1112000000000.0,1065000000000.0,1023000000000.0,983300000000.0,945300000000.0,910400000000.0,878200000000.0,849400000000.0,822400000000.0,796800000000.0,772500000000.0,749200000000.0,727000000000.0,705100000000.0,665300000000.0,628600000000.0,594300000000.0,562400000000.0,532600000000.0,505700000000.0,482200000000.0,460900000000.0,442300000000.0,425600000000.0,410700000000.0,397900000000.0,377900000000.0,359400000000.0,342500000000.0,326900000000.0,312500000000.0,207500000000.0,153900000000.0,121000000000.0,40730000000.0
199,30000.0,0.0,1020000000000000.0,7660000000000.0,5361000000000.0,4209000000000.0,3409000000000.0,2845000000000.0,2411000000000.0,2055000000000.0,1761000000000.0,1518000000000.0,1322000000000.0,1158000000000.0,1015000000000.0,890400000000.0,783600000000.0,690400000000.0,609200000000.0,537400000000.0,473800000000.0,418300000000.0,371100000000.0,279100000000.0,212900000000.0,164400000000.0,129200000000.0,104100000000.0,85500000000.0,71420000000.0,60830000000.0,52860000000.0,46730000000.0,41750000000.0,37840000000.0,34640000000.0,31980000000.0,29680000000.0,27580000000.0,25870000000.0,24350000000.0,23000000000.0,21710000000.0,20640000000.0,19710000000.0,18850000000.0,18000000000.0,17270000000.0,16580000000.0,15930000000.0,15280000000.0,14180000000.0,13160000000.0,12260000000.0,11510000000.0,10820000000.0,10190000000.0,9615000000.0,9108000000.0,8625000000.0,8181000000.0,7778000000.0,7403000000.0,6758000000.0,6197000000.0,5704000000.0,5273000000.0,4896000000.0,2677000000.0,1674000000.0,1165000000.0,331300000.0
200,15000.0,80.0,4.608e+16,28670000000000.0,5120000000000.0,3079000000000.0,2346000000000.0,1911000000000.0,1594000000000.0,1345000000000.0,1142000000000.0,976000000000.0,842900000000.0,732000000000.0,636700000000.0,554700000000.0,485000000000.0,425500000000.0,373900000000.0,328700000000.0,289200000000.0,255000000000.0,226300000000.0,170900000000.0,131800000000.0,103500000000.0,82970000000.0,68210000000.0,57050000000.0,48430000000.0,41750000000.0,36550000000.0,32380000000.0,28880000000.0,26060000000.0,23720000000.0,21730000000.0,19990000000.0,18420000000.0,17140000000.0,16010000000.0,15010000000.0,14070000000.0,13300000000.0,12630000000.0,12020000000.0,11420000000.0,10920000000.0,10460000000.0,10020000000.0,9581000000.0,8861000000.0,8196000000.0,7612000000.0,7132000000.0,6687000000.0,6283000000.0,5920000000.0,5602000000.0,5299000000.0,5022000000.0,4771000000.0,4538000000.0,4140000000.0,3796000000.0,3494000000.0,3230000000.0,3000000000.0,1643000000.0,1032000000.0,721700000.0,209100000.0
201,8000.0,40.0,8.678e+16,1590000000000000.0,327600000000000.0,118100000000000.0,54960000000000.0,26600000000000.0,14540000000000.0,10070000000000.0,7608000000000.0,5935000000000.0,4792000000000.0,3908000000000.0,3214000000000.0,2664000000000.0,2217000000000.0,1861000000000.0,1581000000000.0,1356000000000.0,1174000000000.0,1027000000000.0,909400000000.0,713300000000.0,593200000000.0,501400000000.0,430800000000.0,378700000000.0,339300000000.0,306200000000.0,279700000000.0,258600000000.0,243100000000.0,230800000000.0,219600000000.0,209300000000.0,199900000000.0,191200000000.0,182900000000.0,175600000000.0,168800000000.0,162300000000.0,156200000000.0,150700000000.0,145700000000.0,141000000000.0,136500000000.0,132300000000.0,128300000000.0,124400000000.0,120500000000.0,113600000000.0,107100000000.0,100900000000.0,95240000000.0,89860000000.0,84980000000.0,80650000000.0,76720000000.0,73210000000.0,70040000000.0,67190000000.0,64660000000.0,60590000000.0,56840000000.0,53460000000.0,50360000000.0,47510000000.0,27300000000.0,18250000000.0,13300000000.0,3019000000.0
202,22500.0,70.0,2659000000000000.0,5103000000000.0,3261000000000.0,2541000000000.0,2049000000000.0,1702000000000.0,1434000000000.0,1216000000000.0,1036000000000.0,889700000000.0,772500000000.0,674700000000.0,590200000000.0,517300000000.0,455200000000.0,401700000000.0,355100000000.0,314100000000.0,278000000000.0,246700000000.0,220200000000.0,168600000000.0,131800000000.0,104700000000.0,84820000000.0,70420000000.0,59520000000.0,51010000000.0,44400000000.0,39230000000.0,35120000000.0,31720000000.0,28920000000.0,26580000000.0,24590000000.0,22840000000.0,21270000000.0,19950000000.0,18770000000.0,17720000000.0,16750000000.0,15920000000.0,15200000000.0,14530000000.0,13900000000.0,13330000000.0,12800000000.0,12300000000.0,11820000000.0,10970000000.0,10200000000.0,9517000000.0,8938000000.0,8414000000.0,7932000000.0,7495000000.0,7101000000.0,6731000000.0,6389000000.0,6078000000.0,5791000000.0,5292000000.0,4857000000.0,4474000000.0,4139000000.0,3844000000.0,2112000000.0,1327000000.0,929800000.0,278200000.0
203,1200.0,50.0,75810000000000.0,6007000000000.0,3378000000000.0,2388000000000.0,1843000000000.0,1496000000000.0,1268000000000.0,1133000000000.0,1035000000000.0,957000000000.0,896500000000.0,843400000000.0,796300000000.0,754500000000.0,717000000000.0,683400000000.0,654200000000.0,628300000000.0,605000000000.0,584300000000.0,566300000000.0,531800000000.0,506900000000.0,485000000000.0,465800000000.0,449800000000.0,436300000000.0,423600000000.0,412200000000.0,402000000000.0,393400000000.0,385800000000.0,378400000000.0,371300000000.0,364500000000.0,357800000000.0,351300000000.0,345400000000.0,339600000000.0,334000000000.0,328700000000.0,323600000000.0,318900000000.0,314400000000.0,310000000000.0,305800000000.0,301600000000.0,297500000000.0,293400000000.0,285800000000.0,278400000000.0,271200000000.0,264300000000.0,257800000000.0,251500000000.0,245600000000.0,240100000000.0,234800000000.0,229900000000.0,225200000000.0,220800000000.0,212900000000.0,205400000000.0,198400000000.0,191800000000.0,185400000000.0,135200000000.0,107100000000.0,89320000000.0,44100000000.0
204,500.0,80.0,3270000000000.0,691500000000.0,344000000000.0,228200000000.0,168900000000.0,133900000000.0,109900000000.0,93660000000.0,81440000000.0,71920000000.0,64660000000.0,58520000000.0,53280000000.0,48830000000.0,45130000000.0,41870000000.0,39010000000.0,36460000000.0,34190000000.0,32170000000.0,30410000000.0,26890000000.0,24250000000.0,22070000000.0,20260000000.0,18810000000.0,17620000000.0,16570000000.0,15650000000.0,14850000000.0,14170000000.0,13580000000.0,13030000000.0,12520000000.0,12060000000.0,11620000000.0,11210000000.0,10850000000.0,10500000000.0,10170000000.0,9874000000.0,9596000000.0,9347000000.0,9113000000.0,8894000000.0,8682000000.0,8479000000.0,8283000000.0,8098000000.0,7751000000.0,7433000000.0,7137000000.0,6870000000.0,6626000000.0,6396000000.0,6184000000.0,5987000000.0,5804000000.0,5632000000.0,5473000000.0,5325000000.0,5064000000.0,4824000000.0,4607000000.0,4410000000.0,4230000000.0,2979000000.0,2313000000.0,1898000000.0,885500000.0
205,500.0,90.0,3276000000000.0,712800000000.0,353200000000.0,234200000000.0,173500000000.0,137600000000.0,113000000000.0,96320000000.0,83780000000.0,74020000000.0,66560000000.0,60250000000.0,54870000000.0,50290000000.0,46490000000.0,43130000000.0,40190000000.0,37570000000.0,35230000000.0,33140000000.0,31320000000.0,27680000000.0,24950000000.0,22690000000.0,20810000000.0,19300000000.0,18060000000.0,16960000000.0,16000000000.0,15170000000.0,14470000000.0,13850000000.0,13280000000.0,12750000000.0,12270000000.0,11810000000.0,11390000000.0,11010000000.0,10650000000.0,10310000000.0,9999000000.0,9712000000.0,9454000000.0,9213000000.0,8986000000.0,8768000000.0,8558000000.0,8357000000.0,8165000000.0,7809000000.0,7483000000.0,7179000000.0,6905000000.0,6656000000.0,6421000000.0,6205000000.0,6004000000.0,5817000000.0,5642000000.0,5480000000.0,5329000000.0,5064000000.0,4821000000.0,4601000000.0,4401000000.0,4218000000.0,2959000000.0,2290000000.0,1875000000.0,870800000.0
206,1200.0,40.0,56670000000000.0,6855000000000.0,3985000000000.0,2853000000000.0,2220000000000.0,1815000000000.0,1548000000000.0,1392000000000.0,1279000000000.0,1188000000000.0,1117000000000.0,1055000000000.0,999000000000.0,948800000000.0,903200000000.0,862100000000.0,826200000000.0,794200000000.0,765600000000.0,739800000000.0,717500000000.0,674000000000.0,643100000000.0,615400000000.0,591000000000.0,570900000000.0,553800000000.0,537700000000.0,523100000000.0,510200000000.0,499500000000.0,490000000000.0,480900000000.0,472100000000.0,463900000000.0,455800000000.0,448000000000.0,440600000000.0,433400000000.0,426200000000.0,419500000000.0,413000000000.0,407000000000.0,401200000000.0,395500000000.0,390000000000.0,384500000000.0,379100000000.0,373900000000.0,363800000000.0,354000000000.0,344300000000.0,335400000000.0,327000000000.0,318900000000.0,311400000000.0,304200000000.0,297600000000.0,291300000000.0,285200000000.0,279300000000.0,269100000000.0,259500000000.0,250400000000.0,241900000000.0,234000000000.0,170100000000.0,133600000000.0,110900000000.0,54740000000.0
207,22500.0,60.0,2898000000000000.0,5396000000000.0,3483000000000.0,2724000000000.0,2201000000000.0,1829000000000.0,1542000000000.0,1306000000000.0,1113000000000.0,955100000000.0,828600000000.0,723100000000.0,631900000000.0,553300000000.0,486200000000.0,428400000000.0,378200000000.0,334000000000.0,295100000000.0,261300000000.0,232700000000.0,177200000000.0,137700000000.0,108800000000.0,87570000000.0,72270000000.0,60710000000.0,51750000000.0,44810000000.0,39430000000.0,35150000000.0,31620000000.0,28750000000.0,26360000000.0,24330000000.0,22560000000.0,20960000000.0,19640000000.0,18460000000.0,17410000000.0,16440000000.0,15620000000.0,14900000000.0,14250000000.0,13620000000.0,13060000000.0,12540000000.0,12050000000.0,11560000000.0,10730000000.0,9977000000.0,9305000000.0,8738000000.0,8223000000.0,7751000000.0,7323000000.0,6937000000.0,6575000000.0,6240000000.0,5936000000.0,5655000000.0,5167000000.0,4742000000.0,4368000000.0,4041000000.0,3754000000.0,2064000000.0,1297000000.0,909600000.0,273700000.0
208,8000.0,50.0,6.799e+16,1302000000000000.0,269300000000000.0,97360000000000.0,45430000000000.0,22070000000000.0,12110000000000.0,8408000000000.0,6357000000000.0,4964000000000.0,4011000000000.0,3273000000000.0,2695000000000.0,2235000000000.0,1863000000000.0,1566000000000.0,1332000000000.0,1143000000000.0,990400000000.0,866800000000.0,768000000000.0,602900000000.0,501600000000.0,424300000000.0,364900000000.0,321000000000.0,287800000000.0,259900000000.0,237400000000.0,219600000000.0,206400000000.0,195900000000.0,186400000000.0,177700000000.0,169700000000.0,162200000000.0,155200000000.0,148900000000.0,143100000000.0,137600000000.0,132400000000.0,127700000000.0,123500000000.0,119500000000.0,115700000000.0,112100000000.0,108600000000.0,105300000000.0,102100000000.0,96160000000.0,90640000000.0,85460000000.0,80650000000.0,76100000000.0,71980000000.0,68320000000.0,64990000000.0,62030000000.0,59340000000.0,56920000000.0,54770000000.0,51300000000.0,48110000000.0,45240000000.0,42600000000.0,40180000000.0,23090000000.0,15430000000.0,11230000000.0,2567000000.0
209,600.0,10.0,910500000000.0,130000000000.0,53800000000.0,32720000000.0,24160000000.0,19940000000.0,17340000000.0,15830000000.0,14730000000.0,13850000000.0,13170000000.0,12560000000.0,12020000000.0,11520000000.0,11070000000.0,10660000000.0,10310000000.0,10010000000.0,9736000000.0,9495000000.0,9291000000.0,8919000000.0,8672000000.0,8442000000.0,8232000000.0,8055000000.0,7899000000.0,7748000000.0,7608000000.0,7479000000.0,7366000000.0,7263000000.0,7163000000.0,7067000000.0,6975000000.0,6886000000.0,6797000000.0,6712000000.0,6630000000.0,6549000000.0,6472000000.0,6398000000.0,6329000000.0,6261000000.0,6195000000.0,6130000000.0,6065000000.0,6001000000.0,5939000000.0,5820000000.0,5704000000.0,5588000000.0,5480000000.0,5377000000.0,5277000000.0,5184000000.0,5093000000.0,5007000000.0,4924000000.0,4844000000.0,4766000000.0,4624000000.0,4490000000.0,4362000000.0,4242000000.0,4128000000.0,3213000000.0,2644000000.0,2261000000.0,1216000000.0
210,15000.0,90.0,4.534e+16,28240000000000.0,5048000000000.0,3035000000000.0,2312000000000.0,1883000000000.0,1570000000000.0,1325000000000.0,1126000000000.0,962200000000.0,831100000000.0,721800000000.0,628000000000.0,547200000000.0,478600000000.0,420000000000.0,369200000000.0,324700000000.0,285800000000.0,252100000000.0,223800000000.0,169200000000.0,130700000000.0,102800000000.0,82490000000.0,67910000000.0,56870000000.0,48330000000.0,41720000000.0,36560000000.0,32420000000.0,28950000000.0,26140000000.0,23810000000.0,21830000000.0,20100000000.0,18530000000.0,17250000000.0,16120000000.0,15120000000.0,14180000000.0,13410000000.0,12730000000.0,12120000000.0,11520000000.0,11020000000.0,10550000000.0,10110000000.0,9671000000.0,8946000000.0,8277000000.0,7689000000.0,7204000000.0,6756000000.0,6349000000.0,5984000000.0,5663000000.0,5357000000.0,5077000000.0,4824000000.0,4588000000.0,4187000000.0,3839000000.0,3534000000.0,3267000000.0,3035000000.0,1662000000.0,1044000000.0,729900000.0,211400000.0
211,5000.0,60.0,1.188e+16,628400000000000.0,229700000000000.0,119900000000000.0,73090000000000.0,47510000000000.0,33380000000000.0,26590000000000.0,22160000000000.0,18820000000000.0,16320000000000.0,14210000000000.0,12400000000000.0,10850000000000.0,9452000000000.0,8280000000000.0,7314000000000.0,6505000000000.0,5822000000000.0,5248000000000.0,4769000000000.0,3908000000000.0,3337000000000.0,2889000000000.0,2536000000000.0,2268000000000.0,2063000000000.0,1885000000000.0,1739000000000.0,1620000000000.0,1529000000000.0,1456000000000.0,1388000000000.0,1324000000000.0,1266000000000.0,1211000000000.0,1160000000000.0,1114000000000.0,1071000000000.0,1029000000000.0,991400000000.0,956400000000.0,925000000000.0,895600000000.0,867800000000.0,841300000000.0,815900000000.0,791700000000.0,767900000000.0,724600000000.0,684600000000.0,647200000000.0,612600000000.0,580100000000.0,550800000000.0,525200000000.0,502000000000.0,481800000000.0,463500000000.0,447400000000.0,433400000000.0,411600000000.0,391500000000.0,373100000000.0,356200000000.0,340500000000.0,226100000000.0,167700000000.0,131900000000.0,44390000000.0
212,27500.0,30.0,845500000000000.0,5980000000000.0,4004000000000.0,3088000000000.0,2475000000000.0,2053000000000.0,1732000000000.0,1472000000000.0,1260000000000.0,1085000000000.0,945500000000.0,828400000000.0,726700000000.0,638900000000.0,563700000000.0,498400000000.0,441500000000.0,391300000000.0,346800000000.0,308100000000.0,275100000000.0,210700000000.0,164400000000.0,130200000000.0,105000000000.0,86870000000.0,73190000000.0,62620000000.0,54480000000.0,48200000000.0,43250000000.0,39180000000.0,35860000000.0,33090000000.0,30740000000.0,28670000000.0,26770000000.0,25190000000.0,23760000000.0,22490000000.0,21290000000.0,20270000000.0,19370000000.0,18540000000.0,17740000000.0,17030000000.0,16360000000.0,15730000000.0,15100000000.0,14030000000.0,13040000000.0,12160000000.0,11420000000.0,10750000000.0,10130000000.0,9568000000.0,9064000000.0,8589000000.0,8151000000.0,7752000000.0,7383000000.0,6744000000.0,6187000000.0,5697000000.0,5267000000.0,4890000000.0,2674000000.0,1672000000.0,1163000000.0,330900000.0
213,6000.0,80.0,2.02e+16,824500000000000.0,242000000000000.0,109700000000000.0,60450000000000.0,35810000000000.0,23120000000000.0,17240000000000.0,13610000000000.0,11030000000000.0,9196000000000.0,7726000000000.0,6534000000000.0,5556000000000.0,4737000000000.0,4067000000000.0,3527000000000.0,3084000000000.0,2719000000000.0,2417000000000.0,2170000000000.0,1744000000000.0,1474000000000.0,1264000000000.0,1101000000000.0,978600000000.0,885900000000.0,806500000000.0,741900000000.0,689800000000.0,651100000000.0,620400000000.0,591900000000.0,565100000000.0,540500000000.0,517300000000.0,495500000000.0,476100000000.0,457800000000.0,440200000000.0,424000000000.0,409000000000.0,395600000000.0,383000000000.0,371000000000.0,359500000000.0,348600000000.0,338200000000.0,327800000000.0,309000000000.0,291600000000.0,275200000000.0,260000000000.0,245600000000.0,232600000000.0,221300000000.0,211000000000.0,201900000000.0,193700000000.0,186500000000.0,180200000000.0,170200000000.0,161000000000.0,152700000000.0,145000000000.0,137900000000.0,86800000000.0,62300000000.0,47930000000.0,14170000000.0
214,1400.0,30.0,69460000000000.0,13690000000000.0,8953000000000.0,6795000000000.0,5459000000000.0,4518000000000.0,3869000000000.0,3472000000000.0,3179000000000.0,2944000000000.0,2760000000000.0,2598000000000.0,2454000000000.0,2324000000000.0,2206000000000.0,2101000000000.0,2008000000000.0,1925000000000.0,1850000000000.0,1783000000000.0,1725000000000.0,1609000000000.0,1526000000000.0,1452000000000.0,1388000000000.0,1335000000000.0,1290000000000.0,1249000000000.0,1211000000000.0,1178000000000.0,1151000000000.0,1128000000000.0,1105000000000.0,1083000000000.0,1063000000000.0,1043000000000.0,1024000000000.0,1006000000000.0,988100000000.0,970900000000.0,954700000000.0,939200000000.0,924900000000.0,911200000000.0,897800000000.0,884600000000.0,871800000000.0,859100000000.0,846800000000.0,823300000000.0,800600000000.0,778200000000.0,757900000000.0,739000000000.0,720800000000.0,703800000000.0,687800000000.0,673000000000.0,659000000000.0,645500000000.0,632600000000.0,610300000000.0,589400000000.0,569600000000.0,551000000000.0,533600000000.0,392700000000.0,311100000000.0,259800000000.0,130100000000.0
215,30000.0,50.0,255700000000000.0,3677000000000.0,2212000000000.0,1631000000000.0,1279000000000.0,1049000000000.0,878600000000.0,745800000000.0,639400000000.0,553700000000.0,486000000000.0,429100000000.0,380000000000.0,337800000000.0,302000000000.0,270700000000.0,243400000000.0,219100000000.0,197600000000.0,178700000000.0,162400000000.0,130400000000.0,107000000000.0,89160000000.0,75580000000.0,65420000000.0,57550000000.0,51170000000.0,46030000000.0,41850000000.0,38460000000.0,35580000000.0,33100000000.0,30930000000.0,29030000000.0,27300000000.0,25700000000.0,24300000000.0,23020000000.0,21860000000.0,20780000000.0,19830000000.0,18980000000.0,18200000000.0,17450000000.0,16770000000.0,16130000000.0,15510000000.0,14930000000.0,13870000000.0,12920000000.0,12070000000.0,11340000000.0,10690000000.0,10080000000.0,9535000000.0,9034000000.0,8567000000.0,8135000000.0,7741000000.0,7378000000.0,6745000000.0,6190000000.0,5702000000.0,5273000000.0,4896000000.0,2677000000.0,1674000000.0,1165000000.0,331300000.0
216,30000.0,70.0,206000000000000.0,3356000000000.0,1966000000000.0,1436000000000.0,1122000000000.0,918600000000.0,768700000000.0,652900000000.0,560600000000.0,486300000000.0,427800000000.0,378700000000.0,336300000000.0,299800000000.0,269000000000.0,242100000000.0,218500000000.0,197500000000.0,178900000000.0,162500000000.0,148300000000.0,120400000000.0,99910000000.0,84120000000.0,71980000000.0,62820000000.0,55660000000.0,49800000000.0,45010000000.0,41090000000.0,37880000000.0,35140000000.0,32760000000.0,30660000000.0,28800000000.0,27120000000.0,25550000000.0,24180000000.0,22920000000.0,21770000000.0,20710000000.0,19760000000.0,18920000000.0,18140000000.0,17410000000.0,16730000000.0,16090000000.0,15480000000.0,14900000000.0,13850000000.0,12900000000.0,12060000000.0,11330000000.0,10680000000.0,10080000000.0,9528000000.0,9027000000.0,8561000000.0,8131000000.0,7738000000.0,7376000000.0,6744000000.0,6190000000.0,5702000000.0,5273000000.0,4896000000.0,2677000000.0,1674000000.0,1165000000.0,331300000.0
217,1400.0,10.0,43130000000000.0,11340000000000.0,8024000000000.0,6422000000000.0,5424000000000.0,4766000000000.0,4300000000000.0,3997000000000.0,3763000000000.0,3571000000000.0,3418000000000.0,3280000000000.0,3152000000000.0,3034000000000.0,2922000000000.0,2820000000000.0,2729000000000.0,2648000000000.0,2574000000000.0,2507000000000.0,2448000000000.0,2332000000000.0,2248000000000.0,2172000000000.0,2103000000000.0,2045000000000.0,1995000000000.0,1948000000000.0,1904000000000.0,1865000000000.0,1831000000000.0,1801000000000.0,1772000000000.0,1744000000000.0,1718000000000.0,1692000000000.0,1666000000000.0,1642000000000.0,1619000000000.0,1596000000000.0,1574000000000.0,1553000000000.0,1533000000000.0,1514000000000.0,1495000000000.0,1477000000000.0,1459000000000.0,1441000000000.0,1424000000000.0,1390000000000.0,1358000000000.0,1325000000000.0,1295000000000.0,1267000000000.0,1239000000000.0,1213000000000.0,1189000000000.0,1165000000000.0,1143000000000.0,1121000000000.0,1100000000000.0,1063000000000.0,1027000000000.0,993700000000.0,962100000000.0,932600000000.0,689300000000.0,546600000000.0,456800000000.0,234300000000.0
218,27500.0,10.0,1862000000000000.0,9134000000000.0,6498000000000.0,5153000000000.0,4195000000000.0,3510000000000.0,2980000000000.0,2540000000000.0,2175000000000.0,1873000000000.0,1628000000000.0,1422000000000.0,1243000000000.0,1088000000000.0,954800000000.0,839100000000.0,738300000000.0,649500000000.0,570900000000.0,502600000000.0,444600000000.0,331900000000.0,251300000000.0,192500000000.0,149900000000.0,119700000000.0,97180000000.0,80210000000.0,67470000000.0,57930000000.0,50580000000.0,44660000000.0,40050000000.0,36340000000.0,33280000000.0,30680000000.0,28350000000.0,26470000000.0,24830000000.0,23380000000.0,22010000000.0,20890000000.0,19910000000.0,19030000000.0,18140000000.0,17390000000.0,16690000000.0,16030000000.0,15350000000.0,14240000000.0,13210000000.0,12290000000.0,11540000000.0,10840000000.0,10200000000.0,9624000000.0,9116000000.0,8630000000.0,8183000000.0,7778000000.0,7400000000.0,6753000000.0,6191000000.0,5698000000.0,5267000000.0,4890000000.0,2674000000.0,1672000000.0,1163000000.0,330900000.0
219,1900.0,20.0,170700000000000.0,50260000000000.0,36610000000000.0,29150000000000.0,23900000000000.0,19860000000000.0,16950000000000.0,15080000000000.0,13690000000000.0,12570000000000.0,11710000000000.0,10950000000000.0,10280000000000.0,9678000000000.0,9145000000000.0,8665000000000.0,8243000000000.0,7866000000000.0,7527000000000.0,7222000000000.0,6956000000000.0,6425000000000.0,6036000000000.0,5696000000000.0,5402000000000.0,5162000000000.0,4961000000000.0,4775000000000.0,4609000000000.0,4464000000000.0,4346000000000.0,4242000000000.0,4143000000000.0,4049000000000.0,3962000000000.0,3877000000000.0,3796000000000.0,3720000000000.0,3646000000000.0,3574000000000.0,3507000000000.0,3442000000000.0,3383000000000.0,3327000000000.0,3272000000000.0,3219000000000.0,3167000000000.0,3116000000000.0,3066000000000.0,2971000000000.0,2880000000000.0,2791000000000.0,2712000000000.0,2639000000000.0,2569000000000.0,2505000000000.0,2444000000000.0,2389000000000.0,2337000000000.0,2288000000000.0,2242000000000.0,2164000000000.0,2092000000000.0,2023000000000.0,1958000000000.0,1897000000000.0,1408000000000.0,1122000000000.0,940400000000.0,471100000000.0
220,12500.0,0.0,3.683e+17,734400000000000.0,90400000000000.0,25470000000000.0,10620000000000.0,5278000000000.0,3252000000000.0,2480000000000.0,2012000000000.0,1668000000000.0,1414000000000.0,1211000000000.0,1043000000000.0,901800000000.0,783200000000.0,683700000000.0,599900000000.0,528100000000.0,466300000000.0,412700000000.0,368400000000.0,284200000000.0,224300000000.0,178700000000.0,144200000000.0,118800000000.0,98750000000.0,83090000000.0,70920000000.0,61520000000.0,54070000000.0,47700000000.0,42820000000.0,38820000000.0,35470000000.0,32570000000.0,29770000000.0,27710000000.0,25900000000.0,24250000000.0,22520000000.0,21270000000.0,20170000000.0,19170000000.0,18030000000.0,17220000000.0,16470000000.0,15770000000.0,14910000000.0,13730000000.0,12520000000.0,11440000000.0,10610000000.0,9751000000.0,8999000000.0,8344000000.0,7825000000.0,7323000000.0,6881000000.0,6480000000.0,6105000000.0,5545000000.0,5074000000.0,4655000000.0,4295000000.0,3984000000.0,1886000000.0,1110000000.0,755900000.0,129500000.0
221,5000.0,40.0,1.865e+16,919500000000000.0,329300000000000.0,170400000000000.0,103400000000000.0,66870000000000.0,46780000000000.0,37180000000000.0,30950000000000.0,26270000000000.0,22750000000000.0,19790000000000.0,17270000000000.0,15090000000000.0,13140000000000.0,11500000000000.0,10150000000000.0,9025000000000.0,8074000000000.0,7274000000000.0,6609000000000.0,5414000000000.0,4623000000000.0,4002000000000.0,3513000000000.0,3143000000000.0,2858000000000.0,2612000000000.0,2409000000000.0,2244000000000.0,2119000000000.0,2018000000000.0,1924000000000.0,1836000000000.0,1755000000000.0,1679000000000.0,1608000000000.0,1544000000000.0,1485000000000.0,1427000000000.0,1375000000000.0,1326000000000.0,1283000000000.0,1242000000000.0,1204000000000.0,1167000000000.0,1132000000000.0,1098000000000.0,1065000000000.0,1005000000000.0,949500000000.0,897700000000.0,849500000000.0,804300000000.0,763700000000.0,728100000000.0,696000000000.0,667800000000.0,642500000000.0,620100000000.0,600700000000.0,570500000000.0,542600000000.0,517100000000.0,493600000000.0,471800000000.0,313000000000.0,232100000000.0,182400000000.0,61260000000.0
222,1700.0,90.0,178200000000000.0,15510000000000.0,9441000000000.0,7040000000000.0,5613000000000.0,4592000000000.0,3880000000000.0,3436000000000.0,3107000000000.0,2846000000000.0,2643000000000.0,2466000000000.0,2309000000000.0,2170000000000.0,2048000000000.0,1938000000000.0,1842000000000.0,1757000000000.0,1680000000000.0,1612000000000.0,1553000000000.0,1437000000000.0,1351000000000.0,1277000000000.0,1213000000000.0,1161000000000.0,1117000000000.0,1076000000000.0,1040000000000.0,1008000000000.0,982000000000.0,958800000000.0,936700000000.0,915500000000.0,895300000000.0,875900000000.0,857300000000.0,840300000000.0,824000000000.0,808100000000.0,793100000000.0,779000000000.0,766100000000.0,753700000000.0,741900000000.0,730400000000.0,719200000000.0,708300000000.0,697500000000.0,677400000000.0,658300000000.0,639700000000.0,622300000000.0,605700000000.0,590100000000.0,575600000000.0,562000000000.0,549400000000.0,537600000000.0,526500000000.0,516300000000.0,498500000000.0,481400000000.0,465600000000.0,450600000000.0,436400000000.0,323100000000.0,258700000000.0,217300000000.0,108300000000.0
223,3000.0,0.0,1086000000000000.0,333500000000000.0,237300000000000.0,183100000000000.0,143400000000000.0,110700000000000.0,88740000000000.0,76570000000000.0,68000000000000.0,61220000000000.0,55960000000000.0,51390000000000.0,47380000000000.0,43850000000000.0,40750000000000.0,37980000000000.0,35550000000000.0,33390000000000.0,31450000000000.0,29720000000000.0,28200000000000.0,25170000000000.0,22910000000000.0,21000000000000.0,19390000000000.0,18100000000000.0,17040000000000.0,16080000000000.0,15240000000000.0,14520000000000.0,13930000000000.0,13420000000000.0,12940000000000.0,12500000000000.0,12090000000000.0,11710000000000.0,11350000000000.0,11010000000000.0,10690000000000.0,10380000000000.0,10090000000000.0,9823000000000.0,9579000000000.0,9350000000000.0,9129000000000.0,8917000000000.0,8713000000000.0,8516000000000.0,8322000000000.0,7959000000000.0,7616000000000.0,7292000000000.0,7010000000000.0,6754000000000.0,6516000000000.0,6298000000000.0,6098000000000.0,5926000000000.0,5769000000000.0,5628000000000.0,5503000000000.0,5310000000000.0,5129000000000.0,4958000000000.0,4798000000000.0,4648000000000.0,3476000000000.0,2770000000000.0,2301000000000.0,1063000000000.0
224,22500.0,40.0,4024000000000000.0,6932000000000.0,4655000000000.0,3688000000000.0,2992000000000.0,2491000000000.0,2102000000000.0,1780000000000.0,1514000000000.0,1296000000000.0,1121000000000.0,975800000000.0,850000000000.0,741200000000.0,648300000000.0,568300000000.0,498900000000.0,438000000000.0,384400000000.0,337900000000.0,298800000000.0,223000000000.0,169300000000.0,130400000000.0,102300000000.0,82230000000.0,67290000000.0,55910000000.0,47280000000.0,40730000000.0,35610000000.0,31430000000.0,28130000000.0,25460000000.0,23230000000.0,21330000000.0,19640000000.0,18270000000.0,17080000000.0,16030000000.0,15060000000.0,14260000000.0,13570000000.0,12940000000.0,12330000000.0,11810000000.0,11320000000.0,10870000000.0,10410000000.0,9649000000.0,8949000000.0,8330000000.0,7819000000.0,7347000000.0,6917000000.0,6528000000.0,6184000000.0,5856000000.0,5554000000.0,5281000000.0,5027000000.0,4590000000.0,4211000000.0,3878000000.0,3587000000.0,3333000000.0,1838000000.0,1158000000.0,815800000.0,252600000.0
225,600.0,30.0,2764000000000.0,507900000000.0,258900000000.0,169500000000.0,125700000000.0,101300000000.0,86540000000.0,78660000000.0,73140000000.0,68720000000.0,65290000000.0,62240000000.0,59500000000.0,57020000000.0,54760000000.0,52710000000.0,50930000000.0,49340000000.0,47920000000.0,46630000000.0,45530000000.0,43440000000.0,41970000000.0,40620000000.0,39400000000.0,38370000000.0,37470000000.0,36600000000.0,35790000000.0,35060000000.0,34430000000.0,33860000000.0,33300000000.0,32770000000.0,32260000000.0,31770000000.0,31290000000.0,30830000000.0,30380000000.0,29930000000.0,29510000000.0,29100000000.0,28720000000.0,28350000000.0,27990000000.0,27630000000.0,27280000000.0,26940000000.0,26600000000.0,25950000000.0,25320000000.0,24690000000.0,24110000000.0,23560000000.0,23030000000.0,22530000000.0,22060000000.0,21620000000.0,21200000000.0,20800000000.0,20430000000.0,19760000000.0,19130000000.0,18540000000.0,17980000000.0,17460000000.0,13360000000.0,10900000000.0,9279000000.0,4922000000.0
226,8000.0,70.0,5.31e+16,1043000000000000.0,216200000000000.0,78220000000000.0,36520000000000.0,17750000000000.0,9737000000000.0,6760000000000.0,5114000000000.0,3996000000000.0,3231000000000.0,2640000000000.0,2176000000000.0,1808000000000.0,1510000000000.0,1272000000000.0,1085000000000.0,933500000000.0,810800000000.0,711400000000.0,631800000000.0,498800000000.0,417200000000.0,354500000000.0,306000000000.0,270000000000.0,242700000000.0,219700000000.0,201000000000.0,186100000000.0,175000000000.0,166100000000.0,158000000000.0,150600000000.0,143700000000.0,137400000000.0,131400000000.0,126100000000.0,121100000000.0,116300000000.0,111900000000.0,107900000000.0,104300000000.0,100900000000.0,97650000000.0,94580000000.0,91650000000.0,88840000000.0,86070000000.0,81040000000.0,76360000000.0,71970000000.0,67900000000.0,64080000000.0,60610000000.0,57520000000.0,54710000000.0,52200000000.0,49920000000.0,47870000000.0,46050000000.0,43090000000.0,40380000000.0,37930000000.0,35700000000.0,33650000000.0,19310000000.0,12870000000.0,9355000000.0,2155000000.0
227,1200.0,60.0,67110000000000.0,5092000000000.0,2931000000000.0,2099000000000.0,1631000000000.0,1331000000000.0,1129000000000.0,1006000000000.0,915200000000.0,843400000000.0,787500000000.0,738900000000.0,695900000000.0,657900000000.0,624000000000.0,593700000000.0,567500000000.0,544200000000.0,523300000000.0,504800000000.0,488800000000.0,458000000000.0,435900000000.0,416600000000.0,399800000000.0,385900000000.0,374200000000.0,363200000000.0,353300000000.0,344600000000.0,337200000000.0,330600000000.0,324300000000.0,318200000000.0,312300000000.0,306600000000.0,301100000000.0,296000000000.0,291100000000.0,286200000000.0,281700000000.0,277300000000.0,273300000000.0,269500000000.0,265700000000.0,262100000000.0,258500000000.0,255000000000.0,251600000000.0,245000000000.0,238800000000.0,232600000000.0,226800000000.0,221200000000.0,215800000000.0,210800000000.0,206100000000.0,201600000000.0,197400000000.0,193400000000.0,189700000000.0,182900000000.0,176500000000.0,170500000000.0,164900000000.0,159500000000.0,116600000000.0,92540000000.0,77240000000.0,38240000000.0
228,800.0,80.0,10830000000000.0,1400000000000.0,749100000000.0,508300000000.0,379900000000.0,304300000000.0,254600000000.0,223700000000.0,200900000000.0,183000000000.0,169200000000.0,157400000000.0,147100000000.0,138200000000.0,130400000000.0,123500000000.0,117500000000.0,112200000000.0,107400000000.0,103200000000.0,99560000000.0,92490000000.0,87320000000.0,82880000000.0,79060000000.0,75910000000.0,73270000000.0,70810000000.0,68600000000.0,66620000000.0,64930000000.0,63420000000.0,61980000000.0,60600000000.0,59300000000.0,58040000000.0,56840000000.0,55750000000.0,54690000000.0,53660000000.0,52700000000.0,51790000000.0,50950000000.0,50150000000.0,49380000000.0,48630000000.0,47900000000.0,47180000000.0,46480000000.0,45160000000.0,43890000000.0,42660000000.0,41500000000.0,40390000000.0,39340000000.0,38360000000.0,37430000000.0,36560000000.0,35740000000.0,34970000000.0,34240000000.0,32950000000.0,31720000000.0,30590000000.0,29530000000.0,28530000000.0,20930000000.0,16690000000.0,13990000000.0,7080000000.0
229,800.0,90.0,10510000000000.0,1396000000000.0,744400000000.0,505100000000.0,377900000000.0,302900000000.0,253600000000.0,222900000000.0,200200000000.0,182400000000.0,168700000000.0,157000000000.0,146700000000.0,137800000000.0,130100000000.0,123200000000.0,117200000000.0,111900000000.0,107200000000.0,103000000000.0,99310000000.0,92220000000.0,87020000000.0,82540000000.0,78690000000.0,75520000000.0,72850000000.0,70380000000.0,68150000000.0,66160000000.0,64450000000.0,62930000000.0,61480000000.0,60090000000.0,58780000000.0,57530000000.0,56320000000.0,55220000000.0,54170000000.0,53140000000.0,52170000000.0,51260000000.0,50420000000.0,49620000000.0,48860000000.0,48110000000.0,47380000000.0,46670000000.0,45970000000.0,44650000000.0,43390000000.0,42170000000.0,41010000000.0,39910000000.0,38870000000.0,37900000000.0,36980000000.0,36120000000.0,35300000000.0,34530000000.0,33810000000.0,32530000000.0,31310000000.0,30190000000.0,29140000000.0,28160000000.0,20640000000.0,16460000000.0,13800000000.0,6986000000.0
230,27500.0,0.0,2145000000000000.0,9785000000000.0,7009000000000.0,5579000000000.0,4551000000000.0,3813000000000.0,3239000000000.0,2762000000000.0,2365000000000.0,2036000000000.0,1769000000000.0,1545000000000.0,1350000000000.0,1181000000000.0,1035000000000.0,909000000000.0,799200000000.0,702400000000.0,616800000000.0,542400000000.0,479300000000.0,356700000000.0,269100000000.0,205300000000.0,159200000000.0,126600000000.0,102300000000.0,84020000000.0,70340000000.0,60120000000.0,52250000000.0,45920000000.0,41020000000.0,37090000000.0,33870000000.0,31140000000.0,28700000000.0,26760000000.0,25060000000.0,23570000000.0,22170000000.0,21020000000.0,20030000000.0,19130000000.0,18220000000.0,17470000000.0,16760000000.0,16090000000.0,15400000000.0,14280000000.0,13240000000.0,12320000000.0,11560000000.0,10860000000.0,10210000000.0,9635000000.0,9125000000.0,8637000000.0,8189000000.0,7782000000.0,7403000000.0,6755000000.0,6192000000.0,5698000000.0,5267000000.0,4890000000.0,2674000000.0,1672000000.0,1163000000.0,330900000.0
231,1200.0,70.0,58180000000000.0,4818000000000.0,2753000000000.0,1965000000000.0,1525000000000.0,1244000000000.0,1056000000000.0,940700000000.0,855800000000.0,788600000000.0,736500000000.0,691000000000.0,650900000000.0,615500000000.0,584100000000.0,556000000000.0,531600000000.0,509800000000.0,490300000000.0,473000000000.0,458000000000.0,428900000000.0,407800000000.0,389400000000.0,373400000000.0,360100000000.0,348900000000.0,338400000000.0,329000000000.0,320600000000.0,313500000000.0,307200000000.0,301200000000.0,295300000000.0,289800000000.0,284300000000.0,279100000000.0,274300000000.0,269600000000.0,265100000000.0,260700000000.0,256700000000.0,252900000000.0,249200000000.0,245800000000.0,242400000000.0,239000000000.0,235700000000.0,232500000000.0,226400000000.0,220500000000.0,214800000000.0,209300000000.0,204100000000.0,199200000000.0,194500000000.0,190100000000.0,186000000000.0,182000000000.0,178300000000.0,174800000000.0,168600000000.0,162600000000.0,157000000000.0,151800000000.0,146800000000.0,107100000000.0,84790000000.0,70690000000.0,34940000000.0
232,8000.0,60.0,5.837e+16,1139000000000000.0,235900000000000.0,85320000000000.0,39830000000000.0,19360000000000.0,10620000000000.0,7375000000000.0,5578000000000.0,4357000000000.0,3522000000000.0,2876000000000.0,2370000000000.0,1967000000000.0,1642000000000.0,1383000000000.0,1177000000000.0,1012000000000.0,878500000000.0,770100000000.0,683300000000.0,538400000000.0,449400000000.0,381200000000.0,328600000000.0,289700000000.0,260200000000.0,235200000000.0,215200000000.0,199100000000.0,187200000000.0,177700000000.0,169100000000.0,161100000000.0,153800000000.0,147000000000.0,140600000000.0,134900000000.0,129600000000.0,124600000000.0,119900000000.0,115600000000.0,111700000000.0,108100000000.0,104600000000.0,101400000000.0,98230000000.0,95230000000.0,92260000000.0,86880000000.0,81880000000.0,77170000000.0,72820000000.0,68720000000.0,65000000000.0,61680000000.0,58670000000.0,55990000000.0,53550000000.0,51350000000.0,49410000000.0,46250000000.0,43350000000.0,40730000000.0,38340000000.0,36150000000.0,20750000000.0,13840000000.0,10070000000.0,2313000000.0
233,600.0,20.0,1793000000000.0,295200000000.0,139600000000.0,88400000000.0,65510000000.0,54440000000.0,47780000000.0,44140000000.0,41510000000.0,39370000000.0,37680000000.0,36140000000.0,34730000000.0,33400000000.0,32130000000.0,30980000000.0,29990000000.0,29120000000.0,28350000000.0,27670000000.0,27090000000.0,26040000000.0,25350000000.0,24700000000.0,24100000000.0,23590000000.0,23130000000.0,22690000000.0,22280000000.0,21900000000.0,21560000000.0,21250000000.0,20940000000.0,20650000000.0,20380000000.0,20100000000.0,19830000000.0,19580000000.0,19330000000.0,19080000000.0,18840000000.0,18610000000.0,18400000000.0,18200000000.0,17990000000.0,17790000000.0,17590000000.0,17400000000.0,17210000000.0,16840000000.0,16480000000.0,16120000000.0,15780000000.0,15460000000.0,15150000000.0,14860000000.0,14580000000.0,14310000000.0,14060000000.0,13810000000.0,13570000000.0,13140000000.0,12740000000.0,12360000000.0,12000000000.0,11660000000.0,8934000000.0,7268000000.0,6161000000.0,3208000000.0
234,22500.0,50.0,3307000000000000.0,5921000000000.0,3881000000000.0,3052000000000.0,2470000000000.0,2054000000000.0,1732000000000.0,1467000000000.0,1249000000000.0,1071000000000.0,928000000000.0,808700000000.0,705800000000.0,616900000000.0,541100000000.0,475700000000.0,419000000000.0,369100000000.0,325200000000.0,287200000000.0,255000000000.0,192600000000.0,148300000000.0,116000000000.0,92470000000.0,75570000000.0,62870000000.0,53090000000.0,45580000000.0,39800000000.0,35250000000.0,31500000000.0,28480000000.0,25990000000.0,23900000000.0,22080000000.0,20460000000.0,19120000000.0,17940000000.0,16890000000.0,15930000000.0,15120000000.0,14410000000.0,13760000000.0,13140000000.0,12600000000.0,12090000000.0,11610000000.0,11140000000.0,10330000000.0,9597000000.0,8945000000.0,8399000000.0,7900000000.0,7443000000.0,7030000000.0,6659000000.0,6310000000.0,5988000000.0,5695000000.0,5424000000.0,4955000000.0,4547000000.0,4188000000.0,3874000000.0,3599000000.0,1981000000.0,1246000000.0,874900000.0,265800000.0
235,1700.0,80.0,182200000000000.0,15760000000000.0,9587000000000.0,7146000000000.0,5697000000000.0,4659000000000.0,3937000000000.0,3486000000000.0,3152000000000.0,2887000000000.0,2681000000000.0,2501000000000.0,2342000000000.0,2202000000000.0,2077000000000.0,1966000000000.0,1869000000000.0,1782000000000.0,1705000000000.0,1636000000000.0,1575000000000.0,1457000000000.0,1371000000000.0,1296000000000.0,1231000000000.0,1178000000000.0,1134000000000.0,1092000000000.0,1056000000000.0,1023000000000.0,996700000000.0,973300000000.0,950900000000.0,929400000000.0,909000000000.0,889300000000.0,870400000000.0,853200000000.0,836700000000.0,820600000000.0,805400000000.0,791100000000.0,778000000000.0,765400000000.0,753500000000.0,741900000000.0,730500000000.0,719400000000.0,708500000000.0,688000000000.0,668700000000.0,649800000000.0,632100000000.0,615300000000.0,599400000000.0,584700000000.0,570900000000.0,558200000000.0,546100000000.0,534900000000.0,524500000000.0,506400000000.0,489100000000.0,473000000000.0,457800000000.0,443300000000.0,328100000000.0,262700000000.0,220600000000.0,110000000000.0
236,384399.0,0.0,5767000000000.0,2093000000000.0,1003000000000.0,668300000000.0,502000000000.0,402700000000.0,333500000000.0,284300000000.0,247500000000.0,218900000000.0,196900000000.0,178300000000.0,162500000000.0,149000000000.0,138000000000.0,128200000000.0,119500000000.0,111700000000.0,104600000000.0,98190000000.0,92520000000.0,80920000000.0,71910000000.0,64360000000.0,57970000000.0,52760000000.0,48450000000.0,44620000000.0,41270000000.0,38330000000.0,35840000000.0,33650000000.0,31630000000.0,29800000000.0,28140000000.0,26600000000.0,25160000000.0,23870000000.0,22670000000.0,21570000000.0,20560000000.0,19640000000.0,18820000000.0,18060000000.0,17360000000.0,16690000000.0,16060000000.0,15450000000.0,14890000000.0,13850000000.0,12920000000.0,12090000000.0,11360000000.0,10710000000.0,10120000000.0,9573000000.0,9071000000.0,8607000000.0,8177000000.0,7785000000.0,7424000000.0,6791000000.0,6235000000.0,5745000000.0,5313000000.0,4934000000.0,2698000000.0,1687000000.0,1174000000.0,333900000.0
237,5000.0,50.0,1.469e+16,728100000000000.0,264400000000000.0,137600000000000.0,83790000000000.0,54390000000000.0,38170000000000.0,30380000000000.0,25310000000000.0,21490000000000.0,18630000000000.0,16210000000000.0,14150000000000.0,12370000000000.0,10780000000000.0,9437000000000.0,8333000000000.0,7409000000000.0,6630000000000.0,5974000000000.0,5429000000000.0,4447000000000.0,3796000000000.0,3286000000000.0,2884000000000.0,2579000000000.0,2346000000000.0,2144000000000.0,1977000000000.0,1841000000000.0,1738000000000.0,1656000000000.0,1578000000000.0,1506000000000.0,1440000000000.0,1377000000000.0,1319000000000.0,1267000000000.0,1218000000000.0,1171000000000.0,1128000000000.0,1088000000000.0,1052000000000.0,1019000000000.0,987400000000.0,957200000000.0,928500000000.0,900900000000.0,873800000000.0,824600000000.0,779200000000.0,736600000000.0,697200000000.0,660200000000.0,626800000000.0,597700000000.0,571400000000.0,548300000000.0,527600000000.0,509200000000.0,493300000000.0,468600000000.0,445700000000.0,424800000000.0,405500000000.0,387700000000.0,257500000000.0,191000000000.0,150200000000.0,50550000000.0
238,1900.0,30.0,246400000000000.0,47780000000000.0,31730000000000.0,24210000000000.0,19360000000000.0,15760000000000.0,13250000000000.0,11710000000000.0,10570000000000.0,9663000000000.0,8961000000000.0,8346000000000.0,7804000000000.0,7320000000000.0,6890000000000.0,6505000000000.0,6167000000000.0,5866000000000.0,5597000000000.0,5355000000000.0,5145000000000.0,4729000000000.0,4426000000000.0,4162000000000.0,3935000000000.0,3751000000000.0,3597000000000.0,3455000000000.0,3329000000000.0,3219000000000.0,3130000000000.0,3052000000000.0,2978000000000.0,2908000000000.0,2843000000000.0,2780000000000.0,2719000000000.0,2663000000000.0,2608000000000.0,2555000000000.0,2504000000000.0,2456000000000.0,2413000000000.0,2371000000000.0,2330000000000.0,2291000000000.0,2252000000000.0,2215000000000.0,2178000000000.0,2108000000000.0,2041000000000.0,1975000000000.0,1917000000000.0,1863000000000.0,1812000000000.0,1765000000000.0,1720000000000.0,1680000000000.0,1642000000000.0,1607000000000.0,1574000000000.0,1518000000000.0,1466000000000.0,1417000000000.0,1371000000000.0,1328000000000.0,981000000000.0,780300000000.0,652800000000.0,323200000000.0
239,30000.0,60.0,224300000000000.0,3473000000000.0,2056000000000.0,1507000000000.0,1180000000000.0,966500000000.0,809100000000.0,687000000000.0,589600000000.0,511100000000.0,449200000000.0,397300000000.0,352400000000.0,313800000000.0,281200000000.0,252600000000.0,227600000000.0,205500000000.0,185800000000.0,168400000000.0,153500000000.0,124100000000.0,102500000000.0,85980000000.0,73300000000.0,63770000000.0,56350000000.0,50300000000.0,45390000000.0,41370000000.0,38100000000.0,35300000000.0,32880000000.0,30760000000.0,28890000000.0,27180000000.0,25610000000.0,24220000000.0,22960000000.0,21800000000.0,20730000000.0,19780000000.0,18940000000.0,18160000000.0,17430000000.0,16750000000.0,16100000000.0,15490000000.0,14910000000.0,13860000000.0,12910000000.0,12060000000.0,11330000000.0,10680000000.0,10080000000.0,9530000000.0,9030000000.0,8563000000.0,8132000000.0,7739000000.0,7377000000.0,6744000000.0,6190000000.0,5702000000.0,5273000000.0,4896000000.0,2677000000.0,1674000000.0,1165000000.0,331300000.0
240,1400.0,40.0,122800000000000.0,13340000000000.0,7765000000000.0,5618000000000.0,4406000000000.0,3590000000000.0,3040000000000.0,2709000000000.0,2467000000000.0,2273000000000.0,2123000000000.0,1992000000000.0,1875000000000.0,1770000000000.0,1676000000000.0,1591000000000.0,1517000000000.0,1452000000000.0,1393000000000.0,1340000000000.0,1295000000000.0,1206000000000.0,1143000000000.0,1087000000000.0,1039000000000.0,998800000000.0,965300000000.0,933900000000.0,906000000000.0,881400000000.0,861100000000.0,843400000000.0,826400000000.0,810200000000.0,795000000000.0,780200000000.0,765800000000.0,752300000000.0,739200000000.0,726300000000.0,714100000000.0,702500000000.0,691800000000.0,681500000000.0,671400000000.0,661500000000.0,651800000000.0,642300000000.0,633100000000.0,615400000000.0,598300000000.0,581400000000.0,566100000000.0,551800000000.0,538000000000.0,525200000000.0,513000000000.0,501900000000.0,491200000000.0,481000000000.0,471300000000.0,454300000000.0,438400000000.0,423400000000.0,409300000000.0,396200000000.0,289900000000.0,228900000000.0,190700000000.0,94840000000.0
241,30000.0,20.0,631000000000000.0,5960000000000.0,3991000000000.0,3066000000000.0,2450000000000.0,2027000000000.0,1708000000000.0,1450000000000.0,1240000000000.0,1068000000000.0,930600000000.0,815700000000.0,715900000000.0,629700000000.0,555900000000.0,491600000000.0,435600000000.0,386100000000.0,342300000000.0,304000000000.0,271400000000.0,207900000000.0,162100000000.0,128200000000.0,103400000000.0,85490000000.0,72040000000.0,61690000000.0,53740000000.0,47610000000.0,42810000000.0,38850000000.0,35630000000.0,32940000000.0,30640000000.0,28610000000.0,26750000000.0,25180000000.0,23780000000.0,22510000000.0,21320000000.0,20300000000.0,19400000000.0,18580000000.0,17780000000.0,17070000000.0,16400000000.0,15760000000.0,15130000000.0,14060000000.0,13070000000.0,12180000000.0,11440000000.0,10770000000.0,10150000000.0,9584000000.0,9079000000.0,8602000000.0,8163000000.0,7764000000.0,7393000000.0,6753000000.0,6195000000.0,5704000000.0,5273000000.0,4896000000.0,2677000000.0,1674000000.0,1165000000.0,331300000.0
242,27500.0,40.0,625400000000000.0,4917000000000.0,3175000000000.0,2415000000000.0,1924000000000.0,1591000000000.0,1340000000000.0,1139000000000.0,975000000000.0,841300000000.0,734500000000.0,645000000000.0,567400000000.0,500400000000.0,443400000000.0,393700000000.0,350400000000.0,312100000000.0,278200000000.0,248600000000.0,223300000000.0,173900000000.0,138200000000.0,111500000000.0,91680000000.0,77200000000.0,66180000000.0,57520000000.0,50730000000.0,45390000000.0,41140000000.0,37590000000.0,34630000000.0,32130000000.0,29970000000.0,28040000000.0,26280000000.0,24780000000.0,23420000000.0,22190000000.0,21050000000.0,20050000000.0,19180000000.0,18370000000.0,17600000000.0,16900000000.0,16240000000.0,15620000000.0,15010000000.0,13940000000.0,12980000000.0,12110000000.0,11380000000.0,10710000000.0,10100000000.0,9547000000.0,9044000000.0,8573000000.0,8139000000.0,7743000000.0,7376000000.0,6741000000.0,6185000000.0,5696000000.0,5267000000.0,4890000000.0,2674000000.0,1672000000.0,1163000000.0,330900000.0
243,1900.0,70.0,297300000000000.0,25680000000000.0,15840000000000.0,11840000000000.0,9416000000000.0,7640000000000.0,6402000000000.0,5633000000000.0,5066000000000.0,4618000000000.0,4270000000000.0,3967000000000.0,3699000000000.0,3464000000000.0,3256000000000.0,3070000000000.0,2908000000000.0,2764000000000.0,2635000000000.0,2520000000000.0,2420000000000.0,2224000000000.0,2081000000000.0,1957000000000.0,1851000000000.0,1763000000000.0,1691000000000.0,1624000000000.0,1564000000000.0,1512000000000.0,1469000000000.0,1432000000000.0,1396000000000.0,1361000000000.0,1329000000000.0,1298000000000.0,1268000000000.0,1241000000000.0,1215000000000.0,1189000000000.0,1166000000000.0,1143000000000.0,1123000000000.0,1103000000000.0,1085000000000.0,1067000000000.0,1050000000000.0,1032000000000.0,1016000000000.0,984500000000.0,955000000000.0,926500000000.0,899700000000.0,874400000000.0,850600000000.0,828800000000.0,808300000000.0,789600000000.0,772000000000.0,755700000000.0,740700000000.0,715100000000.0,690700000000.0,668000000000.0,646500000000.0,626100000000.0,463900000000.0,371700000000.0,312200000000.0,154500000000.0
244,5000.0,10.0,1.828e+16,2017000000000000.0,823100000000000.0,447900000000000.0,277600000000000.0,184400000000000.0,132200000000000.0,106500000000000.0,89470000000000.0,76530000000000.0,66730000000000.0,58430000000000.0,51320000000000.0,45100000000000.0,39480000000000.0,34720000000000.0,30780000000000.0,27460000000000.0,24650000000000.0,22260000000000.0,20270000000000.0,16620000000000.0,14190000000000.0,12280000000000.0,10770000000000.0,9637000000000.0,8765000000000.0,8014000000000.0,7395000000000.0,6893000000000.0,6516000000000.0,6213000000000.0,5931000000000.0,5671000000000.0,5435000000000.0,5214000000000.0,5005000000000.0,4815000000000.0,4636000000000.0,4459000000000.0,4296000000000.0,4145000000000.0,4010000000000.0,3883000000000.0,3763000000000.0,3648000000000.0,3537000000000.0,3432000000000.0,3327000000000.0,3133000000000.0,2951000000000.0,2781000000000.0,2632000000000.0,2496000000000.0,2372000000000.0,2259000000000.0,2158000000000.0,2072000000000.0,1994000000000.0,1924000000000.0,1864000000000.0,1772000000000.0,1687000000000.0,1608000000000.0,1536000000000.0,1469000000000.0,988000000000.0,735000000000.0,579800000000.0,200200000000.0
245,300.0,90.0,1548000000000.0,515500000000.0,257600000000.0,173300000000.0,129600000000.0,103500000000.0,85180000000.0,72120000000.0,62190000000.0,54480000000.0,48600000000.0,43660000000.0,39460000000.0,35910000000.0,32990000000.0,30430000000.0,28170000000.0,26150000000.0,24350000000.0,22740000000.0,21340000000.0,18490000000.0,16330000000.0,14550000000.0,13090000000.0,11910000000.0,10950000000.0,10100000000.0,9368000000.0,8731000000.0,8192000000.0,7719000000.0,7286000000.0,6892000000.0,6535000000.0,6203000000.0,5894000000.0,5615000000.0,5356000000.0,5117000000.0,4899000000.0,4699000000.0,4520000000.0,4355000000.0,4201000000.0,4055000000.0,3915000000.0,3782000000.0,3658000000.0,3427000000.0,3220000000.0,3033000000.0,2869000000.0,2723000000.0,2587000000.0,2463000000.0,2348000000.0,2241000000.0,2143000000.0,2052000000.0,1969000000.0,1822000000.0,1691000000.0,1576000000.0,1473000000.0,1382000000.0,823300000.0,559700000.0,416800000.0,149200000.0
246,22500.0,10.0,1.287e+16,12300000000000.0,8719000000000.0,7171000000000.0,5930000000000.0,4982000000000.0,4226000000000.0,3582000000000.0,3042000000000.0,2595000000000.0,2234000000000.0,1933000000000.0,1673000000000.0,1448000000000.0,1254000000000.0,1089000000000.0,945600000000.0,820100000000.0,710100000000.0,615300000000.0,535800000000.0,382800000000.0,275800000000.0,199700000000.0,145900000000.0,108500000000.0,81150000000.0,61020000000.0,46340000000.0,35710000000.0,27640000000.0,21270000000.0,16630000000.0,13170000000.0,10480000000.0,8370000000.0,6615000000.0,5405000000.0,4455000000.0,3706000000.0,3000000000.0,2559000000.0,2209000000.0,1924000000.0,1595000000.0,1420000000.0,1277000000.0,1157000000.0,972500000.0,826700000.0,649800000.0,515300000.0,459400000.0,370300000.0,300300000.0,245900000.0,227900000.0,190200000.0,160400000.0,137100000.0,108900000.0,81860000.0,68010000.0,57610000.0,53640000.0,54230000.0,60070000.0,50060000.0,56600000.0,62460000.0
247,600.0,60.0,5535000000000.0,489100000000.0,252900000000.0,167700000000.0,123500000000.0,97690000000.0,81080000000.0,70870000000.0,63330000000.0,57400000000.0,52810000000.0,48890000000.0,45480000000.0,42500000000.0,39900000000.0,37600000000.0,35610000000.0,33850000000.0,32280000000.0,30900000000.0,29710000000.0,27440000000.0,25820000000.0,24470000000.0,23340000000.0,22430000000.0,21680000000.0,21000000000.0,20400000000.0,19860000000.0,19410000000.0,19010000000.0,18620000000.0,18250000000.0,17900000000.0,17560000000.0,17240000000.0,16940000000.0,16650000000.0,16370000000.0,16100000000.0,15840000000.0,15610000000.0,15380000000.0,15170000000.0,14960000000.0,14750000000.0,14540000000.0,14340000000.0,13960000000.0,13600000000.0,13240000000.0,12900000000.0,12580000000.0,12270000000.0,11980000000.0,11710000000.0,11460000000.0,11220000000.0,10990000000.0,10780000000.0,10410000000.0,10050000000.0,9720000000.0,9413000000.0,9123000000.0,6896000000.0,5608000000.0,4755000000.0,2433000000.0
248,8000.0,20.0,1.491e+17,3298000000000000.0,681600000000000.0,245900000000000.0,113900000000000.0,54750000000000.0,29670000000000.0,20410000000000.0,15340000000000.0,11900000000000.0,9575000000000.0,7782000000000.0,6383000000000.0,5272000000000.0,4374000000000.0,3662000000000.0,3103000000000.0,2656000000000.0,2299000000000.0,2009000000000.0,1780000000000.0,1400000000000.0,1172000000000.0,996700000000.0,861400000000.0,761500000000.0,686000000000.0,622100000000.0,570700000000.0,530000000000.0,500300000000.0,477100000000.0,455700000000.0,436000000000.0,418100000000.0,401300000000.0,385500000000.0,371000000000.0,357400000000.0,344000000000.0,331500000000.0,319900000000.0,309500000000.0,299800000000.0,290400000000.0,281500000000.0,272900000000.0,264700000000.0,256500000000.0,241400000000.0,227100000000.0,213500000000.0,201500000000.0,190300000000.0,180100000000.0,170800000000.0,162400000000.0,155000000000.0,148300000000.0,142200000000.0,136700000000.0,128000000000.0,120100000000.0,112800000000.0,106300000000.0,100300000000.0,58080000000.0,38660000000.0,28140000000.0,6357000000.0
249,1200.0,30.0,30050000000000.0,6670000000000.0,4393000000000.0,3312000000000.0,2648000000000.0,2209000000000.0,1912000000000.0,1732000000000.0,1600000000000.0,1494000000000.0,1411000000000.0,1337000000000.0,1271000000000.0,1211000000000.0,1157000000000.0,1108000000000.0,1064000000000.0,1026000000000.0,990600000000.0,958900000000.0,931300000000.0,876900000000.0,837500000000.0,802200000000.0,771000000000.0,745200000000.0,723200000000.0,702400000000.0,683600000000.0,667000000000.0,653000000000.0,640700000000.0,628900000000.0,617500000000.0,606800000000.0,596400000000.0,586300000000.0,576600000000.0,567300000000.0,558100000000.0,549300000000.0,541000000000.0,533200000000.0,525800000000.0,518500000000.0,511300000000.0,504300000000.0,497300000000.0,490600000000.0,477600000000.0,465100000000.0,452500000000.0,441100000000.0,430400000000.0,420000000000.0,410400000000.0,401200000000.0,392700000000.0,384600000000.0,376700000000.0,369200000000.0,356000000000.0,343600000000.0,331900000000.0,320900000000.0,310600000000.0,227300000000.0,179200000000.0,149100000000.0,74020000000.0
250,1200.0,20.0,22210000000000.0,5563000000000.0,3816000000000.0,2985000000000.0,2473000000000.0,2136000000000.0,1902000000000.0,1758000000000.0,1650000000000.0,1561000000000.0,1491000000000.0,1427000000000.0,1369000000000.0,1316000000000.0,1266000000000.0,1220000000000.0,1180000000000.0,1143000000000.0,1111000000000.0,1080000000000.0,1054000000000.0,1002000000000.0,964400000000.0,929900000000.0,899000000000.0,873200000000.0,850900000000.0,829600000000.0,810200000000.0,792700000000.0,777800000000.0,764500000000.0,751700000000.0,739300000000.0,727600000000.0,716200000000.0,705000000000.0,694400000000.0,684100000000.0,673900000000.0,664200000000.0,654900000000.0,646300000000.0,637900000000.0,629700000000.0,621700000000.0,613700000000.0,605900000000.0,598300000000.0,583600000000.0,569400000000.0,555100000000.0,542000000000.0,529600000000.0,517600000000.0,506400000000.0,495800000000.0,485800000000.0,476300000000.0,467000000000.0,458000000000.0,442200000000.0,427300000000.0,413300000000.0,400000000000.0,387600000000.0,286700000000.0,227500000000.0,190100000000.0,96340000000.0
251,8000.0,30.0,1.163e+17,2174000000000000.0,445400000000000.0,159800000000000.0,73950000000000.0,35510000000000.0,19240000000000.0,13270000000000.0,10000000000000.0,7784000000000.0,6274000000000.0,5108000000000.0,4195000000000.0,3471000000000.0,2884000000000.0,2418000000000.0,2052000000000.0,1759000000000.0,1522000000000.0,1332000000000.0,1180000000000.0,928400000000.0,775500000000.0,658300000000.0,567700000000.0,500600000000.0,449800000000.0,406900000000.0,372400000000.0,345000000000.0,324700000000.0,308800000000.0,294200000000.0,280700000000.0,268300000000.0,256600000000.0,245700000000.0,236000000000.0,226900000000.0,218200000000.0,210100000000.0,202700000000.0,196000000000.0,189700000000.0,183700000000.0,178100000000.0,172600000000.0,167400000000.0,162200000000.0,152800000000.0,144100000000.0,135800000000.0,128100000000.0,120900000000.0,114300000000.0,108500000000.0,103200000000.0,98440000000.0,94160000000.0,90310000000.0,86900000000.0,81410000000.0,76360000000.0,71800000000.0,67620000000.0,63770000000.0,36510000000.0,24350000000.0,17720000000.0,3995000000.0
252,600.0,70.0,5229000000000.0,791700000000.0,409600000000.0,274800000000.0,203700000000.0,161400000000.0,132900000000.0,113800000000.0,99600000000.0,88530000000.0,80090000000.0,72990000000.0,66910000000.0,61730000000.0,57370000000.0,53550000000.0,50240000000.0,47310000000.0,44700000000.0,42400000000.0,40410000000.0,36520000000.0,33670000000.0,31310000000.0,29340000000.0,27750000000.0,26450000000.0,25270000000.0,24230000000.0,23330000000.0,22560000000.0,21870000000.0,21240000000.0,20640000000.0,20080000000.0,19550000000.0,19050000000.0,18600000000.0,18170000000.0,17750000000.0,17370000000.0,17010000000.0,16680000000.0,16370000000.0,16070000000.0,15790000000.0,15510000000.0,15240000000.0,14980000000.0,14490000000.0,14030000000.0,13590000000.0,13180000000.0,12800000000.0,12440000000.0,12110000000.0,11790000000.0,11500000000.0,11220000000.0,10970000000.0,10730000000.0,10300000000.0,9903000000.0,9538000000.0,9201000000.0,8887000000.0,6574000000.0,5277000000.0,4438000000.0,2235000000.0
253,1300.0,0.0,32710000000000.0,7481000000000.0,4934000000000.0,3814000000000.0,3190000000000.0,2843000000000.0,2616000000000.0,2485000000000.0,2387000000000.0,2305000000000.0,2238000000000.0,2176000000000.0,2116000000000.0,2059000000000.0,2002000000000.0,1949000000000.0,1902000000000.0,1860000000000.0,1821000000000.0,1786000000000.0,1755000000000.0,1695000000000.0,1652000000000.0,1611000000000.0,1574000000000.0,1542000000000.0,1513000000000.0,1485000000000.0,1459000000000.0,1434000000000.0,1412000000000.0,1392000000000.0,1373000000000.0,1354000000000.0,1336000000000.0,1318000000000.0,1300000000000.0,1284000000000.0,1267000000000.0,1251000000000.0,1235000000000.0,1220000000000.0,1206000000000.0,1193000000000.0,1179000000000.0,1166000000000.0,1153000000000.0,1140000000000.0,1127000000000.0,1103000000000.0,1079000000000.0,1054000000000.0,1032000000000.0,1010000000000.0,988600000000.0,968600000000.0,949500000000.0,931400000000.0,913900000000.0,896600000000.0,879700000000.0,849100000000.0,820400000000.0,793200000000.0,767600000000.0,743600000000.0,544500000000.0,426800000000.0,353000000000.0,176300000000.0
254,300.0,80.0,1500000000000.0,493500000000.0,248200000000.0,167300000000.0,125100000000.0,99840000000.0,82100000000.0,69420000000.0,59780000000.0,52290000000.0,46590000000.0,41810000000.0,37740000000.0,34310000000.0,31490000000.0,29010000000.0,26840000000.0,24900000000.0,23170000000.0,21620000000.0,20270000000.0,17550000000.0,15480000000.0,13790000000.0,12400000000.0,11280000000.0,10370000000.0,9571000000.0,8876000000.0,8275000000.0,7765000000.0,7319000000.0,6910000000.0,6538000000.0,6201000000.0,5888000000.0,5597000000.0,5333000000.0,5089000000.0,4863000000.0,4657000000.0,4469000000.0,4300000000.0,4144000000.0,3999000000.0,3860000000.0,3728000000.0,3603000000.0,3485000000.0,3267000000.0,3071000000.0,2894000000.0,2739000000.0,2601000000.0,2472000000.0,2354000000.0,2245000000.0,2145000000.0,2051000000.0,1965000000.0,1886000000.0,1747000000.0,1623000000.0,1513000000.0,1415000000.0,1329000000.0,795800000.0,543700000.0,406500000.0,147200000.0
255,1200.0,0.0,25320000000000.0,5314000000000.0,3289000000000.0,2455000000000.0,2016000000000.0,1791000000000.0,1650000000000.0,1573000000000.0,1515000000000.0,1467000000000.0,1428000000000.0,1391000000000.0,1355000000000.0,1320000000000.0,1284000000000.0,1251000000000.0,1221000000000.0,1195000000000.0,1171000000000.0,1149000000000.0,1130000000000.0,1094000000000.0,1068000000000.0,1044000000000.0,1022000000000.0,1002000000000.0,985000000000.0,967900000000.0,951800000000.0,936600000000.0,923000000000.0,910300000000.0,898000000000.0,886000000000.0,874600000000.0,863400000000.0,852300000000.0,841600000000.0,831200000000.0,820900000000.0,810900000000.0,801400000000.0,792400000000.0,783700000000.0,775100000000.0,766600000000.0,758200000000.0,749900000000.0,741800000000.0,726000000000.0,710700000000.0,695000000000.0,680300000000.0,666200000000.0,652400000000.0,639500000000.0,627100000000.0,615400000000.0,604000000000.0,592800000000.0,581800000000.0,561900000000.0,543100000000.0,525400000000.0,508700000000.0,493000000000.0,363600000000.0,286600000000.0,237800000000.0,118400000000.0
256,1900.0,60.0,363700000000000.0,28460000000000.0,17420000000000.0,12980000000000.0,10310000000000.0,8354000000000.0,6995000000000.0,6153000000000.0,5532000000000.0,5042000000000.0,4661000000000.0,4329000000000.0,4036000000000.0,3779000000000.0,3551000000000.0,3347000000000.0,3170000000000.0,3012000000000.0,2871000000000.0,2745000000000.0,2636000000000.0,2423000000000.0,2266000000000.0,2131000000000.0,2015000000000.0,1920000000000.0,1842000000000.0,1769000000000.0,1704000000000.0,1648000000000.0,1601000000000.0,1560000000000.0,1521000000000.0,1483000000000.0,1448000000000.0,1414000000000.0,1382000000000.0,1352000000000.0,1324000000000.0,1296000000000.0,1271000000000.0,1246000000000.0,1224000000000.0,1203000000000.0,1183000000000.0,1163000000000.0,1144000000000.0,1126000000000.0,1108000000000.0,1074000000000.0,1041000000000.0,1010000000000.0,981200000000.0,953600000000.0,927600000000.0,903900000000.0,881600000000.0,861100000000.0,842000000000.0,824200000000.0,807900000000.0,780100000000.0,753400000000.0,728700000000.0,705300000000.0,683100000000.0,506200000000.0,405600000000.0,340600000000.0,168600000000.0
257,27500.0,50.0,512100000000000.0,4362000000000.0,2749000000000.0,2075000000000.0,1649000000000.0,1362000000000.0,1146000000000.0,974900000000.0,835700000000.0,722300000000.0,631900000000.0,556000000000.0,490200000000.0,433500000000.0,385200000000.0,343100000000.0,306400000000.0,273900000000.0,245200000000.0,220000000000.0,198400000000.0,156200000000.0,125500000000.0,102500000000.0,85220000000.0,72500000000.0,62750000000.0,55010000000.0,48870000000.0,43990000000.0,40070000000.0,36780000000.0,34000000000.0,31630000000.0,29560000000.0,27720000000.0,26020000000.0,24560000000.0,23230000000.0,22030000000.0,20910000000.0,19940000000.0,19070000000.0,18280000000.0,17520000000.0,16830000000.0,16180000000.0,15560000000.0,14960000000.0,13900000000.0,12940000000.0,12090000000.0,11350000000.0,10690000000.0,10090000000.0,9535000000.0,9033000000.0,8565000000.0,8132000000.0,7737000000.0,7373000000.0,6739000000.0,6184000000.0,5696000000.0,5267000000.0,4890000000.0,2674000000.0,1672000000.0,1163000000.0,330900000.0
258,30000.0,30.0,423300000000000.0,4793000000000.0,3069000000000.0,2312000000000.0,1828000000000.0,1504000000000.0,1262000000000.0,1069000000000.0,914000000000.0,788100000000.0,688100000000.0,604400000000.0,532000000000.0,469600000000.0,416500000000.0,370200000000.0,329800000000.0,294100000000.0,262500000000.0,234800000000.0,211200000000.0,165000000000.0,131600000000.0,106600000000.0,87970000000.0,74380000000.0,64030000000.0,55900000000.0,49510000000.0,44470000000.0,40460000000.0,37090000000.0,34280000000.0,31880000000.0,29790000000.0,27930000000.0,26210000000.0,24730000000.0,23390000000.0,22180000000.0,21050000000.0,20060000000.0,19190000000.0,18390000000.0,17620000000.0,16920000000.0,16260000000.0,15640000000.0,15030000000.0,13970000000.0,13000000000.0,12130000000.0,11390000000.0,10730000000.0,10120000000.0,9560000000.0,9057000000.0,8585000000.0,8149000000.0,7753000000.0,7386000000.0,6749000000.0,6193000000.0,5703000000.0,5273000000.0,4896000000.0,2677000000.0,1674000000.0,1165000000.0,331300000.0
259,8000.0,0.0,1.809e+17,5447000000000000.0,1176000000000000.0,432100000000000.0,202200000000000.0,98000000000000.0,53290000000000.0,36560000000000.0,27370000000000.0,21170000000000.0,16980000000000.0,13770000000000.0,11270000000000.0,9291000000000.0,7703000000000.0,6443000000000.0,5457000000000.0,4669000000000.0,4040000000000.0,3529000000000.0,3127000000000.0,2459000000000.0,2062000000000.0,1756000000000.0,1520000000000.0,1346000000000.0,1215000000000.0,1104000000000.0,1015000000000.0,943800000000.0,892300000000.0,852200000000.0,815100000000.0,780700000000.0,749400000000.0,720000000000.0,692100000000.0,666700000000.0,642600000000.0,618800000000.0,596800000000.0,576400000000.0,558000000000.0,540700000000.0,524100000000.0,508300000000.0,493000000000.0,478400000000.0,463900000000.0,436900000000.0,411500000000.0,387500000000.0,366100000000.0,346400000000.0,328200000000.0,311700000000.0,296600000000.0,283400000000.0,271500000000.0,260500000000.0,250600000000.0,234900000000.0,220600000000.0,207500000000.0,195600000000.0,184800000000.0,108600000000.0,72940000000.0,53270000000.0,12110000000.0
260,1400.0,50.0,147000000000000.0,11010000000000.0,6236000000000.0,4484000000000.0,3508000000000.0,2853000000000.0,2411000000000.0,2144000000000.0,1949000000000.0,1794000000000.0,1674000000000.0,1568000000000.0,1474000000000.0,1391000000000.0,1317000000000.0,1251000000000.0,1193000000000.0,1142000000000.0,1096000000000.0,1055000000000.0,1020000000000.0,951200000000.0,901700000000.0,858400000000.0,820700000000.0,789600000000.0,763500000000.0,739100000000.0,717300000000.0,697900000000.0,681800000000.0,667600000000.0,653900000000.0,640700000000.0,628100000000.0,615900000000.0,604100000000.0,593300000000.0,582900000000.0,572700000000.0,563000000000.0,553900000000.0,545500000000.0,537400000000.0,529700000000.0,522100000000.0,514700000000.0,507500000000.0,500300000000.0,486900000000.0,474000000000.0,461400000000.0,449600000000.0,438300000000.0,427500000000.0,417500000000.0,408000000000.0,399100000000.0,390700000000.0,382800000000.0,375300000000.0,362200000000.0,349600000000.0,337900000000.0,326900000000.0,316300000000.0,232300000000.0,185000000000.0,154800000000.0,77120000000.0
261,1400.0,70.0,104100000000000.0,8342000000000.0,4868000000000.0,3547000000000.0,2795000000000.0,2287000000000.0,1939000000000.0,1724000000000.0,1565000000000.0,1439000000000.0,1341000000000.0,1255000000000.0,1179000000000.0,1112000000000.0,1052000000000.0,999100000000.0,952600000000.0,911300000000.0,874200000000.0,841200000000.0,812600000000.0,757200000000.0,716800000000.0,681700000000.0,651200000000.0,626100000000.0,605100000000.0,585500000000.0,567900000000.0,552400000000.0,539400000000.0,528000000000.0,517000000000.0,506400000000.0,496300000000.0,486600000000.0,477200000000.0,468500000000.0,460200000000.0,452100000000.0,444400000000.0,437200000000.0,430500000000.0,424100000000.0,417900000000.0,411900000000.0,406100000000.0,400300000000.0,394700000000.0,384000000000.0,373900000000.0,364000000000.0,354600000000.0,345700000000.0,337200000000.0,329300000000.0,321800000000.0,314800000000.0,308200000000.0,302000000000.0,296100000000.0,285700000000.0,275800000000.0,266600000000.0,257900000000.0,249500000000.0,183400000000.0,146100000000.0,122400000000.0,61100000000.0
262,30000.0,10.0,894600000000000.0,7156000000000.0,4953000000000.0,3867000000000.0,3120000000000.0,2598000000000.0,2198000000000.0,1871000000000.0,1602000000000.0,1381000000000.0,1202000000000.0,1053000000000.0,923100000000.0,810300000000.0,713600000000.0,629300000000.0,555700000000.0,490800000000.0,433200000000.0,383000000000.0,340300000000.0,257000000000.0,197100000000.0,153100000000.0,121100000000.0,98260000000.0,81250000000.0,68340000000.0,58580000000.0,51190000000.0,45480000000.0,40830000000.0,37140000000.0,34110000000.0,31560000000.0,29350000000.0,27320000000.0,25660000000.0,24170000000.0,22850000000.0,21590000000.0,20540000000.0,19620000000.0,18770000000.0,17930000000.0,17210000000.0,16530000000.0,15890000000.0,15240000000.0,14140000000.0,13130000000.0,12240000000.0,11490000000.0,10800000000.0,10180000000.0,9607000000.0,9100000000.0,8619000000.0,8177000000.0,7774000000.0,7400000000.0,6757000000.0,6197000000.0,5704000000.0,5273000000.0,4896000000.0,2677000000.0,1674000000.0,1165000000.0,331300000.0
263,1900.0,40.0,365800000000000.0,41750000000000.0,25570000000000.0,18890000000000.0,14890000000000.0,12030000000000.0,10060000000000.0,8851000000000.0,7960000000000.0,7254000000000.0,6708000000000.0,6231000000000.0,5811000000000.0,5437000000000.0,5104000000000.0,4807000000000.0,4547000000000.0,4317000000000.0,4112000000000.0,3928000000000.0,3769000000000.0,3456000000000.0,3230000000000.0,3034000000000.0,2866000000000.0,2730000000000.0,2617000000000.0,2512000000000.0,2420000000000.0,2339000000000.0,2274000000000.0,2217000000000.0,2163000000000.0,2112000000000.0,2064000000000.0,2018000000000.0,1974000000000.0,1933000000000.0,1893000000000.0,1854000000000.0,1817000000000.0,1782000000000.0,1750000000000.0,1720000000000.0,1690000000000.0,1662000000000.0,1634000000000.0,1606000000000.0,1579000000000.0,1529000000000.0,1480000000000.0,1432000000000.0,1390000000000.0,1351000000000.0,1314000000000.0,1279000000000.0,1247000000000.0,1218000000000.0,1190000000000.0,1165000000000.0,1140000000000.0,1100000000000.0,1062000000000.0,1026000000000.0,992800000000.0,961300000000.0,709400000000.0,563500000000.0,470900000000.0,232600000000.0
264,27500.0,70.0,412000000000000.0,3896000000000.0,2390000000000.0,1786000000000.0,1414000000000.0,1166000000000.0,980500000000.0,834100000000.0,715800000000.0,619800000000.0,543300000000.0,479100000000.0,423500000000.0,375600000000.0,334900000000.0,299400000000.0,268400000000.0,240900000000.0,216500000000.0,195100000000.0,176800000000.0,140800000000.0,114600000000.0,94670000000.0,79610000000.0,68420000000.0,59780000000.0,52830000000.0,47250000000.0,42770000000.0,39150000000.0,36080000000.0,33460000000.0,31200000000.0,29220000000.0,27440000000.0,25800000000.0,24370000000.0,23070000000.0,21890000000.0,20800000000.0,19840000000.0,18990000000.0,18200000000.0,17450000000.0,16770000000.0,16120000000.0,15510000000.0,14920000000.0,13860000000.0,12910000000.0,12060000000.0,11330000000.0,10680000000.0,10070000000.0,9525000000.0,9025000000.0,8558000000.0,8126000000.0,7733000000.0,7370000000.0,6737000000.0,6183000000.0,5695000000.0,5267000000.0,4890000000.0,2674000000.0,1672000000.0,1163000000.0,330900000.0
265,5000.0,20.0,1.983e+16,1661000000000000.0,633200000000000.0,335700000000000.0,205800000000000.0,134900000000000.0,95460000000000.0,76340000000000.0,63800000000000.0,54310000000000.0,47160000000000.0,41130000000000.0,35980000000000.0,31500000000000.0,27460000000000.0,24060000000000.0,21250000000000.0,18900000000000.0,16920000000000.0,15240000000000.0,13850000000000.0,11320000000000.0,9654000000000.0,8345000000000.0,7315000000000.0,6540000000000.0,5946000000000.0,5434000000000.0,5013000000000.0,4672000000000.0,4416000000000.0,4211000000000.0,4021000000000.0,3845000000000.0,3685000000000.0,3535000000000.0,3394000000000.0,3265000000000.0,3144000000000.0,3024000000000.0,2913000000000.0,2811000000000.0,2720000000000.0,2634000000000.0,2552000000000.0,2474000000000.0,2400000000000.0,2328000000000.0,2257000000000.0,2126000000000.0,2002000000000.0,1887000000000.0,1786000000000.0,1693000000000.0,1609000000000.0,1532000000000.0,1464000000000.0,1405000000000.0,1352000000000.0,1304000000000.0,1263000000000.0,1199000000000.0,1141000000000.0,1087000000000.0,1037000000000.0,991400000000.0,662000000000.0,489600000000.0,384500000000.0,129900000000.0
266,35800.0,80.0,60280000000000.0,2569000000000.0,1335000000000.0,912100000000.0,685400000000.0,548100000000.0,451200000000.0,380600000000.0,326600000000.0,284700000000.0,252700000000.0,225800000000.0,202900000000.0,183600000000.0,167600000000.0,153600000000.0,141300000000.0,130300000000.0,120500000000.0,111800000000.0,104200000000.0,89010000000.0,77550000000.0,68270000000.0,60730000000.0,54740000000.0,49870000000.0,45640000000.0,42010000000.0,38880000000.0,36250000000.0,33940000000.0,31840000000.0,29950000000.0,28250000000.0,26680000000.0,25210000000.0,23900000000.0,22690000000.0,21570000000.0,20550000000.0,19630000000.0,18800000000.0,18040000000.0,17330000000.0,16660000000.0,16020000000.0,15420000000.0,14850000000.0,13810000000.0,12880000000.0,12040000000.0,11310000000.0,10670000000.0,10070000000.0,9529000000.0,9029000000.0,8565000000.0,8137000000.0,7745000000.0,7385000000.0,6754000000.0,6201000000.0,5713000000.0,5284000000.0,4906000000.0,2683000000.0,1678000000.0,1167000000.0,332000000.0
267,3000.0,90.0,1578000000000000.0,122900000000000.0,69050000000000.0,48220000000000.0,36080000000000.0,27320000000000.0,21620000000000.0,18480000000000.0,16260000000000.0,14520000000000.0,13170000000000.0,11990000000000.0,10950000000000.0,10030000000000.0,9207000000000.0,8479000000000.0,7852000000000.0,7302000000000.0,6816000000000.0,6389000000000.0,6021000000000.0,5310000000000.0,4795000000000.0,4366000000000.0,4008000000000.0,3722000000000.0,3490000000000.0,3280000000000.0,3099000000000.0,2943000000000.0,2817000000000.0,2708000000000.0,2607000000000.0,2511000000000.0,2422000000000.0,2338000000000.0,2259000000000.0,2188000000000.0,2121000000000.0,2057000000000.0,1997000000000.0,1942000000000.0,1892000000000.0,1845000000000.0,1800000000000.0,1758000000000.0,1717000000000.0,1678000000000.0,1639000000000.0,1568000000000.0,1503000000000.0,1441000000000.0,1384000000000.0,1330000000000.0,1281000000000.0,1238000000000.0,1198000000000.0,1163000000000.0,1130000000000.0,1102000000000.0,1076000000000.0,1036000000000.0,998600000000.0,963600000000.0,930800000000.0,899800000000.0,658500000000.0,520100000000.0,429200000000.0,189100000000.0
268,600.0,50.0,4050000000000.0,575700000000.0,288900000000.0,185900000000.0,134100000000.0,104400000000.0,85930000000.0,75120000000.0,67310000000.0,61170000000.0,56440000000.0,52380000000.0,48850000000.0,45760000000.0,43060000000.0,40660000000.0,38600000000.0,36780000000.0,35160000000.0,33740000000.0,32520000000.0,30230000000.0,28620000000.0,27260000000.0,26120000000.0,25190000000.0,24420000000.0,23720000000.0,23080000000.0,22520000000.0,22050000000.0,21620000000.0,21210000000.0,20810000000.0,20440000000.0,20070000000.0,19720000000.0,19390000000.0,19080000000.0,18770000000.0,18480000000.0,18200000000.0,17940000000.0,17690000000.0,17450000000.0,17210000000.0,16980000000.0,16760000000.0,16530000000.0,16100000000.0,15690000000.0,15290000000.0,14910000000.0,14540000000.0,14190000000.0,13860000000.0,13550000000.0,13260000000.0,12990000000.0,12730000000.0,12490000000.0,12070000000.0,11660000000.0,11290000000.0,10940000000.0,10610000000.0,8042000000.0,6556000000.0,5569000000.0,2860000000.0
269,8000.0,10.0,1.726e+17,4722000000000000.0,1003000000000000.0,366400000000000.0,171100000000000.0,83090000000000.0,45300000000000.0,31130000000000.0,23330000000000.0,18060000000000.0,14510000000000.0,11770000000000.0,9640000000000.0,7955000000000.0,6600000000000.0,5524000000000.0,4680000000000.0,4007000000000.0,3468000000000.0,3030000000000.0,2685000000000.0,2113000000000.0,1771000000000.0,1508000000000.0,1305000000000.0,1156000000000.0,1043000000000.0,947100000000.0,870100000000.0,809000000000.0,764600000000.0,730000000000.0,698000000000.0,668400000000.0,641500000000.0,616200000000.0,592200000000.0,570400000000.0,549700000000.0,529300000000.0,510300000000.0,492800000000.0,477000000000.0,462200000000.0,447900000000.0,434300000000.0,421300000000.0,408700000000.0,396300000000.0,373100000000.0,351300000000.0,330700000000.0,312300000000.0,295400000000.0,279800000000.0,265600000000.0,252700000000.0,241400000000.0,231200000000.0,221800000000.0,213400000000.0,199900000000.0,187800000000.0,176600000000.0,166500000000.0,157300000000.0,92260000000.0,62010000000.0,45380000000.0,10410000000.0
270,22500.0,20.0,8456000000000000.0,10560000000000.0,7519000000000.0,6124000000000.0,5037000000000.0,4221000000000.0,3575000000000.0,3029000000000.0,2574000000000.0,2198000000000.0,1894000000000.0,1642000000000.0,1423000000000.0,1234000000000.0,1071000000000.0,932000000000.0,811300000000.0,705300000000.0,612500000000.0,532300000000.0,465000000000.0,335200000000.0,244200000000.0,179200000000.0,133100000000.0,101000000000.0,77350000000.0,59870000000.0,47040000000.0,37670000000.0,30520000000.0,24860000000.0,20650000000.0,17440000000.0,14910000000.0,12870000000.0,11140000000.0,9880000000.0,8849000000.0,8001000000.0,7206000000.0,6644000000.0,6177000000.0,5776000000.0,5349000000.0,5056000000.0,4795000000.0,4560000000.0,4280000000.0,3923000000.0,3565000000.0,3263000000.0,3050000000.0,2828000000.0,2633000000.0,2463000000.0,2332000000.0,2193000000.0,2069000000.0,1959000000.0,1852000000.0,1682000000.0,1541000000.0,1418000000.0,1314000000.0,1226000000.0,709600000.0,465700000.0,350200000.0,151000000.0
271,10000.0,80.0,7.553e+16,500000000000000.0,78570000000000.0,24510000000000.0,10530000000000.0,4969000000000.0,2783000000000.0,2014000000000.0,1583000000000.0,1277000000000.0,1059000000000.0,886100000000.0,746700000000.0,632800000000.0,538700000000.0,461700000000.0,399000000000.0,347000000000.0,303600000000.0,267500000000.0,238100000000.0,186300000000.0,152400000000.0,126700000000.0,107100000000.0,92570000000.0,81380000000.0,72220000000.0,64860000000.0,58980000000.0,54380000000.0,50570000000.0,47290000000.0,44400000000.0,41840000000.0,39510000000.0,37330000000.0,35480000000.0,33780000000.0,32210000000.0,30730000000.0,29450000000.0,28300000000.0,27240000000.0,26210000000.0,25280000000.0,24400000000.0,23560000000.0,22720000000.0,21270000000.0,19920000000.0,18670000000.0,17570000000.0,16550000000.0,15610000000.0,14770000000.0,14020000000.0,13330000000.0,12710000000.0,12140000000.0,11620000000.0,10770000000.0,10010000000.0,9320000000.0,8702000000.0,8142000000.0,4392000000.0,2786000000.0,1966000000.0,460400000.0
272,1100.0,80.0,32930000000000.0,3378000000000.0,1906000000000.0,1338000000000.0,1026000000000.0,835400000000.0,709800000000.0,634100000000.0,578800000000.0,535000000000.0,501000000000.0,471400000000.0,445300000000.0,422300000000.0,402000000000.0,383800000000.0,367900000000.0,353800000000.0,341000000000.0,329700000000.0,319800000000.0,300700000000.0,286800000000.0,274500000000.0,263800000000.0,254900000000.0,247400000000.0,240200000000.0,233800000000.0,228000000000.0,223100000000.0,218700000000.0,214500000000.0,210500000000.0,206600000000.0,202800000000.0,199100000000.0,195700000000.0,192400000000.0,189200000000.0,186200000000.0,183300000000.0,180700000000.0,178100000000.0,175700000000.0,173200000000.0,170900000000.0,168600000000.0,166300000000.0,161900000000.0,157800000000.0,153700000000.0,149800000000.0,146000000000.0,142500000000.0,139100000000.0,136000000000.0,133000000000.0,130100000000.0,127400000000.0,124900000000.0,120300000000.0,116000000000.0,111900000000.0,108100000000.0,104400000000.0,75620000000.0,59540000000.0,49440000000.0,24200000000.0
273,1100.0,90.0,32230000000000.0,3353000000000.0,1888000000000.0,1325000000000.0,1016000000000.0,827000000000.0,702800000000.0,627900000000.0,573100000000.0,529700000000.0,496100000000.0,466800000000.0,441000000000.0,418200000000.0,398100000000.0,380100000000.0,364400000000.0,350300000000.0,337700000000.0,326500000000.0,316700000000.0,297700000000.0,283900000000.0,271700000000.0,261000000000.0,252100000000.0,244600000000.0,237600000000.0,231100000000.0,225400000000.0,220500000000.0,216200000000.0,212000000000.0,208000000000.0,204100000000.0,200300000000.0,196700000000.0,193300000000.0,190100000000.0,186900000000.0,183900000000.0,181100000000.0,178400000000.0,175900000000.0,173500000000.0,171100000000.0,168700000000.0,166400000000.0,164200000000.0,159900000000.0,155700000000.0,151700000000.0,147800000000.0,144100000000.0,140600000000.0,137300000000.0,134200000000.0,131200000000.0,128400000000.0,125800000000.0,123300000000.0,118800000000.0,114400000000.0,110400000000.0,106700000000.0,103100000000.0,74640000000.0,58770000000.0,48800000000.0,23880000000.0
274,10000.0,90.0,7.427e+16,492000000000000.0,77320000000000.0,24120000000000.0,10360000000000.0,4893000000000.0,2741000000000.0,1984000000000.0,1559000000000.0,1258000000000.0,1043000000000.0,873400000000.0,736200000000.0,624100000000.0,531500000000.0,455700000000.0,394000000000.0,342800000000.0,300100000000.0,264500000000.0,235500000000.0,184400000000.0,151000000000.0,125600000000.0,106200000000.0,91890000000.0,80830000000.0,71770000000.0,64490000000.0,58660000000.0,54100000000.0,50310000000.0,47050000000.0,44180000000.0,41630000000.0,39320000000.0,37150000000.0,35310000000.0,33620000000.0,32060000000.0,30590000000.0,29300000000.0,28160000000.0,27110000000.0,26080000000.0,25160000000.0,24280000000.0,23450000000.0,22610000000.0,21160000000.0,19820000000.0,18580000000.0,17480000000.0,16460000000.0,15530000000.0,14700000000.0,13950000000.0,13260000000.0,12640000000.0,12070000000.0,11560000000.0,10720000000.0,9950000000.0,9268000000.0,8651000000.0,8094000000.0,4366000000.0,2769000000.0,1953000000.0,458400000.0
275,1200.0,10.0,23260000000000.0,5172000000000.0,3307000000000.0,2525000000000.0,2095000000000.0,1850000000000.0,1688000000000.0,1591000000000.0,1518000000000.0,1457000000000.0,1408000000000.0,1363000000000.0,1320000000000.0,1279000000000.0,1240000000000.0,1203000000000.0,1170000000000.0,1141000000000.0,1114000000000.0,1090000000000.0,1069000000000.0,1028000000000.0,999100000000.0,971800000000.0,946800000000.0,925700000000.0,907000000000.0,888900000000.0,872000000000.0,856400000000.0,842800000000.0,830300000000.0,818200000000.0,806500000000.0,795400000000.0,784500000000.0,773700000000.0,763500000000.0,753400000000.0,743500000000.0,734100000000.0,724900000000.0,716400000000.0,708200000000.0,700100000000.0,692000000000.0,684100000000.0,676300000000.0,668600000000.0,653900000000.0,639500000000.0,625000000000.0,611400000000.0,598600000000.0,586000000000.0,574300000000.0,563000000000.0,552300000000.0,542100000000.0,532000000000.0,522200000000.0,504400000000.0,487800000000.0,472000000000.0,457100000000.0,443200000000.0,328300000000.0,259900000000.0,216600000000.0,110200000000.0
276,1900.0,0.0,134700000000000.0,50910000000000.0,39390000000000.0,32730000000000.0,27830000000000.0,23820000000000.0,20760000000000.0,18610000000000.0,16940000000000.0,15610000000000.0,14570000000000.0,13660000000000.0,12850000000000.0,12130000000000.0,11490000000000.0,10910000000000.0,10400000000000.0,9947000000000.0,9537000000000.0,9166000000000.0,8842000000000.0,8192000000000.0,7713000000000.0,7293000000000.0,6929000000000.0,6632000000000.0,6383000000000.0,6151000000000.0,5945000000000.0,5764000000000.0,5616000000000.0,5486000000000.0,5362000000000.0,5244000000000.0,5135000000000.0,5029000000000.0,4927000000000.0,4832000000000.0,4740000000000.0,4650000000000.0,4566000000000.0,4487000000000.0,4413000000000.0,4344000000000.0,4275000000000.0,4209000000000.0,4144000000000.0,4081000000000.0,4019000000000.0,3902000000000.0,3789000000000.0,3680000000000.0,3582000000000.0,3493000000000.0,3407000000000.0,3327000000000.0,3252000000000.0,3184000000000.0,3120000000000.0,3059000000000.0,3002000000000.0,2905000000000.0,2814000000000.0,2728000000000.0,2647000000000.0,2570000000000.0,1948000000000.0,1575000000000.0,1332000000000.0,690800000000.0
277,22500.0,30.0,5437000000000000.0,8682000000000.0,6011000000000.0,4817000000000.0,3930000000000.0,3280000000000.0,2772000000000.0,2348000000000.0,1996000000000.0,1707000000000.0,1475000000000.0,1281000000000.0,1113000000000.0,968600000000.0,844500000000.0,737900000000.0,645300000000.0,564100000000.0,492700000000.0,431000000000.0,379000000000.0,278600000000.0,207800000000.0,156800000000.0,120300000000.0,94500000000.0,75420000000.0,61080000000.0,50370000000.0,42370000000.0,36200000000.0,31220000000.0,27390000000.0,24360000000.0,21880000000.0,19810000000.0,18000000000.0,16580000000.0,15370000000.0,14320000000.0,13350000000.0,12580000000.0,11920000000.0,11330000000.0,10740000000.0,10260000000.0,9822000000.0,9413000000.0,8986000000.0,8314000000.0,7685000000.0,7134000000.0,6692000000.0,6275000000.0,5897000000.0,5557000000.0,5263000000.0,4979000000.0,4718000000.0,4483000000.0,4262000000.0,3888000000.0,3566000000.0,3283000000.0,3037000000.0,2823000000.0,1565000000.0,990300000.0,702700000.0,227500000.0
278,1800.0,0.0,109300000000000.0,40330000000000.0,31050000000000.0,25810000000000.0,22030000000000.0,18980000000000.0,16650000000000.0,15010000000000.0,13720000000000.0,12690000000000.0,11890000000000.0,11180000000000.0,10540000000000.0,9974000000000.0,9467000000000.0,9008000000000.0,8603000000000.0,8240000000000.0,7914000000000.0,7618000000000.0,7360000000000.0,6843000000000.0,6462000000000.0,6128000000000.0,5837000000000.0,5600000000000.0,5400000000000.0,5214000000000.0,5049000000000.0,4903000000000.0,4784000000000.0,4679000000000.0,4579000000000.0,4484000000000.0,4395000000000.0,4309000000000.0,4226000000000.0,4148000000000.0,4073000000000.0,4000000000000.0,3931000000000.0,3865000000000.0,3805000000000.0,3748000000000.0,3691000000000.0,3636000000000.0,3582000000000.0,3530000000000.0,3479000000000.0,3381000000000.0,3288000000000.0,3197000000000.0,3115000000000.0,3040000000000.0,2967000000000.0,2900000000000.0,2836000000000.0,2778000000000.0,2723000000000.0,2670000000000.0,2621000000000.0,2536000000000.0,2456000000000.0,2380000000000.0,2309000000000.0,2242000000000.0,1696000000000.0,1369000000000.0,1156000000000.0,599600000000.0
279,600.0,40.0,3205000000000.0,588100000000.0,297300000000.0,191100000000.0,138100000000.0,107900000000.0,89750000000.0,80130000000.0,73480000000.0,68240000000.0,64220000000.0,60690000000.0,57560000000.0,54770000000.0,52270000000.0,50030000000.0,48080000000.0,46340000000.0,44800000000.0,43410000000.0,42220000000.0,39950000000.0,38360000000.0,36910000000.0,35620000000.0,34530000000.0,33600000000.0,32700000000.0,31890000000.0,31150000000.0,30520000000.0,29960000000.0,29410000000.0,28890000000.0,28400000000.0,27930000000.0,27460000000.0,27020000000.0,26590000000.0,26150000000.0,25740000000.0,25350000000.0,24980000000.0,24630000000.0,24290000000.0,23950000000.0,23620000000.0,23290000000.0,22970000000.0,22350000000.0,21750000000.0,21160000000.0,20620000000.0,20100000000.0,19610000000.0,19150000000.0,18710000000.0,18310000000.0,17920000000.0,17560000000.0,17220000000.0,16630000000.0,16080000000.0,15560000000.0,15060000000.0,14610000000.0,11080000000.0,8978000000.0,7595000000.0,3879000000.0
280,3000.0,80.0,1614000000000000.0,125100000000000.0,70230000000000.0,49030000000000.0,36690000000000.0,27780000000000.0,21980000000000.0,18790000000000.0,16530000000000.0,14760000000000.0,13390000000000.0,12190000000000.0,11130000000000.0,10200000000000.0,9359000000000.0,8619000000000.0,7981000000000.0,7422000000000.0,6928000000000.0,6494000000000.0,6120000000000.0,5397000000000.0,4874000000000.0,4438000000000.0,4074000000000.0,3783000000000.0,3547000000000.0,3334000000000.0,3150000000000.0,2991000000000.0,2863000000000.0,2753000000000.0,2649000000000.0,2552000000000.0,2462000000000.0,2377000000000.0,2296000000000.0,2224000000000.0,2156000000000.0,2090000000000.0,2030000000000.0,1974000000000.0,1923000000000.0,1875000000000.0,1830000000000.0,1787000000000.0,1745000000000.0,1705000000000.0,1666000000000.0,1594000000000.0,1528000000000.0,1465000000000.0,1406000000000.0,1352000000000.0,1302000000000.0,1258000000000.0,1217000000000.0,1182000000000.0,1149000000000.0,1119000000000.0,1094000000000.0,1053000000000.0,1015000000000.0,979300000000.0,945900000000.0,914500000000.0,669100000000.0,528500000000.0,436100000000.0,192100000000.0
281,35800.0,90.0,59940000000000.0,2566000000000.0,1333000000000.0,910500000000.0,684300000000.0,547300000000.0,450500000000.0,380100000000.0,326200000000.0,284300000000.0,252400000000.0,225500000000.0,202700000000.0,183400000000.0,167500000000.0,153500000000.0,141200000000.0,130200000000.0,120400000000.0,111700000000.0,104200000000.0,88980000000.0,77520000000.0,68250000000.0,60720000000.0,54730000000.0,49860000000.0,45640000000.0,42000000000.0,38880000000.0,36240000000.0,33930000000.0,31840000000.0,29950000000.0,28250000000.0,26680000000.0,25210000000.0,23900000000.0,22680000000.0,21570000000.0,20550000000.0,19630000000.0,18800000000.0,18040000000.0,17330000000.0,16660000000.0,16020000000.0,15420000000.0,14850000000.0,13810000000.0,12880000000.0,12040000000.0,11310000000.0,10670000000.0,10070000000.0,9529000000.0,9028000000.0,8565000000.0,8137000000.0,7745000000.0,7385000000.0,6754000000.0,6201000000.0,5713000000.0,5284000000.0,4906000000.0,2683000000.0,1678000000.0,1167000000.0,332000000.0
282,5000.0,30.0,2.082e+16,1245000000000000.0,448600000000000.0,232400000000000.0,141000000000000.0,91380000000000.0,64080000000000.0,50930000000000.0,42370000000000.0,35910000000000.0,31080000000000.0,27020000000000.0,23570000000000.0,20580000000000.0,17900000000000.0,15660000000000.0,13800000000000.0,12260000000000.0,10960000000000.0,9857000000000.0,8949000000000.0,7306000000000.0,6228000000000.0,5382000000000.0,4716000000000.0,4216000000000.0,3832000000000.0,3502000000000.0,3230000000000.0,3010000000000.0,2845000000000.0,2713000000000.0,2591000000000.0,2477000000000.0,2374000000000.0,2278000000000.0,2187000000000.0,2104000000000.0,2026000000000.0,1948000000000.0,1877000000000.0,1811000000000.0,1752000000000.0,1697000000000.0,1644000000000.0,1594000000000.0,1546000000000.0,1499000000000.0,1454000000000.0,1369000000000.0,1289000000000.0,1214000000000.0,1149000000000.0,1089000000000.0,1034000000000.0,985100000000.0,940500000000.0,902400000000.0,868100000000.0,837400000000.0,810600000000.0,769400000000.0,731900000000.0,696900000000.0,664800000000.0,635200000000.0,422300000000.0,311500000000.0,244200000000.0,81570000000.0
283,27500.0,60.0,448800000000000.0,4066000000000.0,2521000000000.0,1892000000000.0,1500000000000.0,1238000000000.0,1041000000000.0,885700000000.0,759800000000.0,657400000000.0,575800000000.0,507300000000.0,448000000000.0,396800000000.0,353300000000.0,315400000000.0,282300000000.0,253000000000.0,227000000000.0,204200000000.0,184800000000.0,146500000000.0,118600000000.0,97540000000.0,81670000000.0,69920000000.0,60870000000.0,53630000000.0,47850000000.0,43220000000.0,39480000000.0,36340000000.0,33660000000.0,31360000000.0,29350000000.0,27540000000.0,25880000000.0,24440000000.0,23130000000.0,21940000000.0,20840000000.0,19870000000.0,19020000000.0,18230000000.0,17480000000.0,16790000000.0,16140000000.0,15530000000.0,14930000000.0,13880000000.0,12920000000.0,12070000000.0,11340000000.0,10680000000.0,10080000000.0,9529000000.0,9028000000.0,8560000000.0,8128000000.0,7734000000.0,7371000000.0,6738000000.0,6183000000.0,5696000000.0,5267000000.0,4890000000.0,2674000000.0,1672000000.0,1163000000.0,330900000.0
284,1900.0,50.0,414600000000000.0,33900000000000.0,20370000000000.0,15060000000000.0,11910000000000.0,9627000000000.0,8045000000000.0,7073000000000.0,6359000000000.0,5796000000000.0,5358000000000.0,4976000000000.0,4639000000000.0,4343000000000.0,4080000000000.0,3846000000000.0,3642000000000.0,3460000000000.0,3298000000000.0,3154000000000.0,3028000000000.0,2783000000000.0,2604000000000.0,2449000000000.0,2316000000000.0,2207000000000.0,2116000000000.0,2033000000000.0,1958000000000.0,1893000000000.0,1839000000000.0,1792000000000.0,1747000000000.0,1705000000000.0,1664000000000.0,1625000000000.0,1588000000000.0,1554000000000.0,1521000000000.0,1490000000000.0,1460000000000.0,1432000000000.0,1407000000000.0,1382000000000.0,1359000000000.0,1337000000000.0,1315000000000.0,1293000000000.0,1272000000000.0,1233000000000.0,1196000000000.0,1161000000000.0,1127000000000.0,1095000000000.0,1065000000000.0,1038000000000.0,1012000000000.0,988700000000.0,966600000000.0,946200000000.0,927400000000.0,895400000000.0,864700000000.0,836300000000.0,809400000000.0,783800000000.0,580400000000.0,464800000000.0,390300000000.0,192900000000.0
285,5000.0,0.0,1.785e+16,2162000000000000.0,909300000000000.0,500600000000000.0,311600000000000.0,208000000000000.0,149700000000000.0,121000000000000.0,102000000000000.0,87480000000000.0,76450000000000.0,67080000000000.0,59020000000000.0,51950000000000.0,45540000000000.0,40120000000000.0,35600000000000.0,31790000000000.0,28570000000000.0,25820000000000.0,23530000000000.0,19300000000000.0,16470000000000.0,14250000000000.0,12500000000000.0,11180000000000.0,10170000000000.0,9293000000000.0,8575000000000.0,7991000000000.0,7553000000000.0,7201000000000.0,6873000000000.0,6571000000000.0,6297000000000.0,6040000000000.0,5798000000000.0,5577000000000.0,5369000000000.0,5163000000000.0,4974000000000.0,4799000000000.0,4643000000000.0,4496000000000.0,4356000000000.0,4223000000000.0,4095000000000.0,3973000000000.0,3852000000000.0,3627000000000.0,3416000000000.0,3220000000000.0,3048000000000.0,2890000000000.0,2746000000000.0,2616000000000.0,2499000000000.0,2399000000000.0,2308000000000.0,2228000000000.0,2158000000000.0,2050000000000.0,1951000000000.0,1860000000000.0,1776000000000.0,1698000000000.0,1144000000000.0,852600000000.0,672700000000.0,231800000000.0
286,1400.0,60.0,123200000000000.0,9146000000000.0,5312000000000.0,3864000000000.0,3040000000000.0,2483000000000.0,2103000000000.0,1869000000000.0,1697000000000.0,1560000000000.0,1454000000000.0,1361000000000.0,1278000000000.0,1206000000000.0,1141000000000.0,1083000000000.0,1032000000000.0,987300000000.0,947200000000.0,911500000000.0,880600000000.0,820800000000.0,777400000000.0,739800000000.0,707100000000.0,680200000000.0,657800000000.0,636800000000.0,618000000000.0,601400000000.0,587500000000.0,575300000000.0,563500000000.0,552200000000.0,541400000000.0,530900000000.0,520800000000.0,511500000000.0,502500000000.0,493800000000.0,485500000000.0,477700000000.0,470500000000.0,463500000000.0,456900000000.0,450400000000.0,444100000000.0,437800000000.0,431700000000.0,420200000000.0,409200000000.0,398400000000.0,388200000000.0,378500000000.0,369200000000.0,360600000000.0,352400000000.0,344800000000.0,337600000000.0,330800000000.0,324400000000.0,313100000000.0,302200000000.0,292200000000.0,282600000000.0,273600000000.0,201100000000.0,160200000000.0,134200000000.0,66980000000.0
287,25000.0,0.0,5299000000000000.0,10230000000000.0,7906000000000.0,6487000000000.0,5353000000000.0,4500000000000.0,3824000000000.0,3250000000000.0,2769000000000.0,2370000000000.0,2047000000000.0,1777000000000.0,1542000000000.0,1338000000000.0,1163000000000.0,1012000000000.0,880500000000.0,765200000000.0,663900000000.0,576100000000.0,502300000000.0,359700000000.0,259200000000.0,187300000000.0,136300000000.0,100700000000.0,74630000000.0,55470000000.0,41570000000.0,31590000000.0,24100000000.0,18270000000.0,14100000000.0,11040000000.0,8730000000.0,6943000000.0,5480000000.0,4495000000.0,3733000000.0,3140000000.0,2572000000.0,2230000000.0,1960000000.0,1742000000.0,1474000000.0,1338000000.0,1226000000.0,1131000000.0,974300000.0,855500000.0,703200000.0,586000000.0,538200000.0,459400000.0,397100000.0,348500000.0,332300000.0,298100000.0,270900000.0,249300000.0,223300000.0,197500000.0,183600000.0,172600000.0,167500000.0,166400000.0,198700000.0,204200000.0,209200000.0,224100000.0
288,2000.0,30.0,313000000000000.0,60070000000000.0,39670000000000.0,30130000000000.0,24000000000000.0,19430000000000.0,16260000000000.0,14310000000000.0,12880000000000.0,11740000000000.0,10860000000000.0,10090000000000.0,9416000000000.0,8812000000000.0,8275000000000.0,7794000000000.0,7373000000000.0,6999000000000.0,6665000000000.0,6365000000000.0,6105000000000.0,5590000000000.0,5215000000000.0,4891000000000.0,4612000000000.0,4386000000000.0,4198000000000.0,4025000000000.0,3872000000000.0,3739000000000.0,3631000000000.0,3537000000000.0,3448000000000.0,3363000000000.0,3285000000000.0,3209000000000.0,3137000000000.0,3069000000000.0,3004000000000.0,2940000000000.0,2880000000000.0,2823000000000.0,2771000000000.0,2721000000000.0,2673000000000.0,2626000000000.0,2581000000000.0,2536000000000.0,2493000000000.0,2410000000000.0,2331000000000.0,2254000000000.0,2186000000000.0,2123000000000.0,2063000000000.0,2008000000000.0,1956000000000.0,1909000000000.0,1866000000000.0,1825000000000.0,1787000000000.0,1723000000000.0,1664000000000.0,1608000000000.0,1556000000000.0,1506000000000.0,1113000000000.0,884500000000.0,739300000000.0,363500000000.0
289,1300.0,50.0,107800000000000.0,8012000000000.0,4531000000000.0,3239000000000.0,2523000000000.0,2056000000000.0,1743000000000.0,1556000000000.0,1419000000000.0,1310000000000.0,1225000000000.0,1151000000000.0,1085000000000.0,1027000000000.0,974700000000.0,927900000000.0,887200000000.0,851000000000.0,818500000000.0,789600000000.0,764600000000.0,716300000000.0,681500000000.0,650900000000.0,624100000000.0,602000000000.0,583300000000.0,565800000000.0,550100000000.0,536100000000.0,524400000000.0,514100000000.0,504100000000.0,494500000000.0,485300000000.0,476300000000.0,467600000000.0,459600000000.0,451800000000.0,444200000000.0,437100000000.0,430200000000.0,423900000000.0,417900000000.0,412100000000.0,406400000000.0,400800000000.0,395300000000.0,389900000000.0,379700000000.0,369900000000.0,360300000000.0,351200000000.0,342500000000.0,334200000000.0,326400000000.0,319000000000.0,312100000000.0,305600000000.0,299400000000.0,293500000000.0,283100000000.0,273100000000.0,263900000000.0,255100000000.0,246800000000.0,180300000000.0,143000000000.0,119400000000.0,59220000000.0
290,400.0,80.0,2157000000000.0,575400000000.0,287800000000.0,192200000000.0,142900000000.0,113800000000.0,93540000000.0,79300000000.0,68500000000.0,60100000000.0,53680000000.0,48280000000.0,43680000000.0,39780000000.0,36570000000.0,33730000000.0,31250000000.0,29040000000.0,27070000000.0,25310000000.0,23780000000.0,20700000000.0,18380000000.0,16480000000.0,14920000000.0,13670000000.0,12650000000.0,11750000000.0,10980000000.0,10300000000.0,9733000000.0,9236000000.0,8778000000.0,8360000000.0,7980000000.0,7626000000.0,7296000000.0,6997000000.0,6719000000.0,6461000000.0,6224000000.0,6006000000.0,5812000000.0,5631000000.0,5461000000.0,5300000000.0,5145000000.0,4997000000.0,4858000000.0,4600000000.0,4366000000.0,4152000000.0,3962000000.0,3792000000.0,3632000000.0,3486000000.0,3350000000.0,3224000000.0,3107000000.0,2999000000.0,2899000000.0,2723000000.0,2564000000.0,2422000000.0,2294000000.0,2180000000.0,1432000000.0,1057000000.0,836700000.0,357000000.0
291,35800.0,0.0,317600000000000.0,4512000000000.0,2782000000000.0,2026000000000.0,1556000000000.0,1255000000000.0,1035000000000.0,865900000000.0,732400000000.0,626900000000.0,544900000000.0,476900000000.0,419000000000.0,369500000000.0,327800000000.0,291800000000.0,260600000000.0,233100000000.0,209000000000.0,187900000000.0,170000000000.0,135000000000.0,110000000000.0,91160000000.0,77040000000.0,66580000000.0,58530000000.0,52050000000.0,46830000000.0,42590000000.0,39140000000.0,36180000000.0,33640000000.0,31420000000.0,29470000000.0,27700000000.0,26050000000.0,24620000000.0,23310000000.0,22120000000.0,21010000000.0,20030000000.0,19170000000.0,18370000000.0,17600000000.0,16910000000.0,16260000000.0,15630000000.0,15030000000.0,13960000000.0,13000000000.0,12140000000.0,11400000000.0,10740000000.0,10120000000.0,9570000000.0,9066000000.0,8595000000.0,8160000000.0,7764000000.0,7398000000.0,6761000000.0,6204000000.0,5714000000.0,5284000000.0,4906000000.0,2683000000.0,1678000000.0,1167000000.0,332000000.0
292,17500.0,60.0,2.276e+16,11230000000000.0,4445000000000.0,3392000000000.0,2748000000000.0,2289000000000.0,1930000000000.0,1632000000000.0,1384000000000.0,1181000000000.0,1017000000000.0,880900000000.0,763800000000.0,663100000000.0,577500000000.0,504600000000.0,441500000000.0,386500000000.0,338400000000.0,297000000000.0,262300000000.0,195700000000.0,149200000000.0,115800000000.0,91690000000.0,74530000000.0,61630000000.0,51720000000.0,44110000000.0,38230000000.0,33550000000.0,29670000000.0,26560000000.0,24010000000.0,21860000000.0,20010000000.0,18360000000.0,17020000000.0,15850000000.0,14820000000.0,13860000000.0,13090000000.0,12410000000.0,11800000000.0,11210000000.0,10710000000.0,10250000000.0,9823000000.0,9392000000.0,8689000000.0,8043000000.0,7476000000.0,7010000000.0,6581000000.0,6191000000.0,5839000000.0,5530000000.0,5234000000.0,4963000000.0,4718000000.0,4489000000.0,4098000000.0,3760000000.0,3462000000.0,3202000000.0,2976000000.0,1641000000.0,1034000000.0,724700000.0,212100000.0
293,1500.0,20.0,59670000000000.0,16910000000000.0,12170000000000.0,9720000000000.0,8081000000000.0,6875000000000.0,6009000000000.0,5451000000000.0,5028000000000.0,4687000000000.0,4419000000000.0,4181000000000.0,3968000000000.0,3774000000000.0,3599000000000.0,3440000000000.0,3299000000000.0,3173000000000.0,3060000000000.0,2957000000000.0,2867000000000.0,2689000000000.0,2558000000000.0,2442000000000.0,2340000000000.0,2256000000000.0,2184000000000.0,2117000000000.0,2057000000000.0,2004000000000.0,1959000000000.0,1920000000000.0,1882000000000.0,1846000000000.0,1813000000000.0,1780000000000.0,1748000000000.0,1718000000000.0,1689000000000.0,1661000000000.0,1634000000000.0,1608000000000.0,1584000000000.0,1561000000000.0,1539000000000.0,1517000000000.0,1496000000000.0,1475000000000.0,1454000000000.0,1415000000000.0,1377000000000.0,1340000000000.0,1306000000000.0,1274000000000.0,1244000000000.0,1215000000000.0,1188000000000.0,1164000000000.0,1140000000000.0,1117000000000.0,1096000000000.0,1058000000000.0,1023000000000.0,989400000000.0,958000000000.0,928600000000.0,689800000000.0,550100000000.0,461400000000.0,235300000000.0
294,384399.0,60.0,5767000000000.0,2093000000000.0,1003000000000.0,668300000000.0,502000000000.0,402700000000.0,333500000000.0,284300000000.0,247500000000.0,218900000000.0,196900000000.0,178300000000.0,162500000000.0,149000000000.0,138000000000.0,128200000000.0,119500000000.0,111700000000.0,104600000000.0,98190000000.0,92520000000.0,80920000000.0,71910000000.0,64360000000.0,57970000000.0,52760000000.0,48450000000.0,44620000000.0,41270000000.0,38330000000.0,35840000000.0,33650000000.0,31630000000.0,29800000000.0,28140000000.0,26600000000.0,25160000000.0,23870000000.0,22670000000.0,21570000000.0,20560000000.0,19640000000.0,18820000000.0,18060000000.0,17360000000.0,16690000000.0,16060000000.0,15450000000.0,14890000000.0,13850000000.0,12920000000.0,12090000000.0,11360000000.0,10710000000.0,10120000000.0,9573000000.0,9071000000.0,8607000000.0,8177000000.0,7785000000.0,7424000000.0,6791000000.0,6235000000.0,5745000000.0,5313000000.0,4934000000.0,2698000000.0,1687000000.0,1174000000.0,333900000.0
295,20000.0,90.0,7119000000000000.0,6090000000000.0,3502000000000.0,2742000000000.0,2221000000000.0,1848000000000.0,1557000000000.0,1317000000000.0,1119000000000.0,957200000000.0,827600000000.0,719600000000.0,626700000000.0,546800000000.0,478900000000.0,420800000000.0,370400000000.0,326300000000.0,287700000000.0,254300000000.0,226100000000.0,171700000000.0,133400000000.0,105400000000.0,84980000000.0,70260000000.0,59120000000.0,50450000000.0,43710000000.0,38460000000.0,34270000000.0,30800000000.0,27950000000.0,25590000000.0,23570000000.0,21810000000.0,20230000000.0,18920000000.0,17750000000.0,16710000000.0,15760000000.0,14950000000.0,14240000000.0,13600000000.0,12980000000.0,12440000000.0,11940000000.0,11460000000.0,11000000000.0,10200000000.0,9473000000.0,8830000000.0,8289000000.0,7798000000.0,7348000000.0,6940000000.0,6574000000.0,6229000000.0,5911000000.0,5622000000.0,5355000000.0,4892000000.0,4489000000.0,4135000000.0,3824000000.0,3552000000.0,1950000000.0,1224000000.0,855700000.0,249800000.0
296,7000.0,60.0,4.046e+16,1162000000000000.0,281600000000000.0,112500000000000.0,56470000000000.0,30160000000000.0,17820000000000.0,12660000000000.0,9655000000000.0,7598000000000.0,6182000000000.0,5080000000000.0,4211000000000.0,3518000000000.0,2957000000000.0,2506000000000.0,2148000000000.0,1858000000000.0,1621000000000.0,1429000000000.0,1274000000000.0,1012000000000.0,850200000000.0,725700000000.0,629200000000.0,557500000000.0,503300000000.0,457100000000.0,419700000000.0,389800000000.0,367800000000.0,350400000000.0,334300000000.0,319300000000.0,305400000000.0,292400000000.0,280200000000.0,269300000000.0,259000000000.0,249200000000.0,240000000000.0,231600000000.0,224100000000.0,216900000000.0,210200000000.0,203700000000.0,197500000000.0,191600000000.0,185800000000.0,175100000000.0,165100000000.0,155800000000.0,147100000000.0,138800000000.0,131400000000.0,124800000000.0,118800000000.0,113500000000.0,108700000000.0,104300000000.0,100600000000.0,94480000000.0,88880000000.0,83840000000.0,79220000000.0,74970000000.0,44930000000.0,31150000000.0,23340000000.0,5974000000.0
297,1800.0,10.0,115500000000000.0,39500000000000.0,30080000000000.0,24770000000000.0,20930000000000.0,17880000000000.0,15590000000000.0,14040000000000.0,12840000000000.0,11880000000000.0,11130000000000.0,10470000000000.0,9888000000000.0,9365000000000.0,8900000000000.0,8480000000000.0,8109000000000.0,7775000000000.0,7474000000000.0,7201000000000.0,6963000000000.0,6485000000000.0,6131000000000.0,5820000000000.0,5549000000000.0,5327000000000.0,5140000000000.0,4965000000000.0,4809000000000.0,4672000000000.0,4559000000000.0,4460000000000.0,4365000000000.0,4275000000000.0,4190000000000.0,4109000000000.0,4030000000000.0,3955000000000.0,3884000000000.0,3814000000000.0,3748000000000.0,3686000000000.0,3628000000000.0,3573000000000.0,3519000000000.0,3467000000000.0,3415000000000.0,3365000000000.0,3316000000000.0,3222000000000.0,3133000000000.0,3045000000000.0,2966000000000.0,2893000000000.0,2823000000000.0,2758000000000.0,2697000000000.0,2640000000000.0,2587000000000.0,2536000000000.0,2488000000000.0,2405000000000.0,2328000000000.0,2254000000000.0,2185000000000.0,2119000000000.0,1589000000000.0,1273000000000.0,1071000000000.0,546900000000.0
298,4000.0,80.0,4260000000000000.0,290100000000000.0,136000000000000.0,82820000000000.0,55970000000000.0,39730000000000.0,30060000000000.0,25160000000000.0,21820000000000.0,19200000000000.0,17160000000000.0,15380000000000.0,13810000000000.0,12410000000000.0,11110000000000.0,9982000000000.0,9032000000000.0,8217000000000.0,7512000000000.0,6905000000000.0,6388000000000.0,5420000000000.0,4747000000000.0,4203000000000.0,3762000000000.0,3420000000000.0,3150000000000.0,2912000000000.0,2711000000000.0,2543000000000.0,2411000000000.0,2302000000000.0,2199000000000.0,2103000000000.0,2015000000000.0,1932000000000.0,1855000000000.0,1786000000000.0,1720000000000.0,1658000000000.0,1601000000000.0,1548000000000.0,1500000000000.0,1456000000000.0,1414000000000.0,1374000000000.0,1336000000000.0,1299000000000.0,1263000000000.0,1198000000000.0,1137000000000.0,1081000000000.0,1029000000000.0,980400000000.0,936400000000.0,897900000000.0,862900000000.0,832100000000.0,804300000000.0,779800000000.0,758400000000.0,725100000000.0,694200000000.0,665700000000.0,639300000000.0,614700000000.0,430600000000.0,330200000000.0,265600000000.0,100600000000.0
299,12500.0,30.0,1.673e+17,263200000000000.0,33960000000000.0,11310000000000.0,5877000000000.0,3724000000000.0,2750000000000.0,2241000000000.0,1874000000000.0,1584000000000.0,1357000000000.0,1170000000000.0,1011000000000.0,874600000000.0,758600000000.0,660100000000.0,575600000000.0,502100000000.0,438200000000.0,383000000000.0,336900000000.0,248900000000.0,187000000000.0,142000000000.0,109500000000.0,86320000000.0,68780000000.0,55540000000.0,45540000000.0,38000000000.0,32070000000.0,27120000000.0,23380000000.0,20410000000.0,17980000000.0,15930000000.0,14050000000.0,12700000000.0,11540000000.0,10550000000.0,9530000000.0,8830000000.0,8228000000.0,7697000000.0,7086000000.0,6684000000.0,6323000000.0,5997000000.0,5577000000.0,5073000000.0,4543000000.0,4090000000.0,3763000000.0,3406000000.0,3100000000.0,2843000000.0,2655000000.0,2460000000.0,2291000000.0,2145000000.0,2006000000.0,1809000000.0,1646000000.0,1504000000.0,1384000000.0,1281000000.0,602600000.0,359900000.0,249100000.0,51200000.0
300,12500.0,20.0,2.463e+17,412000000000000.0,51340000000000.0,15740000000000.0,7445000000000.0,4303000000000.0,2994000000000.0,2397000000000.0,1991000000000.0,1677000000000.0,1436000000000.0,1238000000000.0,1071000000000.0,928200000000.0,807000000000.0,704100000000.0,616200000000.0,539900000000.0,473600000000.0,416000000000.0,368100000000.0,276400000000.0,211300000000.0,163200000000.0,127800000000.0,102400000000.0,82780000000.0,67840000000.0,56450000000.0,47780000000.0,40940000000.0,35160000000.0,30780000000.0,27260000000.0,24350000000.0,21880000000.0,19560000000.0,17890000000.0,16440000000.0,15180000000.0,13870000000.0,12950000000.0,12160000000.0,11450000000.0,10630000000.0,10070000000.0,9568000000.0,9108000000.0,8521000000.0,7787000000.0,7020000000.0,6355000000.0,5859000000.0,5325000000.0,4867000000.0,4478000000.0,4185000000.0,3888000000.0,3629000000.0,3404000000.0,3192000000.0,2886000000.0,2629000000.0,2405000000.0,2212000000.0,2045000000.0,945500000.0,555000000.0,376300000.0,62940000.0
301,4000.0,90.0,4170000000000000.0,285100000000000.0,133700000000000.0,81400000000000.0,55020000000000.0,39060000000000.0,29560000000000.0,24740000000000.0,21450000000000.0,18880000000000.0,16880000000000.0,15120000000000.0,13580000000000.0,12200000000000.0,10920000000000.0,9817000000000.0,8883000000000.0,8081000000000.0,7388000000000.0,6791000000000.0,6284000000000.0,5332000000000.0,4669000000000.0,4134000000000.0,3700000000000.0,3364000000000.0,3098000000000.0,2865000000000.0,2667000000000.0,2502000000000.0,2372000000000.0,2264000000000.0,2163000000000.0,2069000000000.0,1982000000000.0,1901000000000.0,1825000000000.0,1756000000000.0,1692000000000.0,1631000000000.0,1575000000000.0,1523000000000.0,1476000000000.0,1432000000000.0,1391000000000.0,1351000000000.0,1314000000000.0,1278000000000.0,1242000000000.0,1178000000000.0,1119000000000.0,1063000000000.0,1012000000000.0,964400000000.0,921100000000.0,883200000000.0,848800000000.0,818500000000.0,791200000000.0,767000000000.0,746000000000.0,713300000000.0,682800000000.0,654800000000.0,628800000000.0,604600000000.0,423500000000.0,324800000000.0,261300000000.0,98980000000.0
302,7000.0,70.0,3.665e+16,1063000000000000.0,257900000000000.0,103000000000000.0,51730000000000.0,27630000000000.0,16330000000000.0,11600000000000.0,8850000000000.0,6966000000000.0,5669000000000.0,4660000000000.0,3864000000000.0,3229000000000.0,2716000000000.0,2303000000000.0,1975000000000.0,1709000000000.0,1492000000000.0,1316000000000.0,1173000000000.0,933300000000.0,784900000000.0,670500000000.0,581800000000.0,515800000000.0,465800000000.0,423200000000.0,388700000000.0,361100000000.0,340700000000.0,324600000000.0,309600000000.0,295700000000.0,282800000000.0,270800000000.0,259500000000.0,249300000000.0,239800000000.0,230600000000.0,222200000000.0,214400000000.0,207400000000.0,200800000000.0,194500000000.0,188500000000.0,182800000000.0,177300000000.0,171800000000.0,162000000000.0,152700000000.0,144100000000.0,136000000000.0,128400000000.0,121500000000.0,115400000000.0,109800000000.0,104900000000.0,100500000000.0,96490000000.0,92980000000.0,87340000000.0,82160000000.0,77480000000.0,73200000000.0,69260000000.0,41490000000.0,28750000000.0,21530000000.0,5516000000.0
303,20000.0,80.0,7233000000000000.0,6157000000000.0,3546000000000.0,2778000000000.0,2251000000000.0,1873000000000.0,1578000000000.0,1335000000000.0,1134000000000.0,970000000000.0,838500000000.0,729000000000.0,634700000000.0,553600000000.0,484800000000.0,425800000000.0,374700000000.0,330000000000.0,290900000000.0,256900000000.0,228400000000.0,173300000000.0,134400000000.0,106100000000.0,85440000000.0,70550000000.0,59290000000.0,50540000000.0,43750000000.0,38460000000.0,34240000000.0,30740000000.0,27880000000.0,25510000000.0,23490000000.0,21730000000.0,20140000000.0,18830000000.0,17660000000.0,16630000000.0,15670000000.0,14860000000.0,14160000000.0,13520000000.0,12900000000.0,12360000000.0,11860000000.0,11390000000.0,10930000000.0,10130000000.0,9411000000.0,8771000000.0,8234000000.0,7746000000.0,7298000000.0,6892000000.0,6529000000.0,6186000000.0,5870000000.0,5583000000.0,5317000000.0,4858000000.0,4457000000.0,4105000000.0,3797000000.0,3527000000.0,1936000000.0,1215000000.0,849600000.0,248100000.0
304,10000.0,0.0,3.215e+17,2941000000000000.0,462200000000000.0,141900000000000.0,58870000000000.0,25680000000000.0,13050000000000.0,8916000000000.0,6745000000000.0,5263000000000.0,4248000000000.0,3462000000000.0,2843000000000.0,2347000000000.0,1936000000000.0,1611000000000.0,1358000000000.0,1157000000000.0,996200000000.0,866400000000.0,764600000000.0,595900000000.0,494600000000.0,416900000000.0,357200000000.0,313100000000.0,279500000000.0,251500000000.0,229000000000.0,211300000000.0,198100000000.0,187600000000.0,178200000000.0,169800000000.0,162200000000.0,155100000000.0,148400000000.0,142400000000.0,136800000000.0,131400000000.0,126400000000.0,121800000000.0,117700000000.0,113900000000.0,110100000000.0,106600000000.0,103300000000.0,100100000000.0,96870000000.0,91070000000.0,85590000000.0,80390000000.0,75850000000.0,71660000000.0,67800000000.0,64290000000.0,61120000000.0,58320000000.0,55770000000.0,53390000000.0,51230000000.0,47740000000.0,44610000000.0,41750000000.0,39170000000.0,36850000000.0,19990000000.0,12690000000.0,8994000000.0,1910000000.0
305,1500.0,30.0,95070000000000.0,18390000000000.0,12060000000000.0,9186000000000.0,7397000000000.0,6114000000000.0,5221000000000.0,4671000000000.0,4263000000000.0,3937000000000.0,3683000000000.0,3459000000000.0,3260000000000.0,3081000000000.0,2920000000000.0,2775000000000.0,2648000000000.0,2534000000000.0,2433000000000.0,2341000000000.0,2261000000000.0,2104000000000.0,1990000000000.0,1889000000000.0,1801000000000.0,1730000000000.0,1669000000000.0,1613000000000.0,1563000000000.0,1519000000000.0,1483000000000.0,1451000000000.0,1421000000000.0,1392000000000.0,1364000000000.0,1338000000000.0,1313000000000.0,1289000000000.0,1266000000000.0,1243000000000.0,1222000000000.0,1201000000000.0,1182000000000.0,1164000000000.0,1147000000000.0,1130000000000.0,1113000000000.0,1096000000000.0,1080000000000.0,1049000000000.0,1020000000000.0,990600000000.0,964400000000.0,940000000000.0,916600000000.0,894700000000.0,874100000000.0,855200000000.0,837300000000.0,820100000000.0,803800000000.0,775700000000.0,749300000000.0,724400000000.0,700900000000.0,679000000000.0,501600000000.0,398400000000.0,333200000000.0,167100000000.0
306,384399.0,70.0,5767000000000.0,2093000000000.0,1003000000000.0,668300000000.0,502000000000.0,402700000000.0,333500000000.0,284300000000.0,247500000000.0,218900000000.0,196900000000.0,178300000000.0,162500000000.0,149000000000.0,138000000000.0,128200000000.0,119500000000.0,111700000000.0,104600000000.0,98190000000.0,92520000000.0,80920000000.0,71910000000.0,64360000000.0,57970000000.0,52760000000.0,48450000000.0,44620000000.0,41270000000.0,38330000000.0,35840000000.0,33650000000.0,31630000000.0,29800000000.0,28140000000.0,26600000000.0,25160000000.0,23870000000.0,22670000000.0,21570000000.0,20560000000.0,19640000000.0,18820000000.0,18060000000.0,17360000000.0,16690000000.0,16060000000.0,15450000000.0,14890000000.0,13850000000.0,12920000000.0,12090000000.0,11360000000.0,10710000000.0,10120000000.0,9573000000.0,9071000000.0,8607000000.0,8177000000.0,7785000000.0,7424000000.0,6791000000.0,6235000000.0,5745000000.0,5313000000.0,4934000000.0,2698000000.0,1687000000.0,1174000000.0,333900000.0
307,17500.0,70.0,2.087e+16,10450000000000.0,4125000000000.0,3138000000000.0,2539000000000.0,2114000000000.0,1782000000000.0,1507000000000.0,1279000000000.0,1092000000000.0,941300000000.0,815900000000.0,708200000000.0,615500000000.0,536800000000.0,469700000000.0,411700000000.0,361000000000.0,316700000000.0,278500000000.0,246500000000.0,185000000000.0,141900000000.0,110900000000.0,88480000000.0,72430000000.0,60330000000.0,50980000000.0,43770000000.0,38160000000.0,33690000000.0,29970000000.0,26960000000.0,24470000000.0,22370000000.0,20550000000.0,18920000000.0,17590000000.0,16420000000.0,15380000000.0,14430000000.0,13640000000.0,12950000000.0,12330000000.0,11730000000.0,11210000000.0,10740000000.0,10300000000.0,9857000000.0,9124000000.0,8455000000.0,7865000000.0,7377000000.0,6930000000.0,6522000000.0,6154000000.0,5828000000.0,5519000000.0,5234000000.0,4976000000.0,4737000000.0,4325000000.0,3968000000.0,3654000000.0,3379000000.0,3140000000.0,1728000000.0,1087000000.0,760500000.0,221600000.0
308,400.0,90.0,2194000000000.0,596600000000.0,296700000000.0,197900000000.0,147200000000.0,117200000000.0,96430000000.0,81840000000.0,70770000000.0,62150000000.0,55570000000.0,50020000000.0,45300000000.0,41290000000.0,37990000000.0,35070000000.0,32520000000.0,30230000000.0,28190000000.0,26380000000.0,24790000000.0,21600000000.0,19180000000.0,17200000000.0,15570000000.0,14260000000.0,13190000000.0,12250000000.0,11430000000.0,10730000000.0,10130000000.0,9604000000.0,9122000000.0,8682000000.0,8283000000.0,7910000000.0,7563000000.0,7250000000.0,6957000000.0,6686000000.0,6437000000.0,6209000000.0,6004000000.0,5814000000.0,5637000000.0,5468000000.0,5306000000.0,5151000000.0,5005000000.0,4735000000.0,4490000000.0,4267000000.0,4069000000.0,3891000000.0,3725000000.0,3572000000.0,3431000000.0,3300000000.0,3178000000.0,3065000000.0,2961000000.0,2778000000.0,2613000000.0,2466000000.0,2334000000.0,2215000000.0,1447000000.0,1063000000.0,839300000.0,355900000.0
309,1400.0,0.0,42820000000000.0,11330000000000.0,8027000000000.0,6438000000000.0,5463000000000.0,4840000000000.0,4401000000000.0,4117000000000.0,3897000000000.0,3714000000000.0,3568000000000.0,3433000000000.0,3308000000000.0,3191000000000.0,3077000000000.0,2973000000000.0,2881000000000.0,2798000000000.0,2723000000000.0,2655000000000.0,2595000000000.0,2478000000000.0,2393000000000.0,2316000000000.0,2245000000000.0,2187000000000.0,2136000000000.0,2087000000000.0,2042000000000.0,2001000000000.0,1966000000000.0,1935000000000.0,1904000000000.0,1875000000000.0,1848000000000.0,1820000000000.0,1794000000000.0,1768000000000.0,1744000000000.0,1719000000000.0,1696000000000.0,1674000000000.0,1653000000000.0,1633000000000.0,1614000000000.0,1594000000000.0,1575000000000.0,1556000000000.0,1538000000000.0,1502000000000.0,1468000000000.0,1433000000000.0,1401000000000.0,1371000000000.0,1341000000000.0,1314000000000.0,1287000000000.0,1262000000000.0,1238000000000.0,1215000000000.0,1192000000000.0,1151000000000.0,1113000000000.0,1077000000000.0,1042000000000.0,1010000000000.0,745600000000.0,589200000000.0,490700000000.0,250100000000.0
310,1500.0,0.0,54620000000000.0,15930000000000.0,11660000000000.0,9500000000000.0,8101000000000.0,7146000000000.0,6454000000000.0,5996000000000.0,5639000000000.0,5346000000000.0,5113000000000.0,4902000000000.0,4708000000000.0,4528000000000.0,4360000000000.0,4205000000000.0,4068000000000.0,3945000000000.0,3833000000000.0,3732000000000.0,3643000000000.0,3466000000000.0,3338000000000.0,3221000000000.0,3116000000000.0,3029000000000.0,2954000000000.0,2882000000000.0,2816000000000.0,2757000000000.0,2708000000000.0,2663000000000.0,2620000000000.0,2578000000000.0,2539000000000.0,2501000000000.0,2463000000000.0,2427000000000.0,2392000000000.0,2358000000000.0,2326000000000.0,2295000000000.0,2266000000000.0,2238000000000.0,2211000000000.0,2184000000000.0,2157000000000.0,2131000000000.0,2105000000000.0,2056000000000.0,2008000000000.0,1961000000000.0,1916000000000.0,1875000000000.0,1834000000000.0,1797000000000.0,1761000000000.0,1727000000000.0,1694000000000.0,1662000000000.0,1631000000000.0,1575000000000.0,1522000000000.0,1472000000000.0,1425000000000.0,1381000000000.0,1017000000000.0,803100000000.0,668400000000.0,337200000000.0
311,1300.0,40.0,83980000000000.0,9425000000000.0,5498000000000.0,3969000000000.0,3109000000000.0,2543000000000.0,2164000000000.0,1938000000000.0,1773000000000.0,1642000000000.0,1539000000000.0,1449000000000.0,1369000000000.0,1297000000000.0,1232000000000.0,1173000000000.0,1122000000000.0,1076000000000.0,1036000000000.0,999100000000.0,967400000000.0,905400000000.0,861200000000.0,822000000000.0,787600000000.0,759400000000.0,735500000000.0,713100000000.0,693000000000.0,675200000000.0,660500000000.0,647600000000.0,635300000000.0,623400000000.0,612300000000.0,601400000000.0,590800000000.0,580800000000.0,571100000000.0,561600000000.0,552500000000.0,543800000000.0,535800000000.0,528100000000.0,520600000000.0,513100000000.0,505900000000.0,498700000000.0,491800000000.0,478400000000.0,465500000000.0,452600000000.0,440900000000.0,429900000000.0,419300000000.0,409400000000.0,400000000000.0,391400000000.0,383100000000.0,375100000000.0,367500000000.0,354100000000.0,341500000000.0,329700000000.0,318600000000.0,308200000000.0,224500000000.0,176700000000.0,147000000000.0,72850000000.0
312,700.0,10.0,2126000000000.0,331000000000.0,151400000000.0,95210000000.0,71080000000.0,59770000000.0,52910000000.0,49030000000.0,46170000000.0,43840000000.0,42000000000.0,40330000000.0,38790000000.0,37330000000.0,35920000000.0,34650000000.0,33570000000.0,32610000000.0,31770000000.0,31030000000.0,30400000000.0,29270000000.0,28540000000.0,27840000000.0,27200000000.0,26660000000.0,26170000000.0,25700000000.0,25250000000.0,24840000000.0,24470000000.0,24130000000.0,23800000000.0,23480000000.0,23180000000.0,22880000000.0,22590000000.0,22300000000.0,22030000000.0,21760000000.0,21500000000.0,21250000000.0,21010000000.0,20790000000.0,20560000000.0,20340000000.0,20120000000.0,19910000000.0,19700000000.0,19290000000.0,18890000000.0,18490000000.0,18120000000.0,17770000000.0,17420000000.0,17100000000.0,16780000000.0,16490000000.0,16200000000.0,15920000000.0,15650000000.0,15160000000.0,14700000000.0,14270000000.0,13850000000.0,13460000000.0,10320000000.0,8381000000.0,7102000000.0,3742000000.0
313,2000.0,20.0,221200000000000.0,63970000000000.0,46340000000000.0,36780000000000.0,30060000000000.0,24810000000000.0,21040000000000.0,18640000000000.0,16840000000000.0,15410000000000.0,14300000000000.0,13330000000000.0,12470000000000.0,11710000000000.0,11040000000000.0,10430000000000.0,9900000000000.0,9424000000000.0,8998000000000.0,8614000000000.0,8280000000000.0,7615000000000.0,7127000000000.0,6702000000000.0,6336000000000.0,6039000000000.0,5790000000000.0,5561000000000.0,5357000000000.0,5179000000000.0,5034000000000.0,4907000000000.0,4787000000000.0,4673000000000.0,4567000000000.0,4465000000000.0,4367000000000.0,4275000000000.0,4187000000000.0,4100000000000.0,4019000000000.0,3942000000000.0,3872000000000.0,3805000000000.0,3739000000000.0,3676000000000.0,3614000000000.0,3553000000000.0,3494000000000.0,3382000000000.0,3275000000000.0,3171000000000.0,3078000000000.0,2993000000000.0,2911000000000.0,2836000000000.0,2765000000000.0,2702000000000.0,2642000000000.0,2586000000000.0,2534000000000.0,2447000000000.0,2365000000000.0,2288000000000.0,2215000000000.0,2146000000000.0,1597000000000.0,1274000000000.0,1067000000000.0,531000000000.0
314,9000.0,80.0,6.416e+16,772200000000000.0,138000000000000.0,45840000000000.0,20240000000000.0,9392000000000.0,5034000000000.0,3513000000000.0,2686000000000.0,2117000000000.0,1724000000000.0,1419000000000.0,1177000000000.0,983400000000.0,825600000000.0,698800000000.0,597900000000.0,515900000000.0,448900000000.0,394100000000.0,350100000000.0,275400000000.0,228500000000.0,192700000000.0,165100000000.0,144600000000.0,129000000000.0,115900000000.0,105400000000.0,96920000000.0,90490000000.0,85280000000.0,80650000000.0,76440000000.0,72640000000.0,69130000000.0,65850000000.0,62970000000.0,60300000000.0,57790000000.0,55440000000.0,53340000000.0,51450000000.0,49690000000.0,48000000000.0,46430000000.0,44930000000.0,43500000000.0,42080000000.0,39550000000.0,37190000000.0,34990000000.0,32990000000.0,31120000000.0,29420000000.0,27900000000.0,26520000000.0,25270000000.0,24140000000.0,23120000000.0,22200000000.0,20700000000.0,19330000000.0,18100000000.0,16980000000.0,15950000000.0,8780000000.0,5650000000.0,4015000000.0,892100000.0
315,2000.0,0.0,166700000000000.0,64000000000000.0,49620000000000.0,41180000000000.0,34860000000000.0,29610000000000.0,25620000000000.0,22850000000000.0,20710000000000.0,19010000000000.0,17690000000000.0,16540000000000.0,15520000000000.0,14610000000000.0,13820000000000.0,13100000000000.0,12470000000000.0,11910000000000.0,11400000000000.0,10940000000000.0,10540000000000.0,9739000000000.0,9148000000000.0,8632000000000.0,8185000000000.0,7820000000000.0,7513000000000.0,7229000000000.0,6976000000000.0,6754000000000.0,6572000000000.0,6412000000000.0,6260000000000.0,6116000000000.0,5982000000000.0,5853000000000.0,5729000000000.0,5613000000000.0,5501000000000.0,5392000000000.0,5290000000000.0,5193000000000.0,5104000000000.0,5019000000000.0,4937000000000.0,4857000000000.0,4779000000000.0,4702000000000.0,4628000000000.0,4486000000000.0,4351000000000.0,4219000000000.0,4103000000000.0,3996000000000.0,3894000000000.0,3800000000000.0,3711000000000.0,3631000000000.0,3556000000000.0,3485000000000.0,3419000000000.0,3309000000000.0,3207000000000.0,3108000000000.0,3016000000000.0,2929000000000.0,2223000000000.0,1797000000000.0,1519000000000.0,783600000000.0
316,700.0,30.0,4366000000000.0,822800000000.0,458100000000.0,316100000000.0,242000000000.0,199800000000.0,173700000000.0,159500000000.0,149400000000.0,141300000000.0,135000000000.0,129300000000.0,124100000000.0,119300000000.0,114900000000.0,110900000000.0,107300000000.0,104200000000.0,101300000000.0,98770000000.0,96560000000.0,92320000000.0,89330000000.0,86560000000.0,84050000000.0,81920000000.0,80050000000.0,78250000000.0,76570000000.0,75030000000.0,73690000000.0,72470000000.0,71280000000.0,70140000000.0,69060000000.0,68010000000.0,66980000000.0,65990000000.0,65040000000.0,64070000000.0,63150000000.0,62270000000.0,61450000000.0,60660000000.0,59880000000.0,59110000000.0,58360000000.0,57620000000.0,56890000000.0,55480000000.0,54110000000.0,52750000000.0,51480000000.0,50280000000.0,49120000000.0,48040000000.0,47010000000.0,46050000000.0,45130000000.0,44250000000.0,43420000000.0,41950000000.0,40570000000.0,39260000000.0,38030000000.0,36890000000.0,27900000000.0,22600000000.0,19160000000.0,10160000000.0
317,1300.0,60.0,90670000000000.0,6703000000000.0,3887000000000.0,2812000000000.0,2203000000000.0,1802000000000.0,1531000000000.0,1365000000000.0,1243000000000.0,1145000000000.0,1070000000000.0,1004000000000.0,945200000000.0,893500000000.0,847200000000.0,805900000000.0,770000000000.0,738100000000.0,709600000000.0,684200000000.0,662200000000.0,619800000000.0,589200000000.0,562500000000.0,539200000000.0,520000000000.0,503900000000.0,488800000000.0,475300000000.0,463200000000.0,453200000000.0,444300000000.0,435700000000.0,427400000000.0,419500000000.0,411700000000.0,404300000000.0,397400000000.0,390700000000.0,384200000000.0,378000000000.0,372100000000.0,366700000000.0,361500000000.0,356500000000.0,351600000000.0,346800000000.0,342100000000.0,337400000000.0,328600000000.0,320200000000.0,311900000000.0,304100000000.0,296600000000.0,289500000000.0,282800000000.0,276400000000.0,270500000000.0,264800000000.0,259400000000.0,254400000000.0,245400000000.0,236800000000.0,228800000000.0,221200000000.0,213900000000.0,156400000000.0,124200000000.0,103700000000.0,51550000000.0
318,17500.0,50.0,2.599e+16,12630000000000.0,5045000000000.0,3870000000000.0,3140000000000.0,2616000000000.0,2206000000000.0,1864000000000.0,1580000000000.0,1346000000000.0,1158000000000.0,1002000000000.0,867100000000.0,751500000000.0,653100000000.0,569400000000.0,497000000000.0,433900000000.0,378800000000.0,331400000000.0,291700000000.0,215600000000.0,162700000000.0,124900000000.0,97730000000.0,78510000000.0,64130000000.0,53170000000.0,44820000000.0,38440000000.0,33380000000.0,29200000000.0,25900000000.0,23220000000.0,20980000000.0,19070000000.0,17370000000.0,16020000000.0,14850000000.0,13830000000.0,12880000000.0,12120000000.0,11460000000.0,10870000000.0,10290000000.0,9820000000.0,9387000000.0,8985000000.0,8573000000.0,7919000000.0,7315000000.0,6787000000.0,6361000000.0,5963000000.0,5603000000.0,5280000000.0,5000000000.0,4729000000.0,4482000000.0,4259000000.0,4050000000.0,3695000000.0,3389000000.0,3120000000.0,2886000000.0,2683000000.0,1483000000.0,937400000.0,658500000.0,194400000.0
319,900.0,80.0,15500000000000.0,1899000000000.0,1046000000000.0,717100000000.0,539300000000.0,434700000000.0,367000000000.0,326400000000.0,296800000000.0,273400000000.0,255300000000.0,239600000000.0,225800000000.0,213600000000.0,202900000000.0,193400000000.0,185000000000.0,177600000000.0,171000000000.0,165100000000.0,159900000000.0,150000000000.0,142800000000.0,136400000000.0,130900000000.0,126300000000.0,122500000000.0,118800000000.0,115500000000.0,112600000000.0,110000000000.0,107700000000.0,105500000000.0,103400000000.0,101400000000.0,99440000000.0,97560000000.0,95830000000.0,94160000000.0,92530000000.0,90990000000.0,89520000000.0,88170000000.0,86880000000.0,85630000000.0,84410000000.0,83210000000.0,82040000000.0,80880000000.0,78690000000.0,76590000000.0,74530000000.0,72570000000.0,70700000000.0,68910000000.0,67230000000.0,65640000000.0,64150000000.0,62730000000.0,61400000000.0,60140000000.0,57880000000.0,55720000000.0,53730000000.0,51860000000.0,50090000000.0,36320000000.0,28700000000.0,23920000000.0,11890000000.0
320,384399.0,50.0,5767000000000.0,2093000000000.0,1003000000000.0,668300000000.0,502000000000.0,402700000000.0,333500000000.0,284300000000.0,247500000000.0,218900000000.0,196900000000.0,178300000000.0,162500000000.0,149000000000.0,138000000000.0,128200000000.0,119500000000.0,111700000000.0,104600000000.0,98190000000.0,92520000000.0,80920000000.0,71910000000.0,64360000000.0,57970000000.0,52760000000.0,48450000000.0,44620000000.0,41270000000.0,38330000000.0,35840000000.0,33650000000.0,31630000000.0,29800000000.0,28140000000.0,26600000000.0,25160000000.0,23870000000.0,22670000000.0,21570000000.0,20560000000.0,19640000000.0,18820000000.0,18060000000.0,17360000000.0,16690000000.0,16060000000.0,15450000000.0,14890000000.0,13850000000.0,12920000000.0,12090000000.0,11360000000.0,10710000000.0,10120000000.0,9573000000.0,9071000000.0,8607000000.0,8177000000.0,7785000000.0,7424000000.0,6791000000.0,6235000000.0,5745000000.0,5313000000.0,4934000000.0,2698000000.0,1687000000.0,1174000000.0,333900000.0
321,1500.0,10.0,56100000000000.0,16140000000000.0,11830000000000.0,9618000000000.0,8162000000000.0,7140000000000.0,6395000000000.0,5897000000000.0,5509000000000.0,5194000000000.0,4944000000000.0,4719000000000.0,4515000000000.0,4327000000000.0,4153000000000.0,3994000000000.0,3854000000000.0,3728000000000.0,3614000000000.0,3510000000000.0,3419000000000.0,3239000000000.0,3107000000000.0,2988000000000.0,2883000000000.0,2795000000000.0,2719000000000.0,2648000000000.0,2583000000000.0,2524000000000.0,2475000000000.0,2432000000000.0,2390000000000.0,2349000000000.0,2311000000000.0,2274000000000.0,2237000000000.0,2203000000000.0,2169000000000.0,2137000000000.0,2105000000000.0,2076000000000.0,2048000000000.0,2021000000000.0,1995000000000.0,1969000000000.0,1944000000000.0,1919000000000.0,1895000000000.0,1848000000000.0,1804000000000.0,1759000000000.0,1717000000000.0,1679000000000.0,1642000000000.0,1607000000000.0,1573000000000.0,1542000000000.0,1512000000000.0,1483000000000.0,1455000000000.0,1406000000000.0,1359000000000.0,1315000000000.0,1274000000000.0,1235000000000.0,915200000000.0,727200000000.0,608300000000.0,311000000000.0
322,7000.0,50.0,4.765e+16,1332000000000000.0,322000000000000.0,128500000000000.0,64450000000000.0,34380000000000.0,20300000000000.0,14410000000000.0,10980000000000.0,8639000000000.0,7025000000000.0,5770000000000.0,4779000000000.0,3990000000000.0,3350000000000.0,2836000000000.0,2428000000000.0,2098000000000.0,1829000000000.0,1610000000000.0,1434000000000.0,1137000000000.0,953500000000.0,812700000000.0,703800000000.0,623000000000.0,561900000000.0,510100000000.0,468200000000.0,434800000000.0,410200000000.0,390900000000.0,373000000000.0,356300000000.0,340900000000.0,326500000000.0,313000000000.0,300800000000.0,289400000000.0,278500000000.0,268300000000.0,259000000000.0,250600000000.0,242700000000.0,235100000000.0,227900000000.0,221000000000.0,214400000000.0,207900000000.0,196000000000.0,184900000000.0,174500000000.0,164700000000.0,155500000000.0,147100000000.0,139800000000.0,133100000000.0,127100000000.0,121700000000.0,116900000000.0,112700000000.0,105900000000.0,99720000000.0,94090000000.0,88940000000.0,84190000000.0,50520000000.0,35070000000.0,26300000000.0,6723000000.0
323,1800.0,20.0,130700000000000.0,38600000000000.0,28220000000000.0,22550000000000.0,18580000000000.0,15540000000000.0,13360000000000.0,11950000000000.0,10900000000000.0,10060000000000.0,9400000000000.0,8821000000000.0,8307000000000.0,7848000000000.0,7437000000000.0,7067000000000.0,6742000000000.0,6449000000000.0,6187000000000.0,5949000000000.0,5742000000000.0,5329000000000.0,5025000000000.0,4758000000000.0,4527000000000.0,4337000000000.0,4178000000000.0,4030000000000.0,3898000000000.0,3782000000000.0,3687000000000.0,3603000000000.0,3524000000000.0,3448000000000.0,3378000000000.0,3309000000000.0,3243000000000.0,3181000000000.0,3121000000000.0,3063000000000.0,3007000000000.0,2955000000000.0,2906000000000.0,2860000000000.0,2815000000000.0,2771000000000.0,2728000000000.0,2686000000000.0,2644000000000.0,2566000000000.0,2491000000000.0,2417000000000.0,2350000000000.0,2289000000000.0,2230000000000.0,2176000000000.0,2124000000000.0,2077000000000.0,2033000000000.0,1991000000000.0,1952000000000.0,1884000000000.0,1821000000000.0,1761000000000.0,1705000000000.0,1652000000000.0,1225000000000.0,976100000000.0,818000000000.0,412400000000.0
324,1600.0,90.0,148700000000000.0,12630000000000.0,7566000000000.0,5604000000000.0,4458000000000.0,3652000000000.0,3092000000000.0,2743000000000.0,2484000000000.0,2279000000000.0,2119000000000.0,1980000000000.0,1856000000000.0,1747000000000.0,1650000000000.0,1563000000000.0,1487000000000.0,1420000000000.0,1360000000000.0,1306000000000.0,1259000000000.0,1167000000000.0,1100000000000.0,1042000000000.0,992000000000.0,950600000000.0,916100000000.0,884100000000.0,855400000000.0,830200000000.0,809200000000.0,790800000000.0,773100000000.0,756200000000.0,740100000000.0,724600000000.0,709700000000.0,696000000000.0,682900000000.0,670100000000.0,658100000000.0,646800000000.0,636300000000.0,626300000000.0,616800000000.0,607500000000.0,598400000000.0,589600000000.0,580900000000.0,564500000000.0,549000000000.0,533900000000.0,519600000000.0,506100000000.0,493300000000.0,481500000000.0,470300000000.0,459900000000.0,450100000000.0,440900000000.0,432400000000.0,417400000000.0,403100000000.0,389800000000.0,377200000000.0,365300000000.0,270000000000.0,215900000000.0,181200000000.0,90480000000.0
325,1600.0,80.0,152200000000000.0,12850000000000.0,7696000000000.0,5700000000000.0,4535000000000.0,3714000000000.0,3145000000000.0,2790000000000.0,2527000000000.0,2318000000000.0,2156000000000.0,2014000000000.0,1888000000000.0,1777000000000.0,1679000000000.0,1590000000000.0,1513000000000.0,1445000000000.0,1383000000000.0,1329000000000.0,1281000000000.0,1188000000000.0,1120000000000.0,1061000000000.0,1010000000000.0,967700000000.0,932700000000.0,900000000000.0,870900000000.0,845300000000.0,823900000000.0,805200000000.0,787300000000.0,770000000000.0,753700000000.0,737900000000.0,722700000000.0,708900000000.0,695500000000.0,682500000000.0,670300000000.0,658700000000.0,648100000000.0,637900000000.0,628300000000.0,618800000000.0,609600000000.0,600600000000.0,591700000000.0,575100000000.0,559300000000.0,543800000000.0,529400000000.0,515600000000.0,502600000000.0,490500000000.0,479100000000.0,468600000000.0,458600000000.0,449200000000.0,440500000000.0,425300000000.0,410700000000.0,397200000000.0,384400000000.0,372200000000.0,275100000000.0,220000000000.0,184600000000.0,92120000000.0
326,12500.0,10.0,3.315e+17,628800000000000.0,77720000000000.0,22340000000000.0,9610000000000.0,4987000000000.0,3190000000000.0,2471000000000.0,2021000000000.0,1685000000000.0,1434000000000.0,1230000000000.0,1061000000000.0,918800000000.0,798100000000.0,696400000000.0,610400000000.0,536300000000.0,472400000000.0,416900000000.0,370900000000.0,283300000000.0,221000000000.0,174200000000.0,139000000000.0,113400000000.0,93390000000.0,77900000000.0,65950000000.0,56790000000.0,49550000000.0,43370000000.0,38670000000.0,34850000000.0,31670000000.0,28930000000.0,26310000000.0,24390000000.0,22710000000.0,21200000000.0,19610000000.0,18470000000.0,17480000000.0,16580000000.0,15550000000.0,14820000000.0,14150000000.0,13530000000.0,12760000000.0,11730000000.0,10660000000.0,9710000000.0,8994000000.0,8252000000.0,7601000000.0,7037000000.0,6595000000.0,6166000000.0,5788000000.0,5449000000.0,5130000000.0,4660000000.0,4267000000.0,3918000000.0,3618000000.0,3360000000.0,1614000000.0,958400000.0,656200000.0,115700000.0
327,1800.0,30.0,191700000000000.0,37550000000000.0,25020000000000.0,19160000000000.0,15390000000000.0,12600000000000.0,10650000000000.0,9446000000000.0,8555000000000.0,7846000000000.0,7295000000000.0,6813000000000.0,6386000000000.0,6005000000000.0,5666000000000.0,5361000000000.0,5094000000000.0,4856000000000.0,4643000000000.0,4450000000000.0,4283000000000.0,3952000000000.0,3710000000000.0,3499000000000.0,3317000000000.0,3168000000000.0,3044000000000.0,2930000000000.0,2827000000000.0,2738000000000.0,2666000000000.0,2603000000000.0,2542000000000.0,2485000000000.0,2432000000000.0,2380000000000.0,2330000000000.0,2284000000000.0,2239000000000.0,2195000000000.0,2153000000000.0,2114000000000.0,2078000000000.0,2043000000000.0,2009000000000.0,1976000000000.0,1944000000000.0,1913000000000.0,1882000000000.0,1824000000000.0,1768000000000.0,1713000000000.0,1664000000000.0,1619000000000.0,1576000000000.0,1536000000000.0,1498000000000.0,1464000000000.0,1432000000000.0,1401000000000.0,1373000000000.0,1324000000000.0,1279000000000.0,1236000000000.0,1196000000000.0,1159000000000.0,857000000000.0,682000000000.0,570900000000.0,284300000000.0
328,7000.0,40.0,6.133e+16,1639000000000000.0,394100000000000.0,156800000000000.0,78480000000000.0,41730000000000.0,24570000000000.0,17430000000000.0,13280000000000.0,10440000000000.0,8485000000000.0,6966000000000.0,5769000000000.0,4814000000000.0,4041000000000.0,3419000000000.0,2926000000000.0,2528000000000.0,2204000000000.0,1940000000000.0,1728000000000.0,1371000000000.0,1150000000000.0,980800000000.0,849500000000.0,752200000000.0,678500000000.0,615900000000.0,565400000000.0,525100000000.0,495400000000.0,472100000000.0,450600000000.0,430400000000.0,411800000000.0,394400000000.0,378000000000.0,363400000000.0,349600000000.0,336300000000.0,324100000000.0,312800000000.0,302600000000.0,293100000000.0,283900000000.0,275300000000.0,266900000000.0,259000000000.0,251100000000.0,236700000000.0,223300000000.0,210600000000.0,198800000000.0,187700000000.0,177500000000.0,168600000000.0,160500000000.0,153300000000.0,146800000000.0,141000000000.0,135900000000.0,127800000000.0,120300000000.0,113500000000.0,107200000000.0,101500000000.0,60860000000.0,42230000000.0,31670000000.0,8076000000.0
329,384399.0,40.0,5767000000000.0,2093000000000.0,1003000000000.0,668300000000.0,502000000000.0,402700000000.0,333500000000.0,284300000000.0,247500000000.0,218900000000.0,196900000000.0,178300000000.0,162500000000.0,149000000000.0,138000000000.0,128200000000.0,119500000000.0,111700000000.0,104600000000.0,98190000000.0,92520000000.0,80920000000.0,71910000000.0,64360000000.0,57970000000.0,52760000000.0,48450000000.0,44620000000.0,41270000000.0,38330000000.0,35840000000.0,33650000000.0,31630000000.0,29800000000.0,28140000000.0,26600000000.0,25160000000.0,23870000000.0,22670000000.0,21570000000.0,20560000000.0,19640000000.0,18820000000.0,18060000000.0,17360000000.0,16690000000.0,16060000000.0,15450000000.0,14890000000.0,13850000000.0,12920000000.0,12090000000.0,11360000000.0,10710000000.0,10120000000.0,9573000000.0,9071000000.0,8607000000.0,8177000000.0,7785000000.0,7424000000.0,6791000000.0,6235000000.0,5745000000.0,5313000000.0,4934000000.0,2698000000.0,1687000000.0,1174000000.0,333900000.0
330,900.0,90.0,15110000000000.0,1890000000000.0,1035000000000.0,708500000000.0,532400000000.0,428900000000.0,361800000000.0,321600000000.0,292200000000.0,269000000000.0,251100000000.0,235500000000.0,221800000000.0,209800000000.0,199200000000.0,189700000000.0,181500000000.0,174100000000.0,167600000000.0,161700000000.0,156600000000.0,146800000000.0,139600000000.0,133300000000.0,127800000000.0,123300000000.0,119500000000.0,115900000000.0,112600000000.0,109700000000.0,107100000000.0,104900000000.0,102700000000.0,100600000000.0,98640000000.0,96710000000.0,94860000000.0,93160000000.0,91520000000.0,89920000000.0,88400000000.0,86970000000.0,85650000000.0,84380000000.0,83160000000.0,81960000000.0,80790000000.0,79640000000.0,78510000000.0,76370000000.0,74320000000.0,72310000000.0,70400000000.0,68570000000.0,66820000000.0,65190000000.0,63650000000.0,62190000000.0,60810000000.0,59510000000.0,58290000000.0,56090000000.0,53990000000.0,52060000000.0,50240000000.0,48520000000.0,35170000000.0,27790000000.0,23160000000.0,11520000000.0
331,17500.0,40.0,3.165e+16,15170000000000.0,6193000000000.0,4792000000000.0,3900000000000.0,3253000000000.0,2745000000000.0,2318000000000.0,1963000000000.0,1671000000000.0,1435000000000.0,1239000000000.0,1071000000000.0,926100000000.0,802600000000.0,697700000000.0,607000000000.0,527900000000.0,459100000000.0,399700000000.0,350300000000.0,255500000000.0,189800000000.0,143100000000.0,109900000000.0,86570000000.0,69250000000.0,56200000000.0,46390000000.0,38980000000.0,33170000000.0,28420000000.0,24730000000.0,21790000000.0,19370000000.0,17340000000.0,15550000000.0,14170000000.0,12990000000.0,11980000000.0,11040000000.0,10310000000.0,9686000000.0,9137000000.0,8585000000.0,8159000000.0,7773000000.0,7420000000.0,7043000000.0,6484000000.0,5957000000.0,5504000000.0,5151000000.0,4813000000.0,4510000000.0,4241000000.0,4014000000.0,3791000000.0,3588000000.0,3405000000.0,3233000000.0,2946000000.0,2700000000.0,2485000000.0,2299000000.0,2139000000.0,1191000000.0,756900000.0,535100000.0,161900000.0
332,1300.0,70.0,78970000000000.0,6267000000000.0,3627000000000.0,2625000000000.0,2058000000000.0,1685000000000.0,1432000000000.0,1276000000000.0,1161000000000.0,1070000000000.0,999000000000.0,937000000000.0,882200000000.0,833900000000.0,790800000000.0,752300000000.0,718800000000.0,688900000000.0,662200000000.0,638400000000.0,617700000000.0,577700000000.0,548600000000.0,523300000000.0,501200000000.0,482900000000.0,467600000000.0,453200000000.0,440300000000.0,428900000000.0,419300000000.0,410800000000.0,402600000000.0,394800000000.0,387300000000.0,380000000000.0,372900000000.0,366400000000.0,360100000000.0,354000000000.0,348200000000.0,342700000000.0,337700000000.0,332800000000.0,328100000000.0,323500000000.0,319000000000.0,314600000000.0,310300000000.0,302100000000.0,294300000000.0,286600000000.0,279400000000.0,272400000000.0,265800000000.0,259700000000.0,253800000000.0,248300000000.0,243100000000.0,238100000000.0,233500000000.0,225200000000.0,217200000000.0,209800000000.0,202800000000.0,196200000000.0,143400000000.0,113800000000.0,95010000000.0,47210000000.0
333,700.0,20.0,3286000000000.0,574700000000.0,297800000000.0,199500000000.0,152900000000.0,129600000000.0,115500000000.0,107900000000.0,102400000000.0,97870000000.0,94240000000.0,90890000000.0,87760000000.0,84760000000.0,81790000000.0,79080000000.0,76750000000.0,74690000000.0,72860000000.0,71220000000.0,69820000000.0,67260000000.0,65540000000.0,63910000000.0,62420000000.0,61140000000.0,60000000000.0,58880000000.0,57830000000.0,56860000000.0,55990000000.0,55190000000.0,54400000000.0,53650000000.0,52930000000.0,52230000000.0,51530000000.0,50870000000.0,50220000000.0,49570000000.0,48950000000.0,48360000000.0,47800000000.0,47260000000.0,46730000000.0,46200000000.0,45690000000.0,45170000000.0,44670000000.0,43700000000.0,42750000000.0,41800000000.0,40920000000.0,40070000000.0,39240000000.0,38470000000.0,37730000000.0,37020000000.0,36350000000.0,35700000000.0,35060000000.0,33930000000.0,32860000000.0,31840000000.0,30880000000.0,29980000000.0,22740000000.0,18330000000.0,15450000000.0,8102000000.0
334,600.0,0.0,422200000000.0,47020000000.0,15710000000.0,8943000000.0,6495000000.0,5116000000.0,4299000000.0,3880000000.0,3594000000.0,3367000000.0,3194000000.0,3041000000.0,2907000000.0,2787000000.0,2681000000.0,2585000000.0,2503000000.0,2430000000.0,2365000000.0,2308000000.0,2259000000.0,2168000000.0,2106000000.0,2049000000.0,1997000000.0,1953000000.0,1915000000.0,1879000000.0,1845000000.0,1814000000.0,1787000000.0,1763000000.0,1740000000.0,1717000000.0,1695000000.0,1674000000.0,1654000000.0,1634000000.0,1615000000.0,1596000000.0,1578000000.0,1561000000.0,1545000000.0,1530000000.0,1515000000.0,1500000000.0,1485000000.0,1471000000.0,1456000000.0,1429000000.0,1403000000.0,1377000000.0,1353000000.0,1331000000.0,1309000000.0,1288000000.0,1268000000.0,1249000000.0,1230000000.0,1213000000.0,1196000000.0,1165000000.0,1135000000.0,1107000000.0,1081000000.0,1055000000.0,851700000.0,719400000.0,627300000.0,367400000.0
335,9000.0,90.0,6.307e+16,759800000000000.0,135800000000000.0,45110000000000.0,19920000000000.0,9245000000000.0,4955000000000.0,3459000000000.0,2644000000000.0,2085000000000.0,1698000000000.0,1398000000000.0,1160000000000.0,969000000000.0,813800000000.0,689000000000.0,589700000000.0,509000000000.0,443000000000.0,389000000000.0,345600000000.0,272000000000.0,225800000000.0,190500000000.0,163300000000.0,143100000000.0,127600000000.0,114700000000.0,104300000000.0,95950000000.0,89590000000.0,84440000000.0,79840000000.0,75680000000.0,71920000000.0,68440000000.0,65190000000.0,62340000000.0,59690000000.0,57200000000.0,54880000000.0,52790000000.0,50930000000.0,49180000000.0,47510000000.0,45950000000.0,44470000000.0,43050000000.0,41640000000.0,39130000000.0,36800000000.0,34620000000.0,32650000000.0,30790000000.0,29110000000.0,27600000000.0,26230000000.0,25000000000.0,23880000000.0,22870000000.0,21960000000.0,20480000000.0,19120000000.0,17900000000.0,16790000000.0,15770000000.0,8683000000.0,5588000000.0,3970000000.0,883200000.0
336,700.0,0.0,1291000000000.0,174900000000.0,67750000000.0,40430000000.0,29730000000.0,24150000000.0,20700000000.0,18730000000.0,17320000000.0,16200000000.0,15340000000.0,14590000000.0,13930000000.0,13340000000.0,12810000000.0,12340000000.0,11940000000.0,11580000000.0,11260000000.0,10970000000.0,10730000000.0,10270000000.0,9964000000.0,9678000000.0,9421000000.0,9204000000.0,9016000000.0,8835000000.0,8669000000.0,8518000000.0,8387000000.0,8269000000.0,8155000000.0,8045000000.0,7941000000.0,7838000000.0,7738000000.0,7642000000.0,7548000000.0,7457000000.0,7370000000.0,7287000000.0,7209000000.0,7134000000.0,7060000000.0,6987000000.0,6914000000.0,6843000000.0,6774000000.0,6641000000.0,6512000000.0,6384000000.0,6265000000.0,6152000000.0,6043000000.0,5940000000.0,5840000000.0,5746000000.0,5654000000.0,5566000000.0,5480000000.0,5324000000.0,5177000000.0,5036000000.0,4903000000.0,4777000000.0,3768000000.0,3133000000.0,2698000000.0,1481000000.0
337,2000.0,10.0,181400000000000.0,64990000000000.0,49670000000000.0,40860000000000.0,34320000000000.0,28870000000000.0,24790000000000.0,22060000000000.0,19980000000000.0,18330000000000.0,17050000000000.0,15920000000000.0,14930000000000.0,14050000000000.0,13280000000000.0,12580000000000.0,11970000000000.0,11420000000000.0,10930000000000.0,10480000000000.0,10090000000000.0,9314000000000.0,8738000000000.0,8236000000000.0,7802000000000.0,7448000000000.0,7151000000000.0,6876000000000.0,6632000000000.0,6418000000000.0,6242000000000.0,6088000000000.0,5941000000000.0,5803000000000.0,5674000000000.0,5550000000000.0,5430000000000.0,5319000000000.0,5212000000000.0,5107000000000.0,5009000000000.0,4916000000000.0,4831000000000.0,4749000000000.0,4670000000000.0,4593000000000.0,4518000000000.0,4445000000000.0,4374000000000.0,4239000000000.0,4109000000000.0,3983000000000.0,3872000000000.0,3770000000000.0,3672000000000.0,3581000000000.0,3496000000000.0,3420000000000.0,3348000000000.0,3280000000000.0,3217000000000.0,3112000000000.0,3013000000000.0,2919000000000.0,2830000000000.0,2747000000000.0,2073000000000.0,1670000000000.0,1408000000000.0,718000000000.0
338,700.0,60.0,9198000000000.0,752400000000.0,401500000000.0,269700000000.0,200000000000.0,159300000000.0,133300000000.0,117500000000.0,106000000000.0,96880000000.0,89850000000.0,83830000000.0,78560000000.0,73940000000.0,69850000000.0,66240000000.0,63120000000.0,60360000000.0,57900000000.0,55740000000.0,53880000000.0,50360000000.0,47860000000.0,45740000000.0,43930000000.0,42440000000.0,41190000000.0,40030000000.0,38980000000.0,38050000000.0,37250000000.0,36520000000.0,35820000000.0,35150000000.0,34510000000.0,33890000000.0,33290000000.0,32740000000.0,32200000000.0,31680000000.0,31180000000.0,30700000000.0,30260000000.0,29840000000.0,29430000000.0,29030000000.0,28640000000.0,28250000000.0,27870000000.0,27150000000.0,26450000000.0,25770000000.0,25120000000.0,24490000000.0,23890000000.0,23340000000.0,22810000000.0,22320000000.0,21850000000.0,21410000000.0,21000000000.0,20260000000.0,19560000000.0,18920000000.0,18310000000.0,17740000000.0,13330000000.0,10790000000.0,9137000000.0,4708000000.0
339,2000.0,50.0,519300000000000.0,41750000000000.0,25020000000000.0,18460000000000.0,14560000000000.0,11710000000000.0,9746000000000.0,8542000000000.0,7659000000000.0,6963000000000.0,6424000000000.0,5953000000000.0,5539000000000.0,5174000000000.0,4852000000000.0,4565000000000.0,4315000000000.0,4093000000000.0,3894000000000.0,3718000000000.0,3564000000000.0,3265000000000.0,3046000000000.0,2858000000000.0,2696000000000.0,2564000000000.0,2454000000000.0,2353000000000.0,2264000000000.0,2185000000000.0,2121000000000.0,2064000000000.0,2010000000000.0,1959000000000.0,1911000000000.0,1864000000000.0,1820000000000.0,1779000000000.0,1741000000000.0,1703000000000.0,1668000000000.0,1635000000000.0,1605000000000.0,1576000000000.0,1549000000000.0,1522000000000.0,1497000000000.0,1472000000000.0,1447000000000.0,1401000000000.0,1358000000000.0,1316000000000.0,1277000000000.0,1240000000000.0,1205000000000.0,1174000000000.0,1144000000000.0,1117000000000.0,1092000000000.0,1068000000000.0,1047000000000.0,1011000000000.0,976300000000.0,944200000000.0,913800000000.0,885000000000.0,655600000000.0,525100000000.0,440600000000.0,216500000000.0
340,1300.0,30.0,47200000000000.0,9441000000000.0,6174000000000.0,4670000000000.0,3746000000000.0,3116000000000.0,2686000000000.0,2424000000000.0,2231000000000.0,2076000000000.0,1955000000000.0,1848000000000.0,1752000000000.0,1666000000000.0,1587000000000.0,1516000000000.0,1454000000000.0,1398000000000.0,1348000000000.0,1303000000000.0,1264000000000.0,1186000000000.0,1130000000000.0,1080000000000.0,1036000000000.0,999500000000.0,968800000000.0,939900000000.0,913900000000.0,890900000000.0,871800000000.0,855000000000.0,838800000000.0,823400000000.0,808900000000.0,794700000000.0,780900000000.0,767900000000.0,755200000000.0,742800000000.0,731000000000.0,719700000000.0,709300000000.0,699300000000.0,689400000000.0,679800000000.0,670300000000.0,661000000000.0,651900000000.0,634500000000.0,617800000000.0,601000000000.0,585800000000.0,571500000000.0,557700000000.0,544900000000.0,532700000000.0,521400000000.0,510600000000.0,500100000000.0,490100000000.0,472500000000.0,456100000000.0,440500000000.0,425900000000.0,412200000000.0,301700000000.0,238000000000.0,198200000000.0,98920000000.0
341,1500.0,40.0,162100000000000.0,17450000000000.0,10300000000000.0,7522000000000.0,5930000000000.0,4838000000000.0,4093000000000.0,3639000000000.0,3305000000000.0,3039000000000.0,2832000000000.0,2651000000000.0,2490000000000.0,2346000000000.0,2217000000000.0,2101000000000.0,2000000000000.0,1910000000000.0,1830000000000.0,1758000000000.0,1696000000000.0,1574000000000.0,1487000000000.0,1410000000000.0,1344000000000.0,1290000000000.0,1244000000000.0,1202000000000.0,1164000000000.0,1131000000000.0,1104000000000.0,1080000000000.0,1057000000000.0,1036000000000.0,1016000000000.0,996000000000.0,976900000000.0,959000000000.0,941700000000.0,924800000000.0,908800000000.0,893500000000.0,879500000000.0,866000000000.0,852800000000.0,839900000000.0,827300000000.0,814900000000.0,802900000000.0,779900000000.0,757700000000.0,735900000000.0,716200000000.0,697900000000.0,680200000000.0,663900000000.0,648400000000.0,634200000000.0,620700000000.0,607800000000.0,595500000000.0,574300000000.0,554500000000.0,535700000000.0,518100000000.0,501700000000.0,368700000000.0,292000000000.0,243800000000.0,121500000000.0
342,1800.0,70.0,244400000000000.0,20620000000000.0,12660000000000.0,9462000000000.0,7538000000000.0,6144000000000.0,5172000000000.0,4566000000000.0,4118000000000.0,3764000000000.0,3489000000000.0,3248000000000.0,3036000000000.0,2849000000000.0,2684000000000.0,2536000000000.0,2407000000000.0,2292000000000.0,2189000000000.0,2097000000000.0,2017000000000.0,1861000000000.0,1746000000000.0,1647000000000.0,1561000000000.0,1491000000000.0,1433000000000.0,1379000000000.0,1330000000000.0,1288000000000.0,1253000000000.0,1223000000000.0,1193000000000.0,1165000000000.0,1139000000000.0,1113000000000.0,1089000000000.0,1066000000000.0,1045000000000.0,1024000000000.0,1005000000000.0,986200000000.0,969300000000.0,953100000000.0,937800000000.0,922800000000.0,908300000000.0,894100000000.0,880100000000.0,854000000000.0,829300000000.0,805300000000.0,782800000000.0,761400000000.0,741300000000.0,722700000000.0,705300000000.0,689300000000.0,674200000000.0,660200000000.0,647200000000.0,624900000000.0,603500000000.0,583700000000.0,564900000000.0,547100000000.0,405000000000.0,324300000000.0,272400000000.0,135400000000.0
343,12500.0,50.0,9.802e+16,161800000000000.0,21610000000000.0,7482000000000.0,4007000000000.0,2607000000000.0,1937000000000.0,1579000000000.0,1320000000000.0,1116000000000.0,957200000000.0,826300000000.0,715200000000.0,620700000000.0,540800000000.0,472800000000.0,414300000000.0,363300000000.0,318900000000.0,280400000000.0,248300000000.0,186900000000.0,143900000000.0,112500000000.0,89500000000.0,72970000000.0,60370000000.0,50670000000.0,43190000000.0,37420000000.0,32820000000.0,28950000000.0,25910000000.0,23400000000.0,21300000000.0,19480000000.0,17810000000.0,16510000000.0,15360000000.0,14350000000.0,13370000000.0,12610000000.0,11950000000.0,11350000000.0,10720000000.0,10240000000.0,9790000000.0,9375000000.0,8917000000.0,8235000000.0,7579000000.0,7002000000.0,6540000000.0,6090000000.0,5688000000.0,5334000000.0,5036000000.0,4749000000.0,4489000000.0,4256000000.0,4040000000.0,3687000000.0,3383000000.0,3116000000.0,2883000000.0,2679000000.0,1426000000.0,892400000.0,625400000.0,168800000.0
344,200.0,90.0,1174000000000.0,452400000000.0,225500000000.0,152300000000.0,114500000000.0,91840000000.0,75850000000.0,64390000000.0,55660000000.0,48860000000.0,43680000000.0,39300000000.0,35570000000.0,32420000000.0,29830000000.0,27550000000.0,25530000000.0,23720000000.0,22100000000.0,20650000000.0,19380000000.0,16790000000.0,14820000000.0,13190000000.0,11840000000.0,10750000000.0,9863000000.0,9079000000.0,8397000000.0,7806000000.0,7305000000.0,6865000000.0,6462000000.0,6095000000.0,5764000000.0,5456000000.0,5170000000.0,4911000000.0,4671000000.0,4451000000.0,4249000000.0,4065000000.0,3900000000.0,3748000000.0,3607000000.0,3473000000.0,3345000000.0,3223000000.0,3109000000.0,2899000000.0,2711000000.0,2541000000.0,2393000000.0,2262000000.0,2140000000.0,2029000000.0,1926000000.0,1831000000.0,1743000000.0,1662000000.0,1588000000.0,1458000000.0,1344000000.0,1242000000.0,1153000000.0,1074000000.0,603900000.0,388300000.0,276300000.0,84870000.0
345,200.0,80.0,1111000000000.0,427300000000.0,214200000000.0,145000000000.0,109000000000.0,87410000000.0,72150000000.0,61200000000.0,52840000000.0,46340000000.0,41390000000.0,37210000000.0,33650000000.0,30650000000.0,28180000000.0,26000000000.0,24080000000.0,22370000000.0,20830000000.0,19450000000.0,18250000000.0,15800000000.0,13930000000.0,12390000000.0,11120000000.0,10100000000.0,9265000000.0,8529000000.0,7890000000.0,7335000000.0,6865000000.0,6453000000.0,6075000000.0,5732000000.0,5422000000.0,5134000000.0,4865000000.0,4623000000.0,4398000000.0,4191000000.0,4003000000.0,3830000000.0,3675000000.0,3533000000.0,3400000000.0,3274000000.0,3154000000.0,3040000000.0,2933000000.0,2735000000.0,2559000000.0,2400000000.0,2260000000.0,2137000000.0,2022000000.0,1917000000.0,1821000000.0,1731000000.0,1649000000.0,1573000000.0,1503000000.0,1381000000.0,1273000000.0,1177000000.0,1093000000.0,1019000000.0,574500000.0,370400000.0,264200000.0,81810000.0
346,12500.0,40.0,1.207e+17,195600000000000.0,25920000000000.0,8937000000000.0,4778000000000.0,3099000000000.0,2315000000000.0,1889000000000.0,1579000000000.0,1333000000000.0,1140000000000.0,981600000000.0,847000000000.0,731900000000.0,633900000000.0,551000000000.0,479800000000.0,417900000000.0,364100000000.0,317700000000.0,279100000000.0,205500000000.0,154100000000.0,116900000000.0,90100000000.0,71120000000.0,56800000000.0,45990000000.0,37840000000.0,31690000000.0,26860000000.0,22840000000.0,19790000000.0,17360000000.0,15370000000.0,13700000000.0,12180000000.0,11060000000.0,10120000000.0,9300000000.0,8475000000.0,7898000000.0,7401000000.0,6963000000.0,6469000000.0,6136000000.0,5835000000.0,5564000000.0,5224000000.0,4800000000.0,4363000000.0,3986000000.0,3708000000.0,3410000000.0,3152000000.0,2932000000.0,2765000000.0,2594000000.0,2444000000.0,2312000000.0,2186000000.0,2000000000.0,1843000000.0,1704000000.0,1585000000.0,1480000000.0,786400000.0,501400000.0,360400000.0,96970000.0
347,7000.0,10.0,1.051e+17,4498000000000000.0,1137000000000000.0,461400000000000.0,233000000000000.0,126300000000000.0,75540000000000.0,53660000000000.0,40830000000000.0,32040000000000.0,26030000000000.0,21360000000000.0,17680000000000.0,14760000000000.0,12390000000000.0,10490000000000.0,8986000000000.0,7766000000000.0,6778000000000.0,5967000000000.0,5319000000000.0,4218000000000.0,3545000000000.0,3026000000000.0,2625000000000.0,2329000000000.0,2106000000000.0,1916000000000.0,1763000000000.0,1641000000000.0,1553000000000.0,1484000000000.0,1420000000000.0,1361000000000.0,1307000000000.0,1256000000000.0,1208000000000.0,1164000000000.0,1122000000000.0,1081000000000.0,1042000000000.0,1007000000000.0,974500000000.0,944300000000.0,915400000000.0,887700000000.0,861100000000.0,835600000000.0,810200000000.0,762900000000.0,718300000000.0,676100000000.0,638500000000.0,603800000000.0,571900000000.0,543000000000.0,516900000000.0,494200000000.0,473700000000.0,455000000000.0,438400000000.0,412200000000.0,388500000000.0,366700000000.0,346800000000.0,328600000000.0,200800000000.0,140100000000.0,105600000000.0,27470000000.0
348,1800.0,60.0,296300000000000.0,22840000000000.0,13910000000000.0,10360000000000.0,8245000000000.0,6712000000000.0,5646000000000.0,4983000000000.0,4494000000000.0,4107000000000.0,3806000000000.0,3543000000000.0,3311000000000.0,3107000000000.0,2925000000000.0,2764000000000.0,2623000000000.0,2497000000000.0,2385000000000.0,2284000000000.0,2197000000000.0,2026000000000.0,1901000000000.0,1793000000000.0,1700000000000.0,1624000000000.0,1561000000000.0,1502000000000.0,1450000000000.0,1404000000000.0,1366000000000.0,1333000000000.0,1301000000000.0,1270000000000.0,1242000000000.0,1214000000000.0,1187000000000.0,1163000000000.0,1140000000000.0,1117000000000.0,1096000000000.0,1076000000000.0,1058000000000.0,1040000000000.0,1023000000000.0,1007000000000.0,991100000000.0,975700000000.0,960500000000.0,932000000000.0,905100000000.0,878900000000.0,854400000000.0,831100000000.0,809200000000.0,789000000000.0,770000000000.0,752500000000.0,736000000000.0,720700000000.0,706600000000.0,682200000000.0,658900000000.0,637300000000.0,616800000000.0,597300000000.0,442200000000.0,354100000000.0,297400000000.0,147800000000.0
349,1500.0,50.0,196300000000000.0,14380000000000.0,8256000000000.0,5997000000000.0,4721000000000.0,3845000000000.0,3247000000000.0,2884000000000.0,2616000000000.0,2404000000000.0,2239000000000.0,2095000000000.0,1966000000000.0,1853000000000.0,1751000000000.0,1661000000000.0,1582000000000.0,1512000000000.0,1449000000000.0,1393000000000.0,1344000000000.0,1250000000000.0,1182000000000.0,1122000000000.0,1071000000000.0,1028000000000.0,992400000000.0,959200000000.0,929500000000.0,903400000000.0,881600000000.0,862400000000.0,844000000000.0,826300000000.0,809400000000.0,793100000000.0,777400000000.0,763000000000.0,749100000000.0,735600000000.0,722800000000.0,710700000000.0,699600000000.0,689000000000.0,678800000000.0,668900000000.0,659100000000.0,649600000000.0,640300000000.0,622700000000.0,605900000000.0,589600000000.0,574100000000.0,559500000000.0,545600000000.0,532600000000.0,520400000000.0,509000000000.0,498200000000.0,488100000000.0,478700000000.0,462100000000.0,446200000000.0,431500000000.0,417500000000.0,404200000000.0,297900000000.0,237800000000.0,199400000000.0,99440000000.0
350,384399.0,10.0,5767000000000.0,2093000000000.0,1003000000000.0,668300000000.0,502000000000.0,402700000000.0,333500000000.0,284300000000.0,247500000000.0,218900000000.0,196900000000.0,178300000000.0,162500000000.0,149000000000.0,138000000000.0,128200000000.0,119500000000.0,111700000000.0,104600000000.0,98190000000.0,92520000000.0,80920000000.0,71910000000.0,64360000000.0,57970000000.0,52760000000.0,48450000000.0,44620000000.0,41270000000.0,38330000000.0,35840000000.0,33650000000.0,31630000000.0,29800000000.0,28140000000.0,26600000000.0,25160000000.0,23870000000.0,22670000000.0,21570000000.0,20560000000.0,19640000000.0,18820000000.0,18060000000.0,17360000000.0,16690000000.0,16060000000.0,15450000000.0,14890000000.0,13850000000.0,12920000000.0,12090000000.0,11360000000.0,10710000000.0,10120000000.0,9573000000.0,9071000000.0,8607000000.0,8177000000.0,7785000000.0,7424000000.0,6791000000.0,6235000000.0,5745000000.0,5313000000.0,4934000000.0,2698000000.0,1687000000.0,1174000000.0,333900000.0
351,9000.0,0.0,2.542e+17,4468000000000000.0,815000000000000.0,271500000000000.0,118800000000000.0,53570000000000.0,27580000000000.0,18690000000000.0,13980000000000.0,10800000000000.0,8659000000000.0,7010000000000.0,5726000000000.0,4709000000000.0,3884000000000.0,3233000000000.0,2725000000000.0,2322000000000.0,2002000000000.0,1743000000000.0,1539000000000.0,1205000000000.0,1008000000000.0,855700000000.0,738700000000.0,652500000000.0,587300000000.0,532300000000.0,488100000000.0,453100000000.0,427600000000.0,407700000000.0,389300000000.0,372500000000.0,357200000000.0,342800000000.0,329300000000.0,316900000000.0,305300000000.0,293900000000.0,283200000000.0,273500000000.0,264600000000.0,256400000000.0,248400000000.0,240800000000.0,233500000000.0,226600000000.0,219600000000.0,206800000000.0,194700000000.0,183200000000.0,173000000000.0,163600000000.0,154900000000.0,147100000000.0,139900000000.0,133700000000.0,128000000000.0,122700000000.0,118000000000.0,110300000000.0,103500000000.0,97140000000.0,91410000000.0,86220000000.0,48320000000.0,31180000000.0,22200000000.0,4663000000.0
352,17500.0,10.0,9.979e+16,36920000000000.0,10780000000000.0,8194000000000.0,6734000000000.0,5661000000000.0,4806000000000.0,4072000000000.0,3454000000000.0,2937000000000.0,2517000000000.0,2168000000000.0,1866000000000.0,1606000000000.0,1385000000000.0,1197000000000.0,1035000000000.0,894100000000.0,771800000000.0,666600000000.0,579300000000.0,413000000000.0,298800000000.0,218600000000.0,162400000000.0,123200000000.0,94340000000.0,72910000000.0,57070000000.0,45330000000.0,36170000000.0,28730000000.0,23180000000.0,18910000000.0,15510000000.0,12740000000.0,10340000000.0,8651000000.0,7269000000.0,6141000000.0,5046000000.0,4336000000.0,3749000000.0,3259000000.0,2704000000.0,2390000000.0,2129000000.0,1910000000.0,1598000000.0,1324000000.0,1016000000.0,782800000.0,675700000.0,524600000.0,406700000.0,315900000.0,282500000.0,221000000.0,172500000.0,134500000.0,89990000.0,46330000.0,23720000.0,6894000.0,0.0,0.0,0.0,0.0,0.0,0.0
353,1300.0,20.0,31460000000000.0,8293000000000.0,5794000000000.0,4563000000000.0,3781000000000.0,3246000000000.0,2870000000000.0,2634000000000.0,2456000000000.0,2311000000000.0,2197000000000.0,2094000000000.0,2001000000000.0,1916000000000.0,1837000000000.0,1766000000000.0,1702000000000.0,1645000000000.0,1594000000000.0,1547000000000.0,1506000000000.0,1425000000000.0,1365000000000.0,1312000000000.0,1264000000000.0,1225000000000.0,1191000000000.0,1159000000000.0,1130000000000.0,1104000000000.0,1082000000000.0,1063000000000.0,1044000000000.0,1026000000000.0,1009000000000.0,992700000000.0,976500000000.0,961200000000.0,946400000000.0,931800000000.0,917900000000.0,904600000000.0,892300000000.0,880400000000.0,868800000000.0,857300000000.0,846100000000.0,835000000000.0,824200000000.0,803500000000.0,783400000000.0,763400000000.0,745000000000.0,727800000000.0,711100000000.0,695500000000.0,680700000000.0,666900000000.0,653700000000.0,640800000000.0,628500000000.0,606700000000.0,586300000000.0,566900000000.0,548700000000.0,531600000000.0,392900000000.0,312000000000.0,261000000000.0,132600000000.0
354,2000.0,40.0,460500000000000.0,51940000000000.0,31650000000000.0,23310000000000.0,18300000000000.0,14710000000000.0,12250000000000.0,10740000000000.0,9626000000000.0,8749000000000.0,8072000000000.0,7481000000000.0,6960000000000.0,6499000000000.0,6088000000000.0,5722000000000.0,5403000000000.0,5119000000000.0,4867000000000.0,4642000000000.0,4447000000000.0,4064000000000.0,3787000000000.0,3548000000000.0,3343000000000.0,3178000000000.0,3040000000000.0,2913000000000.0,2802000000000.0,2705000000000.0,2626000000000.0,2558000000000.0,2493000000000.0,2431000000000.0,2374000000000.0,2320000000000.0,2267000000000.0,2218000000000.0,2170000000000.0,2124000000000.0,2080000000000.0,2039000000000.0,2002000000000.0,1966000000000.0,1931000000000.0,1897000000000.0,1864000000000.0,1832000000000.0,1800000000000.0,1740000000000.0,1683000000000.0,1627000000000.0,1578000000000.0,1533000000000.0,1489000000000.0,1449000000000.0,1412000000000.0,1378000000000.0,1347000000000.0,1317000000000.0,1290000000000.0,1244000000000.0,1201000000000.0,1161000000000.0,1123000000000.0,1087000000000.0,802300000000.0,637200000000.0,532200000000.0,261200000000.0
355,700.0,70.0,8200000000000.0,1029000000000.0,546000000000.0,369300000000.0,274900000000.0,218900000000.0,181600000000.0,157300000000.0,139300000000.0,125200000000.0,114400000000.0,105300000000.0,97520000000.0,90780000000.0,85040000000.0,79990000000.0,75630000000.0,71760000000.0,68320000000.0,65290000000.0,62670000000.0,57620000000.0,53940000000.0,50830000000.0,48210000000.0,46070000000.0,44300000000.0,42680000000.0,41220000000.0,39940000000.0,38840000000.0,37860000000.0,36930000000.0,36050000000.0,35220000000.0,34430000000.0,33680000000.0,32990000000.0,32330000000.0,31690000000.0,31090000000.0,30530000000.0,30010000000.0,29520000000.0,29050000000.0,28590000000.0,28140000000.0,27700000000.0,27280000000.0,26470000000.0,25710000000.0,24970000000.0,24280000000.0,23620000000.0,23000000000.0,22420000000.0,21870000000.0,21360000000.0,20870000000.0,20420000000.0,20000000000.0,19240000000.0,18540000000.0,17880000000.0,17270000000.0,16700000000.0,12410000000.0,9981000000.0,8412000000.0,4296000000.0
356,700.0,50.0,6599000000000.0,889500000000.0,461700000000.0,302000000000.0,220000000000.0,173200000000.0,144000000000.0,127400000000.0,115500000000.0,106100000000.0,98920000000.0,92700000000.0,87230000000.0,82410000000.0,78120000000.0,74310000000.0,71030000000.0,68130000000.0,65550000000.0,63280000000.0,61320000000.0,57660000000.0,55090000000.0,52860000000.0,50920000000.0,49310000000.0,47940000000.0,46660000000.0,45490000000.0,44440000000.0,43540000000.0,42720000000.0,41930000000.0,41170000000.0,40440000000.0,39730000000.0,39040000000.0,38400000000.0,37790000000.0,37180000000.0,36600000000.0,36050000000.0,35540000000.0,35050000000.0,34580000000.0,34110000000.0,33650000000.0,33200000000.0,32760000000.0,31910000000.0,31100000000.0,30300000000.0,29530000000.0,28790000000.0,28090000000.0,27440000000.0,26820000000.0,26240000000.0,25690000000.0,25170000000.0,24690000000.0,23830000000.0,23010000000.0,22260000000.0,21550000000.0,20880000000.0,15700000000.0,12720000000.0,10780000000.0,5554000000.0
357,2000.0,60.0,451400000000000.0,34870000000000.0,21320000000000.0,15870000000000.0,12570000000000.0,10140000000000.0,8456000000000.0,7415000000000.0,6649000000000.0,6046000000000.0,5577000000000.0,5169000000000.0,4810000000000.0,4494000000000.0,4215000000000.0,3966000000000.0,3749000000000.0,3556000000000.0,3384000000000.0,3231000000000.0,3098000000000.0,2838000000000.0,2647000000000.0,2483000000000.0,2343000000000.0,2228000000000.0,2132000000000.0,2044000000000.0,1967000000000.0,1898000000000.0,1842000000000.0,1793000000000.0,1746000000000.0,1702000000000.0,1659000000000.0,1619000000000.0,1580000000000.0,1545000000000.0,1512000000000.0,1479000000000.0,1449000000000.0,1420000000000.0,1394000000000.0,1369000000000.0,1345000000000.0,1322000000000.0,1300000000000.0,1278000000000.0,1257000000000.0,1217000000000.0,1180000000000.0,1143000000000.0,1110000000000.0,1077000000000.0,1047000000000.0,1020000000000.0,994300000000.0,970800000000.0,948900000000.0,928600000000.0,910100000000.0,878700000000.0,848700000000.0,820800000000.0,794500000000.0,769500000000.0,570600000000.0,457200000000.0,383800000000.0,188800000000.0
358,25000.0,90.0,916600000000000.0,4282000000000.0,2719000000000.0,2073000000000.0,1656000000000.0,1371000000000.0,1154000000000.0,980800000000.0,839500000000.0,724400000000.0,632600000000.0,555600000000.0,489000000000.0,431500000000.0,382600000000.0,340100000000.0,303000000000.0,270300000000.0,241400000000.0,216100000000.0,194500000000.0,152300000000.0,121800000000.0,99010000000.0,81960000000.0,69420000000.0,59810000000.0,52180000000.0,46140000000.0,41360000000.0,37520000000.0,34300000000.0,31610000000.0,29310000000.0,27330000000.0,25560000000.0,23960000000.0,22580000000.0,21330000000.0,20210000000.0,19170000000.0,18270000000.0,17470000000.0,16730000000.0,16030000000.0,15400000000.0,14800000000.0,14230000000.0,13690000000.0,12720000000.0,11840000000.0,11060000000.0,10390000000.0,9785000000.0,9231000000.0,8726000000.0,8268000000.0,7840000000.0,7445000000.0,7084000000.0,6752000000.0,6173000000.0,5666000000.0,5220000000.0,4829000000.0,4485000000.0,2462000000.0,1547000000.0,1084000000.0,320900000.0
359,17500.0,30.0,4.306e+16,10310000000000.0,474700000000.0,91750000000.0,41840000000.0,28500000000.0,21670000000.0,18020000000.0,15560000000.0,13670000000.0,12240000000.0,11040000000.0,10030000000.0,9180000000.0,8497000000.0,7890000000.0,7353000000.0,6870000000.0,6435000000.0,6044000000.0,5699000000.0,4995000000.0,4452000000.0,3995000000.0,3611000000.0,3297000000.0,3037000000.0,2807000000.0,2604000000.0,2428000000.0,2278000000.0,2146000000.0,2025000000.0,1914000000.0,1815000000.0,1722000000.0,1636000000.0,1559000000.0,1487000000.0,1421000000.0,1360000000.0,1305000000.0,1256000000.0,1211000000.0,1169000000.0,1129000000.0,1091000000.0,1055000000.0,1022000000.0,959900000.0,904800000.0,855400000.0,812200000.0,774100000.0,738600000.0,706100000.0,676000000.0,648100000.0,622100000.0,598300000.0,576500000.0,537700000.0,503600000.0,473300000.0,446500000.0,422900000.0,282900000.0,206600000.0,163400000.0,66350000.0
360,1000.0,80.0,21620000000000.0,2513000000000.0,1409000000000.0,974900000000.0,738100000000.0,599200000000.0,509700000000.0,456600000000.0,418100000000.0,387400000000.0,363700000000.0,343000000000.0,324700000000.0,308500000000.0,294200000000.0,281300000000.0,270100000000.0,260100000000.0,251100000000.0,243000000000.0,236100000000.0,222500000000.0,212600000000.0,203900000000.0,196200000000.0,189800000000.0,184400000000.0,179300000000.0,174600000000.0,170400000000.0,166800000000.0,163600000000.0,160400000000.0,157400000000.0,154500000000.0,151700000000.0,149000000000.0,146500000000.0,144100000000.0,141700000000.0,139400000000.0,137300000000.0,135300000000.0,133400000000.0,131600000000.0,129800000000.0,128000000000.0,126300000000.0,124500000000.0,121300000000.0,118200000000.0,115100000000.0,112200000000.0,109300000000.0,106600000000.0,104100000000.0,101700000000.0,99440000000.0,97290000000.0,95250000000.0,93320000000.0,89850000000.0,86530000000.0,83460000000.0,80550000000.0,77800000000.0,56080000000.0,44050000000.0,36540000000.0,17890000000.0
361,384399.0,30.0,5767000000000.0,2093000000000.0,1003000000000.0,668300000000.0,502000000000.0,402700000000.0,333500000000.0,284300000000.0,247500000000.0,218900000000.0,196900000000.0,178300000000.0,162500000000.0,149000000000.0,138000000000.0,128200000000.0,119500000000.0,111700000000.0,104600000000.0,98190000000.0,92520000000.0,80920000000.0,71910000000.0,64360000000.0,57970000000.0,52760000000.0,48450000000.0,44620000000.0,41270000000.0,38330000000.0,35840000000.0,33650000000.0,31630000000.0,29800000000.0,28140000000.0,26600000000.0,25160000000.0,23870000000.0,22670000000.0,21570000000.0,20560000000.0,19640000000.0,18820000000.0,18060000000.0,17360000000.0,16690000000.0,16060000000.0,15450000000.0,14890000000.0,13850000000.0,12920000000.0,12090000000.0,11360000000.0,10710000000.0,10120000000.0,9573000000.0,9071000000.0,8607000000.0,8177000000.0,7785000000.0,7424000000.0,6791000000.0,6235000000.0,5745000000.0,5313000000.0,4934000000.0,2698000000.0,1687000000.0,1174000000.0,333900000.0
362,1500.0,70.0,139000000000000.0,10870000000000.0,6398000000000.0,4695000000000.0,3716000000000.0,3040000000000.0,2575000000000.0,2286000000000.0,2072000000000.0,1903000000000.0,1771000000000.0,1655000000000.0,1553000000000.0,1463000000000.0,1383000000000.0,1311000000000.0,1249000000000.0,1193000000000.0,1143000000000.0,1099000000000.0,1060000000000.0,985400000000.0,930700000000.0,883300000000.0,842200000000.0,808400000000.0,780200000000.0,753900000000.0,730400000000.0,709600000000.0,692300000000.0,677100000000.0,662500000000.0,648500000000.0,635200000000.0,622300000000.0,609900000000.0,598500000000.0,587600000000.0,576900000000.0,566900000000.0,557400000000.0,548600000000.0,540300000000.0,532300000000.0,524500000000.0,516800000000.0,509400000000.0,502000000000.0,488200000000.0,475100000000.0,462300000000.0,450200000000.0,438800000000.0,427900000000.0,417800000000.0,408200000000.0,399300000000.0,390800000000.0,382900000000.0,375500000000.0,362500000000.0,350000000000.0,338400000000.0,327400000000.0,317000000000.0,233800000000.0,186600000000.0,156400000000.0,78120000000.0
363,1800.0,40.0,289200000000000.0,33270000000000.0,20390000000000.0,15100000000000.0,11940000000000.0,9699000000000.0,8149000000000.0,7195000000000.0,6491000000000.0,5932000000000.0,5499000000000.0,5121000000000.0,4786000000000.0,4489000000000.0,4224000000000.0,3986000000000.0,3779000000000.0,3595000000000.0,3430000000000.0,3283000000000.0,3155000000000.0,2904000000000.0,2722000000000.0,2564000000000.0,2428000000000.0,2318000000000.0,2226000000000.0,2141000000000.0,2066000000000.0,2000000000000.0,1947000000000.0,1900000000000.0,1856000000000.0,1814000000000.0,1775000000000.0,1737000000000.0,1700000000000.0,1666000000000.0,1633000000000.0,1601000000000.0,1571000000000.0,1542000000000.0,1515000000000.0,1490000000000.0,1465000000000.0,1441000000000.0,1418000000000.0,1395000000000.0,1372000000000.0,1330000000000.0,1289000000000.0,1249000000000.0,1213000000000.0,1180000000000.0,1148000000000.0,1119000000000.0,1091000000000.0,1066000000000.0,1043000000000.0,1021000000000.0,999700000000.0,964200000000.0,931200000000.0,899800000000.0,870400000000.0,842900000000.0,621700000000.0,493700000000.0,412700000000.0,204700000000.0
364,7000.0,30.0,7.975e+16,2267000000000000.0,541500000000000.0,214500000000000.0,107000000000000.0,56560000000000.0,33090000000000.0,23400000000000.0,17800000000000.0,13980000000000.0,11360000000000.0,9314000000000.0,7706000000000.0,6425000000000.0,5388000000000.0,4555000000000.0,3896000000000.0,3365000000000.0,2932000000000.0,2582000000000.0,2300000000000.0,1827000000000.0,1536000000000.0,1312000000000.0,1139000000000.0,1010000000000.0,912000000000.0,828800000000.0,761500000000.0,707700000000.0,668200000000.0,637200000000.0,608400000000.0,581400000000.0,556400000000.0,533000000000.0,511000000000.0,491300000000.0,472800000000.0,454900000000.0,438300000000.0,423100000000.0,409400000000.0,396500000000.0,384100000000.0,372400000000.0,361100000000.0,350300000000.0,339700000000.0,320200000000.0,302100000000.0,285000000000.0,269000000000.0,253800000000.0,240200000000.0,228100000000.0,217100000000.0,207400000000.0,198600000000.0,190700000000.0,183800000000.0,172700000000.0,162500000000.0,153300000000.0,144900000000.0,137100000000.0,82010000000.0,56810000000.0,42550000000.0,10800000000.0
365,12500.0,60.0,8.55e+16,141900000000000.0,18900000000000.0,6497000000000.0,3454000000000.0,2237000000000.0,1654000000000.0,1347000000000.0,1128000000000.0,955500000000.0,821000000000.0,710100000000.0,616200000000.0,536200000000.0,468800000000.0,411300000000.0,361800000000.0,318500000000.0,280800000000.0,248000000000.0,220700000000.0,168200000000.0,131300000000.0,104100000000.0,83990000000.0,69440000000.0,58260000000.0,49570000000.0,42790000000.0,37500000000.0,33270000000.0,29680000000.0,26810000000.0,24420000000.0,22400000000.0,20630000000.0,18990000000.0,17690000000.0,16540000000.0,15520000000.0,14530000000.0,13750000000.0,13060000000.0,12440000000.0,11800000000.0,11280000000.0,10800000000.0,10360000000.0,9880000000.0,9139000000.0,8437000000.0,7817000000.0,7311000000.0,6828000000.0,6394000000.0,6008000000.0,5677000000.0,5361000000.0,5073000000.0,4815000000.0,4575000000.0,4178000000.0,3834000000.0,3531000000.0,3266000000.0,3035000000.0,1623000000.0,1015000000.0,709200000.0,193600000.0
366,2500.0,90.0,777400000000000.0,67530000000000.0,40370000000000.0,29480000000000.0,22890000000000.0,17950000000000.0,14590000000000.0,12600000000000.0,11160000000000.0,10040000000000.0,9163000000000.0,8404000000000.0,7739000000000.0,7155000000000.0,6637000000000.0,6178000000000.0,5781000000000.0,5429000000000.0,5117000000000.0,4840000000000.0,4600000000000.0,4133000000000.0,3791000000000.0,3502000000000.0,3257000000000.0,3059000000000.0,2896000000000.0,2748000000000.0,2618000000000.0,2505000000000.0,2413000000000.0,2333000000000.0,2258000000000.0,2186000000000.0,2120000000000.0,2056000000000.0,1996000000000.0,1942000000000.0,1890000000000.0,1841000000000.0,1795000000000.0,1752000000000.0,1712000000000.0,1675000000000.0,1641000000000.0,1607000000000.0,1574000000000.0,1543000000000.0,1512000000000.0,1455000000000.0,1402000000000.0,1352000000000.0,1305000000000.0,1261000000000.0,1220000000000.0,1184000000000.0,1150000000000.0,1120000000000.0,1092000000000.0,1066000000000.0,1044000000000.0,1007000000000.0,972300000000.0,940000000000.0,909500000000.0,880600000000.0,652400000000.0,521400000000.0,435600000000.0,205300000000.0
367,2500.0,80.0,797000000000000.0,68640000000000.0,40990000000000.0,29920000000000.0,23230000000000.0,18210000000000.0,14800000000000.0,12780000000000.0,11320000000000.0,10180000000000.0,9296000000000.0,8526000000000.0,7851000000000.0,7258000000000.0,6733000000000.0,6268000000000.0,5865000000000.0,5508000000000.0,5191000000000.0,4911000000000.0,4667000000000.0,4193000000000.0,3847000000000.0,3553000000000.0,3305000000000.0,3104000000000.0,2939000000000.0,2788000000000.0,2657000000000.0,2542000000000.0,2449000000000.0,2368000000000.0,2291000000000.0,2219000000000.0,2151000000000.0,2087000000000.0,2026000000000.0,1971000000000.0,1919000000000.0,1869000000000.0,1822000000000.0,1778000000000.0,1739000000000.0,1701000000000.0,1666000000000.0,1632000000000.0,1599000000000.0,1567000000000.0,1535000000000.0,1478000000000.0,1424000000000.0,1373000000000.0,1325000000000.0,1280000000000.0,1239000000000.0,1202000000000.0,1168000000000.0,1137000000000.0,1109000000000.0,1083000000000.0,1060000000000.0,1023000000000.0,987400000000.0,954500000000.0,923500000000.0,894200000000.0,662300000000.0,529300000000.0,442200000000.0,208400000000.0
368,12500.0,70.0,7.824e+16,130400000000000.0,17390000000000.0,5976000000000.0,3176000000000.0,2058000000000.0,1520000000000.0,1238000000000.0,1038000000000.0,880000000000.0,757100000000.0,655800000000.0,569900000000.0,496800000000.0,435300000000.0,382800000000.0,337500000000.0,297900000000.0,263300000000.0,233300000000.0,208100000000.0,159900000000.0,125800000000.0,100600000000.0,81860000000.0,68220000000.0,57720000000.0,49490000000.0,43040000000.0,37960000000.0,33880000000.0,30420000000.0,27620000000.0,25270000000.0,23270000000.0,21510000000.0,19880000000.0,18570000000.0,17410000000.0,16370000000.0,15360000000.0,14560000000.0,13850000000.0,13200000000.0,12550000000.0,12010000000.0,11510000000.0,11040000000.0,10550000000.0,9766000000.0,9031000000.0,8379000000.0,7842000000.0,7335000000.0,6877000000.0,6468000000.0,6114000000.0,5778000000.0,5471000000.0,5195000000.0,4938000000.0,4511000000.0,4139000000.0,3812000000.0,3526000000.0,3275000000.0,1755000000.0,1096000000.0,764800000.0,209300000.0
369,7000.0,20.0,9.599e+16,3312000000000000.0,807600000000000.0,323200000000000.0,161900000000000.0,86250000000000.0,50840000000000.0,36000000000000.0,27400000000000.0,21490000000000.0,17460000000000.0,14320000000000.0,11850000000000.0,9882000000000.0,8287000000000.0,7007000000000.0,5992000000000.0,5173000000000.0,4510000000000.0,3967000000000.0,3534000000000.0,2801000000000.0,2354000000000.0,2009000000000.0,1742000000000.0,1545000000000.0,1396000000000.0,1270000000000.0,1168000000000.0,1087000000000.0,1028000000000.0,982000000000.0,939300000000.0,899800000000.0,863900000000.0,830000000000.0,798000000000.0,768700000000.0,741000000000.0,713400000000.0,687800000000.0,664100000000.0,642700000000.0,622700000000.0,603500000000.0,585100000000.0,567500000000.0,550600000000.0,533700000000.0,502300000000.0,472700000000.0,444700000000.0,419800000000.0,396700000000.0,375600000000.0,356400000000.0,339000000000.0,324000000000.0,310300000000.0,297900000000.0,286900000000.0,269500000000.0,253700000000.0,239200000000.0,226000000000.0,214000000000.0,129500000000.0,89670000000.0,67210000000.0,17110000000.0
370,4000.0,0.0,5058000000000000.0,996100000000000.0,563800000000000.0,368400000000000.0,255000000000000.0,184500000000000.0,142000000000000.0,120400000000000.0,105500000000000.0,93760000000000.0,84510000000000.0,76420000000000.0,69260000000000.0,62810000000000.0,56870000000000.0,51660000000000.0,47190000000000.0,43280000000000.0,39870000000000.0,36870000000000.0,34300000000000.0,29270000000000.0,25680000000000.0,22770000000000.0,20410000000000.0,18580000000000.0,17130000000000.0,15850000000000.0,14780000000000.0,13880000000000.0,13170000000000.0,12590000000000.0,12040000000000.0,11540000000000.0,11090000000000.0,10660000000000.0,10250000000000.0,9885000000000.0,9538000000000.0,9197000000000.0,8883000000000.0,8592000000000.0,8331000000000.0,8088000000000.0,7854000000000.0,7632000000000.0,7418000000000.0,7214000000000.0,7012000000000.0,6637000000000.0,6285000000000.0,5957000000000.0,5672000000000.0,5413000000000.0,5174000000000.0,4958000000000.0,4763000000000.0,4596000000000.0,4445000000000.0,4310000000000.0,4194000000000.0,4015000000000.0,3851000000000.0,3696000000000.0,3552000000000.0,3419000000000.0,2436000000000.0,1878000000000.0,1517000000000.0,589600000000.0
371,1800.0,50.0,339300000000000.0,27230000000000.0,16270000000000.0,12030000000000.0,9535000000000.0,7740000000000.0,6497000000000.0,5733000000000.0,5170000000000.0,4725000000000.0,4379000000000.0,4077000000000.0,3810000000000.0,3575000000000.0,3366000000000.0,3180000000000.0,3017000000000.0,2872000000000.0,2743000000000.0,2627000000000.0,2527000000000.0,2331000000000.0,2188000000000.0,2063000000000.0,1956000000000.0,1868000000000.0,1796000000000.0,1728000000000.0,1668000000000.0,1615000000000.0,1571000000000.0,1533000000000.0,1497000000000.0,1462000000000.0,1428000000000.0,1396000000000.0,1366000000000.0,1338000000000.0,1311000000000.0,1285000000000.0,1261000000000.0,1237000000000.0,1216000000000.0,1196000000000.0,1177000000000.0,1158000000000.0,1140000000000.0,1122000000000.0,1104000000000.0,1072000000000.0,1041000000000.0,1010000000000.0,982100000000.0,955200000000.0,929900000000.0,906600000000.0,884700000000.0,864600000000.0,845600000000.0,828000000000.0,811700000000.0,783700000000.0,756900000000.0,732000000000.0,708400000000.0,686000000000.0,507600000000.0,406400000000.0,341200000000.0,169400000000.0
372,384399.0,20.0,5767000000000.0,2093000000000.0,1003000000000.0,668300000000.0,502000000000.0,402700000000.0,333500000000.0,284300000000.0,247500000000.0,218900000000.0,196900000000.0,178300000000.0,162500000000.0,149000000000.0,138000000000.0,128200000000.0,119500000000.0,111700000000.0,104600000000.0,98190000000.0,92520000000.0,80920000000.0,71910000000.0,64360000000.0,57970000000.0,52760000000.0,48450000000.0,44620000000.0,41270000000.0,38330000000.0,35840000000.0,33650000000.0,31630000000.0,29800000000.0,28140000000.0,26600000000.0,25160000000.0,23870000000.0,22670000000.0,21570000000.0,20560000000.0,19640000000.0,18820000000.0,18060000000.0,17360000000.0,16690000000.0,16060000000.0,15450000000.0,14890000000.0,13850000000.0,12920000000.0,12090000000.0,11360000000.0,10710000000.0,10120000000.0,9573000000.0,9071000000.0,8607000000.0,8177000000.0,7785000000.0,7424000000.0,6791000000.0,6235000000.0,5745000000.0,5313000000.0,4934000000.0,2698000000.0,1687000000.0,1174000000.0,333900000.0
373,1500.0,60.0,163200000000000.0,11980000000000.0,7035000000000.0,5160000000000.0,4081000000000.0,3335000000000.0,2823000000000.0,2506000000000.0,2271000000000.0,2085000000000.0,1940000000000.0,1813000000000.0,1701000000000.0,1602000000000.0,1514000000000.0,1435000000000.0,1366000000000.0,1305000000000.0,1250000000000.0,1202000000000.0,1159000000000.0,1077000000000.0,1018000000000.0,966300000000.0,921600000000.0,884800000000.0,854200000000.0,825700000000.0,800100000000.0,777700000000.0,758900000000.0,742400000000.0,726600000000.0,711400000000.0,696900000000.0,682900000000.0,669400000000.0,657100000000.0,645200000000.0,633500000000.0,622600000000.0,612200000000.0,602700000000.0,593600000000.0,584800000000.0,576300000000.0,568000000000.0,559800000000.0,551800000000.0,536700000000.0,522300000000.0,508300000000.0,495100000000.0,482500000000.0,470600000000.0,459500000000.0,449000000000.0,439200000000.0,430000000000.0,421300000000.0,413200000000.0,398900000000.0,385200000000.0,372500000000.0,360500000000.0,349000000000.0,257500000000.0,205700000000.0,172500000000.0,86150000000.0
374,1000.0,90.0,21160000000000.0,2499000000000.0,1396000000000.0,964900000000.0,730300000000.0,593000000000.0,504400000000.0,451900000000.0,413800000000.0,383600000000.0,360100000000.0,339600000000.0,321500000000.0,305500000000.0,291300000000.0,278600000000.0,267500000000.0,257600000000.0,248600000000.0,240700000000.0,233700000000.0,220300000000.0,210400000000.0,201800000000.0,194100000000.0,187800000000.0,182400000000.0,177300000000.0,172600000000.0,168400000000.0,164800000000.0,161600000000.0,158500000000.0,155500000000.0,152600000000.0,149800000000.0,147100000000.0,144600000000.0,142200000000.0,139900000000.0,137600000000.0,135500000000.0,133500000000.0,131700000000.0,129800000000.0,128100000000.0,126300000000.0,124600000000.0,122900000000.0,119700000000.0,116600000000.0,113500000000.0,110600000000.0,107800000000.0,105200000000.0,102700000000.0,100300000000.0,98060000000.0,95930000000.0,93920000000.0,92010000000.0,88580000000.0,85310000000.0,82270000000.0,79410000000.0,76690000000.0,55260000000.0,43410000000.0,36000000000.0,17620000000.0
375,17500.0,20.0,6.702e+16,26590000000000.0,9382000000000.0,7301000000000.0,6005000000000.0,5041000000000.0,4273000000000.0,3616000000000.0,3063000000000.0,2603000000000.0,2231000000000.0,1921000000000.0,1655000000000.0,1425000000000.0,1229000000000.0,1063000000000.0,919400000000.0,794600000000.0,686100000000.0,592900000000.0,515400000000.0,367600000000.0,265800000000.0,194200000000.0,143900000000.0,109000000000.0,83160000000.0,64030000000.0,49920000000.0,39480000000.0,31360000000.0,24810000000.0,19920000000.0,16160000000.0,13180000000.0,10770000000.0,8698000000.0,7233000000.0,6041000000.0,5071000000.0,4146000000.0,3543000000.0,3046000000.0,2635000000.0,2178000000.0,1918000000.0,1703000000.0,1525000000.0,1274000000.0,1054000000.0,810100000.0,625600000.0,541800000.0,422700000.0,329700000.0,258000000.0,232000000.0,183400000.0,145100000.0,115100000.0,79800000.0,45290000.0,27480000.0,14180000.0,8805000.0,8916000.0,9528000.0,8663000.0,9367000.0,8380000.0
376,25000.0,80.0,931100000000000.0,4321000000000.0,2749000000000.0,2098000000000.0,1676000000000.0,1388000000000.0,1169000000000.0,992900000000.0,849800000000.0,733200000000.0,640200000000.0,562200000000.0,494700000000.0,436500000000.0,386900000000.0,343800000000.0,306300000000.0,273100000000.0,243800000000.0,218200000000.0,196300000000.0,153600000000.0,122700000000.0,99660000000.0,82420000000.0,69750000000.0,60040000000.0,52350000000.0,46260000000.0,41450000000.0,37580000000.0,34340000000.0,31630000000.0,29330000000.0,27340000000.0,25570000000.0,23960000000.0,22580000000.0,21330000000.0,20210000000.0,19170000000.0,18260000000.0,17460000000.0,16730000000.0,16030000000.0,15390000000.0,14790000000.0,14230000000.0,13680000000.0,12710000000.0,11830000000.0,11050000000.0,10380000000.0,9779000000.0,9225000000.0,8721000000.0,8263000000.0,7835000000.0,7440000000.0,7080000000.0,6747000000.0,6168000000.0,5662000000.0,5217000000.0,4825000000.0,4482000000.0,2461000000.0,1546000000.0,1083000000.0,321000000.0
377,1300.0,10.0,32380000000000.0,7852000000000.0,5316000000000.0,4172000000000.0,3499000000000.0,3083000000000.0,2796000000000.0,2615000000000.0,2477000000000.0,2363000000000.0,2271000000000.0,2187000000000.0,2110000000000.0,2036000000000.0,1966000000000.0,1902000000000.0,1845000000000.0,1793000000000.0,1747000000000.0,1704000000000.0,1667000000000.0,1595000000000.0,1543000000000.0,1495000000000.0,1451000000000.0,1415000000000.0,1383000000000.0,1352000000000.0,1324000000000.0,1298000000000.0,1276000000000.0,1256000000000.0,1237000000000.0,1218000000000.0,1200000000000.0,1183000000000.0,1166000000000.0,1150000000000.0,1134000000000.0,1118000000000.0,1103000000000.0,1089000000000.0,1076000000000.0,1063000000000.0,1050000000000.0,1038000000000.0,1025000000000.0,1013000000000.0,1001000000000.0,978500000000.0,956300000000.0,933900000000.0,913100000000.0,893400000000.0,874400000000.0,856500000000.0,839400000000.0,823200000000.0,807700000000.0,792500000000.0,777700000000.0,751200000000.0,726300000000.0,702700000000.0,680500000000.0,659600000000.0,488300000000.0,387200000000.0,323400000000.0,165800000000.0
378,2000.0,70.0,361200000000000.0,31280000000000.0,19310000000000.0,14420000000000.0,11440000000000.0,9239000000000.0,7709000000000.0,6762000000000.0,6066000000000.0,5516000000000.0,5090000000000.0,4719000000000.0,4392000000000.0,4105000000000.0,3850000000000.0,3624000000000.0,3427000000000.0,3251000000000.0,3094000000000.0,2955000000000.0,2833000000000.0,2596000000000.0,2422000000000.0,2272000000000.0,2144000000000.0,2038000000000.0,1951000000000.0,1871000000000.0,1799000000000.0,1737000000000.0,1685000000000.0,1640000000000.0,1597000000000.0,1557000000000.0,1518000000000.0,1481000000000.0,1446000000000.0,1413000000000.0,1383000000000.0,1353000000000.0,1325000000000.0,1299000000000.0,1275000000000.0,1252000000000.0,1230000000000.0,1209000000000.0,1189000000000.0,1169000000000.0,1149000000000.0,1113000000000.0,1079000000000.0,1045000000000.0,1014000000000.0,985100000000.0,957600000000.0,932600000000.0,909100000000.0,887600000000.0,867500000000.0,849000000000.0,832100000000.0,803300000000.0,775900000000.0,750400000000.0,726300000000.0,703400000000.0,521600000000.0,417900000000.0,350800000000.0,172700000000.0
379,700.0,40.0,4859000000000.0,938700000000.0,507500000000.0,336700000000.0,247400000000.0,196800000000.0,166000000000.0,149600000000.0,138200000000.0,129200000000.0,122100000000.0,115900000000.0,110400000000.0,105300000000.0,100800000000.0,96630000000.0,93030000000.0,89820000000.0,86960000000.0,84380000000.0,82160000000.0,77910000000.0,74920000000.0,72190000000.0,69740000000.0,67680000000.0,65900000000.0,64200000000.0,62630000000.0,61220000000.0,60010000000.0,58910000000.0,57860000000.0,56840000000.0,55890000000.0,54960000000.0,54050000000.0,53190000000.0,52350000000.0,51500000000.0,50700000000.0,49930000000.0,49210000000.0,48520000000.0,47850000000.0,47190000000.0,46540000000.0,45900000000.0,45260000000.0,44050000000.0,42870000000.0,41700000000.0,40630000000.0,39600000000.0,38620000000.0,37710000000.0,36840000000.0,36040000000.0,35270000000.0,34550000000.0,33870000000.0,32670000000.0,31560000000.0,30510000000.0,29520000000.0,28600000000.0,21480000000.0,17310000000.0,14610000000.0,7492000000.0
