,Altitude_km,Inclination_deg,F20_B20_umGlass_DDD_MeV_g,F20_B50_umGlass_DDD_MeV_g,F20_B100_umGlass_DDD_MeV_g,F20_B150_umGlass_DDD_MeV_g,F20_B200_umGlass_DDD_MeV_g,F20_B500_umGlass_DDD_MeV_g,F20_B1000_umGlass_DDD_MeV_g,F20_B2000_umGlass_DDD_MeV_g,F20_Binf_umGlass_DDD_MeV_g,F50_B20_umGlass_DDD_MeV_g,F50_B50_umGlass_DDD_MeV_g,F50_B100_umGlass_DDD_MeV_g,F50_B150_umGlass_DDD_MeV_g,F50_B200_umGlass_DDD_MeV_g,F50_B500_umGlass_DDD_MeV_g,F50_B1000_umGlass_DDD_MeV_g,F50_B2000_umGlass_DDD_MeV_g,F50_Binf_umGlass_DDD_MeV_g,F100_B20_umGlass_DDD_MeV_g,F100_B50_umGlass_DDD_MeV_g,F100_B100_umGlass_DDD_MeV_g,F100_B150_umGlass_DDD_MeV_g,F100_B200_umGlass_DDD_MeV_g,F100_B500_umGlass_DDD_MeV_g,F100_B1000_umGlass_DDD_MeV_g,F100_B2000_umGlass_DDD_MeV_g,F100_Binf_umGlass_DDD_MeV_g,F150_B20_umGlass_DDD_MeV_g,F150_B50_umGlass_DDD_MeV_g,F150_B100_umGlass_DDD_MeV_g,F150_B150_umGlass_DDD_MeV_g,F150_B200_umGlass_DDD_MeV_g,F150_B500_umGlass_DDD_MeV_g,F150_B1000_umGlass_DDD_MeV_g,F150_B2000_umGlass_DDD_MeV_g,F150_Binf_umGlass_DDD_MeV_g,F200_B20_umGlass_DDD_MeV_g,F200_B50_umGlass_DDD_MeV_g,F200_B100_umGlass_DDD_MeV_g,F200_B150_umGlass_DDD_MeV_g,F200_B200_umGlass_DDD_MeV_g,F200_B500_umGlass_DDD_MeV_g,F200_B1000_umGlass_DDD_MeV_g,F200_B2000_umGlass_DDD_MeV_g,F200_Binf_umGlass_DDD_MeV_g,F500_B20_umGlass_DDD_MeV_g,F500_B50_umGlass_DDD_MeV_g,F500_B100_umGlass_DDD_MeV_g,F500_B150_umGlass_DDD_MeV_g,F500_B200_umGlass_DDD_MeV_g,F500_B500_umGlass_DDD_MeV_g,F500_B1000_umGlass_DDD_MeV_g,F500_B2000_umGlass_DDD_MeV_g,F500_Binf_umGlass_DDD_MeV_g,F1000_B20_umGlass_DDD_MeV_g,F1000_B50_umGlass_DDD_MeV_g,F1000_B100_umGlass_DDD_MeV_g,F1000_B150_umGlass_DDD_MeV_g,F1000_B200_umGlass_DDD_MeV_g,F1000_B500_umGlass_DDD_MeV_g,F1000_B1000_umGlass_DDD_MeV_g,F1000_B2000_umGlass_DDD_MeV_g,F1000_Binf_umGlass_DDD_MeV_g,F2000_B20_umGlass_DDD_MeV_g,F2000_B50_umGlass_DDD_MeV_g,F2000_B100_umGlass_DDD_MeV_g,F2000_B150_umGlass_DDD_MeV_g,F2000_B200_umGlass_DDD_MeV_g,F2000_B500_umGlass_DDD_MeV_g,F2000_B1000_umGlass_DDD_MeV_g,F2000_B2000_umGlass_DDD_MeV_g,F2000_Binf_umGlass_DDD_MeV_g
0,200,0,0.0000000000e+00,0.0000000000e+00,0.0000000000e+00,0.0000000000e+00,0.0000000000e+00,0.0000000000e+00,0.0000000000e+00,0.0000000000e+00,0.0000000000e+00,0.0000000000e+00,0.0000000000e+00,0.0000000000e+00,0.0000000000e+00,0.0000000000e+00,0.0000000000e+00,0.0000000000e+00,0.0000000000e+00,0.0000000000e+00,0.0000000000e+00,0.0000000000e+00,0.0000000000e+00,0.0000000000e+00,0.0000000000e+00,0.0000000000e+00,0.0000000000e+00,0.0000000000e+00,0.0000000000e+00,0.0000000000e+00,0.0000000000e+00,0.0000000000e+00,0.0000000000e+00,0.0000000000e+00,0.0000000000e+00,0.0000000000e+00,0.0000000000e+00,0.0000000000e+00,0.0000000000e+00,0.0000000000e+00,0.0000000000e+00,0.0000000000e+00,0.0000000000e+00,0.0000000000e+00,0.0000000000e+00,0.0000000000e+00,0.0000000000e+00,0.0000000000e+00,0.0000000000e+00,0.0000000000e+00,0.0000000000e+00,0.0000000000e+00,0.0000000000e+00,0.0000000000e+00,0.0000000000e+00,0.0000000000e+00,0.0000000000e+00,0.0000000000e+00,0.0000000000e+00,0.0000000000e+00,0.0000000000e+00,0.0000000000e+00,0.0000000000e+00,0.0000000000e+00,0.0000000000e+00,0.0000000000e+00,0.0000000000e+00,0.0000000000e+00,0.0000000000e+00,0.0000000000e+00,0.0000000000e+00,0.0000000000e+00,0.0000000000e+00,0.0000000000e+00
1,200,10,0.0000000000e+00,0.0000000000e+00,0.0000000000e+00,0.0000000000e+00,0.0000000000e+00,0.0000000000e+00,0.0000000000e+00,0.0000000000e+00,0.0000000000e+00,0.0000000000e+00,0.0000000000e+00,0.0000000000e+00,0.0000000000e+00,0.0000000000e+00,0.0000000000e+00,0.0000000000e+00,0.0000000000e+00,0.0000000000e+00,0.0000000000e+00,0.0000000000e+00,0.0000000000e+00,0.0000000000e+00,0.0000000000e+00,0.0000000000e+00,0.0000000000e+00,0.0000000000e+00,0.0000000000e+00,0.0000000000e+00,0.0000000000e+00,0.0000000000e+00,0.0000000000e+00,0.0000000000e+00,0.0000000000e+00,0.0000000000e+00,0.0000000000e+00,0.0000000000e+00,0.0000000000e+00,0.0000000000e+00,0.0000000000e+00,0.0000000000e+00,0.0000000000e+00,0.0000000000e+00,0.0000000000e+00,0.0000000000e+00,0.0000000000e+00,0.0000000000e+00,0.0000000000e+00,0.0000000000e+00,0.0000000000e+00,0.0000000000e+00,0.0000000000e+00,0.0000000000e+00,0.0000000000e+00,0.0000000000e+00,0.0000000000e+00,0.0000000000e+00,0.0000000000e+00,0.0000000000e+00,0.0000000000e+00,0.0000000000e+00,0.0000000000e+00,0.0000000000e+00,0.0000000000e+00,0.0000000000e+00,0.0000000000e+00,0.0000000000e+00,0.0000000000e+00,0.0000000000e+00,0.0000000000e+00,0.0000000000e+00,0.0000000000e+00,0.0000000000e+00
2,200,20,3.6230568637e+02,3.5054146895e+02,3.3654915760e+02,3.2604221934e+02,3.1759083037e+02,2.8629978433e+02,2.5950421042e+02,2.3054563273e+02,1.8115284318e+02,3.5054146895e+02,3.3877725153e+02,3.2478494018e+02,3.1427800192e+02,3.0582661295e+02,2.7453556691e+02,2.4773999300e+02,2.1878141531e+02,1.6938862576e+02,3.3654915760e+02,3.2478494018e+02,3.1079262884e+02,3.0028569057e+02,2.9183430160e+02,2.6054325556e+02,2.3374768165e+02,2.0478910396e+02,1.5539631442e+02,3.2604221934e+02,3.1427800192e+02,3.0028569057e+02,2.8977875231e+02,2.8132736334e+02,2.5003631730e+02,2.2324074339e+02,1.9428216570e+02,1.4488937615e+02,3.1759083037e+02,3.0582661295e+02,2.9183430160e+02,2.8132736334e+02,2.7287597437e+02,2.4158492833e+02,2.1478935442e+02,1.8583077673e+02,1.3643798719e+02,2.8629978433e+02,2.7453556691e+02,2.6054325556e+02,2.5003631730e+02,2.4158492833e+02,2.1029388229e+02,1.8349830838e+02,1.5453973069e+02,1.0514694115e+02,2.5950421042e+02,2.4773999300e+02,2.3374768165e+02,2.2324074339e+02,2.1478935442e+02,1.8349830838e+02,1.5670273447e+02,1.2774415678e+02,7.8351367237e+01,2.3054563273e+02,2.1878141531e+02,2.0478910396e+02,1.9428216570e+02,1.8583077673e+02,1.5453973069e+02,1.2774415678e+02,9.8785579085e+01,4.9392789543e+01
3,200,30,2.0827661995e+05,1.9112446460e+05,1.8225730817e+05,1.7661764201e+05,1.7252120951e+05,1.6046265246e+05,1.5464639989e+05,1.4853900077e+05,1.0413830997e+05,1.9112446460e+05,1.7397230925e+05,1.6510515283e+05,1.5946548667e+05,1.5536905416e+05,1.4331049712e+05,1.3749424454e+05,1.3138684542e+05,8.6986154626e+04,1.8225730817e+05,1.6510515283e+05,1.5623799640e+05,1.5059833024e+05,1.4650189774e+05,1.3444334069e+05,1.2862708812e+05,1.2251968900e+05,7.8118998200e+04,1.7661764201e+05,1.5946548667e+05,1.5059833024e+05,1.4495866408e+05,1.4086223158e+05,1.2880367453e+05,1.2298742195e+05,1.1688002284e+05,7.2479332040e+04,1.7252120951e+05,1.5536905416e+05,1.4650189774e+05,1.4086223158e+05,1.3676579908e+05,1.2470724203e+05,1.1889098945e+05,1.1278359033e+05,6.8382899538e+04,1.6046265246e+05,1.4331049712e+05,1.3444334069e+05,1.2880367453e+05,1.2470724203e+05,1.1264868498e+05,1.0683243241e+05,1.0072503329e+05,5.6324342492e+04,1.5464639989e+05,1.3749424454e+05,1.2862708812e+05,1.2298742195e+05,1.1889098945e+05,1.0683243241e+05,1.0101617983e+05,9.4908780711e+04,5.0508089915e+04,1.4853900077e+05,1.3138684542e+05,1.2251968900e+05,1.1688002284e+05,1.1278359033e+05,1.0072503329e+05,9.4908780711e+04,8.8801381593e+04,4.4400690796e+04
4,200,40,6.0644674595e+06,4.8228934552e+06,4.1902712790e+06,3.9577013929e+06,3.8342336057e+06,3.5981788182e+06,3.5187767886e+06,3.4542019900e+06,3.0322337298e+06,4.8228934552e+06,3.5813194509e+06,2.9486972747e+06,2.7161273886e+06,2.5926596014e+06,2.3566048139e+06,2.2772027843e+06,2.2126279857e+06,1.7906597255e+06,4.1902712790e+06,2.9486972747e+06,2.3160750985e+06,2.0835052123e+06,1.9600374252e+06,1.7239826377e+06,1.6445806080e+06,1.5800058095e+06,1.1580375492e+06,3.9577013929e+06,2.7161273886e+06,2.0835052123e+06,1.8509353262e+06,1.7274675391e+06,1.4914127516e+06,1.4120107219e+06,1.3474359233e+06,9.2546766310e+05,3.8342336057e+06,2.5926596014e+06,1.9600374252e+06,1.7274675391e+06,1.6039997519e+06,1.3679449644e+06,1.2885429347e+06,1.2239681362e+06,8.0199987595e+05,3.5981788182e+06,2.3566048139e+06,1.7239826377e+06,1.4914127516e+06,1.3679449644e+06,1.1318901769e+06,1.0524881473e+06,9.8791334868e+05,5.6594508846e+05,3.5187767886e+06,2.2772027843e+06,1.6445806080e+06,1.4120107219e+06,1.2885429347e+06,1.0524881473e+06,9.7308611759e+05,9.0851131902e+05,4.8654305880e+05,3.4542019900e+06,2.2126279857e+06,1.5800058095e+06,1.3474359233e+06,1.2239681362e+06,9.8791334868e+05,9.0851131902e+05,8.4393652045e+05,4.2196826022e+05
5,200,50,4.6905699923e+07,3.2636786896e+07,2.8083950893e+07,2.6643606136e+07,2.5931681936e+07,2.4694899660e+07,2.4230933816e+07,2.3928920567e+07,2.3452849962e+07,3.2636786896e+07,1.8367873868e+07,1.3815037865e+07,1.2374693108e+07,1.1662768909e+07,1.0425986633e+07,9.9620207889e+06,9.6600075397e+06,9.1839369340e+06,2.8083950893e+07,1.3815037865e+07,9.2622018624e+06,7.8218571051e+06,7.1099329058e+06,5.8731506300e+06,5.4091847861e+06,5.1071715369e+06,4.6311009312e+06,2.6643606136e+07,1.2374693108e+07,7.8218571051e+06,6.3815123478e+06,5.6695881485e+06,4.4328058727e+06,3.9688400288e+06,3.6668267796e+06,3.1907561739e+06,2.5931681936e+07,1.1662768909e+07,7.1099329058e+06,5.6695881485e+06,4.9576639491e+06,3.7208816733e+06,3.2569158294e+06,2.9549025803e+06,2.4788319746e+06,2.4694899660e+07,1.0425986633e+07,5.8731506300e+06,4.4328058727e+06,3.7208816733e+06,2.4840993975e+06,2.0201335536e+06,1.7181203045e+06,1.2420496988e+06,2.4230933816e+07,9.9620207889e+06,5.4091847861e+06,3.9688400288e+06,3.2569158294e+06,2.0201335536e+06,1.5561677097e+06,1.2541544606e+06,7.7808385487e+05,2.3928920567e+07,9.6600075397e+06,5.1071715369e+06,3.6668267796e+06,2.9549025803e+06,1.7181203045e+06,1.2541544606e+06,9.5214121145e+05,4.7607060572e+05
6,200,60,1.2303303045e+08,9.0454096532e+07,7.9343435369e+07,7.5442047528e+07,7.3401346325e+07,6.8552438203e+07,6.5834131719e+07,6.3843409988e+07,6.1516515224e+07,9.0454096532e+07,5.7875162616e+07,4.6764501453e+07,4.2863113611e+07,4.0822412408e+07,3.5973504287e+07,3.3255197802e+07,3.1264476071e+07,2.8937581308e+07,7.9343435369e+07,4.6764501453e+07,3.5653840290e+07,3.1752452448e+07,2.9711751245e+07,2.4862843124e+07,2.2144536639e+07,2.0153814908e+07,1.7826920145e+07,7.5442047528e+07,4.2863113611e+07,3.1752452448e+07,2.7851064606e+07,2.5810363403e+07,2.0961455282e+07,1.8243148797e+07,1.6252427067e+07,1.3925532303e+07,7.3401346325e+07,4.0822412408e+07,2.9711751245e+07,2.5810363403e+07,2.3769662200e+07,1.8920754079e+07,1.6202447594e+07,1.4211725864e+07,1.1884831100e+07,6.8552438203e+07,3.5973504287e+07,2.4862843124e+07,2.0961455282e+07,1.8920754079e+07,1.4071845957e+07,1.1353539473e+07,9.3628177421e+06,7.0359229786e+06,6.5834131719e+07,3.3255197802e+07,2.2144536639e+07,1.8243148797e+07,1.6202447594e+07,1.1353539473e+07,8.6352329884e+06,6.6445112577e+06,4.3176164942e+06,6.3843409988e+07,3.1264476071e+07,2.0153814908e+07,1.6252427067e+07,1.4211725864e+07,9.3628177421e+06,6.6445112577e+06,4.6537895270e+06,2.3268947635e+06
7,200,70,2.1980866088e+09,1.5457674438e+09,1.3217011965e+09,1.2466932879e+09,1.2114943797e+09,1.1460206872e+09,1.1223665705e+09,1.1100738518e+09,1.0990433044e+09,1.5457674438e+09,8.9344827886e+08,6.6938203157e+08,5.9437412293e+08,5.5917521476e+08,4.9370152219e+08,4.7004740553e+08,4.5775468679e+08,4.4672413943e+08,1.3217011965e+09,6.6938203157e+08,4.4531578429e+08,3.7030787565e+08,3.3510896748e+08,2.6963527491e+08,2.4598115825e+08,2.3368843951e+08,2.2265789215e+08,1.2466932879e+09,5.9437412293e+08,3.7030787565e+08,2.9529996701e+08,2.6010105884e+08,1.9462736627e+08,1.7097324960e+08,1.5868053087e+08,1.4764998350e+08,1.2114943797e+09,5.5917521476e+08,3.3510896748e+08,2.6010105884e+08,2.2490215067e+08,1.5942845810e+08,1.3577434143e+08,1.2348162269e+08,1.1245107533e+08,1.1460206872e+09,4.9370152219e+08,2.6963527491e+08,1.9462736627e+08,1.5942845810e+08,9.3954765532e+07,7.0300648866e+07,5.8007930128e+07,4.6977382766e+07,1.1223665705e+09,4.7004740553e+08,2.4598115825e+08,1.7097324960e+08,1.3577434143e+08,7.0300648866e+07,4.6646532199e+07,3.4353813462e+07,2.3323266100e+07,1.1100738518e+09,4.5775468679e+08,2.3368843951e+08,1.5868053087e+08,1.2348162269e+08,5.8007930128e+07,3.4353813462e+07,2.2061094724e+07,1.1030547362e+07
8,200,80,2.9424463715e+09,2.0662291774e+09,1.7658310913e+09,1.6654974370e+09,1.6185525035e+09,1.5318374097e+09,1.5010076743e+09,1.4852549401e+09,1.4712231858e+09,2.0662291774e+09,1.1900119833e+09,8.8961389721e+08,7.8928024284e+08,7.4233530937e+08,6.5562021558e+08,6.2479048018e+08,6.0903774602e+08,5.9500599165e+08,1.7658310913e+09,8.8961389721e+08,5.8921581113e+08,4.8888215675e+08,4.4193722329e+08,3.5522212949e+08,3.2439239410e+08,3.0863965994e+08,2.9460790556e+08,1.6654974370e+09,7.8928024284e+08,4.8888215675e+08,3.8854850238e+08,3.4160356891e+08,2.5488847512e+08,2.2405873972e+08,2.0830600556e+08,1.9427425119e+08,1.6185525035e+09,7.4233530937e+08,4.4193722329e+08,3.4160356891e+08,2.9465863544e+08,2.0794354165e+08,1.7711380626e+08,1.6136107209e+08,1.4732931772e+08,1.5318374097e+09,6.5562021558e+08,3.5522212949e+08,2.5488847512e+08,2.0794354165e+08,1.2122844786e+08,9.0398712463e+07,7.4645978298e+07,6.0614223928e+07,1.5010076743e+09,6.2479048018e+08,3.2439239410e+08,2.2405873972e+08,1.7711380626e+08,9.0398712463e+07,5.9568977070e+07,4.3816242905e+07,2.9784488535e+07,1.4852549401e+09,6.0903774602e+08,3.0863965994e+08,2.0830600556e+08,1.6136107209e+08,7.4645978298e+07,4.3816242905e+07,2.8063508741e+07,1.4031754370e+07
9,200,90,3.1551134642e+09,2.2150017821e+09,1.8927516358e+09,1.7851574602e+09,1.7348468006e+09,1.6420547846e+09,1.6091801374e+09,1.5924430622e+09,1.5775567321e+09,2.2150017821e+09,1.2748900999e+09,9.5263995363e+08,8.4504577806e+08,7.9473511837e+08,7.0194310243e+08,6.6906845519e+08,6.5233138003e+08,6.3744504993e+08,1.8927516358e+09,9.5263995363e+08,6.3038980740e+08,5.2279563183e+08,4.7248497214e+08,3.7969295620e+08,3.4681830896e+08,3.3008123380e+08,3.1519490370e+08,1.7851574602e+09,8.4504577806e+08,5.2279563183e+08,4.1520145626e+08,3.6489079657e+08,2.7209878063e+08,2.3922413339e+08,2.2248705823e+08,2.0760072813e+08,1.7348468006e+09,7.9473511837e+08,4.7248497214e+08,3.6489079657e+08,3.1458013687e+08,2.2178812094e+08,1.8891347370e+08,1.7217639854e+08,1.5729006844e+08,1.6420547846e+09,7.0194310243e+08,3.7969295620e+08,2.7209878063e+08,2.2178812094e+08,1.2899610500e+08,9.6121457761e+07,7.9384382602e+07,6.4498052500e+07,1.6091801374e+09,6.6906845519e+08,3.4681830896e+08,2.3922413339e+08,1.8891347370e+08,9.6121457761e+07,6.3246810522e+07,4.6509735364e+07,3.1623405261e+07,1.5924430622e+09,6.5233138003e+08,3.3008123380e+08,2.2248705823e+08,1.7217639854e+08,7.9384382602e+07,4.6509735364e+07,2.9772660205e+07,1.4886330102e+07
10,300,0,0.0000000000e+00,0.0000000000e+00,0.0000000000e+00,0.0000000000e+00,0.0000000000e+00,0.0000000000e+00,0.0000000000e+00,0.0000000000e+00,0.0000000000e+00,0.0000000000e+00,0.0000000000e+00,0.0000000000e+00,0.0000000000e+00,0.0000000000e+00,0.0000000000e+00,0.0000000000e+00,0.0000000000e+00,0.0000000000e+00,0.0000000000e+00,0.0000000000e+00,0.0000000000e+00,0.0000000000e+00,0.0000000000e+00,0.0000000000e+00,0.0000000000e+00,0.0000000000e+00,0.0000000000e+00,0.0000000000e+00,0.0000000000e+00,0.0000000000e+00,0.0000000000e+00,0.0000000000e+00,0.0000000000e+00,0.0000000000e+00,0.0000000000e+00,0.0000000000e+00,0.0000000000e+00,0.0000000000e+00,0.0000000000e+00,0.0000000000e+00,0.0000000000e+00,0.0000000000e+00,0.0000000000e+00,0.0000000000e+00,0.0000000000e+00,0.0000000000e+00,0.0000000000e+00,0.0000000000e+00,0.0000000000e+00,0.0000000000e+00,0.0000000000e+00,0.0000000000e+00,0.0000000000e+00,0.0000000000e+00,0.0000000000e+00,0.0000000000e+00,0.0000000000e+00,0.0000000000e+00,0.0000000000e+00,0.0000000000e+00,0.0000000000e+00,0.0000000000e+00,0.0000000000e+00,0.0000000000e+00,0.0000000000e+00,0.0000000000e+00,0.0000000000e+00,0.0000000000e+00,0.0000000000e+00,0.0000000000e+00,0.0000000000e+00,0.0000000000e+00
11,300,10,1.5005295522e+02,1.4746366666e+02,1.4408474889e+02,1.4130325784e+02,1.3889301506e+02,1.2833975194e+02,1.1712464027e+02,1.0287889088e+02,7.5026477612e+01,1.4746366666e+02,1.4487437809e+02,1.4149546032e+02,1.3871396927e+02,1.3630372649e+02,1.2575046337e+02,1.1453535170e+02,1.0028960231e+02,7.2437189045e+01,1.4408474889e+02,1.4149546032e+02,1.3811654256e+02,1.3533505151e+02,1.3292480873e+02,1.2237154560e+02,1.1115643394e+02,9.6910684547e+01,6.9058271280e+01,1.4130325784e+02,1.3871396927e+02,1.3533505151e+02,1.3255356045e+02,1.3014331767e+02,1.1959005455e+02,1.0837494289e+02,9.4129193494e+01,6.6276780227e+01,1.3889301506e+02,1.3630372649e+02,1.3292480873e+02,1.3014331767e+02,1.2773307489e+02,1.1717981177e+02,1.0596470011e+02,9.1718950714e+01,6.3866537446e+01,1.2833975194e+02,1.2575046337e+02,1.2237154560e+02,1.1959005455e+02,1.1717981177e+02,1.0662654865e+02,9.5411436984e+01,8.1165687591e+01,5.3313274324e+01,1.1712464027e+02,1.1453535170e+02,1.1115643394e+02,1.0837494289e+02,1.0596470011e+02,9.5411436984e+01,8.4196325320e+01,6.9950575928e+01,4.2098162660e+01,1.0287889088e+02,1.0028960231e+02,9.6910684547e+01,9.4129193494e+01,9.1718950714e+01,8.1165687591e+01,6.9950575928e+01,5.5704826535e+01,2.7852413268e+01
12,300,20,1.1027288661e+05,9.5224556031e+04,8.7814437066e+04,8.4697793691e+04,8.2932408557e+04,7.5147519055e+04,6.8968626460e+04,6.3747734474e+04,5.5136443305e+04,9.5224556031e+04,8.0176225453e+04,7.2766106488e+04,6.9649463113e+04,6.7884077979e+04,6.0099188477e+04,5.3920295882e+04,4.8699403896e+04,4.0088112727e+04,8.7814437066e+04,7.2766106488e+04,6.5355987523e+04,6.2239344148e+04,6.0473959014e+04,5.2689069512e+04,4.6510176917e+04,4.1289284931e+04,3.2677993762e+04,8.4697793691e+04,6.9649463113e+04,6.2239344148e+04,5.9122700772e+04,5.7357315639e+04,4.9572426136e+04,4.3393533541e+04,3.8172641556e+04,2.9561350386e+04,8.2932408557e+04,6.7884077979e+04,6.0473959014e+04,5.7357315639e+04,5.5591930505e+04,4.7807041003e+04,4.1628148408e+04,3.6407256422e+04,2.7795965253e+04,7.5147519055e+04,6.0099188477e+04,5.2689069512e+04,4.9572426136e+04,4.7807041003e+04,4.0022151500e+04,3.3843258905e+04,2.8622366919e+04,2.0011075750e+04,6.8968626460e+04,5.3920295882e+04,4.6510176917e+04,4.3393533541e+04,4.1628148408e+04,3.3843258905e+04,2.7664366310e+04,2.2443474325e+04,1.3832183155e+04,6.3747734474e+04,4.8699403896e+04,4.1289284931e+04,3.8172641556e+04,3.6407256422e+04,2.8622366919e+04,2.2443474325e+04,1.7222582339e+04,8.6112911694e+03
13,300,30,2.2578555868e+06,2.1258175765e+06,2.0431538580e+06,1.9954675213e+06,1.9620166255e+06,1.8492222758e+06,1.7867004675e+06,1.7116580413e+06,1.1289277934e+06,2.1258175765e+06,1.9937795661e+06,1.9111158476e+06,1.8634295109e+06,1.8299786152e+06,1.7171842654e+06,1.6546624571e+06,1.5796200310e+06,9.9688978306e+05,2.0431538580e+06,1.9111158476e+06,1.8284521291e+06,1.7807657924e+06,1.7473148967e+06,1.6345205469e+06,1.5719987386e+06,1.4969563125e+06,9.1422606455e+05,1.9954675213e+06,1.8634295109e+06,1.7807657924e+06,1.7330794558e+06,1.6996285600e+06,1.5868342102e+06,1.5243124020e+06,1.4492699758e+06,8.6653972789e+05,1.9620166255e+06,1.8299786152e+06,1.7473148967e+06,1.6996285600e+06,1.6661776642e+06,1.5533833145e+06,1.4908615062e+06,1.4158190800e+06,8.3308883211e+05,1.8492222758e+06,1.7171842654e+06,1.6345205469e+06,1.5868342102e+06,1.5533833145e+06,1.4405889647e+06,1.3780671564e+06,1.3030247302e+06,7.2029448234e+05,1.7867004675e+06,1.6546624571e+06,1.5719987386e+06,1.5243124020e+06,1.4908615062e+06,1.3780671564e+06,1.3155453481e+06,1.2405029220e+06,6.5777267407e+05,1.7116580413e+06,1.5796200310e+06,1.4969563125e+06,1.4492699758e+06,1.4158190800e+06,1.3030247302e+06,1.2405029220e+06,1.1654604958e+06,5.8273024790e+05
14,300,40,3.4438856684e+07,2.7401989262e+07,2.3808941476e+07,2.2451248565e+07,2.1722324628e+07,2.0324356992e+07,1.9823072490e+07,1.9422095969e+07,1.7219428342e+07,2.7401989262e+07,2.0365121840e+07,1.6772074054e+07,1.5414381143e+07,1.4685457205e+07,1.3287489570e+07,1.2786205068e+07,1.2385228547e+07,1.0182560920e+07,2.3808941476e+07,1.6772074054e+07,1.3179026268e+07,1.1821333357e+07,1.1092409419e+07,9.6944417839e+06,9.1931572819e+06,8.7921807611e+06,6.5895131339e+06,2.2451248565e+07,1.5414381143e+07,1.1821333357e+07,1.0463640446e+07,9.7347165087e+06,8.3367488732e+06,7.8354643712e+06,7.4344878504e+06,5.2318202231e+06,2.1722324628e+07,1.4685457205e+07,1.1092409419e+07,9.7347165087e+06,9.0057925710e+06,7.6078249356e+06,7.1065404336e+06,6.7055639128e+06,4.5028962855e+06,2.0324356992e+07,1.3287489570e+07,9.6944417839e+06,8.3367488732e+06,7.6078249356e+06,6.2098573002e+06,5.7085727982e+06,5.3075962774e+06,3.1049286501e+06,1.9823072490e+07,1.2786205068e+07,9.1931572819e+06,7.8354643712e+06,7.1065404336e+06,5.7085727982e+06,5.2072882961e+06,4.8063117753e+06,2.6036441481e+06,1.9422095969e+07,1.2385228547e+07,8.7921807611e+06,7.4344878504e+06,6.7055639128e+06,5.3075962774e+06,4.8063117753e+06,4.4053352545e+06,2.2026676273e+06
15,300,50,1.9742534312e+08,1.3464397283e+08,1.1540787419e+08,1.0966573654e+08,1.0694262028e+08,1.0259499985e+08,1.0127512328e+08,1.0047601721e+08,9.8712671560e+07,1.3464397283e+08,7.1862602536e+07,5.2626503900e+07,4.6884366250e+07,4.4161249991e+07,3.9813629562e+07,3.8493752989e+07,3.7694646918e+07,3.5931301268e+07,1.1540787419e+08,5.2626503900e+07,3.3390405265e+07,2.7648267614e+07,2.4925151356e+07,2.0577530927e+07,1.9257654354e+07,1.8458548282e+07,1.6695202633e+07,1.0966573654e+08,4.6884366250e+07,2.7648267614e+07,2.1906129964e+07,1.9183013705e+07,1.4835393276e+07,1.3515516703e+07,1.2716410632e+07,1.0953064982e+07,1.0694262028e+08,4.4161249991e+07,2.4925151356e+07,1.9183013705e+07,1.6459897446e+07,1.2112277018e+07,1.0792400444e+07,9.9932943728e+06,8.2299487230e+06,1.0259499985e+08,3.9813629562e+07,2.0577530927e+07,1.4835393276e+07,1.2112277018e+07,7.7646565890e+06,6.4447800160e+06,5.6456739443e+06,3.8823282945e+06,1.0127512328e+08,3.8493752989e+07,1.9257654354e+07,1.3515516703e+07,1.0792400444e+07,6.4447800160e+06,5.1249034429e+06,4.3257973713e+06,2.5624517215e+06,1.0047601721e+08,3.7694646918e+07,1.8458548282e+07,1.2716410632e+07,9.9932943728e+06,5.6456739443e+06,4.3257973713e+06,3.5266912996e+06,1.7633456498e+06
16,300,60,2.2370703703e+08,1.5827941106e+08,1.3854315543e+08,1.3212899275e+08,1.2886890375e+08,1.2173505448e+08,1.1807080128e+08,1.1542079371e+08,1.1185351851e+08,1.5827941106e+08,9.2851785093e+07,7.3115529461e+07,6.6701366782e+07,6.3441277785e+07,5.6307428514e+07,5.2643175315e+07,4.9993167746e+07,4.6425892546e+07,1.3854315543e+08,7.3115529461e+07,5.3379273830e+07,4.6965111150e+07,4.3705022153e+07,3.6571172883e+07,3.2906919683e+07,3.0256912114e+07,2.6689636915e+07,1.3212899275e+08,6.6701366782e+07,4.6965111150e+07,4.0550948471e+07,3.7290859474e+07,3.0157010203e+07,2.6492757004e+07,2.3842749435e+07,2.0275474235e+07,1.2886890375e+08,6.3441277785e+07,4.3705022153e+07,3.7290859474e+07,3.4030770477e+07,2.6896921206e+07,2.3232668007e+07,2.0582660438e+07,1.7015385239e+07,1.2173505448e+08,5.6307428514e+07,3.6571172883e+07,3.0157010203e+07,2.6896921206e+07,1.9763071936e+07,1.6098818737e+07,1.3448811167e+07,9.8815359679e+06,1.1807080128e+08,5.2643175315e+07,3.2906919683e+07,2.6492757004e+07,2.3232668007e+07,1.6098818737e+07,1.2434565537e+07,9.7845579680e+06,6.2172827686e+06,1.1542079371e+08,4.9993167746e+07,3.0256912114e+07,2.3842749435e+07,2.0582660438e+07,1.3448811167e+07,9.7845579680e+06,7.1345503989e+06,3.5672751994e+06
17,300,70,2.3947144764e+09,1.6821933962e+09,1.4390760517e+09,1.3579646337e+09,1.3198612727e+09,1.2490212334e+09,1.2233744074e+09,1.2099327014e+09,1.1973572382e+09,1.6821933962e+09,9.6967231594e+08,7.2655497154e+08,6.4544355346e+08,6.0734019246e+08,5.3650015321e+08,5.1085332718e+08,4.9741162116e+08,4.8483615797e+08,1.4390760517e+09,7.2655497154e+08,4.8343762713e+08,4.0232620906e+08,3.6422284806e+08,2.9338280880e+08,2.6773598277e+08,2.5429427676e+08,2.4171881357e+08,1.3579646337e+09,6.4544355346e+08,4.0232620906e+08,3.2121479098e+08,2.8311142998e+08,2.1227139073e+08,1.8662456470e+08,1.7318285868e+08,1.6060739549e+08,1.3198612727e+09,6.0734019246e+08,3.6422284806e+08,2.8311142998e+08,2.4500806898e+08,1.7416802973e+08,1.4852120370e+08,1.3507949768e+08,1.2250403449e+08,1.2490212334e+09,5.3650015321e+08,2.9338280880e+08,2.1227139073e+08,1.7416802973e+08,1.0332799048e+08,7.7681164443e+07,6.4239458430e+07,5.1663995238e+07,1.2233744074e+09,5.1085332718e+08,2.6773598277e+08,1.8662456470e+08,1.4852120370e+08,7.7681164443e+07,5.2034338411e+07,3.8592632398e+07,2.6017169205e+07,1.2099327014e+09,4.9741162116e+08,2.5429427676e+08,1.7318285868e+08,1.3507949768e+08,6.4239458430e+07,3.8592632398e+07,2.5150926385e+07,1.2575463193e+07
18,300,80,3.1599319561e+09,2.2182654695e+09,1.8963419349e+09,1.7889588878e+09,1.7386571548e+09,1.6457313023e+09,1.6126215348e+09,1.5955969201e+09,1.5799659780e+09,2.2182654695e+09,1.2765989829e+09,9.5467544831e+08,8.4729240124e+08,7.9699066820e+08,7.0406481576e+08,6.7095504820e+08,6.5393043354e+08,6.3829949147e+08,1.8963419349e+09,9.5467544831e+08,6.3275191369e+08,5.2536886661e+08,4.7506713358e+08,3.8214128114e+08,3.4903151358e+08,3.3200689891e+08,3.1637595684e+08,1.7889588878e+09,8.4729240124e+08,5.2536886661e+08,4.1798581954e+08,3.6768408650e+08,2.7475823406e+08,2.4164846650e+08,2.2462385184e+08,2.0899290977e+08,1.7386571548e+09,7.9699066820e+08,4.7506713358e+08,3.6768408650e+08,3.1738235347e+08,2.2445650103e+08,1.9134673346e+08,1.7432211880e+08,1.5869117673e+08,1.6457313023e+09,7.0406481576e+08,3.8214128114e+08,2.7475823406e+08,2.2445650103e+08,1.3153064859e+08,9.8420881026e+07,8.1396266362e+07,6.5765324294e+07,1.6126215348e+09,6.7095504820e+08,3.4903151358e+08,2.4164846650e+08,1.9134673346e+08,9.8420881026e+07,6.5311113464e+07,4.8286498800e+07,3.2655556732e+07,1.5955969201e+09,6.5393043354e+08,3.3200689891e+08,2.2462385184e+08,1.7432211880e+08,8.1396266362e+07,4.8286498800e+07,3.1261884136e+07,1.5630942068e+07
19,300,90,3.3622403095e+09,2.3595959518e+09,2.0168773227e+09,1.9026015373e+09,1.8491139004e+09,1.7504754252e+09,1.7154697467e+09,1.6975428399e+09,1.6811201548e+09,2.3595959518e+09,1.3569515940e+09,1.0142329649e+09,8.9995717959e+08,8.4646954270e+08,7.4783106748e+08,7.1282538895e+08,6.9489848216e+08,6.7847579702e+08,2.0168773227e+09,1.0142329649e+09,6.7151433585e+08,5.5723855049e+08,5.0375091360e+08,4.0511243839e+08,3.7010675986e+08,3.5217985307e+08,3.3575716792e+08,1.9026015373e+09,8.9995717959e+08,5.5723855049e+08,4.4296276514e+08,3.8947512825e+08,2.9083665303e+08,2.5583097450e+08,2.3790406771e+08,2.2148138257e+08,1.8491139004e+09,8.4646954270e+08,5.0375091360e+08,3.8947512825e+08,3.3598749136e+08,2.3734901614e+08,2.0234333761e+08,1.8441643082e+08,1.6799374568e+08,1.7504754252e+09,7.4783106748e+08,4.0511243839e+08,2.9083665303e+08,2.3734901614e+08,1.3871054093e+08,1.0370486239e+08,8.5777955604e+07,6.9355270463e+07,1.7154697467e+09,7.1282538895e+08,3.7010675986e+08,2.5583097450e+08,2.0234333761e+08,1.0370486239e+08,6.8699183865e+07,5.0772277074e+07,3.4349591932e+07,1.6975428399e+09,6.9489848216e+08,3.5217985307e+08,2.3790406771e+08,1.8441643082e+08,8.5777955604e+07,5.0772277074e+07,3.2845370283e+07,1.6422685141e+07
20,400,0,0.0000000000e+00,0.0000000000e+00,0.0000000000e+00,0.0000000000e+00,0.0000000000e+00,0.0000000000e+00,0.0000000000e+00,0.0000000000e+00,0.0000000000e+00,0.0000000000e+00,0.0000000000e+00,0.0000000000e+00,0.0000000000e+00,0.0000000000e+00,0.0000000000e+00,0.0000000000e+00,0.0000000000e+00,0.0000000000e+00,0.0000000000e+00,0.0000000000e+00,0.0000000000e+00,0.0000000000e+00,0.0000000000e+00,0.0000000000e+00,0.0000000000e+00,0.0000000000e+00,0.0000000000e+00,0.0000000000e+00,0.0000000000e+00,0.0000000000e+00,0.0000000000e+00,0.0000000000e+00,0.0000000000e+00,0.0000000000e+00,0.0000000000e+00,0.0000000000e+00,0.0000000000e+00,0.0000000000e+00,0.0000000000e+00,0.0000000000e+00,0.0000000000e+00,0.0000000000e+00,0.0000000000e+00,0.0000000000e+00,0.0000000000e+00,0.0000000000e+00,0.0000000000e+00,0.0000000000e+00,0.0000000000e+00,0.0000000000e+00,0.0000000000e+00,0.0000000000e+00,0.0000000000e+00,0.0000000000e+00,0.0000000000e+00,0.0000000000e+00,0.0000000000e+00,0.0000000000e+00,0.0000000000e+00,0.0000000000e+00,0.0000000000e+00,0.0000000000e+00,0.0000000000e+00,0.0000000000e+00,0.0000000000e+00,0.0000000000e+00,0.0000000000e+00,0.0000000000e+00,0.0000000000e+00,0.0000000000e+00,0.0000000000e+00,0.0000000000e+00
21,400,10,1.5155418164e+04,8.6130638953e+03,8.0914408156e+03,8.0522576074e+03,8.0207516564e+03,7.9055127958e+03,7.8101558457e+03,7.7141797810e+03,7.5777090822e+03,8.6130638953e+03,2.0707096262e+03,1.5490865465e+03,1.5099033383e+03,1.4783973872e+03,1.3631585267e+03,1.2678015766e+03,1.1718255118e+03,1.0353548131e+03,8.0914408156e+03,1.5490865465e+03,1.0274634667e+03,9.8828025852e+02,9.5677430747e+02,8.4153544693e+02,7.4617849685e+02,6.5020243207e+02,5.1373173336e+02,8.0522576074e+03,1.5099033383e+03,9.8828025852e+02,9.4909705032e+02,9.1759109927e+02,8.0235223873e+02,7.0699528865e+02,6.1101922387e+02,4.7454852516e+02,8.0207516564e+03,1.4783973872e+03,9.5677430747e+02,9.1759109927e+02,8.8608514822e+02,7.7084628768e+02,6.7548933760e+02,5.7951327282e+02,4.4304257411e+02,7.9055127958e+03,1.3631585267e+03,8.4153544693e+02,8.0235223873e+02,7.7084628768e+02,6.5560742714e+02,5.6025047706e+02,4.6427441228e+02,3.2780371357e+02,7.8101558457e+03,1.2678015766e+03,7.4617849685e+02,7.0699528865e+02,6.7548933760e+02,5.6025047706e+02,4.6489352698e+02,3.6891746220e+02,2.3244676349e+02,7.7141797810e+03,1.1718255118e+03,6.5020243207e+02,6.1101922387e+02,5.7951327282e+02,4.6427441228e+02,3.6891746220e+02,2.7294139742e+02,1.3647069871e+02
22,400,20,2.2281642890e+06,2.0650435202e+06,1.9631716293e+06,1.9147611094e+06,1.8822768915e+06,1.7338593415e+06,1.6013939950e+06,1.4830894221e+06,1.1140821445e+06,2.0650435202e+06,1.9019227513e+06,1.8000508605e+06,1.7516403406e+06,1.7191561227e+06,1.5707385727e+06,1.4382732261e+06,1.3199686533e+06,9.5096137567e+05,1.9631716293e+06,1.8000508605e+06,1.6981789696e+06,1.6497684498e+06,1.6172842318e+06,1.4688666818e+06,1.3364013353e+06,1.2180967625e+06,8.4908948482e+05,1.9147611094e+06,1.7516403406e+06,1.6497684498e+06,1.6013579299e+06,1.5688737119e+06,1.4204561620e+06,1.2879908154e+06,1.1696862426e+06,8.0067896495e+05,1.8822768915e+06,1.7191561227e+06,1.6172842318e+06,1.5688737119e+06,1.5363894940e+06,1.3879719440e+06,1.2555065975e+06,1.1372020246e+06,7.6819474699e+05,1.7338593415e+06,1.5707385727e+06,1.4688666818e+06,1.4204561620e+06,1.3879719440e+06,1.2395543940e+06,1.1070890475e+06,9.8878447466e+05,6.1977719701e+05,1.6013939950e+06,1.4382732261e+06,1.3364013353e+06,1.2879908154e+06,1.2555065975e+06,1.1070890475e+06,9.7462370094e+05,8.5631912812e+05,4.8731185047e+05,1.4830894221e+06,1.3199686533e+06,1.2180967625e+06,1.1696862426e+06,1.1372020246e+06,9.8878447466e+05,8.5631912812e+05,7.3801455529e+05,3.6900727765e+05
23,400,30,1.1228015058e+07,1.0631059506e+07,1.0203314140e+07,9.9623281280e+06,9.7936848336e+06,9.1978335721e+06,8.8390542400e+06,8.4399708915e+06,5.6140075289e+06,1.0631059506e+07,1.0034103954e+07,9.6063585886e+06,9.3653725761e+06,9.1967292818e+06,8.6008780203e+06,8.2420986881e+06,7.8430153396e+06,5.0170519771e+06,1.0203314140e+07,9.6063585886e+06,9.1786132231e+06,8.9376272106e+06,8.7689839162e+06,8.1731326548e+06,7.8143533226e+06,7.4152699741e+06,4.5893066116e+06,9.9623281280e+06,9.3653725761e+06,8.9376272106e+06,8.6966411980e+06,8.5279979037e+06,7.9321466422e+06,7.5733673101e+06,7.1742839615e+06,4.3483205990e+06,9.7936848336e+06,9.1967292818e+06,8.7689839162e+06,8.5279979037e+06,8.3593546093e+06,7.7635033479e+06,7.4047240157e+06,7.0056406672e+06,4.1796773047e+06,9.1978335721e+06,8.6008780203e+06,8.1731326548e+06,7.9321466422e+06,7.7635033479e+06,7.1676520864e+06,6.8088727542e+06,6.4097894057e+06,3.5838260432e+06,8.8390542400e+06,8.2420986881e+06,7.8143533226e+06,7.5733673101e+06,7.4047240157e+06,6.8088727542e+06,6.4500934221e+06,6.0510100736e+06,3.2250467110e+06,8.4399708915e+06,7.8430153396e+06,7.4152699741e+06,7.1742839615e+06,7.0056406672e+06,6.4097894057e+06,6.0510100736e+06,5.6519267250e+06,2.8259633625e+06
24,400,40,1.1491737497e+08,9.0578915538e+07,7.8274432449e+07,7.3692896343e+07,7.1255866304e+07,6.6547012489e+07,6.4862877598e+07,6.3582689542e+07,5.7458687484e+07,9.0578915538e+07,6.6240456107e+07,5.3935973018e+07,4.9354436913e+07,4.6917406873e+07,4.2208553059e+07,4.0524418168e+07,3.9244230112e+07,3.3120228054e+07,7.8274432449e+07,5.3935973018e+07,4.1631489929e+07,3.7049953823e+07,3.4612923784e+07,2.9904069969e+07,2.8219935078e+07,2.6939747022e+07,2.0815744964e+07,7.3692896343e+07,4.9354436913e+07,3.7049953823e+07,3.2468417718e+07,3.0031387679e+07,2.5322533864e+07,2.3638398973e+07,2.2358210917e+07,1.6234208859e+07,7.1255866304e+07,4.6917406873e+07,3.4612923784e+07,3.0031387679e+07,2.7594357639e+07,2.2885503824e+07,2.1201368934e+07,1.9921180878e+07,1.3797178820e+07,6.6547012489e+07,4.2208553059e+07,2.9904069969e+07,2.5322533864e+07,2.2885503824e+07,1.8176650010e+07,1.6492515119e+07,1.5212327063e+07,9.0883250049e+06,6.4862877598e+07,4.0524418168e+07,2.8219935078e+07,2.3638398973e+07,2.1201368934e+07,1.6492515119e+07,1.4808380228e+07,1.3528192172e+07,7.4041901140e+06,6.3582689542e+07,3.9244230112e+07,2.6939747022e+07,2.2358210917e+07,1.9921180878e+07,1.5212327063e+07,1.3528192172e+07,1.2248004116e+07,6.1240020580e+06
25,400,50,4.7083219296e+08,3.1924846109e+08,2.7424832691e+08,2.6090668727e+08,2.5462472955e+08,2.4473766403e+08,2.4177812434e+08,2.3998965935e+08,2.3541609648e+08,3.1924846109e+08,1.6766472921e+08,1.2266459503e+08,1.0932295539e+08,1.0304099767e+08,9.3153932159e+07,9.0194392464e+07,8.8405927477e+07,8.3832364605e+07,2.7424832691e+08,1.2266459503e+08,7.7664460851e+07,6.4322821214e+07,5.8040863492e+07,4.8153797979e+07,4.5194258284e+07,4.3405793297e+07,3.8832230426e+07,2.6090668727e+08,1.0932295539e+08,6.4322821214e+07,5.0981181577e+07,4.4699223855e+07,3.4812158342e+07,3.1852618647e+07,3.0064153660e+07,2.5490590789e+07,2.5462472955e+08,1.0304099767e+08,5.8040863492e+07,4.4699223855e+07,3.8417266132e+07,2.8530200619e+07,2.5570660925e+07,2.3782195938e+07,1.9208633066e+07,2.4473766403e+08,9.3153932159e+07,4.8153797979e+07,3.4812158342e+07,2.8530200619e+07,1.8643135107e+07,1.5683595412e+07,1.3895130425e+07,9.3215675533e+06,2.4177812434e+08,9.0194392464e+07,4.5194258284e+07,3.1852618647e+07,2.5570660925e+07,1.5683595412e+07,1.2724055717e+07,1.0935590730e+07,6.3620278587e+06,2.3998965935e+08,8.8405927477e+07,4.3405793297e+07,3.0064153660e+07,2.3782195938e+07,1.3895130425e+07,1.0935590730e+07,9.1471257434e+06,4.5735628717e+06
26,400,60,4.4042469143e+08,3.0363826963e+08,2.6503581370e+08,2.5305016820e+08,2.4712973671e+08,2.3541302210e+08,2.3005885534e+08,2.2628301265e+08,2.2021234572e+08,3.0363826963e+08,1.6685184783e+08,1.2824939189e+08,1.1626374640e+08,1.1034331491e+08,9.8626600296e+07,9.3272433543e+07,8.9496590844e+07,8.3425923914e+07,2.6503581370e+08,1.2824939189e+08,8.9646935960e+07,7.7661290463e+07,7.1740858971e+07,6.0024144361e+07,5.4669977609e+07,5.0894134910e+07,4.4823467980e+07,2.5305016820e+08,1.1626374640e+08,7.7661290463e+07,6.5675644965e+07,5.9755213474e+07,4.8038498864e+07,4.2684332111e+07,3.8908489412e+07,3.2837822482e+07,2.4712973671e+08,1.1034331491e+08,7.1740858971e+07,5.9755213474e+07,5.3834781983e+07,4.2118067373e+07,3.6763900620e+07,3.2988057921e+07,2.6917390991e+07,2.3541302210e+08,9.8626600296e+07,6.0024144361e+07,4.8038498864e+07,4.2118067373e+07,3.0401352763e+07,2.5047186010e+07,2.1271343311e+07,1.5200676381e+07,2.3005885534e+08,9.3272433543e+07,5.4669977609e+07,4.2684332111e+07,3.6763900620e+07,2.5047186010e+07,1.9693019257e+07,1.5917176558e+07,9.8465096285e+06,2.2628301265e+08,8.9496590844e+07,5.0894134910e+07,3.8908489412e+07,3.2988057921e+07,2.1271343311e+07,1.5917176558e+07,1.2141333860e+07,6.0706669298e+06
27,400,70,2.6770269710e+09,1.8767671693e+09,1.6071689635e+09,1.5176246217e+09,1.4754800266e+09,1.3972616995e+09,1.3688730246e+09,1.3537995062e+09,1.3385134855e+09,1.8767671693e+09,1.0765073675e+09,8.0690916181e+08,7.1736481999e+08,6.7522022490e+08,5.9700189776e+08,5.6861322285e+08,5.5353970446e+08,5.3825368377e+08,1.6071689635e+09,8.0690916181e+08,5.3731095607e+08,4.4776661426e+08,4.0562201917e+08,3.2740369202e+08,2.9901501711e+08,2.8394149873e+08,2.6865547804e+08,1.5176246217e+09,7.1736481999e+08,4.4776661426e+08,3.5822227245e+08,3.1607767736e+08,2.3785935021e+08,2.0947067530e+08,1.9439715692e+08,1.7911113622e+08,1.4754800266e+09,6.7522022490e+08,4.0562201917e+08,3.1607767736e+08,2.7393308226e+08,1.9571475512e+08,1.6732608021e+08,1.5225256183e+08,1.3696654113e+08,1.3972616995e+09,5.9700189776e+08,3.2740369202e+08,2.3785935021e+08,1.9571475512e+08,1.1749642797e+08,8.9107753063e+07,7.4034234679e+07,5.8748213986e+07,1.3688730246e+09,5.6861322285e+08,2.9901501711e+08,2.0947067530e+08,1.6732608021e+08,8.9107753063e+07,6.0719078154e+07,4.5645559770e+07,3.0359539077e+07,1.3537995062e+09,5.5353970446e+08,2.8394149873e+08,1.9439715692e+08,1.5225256183e+08,7.4034234679e+07,4.5645559770e+07,3.0572041386e+07,1.5286020693e+07
28,400,80,3.4095704294e+09,2.3907742472e+09,2.0452962729e+09,1.9303784956e+09,1.8764611731e+09,1.7769385686e+09,1.7413726645e+09,1.7228834130e+09,1.7047852147e+09,2.3907742472e+09,1.3719780649e+09,1.0265000907e+09,9.1158231336e+08,8.5766499082e+08,7.5814238639e+08,7.2257648224e+08,7.0408723076e+08,6.8598903245e+08,2.0452962729e+09,1.0265000907e+09,6.8102211648e+08,5.6610433915e+08,5.1218701660e+08,4.1266441218e+08,3.7709850802e+08,3.5860925654e+08,3.4051105824e+08,1.9303784956e+09,9.1158231336e+08,5.6610433915e+08,4.5118656181e+08,3.9726923927e+08,2.9774663485e+08,2.6218073069e+08,2.4369147921e+08,2.2559328091e+08,1.8764611731e+09,8.5766499082e+08,5.1218701660e+08,3.9726923927e+08,3.4335191673e+08,2.4382931230e+08,2.0826340814e+08,1.8977415667e+08,1.7167595836e+08,1.7769385686e+09,7.5814238639e+08,4.1266441218e+08,2.9774663485e+08,2.4382931230e+08,1.4430670788e+08,1.0874080372e+08,9.0251552241e+07,7.2153353938e+07,1.7413726645e+09,7.2257648224e+08,3.7709850802e+08,2.6218073069e+08,2.0826340814e+08,1.0874080372e+08,7.3174899563e+07,5.4685648084e+07,3.6587449781e+07,1.7228834130e+09,7.0408723076e+08,3.5860925654e+08,2.4369147921e+08,1.8977415667e+08,9.0251552241e+07,5.4685648084e+07,3.6196396606e+07,1.8098198303e+07
29,400,90,3.6150063799e+09,2.5336454485e+09,2.1672369337e+09,2.0454231181e+09,1.9883284348e+09,1.8831108307e+09,1.8456855484e+09,1.8263325285e+09,1.8075031900e+09,2.5336454485e+09,1.4522845171e+09,1.0858760023e+09,9.6406218663e+08,9.0696750333e+08,8.0174989929e+08,7.6432461696e+08,7.4497159707e+08,7.2614225855e+08,2.1672369337e+09,1.0858760023e+09,7.1946748754e+08,5.9765367185e+08,5.4055898855e+08,4.3534138451e+08,3.9791610218e+08,3.7856308229e+08,3.5973374377e+08,2.0454231181e+09,9.6406218663e+08,5.9765367185e+08,4.7583985617e+08,4.1874517287e+08,3.1352756883e+08,2.7610228649e+08,2.5674926660e+08,2.3791992808e+08,1.9883284348e+09,9.0696750333e+08,5.4055898855e+08,4.1874517287e+08,3.6165048957e+08,2.5643288553e+08,2.1900760319e+08,1.9965458330e+08,1.8082524478e+08,1.8831108307e+09,8.0174989929e+08,4.3534138451e+08,3.1352756883e+08,2.5643288553e+08,1.5121528149e+08,1.1378999915e+08,9.4436979263e+07,7.5607640743e+07,1.8456855484e+09,7.6432461696e+08,3.9791610218e+08,2.7610228649e+08,2.1900760319e+08,1.1378999915e+08,7.6364716818e+07,5.7011696929e+07,3.8182358409e+07,1.8263325285e+09,7.4497159707e+08,3.7856308229e+08,2.5674926660e+08,1.9965458330e+08,9.4436979263e+07,5.7011696929e+07,3.7658677040e+07,1.8829338520e+07
30,500,0,1.9566231797e+03,1.8970421148e+03,1.8251348294e+03,1.7703771014e+03,1.7258418292e+03,1.5571214619e+03,1.4082439878e+03,1.2460027824e+03,9.7831158983e+02,1.8970421148e+03,1.8374610500e+03,1.7655537646e+03,1.7107960365e+03,1.6662607644e+03,1.4975403971e+03,1.3486629229e+03,1.1864217176e+03,9.1873052499e+02,1.8251348294e+03,1.7655537646e+03,1.6936464792e+03,1.6388887511e+03,1.5943534790e+03,1.4256331117e+03,1.2767556375e+03,1.1145144322e+03,8.4682323960e+02,1.7703771014e+03,1.7107960365e+03,1.6388887511e+03,1.5841310231e+03,1.5395957509e+03,1.3708753836e+03,1.2219979095e+03,1.0597567041e+03,7.9206551153e+02,1.7258418292e+03,1.6662607644e+03,1.5943534790e+03,1.5395957509e+03,1.4950604788e+03,1.3263401115e+03,1.1774626373e+03,1.0152214320e+03,7.4753023940e+02,1.5571214619e+03,1.4975403971e+03,1.4256331117e+03,1.3708753836e+03,1.3263401115e+03,1.1576197441e+03,1.0087422700e+03,8.4650106465e+02,5.7880987207e+02,1.4082439878e+03,1.3486629229e+03,1.2767556375e+03,1.2219979095e+03,1.1774626373e+03,1.0087422700e+03,8.5986479584e+02,6.9762359049e+02,4.2993239792e+02,1.2460027824e+03,1.1864217176e+03,1.1145144322e+03,1.0597567041e+03,1.0152214320e+03,8.4650106465e+02,6.9762359049e+02,5.3538238515e+02,2.6769119257e+02
31,500,10,1.1065544200e+06,9.8937991057e+05,9.2099211166e+05,8.9411601138e+05,8.7735981007e+05,7.9389253094e+05,7.2384463128e+05,6.6152480017e+05,5.5327721002e+05,9.8937991057e+05,8.7220540108e+05,8.0381760218e+05,7.7694150189e+05,7.6018530058e+05,6.7671802146e+05,6.0667012180e+05,5.4435029069e+05,4.3610270054e+05,9.2099211166e+05,8.0381760218e+05,7.3542980328e+05,7.0855370299e+05,6.9179750168e+05,6.0833022256e+05,5.3828232290e+05,4.7596249178e+05,3.6771490164e+05,8.9411601138e+05,7.7694150189e+05,7.0855370299e+05,6.8167760271e+05,6.6492140140e+05,5.8145412227e+05,5.1140622261e+05,4.4908639150e+05,3.4083880135e+05,8.7735981007e+05,7.6018530058e+05,6.9179750168e+05,6.6492140140e+05,6.4816520009e+05,5.6469792096e+05,4.9465002130e+05,4.3233019019e+05,3.2408260004e+05,7.9389253094e+05,6.7671802146e+05,6.0833022256e+05,5.8145412227e+05,5.6469792096e+05,4.8123064184e+05,4.1118274218e+05,3.4886291106e+05,2.4061532092e+05,7.2384463128e+05,6.0667012180e+05,5.3828232290e+05,5.1140622261e+05,4.9465002130e+05,4.1118274218e+05,3.4113484252e+05,2.7881501141e+05,1.7056742126e+05,6.6152480017e+05,5.4435029069e+05,4.7596249178e+05,4.4908639150e+05,4.3233019019e+05,3.4886291106e+05,2.7881501141e+05,2.1649518029e+05,1.0824759014e+05
32,500,20,1.2725754123e+07,1.1992796258e+07,1.1514064635e+07,1.1266332043e+07,1.1093312814e+07,1.0359350810e+07,9.6944635803e+06,9.0739271852e+06,6.3628770615e+06,1.1992796258e+07,1.1259838392e+07,1.0781106770e+07,1.0533374178e+07,1.0360354949e+07,9.6263929441e+06,8.9615057148e+06,8.3409693198e+06,5.6299191961e+06,1.1514064635e+07,1.0781106770e+07,1.0302375148e+07,1.0054642555e+07,9.8816233268e+06,9.1476613218e+06,8.4827740926e+06,7.8622376975e+06,5.1511875739e+06,1.1266332043e+07,1.0533374178e+07,1.0054642555e+07,9.8069099630e+06,9.6338907344e+06,8.8999287295e+06,8.2350415003e+06,7.6145051052e+06,4.9034549815e+06,1.1093312814e+07,1.0360354949e+07,9.8816233268e+06,9.6338907344e+06,9.4608715058e+06,8.7269095009e+06,8.0620222716e+06,7.4414858766e+06,4.7304357529e+06,1.0359350810e+07,9.6263929441e+06,9.1476613218e+06,8.8999287295e+06,8.7269095009e+06,7.9929474960e+06,7.3280602667e+06,6.7075238716e+06,3.9964737480e+06,9.6944635803e+06,8.9615057148e+06,8.4827740926e+06,8.2350415003e+06,8.0620222716e+06,7.3280602667e+06,6.6631730375e+06,6.0426366424e+06,3.3315865187e+06,9.0739271852e+06,8.3409693198e+06,7.8622376975e+06,7.6145051052e+06,7.4414858766e+06,6.7075238716e+06,6.0426366424e+06,5.4221002473e+06,2.7110501237e+06
33,500,30,3.6735681910e+07,3.4822242005e+07,3.3298117857e+07,3.2349400524e+07,3.1672539091e+07,2.9526770491e+07,2.8258358438e+07,2.6917396262e+07,1.8367840955e+07,3.4822242005e+07,3.2908802101e+07,3.1384677952e+07,3.0435960620e+07,2.9759099187e+07,2.7613330587e+07,2.6344918533e+07,2.5003956358e+07,1.6454401051e+07,3.3298117857e+07,3.1384677952e+07,2.9860553804e+07,2.8911836471e+07,2.8234975038e+07,2.6089206438e+07,2.4820794385e+07,2.3479832209e+07,1.4930276902e+07,3.2349400524e+07,3.0435960620e+07,2.8911836471e+07,2.7963119139e+07,2.7286257706e+07,2.5140489106e+07,2.3872077053e+07,2.2531114877e+07,1.3981559570e+07,3.1672539091e+07,2.9759099187e+07,2.8234975038e+07,2.7286257706e+07,2.6609396272e+07,2.4463627673e+07,2.3195215619e+07,2.1854253443e+07,1.3304698136e+07,2.9526770491e+07,2.7613330587e+07,2.6089206438e+07,2.5140489106e+07,2.4463627673e+07,2.2317859073e+07,2.1049447019e+07,1.9708484844e+07,1.1158929536e+07,2.8258358438e+07,2.6344918533e+07,2.4820794385e+07,2.3872077053e+07,2.3195215619e+07,2.1049447019e+07,1.9781034966e+07,1.8440072790e+07,9.8905174830e+06,2.6917396262e+07,2.5003956358e+07,2.3479832209e+07,2.2531114877e+07,2.1854253443e+07,1.9708484844e+07,1.8440072790e+07,1.7099110614e+07,8.5495553072e+06
34,500,40,2.7836957538e+08,2.1691109002e+08,1.8764111038e+08,1.7671560404e+08,1.7085975215e+08,1.5947442237e+08,1.5526713960e+08,1.5223789557e+08,1.3918478769e+08,2.1691109002e+08,1.5545260466e+08,1.2618262503e+08,1.1525711869e+08,1.0940126679e+08,9.8015937011e+07,9.3808654247e+07,9.0779410213e+07,7.7726302332e+07,1.8764111038e+08,1.2618262503e+08,9.6912645391e+07,8.5987139051e+07,8.0131287158e+07,6.8745957375e+07,6.4538674611e+07,6.1509430577e+07,4.8456322696e+07,1.7671560404e+08,1.1525711869e+08,8.5987139051e+07,7.5061632711e+07,6.9205780817e+07,5.7820451035e+07,5.3613168271e+07,5.0583924237e+07,3.7530816355e+07,1.7085975215e+08,1.0940126679e+08,8.0131287158e+07,6.9205780817e+07,6.3349928924e+07,5.1964599141e+07,4.7757316377e+07,4.4728072343e+07,3.1674964462e+07,1.5947442237e+08,9.8015937011e+07,6.8745957375e+07,5.7820451035e+07,5.1964599141e+07,4.0579269359e+07,3.6371986595e+07,3.3342742561e+07,2.0289634679e+07,1.5526713960e+08,9.3808654247e+07,6.4538674611e+07,5.3613168271e+07,4.7757316377e+07,3.6371986595e+07,3.2164703831e+07,2.9135459796e+07,1.6082351915e+07,1.5223789557e+08,9.0779410213e+07,6.1509430577e+07,5.0583924237e+07,4.4728072343e+07,3.3342742561e+07,2.9135459796e+07,2.6106215762e+07,1.3053107881e+07
35,500,50,9.3292985754e+08,6.3492920014e+08,5.4572485795e+08,5.1882226181e+08,5.0605587585e+08,4.8604600784e+08,4.8007333361e+08,4.7644054019e+08,4.6646492877e+08,6.3492920014e+08,3.3692854274e+08,2.4772420055e+08,2.2082160440e+08,2.0805521845e+08,1.8804535044e+08,1.8207267620e+08,1.7843988279e+08,1.6846427137e+08,5.4572485795e+08,2.4772420055e+08,1.5851985835e+08,1.3161726221e+08,1.1885087626e+08,9.8841008246e+07,9.2868334011e+07,8.9235540598e+07,7.9259929177e+07,5.1882226181e+08,2.2082160440e+08,1.3161726221e+08,1.0471466607e+08,9.1948280119e+07,7.1938412106e+07,6.5965737871e+07,6.2332944458e+07,5.2357333037e+07,5.0605587585e+08,2.0805521845e+08,1.1885087626e+08,9.1948280119e+07,7.9181894165e+07,5.9172026151e+07,5.3199351916e+07,4.9566558503e+07,3.9590947082e+07,4.8604600784e+08,1.8804535044e+08,9.8841008246e+07,7.1938412106e+07,5.9172026151e+07,3.9162158137e+07,3.3189483903e+07,2.9556690489e+07,1.9581079069e+07,4.8007333361e+08,1.8207267620e+08,9.2868334011e+07,6.5965737871e+07,5.3199351916e+07,3.3189483903e+07,2.7216809668e+07,2.3584016255e+07,1.3608404834e+07,4.7644054019e+08,1.7843988279e+08,8.9235540598e+07,6.2332944458e+07,4.9566558503e+07,2.9556690489e+07,2.3584016255e+07,1.9951222841e+07,9.9756114206e+06
36,500,60,8.5313630886e+08,5.7755581896e+08,5.0348057669e+08,4.8131824926e+08,4.7059503746e+08,4.5084232211e+08,4.4272908805e+08,4.3715952595e+08,4.2656815443e+08,5.7755581896e+08,3.0197532907e+08,2.2790008679e+08,2.0573775937e+08,1.9501454757e+08,1.7526183222e+08,1.6714859816e+08,1.6157903606e+08,1.5098766453e+08,5.0348057669e+08,2.2790008679e+08,1.5382484452e+08,1.3166251709e+08,1.2093930529e+08,1.0118658994e+08,9.3073355883e+07,8.7503793785e+07,7.6912422260e+07,4.8131824926e+08,2.0573775937e+08,1.3166251709e+08,1.0950018967e+08,9.8776977868e+07,7.9024262517e+07,7.0911028456e+07,6.5341466359e+07,5.4750094834e+07,4.7059503746e+08,1.9501454757e+08,1.2093930529e+08,9.8776977868e+07,8.8053766067e+07,6.8301050717e+07,6.0187816656e+07,5.4618254558e+07,4.4026883034e+07,4.5084232211e+08,1.7526183222e+08,1.0118658994e+08,7.9024262517e+07,6.8301050717e+07,4.8548335366e+07,4.0435101305e+07,3.4865539208e+07,2.4274167683e+07,4.4272908805e+08,1.6714859816e+08,9.3073355883e+07,7.0911028456e+07,6.0187816656e+07,4.0435101305e+07,3.2321867244e+07,2.6752305147e+07,1.6160933622e+07,4.3715952595e+08,1.6157903606e+08,8.7503793785e+07,6.5341466359e+07,5.4618254558e+07,3.4865539208e+07,2.6752305147e+07,2.1182743049e+07,1.0591371525e+07
37,500,70,3.0454211173e+09,2.1270821214e+09,1.8249334882e+09,1.7254003933e+09,1.6784187319e+09,1.5914526368e+09,1.5597449558e+09,1.5425445922e+09,1.5227105587e+09,2.1270821214e+09,1.2087431255e+09,9.0659449231e+08,8.0706139738e+08,7.6007973602e+08,6.7311364088e+08,6.4140595989e+08,6.2420559629e+08,6.0437156275e+08,1.8249334882e+09,9.0659449231e+08,6.0444585913e+08,5.0491276420e+08,4.5793110283e+08,3.7096500770e+08,3.3925732670e+08,3.2205696311e+08,3.0222292957e+08,1.7254003933e+09,8.0706139738e+08,5.0491276420e+08,4.0537966926e+08,3.5839800790e+08,2.7143191277e+08,2.3972423177e+08,2.2252386818e+08,2.0268983463e+08,1.6784187319e+09,7.6007973602e+08,4.5793110283e+08,3.5839800790e+08,3.1141634654e+08,2.2445025140e+08,1.9274257041e+08,1.7554220681e+08,1.5570817327e+08,1.5914526368e+09,6.7311364088e+08,3.7096500770e+08,2.7143191277e+08,2.2445025140e+08,1.3748415627e+08,1.0577647527e+08,8.8576111678e+07,6.8742078133e+07,1.5597449558e+09,6.4140595989e+08,3.3925732670e+08,2.3972423177e+08,1.9274257041e+08,1.0577647527e+08,7.4068794277e+07,5.6868430684e+07,3.7034397139e+07,1.5425445922e+09,6.2420559629e+08,3.2205696311e+08,2.2252386818e+08,1.7554220681e+08,8.8576111678e+07,5.6868430684e+07,3.9668067090e+07,1.9834033545e+07
38,500,80,3.7826898866e+09,2.6454551682e+09,2.2661689395e+09,2.1407281832e+09,2.0817442210e+09,1.9731399827e+09,1.9342405139e+09,1.9137363413e+09,1.8913449433e+09,2.6454551682e+09,1.5082204498e+09,1.1289342211e+09,1.0034934647e+09,9.4450950255e+08,8.3590526425e+08,7.9700579551e+08,7.7650162291e+08,7.5411022488e+08,2.2661689395e+09,1.1289342211e+09,7.4964799239e+08,6.2420723604e+08,5.6522327386e+08,4.5661903557e+08,4.1771956683e+08,3.9721539423e+08,3.7482399619e+08,2.1407281832e+09,1.0034934647e+09,6.2420723604e+08,4.9876647970e+08,4.3978251752e+08,3.3117827923e+08,2.9227881048e+08,2.7177463788e+08,2.4938323985e+08,2.0817442210e+09,9.4450950255e+08,5.6522327386e+08,4.3978251752e+08,3.8079855533e+08,2.7219431704e+08,2.3329484830e+08,2.1279067570e+08,1.9039927767e+08,1.9731399827e+09,8.3590526425e+08,4.5661903557e+08,3.3117827923e+08,2.7219431704e+08,1.6359007875e+08,1.2469061001e+08,1.0418643741e+08,8.1795039376e+07,1.9342405139e+09,7.9700579551e+08,4.1771956683e+08,2.9227881048e+08,2.3329484830e+08,1.2469061001e+08,8.5791141269e+07,6.5286968667e+07,4.2895570634e+07,1.9137363413e+09,7.7650162291e+08,3.9721539423e+08,2.7177463788e+08,2.1279067570e+08,1.0418643741e+08,6.5286968667e+07,4.4782796066e+07,2.2391398033e+07
39,500,90,3.9892799436e+09,2.7905686627e+09,2.3893812416e+09,2.2566861307e+09,2.1943681001e+09,2.0798666674e+09,2.0391079700e+09,2.0177476534e+09,1.9946399718e+09,2.7905686627e+09,1.5918573818e+09,1.1906699607e+09,1.0579748498e+09,9.9565681916e+08,8.8115538649e+08,8.4039668909e+08,8.1903637248e+08,7.9592869089e+08,2.3893812416e+09,1.1906699607e+09,7.8948253952e+08,6.5678742870e+08,5.9446939803e+08,4.7996796536e+08,4.3920926796e+08,4.1784895134e+08,3.9474126976e+08,2.2566861307e+09,1.0579748498e+09,6.5678742870e+08,5.2409231788e+08,4.6177428721e+08,3.4727285454e+08,3.0651415714e+08,2.8515384053e+08,2.6204615894e+08,2.1943681001e+09,9.9565681916e+08,5.9446939803e+08,4.6177428721e+08,3.9945625654e+08,2.8495482387e+08,2.4419612647e+08,2.2283580986e+08,1.9972812827e+08,2.0798666674e+09,8.8115538649e+08,4.7996796536e+08,3.4727285454e+08,2.8495482387e+08,1.7045339120e+08,1.2969469380e+08,1.0833437718e+08,8.5226695599e+07,2.0391079700e+09,8.4039668909e+08,4.3920926796e+08,3.0651415714e+08,2.4419612647e+08,1.2969469380e+08,8.8935996394e+07,6.7575679782e+07,4.4467998197e+07,2.0177476534e+09,8.1903637248e+08,4.1784895134e+08,2.8515384053e+08,2.2283580986e+08,1.0833437718e+08,6.7575679782e+07,4.6215363169e+07,2.3107681585e+07
40,600,0,9.1538778940e+05,7.7393300151e+05,7.0882233198e+05,6.8497850902e+05,6.7057855378e+05,6.0739501308e+05,5.6106401126e+05,5.2041211846e+05,4.5769389470e+05,7.7393300151e+05,6.3247821362e+05,5.6736754409e+05,5.4352372113e+05,5.2912376589e+05,4.6594022519e+05,4.1960922337e+05,3.7895733057e+05,3.1623910681e+05,7.0882233198e+05,5.6736754409e+05,5.0225687456e+05,4.7841305160e+05,4.6401309636e+05,4.0082955566e+05,3.5449855384e+05,3.1384666104e+05,2.5112843728e+05,6.8497850902e+05,5.4352372113e+05,4.7841305160e+05,4.5456922865e+05,4.4016927340e+05,3.7698573270e+05,3.3065473088e+05,2.9000283808e+05,2.2728461432e+05,6.7057855378e+05,5.2912376589e+05,4.6401309636e+05,4.4016927340e+05,4.2576931816e+05,3.6258577746e+05,3.1625477564e+05,2.7560288284e+05,2.1288465908e+05,6.0739501308e+05,4.6594022519e+05,4.0082955566e+05,3.7698573270e+05,3.6258577746e+05,2.9940223676e+05,2.5307123494e+05,2.1241934214e+05,1.4970111838e+05,5.6106401126e+05,4.1960922337e+05,3.5449855384e+05,3.3065473088e+05,3.1625477564e+05,2.5307123494e+05,2.0674023312e+05,1.6608834032e+05,1.0337011656e+05,5.2041211846e+05,3.7895733057e+05,3.1384666104e+05,2.9000283808e+05,2.7560288284e+05,2.1241934214e+05,1.6608834032e+05,1.2543644752e+05,6.2718223762e+04
41,600,10,1.1331535295e+07,1.0697991991e+07,1.0265485156e+07,1.0044382462e+07,9.8875563784e+06,9.1122523959e+06,8.3275461950e+06,7.6287886070e+06,5.6657676473e+06,1.0697991991e+07,1.0064448687e+07,9.6319418519e+06,9.4108391584e+06,9.2540130746e+06,8.4787090920e+06,7.6940028912e+06,6.9952453032e+06,5.0322243435e+06,1.0265485156e+07,9.6319418519e+06,9.1994350168e+06,8.9783323233e+06,8.8215062395e+06,8.0462022569e+06,7.2614960561e+06,6.5627384681e+06,4.5997175084e+06,1.0044382462e+07,9.4108391584e+06,8.9783323233e+06,8.7572296297e+06,8.6004035459e+06,7.8250995634e+06,7.0403933625e+06,6.3416357745e+06,4.3786148149e+06,9.8875563784e+06,9.2540130746e+06,8.8215062395e+06,8.6004035459e+06,8.4435774622e+06,7.6682734796e+06,6.8835672788e+06,6.1848096907e+06,4.2217887311e+06,9.1122523959e+06,8.4787090920e+06,8.0462022569e+06,7.8250995634e+06,7.6682734796e+06,6.8929694970e+06,6.1082632962e+06,5.4095057082e+06,3.4464847485e+06,8.3275461950e+06,7.6940028912e+06,7.2614960561e+06,7.0403933625e+06,6.8835672788e+06,6.1082632962e+06,5.3235570953e+06,4.6247995073e+06,2.6617785477e+06,7.6287886070e+06,6.9952453032e+06,6.5627384681e+06,6.3416357745e+06,6.1848096907e+06,5.4095057082e+06,4.6247995073e+06,3.9260419193e+06,1.9630209597e+06
42,600,20,3.9704871747e+07,3.7875936108e+07,3.6512194065e+07,3.5731694790e+07,3.5176339918e+07,3.3193756211e+07,3.1419296006e+07,2.9631513521e+07,1.9852435873e+07,3.7875936108e+07,3.6047000469e+07,3.4683258426e+07,3.3902759151e+07,3.3347404279e+07,3.1364820572e+07,2.9590360367e+07,2.7802577882e+07,1.8023500234e+07,3.6512194065e+07,3.4683258426e+07,3.3319516384e+07,3.2539017108e+07,3.1983662236e+07,3.0001078530e+07,2.8226618325e+07,2.6438835840e+07,1.6659758192e+07,3.5731694790e+07,3.3902759151e+07,3.2539017108e+07,3.1758517832e+07,3.1203162961e+07,2.9220579254e+07,2.7446119049e+07,2.5658336564e+07,1.5879258916e+07,3.5176339918e+07,3.3347404279e+07,3.1983662236e+07,3.1203162961e+07,3.0647808089e+07,2.8665224382e+07,2.6890764177e+07,2.5102981692e+07,1.5323904044e+07,3.3193756211e+07,3.1364820572e+07,3.0001078530e+07,2.9220579254e+07,2.8665224382e+07,2.6682640675e+07,2.4908180470e+07,2.3120397985e+07,1.3341320338e+07,3.1419296006e+07,2.9590360367e+07,2.8226618325e+07,2.7446119049e+07,2.6890764177e+07,2.4908180470e+07,2.3133720266e+07,2.1345937781e+07,1.1566860133e+07,2.9631513521e+07,2.7802577882e+07,2.6438835840e+07,2.5658336564e+07,2.5102981692e+07,2.3120397985e+07,2.1345937781e+07,1.9558155296e+07,9.7790776478e+06
43,600,30,9.9352981465e+07,9.3827744269e+07,8.9156708983e+07,8.6303809643e+07,8.4300938737e+07,7.8200047225e+07,7.4391826883e+07,7.0699728861e+07,4.9676490733e+07,9.3827744269e+07,8.8302507072e+07,8.3631471787e+07,8.0778572446e+07,7.8775701541e+07,7.2674810028e+07,6.8866589687e+07,6.5174491664e+07,4.4151253536e+07,8.9156708983e+07,8.3631471787e+07,7.8960436501e+07,7.6107537161e+07,7.4104666255e+07,6.8003774742e+07,6.4195554401e+07,6.0503456379e+07,3.9480218251e+07,8.6303809643e+07,8.0778572446e+07,7.6107537161e+07,7.3254637820e+07,7.1251766915e+07,6.5150875402e+07,6.1342655060e+07,5.7650557038e+07,3.6627318910e+07,8.4300938737e+07,7.8775701541e+07,7.4104666255e+07,7.1251766915e+07,6.9248896009e+07,6.3148004497e+07,5.9339784155e+07,5.5647686133e+07,3.4624448005e+07,7.8200047225e+07,7.2674810028e+07,6.8003774742e+07,6.5150875402e+07,6.3148004497e+07,5.7047112984e+07,5.3238892642e+07,4.9546794620e+07,2.8523556492e+07,7.4391826883e+07,6.8866589687e+07,6.4195554401e+07,6.1342655060e+07,5.9339784155e+07,5.3238892642e+07,4.9430672301e+07,4.5738574279e+07,2.4715336150e+07,7.0699728861e+07,6.5174491664e+07,6.0503456379e+07,5.7650557038e+07,5.5647686133e+07,4.9546794620e+07,4.5738574279e+07,4.2046476256e+07,2.1023238128e+07
44,600,40,6.1869383036e+08,4.7754799270e+08,4.1216622388e+08,3.8777019242e+08,3.7478329648e+08,3.5009869065e+08,3.4115240306e+08,3.3486798003e+08,3.0934691518e+08,4.7754799270e+08,3.3640215503e+08,2.7102038621e+08,2.4662435475e+08,2.3363745882e+08,2.0895285299e+08,2.0000656540e+08,1.9372214237e+08,1.6820107752e+08,4.1216622388e+08,2.7102038621e+08,2.0563861740e+08,1.8124258593e+08,1.6825569000e+08,1.4357108417e+08,1.3462479658e+08,1.2834037355e+08,1.0281930870e+08,3.8777019242e+08,2.4662435475e+08,1.8124258593e+08,1.5684655447e+08,1.4385965854e+08,1.1917505271e+08,1.1022876512e+08,1.0394434208e+08,7.8423277235e+07,3.7478329648e+08,2.3363745882e+08,1.6825569000e+08,1.4385965854e+08,1.3087276261e+08,1.0618815677e+08,9.7241869185e+07,9.0957446153e+07,6.5436381304e+07,3.5009869065e+08,2.0895285299e+08,1.4357108417e+08,1.1917505271e+08,1.0618815677e+08,8.1503550940e+07,7.2557263351e+07,6.6272840319e+07,4.0751775470e+07,3.4115240306e+08,2.0000656540e+08,1.3462479658e+08,1.1022876512e+08,9.7241869185e+07,7.2557263351e+07,6.3610975761e+07,5.7326552730e+07,3.1805487881e+07,3.3486798003e+08,1.9372214237e+08,1.2834037355e+08,1.0394434208e+08,9.0957446153e+07,6.6272840319e+07,5.7326552730e+07,5.1042129698e+07,2.5521064849e+07
45,600,50,1.6184223230e+09,1.0928762312e+09,9.4397200508e+08,9.0012380140e+08,8.7928694151e+08,8.4541865243e+08,8.3478630215e+08,8.2818907879e+08,8.0921116151e+08,1.0928762312e+09,5.6733013931e+08,4.1842591323e+08,3.7457770955e+08,3.5374084966e+08,3.1987256058e+08,3.0924021030e+08,3.0264298694e+08,2.8366506966e+08,9.4397200508e+08,4.1842591323e+08,2.6952168716e+08,2.2567348347e+08,2.0483662358e+08,1.7096833450e+08,1.6033598423e+08,1.5373876086e+08,1.3476084358e+08,9.0012380140e+08,3.7457770955e+08,2.2567348347e+08,1.8182527979e+08,1.6098841990e+08,1.2712013081e+08,1.1648778054e+08,1.0989055718e+08,9.0912639894e+07,8.7928694151e+08,3.5374084966e+08,2.0483662358e+08,1.6098841990e+08,1.4015156001e+08,1.0628327092e+08,9.5650920651e+07,8.9053697286e+07,7.0075780003e+07,8.4541865243e+08,3.1987256058e+08,1.7096833450e+08,1.2712013081e+08,1.0628327092e+08,7.2414981840e+07,6.1782631567e+07,5.5185408203e+07,3.6207490920e+07,8.3478630215e+08,3.0924021030e+08,1.6033598423e+08,1.1648778054e+08,9.5650920651e+07,6.1782631567e+07,5.1150281295e+07,4.4553057930e+07,2.5575140647e+07,8.2818907879e+08,3.0264298694e+08,1.5373876086e+08,1.0989055718e+08,8.9053697286e+07,5.5185408203e+07,4.4553057930e+07,3.7955834566e+07,1.8977917283e+07
46,600,60,1.4058880717e+09,9.4312848400e+08,8.2465361035e+08,7.8955280393e+08,7.7255373565e+08,7.4170226907e+08,7.2949292916e+08,7.2120014004e+08,7.0294403583e+08,9.4312848400e+08,4.8036889634e+08,3.6189402269e+08,3.2679321626e+08,3.0979414799e+08,2.7894268140e+08,2.6673334150e+08,2.5844055238e+08,2.4018444817e+08,8.2465361035e+08,3.6189402269e+08,2.4341914904e+08,2.0831834262e+08,1.9131927434e+08,1.6046780775e+08,1.4825846785e+08,1.3996567873e+08,1.2170957452e+08,7.8955280393e+08,3.2679321626e+08,2.0831834262e+08,1.7321753619e+08,1.5621846791e+08,1.2536700133e+08,1.1315766142e+08,1.0486487230e+08,8.6608768094e+07,7.7255373565e+08,3.0979414799e+08,1.9131927434e+08,1.5621846791e+08,1.3921939964e+08,1.0836793305e+08,9.6158593147e+07,8.7865804028e+07,6.9609699819e+07,7.4170226907e+08,2.7894268140e+08,1.6046780775e+08,1.2536700133e+08,1.0836793305e+08,7.7516466465e+07,6.5307126560e+07,5.7014337441e+07,3.8758233233e+07,7.2949292916e+08,2.6673334150e+08,1.4825846785e+08,1.1315766142e+08,9.6158593147e+07,6.5307126560e+07,5.3097786656e+07,4.4804997537e+07,2.6548893328e+07,7.2120014004e+08,2.5844055238e+08,1.3996567873e+08,1.0486487230e+08,8.7865804028e+07,5.7014337441e+07,4.4804997537e+07,3.6512208417e+07,1.8256104209e+07
47,600,70,3.5411980642e+09,2.4651295899e+09,2.1197021071e+09,2.0067491242e+09,1.9531791777e+09,1.8540480553e+09,1.8176952344e+09,1.7975140491e+09,1.7705990321e+09,2.4651295899e+09,1.3890611156e+09,1.0436336328e+09,9.3068064990e+08,8.7711070337e+08,7.7797958096e+08,7.4162676006e+08,7.2144557478e+08,6.9453055779e+08,2.1197021071e+09,1.0436336328e+09,6.9820614996e+08,5.8525316709e+08,5.3168322056e+08,4.3255209815e+08,3.9619927725e+08,3.7601809197e+08,3.4910307498e+08,2.0067491242e+09,9.3068064990e+08,5.8525316709e+08,4.7230018422e+08,4.1873023769e+08,3.1959911528e+08,2.8324629438e+08,2.6306510910e+08,2.3615009211e+08,1.9531791777e+09,8.7711070337e+08,5.3168322056e+08,4.1873023769e+08,3.6516029116e+08,2.6602916875e+08,2.2967634785e+08,2.0949516257e+08,1.8258014558e+08,1.8540480553e+09,7.7797958096e+08,4.3255209815e+08,3.1959911528e+08,2.6602916875e+08,1.6689804635e+08,1.3054522545e+08,1.1036404017e+08,8.3449023174e+07,1.8176952344e+09,7.4162676006e+08,3.9619927725e+08,2.8324629438e+08,2.2967634785e+08,1.3054522545e+08,9.4192404543e+07,7.4011219265e+07,4.7096202272e+07,1.7975140491e+09,7.2144557478e+08,3.7601809197e+08,2.6306510910e+08,2.0949516257e+08,1.1036404017e+08,7.4011219265e+07,5.3830033986e+07,2.6915016993e+07
48,600,80,4.2395421034e+09,2.9566892423e+09,2.5381238223e+09,2.4003032134e+09,2.3352331252e+09,2.2153444235e+09,2.1722025208e+09,2.1489477683e+09,2.1197710517e+09,2.9566892423e+09,1.6738363812e+09,1.2552709612e+09,1.1174503523e+09,1.0523802641e+09,9.3249156243e+08,8.8934965966e+08,8.6609490716e+08,8.3691819062e+08,2.5381238223e+09,1.2552709612e+09,8.3670554110e+08,6.9888493222e+08,6.3381484404e+08,5.1392614236e+08,4.7078423959e+08,4.4752948709e+08,4.1835277055e+08,2.4003032134e+09,1.1174503523e+09,6.9888493222e+08,5.6106432334e+08,4.9599423516e+08,3.7610553348e+08,3.3296363071e+08,3.0970887821e+08,2.8053216167e+08,2.3352331252e+09,1.0523802641e+09,6.3381484404e+08,4.9599423516e+08,4.3092414698e+08,3.1103544530e+08,2.6789354253e+08,2.4463879003e+08,2.1546207349e+08,2.2153444235e+09,9.3249156243e+08,5.1392614236e+08,3.7610553348e+08,3.1103544530e+08,1.9114674361e+08,1.4800484085e+08,1.2475008834e+08,9.5573371807e+07,2.1722025208e+09,8.8934965966e+08,4.7078423959e+08,3.3296363071e+08,2.6789354253e+08,1.4800484085e+08,1.0486293809e+08,8.1608185578e+07,5.2431469043e+07,2.1489477683e+09,8.6609490716e+08,4.4752948709e+08,3.0970887821e+08,2.4463879003e+08,1.2475008834e+08,8.1608185578e+07,5.8353433070e+07,2.9176716535e+07
49,600,90,4.4395381911e+09,3.0995456720e+09,2.6580405452e+09,2.5127322132e+09,2.4442548839e+09,2.3185164060e+09,2.2735704780e+09,2.2495393531e+09,2.2197690955e+09,3.0995456720e+09,1.7595531530e+09,1.3180480261e+09,1.1727396941e+09,1.1042623648e+09,9.7852388692e+08,9.3357795893e+08,9.0954683411e+08,8.7977657650e+08,2.6580405452e+09,1.3180480261e+09,8.7654289926e+08,7.3123456728e+08,6.6275723796e+08,5.3701876005e+08,4.9207283206e+08,4.6804170724e+08,4.3827144963e+08,2.5127322132e+09,1.1727396941e+09,7.3123456728e+08,5.8592623530e+08,5.1744890598e+08,3.9171042807e+08,3.4676450008e+08,3.2273337526e+08,2.9296311765e+08,2.4442548839e+09,1.1042623648e+09,6.6275723796e+08,5.1744890598e+08,4.4897157665e+08,3.2323309874e+08,2.7828717076e+08,2.5425604594e+08,2.2448578832e+08,2.3185164060e+09,9.7852388692e+08,5.3701876005e+08,3.9171042807e+08,3.2323309874e+08,1.9749462084e+08,1.5254869285e+08,1.2851756803e+08,9.8747310419e+07,2.2735704780e+09,9.3357795893e+08,4.9207283206e+08,3.4676450008e+08,2.7828717076e+08,1.5254869285e+08,1.0760276486e+08,8.3571640045e+07,5.3801382432e+07,2.2495393531e+09,9.0954683411e+08,4.6804170724e+08,3.2273337526e+08,2.5425604594e+08,1.2851756803e+08,8.3571640045e+07,5.9540515226e+07,2.9770257613e+07
50,700,0,2.0425691379e+07,1.9096332139e+07,1.8239886604e+07,1.7822051569e+07,1.7530790777e+07,1.6089970464e+07,1.4762460408e+07,1.3584210364e+07,1.0212845690e+07,1.9096332139e+07,1.7766972898e+07,1.6910527364e+07,1.6492692328e+07,1.6201431537e+07,1.4760611223e+07,1.3433101168e+07,1.2254851124e+07,8.8834864492e+06,1.8239886604e+07,1.6910527364e+07,1.6054081829e+07,1.5636246793e+07,1.5344986002e+07,1.3904165688e+07,1.2576655633e+07,1.1398405589e+07,8.0270409143e+06,1.7822051569e+07,1.6492692328e+07,1.5636246793e+07,1.5218411758e+07,1.4927150967e+07,1.3486330653e+07,1.2158820597e+07,1.0980570553e+07,7.6092058790e+06,1.7530790777e+07,1.6201431537e+07,1.5344986002e+07,1.4927150967e+07,1.4635890175e+07,1.3195069862e+07,1.1867559806e+07,1.0689309762e+07,7.3179450876e+06,1.6089970464e+07,1.4760611223e+07,1.3904165688e+07,1.3486330653e+07,1.3195069862e+07,1.1754249548e+07,1.0426739492e+07,9.2484894485e+06,5.8771247741e+06,1.4762460408e+07,1.3433101168e+07,1.2576655633e+07,1.2158820597e+07,1.1867559806e+07,1.0426739492e+07,9.0992294367e+06,7.9209793927e+06,4.5496147183e+06,1.3584210364e+07,1.2254851124e+07,1.1398405589e+07,1.0980570553e+07,1.0689309762e+07,9.2484894485e+06,7.9209793927e+06,6.7427293488e+06,3.3713646744e+06
51,700,10,4.2984811389e+07,4.0958187390e+07,3.9239242235e+07,3.8394112575e+07,3.7825270692e+07,3.5833439867e+07,3.3845997610e+07,3.1896856426e+07,2.1492405694e+07,4.0958187390e+07,3.8931563392e+07,3.7212618236e+07,3.6367488576e+07,3.5798646693e+07,3.3806815868e+07,3.1819373612e+07,2.9870232427e+07,1.9465781696e+07,3.9239242235e+07,3.7212618236e+07,3.5493673081e+07,3.4648543421e+07,3.4079701538e+07,3.2087870713e+07,3.0100428456e+07,2.8151287272e+07,1.7746836540e+07,3.8394112575e+07,3.6367488576e+07,3.4648543421e+07,3.3803413761e+07,3.3234571878e+07,3.1242741053e+07,2.9255298797e+07,2.7306157612e+07,1.6901706881e+07,3.7825270692e+07,3.5798646693e+07,3.4079701538e+07,3.3234571878e+07,3.2665729995e+07,3.0673899170e+07,2.8686456913e+07,2.6737315729e+07,1.6332864998e+07,3.5833439867e+07,3.3806815868e+07,3.2087870713e+07,3.1242741053e+07,3.0673899170e+07,2.8682068344e+07,2.6694626088e+07,2.4745484903e+07,1.4341034172e+07,3.3845997610e+07,3.1819373612e+07,3.0100428456e+07,2.9255298797e+07,2.8686456913e+07,2.6694626088e+07,2.4707183832e+07,2.2758042647e+07,1.2353591916e+07,3.1896856426e+07,2.9870232427e+07,2.8151287272e+07,2.7306157612e+07,2.6737315729e+07,2.4745484903e+07,2.2758042647e+07,2.0808901463e+07,1.0404450731e+07
52,700,20,9.6112477455e+07,9.2176112042e+07,8.8918579298e+07,8.6903315876e+07,8.5451634887e+07,8.0904053121e+07,7.7128535365e+07,7.3195964131e+07,4.8056238727e+07,9.2176112042e+07,8.8239746629e+07,8.4982213884e+07,8.2966950462e+07,8.1515269474e+07,7.6967687708e+07,7.3192169952e+07,6.9259598717e+07,4.4119873314e+07,8.8918579298e+07,8.4982213884e+07,8.1724681140e+07,7.9709417718e+07,7.8257736729e+07,7.3710154964e+07,6.9934637208e+07,6.6002065973e+07,4.0862340570e+07,8.6903315876e+07,8.2966950462e+07,7.9709417718e+07,7.7694154296e+07,7.6242473307e+07,7.1694891542e+07,6.7919373786e+07,6.3986802551e+07,3.8847077148e+07,8.5451634887e+07,8.1515269474e+07,7.8257736729e+07,7.6242473307e+07,7.4790792319e+07,7.0243210553e+07,6.6467692797e+07,6.2535121563e+07,3.7395396159e+07,8.0904053121e+07,7.6967687708e+07,7.3710154964e+07,7.1694891542e+07,7.0243210553e+07,6.5695628788e+07,6.1920111032e+07,5.7987539797e+07,3.2847814394e+07,7.7128535365e+07,7.3192169952e+07,6.9934637208e+07,6.7919373786e+07,6.6467692797e+07,6.1920111032e+07,5.8144593276e+07,5.4212022041e+07,2.9072296638e+07,7.3195964131e+07,6.9259598717e+07,6.6002065973e+07,6.3986802551e+07,6.2535121563e+07,5.7987539797e+07,5.4212022041e+07,5.0279450806e+07,2.5139725403e+07
53,700,30,2.1716361369e+08,2.0440373338e+08,1.9317387706e+08,1.8624559445e+08,1.8139329405e+08,1.6718871795e+08,1.5842948840e+08,1.5045559047e+08,1.0858180685e+08,2.0440373338e+08,1.9164385307e+08,1.8041399675e+08,1.7348571414e+08,1.6863341374e+08,1.5442883763e+08,1.4566960809e+08,1.3769571016e+08,9.5821926533e+07,1.9317387706e+08,1.8041399675e+08,1.6918414043e+08,1.6225585782e+08,1.5740355742e+08,1.4319898132e+08,1.3443975177e+08,1.2646585384e+08,8.4592070217e+07,1.8624559445e+08,1.7348571414e+08,1.6225585782e+08,1.5532757521e+08,1.5047527481e+08,1.3627069870e+08,1.2751146916e+08,1.1953757123e+08,7.7663787603e+07,1.8139329405e+08,1.6863341374e+08,1.5740355742e+08,1.5047527481e+08,1.4562297441e+08,1.3141839831e+08,1.2265916876e+08,1.1468527083e+08,7.2811487207e+07,1.6718871795e+08,1.5442883763e+08,1.4319898132e+08,1.3627069870e+08,1.3141839831e+08,1.1721382220e+08,1.0845459266e+08,1.0048069473e+08,5.8606911101e+07,1.5842948840e+08,1.4566960809e+08,1.3443975177e+08,1.2751146916e+08,1.2265916876e+08,1.0845459266e+08,9.9695363114e+07,9.1721465183e+07,4.9847681557e+07,1.5045559047e+08,1.3769571016e+08,1.2646585384e+08,1.1953757123e+08,1.1468527083e+08,1.0048069473e+08,9.1721465183e+07,8.3747567253e+07,4.1873783626e+07
54,700,40,1.0899108738e+09,8.3928835715e+08,7.2620124133e+08,6.8373412128e+08,6.6094120861e+08,6.1703622049e+08,6.0064209977e+08,5.8933880745e+08,5.4495543692e+08,8.3928835715e+08,5.8866584047e+08,4.7557872465e+08,4.3311160460e+08,4.1031869193e+08,3.6641370381e+08,3.5001958308e+08,3.3871629076e+08,2.9433292023e+08,7.2620124133e+08,4.7557872465e+08,3.6249160883e+08,3.2002448878e+08,2.9723157611e+08,2.5332658799e+08,2.3693246727e+08,2.2562917495e+08,1.8124580442e+08,6.8373412128e+08,4.3311160460e+08,3.2002448878e+08,2.7755736873e+08,2.5476445606e+08,2.1085946794e+08,1.9446534722e+08,1.8316205490e+08,1.3877868437e+08,6.6094120861e+08,4.1031869193e+08,2.9723157611e+08,2.5476445606e+08,2.3197154339e+08,1.8806655527e+08,1.7167243455e+08,1.6036914223e+08,1.1598577170e+08,6.1703622049e+08,3.6641370381e+08,2.5332658799e+08,2.1085946794e+08,1.8806655527e+08,1.4416156715e+08,1.2776744643e+08,1.1646415411e+08,7.2080783577e+07,6.0064209977e+08,3.5001958308e+08,2.3693246727e+08,1.9446534722e+08,1.7167243455e+08,1.2776744643e+08,1.1137332570e+08,1.0007003338e+08,5.5686662850e+07,5.8933880745e+08,3.3871629076e+08,2.2562917495e+08,1.8316205490e+08,1.6036914223e+08,1.1646415411e+08,1.0007003338e+08,8.8766741060e+07,4.4383370530e+07
55,700,50,2.4627013816e+09,1.6689530696e+09,1.4454284117e+09,1.3785852361e+09,1.3463215516e+09,1.2921839766e+09,1.2746143705e+09,1.2636893524e+09,1.2313506908e+09,1.6689530696e+09,8.7520475757e+08,6.5168009973e+08,5.8483692407e+08,5.5257323960e+08,4.9843566455e+08,4.8086605844e+08,4.6994104043e+08,4.3760237879e+08,1.4454284117e+09,6.5168009973e+08,4.2815544189e+08,3.6131226622e+08,3.2904858176e+08,2.7491100671e+08,2.5734140060e+08,2.4641638259e+08,2.1407772094e+08,1.3785852361e+09,5.8483692407e+08,3.6131226622e+08,2.9446909056e+08,2.6220540609e+08,2.0806783104e+08,1.9049822493e+08,1.7957320692e+08,1.4723454528e+08,1.3463215516e+09,5.5257323960e+08,3.2904858176e+08,2.6220540609e+08,2.2994172163e+08,1.7580414658e+08,1.5823454047e+08,1.4730952246e+08,1.1497086081e+08,1.2921839766e+09,4.9843566455e+08,2.7491100671e+08,2.0806783104e+08,1.7580414658e+08,1.2166657153e+08,1.0409696542e+08,9.3171947407e+07,6.0833285763e+07,1.2746143705e+09,4.8086605844e+08,2.5734140060e+08,1.9049822493e+08,1.5823454047e+08,1.0409696542e+08,8.6527359312e+07,7.5602341300e+07,4.3263679656e+07,1.2636893524e+09,4.6994104043e+08,2.4641638259e+08,1.7957320692e+08,1.4730952246e+08,9.3171947407e+07,7.5602341300e+07,6.4677323288e+07,3.2338661644e+07
56,700,60,2.2857315204e+09,1.5236959772e+09,1.3326364613e+09,1.2767489910e+09,1.2497932726e+09,1.2019532885e+09,1.1839010678e+09,1.1718980582e+09,1.1428657602e+09,1.5236959772e+09,7.6166043405e+08,5.7060091808e+08,5.1471344783e+08,4.8775772944e+08,4.3991774533e+08,4.2186552461e+08,4.0986251505e+08,3.8083021703e+08,1.3326364613e+09,5.7060091808e+08,3.7954140211e+08,3.2365393186e+08,2.9669821347e+08,2.4885822935e+08,2.3080600864e+08,2.1880299908e+08,1.8977070105e+08,1.2767489910e+09,5.1471344783e+08,3.2365393186e+08,2.6776646161e+08,2.4081074322e+08,1.9297075911e+08,1.7491853839e+08,1.6291552883e+08,1.3388323081e+08,1.2497932726e+09,4.8775772944e+08,2.9669821347e+08,2.4081074322e+08,2.1385502483e+08,1.6601504071e+08,1.4796282000e+08,1.3595981044e+08,1.0692751241e+08,1.2019532885e+09,4.3991774533e+08,2.4885822935e+08,1.9297075911e+08,1.6601504071e+08,1.1817505660e+08,1.0012283589e+08,8.8119826327e+07,5.9087528301e+07,1.1839010678e+09,4.2186552461e+08,2.3080600864e+08,1.7491853839e+08,1.4796282000e+08,1.0012283589e+08,8.2070615176e+07,7.0067605613e+07,4.1035307588e+07,1.1718980582e+09,4.0986251505e+08,2.1880299908e+08,1.6291552883e+08,1.3595981044e+08,8.8119826327e+07,7.0067605613e+07,5.8064596051e+07,2.9032298026e+07
57,700,70,4.2346985634e+09,2.9338353292e+09,2.5296359623e+09,2.3987821601e+09,2.3364072428e+09,2.2210436652e+09,2.1784976382e+09,2.1543803925e+09,2.1173492817e+09,2.9338353292e+09,1.6329720950e+09,1.2287727281e+09,1.0979189260e+09,1.0355440086e+09,9.2018043100e+08,8.7763440404e+08,8.5351715830e+08,8.1648604752e+08,2.5296359623e+09,1.2287727281e+09,8.2457336120e+08,6.9371955903e+08,6.3134464166e+08,5.1598106408e+08,4.7343503712e+08,4.4931779138e+08,4.1228668060e+08,2.3987821601e+09,1.0979189260e+09,6.9371955903e+08,5.6286575687e+08,5.0049083949e+08,3.8512726192e+08,3.4258123496e+08,3.1846398921e+08,2.8143287843e+08,2.3364072428e+09,1.0355440086e+09,6.3134464166e+08,5.0049083949e+08,4.3811592211e+08,3.2275234454e+08,2.8020631758e+08,2.5608907183e+08,2.1905796106e+08,2.2210436652e+09,9.2018043100e+08,5.1598106408e+08,3.8512726192e+08,3.2275234454e+08,2.0738876697e+08,1.6484274001e+08,1.4072549426e+08,1.0369438348e+08,2.1784976382e+09,8.7763440404e+08,4.7343503712e+08,3.4258123496e+08,2.8020631758e+08,1.6484274001e+08,1.2229671305e+08,9.8179467301e+07,6.1148356524e+07,2.1543803925e+09,8.5351715830e+08,4.4931779138e+08,3.1846398921e+08,2.5608907183e+08,1.4072549426e+08,9.8179467301e+07,7.4062221554e+07,3.7031110777e+07
58,700,80,4.8395851303e+09,3.3664119456e+09,2.8955025584e+09,2.7415679771e+09,2.6685518871e+09,2.5340221510e+09,2.4852756736e+09,2.4584864430e+09,2.4197925651e+09,3.3664119456e+09,1.8932387610e+09,1.4223293737e+09,1.2683947925e+09,1.1953787025e+09,1.0608489664e+09,1.0121024890e+09,9.8531325842e+08,9.4661938051e+08,2.8955025584e+09,1.4223293737e+09,9.5141998643e+08,7.9748540522e+08,7.2446931519e+08,5.8993957908e+08,5.4119310169e+08,5.1440387112e+08,4.7570999321e+08,2.7415679771e+09,1.2683947925e+09,7.9748540522e+08,6.4355082401e+08,5.7053473398e+08,4.3600499787e+08,3.8725852048e+08,3.6046928991e+08,3.2177541200e+08,2.6685518871e+09,1.1953787025e+09,7.2446931519e+08,5.7053473398e+08,4.9751864396e+08,3.6298890785e+08,3.1424243045e+08,2.8745319989e+08,2.4875932198e+08,2.5340221510e+09,1.0608489664e+09,5.8993957908e+08,4.3600499787e+08,3.6298890785e+08,2.2845917173e+08,1.7971269434e+08,1.5292346378e+08,1.1422958587e+08,2.4852756736e+09,1.0121024890e+09,5.4119310169e+08,3.8725852048e+08,3.1424243045e+08,1.7971269434e+08,1.3096621695e+08,1.0417698638e+08,6.5483108475e+07,2.4584864430e+09,9.8531325842e+08,5.1440387112e+08,3.6046928991e+08,2.8745319989e+08,1.5292346378e+08,1.0417698638e+08,7.7387755817e+07,3.8693877909e+07
59,700,90,5.0102996344e+09,3.4887817605e+09,2.9985815400e+09,2.8379696851e+09,2.7618963348e+09,2.6221048245e+09,2.5717801879e+09,2.5443255857e+09,2.5051498172e+09,3.4887817605e+09,1.9672638865e+09,1.4770636661e+09,1.3164518112e+09,1.2403784609e+09,1.1005869505e+09,1.0502623140e+09,1.0228077117e+09,9.8363194327e+08,2.9985815400e+09,1.4770636661e+09,9.8686344567e+08,8.2625159075e+08,7.5017824041e+08,6.1038673010e+08,5.6006209352e+08,5.3260749130e+08,4.9343172283e+08,2.8379696851e+09,1.3164518112e+09,8.2625159075e+08,6.6563973584e+08,5.8956638550e+08,4.4977487518e+08,3.9945023860e+08,3.7199563639e+08,3.3281986792e+08,2.7618963348e+09,1.2403784609e+09,7.5017824041e+08,5.8956638550e+08,5.1349303516e+08,3.7370152484e+08,3.2337688827e+08,2.9592228605e+08,2.5674651758e+08,2.6221048245e+09,1.1005869505e+09,6.1038673010e+08,4.4977487518e+08,3.7370152484e+08,2.3391001453e+08,1.8358537795e+08,1.5613077573e+08,1.1695500726e+08,2.5717801879e+09,1.0502623140e+09,5.6006209352e+08,3.9945023860e+08,3.2337688827e+08,1.8358537795e+08,1.3326074137e+08,1.0580613915e+08,6.6630370686e+07,2.5443255857e+09,1.0228077117e+09,5.3260749130e+08,3.7199563639e+08,2.9592228605e+08,1.5613077573e+08,1.0580613915e+08,7.8351536936e+07,3.9175768468e+07
60,800,0,8.4690053904e+07,8.0576369072e+07,7.7500640358e+07,7.5864024766e+07,7.4722294715e+07,7.0392180853e+07,6.6271271121e+07,6.2303214575e+07,4.2345026952e+07,8.0576369072e+07,7.6462684241e+07,7.3386955527e+07,7.1750339934e+07,7.0608609884e+07,6.6278496021e+07,6.2157586290e+07,5.8189529744e+07,3.8231342121e+07,7.7500640358e+07,7.3386955527e+07,7.0311226813e+07,6.8674611220e+07,6.7532881170e+07,6.3202767307e+07,5.9081857575e+07,5.5113801030e+07,3.5155613406e+07,7.5864024766e+07,7.1750339934e+07,6.8674611220e+07,6.7037995628e+07,6.5896265577e+07,6.1566151715e+07,5.7445241983e+07,5.3477185437e+07,3.3518997814e+07,7.4722294715e+07,7.0608609884e+07,6.7532881170e+07,6.5896265577e+07,6.4754535527e+07,6.0424421665e+07,5.6303511933e+07,5.2335455387e+07,3.2377267764e+07,7.0392180853e+07,6.6278496021e+07,6.3202767307e+07,6.1566151715e+07,6.0424421665e+07,5.6094307802e+07,5.1973398070e+07,4.8005341524e+07,2.8047153901e+07,6.6271271121e+07,6.2157586290e+07,5.9081857575e+07,5.7445241983e+07,5.6303511933e+07,5.1973398070e+07,4.7852488338e+07,4.3884431792e+07,2.3926244169e+07,6.2303214575e+07,5.8189529744e+07,5.5113801030e+07,5.3477185437e+07,5.2335455387e+07,4.8005341524e+07,4.3884431792e+07,3.9916375246e+07,1.9958187623e+07
61,800,10,1.0447550889e+08,1.0030942604e+08,9.7286693507e+07,9.5344089996e+07,9.3923649893e+07,8.9591012757e+07,8.5890498099e+07,8.1793392207e+07,5.2237754444e+07,1.0030942604e+08,9.6143343194e+07,9.3120610660e+07,9.1178007149e+07,8.9757567046e+07,8.5424929910e+07,8.1724415252e+07,7.7627309359e+07,4.8071671597e+07,9.7286693507e+07,9.3120610660e+07,9.0097878126e+07,8.8155274615e+07,8.6734834512e+07,8.2402197376e+07,7.8701682718e+07,7.4604576825e+07,4.5048939063e+07,9.5344089996e+07,9.1178007149e+07,8.8155274615e+07,8.6212671104e+07,8.4792231001e+07,8.0459593865e+07,7.6759079207e+07,7.2661973314e+07,4.3106335552e+07,9.3923649893e+07,8.9757567046e+07,8.6734834512e+07,8.4792231001e+07,8.3371790897e+07,7.9039153762e+07,7.5338639104e+07,7.1241533211e+07,4.1685895449e+07,8.9591012757e+07,8.5424929910e+07,8.2402197376e+07,8.0459593865e+07,7.9039153762e+07,7.4706516626e+07,7.1006001968e+07,6.6908896075e+07,3.7353258313e+07,8.5890498099e+07,8.1724415252e+07,7.8701682718e+07,7.6759079207e+07,7.5338639104e+07,7.1006001968e+07,6.7305487310e+07,6.3208381417e+07,3.3652743655e+07,8.1793392207e+07,7.7627309359e+07,7.4604576825e+07,7.2661973314e+07,7.1241533211e+07,6.6908896075e+07,6.3208381417e+07,5.9111275525e+07,2.9555637762e+07
62,800,20,2.0217335000e+08,1.9371671609e+08,1.8654611427e+08,1.8177925189e+08,1.7831593897e+08,1.6808428705e+08,1.6025220916e+08,1.5244022230e+08,1.0108667500e+08,1.9371671609e+08,1.8526008218e+08,1.7808948036e+08,1.7332261799e+08,1.6985930507e+08,1.5962765314e+08,1.5179557525e+08,1.4398358839e+08,9.2630041090e+07,1.8654611427e+08,1.7808948036e+08,1.7091887854e+08,1.6615201617e+08,1.6268870325e+08,1.5245705132e+08,1.4462497343e+08,1.3681298657e+08,8.5459439270e+07,1.8177925189e+08,1.7332261799e+08,1.6615201617e+08,1.6138515379e+08,1.5792184087e+08,1.4769018895e+08,1.3985811106e+08,1.3204612420e+08,8.0692576896e+07,1.7831593897e+08,1.6985930507e+08,1.6268870325e+08,1.5792184087e+08,1.5445852795e+08,1.4422687603e+08,1.3639479814e+08,1.2858281128e+08,7.7229263977e+07,1.6808428705e+08,1.5962765314e+08,1.5245705132e+08,1.4769018895e+08,1.4422687603e+08,1.3399522411e+08,1.2616314622e+08,1.1835115936e+08,6.6997612054e+07,1.6025220916e+08,1.5179557525e+08,1.4462497343e+08,1.3985811106e+08,1.3639479814e+08,1.2616314622e+08,1.1833106833e+08,1.1051908147e+08,5.9165534164e+07,1.5244022230e+08,1.4398358839e+08,1.3681298657e+08,1.3204612420e+08,1.2858281128e+08,1.1835115936e+08,1.1051908147e+08,1.0270709460e+08,5.1353547302e+07
63,800,30,4.1117341102e+08,3.8510473264e+08,3.6244750489e+08,3.4823460371e+08,3.3826741895e+08,3.0957976449e+08,2.9215705757e+08,2.7748582559e+08,2.0558670551e+08,3.8510473264e+08,3.5903605426e+08,3.3637882651e+08,3.2216592533e+08,3.1219874057e+08,2.8351108611e+08,2.6608837919e+08,2.5141714721e+08,1.7951802713e+08,3.6244750489e+08,3.3637882651e+08,3.1372159876e+08,2.9950869758e+08,2.8954151282e+08,2.6085385836e+08,2.4343115144e+08,2.2875991946e+08,1.5686079938e+08,3.4823460371e+08,3.2216592533e+08,2.9950869758e+08,2.8529579639e+08,2.7532861164e+08,2.4664095718e+08,2.2921825026e+08,2.1454701828e+08,1.4264789820e+08,3.3826741895e+08,3.1219874057e+08,2.8954151282e+08,2.7532861164e+08,2.6536142688e+08,2.3667377242e+08,2.1925106550e+08,2.0457983352e+08,1.3268071344e+08,3.0957976449e+08,2.8351108611e+08,2.6085385836e+08,2.4664095718e+08,2.3667377242e+08,2.0798611796e+08,1.9056341104e+08,1.7589217906e+08,1.0399305898e+08,2.9215705757e+08,2.6608837919e+08,2.4343115144e+08,2.2921825026e+08,2.1925106550e+08,1.9056341104e+08,1.7314070413e+08,1.5846947214e+08,8.6570352063e+07,2.7748582559e+08,2.5141714721e+08,2.2875991946e+08,2.1454701828e+08,2.0457983352e+08,1.7589217906e+08,1.5846947214e+08,1.4379824016e+08,7.1899120080e+07
64,800,40,1.7606880522e+09,1.3485584009e+09,1.1701429715e+09,1.1031761248e+09,1.0669887072e+09,9.9612844902e+08,9.6911163103e+08,9.5067915508e+08,8.8034402609e+08,1.3485584009e+09,9.3642874961e+08,7.5801332018e+08,6.9104647350e+08,6.5485905588e+08,5.8399879774e+08,5.5698197975e+08,5.3854950380e+08,4.6821437480e+08,1.1701429715e+09,7.5801332018e+08,5.7959789076e+08,5.1263104408e+08,4.7644362645e+08,4.0558336831e+08,3.7856655032e+08,3.6013407437e+08,2.8979894538e+08,1.1031761248e+09,6.9104647350e+08,5.1263104408e+08,4.4566419739e+08,4.0947677977e+08,3.3861652163e+08,3.1159970364e+08,2.9316722769e+08,2.2283209870e+08,1.0669887072e+09,6.5485905588e+08,4.7644362645e+08,4.0947677977e+08,3.7328936215e+08,3.0242910401e+08,2.7541228602e+08,2.5697981007e+08,1.8664468107e+08,9.9612844902e+08,5.8399879774e+08,4.0558336831e+08,3.3861652163e+08,3.0242910401e+08,2.3156884587e+08,2.0455202787e+08,1.8611955192e+08,1.1578442293e+08,9.6911163103e+08,5.5698197975e+08,3.7856655032e+08,3.1159970364e+08,2.7541228602e+08,2.0455202787e+08,1.7753520988e+08,1.5910273393e+08,8.8767604941e+07,9.5067915508e+08,5.3854950380e+08,3.6013407437e+08,2.9316722769e+08,2.5697981007e+08,1.8611955192e+08,1.5910273393e+08,1.4067025798e+08,7.0335128992e+07
65,800,50,3.4533154888e+09,2.3493246444e+09,2.0424119027e+09,1.9492301554e+09,1.9034339161e+09,1.8237193119e+09,1.7965823534e+09,1.7794463988e+09,1.7266577444e+09,2.3493246444e+09,1.2453337999e+09,9.3842105828e+08,8.4523931091e+08,7.9944307167e+08,7.1972846742e+08,6.9259150894e+08,6.7545555430e+08,6.2266689994e+08,2.0424119027e+09,9.3842105828e+08,6.3150831667e+08,5.3832656931e+08,4.9253033006e+08,4.1281572582e+08,3.8567876733e+08,3.6854281269e+08,3.1575415833e+08,1.9492301554e+09,8.4523931091e+08,5.3832656931e+08,4.4514482194e+08,3.9934858270e+08,3.1963397845e+08,2.9249701997e+08,2.7536106533e+08,2.2257241097e+08,1.9034339161e+09,7.9944307167e+08,4.9253033006e+08,3.9934858270e+08,3.5355234346e+08,2.7383773921e+08,2.4670078072e+08,2.2956482608e+08,1.7677617173e+08,1.8237193119e+09,7.1972846742e+08,4.1281572582e+08,3.1963397845e+08,2.7383773921e+08,1.9412313496e+08,1.6698617648e+08,1.4985022184e+08,9.7061567482e+07,1.7965823534e+09,6.9259150894e+08,3.8567876733e+08,2.9249701997e+08,2.4670078072e+08,1.6698617648e+08,1.3984921799e+08,1.2271326335e+08,6.9924608997e+07,1.7794463988e+09,6.7545555430e+08,3.6854281269e+08,2.7536106533e+08,2.2956482608e+08,1.4985022184e+08,1.2271326335e+08,1.0557730871e+08,5.2788654357e+07
66,800,60,3.2793814779e+09,2.1902236199e+09,1.9188245533e+09,1.8387876534e+09,1.7997710849e+09,1.7298727388e+09,1.7035023795e+09,1.6861084095e+09,1.6396907390e+09,2.1902236199e+09,1.1010657619e+09,8.2966669529e+08,7.4962979537e+08,7.1061322689e+08,6.4071488072e+08,6.1434452147e+08,5.9695055143e+08,5.5053288093e+08,1.9188245533e+09,8.2966669529e+08,5.5826762871e+08,4.7823072879e+08,4.3921416031e+08,3.6931581414e+08,3.4294545489e+08,3.2555148485e+08,2.7913381436e+08,1.8387876534e+09,7.4962979537e+08,4.7823072879e+08,3.9819382887e+08,3.5917726039e+08,2.8927891422e+08,2.6290855497e+08,2.4551458493e+08,1.9909691444e+08,1.7997710849e+09,7.1061322689e+08,4.3921416031e+08,3.5917726039e+08,3.2016069190e+08,2.5026234574e+08,2.2389198649e+08,2.0649801644e+08,1.6008034595e+08,1.7298727388e+09,6.4071488072e+08,3.6931581414e+08,2.8927891422e+08,2.5026234574e+08,1.8036399958e+08,1.5399364032e+08,1.3659967028e+08,9.0181999788e+07,1.7035023795e+09,6.1434452147e+08,3.4294545489e+08,2.6290855497e+08,2.2389198649e+08,1.5399364032e+08,1.2762328107e+08,1.1022931102e+08,6.3811640533e+07,1.6861084095e+09,5.9695055143e+08,3.2555148485e+08,2.4551458493e+08,2.0649801644e+08,1.3659967028e+08,1.1022931102e+08,9.2835340983e+07,4.6417670492e+07
67,800,70,5.1328337582e+09,3.5434340375e+09,3.0650459179e+09,2.9108867747e+09,2.8367754923e+09,2.6994055168e+09,2.6483994073e+09,2.6189054803e+09,2.5664168791e+09,3.5434340375e+09,1.9540343168e+09,1.4756461972e+09,1.3214870540e+09,1.2473757716e+09,1.1100057961e+09,1.0589996866e+09,1.0295057596e+09,9.7701715840e+08,3.0650459179e+09,1.4756461972e+09,9.9725807766e+08,8.4309893441e+08,7.6898765202e+08,6.3161767650e+08,5.8061156704e+08,5.5111764004e+08,4.9862903883e+08,2.9108867747e+09,1.3214870540e+09,8.4309893441e+08,6.8893979116e+08,6.1482850876e+08,4.7745853325e+08,4.2645242379e+08,3.9695849679e+08,3.4446989558e+08,2.8367754923e+09,1.2473757716e+09,7.6898765202e+08,6.1482850876e+08,5.4071722637e+08,4.0334725085e+08,3.5234114139e+08,3.2284721439e+08,2.7035861318e+08,2.6994055168e+09,1.1100057961e+09,6.3161767650e+08,4.7745853325e+08,4.0334725085e+08,2.6597727533e+08,2.1497116587e+08,1.8547723887e+08,1.3298863767e+08,2.6483994073e+09,1.0589996866e+09,5.8061156704e+08,4.2645242379e+08,3.5234114139e+08,2.1497116587e+08,1.6396505642e+08,1.3447112941e+08,8.1982528208e+07,2.6189054803e+09,1.0295057596e+09,5.5111764004e+08,3.9695849679e+08,3.2284721439e+08,1.8547723887e+08,1.3447112941e+08,1.0497720241e+08,5.2488601207e+07
68,800,80,5.6610356579e+09,3.9265228471e+09,3.3850688052e+09,3.2091927467e+09,3.1252358974e+09,2.9705215287e+09,2.9142226439e+09,2.8827080126e+09,2.8305178289e+09,3.9265228471e+09,2.1920100364e+09,1.6505559944e+09,1.4746799359e+09,1.3907230866e+09,1.2360087179e+09,1.1797098331e+09,1.1481952019e+09,1.0960050182e+09,3.3850688052e+09,1.6505559944e+09,1.1091019525e+09,9.3322589396e+08,8.4926904471e+08,6.9455467600e+08,6.3825579116e+08,6.0674115991e+08,5.5455097624e+08,3.2091927467e+09,1.4746799359e+09,9.3322589396e+08,7.5734983545e+08,6.7339298619e+08,5.1867861749e+08,4.6237973265e+08,4.3086510140e+08,3.7867491773e+08,3.1252358974e+09,1.3907230866e+09,8.4926904471e+08,6.7339298619e+08,5.8943613694e+08,4.3472176823e+08,3.7842288340e+08,3.4690825214e+08,2.9471806847e+08,2.9705215287e+09,1.2360087179e+09,6.9455467600e+08,5.1867861749e+08,4.3472176823e+08,2.8000739953e+08,2.2370851469e+08,1.9219388344e+08,1.4000369976e+08,2.9142226439e+09,1.1797098331e+09,6.3825579116e+08,4.6237973265e+08,3.7842288340e+08,2.2370851469e+08,1.6740962985e+08,1.3589499860e+08,8.3704814926e+07,2.8827080126e+09,1.1481952019e+09,6.0674115991e+08,4.3086510140e+08,3.4690825214e+08,1.9219388344e+08,1.3589499860e+08,1.0438036734e+08,5.2190183672e+07
69,800,90,5.8204111000e+09,4.0379265329e+09,3.4788924137e+09,3.2973699819e+09,3.2109573051e+09,3.0520249106e+09,2.9944794407e+09,2.9625307213e+09,2.9102055500e+09,4.0379265329e+09,2.2554419657e+09,1.6964078465e+09,1.5148854148e+09,1.4284727380e+09,1.2695403434e+09,1.2119948735e+09,1.1800461542e+09,1.1277209829e+09,3.4788924137e+09,1.6964078465e+09,1.1373737273e+09,9.5585129555e+08,8.6943861875e+08,7.1050622423e+08,6.5296075429e+08,6.2101203494e+08,5.6868686364e+08,3.2973699819e+09,1.5148854148e+09,9.5585129555e+08,7.7432886382e+08,6.8791618703e+08,5.2898379250e+08,4.7143832256e+08,4.3948960321e+08,3.8716443191e+08,3.2109573051e+09,1.4284727380e+09,8.6943861875e+08,6.8791618703e+08,6.0150351023e+08,4.4257111570e+08,3.8502564577e+08,3.5307692641e+08,3.0075175511e+08,3.0520249106e+09,1.2695403434e+09,7.1050622423e+08,5.2898379250e+08,4.4257111570e+08,2.8363872118e+08,2.2609325124e+08,1.9414453189e+08,1.4181936059e+08,2.9944794407e+09,1.2119948735e+09,6.5296075429e+08,4.7143832256e+08,3.8502564577e+08,2.2609325124e+08,1.6854778131e+08,1.3659906195e+08,8.4273890653e+07,2.9625307213e+09,1.1800461542e+09,6.2101203494e+08,4.3948960321e+08,3.5307692641e+08,1.9414453189e+08,1.3659906195e+08,1.0465034260e+08,5.2325171300e+07
70,900,0,1.9502509978e+08,1.8722919182e+08,1.8076139399e+08,1.7691194782e+08,1.7417092628e+08,1.6595799449e+08,1.5886133939e+08,1.5120500946e+08,9.7512549890e+07,1.8722919182e+08,1.7943328386e+08,1.7296548604e+08,1.6911603986e+08,1.6637501832e+08,1.5816208653e+08,1.5106543143e+08,1.4340910150e+08,8.9716641932e+07,1.8076139399e+08,1.7296548604e+08,1.6649768821e+08,1.6264824203e+08,1.5990722049e+08,1.5169428870e+08,1.4459763361e+08,1.3694130368e+08,8.3248844104e+07,1.7691194782e+08,1.6911603986e+08,1.6264824203e+08,1.5879879586e+08,1.5605777432e+08,1.4784484253e+08,1.4074818743e+08,1.3309185750e+08,7.9399397930e+07,1.7417092628e+08,1.6637501832e+08,1.5990722049e+08,1.5605777432e+08,1.5331675278e+08,1.4510382099e+08,1.3800716589e+08,1.3035083596e+08,7.6658376390e+07,1.6595799449e+08,1.5816208653e+08,1.5169428870e+08,1.4784484253e+08,1.4510382099e+08,1.3689088919e+08,1.2979423410e+08,1.2213790417e+08,6.8445444596e+07,1.5886133939e+08,1.5106543143e+08,1.4459763361e+08,1.4074818743e+08,1.3800716589e+08,1.2979423410e+08,1.2269757901e+08,1.1504124907e+08,6.1348789503e+07,1.5120500946e+08,1.4340910150e+08,1.3694130368e+08,1.3309185750e+08,1.3035083596e+08,1.2213790417e+08,1.1504124907e+08,1.0738491914e+08,5.3692459571e+07
71,900,10,2.3022468083e+08,2.2146080215e+08,2.1526342138e+08,2.1071292891e+08,2.0727521902e+08,1.9695348229e+08,1.8887468675e+08,1.8010293482e+08,1.1511234041e+08,2.2146080215e+08,2.1269692348e+08,2.0649954271e+08,2.0194905024e+08,1.9851134034e+08,1.8818960362e+08,1.8011080808e+08,1.7133905615e+08,1.0634846174e+08,2.1526342138e+08,2.0649954271e+08,2.0030216194e+08,1.9575166946e+08,1.9231395957e+08,1.8199222285e+08,1.7391342730e+08,1.6514167538e+08,1.0015108097e+08,2.1071292891e+08,2.0194905024e+08,1.9575166946e+08,1.9120117699e+08,1.8776346710e+08,1.7744173037e+08,1.6936293483e+08,1.6059118290e+08,9.5600588494e+07,2.0727521902e+08,1.9851134034e+08,1.9231395957e+08,1.8776346710e+08,1.8432575721e+08,1.7400402048e+08,1.6592522494e+08,1.5715347301e+08,9.2162878604e+07,1.9695348229e+08,1.8818960362e+08,1.8199222285e+08,1.7744173037e+08,1.7400402048e+08,1.6368228376e+08,1.5560348821e+08,1.4683173628e+08,8.1841141878e+07,1.8887468675e+08,1.8011080808e+08,1.7391342730e+08,1.6936293483e+08,1.6592522494e+08,1.5560348821e+08,1.4752469267e+08,1.3875294074e+08,7.3762346335e+07,1.8010293482e+08,1.7133905615e+08,1.6514167538e+08,1.6059118290e+08,1.5715347301e+08,1.4683173628e+08,1.3875294074e+08,1.2998118881e+08,6.4990594406e+07
72,900,20,4.0476462597e+08,3.8577085048e+08,3.6930655158e+08,3.5821782730e+08,3.5021631656e+08,3.2722290231e+08,3.1065311292e+08,2.9547474878e+08,2.0238231299e+08,3.8577085048e+08,3.6677707499e+08,3.5031277609e+08,3.3922405181e+08,3.3122254106e+08,3.0822912682e+08,2.9165933742e+08,2.7648097329e+08,1.8338853749e+08,3.6930655158e+08,3.5031277609e+08,3.3384847719e+08,3.2275975291e+08,3.1475824216e+08,2.9176482792e+08,2.7519503853e+08,2.6001667439e+08,1.6692423859e+08,3.5821782730e+08,3.3922405181e+08,3.2275975291e+08,3.1167102863e+08,3.0366951788e+08,2.8067610364e+08,2.6410631425e+08,2.4892795011e+08,1.5583551431e+08,3.5021631656e+08,3.3122254106e+08,3.1475824216e+08,3.0366951788e+08,2.9566800714e+08,2.7267459289e+08,2.5610480350e+08,2.4092643936e+08,1.4783400357e+08,3.2722290231e+08,3.0822912682e+08,2.9176482792e+08,2.8067610364e+08,2.7267459289e+08,2.4968117865e+08,2.3311138926e+08,2.1793302512e+08,1.2484058933e+08,3.1065311292e+08,2.9165933742e+08,2.7519503853e+08,2.6410631425e+08,2.5610480350e+08,2.3311138926e+08,2.1654159986e+08,2.0136323573e+08,1.0827079993e+08,2.9547474878e+08,2.7648097329e+08,2.6001667439e+08,2.4892795011e+08,2.4092643936e+08,2.1793302512e+08,2.0136323573e+08,1.8618487159e+08,9.3092435796e+07
73,900,30,7.3121286455e+08,6.8072364260e+08,6.3693618689e+08,6.0933482807e+08,5.9003839408e+08,5.3612118628e+08,5.0416077720e+08,4.7876020461e+08,3.6560643228e+08,6.8072364260e+08,6.3023442065e+08,5.8644696494e+08,5.5884560612e+08,5.3954917213e+08,4.8563196433e+08,4.5367155525e+08,4.2827098266e+08,3.1511721033e+08,6.3693618689e+08,5.8644696494e+08,5.4265950922e+08,5.1505815040e+08,4.9576171641e+08,4.4184450861e+08,4.0988409953e+08,3.8448352695e+08,2.7132975461e+08,6.0933482807e+08,5.5884560612e+08,5.1505815040e+08,4.8745679158e+08,4.6816035759e+08,4.1424314979e+08,3.8228274071e+08,3.5688216813e+08,2.4372839579e+08,5.9003839408e+08,5.3954917213e+08,4.9576171641e+08,4.6816035759e+08,4.4886392361e+08,3.9494671581e+08,3.6298630673e+08,3.3758573414e+08,2.2443196180e+08,5.3612118628e+08,4.8563196433e+08,4.4184450861e+08,4.1424314979e+08,3.9494671581e+08,3.4102950801e+08,3.0906909893e+08,2.8366852634e+08,1.7051475400e+08,5.0416077720e+08,4.5367155525e+08,4.0988409953e+08,3.8228274071e+08,3.6298630673e+08,3.0906909893e+08,2.7710868985e+08,2.5170811726e+08,1.3855434492e+08,4.7876020461e+08,4.2827098266e+08,3.8448352695e+08,3.5688216813e+08,3.3758573414e+08,2.8366852634e+08,2.5170811726e+08,2.2630754467e+08,1.1315377234e+08
74,900,40,2.6868868270e+09,2.0511749012e+09,1.7831693049e+09,1.6818277086e+09,1.6265916530e+09,1.5171216287e+09,1.4742353220e+09,1.4459743892e+09,1.3434434135e+09,2.0511749012e+09,1.4154629754e+09,1.1474573791e+09,1.0461157828e+09,9.9087972724e+08,8.8140970290e+08,8.3852339618e+08,8.1026246339e+08,7.0773148771e+08,1.7831693049e+09,1.1474573791e+09,8.7945178284e+08,7.7811018650e+08,7.2287413095e+08,6.1340410660e+08,5.7051779988e+08,5.4225686710e+08,4.3972589142e+08,1.6818277086e+09,1.0461157828e+09,7.7811018650e+08,6.7676859017e+08,6.2153253462e+08,5.1206251027e+08,4.6917620355e+08,4.4091527077e+08,3.3838429509e+08,1.6265916530e+09,9.9087972724e+08,7.2287413095e+08,6.2153253462e+08,5.6629647906e+08,4.5682645471e+08,4.1394014800e+08,3.8567921521e+08,2.8314823953e+08,1.5171216287e+09,8.8140970290e+08,6.1340410660e+08,5.1206251027e+08,4.5682645471e+08,3.4735643037e+08,3.0447012365e+08,2.7620919086e+08,1.7367821518e+08,1.4742353220e+09,8.3852339618e+08,5.7051779988e+08,4.6917620355e+08,4.1394014800e+08,3.0447012365e+08,2.6158381693e+08,2.3332288414e+08,1.3079190847e+08,1.4459743892e+09,8.1026246339e+08,5.4225686710e+08,4.4091527077e+08,3.8567921521e+08,2.7620919086e+08,2.3332288414e+08,2.0506195136e+08,1.0253097568e+08
75,900,50,4.7895680511e+09,3.2749906443e+09,2.8521578576e+09,2.7209314154e+09,2.6555232745e+09,2.5394156277e+09,2.4986769367e+09,2.4732727305e+09,2.3947840255e+09,3.2749906443e+09,1.7604132375e+09,1.3375804508e+09,1.2063540086e+09,1.1409458677e+09,1.0248382209e+09,9.8409952995e+08,9.5869532370e+08,8.8020661877e+08,2.8521578576e+09,1.3375804508e+09,9.1474766416e+08,7.8352122191e+08,7.1811308104e+08,6.0200543420e+08,5.6126674326e+08,5.3586253701e+08,4.5737383208e+08,2.7209314154e+09,1.2063540086e+09,7.8352122191e+08,6.5229477966e+08,5.8688663879e+08,4.7077899195e+08,4.3004030101e+08,4.0463609477e+08,3.2614738983e+08,2.6555232745e+09,1.1409458677e+09,7.1811308104e+08,5.8688663879e+08,5.2147849792e+08,4.0537085108e+08,3.6463216014e+08,3.3922795390e+08,2.6073924896e+08,2.5394156277e+09,1.0248382209e+09,6.0200543420e+08,4.7077899195e+08,4.0537085108e+08,2.8926320423e+08,2.4852451330e+08,2.2312030705e+08,1.4463160212e+08,2.4986769367e+09,9.8409952995e+08,5.6126674326e+08,4.3004030101e+08,3.6463216014e+08,2.4852451330e+08,2.0778582236e+08,1.8238161611e+08,1.0389291118e+08,2.4732727305e+09,9.5869532370e+08,5.3586253701e+08,4.0463609477e+08,3.3922795390e+08,2.2312030705e+08,1.8238161611e+08,1.5697740987e+08,7.8488704936e+07
76,900,60,4.5634160466e+09,3.0507173549e+09,2.6784288642e+09,2.5673433565e+09,2.5125872923e+09,2.4129399530e+09,2.3749973472e+09,2.3502971620e+09,2.2817080233e+09,3.0507173549e+09,1.5380186632e+09,1.1657301725e+09,1.0546446648e+09,9.9988860062e+08,9.0024126132e+08,8.6229865552e+08,8.3759847031e+08,7.6900933162e+08,2.6784288642e+09,1.1657301725e+09,7.9344168174e+08,6.8235617410e+08,6.2760010987e+08,5.2795277057e+08,4.9001016477e+08,4.6530997956e+08,3.9672084087e+08,2.5673433565e+09,1.0546446648e+09,6.8235617410e+08,5.7127066646e+08,5.1651460223e+08,4.1686726293e+08,3.7892465713e+08,3.5422447193e+08,2.8563533323e+08,2.5125872923e+09,9.9988860062e+08,6.2760010987e+08,5.1651460223e+08,4.6175853800e+08,3.6211119870e+08,3.2416859290e+08,2.9946840769e+08,2.3087926900e+08,2.4129399530e+09,9.0024126132e+08,5.2795277057e+08,4.1686726293e+08,3.6211119870e+08,2.6246385940e+08,2.2452125360e+08,1.9982106839e+08,1.3123192970e+08,2.3749973472e+09,8.6229865552e+08,4.9001016477e+08,3.7892465713e+08,3.2416859290e+08,2.2452125360e+08,1.8657864780e+08,1.6187846260e+08,9.3289323902e+07,2.3502971620e+09,8.3759847031e+08,4.6530997956e+08,3.5422447193e+08,2.9946840769e+08,1.9982106839e+08,1.6187846260e+08,1.3717827739e+08,6.8589138693e+07
77,900,70,6.2104498743e+09,4.2791334476e+09,3.7141260844e+09,3.5319984673e+09,3.4434626145e+09,3.2780165416e+09,3.2156228768e+09,3.1788980972e+09,3.1052249372e+09,4.2791334476e+09,2.3478170209e+09,1.7828096577e+09,1.6006820406e+09,1.5121461878e+09,1.3467001149e+09,1.2843064501e+09,1.2475816705e+09,1.1739085105e+09,3.7141260844e+09,1.7828096577e+09,1.2178022944e+09,1.0356746773e+09,9.4713882450e+08,7.8169275165e+08,7.1929908688e+08,6.8257430719e+08,6.0890114720e+08,3.5319984673e+09,1.6006820406e+09,1.0356746773e+09,8.5354706028e+08,7.6501120745e+08,5.9956513460e+08,5.3717146983e+08,5.0044669013e+08,4.2677353014e+08,3.4434626145e+09,1.5121461878e+09,9.4713882450e+08,7.6501120745e+08,6.7647535461e+08,5.1102928176e+08,4.4863561699e+08,4.1191083730e+08,3.3823767731e+08,3.2780165416e+09,1.3467001149e+09,7.8169275165e+08,5.9956513460e+08,5.1102928176e+08,3.4558320892e+08,2.8318954414e+08,2.4646476445e+08,1.7279160446e+08,3.2156228768e+09,1.2843064501e+09,7.1929908688e+08,5.3717146983e+08,4.4863561699e+08,2.8318954414e+08,2.2079587937e+08,1.8407109968e+08,1.1039793969e+08,3.1788980972e+09,1.2475816705e+09,6.8257430719e+08,5.0044669013e+08,4.1191083730e+08,2.4646476445e+08,1.8407109968e+08,1.4734631998e+08,7.3673159992e+07
78,900,80,6.6126925445e+09,4.5824492866e+09,3.9643891089e+09,3.7630295142e+09,3.6657573348e+09,3.4846847696e+09,3.4176829746e+09,3.3792967529e+09,3.3063462723e+09,4.5824492866e+09,2.5522060288e+09,1.9341458510e+09,1.7327862564e+09,1.6355140769e+09,1.4544415117e+09,1.3874397167e+09,1.3490534950e+09,1.2761030144e+09,3.9643891089e+09,1.9341458510e+09,1.3160856733e+09,1.1147260786e+09,1.0174538992e+09,8.3638133396e+08,7.6937953892e+08,7.3099331727e+08,6.5804283663e+08,3.7630295142e+09,1.7327862564e+09,1.1147260786e+09,9.1336648397e+08,8.1609430453e+08,6.3502173931e+08,5.6801994428e+08,5.2963372263e+08,4.5668324198e+08,3.6657573348e+09,1.6355140769e+09,1.0174538992e+09,8.1609430453e+08,7.1882212509e+08,5.3774955987e+08,4.7074776484e+08,4.3236154319e+08,3.5941106255e+08,3.4846847696e+09,1.4544415117e+09,8.3638133396e+08,6.3502173931e+08,5.3774955987e+08,3.5667699466e+08,2.8967519962e+08,2.5128897797e+08,1.7833849733e+08,3.4176829746e+09,1.3874397167e+09,7.6937953892e+08,5.6801994428e+08,4.7074776484e+08,2.8967519962e+08,2.2267340458e+08,1.8428718294e+08,1.1133670229e+08,3.3792967529e+09,1.3490534950e+09,7.3099331727e+08,5.2963372263e+08,4.3236154319e+08,2.5128897797e+08,1.8428718294e+08,1.4590096129e+08,7.2950480647e+07
79,900,90,6.7722384967e+09,4.6960374860e+09,4.0585379606e+09,3.8508675249e+09,3.7508305774e+09,3.5652422531e+09,3.4970919082e+09,3.4584033613e+09,3.3861192483e+09,4.6960374860e+09,2.6198364752e+09,1.9823369499e+09,1.7746665142e+09,1.6746295667e+09,1.4890412424e+09,1.4208908975e+09,1.3822023506e+09,1.3099182376e+09,4.0585379606e+09,1.9823369499e+09,1.3448374245e+09,1.1371669888e+09,1.0371300413e+09,8.5154171707e+08,7.8339137216e+08,7.4470282518e+08,6.7241871226e+08,3.8508675249e+09,1.7746665142e+09,1.1371669888e+09,9.2949655311e+08,8.2945960562e+08,6.4387128137e+08,5.7572093646e+08,5.3703238948e+08,4.6474827656e+08,3.7508305774e+09,1.6746295667e+09,1.0371300413e+09,8.2945960562e+08,7.2942265812e+08,5.4383433387e+08,4.7568398896e+08,4.3699544199e+08,3.6471132906e+08,3.5652422531e+09,1.4890412424e+09,8.5154171707e+08,6.4387128137e+08,5.4383433387e+08,3.5824600963e+08,2.9009566472e+08,2.5140711774e+08,1.7912300481e+08,3.4970919082e+09,1.4208908975e+09,7.8339137216e+08,5.7572093646e+08,4.7568398896e+08,2.9009566472e+08,2.2194531981e+08,1.8325677283e+08,1.1097265990e+08,3.4584033613e+09,1.3822023506e+09,7.4470282518e+08,5.3703238948e+08,4.3699544199e+08,2.5140711774e+08,1.8325677283e+08,1.4456822585e+08,7.2284112926e+07
80,1000,0,4.1389964982e+08,3.9853031385e+08,3.8659723340e+08,3.7783530494e+08,3.7123469515e+08,3.5174221678e+08,3.3689266668e+08,3.2113775548e+08,2.0694982491e+08,3.9853031385e+08,3.8316097789e+08,3.7122789744e+08,3.6246596898e+08,3.5586535919e+08,3.3637288082e+08,3.2152333071e+08,3.0576841951e+08,1.9158048894e+08,3.8659723340e+08,3.7122789744e+08,3.5929481699e+08,3.5053288853e+08,3.4393227874e+08,3.2443980037e+08,3.0959025026e+08,2.9383533906e+08,1.7964740849e+08,3.7783530494e+08,3.6246596898e+08,3.5053288853e+08,3.4177096007e+08,3.3517035028e+08,3.1567787191e+08,3.0082832180e+08,2.8507341060e+08,1.7088548003e+08,3.7123469515e+08,3.5586535919e+08,3.4393227874e+08,3.3517035028e+08,3.2856974049e+08,3.0907726212e+08,2.9422771201e+08,2.7847280081e+08,1.6428487024e+08,3.5174221678e+08,3.3637288082e+08,3.2443980037e+08,3.1567787191e+08,3.0907726212e+08,2.8958478375e+08,2.7473523364e+08,2.5898032244e+08,1.4479239187e+08,3.3689266668e+08,3.2152333071e+08,3.0959025026e+08,3.0082832180e+08,2.9422771201e+08,2.7473523364e+08,2.5988568353e+08,2.4413077233e+08,1.2994284177e+08,3.2113775548e+08,3.0576841951e+08,2.9383533906e+08,2.8507341060e+08,2.7847280081e+08,2.5898032244e+08,2.4413077233e+08,2.2837586113e+08,1.1418793057e+08
81,1000,10,4.9688022712e+08,4.7581660907e+08,4.5901773325e+08,4.4731113760e+08,4.3867608822e+08,4.1293019943e+08,3.9252072892e+08,3.7309289732e+08,2.4844011356e+08,4.7581660907e+08,4.5475299101e+08,4.3795411519e+08,4.2624751954e+08,4.1761247016e+08,3.9186658137e+08,3.7145711086e+08,3.5202927926e+08,2.2737649550e+08,4.5901773325e+08,4.3795411519e+08,4.2115523937e+08,4.0944864372e+08,4.0081359434e+08,3.7506770555e+08,3.5465823505e+08,3.3523040344e+08,2.1057761969e+08,4.4731113760e+08,4.2624751954e+08,4.0944864372e+08,3.9774204807e+08,3.8910699869e+08,3.6336110990e+08,3.4295163940e+08,3.2352380779e+08,1.9887102404e+08,4.3867608822e+08,4.1761247016e+08,4.0081359434e+08,3.8910699869e+08,3.8047194931e+08,3.5472606053e+08,3.3431659002e+08,3.1488875842e+08,1.9023597466e+08,4.1293019943e+08,3.9186658137e+08,3.7506770555e+08,3.6336110990e+08,3.5472606053e+08,3.2898017174e+08,3.0857070123e+08,2.8914286963e+08,1.6449008587e+08,3.9252072892e+08,3.7145711086e+08,3.5465823505e+08,3.4295163940e+08,3.3431659002e+08,3.0857070123e+08,2.8816123072e+08,2.6873339912e+08,1.4408061536e+08,3.7309289732e+08,3.5202927926e+08,3.3523040344e+08,3.2352380779e+08,3.1488875842e+08,2.8914286963e+08,2.6873339912e+08,2.4930556752e+08,1.2465278376e+08
82,1000,20,7.7188534941e+08,7.3056450591e+08,6.9384867036e+08,6.6969191157e+08,6.5252130903e+08,6.0414957130e+08,5.6969150972e+08,5.4122202291e+08,3.8594267470e+08,7.3056450591e+08,6.8924366241e+08,6.5252782686e+08,6.2837106807e+08,6.1120046553e+08,5.6282872781e+08,5.2837066622e+08,4.9990117941e+08,3.4462183121e+08,6.9384867036e+08,6.5252782686e+08,6.1581199132e+08,5.9165523252e+08,5.7448462998e+08,5.2611289226e+08,4.9165483067e+08,4.6318534387e+08,3.0790599566e+08,6.6969191157e+08,6.2837106807e+08,5.9165523252e+08,5.6749847372e+08,5.5032787118e+08,5.0195613346e+08,4.6749807188e+08,4.3902858507e+08,2.8374923686e+08,6.5252130903e+08,6.1120046553e+08,5.7448462998e+08,5.5032787118e+08,5.3315726864e+08,4.8478553092e+08,4.5032746934e+08,4.2185798253e+08,2.6657863432e+08,6.0414957130e+08,5.6282872781e+08,5.2611289226e+08,5.0195613346e+08,4.8478553092e+08,4.3641379320e+08,4.0195573162e+08,3.7348624481e+08,2.1820689660e+08,5.6969150972e+08,5.2837066622e+08,4.9165483067e+08,4.6749807188e+08,4.5032746934e+08,4.0195573162e+08,3.6749767003e+08,3.3902818322e+08,1.8374883502e+08,5.4122202291e+08,4.9990117941e+08,4.6318534387e+08,4.3902858507e+08,4.2185798253e+08,3.7348624481e+08,3.3902818322e+08,3.1055869641e+08,1.5527934821e+08
83,1000,30,1.2390539232e+09,1.1458054945e+09,1.0655899701e+09,1.0155061280e+09,9.8072666840e+08,8.8528186986e+08,8.2966737098e+08,7.8814958483e+08,6.1952696158e+08,1.1458054945e+09,1.0525570658e+09,9.7234154144e+08,9.2225769935e+08,8.8747823972e+08,7.9203344118e+08,7.3641894230e+08,6.9490115614e+08,5.2627853289e+08,1.0655899701e+09,9.7234154144e+08,8.9212601709e+08,8.4204217500e+08,8.0726271537e+08,7.1181791683e+08,6.5620341795e+08,6.1468563179e+08,4.4606300854e+08,1.0155061280e+09,9.2225769935e+08,8.4204217500e+08,7.9195833292e+08,7.5717887328e+08,6.6173407475e+08,6.0611957587e+08,5.6460178971e+08,3.9597916646e+08,9.8072666840e+08,8.8747823972e+08,8.0726271537e+08,7.5717887328e+08,7.2239941365e+08,6.2695461511e+08,5.7134011623e+08,5.2982233007e+08,3.6119970682e+08,8.8528186986e+08,7.9203344118e+08,7.1181791683e+08,6.6173407475e+08,6.2695461511e+08,5.3150981658e+08,4.7589531769e+08,4.3437753154e+08,2.6575490829e+08,8.2966737098e+08,7.3641894230e+08,6.5620341795e+08,6.0611957587e+08,5.7134011623e+08,4.7589531769e+08,4.2028081881e+08,3.7876303266e+08,2.1014040941e+08,7.8814958483e+08,6.9490115614e+08,6.1468563179e+08,5.6460178971e+08,5.2982233007e+08,4.3437753154e+08,3.7876303266e+08,3.3724524650e+08,1.6862262325e+08
84,1000,40,3.9147195397e+09,2.9852401836e+09,2.6015723237e+09,2.4550060331e+09,2.3741744907e+09,2.2109382476e+09,2.1452110411e+09,2.1028358806e+09,1.9573597698e+09,2.9852401836e+09,2.0557608275e+09,1.6720929676e+09,1.5255266771e+09,1.4446951346e+09,1.2814588915e+09,1.2157316851e+09,1.1733565245e+09,1.0278804138e+09,2.6015723237e+09,1.6720929676e+09,1.2884251077e+09,1.1418588171e+09,1.0610272747e+09,8.9779103161e+08,8.3206382513e+08,7.8968866457e+08,6.4421255384e+08,2.4550060331e+09,1.5255266771e+09,1.1418588171e+09,9.9529252662e+08,9.1446098418e+08,7.5122474109e+08,6.8549753460e+08,6.4312237405e+08,4.9764626331e+08,2.3741744907e+09,1.4446951346e+09,1.0610272747e+09,9.1446098418e+08,8.3362944173e+08,6.7039319864e+08,6.0466599216e+08,5.6229083160e+08,4.1681472087e+08,2.2109382476e+09,1.2814588915e+09,8.9779103161e+08,7.5122474109e+08,6.7039319864e+08,5.0715695555e+08,4.4142974907e+08,3.9905458851e+08,2.5357847777e+08,2.1452110411e+09,1.2157316851e+09,8.3206382513e+08,6.8549753460e+08,6.0466599216e+08,4.4142974907e+08,3.7570254258e+08,3.3332738203e+08,1.8785127129e+08,2.1028358806e+09,1.1733565245e+09,7.8968866457e+08,6.4312237405e+08,5.6229083160e+08,3.9905458851e+08,3.3332738203e+08,2.9095222147e+08,1.4547611074e+08
85,1000,50,6.3141489721e+09,4.3401971546e+09,3.7929235417e+09,3.6182445830e+09,3.5293624446e+09,3.3662855146e+09,3.3063725317e+09,3.2693414796e+09,3.1570744860e+09,4.3401971546e+09,2.3662453372e+09,1.8189717243e+09,1.6442927655e+09,1.5554106271e+09,1.3923336971e+09,1.3324207142e+09,1.2953896622e+09,1.1831226686e+09,3.7929235417e+09,1.8189717243e+09,1.2716981113e+09,1.0970191526e+09,1.0081370142e+09,8.4506008420e+08,7.8514710131e+08,7.4811604924e+08,6.3584905567e+08,3.6182445830e+09,1.6442927655e+09,1.0970191526e+09,9.2234019390e+08,8.3345805548e+08,6.7038112548e+08,6.1046814259e+08,5.7343709052e+08,4.6117009695e+08,3.5293624446e+09,1.5554106271e+09,1.0081370142e+09,8.3345805548e+08,7.4457591706e+08,5.8149898706e+08,5.2158600417e+08,4.8455495210e+08,3.7228795853e+08,3.3662855146e+09,1.3923336971e+09,8.4506008420e+08,6.7038112548e+08,5.8149898706e+08,4.1842205706e+08,3.5850907417e+08,3.2147802210e+08,2.0921102853e+08,3.3063725317e+09,1.3324207142e+09,7.8514710131e+08,6.1046814259e+08,5.2158600417e+08,3.5850907417e+08,2.9859609128e+08,2.6156503921e+08,1.4929804564e+08,3.2693414796e+09,1.2953896622e+09,7.4811604924e+08,5.7343709052e+08,4.8455495210e+08,3.2147802210e+08,2.6156503921e+08,2.2453398714e+08,1.1226699357e+08
86,1000,60,6.1187342470e+09,4.1067922297e+09,3.6122296779e+09,3.4617151849e+09,3.3863813246e+09,3.2464264250e+09,3.1920538494e+09,3.1571363063e+09,3.0593671235e+09,4.1067922297e+09,2.0948502123e+09,1.6002876605e+09,1.4497731676e+09,1.3744393072e+09,1.2344844077e+09,1.1801118321e+09,1.1451942889e+09,1.0474251062e+09,3.6122296779e+09,1.6002876605e+09,1.1057251087e+09,9.5521061583e+08,8.7987675544e+08,7.3992185591e+08,6.8554928032e+08,6.5063173714e+08,5.5286255437e+08,3.4617151849e+09,1.4497731676e+09,9.5521061583e+08,8.0469612292e+08,7.2936226253e+08,5.8940736300e+08,5.3503478741e+08,5.0011724423e+08,4.0234806146e+08,3.3863813246e+09,1.3744393072e+09,8.7987675544e+08,7.2936226253e+08,6.5402840214e+08,5.1407350261e+08,4.5970092702e+08,4.2478338384e+08,3.2701420107e+08,3.2464264250e+09,1.2344844077e+09,7.3992185591e+08,5.8940736300e+08,5.1407350261e+08,3.7411860307e+08,3.1974602748e+08,2.8482848430e+08,1.8705930154e+08,3.1920538494e+09,1.1801118321e+09,6.8554928032e+08,5.3503478741e+08,4.5970092702e+08,3.1974602748e+08,2.6537345189e+08,2.3045590871e+08,1.3268672595e+08,3.1571363063e+09,1.1451942889e+09,6.5063173714e+08,5.0011724423e+08,4.2478338384e+08,2.8482848430e+08,2.3045590871e+08,1.9553836554e+08,9.7769182769e+07
87,1000,70,7.5112561480e+09,5.1730671468e+09,4.5057928138e+09,4.2892992832e+09,4.1825624506e+09,3.9803816091e+09,3.9024841483e+09,3.8561712973e+09,3.7556280740e+09,5.1730671468e+09,2.8348781456e+09,2.1676038126e+09,1.9511102820e+09,1.8443734494e+09,1.6421926079e+09,1.5642951471e+09,1.5179822961e+09,1.4174390728e+09,4.5057928138e+09,2.1676038126e+09,1.5003294796e+09,1.2838359491e+09,1.1770991164e+09,9.7491827490e+08,8.9702081409e+08,8.5070796308e+08,7.5016473982e+08,4.2892992832e+09,1.9511102820e+09,1.2838359491e+09,1.0673424185e+09,9.6060558585e+08,7.5842474434e+08,6.8052728353e+08,6.3421443252e+08,5.3367120925e+08,4.1825624506e+09,1.8443734494e+09,1.1770991164e+09,9.6060558585e+08,8.5386875319e+08,6.5168791168e+08,5.7379045087e+08,5.2747759986e+08,4.2693437659e+08,3.9803816091e+09,1.6421926079e+09,9.7491827490e+08,7.5842474434e+08,6.5168791168e+08,4.4950707018e+08,3.7160960936e+08,3.2529675836e+08,2.2475353509e+08,3.9024841483e+09,1.5642951471e+09,8.9702081409e+08,6.8052728353e+08,5.7379045087e+08,3.7160960936e+08,2.9371214854e+08,2.4739929754e+08,1.4685607427e+08,3.8561712973e+09,1.5179822961e+09,8.5070796308e+08,6.3421443252e+08,5.2747759986e+08,3.2529675836e+08,2.4739929754e+08,2.0108644653e+08,1.0054322327e+08
88,1000,80,7.7795279340e+09,5.3934967234e+09,4.6806173814e+09,4.4469350932e+09,4.3325067525e+09,4.1171625636e+09,4.0357100532e+09,3.9883857560e+09,3.8897639670e+09,5.3934967234e+09,3.0074655128e+09,2.2945861707e+09,2.0609038826e+09,1.9464755419e+09,1.7311313530e+09,1.6496788426e+09,1.6023545453e+09,1.5037327564e+09,4.6806173814e+09,2.2945861707e+09,1.5817068287e+09,1.3480245405e+09,1.2335961998e+09,1.0182520109e+09,9.3679950058e+08,8.8947520328e+08,7.9085341434e+08,4.4469350932e+09,2.0609038826e+09,1.3480245405e+09,1.1143422524e+09,9.9991391166e+08,7.8456972276e+08,7.0311721241e+08,6.5579291512e+08,5.5717112618e+08,4.3325067525e+09,1.9464755419e+09,1.2335961998e+09,9.9991391166e+08,8.8548557096e+08,6.7014138206e+08,5.8868887172e+08,5.4136457442e+08,4.4274278548e+08,4.1171625636e+09,1.7311313530e+09,1.0182520109e+09,7.8456972276e+08,6.7014138206e+08,4.5479719317e+08,3.7334468282e+08,3.2602038553e+08,2.2739859658e+08,4.0357100532e+09,1.6496788426e+09,9.3679950058e+08,7.0311721241e+08,5.8868887172e+08,3.7334468282e+08,2.9189217247e+08,2.4456787518e+08,1.4594608624e+08,3.9883857560e+09,1.6023545453e+09,8.8947520328e+08,6.5579291512e+08,5.4136457442e+08,3.2602038553e+08,2.4456787518e+08,1.9724357788e+08,9.8621788942e+07
89,1000,90,7.8762570830e+09,5.4644188432e+09,4.7392307934e+09,4.5011545397e+09,4.3848027630e+09,4.1661349880e+09,4.0838322883e+09,4.0363260599e+09,3.9381285415e+09,5.4644188432e+09,3.0525806034e+09,2.3273925536e+09,2.0893162999e+09,1.9729645232e+09,1.7542967482e+09,1.6719940485e+09,1.6244878201e+09,1.5262903017e+09,4.7392307934e+09,2.3273925536e+09,1.6022045039e+09,1.3641282501e+09,1.2477764735e+09,1.0291086984e+09,9.4680599868e+08,8.9929977029e+08,8.0110225193e+08,4.5011545397e+09,2.0893162999e+09,1.3641282501e+09,1.1260519964e+09,1.0097002197e+09,7.9103244464e+08,7.0872974493e+08,6.6122351653e+08,5.6302599818e+08,4.3848027630e+09,1.9729645232e+09,1.2477764735e+09,1.0097002197e+09,8.9334844304e+08,6.7468066798e+08,5.9237796828e+08,5.4487173988e+08,4.4667422152e+08,4.1661349880e+09,1.7542967482e+09,1.0291086984e+09,7.9103244464e+08,6.7468066798e+08,4.5601289292e+08,3.7371019322e+08,3.2620396482e+08,2.2800644646e+08,4.0838322883e+09,1.6719940485e+09,9.4680599868e+08,7.0872974493e+08,5.9237796828e+08,3.7371019322e+08,2.9140749351e+08,2.4390126511e+08,1.4570374675e+08,4.0363260599e+09,1.6244878201e+09,8.9929977029e+08,6.6122351653e+08,5.4487173988e+08,3.2620396482e+08,2.4390126511e+08,1.9639503671e+08,9.8197518357e+07
90,1100,0,9.3689018618e+08,8.9707391686e+08,8.6406959993e+08,8.4029488229e+08,8.2267227465e+08,7.7190080188e+08,7.3342749425e+08,6.9737056022e+08,4.6844509309e+08,8.9707391686e+08,8.5725764753e+08,8.2425333061e+08,8.0047861297e+08,7.8285600533e+08,7.3208453255e+08,6.9361122493e+08,6.5755429090e+08,4.2862882377e+08,8.6406959993e+08,8.2425333061e+08,7.9124901369e+08,7.6747429604e+08,7.4985168841e+08,6.9908021563e+08,6.6060690800e+08,6.2454997398e+08,3.9562450685e+08,8.4029488229e+08,8.0047861297e+08,7.6747429604e+08,7.4369957840e+08,7.2607697076e+08,6.7530549799e+08,6.3683219036e+08,6.0077525633e+08,3.7184978920e+08,8.2267227465e+08,7.8285600533e+08,7.4985168841e+08,7.2607697076e+08,7.0845436313e+08,6.5768289035e+08,6.1920958272e+08,5.8315264870e+08,3.5422718156e+08,7.7190080188e+08,7.3208453255e+08,6.9908021563e+08,6.7530549799e+08,6.5768289035e+08,6.0691141758e+08,5.6843810995e+08,5.3238117592e+08,3.0345570879e+08,7.3342749425e+08,6.9361122493e+08,6.6060690800e+08,6.3683219036e+08,6.1920958272e+08,5.6843810995e+08,5.2996480232e+08,4.9390786829e+08,2.6498240116e+08,6.9737056022e+08,6.5755429090e+08,6.2454997398e+08,6.0077525633e+08,5.8315264870e+08,5.3238117592e+08,4.9390786829e+08,4.5785093426e+08,2.2892546713e+08
91,1100,10,1.0328582770e+09,9.8327369011e+08,9.3964855430e+08,9.1069919400e+08,8.8991711514e+08,8.3048503103e+08,7.8433777673e+08,7.4460263806e+08,5.1642913849e+08,9.8327369011e+08,9.3368910324e+08,8.9006396743e+08,8.6111460713e+08,8.4033252827e+08,7.8090044415e+08,7.3475318986e+08,6.9501805119e+08,4.6684455162e+08,9.3964855430e+08,8.9006396743e+08,8.4643883161e+08,8.1748947132e+08,7.9670739245e+08,7.3727530834e+08,6.9112805405e+08,6.5139291537e+08,4.2321941581e+08,9.1069919400e+08,8.6111460713e+08,8.1748947132e+08,7.8854011102e+08,7.6775803216e+08,7.0832594804e+08,6.6217869375e+08,6.2244355508e+08,3.9427005551e+08,8.8991711514e+08,8.4033252827e+08,7.9670739245e+08,7.6775803216e+08,7.4697595329e+08,6.8754386918e+08,6.4139661489e+08,6.0166147621e+08,3.7348797664e+08,8.3048503103e+08,7.8090044415e+08,7.3727530834e+08,7.0832594804e+08,6.8754386918e+08,6.2811178507e+08,5.8196453077e+08,5.4222939210e+08,3.1405589253e+08,7.8433777673e+08,7.3475318986e+08,6.9112805405e+08,6.6217869375e+08,6.4139661489e+08,5.8196453077e+08,5.3581727648e+08,4.9608213781e+08,2.6790863824e+08,7.4460263806e+08,6.9501805119e+08,6.5139291537e+08,6.2244355508e+08,6.0166147621e+08,5.4222939210e+08,4.9608213781e+08,4.5634699913e+08,2.2817349957e+08
92,1100,20,1.4137458888e+09,1.3304734000e+09,1.2547443344e+09,1.2061026759e+09,1.1719210573e+09,1.0765847101e+09,1.0096917838e+09,9.5809958190e+08,7.0687294439e+08,1.3304734000e+09,1.2472009111e+09,1.1714718456e+09,1.1228301871e+09,1.0886485685e+09,9.9331222129e+08,9.2641929498e+08,8.7482709306e+08,6.2360045556e+08,1.2547443344e+09,1.1714718456e+09,1.0957427800e+09,1.0471011215e+09,1.0129195029e+09,9.1758315575e+08,8.5069022944e+08,7.9909802752e+08,5.4787139001e+08,1.2061026759e+09,1.1228301871e+09,1.0471011215e+09,9.9845946303e+08,9.6427784442e+08,8.6894149725e+08,8.0204857095e+08,7.5045636902e+08,4.9922973152e+08,1.1719210573e+09,1.0886485685e+09,1.0129195029e+09,9.6427784442e+08,9.3009622580e+08,8.3475987863e+08,7.6786695233e+08,7.1627475040e+08,4.6504811290e+08,1.0765847101e+09,9.9331222129e+08,9.1758315575e+08,8.6894149725e+08,8.3475987863e+08,7.3942353147e+08,6.7253060516e+08,6.2093840324e+08,3.6971176573e+08,1.0096917838e+09,9.2641929498e+08,8.5069022944e+08,8.0204857095e+08,7.6786695233e+08,6.7253060516e+08,6.0563767886e+08,5.5404547693e+08,3.0281883943e+08,9.5809958190e+08,8.7482709306e+08,7.9909802752e+08,7.5045636902e+08,7.1627475040e+08,6.2093840324e+08,5.5404547693e+08,5.0245327501e+08,2.5122663750e+08
93,1100,30,2.0507839414e+09,1.8822764508e+09,1.7400606866e+09,1.6528083946e+09,1.5927989100e+09,1.4308399730e+09,1.3384347217e+09,1.2728127919e+09,1.0253919707e+09,1.8822764508e+09,1.7137689602e+09,1.5715531959e+09,1.4843009039e+09,1.4242914194e+09,1.2623324824e+09,1.1699272311e+09,1.1043053013e+09,8.5688448008e+08,1.7400606866e+09,1.5715531959e+09,1.4293374317e+09,1.3420851397e+09,1.2820756552e+09,1.1201167182e+09,1.0277114669e+09,9.6208953709e+08,7.1466871586e+08,1.6528083946e+09,1.4843009039e+09,1.3420851397e+09,1.2548328477e+09,1.1948233632e+09,1.0328644262e+09,9.4045917485e+08,8.7483724509e+08,6.2741642386e+08,1.5927989100e+09,1.4242914194e+09,1.2820756552e+09,1.1948233632e+09,1.1348138787e+09,9.7285494168e+08,8.8044969035e+08,8.1482776059e+08,5.6740693935e+08,1.4308399730e+09,1.2623324824e+09,1.1201167182e+09,1.0328644262e+09,9.7285494168e+08,8.1089600466e+08,7.1849075332e+08,6.5286882356e+08,4.0544800233e+08,1.3384347217e+09,1.1699272311e+09,1.0277114669e+09,9.4045917485e+08,8.8044969035e+08,7.1849075332e+08,6.2608550199e+08,5.6046357223e+08,3.1304275099e+08,1.2728127919e+09,1.1043053013e+09,9.6208953709e+08,8.7483724509e+08,8.1482776059e+08,6.5286882356e+08,5.6046357223e+08,4.9484164247e+08,2.4742082123e+08
94,1100,40,5.5902483555e+09,4.2614131850e+09,3.7257984347e+09,3.5179848192e+09,3.4018848756e+09,3.1626504578e+09,3.0634794062e+09,3.0008655563e+09,2.7951241778e+09,4.2614131850e+09,2.9325780146e+09,2.3969632642e+09,2.1891496487e+09,2.0730497051e+09,1.8338152873e+09,1.7346442357e+09,1.6720303858e+09,1.4662890073e+09,3.7257984347e+09,2.3969632642e+09,1.8613485139e+09,1.6535348984e+09,1.5374349548e+09,1.2982005370e+09,1.1990294854e+09,1.1364156354e+09,9.3067425693e+08,3.5179848192e+09,2.1891496487e+09,1.6535348984e+09,1.4457212829e+09,1.3296213393e+09,1.0903869215e+09,9.9121586992e+08,9.2860201997e+08,7.2286064146e+08,3.4018848756e+09,2.0730497051e+09,1.5374349548e+09,1.3296213393e+09,1.2135213957e+09,9.7428697789e+08,8.7511592631e+08,8.1250207637e+08,6.0676069786e+08,3.1626504578e+09,1.8338152873e+09,1.2982005370e+09,1.0903869215e+09,9.7428697789e+08,7.3505256006e+08,6.3588150849e+08,5.7326765854e+08,3.6752628003e+08,3.0634794062e+09,1.7346442357e+09,1.1990294854e+09,9.9121586992e+08,8.7511592631e+08,6.3588150849e+08,5.3671045691e+08,4.7409660696e+08,2.6835522845e+08,3.0008655563e+09,1.6720303858e+09,1.1364156354e+09,9.2860201997e+08,8.1250207637e+08,5.7326765854e+08,4.7409660696e+08,4.1148275702e+08,2.0574137851e+08
95,1100,50,8.4014733677e+09,5.8134344324e+09,5.0923060517e+09,4.8560366717e+09,4.7336356434e+09,4.5028648603e+09,4.4148191224e+09,4.3610239516e+09,4.2007366839e+09,5.8134344324e+09,3.2253954972e+09,2.5042671165e+09,2.2679977364e+09,2.1455967081e+09,1.9148259251e+09,1.8267801871e+09,1.7729850163e+09,1.6126977486e+09,5.0923060517e+09,2.5042671165e+09,1.7831387358e+09,1.5468693557e+09,1.4244683274e+09,1.1936975444e+09,1.1056518064e+09,1.0518566356e+09,8.9156936788e+08,4.8560366717e+09,2.2679977364e+09,1.5468693557e+09,1.3105999756e+09,1.1881989474e+09,9.5742816430e+08,8.6938242639e+08,8.1558725553e+08,6.5529998782e+08,4.7336356434e+09,2.1455967081e+09,1.4244683274e+09,1.1881989474e+09,1.0657979191e+09,8.3502713604e+08,7.4698139814e+08,6.9318622727e+08,5.3289895957e+08,4.5028648603e+09,1.9148259251e+09,1.1936975444e+09,9.5742816430e+08,8.3502713604e+08,6.0425635295e+08,5.1621061504e+08,4.6241544418e+08,3.0212817648e+08,4.4148191224e+09,1.8267801871e+09,1.1056518064e+09,8.6938242639e+08,7.4698139814e+08,5.1621061504e+08,4.2816487714e+08,3.7436970627e+08,2.1408243857e+08,4.3610239516e+09,1.7729850163e+09,1.0518566356e+09,8.1558725553e+08,6.9318622727e+08,4.6241544418e+08,3.7436970627e+08,3.2057453541e+08,1.6028726770e+08
96,1100,60,8.1776284932e+09,5.5191432477e+09,4.8605388914e+09,4.6562620915e+09,4.5525337821e+09,4.3558176198e+09,4.2773274456e+09,4.2279981386e+09,4.0888142466e+09,5.5191432477e+09,2.8606580022e+09,2.2020536459e+09,1.9977768460e+09,1.8940485366e+09,1.6973323743e+09,1.6188422001e+09,1.5695128931e+09,1.4303290011e+09,4.8605388914e+09,2.2020536459e+09,1.5434492896e+09,1.3391724897e+09,1.2354441803e+09,1.0387280180e+09,9.6023784380e+08,9.1090853679e+08,7.7172464482e+08,4.6562620915e+09,1.9977768460e+09,1.3391724897e+09,1.1348956898e+09,1.0311673804e+09,8.3445121806e+08,7.5596104386e+08,7.0663173685e+08,5.6744784489e+08,4.5525337821e+09,1.8940485366e+09,1.2354441803e+09,1.0311673804e+09,9.2743907098e+08,7.3072290866e+08,6.5223273447e+08,6.0290342745e+08,4.6371953549e+08,4.3558176198e+09,1.6973323743e+09,1.0387280180e+09,8.3445121806e+08,7.3072290866e+08,5.3400674635e+08,4.5551657215e+08,4.0618726514e+08,2.6700337317e+08,4.2773274456e+09,1.6188422001e+09,9.6023784380e+08,7.5596104386e+08,6.5223273447e+08,4.5551657215e+08,3.7702639795e+08,3.2769709094e+08,1.8851319898e+08,4.2279981386e+09,1.5695128931e+09,9.1090853679e+08,7.0663173685e+08,6.0290342745e+08,4.0618726514e+08,3.2769709094e+08,2.7836778392e+08,1.3918389196e+08
97,1100,70,9.2379061986e+09,6.3655146827e+09,5.5646785510e+09,5.3018539864e+09,5.1701237334e+09,4.9170286998e+09,4.8170400047e+09,4.7573375331e+09,4.6189530993e+09,6.3655146827e+09,3.4931231668e+09,2.6922870351e+09,2.4294624705e+09,2.2977322175e+09,2.0446371839e+09,1.9446484888e+09,1.8849460172e+09,1.7465615834e+09,5.5646785510e+09,2.6922870351e+09,1.8914509035e+09,1.6286263389e+09,1.4968960858e+09,1.2438010522e+09,1.1438123572e+09,1.0841098856e+09,9.4572545174e+08,5.3018539864e+09,2.4294624705e+09,1.6286263389e+09,1.3658017742e+09,1.2340715212e+09,9.8097648763e+08,8.8098779259e+08,8.2128532093e+08,6.8290088712e+08,5.1701237334e+09,2.2977322175e+09,1.4968960858e+09,1.2340715212e+09,1.1023412682e+09,8.4924623461e+08,7.4925753957e+08,6.8955506791e+08,5.5117063410e+08,4.9170286998e+09,2.0446371839e+09,1.2438010522e+09,9.8097648763e+08,8.4924623461e+08,5.9615120100e+08,4.9616250596e+08,4.3646003431e+08,2.9807560050e+08,4.8170400047e+09,1.9446484888e+09,1.1438123572e+09,8.8098779259e+08,7.4925753957e+08,4.9616250596e+08,3.9617381093e+08,3.3647133927e+08,1.9808690546e+08,4.7573375331e+09,1.8849460172e+09,1.0841098856e+09,8.2128532093e+08,6.8955506791e+08,4.3646003431e+08,3.3647133927e+08,2.7676886762e+08,1.3838443381e+08
98,1100,80,9.3586545954e+09,6.4914058079e+09,5.6529690129e+09,5.3762389791e+09,5.2386538675e+09,4.9756592377e+09,4.8735199084e+09,4.8137125014e+09,4.6793272977e+09,6.4914058079e+09,3.6241570204e+09,2.7857202254e+09,2.5089901915e+09,2.3714050800e+09,2.1084104502e+09,2.0062711209e+09,1.9464637138e+09,1.8120785102e+09,5.6529690129e+09,2.7857202254e+09,1.9472834305e+09,1.6705533966e+09,1.5329682850e+09,1.2699736553e+09,1.1678343259e+09,1.1080269189e+09,9.7364171524e+08,5.3762389791e+09,2.5089901915e+09,1.6705533966e+09,1.3938233627e+09,1.2562382511e+09,9.9324362136e+08,8.9110429205e+08,8.3129688500e+08,6.9691168134e+08,5.2386538675e+09,2.3714050800e+09,1.5329682850e+09,1.2562382511e+09,1.1186531396e+09,8.5565850980e+08,7.5351918050e+08,6.9371177345e+08,5.5932656979e+08,4.9756592377e+09,2.1084104502e+09,1.2699736553e+09,9.9324362136e+08,8.5565850980e+08,5.9266388004e+08,4.9052455073e+08,4.3071714368e+08,2.9633194002e+08,4.8735199084e+09,2.0062711209e+09,1.1678343259e+09,8.9110429205e+08,7.5351918050e+08,4.9052455073e+08,3.8838522143e+08,3.2857781437e+08,1.9419261071e+08,4.8137125014e+09,1.9464637138e+09,1.1080269189e+09,8.3129688500e+08,6.9371177345e+08,4.3071714368e+08,3.2857781437e+08,2.6877040732e+08,1.3438520366e+08
99,1100,90,9.4706538086e+09,6.5712957275e+09,5.7186143797e+09,5.4367899395e+09,5.2970291993e+09,5.0310369927e+09,4.9283220666e+09,4.8685133170e+09,4.7353269043e+09,6.5712957275e+09,3.6719376464e+09,2.8192562986e+09,2.5374318584e+09,2.3976711182e+09,2.1316789116e+09,2.0289639855e+09,1.9691552359e+09,1.8359688232e+09,5.7186143797e+09,2.8192562986e+09,1.9665749507e+09,1.6847505106e+09,1.5449897703e+09,1.2789975637e+09,1.1762826376e+09,1.1164738880e+09,9.8328747536e+08,5.4367899395e+09,2.5374318584e+09,1.6847505106e+09,1.4029260704e+09,1.2631653302e+09,9.9717312358e+08,8.9445819751e+08,8.3464944790e+08,7.0146303522e+08,5.2970291993e+09,2.3976711182e+09,1.5449897703e+09,1.2631653302e+09,1.1234045900e+09,8.5741238334e+08,7.5469745727e+08,6.9488870766e+08,5.6170229498e+08,5.0310369927e+09,2.1316789116e+09,1.2789975637e+09,9.9717312358e+08,8.5741238334e+08,5.9142017671e+08,4.8870525065e+08,4.2889650103e+08,2.9571008836e+08,4.9283220666e+09,2.0289639855e+09,1.1762826376e+09,8.9445819751e+08,7.5469745727e+08,4.8870525065e+08,3.8599032458e+08,3.2618157496e+08,1.9299516229e+08,4.8685133170e+09,1.9691552359e+09,1.1164738880e+09,8.3464944790e+08,6.9488870766e+08,4.2889650103e+08,3.2618157496e+08,2.6637282535e+08,1.3318641268e+08
100,1200,0,1.8914118586e+09,1.7979474024e+09,1.7130582165e+09,1.6560883083e+09,1.6151919692e+09,1.5017247270e+09,1.4160553342e+09,1.3437124879e+09,9.4570592932e+08,1.7979474024e+09,1.7044829461e+09,1.6195937602e+09,1.5626238521e+09,1.5217275129e+09,1.4082602707e+09,1.3225908779e+09,1.2502480316e+09,8.5224147305e+08,1.7130582165e+09,1.6195937602e+09,1.5347045743e+09,1.4777346662e+09,1.4368383270e+09,1.3233710848e+09,1.2377016920e+09,1.1653588457e+09,7.6735228716e+08,1.6560883083e+09,1.5626238521e+09,1.4777346662e+09,1.4207647580e+09,1.3798684189e+09,1.2664011767e+09,1.1807317839e+09,1.1083889376e+09,7.1038237902e+08,1.6151919692e+09,1.5217275129e+09,1.4368383270e+09,1.3798684189e+09,1.3389720798e+09,1.2255048376e+09,1.1398354447e+09,1.0674925985e+09,6.6948603988e+08,1.5017247270e+09,1.4082602707e+09,1.3233710848e+09,1.2664011767e+09,1.2255048376e+09,1.1120375954e+09,1.0263682025e+09,9.5402535626e+08,5.5601879768e+08,1.4160553342e+09,1.3225908779e+09,1.2377016920e+09,1.1807317839e+09,1.1398354447e+09,1.0263682025e+09,9.4069880969e+08,8.6835596342e+08,4.7034940484e+08,1.3437124879e+09,1.2502480316e+09,1.1653588457e+09,1.1083889376e+09,1.0674925985e+09,9.5402535626e+08,8.6835596342e+08,7.9601311716e+08,3.9800655858e+08
101,1200,10,2.0174467789e+09,1.9088616995e+09,1.8088623287e+09,1.7438622121e+09,1.6979702664e+09,1.5712212673e+09,1.4759095497e+09,1.4005597108e+09,1.0087233894e+09,1.9088616995e+09,1.8002766201e+09,1.7002772493e+09,1.6352771327e+09,1.5893851870e+09,1.4626361879e+09,1.3673244703e+09,1.2919746314e+09,9.0013831003e+08,1.8088623287e+09,1.7002772493e+09,1.6002778785e+09,1.5352777620e+09,1.4893858163e+09,1.3626368171e+09,1.2673250996e+09,1.1919752606e+09,8.0013893926e+08,1.7438622121e+09,1.6352771327e+09,1.5352777620e+09,1.4702776454e+09,1.4243856997e+09,1.2976367006e+09,1.2023249830e+09,1.1269751440e+09,7.3513882271e+08,1.6979702664e+09,1.5893851870e+09,1.4893858163e+09,1.4243856997e+09,1.3784937540e+09,1.2517447549e+09,1.1564330373e+09,1.0810831983e+09,6.8924687700e+08,1.5712212673e+09,1.4626361879e+09,1.3626368171e+09,1.2976367006e+09,1.2517447549e+09,1.1249957557e+09,1.0296840382e+09,9.5433419921e+08,5.6249787787e+08,1.4759095497e+09,1.3673244703e+09,1.2673250996e+09,1.2023249830e+09,1.1564330373e+09,1.0296840382e+09,9.3437232061e+08,8.5902248164e+08,4.6718616030e+08,1.4005597108e+09,1.2919746314e+09,1.1919752606e+09,1.1269751440e+09,1.0810831983e+09,9.5433419921e+08,8.5902248164e+08,7.8367264268e+08,3.9183632134e+08
102,1200,20,2.5063934132e+09,2.3468169839e+09,2.2006010859e+09,2.1081908743e+09,2.0436947328e+09,1.8644340456e+09,1.7408108914e+09,1.6504833356e+09,1.2531967066e+09,2.3468169839e+09,2.1872405545e+09,2.0410246565e+09,1.9486144450e+09,1.8841183035e+09,1.7048576163e+09,1.5812344620e+09,1.4909069062e+09,1.0936202773e+09,2.2006010859e+09,2.0410246565e+09,1.8948087585e+09,1.8023985470e+09,1.7379024055e+09,1.5586417183e+09,1.4350185640e+09,1.3446910082e+09,9.4740437924e+08,2.1081908743e+09,1.9486144450e+09,1.8023985470e+09,1.7099883354e+09,1.6454921939e+09,1.4662315067e+09,1.3426083525e+09,1.2522807967e+09,8.5499416771e+08,2.0436947328e+09,1.8841183035e+09,1.7379024055e+09,1.6454921939e+09,1.5809960524e+09,1.4017353652e+09,1.2781122110e+09,1.1877846552e+09,7.9049802622e+08,1.8644340456e+09,1.7048576163e+09,1.5586417183e+09,1.4662315067e+09,1.4017353652e+09,1.2224746780e+09,1.0988515238e+09,1.0085239680e+09,6.1123733901e+08,1.7408108914e+09,1.5812344620e+09,1.4350185640e+09,1.3426083525e+09,1.2781122110e+09,1.0988515238e+09,9.7522836953e+08,8.8490081374e+08,4.8761418477e+08,1.6504833356e+09,1.4909069062e+09,1.3446910082e+09,1.2522807967e+09,1.1877846552e+09,1.0085239680e+09,8.8490081374e+08,7.9457325796e+08,3.9728662898e+08
103,1200,30,3.4238804905e+09,3.1153837221e+09,2.8614620950e+09,2.7088966377e+09,2.6051657842e+09,2.3320520384e+09,2.1803844166e+09,2.0771838212e+09,1.7119402452e+09,3.1153837221e+09,2.8068869537e+09,2.5529653266e+09,2.4003998693e+09,2.2966690158e+09,2.0235552700e+09,1.8718876482e+09,1.7686870529e+09,1.4034434769e+09,2.8614620950e+09,2.5529653266e+09,2.2990436994e+09,2.1464782422e+09,2.0427473887e+09,1.7696336429e+09,1.6179660211e+09,1.5147654257e+09,1.1495218497e+09,2.7088966377e+09,2.4003998693e+09,2.1464782422e+09,1.9939127850e+09,1.8901819314e+09,1.6170681857e+09,1.4654005639e+09,1.3621999685e+09,9.9695639249e+08,2.6051657842e+09,2.2966690158e+09,2.0427473887e+09,1.8901819314e+09,1.7864510779e+09,1.5133373321e+09,1.3616697103e+09,1.2584691150e+09,8.9322553895e+08,2.3320520384e+09,2.0235552700e+09,1.7696336429e+09,1.6170681857e+09,1.5133373321e+09,1.2402235864e+09,1.0885559645e+09,9.8535536919e+08,6.2011179318e+08,2.1803844166e+09,1.8718876482e+09,1.6179660211e+09,1.4654005639e+09,1.3616697103e+09,1.0885559645e+09,9.3688834272e+08,8.3368774737e+08,4.6844417136e+08,2.0771838212e+09,1.7686870529e+09,1.5147654257e+09,1.3621999685e+09,1.2584691150e+09,9.8535536919e+08,8.3368774737e+08,7.3048715202e+08,3.6524357601e+08
104,1200,40,8.3788627308e+09,6.3493303192e+09,5.5629900602e+09,5.2584207026e+09,5.0873765394e+09,4.7297048326e+09,4.5784245553e+09,4.4845967229e+09,4.1894313654e+09,6.3493303192e+09,4.3197979076e+09,3.5334576486e+09,3.2288882910e+09,3.0578441278e+09,2.7001724209e+09,2.5488921437e+09,2.4550643112e+09,2.1598989538e+09,5.5629900602e+09,3.5334576486e+09,2.7471173896e+09,2.4425480320e+09,2.2715038688e+09,1.9138321619e+09,1.7625518846e+09,1.6687240522e+09,1.3735586948e+09,5.2584207026e+09,3.2288882910e+09,2.4425480320e+09,2.1379786744e+09,1.9669345112e+09,1.6092628043e+09,1.4579825270e+09,1.3641546946e+09,1.0689893372e+09,5.0873765394e+09,3.0578441278e+09,2.2715038688e+09,1.9669345112e+09,1.7958903480e+09,1.4382186411e+09,1.2869383638e+09,1.1931105314e+09,8.9794517398e+08,4.7297048326e+09,2.7001724209e+09,1.9138321619e+09,1.6092628043e+09,1.4382186411e+09,1.0805469343e+09,9.2926665698e+08,8.3543882457e+08,5.4027346714e+08,4.5784245553e+09,2.5488921437e+09,1.7625518846e+09,1.4579825270e+09,1.2869383638e+09,9.2926665698e+08,7.7798637968e+08,6.8415854728e+08,3.8899318984e+08,4.4845967229e+09,2.4550643112e+09,1.6687240522e+09,1.3641546946e+09,1.1931105314e+09,8.3543882457e+08,6.8415854728e+08,5.9033071487e+08,2.9516535744e+08
105,1200,50,1.1200656460e+10,7.7869241727e+09,6.8521667962e+09,6.5353361810e+09,6.3674085731e+09,6.0410521541e+09,5.9107555734e+09,5.8317271578e+09,5.6003282300e+09,7.7869241727e+09,4.3731918853e+09,3.4384345088e+09,3.1216038937e+09,2.9536762857e+09,2.6273198667e+09,2.4970232860e+09,2.4179948705e+09,2.1865959427e+09,6.8521667962e+09,3.4384345088e+09,2.5036771323e+09,2.1868465172e+09,2.0189189092e+09,1.6925624902e+09,1.5622659095e+09,1.4832374940e+09,1.2518385662e+09,6.5353361810e+09,3.1216038937e+09,2.1868465172e+09,1.8700159021e+09,1.7020882941e+09,1.3757318751e+09,1.2454352944e+09,1.1664068788e+09,9.3500795103e+08,6.3674085731e+09,2.9536762857e+09,2.0189189092e+09,1.7020882941e+09,1.5341606861e+09,1.2078042671e+09,1.0775076864e+09,9.9847927089e+08,7.6708034307e+08,6.0410521541e+09,2.6273198667e+09,1.6925624902e+09,1.3757318751e+09,1.2078042671e+09,8.8144784806e+08,7.5115126740e+08,6.7212285185e+08,4.4072392403e+08,5.9107555734e+09,2.4970232860e+09,1.5622659095e+09,1.2454352944e+09,1.0775076864e+09,7.5115126740e+08,6.2085468674e+08,5.4182627119e+08,3.1042734337e+08,5.8317271578e+09,2.4179948705e+09,1.4832374940e+09,1.1664068788e+09,9.9847927089e+08,6.7212285185e+08,5.4182627119e+08,4.6279785564e+08,2.3139892782e+08
106,1200,60,1.1033623674e+10,7.4962237782e+09,6.6126150937e+09,6.3315250362e+09,6.1862516974e+09,5.9043946987e+09,5.7890794458e+09,5.7177891528e+09,5.5168118368e+09,7.4962237782e+09,3.9588238828e+09,3.0752151983e+09,2.7941251408e+09,2.6488518020e+09,2.3669948033e+09,2.2516795504e+09,2.1803892574e+09,1.9794119414e+09,6.6126150937e+09,3.0752151983e+09,2.1916065137e+09,1.9105164563e+09,1.7652431174e+09,1.4833861188e+09,1.3680708659e+09,1.2967805729e+09,1.0958032569e+09,6.3315250362e+09,2.7941251408e+09,1.9105164563e+09,1.6294263988e+09,1.4841530600e+09,1.2022960613e+09,1.0869808084e+09,1.0156905154e+09,8.1471319940e+08,6.1862516974e+09,2.6488518020e+09,1.7652431174e+09,1.4841530600e+09,1.3388797211e+09,1.0570227225e+09,9.4170746959e+08,8.7041717658e+08,6.6943986056e+08,5.9043946987e+09,2.3669948033e+09,1.4833861188e+09,1.2022960613e+09,1.0570227225e+09,7.7516572383e+08,6.5985047094e+08,5.8856017794e+08,3.8758286191e+08,5.7890794458e+09,2.2516795504e+09,1.3680708659e+09,1.0869808084e+09,9.4170746959e+08,6.5985047094e+08,5.4453521806e+08,4.7324492505e+08,2.7226760903e+08,5.7177891528e+09,2.1803892574e+09,1.2967805729e+09,1.0156905154e+09,8.7041717658e+08,5.8856017794e+08,4.7324492505e+08,4.0195463204e+08,2.0097731602e+08
107,1200,70,1.1648803056e+10,8.0519629786e+09,7.0618013892e+09,6.7318964655e+09,6.5634083589e+09,6.2335339788e+09,6.0995822546e+09,6.0196107534e+09,5.8244015278e+09,8.0519629786e+09,4.4551229016e+09,3.4649613122e+09,3.1350563886e+09,2.9665682819e+09,2.6366939018e+09,2.5027421776e+09,2.4227706764e+09,2.2275614508e+09,7.0618013892e+09,3.4649613122e+09,2.4747997227e+09,2.1448947991e+09,1.9764066924e+09,1.6465323124e+09,1.5125805881e+09,1.4326090870e+09,1.2373998614e+09,6.7318964655e+09,3.1350563886e+09,2.1448947991e+09,1.8149898755e+09,1.6465017688e+09,1.3166273888e+09,1.1826756645e+09,1.1027041634e+09,9.0749493775e+08,6.5634083589e+09,2.9665682819e+09,1.9764066924e+09,1.6465017688e+09,1.4780136622e+09,1.1481392821e+09,1.0141875579e+09,9.3421605673e+08,7.3900683109e+08,6.2335339788e+09,2.6366939018e+09,1.6465323124e+09,1.3166273888e+09,1.1481392821e+09,8.1826490207e+08,6.8431317781e+08,6.0434167667e+08,4.0913245104e+08,6.0995822546e+09,2.5027421776e+09,1.5125805881e+09,1.1826756645e+09,1.0141875579e+09,6.8431317781e+08,5.5036145354e+08,4.7038995241e+08,2.7518072677e+08,6.0196107534e+09,2.4227706764e+09,1.4326090870e+09,1.1027041634e+09,9.3421605673e+08,6.0434167667e+08,4.7038995241e+08,3.9041845128e+08,1.9520922564e+08
108,1200,80,1.1504576356e+10,8.0055552186e+09,6.9979798176e+09,6.6594938124e+09,6.4877447377e+09,6.1531816741e+09,6.0192811875e+09,5.9406603035e+09,5.7522881782e+09,8.0055552186e+09,4.5065340810e+09,3.4989586799e+09,3.1604726748e+09,2.9887236000e+09,2.6541605364e+09,2.5202600498e+09,2.4416391659e+09,2.2532670405e+09,6.9979798176e+09,3.4989586799e+09,2.4913832789e+09,2.1528972737e+09,1.9811481990e+09,1.6465851354e+09,1.5126846488e+09,1.4340637648e+09,1.2456916394e+09,6.6594938124e+09,3.1604726748e+09,2.1528972737e+09,1.8144112686e+09,1.6426621938e+09,1.3080991302e+09,1.1741986436e+09,1.0955777596e+09,9.0720563428e+08,6.4877447377e+09,2.9887236000e+09,1.9811481990e+09,1.6426621938e+09,1.4709131190e+09,1.1363500555e+09,1.0024495689e+09,9.2382868489e+08,7.3545655952e+08,6.1531816741e+09,2.6541605364e+09,1.6465851354e+09,1.3080991302e+09,1.1363500555e+09,8.0178699190e+08,6.6788650531e+08,5.8926562132e+08,4.0089349595e+08,6.0192811875e+09,2.5202600498e+09,1.5126846488e+09,1.1741986436e+09,1.0024495689e+09,6.6788650531e+08,5.3398601871e+08,4.5536513473e+08,2.6699300936e+08,5.9406603035e+09,2.4416391659e+09,1.4340637648e+09,1.0955777596e+09,9.2382868489e+08,5.8926562132e+08,4.5536513473e+08,3.7674425074e+08,1.8837212537e+08
109,1200,90,1.1549925619e+10,8.0465701424e+09,7.0267421675e+09,6.6841944930e+09,6.5108391150e+09,6.1738744094e+09,6.0397263480e+09,5.9612039715e+09,5.7749628094e+09,8.0465701424e+09,4.5432146661e+09,3.5233866912e+09,3.1808390167e+09,3.0074836387e+09,2.6705189331e+09,2.5363708717e+09,2.4578484952e+09,2.2716073330e+09,7.0267421675e+09,3.5233866912e+09,2.5035587163e+09,2.1610110418e+09,1.9876556638e+09,1.6506909582e+09,1.5165428968e+09,1.4380205203e+09,1.2517793581e+09,6.6841944930e+09,3.1808390167e+09,2.1610110418e+09,1.8184633672e+09,1.6451079893e+09,1.3081432837e+09,1.1739952223e+09,1.0954728458e+09,9.0923168362e+08,6.5108391150e+09,3.0074836387e+09,1.9876556638e+09,1.6451079893e+09,1.4717526113e+09,1.1347879057e+09,1.0006398443e+09,9.2211746781e+08,7.3587630565e+08,6.1738744094e+09,2.6705189331e+09,1.6506909582e+09,1.3081432837e+09,1.1347879057e+09,7.9782320013e+08,6.6367513873e+08,5.8515276222e+08,3.9891160006e+08,6.0397263480e+09,2.5363708717e+09,1.5165428968e+09,1.1739952223e+09,1.0006398443e+09,6.6367513873e+08,5.2952707734e+08,4.5100470083e+08,2.6476353867e+08,5.9612039715e+09,2.4578484952e+09,1.4380205203e+09,1.0954728458e+09,9.2211746781e+08,5.8515276222e+08,4.5100470083e+08,3.7248232432e+08,1.8624116216e+08
110,1300,0,3.4144821837e+09,3.2243260360e+09,3.0451820960e+09,2.9284167083e+09,2.8460334322e+09,2.6224043871e+09,2.4573400630e+09,2.3300038637e+09,1.7072410919e+09,3.2243260360e+09,3.0341698884e+09,2.8550259483e+09,2.7382605606e+09,2.6558772845e+09,2.4322482394e+09,2.2671839153e+09,2.1398477160e+09,1.5170849442e+09,3.0451820960e+09,2.8550259483e+09,2.6758820082e+09,2.5591166206e+09,2.4767333445e+09,2.2531042994e+09,2.0880399752e+09,1.9607037759e+09,1.3379410041e+09,2.9284167083e+09,2.7382605606e+09,2.5591166206e+09,2.4423512329e+09,2.3599679568e+09,2.1363389117e+09,1.9712745876e+09,1.8439383883e+09,1.2211756165e+09,2.8460334322e+09,2.6558772845e+09,2.4767333445e+09,2.3599679568e+09,2.2775846807e+09,2.0539556356e+09,1.8888913115e+09,1.7615551122e+09,1.1387923404e+09,2.6224043871e+09,2.4322482394e+09,2.2531042994e+09,2.1363389117e+09,2.0539556356e+09,1.8303265905e+09,1.6652622664e+09,1.5379260670e+09,9.1516329524e+08,2.4573400630e+09,2.2671839153e+09,2.0880399752e+09,1.9712745876e+09,1.8888913115e+09,1.6652622664e+09,1.5001979422e+09,1.3728617429e+09,7.5009897112e+08,2.3300038637e+09,2.1398477160e+09,1.9607037759e+09,1.8439383883e+09,1.7615551122e+09,1.5379260670e+09,1.3728617429e+09,1.2455255436e+09,6.2276277181e+08
111,1300,10,3.6297186493e+09,3.4198379669e+09,3.2222549067e+09,3.0948028251e+09,3.0052778457e+09,2.7593817459e+09,2.5771714186e+09,2.4432851344e+09,1.8148593246e+09,3.4198379669e+09,3.2099572845e+09,3.0123742243e+09,2.8849221428e+09,2.7953971633e+09,2.5495010636e+09,2.3672907363e+09,2.2334044520e+09,1.6049786423e+09,3.2222549067e+09,3.0123742243e+09,2.8147911641e+09,2.6873390826e+09,2.5978141031e+09,2.3519180034e+09,2.1697076761e+09,2.0358213918e+09,1.4073955821e+09,3.0948028251e+09,2.8849221428e+09,2.6873390826e+09,2.5598870010e+09,2.4703620216e+09,2.2244659218e+09,2.0422555945e+09,1.9083693103e+09,1.2799435005e+09,3.0052778457e+09,2.7953971633e+09,2.5978141031e+09,2.4703620216e+09,2.3808370421e+09,2.1349409424e+09,1.9527306151e+09,1.8188443308e+09,1.1904185211e+09,2.7593817459e+09,2.5495010636e+09,2.3519180034e+09,2.2244659218e+09,2.1349409424e+09,1.8890448426e+09,1.7068345153e+09,1.5729482311e+09,9.4452242131e+08,2.5771714186e+09,2.3672907363e+09,2.1697076761e+09,2.0422555945e+09,1.9527306151e+09,1.7068345153e+09,1.5246241880e+09,1.3907379038e+09,7.6231209402e+08,2.4432851344e+09,2.2334044520e+09,2.0358213918e+09,1.9083693103e+09,1.8188443308e+09,1.5729482311e+09,1.3907379038e+09,1.2568516196e+09,6.2842580978e+08
112,1300,20,4.2250163257e+09,3.9406272571e+09,3.6803984065e+09,3.5164058356e+09,3.4019865138e+09,3.0824981603e+09,2.8646340888e+09,2.7136704854e+09,2.1125081628e+09,3.9406272571e+09,3.6562381885e+09,3.3960093380e+09,3.2320167670e+09,3.1175974452e+09,2.7981090917e+09,2.5802450202e+09,2.4292814169e+09,1.8281190942e+09,3.6803984065e+09,3.3960093380e+09,3.1357804874e+09,2.9717879165e+09,2.8573685947e+09,2.5378802412e+09,2.3200161697e+09,2.1690525663e+09,1.5678902437e+09,3.5164058356e+09,3.2320167670e+09,2.9717879165e+09,2.8077953456e+09,2.6933760238e+09,2.3738876702e+09,2.1560235988e+09,2.0050599954e+09,1.4038976728e+09,3.4019865138e+09,3.1175974452e+09,2.8573685947e+09,2.6933760238e+09,2.5789567020e+09,2.2594683484e+09,2.0416042770e+09,1.8906406736e+09,1.2894783510e+09,3.0824981603e+09,2.7981090917e+09,2.5378802412e+09,2.3738876702e+09,2.2594683484e+09,1.9399799949e+09,1.7221159234e+09,1.5711523201e+09,9.6998999744e+08,2.8646340888e+09,2.5802450202e+09,2.3200161697e+09,2.1560235988e+09,2.0416042770e+09,1.7221159234e+09,1.5042518520e+09,1.3532882486e+09,7.5212592598e+08,2.7136704854e+09,2.4292814169e+09,2.1690525663e+09,2.0050599954e+09,1.8906406736e+09,1.5711523201e+09,1.3532882486e+09,1.2023246452e+09,6.0116232262e+08
113,1300,30,5.5926456560e+09,5.0326699667e+09,4.5951555735e+09,4.3395163735e+09,4.1680069291e+09,3.7220017138e+09,3.4798207290e+09,3.3211813410e+09,2.7963228280e+09,5.0326699667e+09,4.4726942775e+09,4.0351798843e+09,3.7795406843e+09,3.6080312398e+09,3.1620260246e+09,2.9198450398e+09,2.7612056518e+09,2.2363471388e+09,4.5951555735e+09,4.0351798843e+09,3.5976654911e+09,3.3420262911e+09,3.1705168466e+09,2.7245116314e+09,2.4823306466e+09,2.3236912585e+09,1.7988327455e+09,4.3395163735e+09,3.7795406843e+09,3.3420262911e+09,3.0863870911e+09,2.9148776466e+09,2.4688724314e+09,2.2266914466e+09,2.0680520585e+09,1.5431935455e+09,4.1680069291e+09,3.6080312398e+09,3.1705168466e+09,2.9148776466e+09,2.7433682022e+09,2.2973629869e+09,2.0551820021e+09,1.8965426141e+09,1.3716841011e+09,3.7220017138e+09,3.1620260246e+09,2.7245116314e+09,2.4688724314e+09,2.2973629869e+09,1.8513577717e+09,1.6091767869e+09,1.4505373988e+09,9.2567888585e+08,3.4798207290e+09,2.9198450398e+09,2.4823306466e+09,2.2266914466e+09,2.0551820021e+09,1.6091767869e+09,1.3669958021e+09,1.2083564140e+09,6.8349790104e+08,3.3211813410e+09,2.7612056518e+09,2.3236912585e+09,2.0680520585e+09,1.8965426141e+09,1.4505373988e+09,1.2083564140e+09,1.0497170260e+09,5.2485851298e+08
114,1300,40,1.2035447451e+10,9.1406852361e+09,8.0227615468e+09,7.5798857032e+09,7.3283570739e+09,6.7963992801e+09,6.5679090298e+09,6.4305759121e+09,6.0177237255e+09,9.1406852361e+09,6.2459230212e+09,5.1279993319e+09,4.6851234883e+09,4.4335948590e+09,3.9016370652e+09,3.6731468149e+09,3.5358136972e+09,3.1229615106e+09,8.0227615468e+09,5.1279993319e+09,4.0100756425e+09,3.5671997989e+09,3.3156711697e+09,2.7837133759e+09,2.5552231255e+09,2.4178900079e+09,2.0050378213e+09,7.5798857032e+09,4.6851234883e+09,3.5671997989e+09,3.1243239553e+09,2.8727953261e+09,2.3408375323e+09,2.1123472819e+09,1.9750141643e+09,1.5621619777e+09,7.3283570739e+09,4.4335948590e+09,3.3156711697e+09,2.8727953261e+09,2.6212666968e+09,2.0893089030e+09,1.8608186527e+09,1.7234855350e+09,1.3106333484e+09,6.7963992801e+09,3.9016370652e+09,2.7837133759e+09,2.3408375323e+09,2.0893089030e+09,1.5573511092e+09,1.3288608589e+09,1.1915277412e+09,7.7867555461e+08,6.5679090298e+09,3.6731468149e+09,2.5552231255e+09,2.1123472819e+09,1.8608186527e+09,1.3288608589e+09,1.1003706085e+09,9.6303749088e+08,5.5018530427e+08,6.4305759121e+09,3.5358136972e+09,2.4178900079e+09,1.9750141643e+09,1.7234855350e+09,1.1915277412e+09,9.6303749088e+08,8.2570437322e+08,4.1285218661e+08
115,1300,50,1.5796197922e+10,1.1026363758e+10,9.7002777176e+09,9.2467791973e+09,9.0050983460e+09,8.5287628496e+09,8.3364428628e+09,8.2225937248e+09,7.8980989610e+09,1.1026363758e+10,6.2565295934e+09,4.9304435533e+09,4.4769450330e+09,4.2352641818e+09,3.7589286853e+09,3.5666086985e+09,3.4527595606e+09,3.1282647967e+09,9.7002777176e+09,4.9304435533e+09,3.6043575132e+09,3.1508589929e+09,2.9091781417e+09,2.4328426452e+09,2.2405226584e+09,2.1266735204e+09,1.8021787566e+09,9.2467791973e+09,4.4769450330e+09,3.1508589929e+09,2.6973604726e+09,2.4556796214e+09,1.9793441249e+09,1.7870241381e+09,1.6731750001e+09,1.3486802363e+09,9.0050983460e+09,4.2352641818e+09,2.9091781417e+09,2.4556796214e+09,2.2139987701e+09,1.7376632737e+09,1.5453432869e+09,1.4314941489e+09,1.1069993851e+09,8.5287628496e+09,3.7589286853e+09,2.4328426452e+09,1.9793441249e+09,1.7376632737e+09,1.2613277772e+09,1.0690077904e+09,9.5515865246e+08,6.3066388862e+08,8.3364428628e+09,3.5666086985e+09,2.2405226584e+09,1.7870241381e+09,1.5453432869e+09,1.0690077904e+09,8.7668780360e+08,7.6283866564e+08,4.3834390180e+08,8.2225937248e+09,3.4527595606e+09,2.1266735204e+09,1.6731750001e+09,1.4314941489e+09,9.5515865246e+08,7.6283866564e+08,6.4898952768e+08,3.2449476384e+08
116,1300,60,1.4927918751e+10,1.0170651973e+10,8.9923692817e+09,8.6092473744e+09,8.4084812557e+09,8.0119666966e+09,7.8457751175e+09,7.7449863370e+09,7.4639593756e+09,1.0170651973e+10,5.4133851951e+09,4.2351025037e+09,3.8519805963e+09,3.6512144777e+09,3.2546999185e+09,3.0885083395e+09,2.9877195590e+09,2.7066925976e+09,8.9923692817e+09,4.2351025037e+09,3.0568198123e+09,2.6736979049e+09,2.4729317863e+09,2.0764172271e+09,1.9102256481e+09,1.8094368676e+09,1.5284099061e+09,8.6092473744e+09,3.8519805963e+09,2.6736979049e+09,2.2905759975e+09,2.0898098789e+09,1.6932953197e+09,1.5271037407e+09,1.4263149602e+09,1.1452879988e+09,8.4084812557e+09,3.6512144777e+09,2.4729317863e+09,2.0898098789e+09,1.8890437602e+09,1.4925292011e+09,1.3263376220e+09,1.2255488416e+09,9.4452188012e+08,8.0119666966e+09,3.2546999185e+09,2.0764172271e+09,1.6932953197e+09,1.4925292011e+09,1.0960146420e+09,9.2982306289e+08,8.2903428241e+08,5.4800732098e+08,7.8457751175e+09,3.0885083395e+09,1.9102256481e+09,1.5271037407e+09,1.3263376220e+09,9.2982306289e+08,7.6363148383e+08,6.6284270336e+08,3.8181574192e+08,7.7449863370e+09,2.9877195590e+09,1.8094368676e+09,1.4263149602e+09,1.2255488416e+09,8.2903428241e+08,6.6284270336e+08,5.6205392288e+08,2.8102696144e+08
117,1300,70,1.4663583361e+10,1.0168231248e+10,8.9479439426e+09,8.5334965262e+09,8.3178129006e+09,7.8868004188e+09,7.7067997914e+09,7.5999592242e+09,7.3317916805e+09,1.0168231248e+10,5.6728791341e+09,4.4525918292e+09,4.0381444128e+09,3.8224607871e+09,3.3914483053e+09,3.2114476779e+09,3.1046071107e+09,2.8364395671e+09,8.9479439426e+09,4.4525918292e+09,3.2323045242e+09,2.8178571078e+09,2.6021734822e+09,2.1711610004e+09,1.9911603730e+09,1.8843198058e+09,1.6161522621e+09,8.5334965262e+09,4.0381444128e+09,2.8178571078e+09,2.4034096914e+09,2.1877260658e+09,1.7567135839e+09,1.5767129566e+09,1.4698723893e+09,1.2017048457e+09,8.3178129006e+09,3.8224607871e+09,2.6021734822e+09,2.1877260658e+09,1.9720424401e+09,1.5410299583e+09,1.3610293309e+09,1.2541887637e+09,9.8602122007e+08,7.8868004188e+09,3.3914483053e+09,2.1711610004e+09,1.7567135839e+09,1.5410299583e+09,1.1100174765e+09,9.3001684910e+08,8.2317628189e+08,5.5500873825e+08,7.7067997914e+09,3.2114476779e+09,1.9911603730e+09,1.5767129566e+09,1.3610293309e+09,9.3001684910e+08,7.5001622171e+08,6.4317565449e+08,3.7500811085e+08,7.5999592242e+09,3.1046071107e+09,1.8843198058e+09,1.4698723893e+09,1.2541887637e+09,8.2317628189e+08,6.4317565449e+08,5.3633508728e+08,2.6816754364e+08
118,1300,80,1.4099136741e+10,9.8568403852e+09,8.6456889760e+09,8.2308340305e+09,8.0160520127e+09,7.5880134977e+09,7.4110430913e+09,7.3070772475e+09,7.0495683704e+09,9.8568403852e+09,5.6145440294e+09,4.4033926202e+09,3.9885376747e+09,3.7737556569e+09,3.3457171420e+09,3.1687467356e+09,3.0647808918e+09,2.8072720147e+09,8.6456889760e+09,4.4033926202e+09,3.1922412110e+09,2.7773862655e+09,2.5626042477e+09,2.1345657328e+09,1.9575953264e+09,1.8536294826e+09,1.5961206055e+09,8.2308340305e+09,3.9885376747e+09,2.7773862655e+09,2.3625313200e+09,2.1477493022e+09,1.7197107873e+09,1.5427403809e+09,1.4387745371e+09,1.1812656600e+09,8.0160520127e+09,3.7737556569e+09,2.5626042477e+09,2.1477493022e+09,1.9329672845e+09,1.5049287695e+09,1.3279583631e+09,1.2239925193e+09,9.6648364223e+08,7.5880134977e+09,3.3457171420e+09,2.1345657328e+09,1.7197107873e+09,1.5049287695e+09,1.0768902545e+09,8.9991984814e+08,7.9595400433e+08,5.3844512727e+08,7.4110430913e+09,3.1687467356e+09,1.9575953264e+09,1.5427403809e+09,1.3279583631e+09,8.9991984814e+08,7.2294944174e+08,6.1898359794e+08,3.6147472087e+08,7.3070772475e+09,3.0647808918e+09,1.8536294826e+09,1.4387745371e+09,1.2239925193e+09,7.9595400433e+08,6.1898359794e+08,5.1501775413e+08,2.5750887707e+08
119,1300,90,1.4106431899e+10,9.8676262733e+09,8.6489926729e+09,8.2316037917e+09,8.0160316997e+09,7.5877828283e+09,7.4112815064e+09,7.3079749495e+09,7.0532159493e+09,9.8676262733e+09,5.6288206480e+09,4.4101870476e+09,3.9927981664e+09,3.7772260745e+09,3.3489772030e+09,3.1724758812e+09,3.0691693242e+09,2.8144103240e+09,8.6489926729e+09,4.4101870476e+09,3.1915534471e+09,2.7741645660e+09,2.5585924740e+09,2.1303436026e+09,1.9538422807e+09,1.8505357238e+09,1.5957767236e+09,8.2316037917e+09,3.9927981664e+09,2.7741645660e+09,2.3567756848e+09,2.1412035928e+09,1.7129547214e+09,1.5364533995e+09,1.4331468426e+09,1.1783878424e+09,8.0160316997e+09,3.7772260745e+09,2.5585924740e+09,2.1412035928e+09,1.9256315009e+09,1.4973826294e+09,1.3208813076e+09,1.2175747507e+09,9.6281575044e+08,7.5877828283e+09,3.3489772030e+09,2.1303436026e+09,1.7129547214e+09,1.4973826294e+09,1.0691337580e+09,8.9263243612e+08,7.8932587921e+08,5.3456687899e+08,7.4112815064e+09,3.1724758812e+09,1.9538422807e+09,1.5364533995e+09,1.3208813076e+09,8.9263243612e+08,7.1613111426e+08,6.1282455735e+08,3.5806555713e+08,7.3079749495e+09,3.0691693242e+09,1.8505357238e+09,1.4331468426e+09,1.2175747507e+09,7.8932587921e+08,6.1282455735e+08,5.0951800045e+08,2.5475900022e+08
120,1400,0,5.7912678388e+09,5.4355905360e+09,5.1001087117e+09,4.8844384416e+09,4.7335213288e+09,4.3243752284e+09,4.0284420984e+09,3.8181983979e+09,2.8956339194e+09,5.4355905360e+09,5.0799132333e+09,4.7444314089e+09,4.5287611388e+09,4.3778440260e+09,3.9686979257e+09,3.6727647956e+09,3.4625210951e+09,2.5399566167e+09,5.1001087117e+09,4.7444314089e+09,4.4089495845e+09,4.1932793144e+09,4.0423622016e+09,3.6332161013e+09,3.3372829712e+09,3.1270392707e+09,2.2044747923e+09,4.8844384416e+09,4.5287611388e+09,4.1932793144e+09,3.9776090444e+09,3.8266919315e+09,3.4175458312e+09,3.1216127011e+09,2.9113690007e+09,1.9888045222e+09,4.7335213288e+09,4.3778440260e+09,4.0423622016e+09,3.8266919315e+09,3.6757748187e+09,3.2666287184e+09,2.9706955883e+09,2.7604518878e+09,1.8378874094e+09,4.3243752284e+09,3.9686979257e+09,3.6332161013e+09,3.4175458312e+09,3.2666287184e+09,2.8574826181e+09,2.5615494880e+09,2.3513057875e+09,1.4287413090e+09,4.0284420984e+09,3.6727647956e+09,3.3372829712e+09,3.1216127011e+09,2.9706955883e+09,2.5615494880e+09,2.2656163579e+09,2.0553726574e+09,1.1328081790e+09,3.8181983979e+09,3.4625210951e+09,3.1270392707e+09,2.9113690007e+09,2.7604518878e+09,2.3513057875e+09,2.0553726574e+09,1.8451289570e+09,9.2256447849e+08
121,1400,10,6.1335737399e+09,5.7531663619e+09,5.3916391429e+09,5.1613130785e+09,5.0002941559e+09,4.5570124416e+09,4.2293881490e+09,4.0043440310e+09,3.0667868700e+09,5.7531663619e+09,5.3727589838e+09,5.0112317649e+09,4.7809057004e+09,4.6198867779e+09,4.1766050635e+09,3.8489807709e+09,3.6239366530e+09,2.6863794919e+09,5.3916391429e+09,5.0112317649e+09,4.6497045459e+09,4.4193784815e+09,4.2583595589e+09,3.8150778445e+09,3.4874535519e+09,3.2624094340e+09,2.3248522730e+09,5.1613130785e+09,4.7809057004e+09,4.4193784815e+09,4.1890524171e+09,4.0280334945e+09,3.5847517801e+09,3.2571274875e+09,3.0320833696e+09,2.0945262085e+09,5.0002941559e+09,4.6198867779e+09,4.2583595589e+09,4.0280334945e+09,3.8670145720e+09,3.4237328576e+09,3.0961085650e+09,2.8710644470e+09,1.9335072860e+09,4.5570124416e+09,4.1766050635e+09,3.8150778445e+09,3.5847517801e+09,3.4237328576e+09,2.9804511432e+09,2.6528268506e+09,2.4277827327e+09,1.4902255716e+09,4.2293881490e+09,3.8489807709e+09,3.4874535519e+09,3.2571274875e+09,3.0961085650e+09,2.6528268506e+09,2.3252025580e+09,2.1001584401e+09,1.1626012790e+09,4.0043440310e+09,3.6239366530e+09,3.2624094340e+09,3.0320833696e+09,2.8710644470e+09,2.4277827327e+09,2.1001584401e+09,1.8751143221e+09,9.3755716107e+08
122,1400,20,6.7952466511e+09,6.3148568153e+09,5.8787852880e+09,5.6045013939e+09,5.4129916003e+09,4.8738135003e+09,4.5105828627e+09,4.2697007952e+09,3.3976233256e+09,6.3148568153e+09,5.8344669795e+09,5.3983954522e+09,5.1241115580e+09,4.9326017645e+09,4.3934236645e+09,4.0301930269e+09,3.7893109594e+09,2.9172334897e+09,5.8787852880e+09,5.3983954522e+09,4.9623239249e+09,4.6880400307e+09,4.4965302372e+09,3.9573521372e+09,3.5941214996e+09,3.3532394321e+09,2.4811619624e+09,5.6045013939e+09,5.1241115580e+09,4.6880400307e+09,4.4137561366e+09,4.2222463431e+09,3.6830682430e+09,3.3198376054e+09,3.0789555380e+09,2.2068780683e+09,5.4129916003e+09,4.9326017645e+09,4.4965302372e+09,4.2222463431e+09,4.0307365495e+09,3.4915584495e+09,3.1283278119e+09,2.8874457444e+09,2.0153682748e+09,4.8738135003e+09,4.3934236645e+09,3.9573521372e+09,3.6830682430e+09,3.4915584495e+09,2.9523803495e+09,2.5891497119e+09,2.3482676444e+09,1.4761901747e+09,4.5105828627e+09,4.0301930269e+09,3.5941214996e+09,3.3198376054e+09,3.1283278119e+09,2.5891497119e+09,2.2259190743e+09,1.9850370068e+09,1.1129595371e+09,4.2697007952e+09,3.7893109594e+09,3.3532394321e+09,3.0789555380e+09,2.8874457444e+09,2.3482676444e+09,1.9850370068e+09,1.7441549394e+09,8.7207746968e+08
123,1400,30,8.8121202062e+09,7.8545202688e+09,7.1396941745e+09,6.7303900778e+09,6.4584707875e+09,5.7576783499e+09,5.3831773676e+09,5.1451182065e+09,4.4060601031e+09,7.8545202688e+09,6.8969203315e+09,6.1820942371e+09,5.7727901405e+09,5.5008708501e+09,4.8000784126e+09,4.4255774303e+09,4.1875182692e+09,3.4484601658e+09,7.1396941745e+09,6.1820942371e+09,5.4672681428e+09,5.0579640461e+09,4.7860447558e+09,4.0852523182e+09,3.7107513359e+09,3.4726921748e+09,2.7336340714e+09,6.7303900778e+09,5.7727901405e+09,5.0579640461e+09,4.6486599494e+09,4.3767406591e+09,3.6759482216e+09,3.3014472392e+09,3.0633880781e+09,2.3243299747e+09,6.4584707875e+09,5.5008708501e+09,4.7860447558e+09,4.3767406591e+09,4.1048213688e+09,3.4040289312e+09,3.0295279489e+09,2.7914687878e+09,2.0524106844e+09,5.7576783499e+09,4.8000784126e+09,4.0852523182e+09,3.6759482216e+09,3.4040289312e+09,2.7032364937e+09,2.3287355114e+09,2.0906763503e+09,1.3516182468e+09,5.3831773676e+09,4.4255774303e+09,3.7107513359e+09,3.3014472392e+09,3.0295279489e+09,2.3287355114e+09,1.9542345290e+09,1.7161753679e+09,9.7711726452e+08,5.1451182065e+09,4.1875182692e+09,3.4726921748e+09,3.0633880781e+09,2.7914687878e+09,2.0906763503e+09,1.7161753679e+09,1.4781162068e+09,7.3905810342e+08
124,1400,40,1.6709518422e+10,1.2728556668e+10,1.1205649002e+10,1.0587938914e+10,1.0231804271e+10,9.4588883358e+09,9.1210044047e+09,8.9218507689e+09,8.3547592108e+09,1.2728556668e+10,8.7475949149e+09,7.2246872485e+09,6.6069771603e+09,6.2508425174e+09,5.4779265824e+09,5.1400426513e+09,4.9408890155e+09,4.3737974574e+09,1.1205649002e+10,7.2246872485e+09,5.7017795822e+09,5.0840694940e+09,4.7279348511e+09,3.9550189161e+09,3.6171349850e+09,3.4179813492e+09,2.8508897911e+09,1.0587938914e+10,6.6069771603e+09,5.0840694940e+09,4.4663594058e+09,4.1102247629e+09,3.3373088279e+09,2.9994248968e+09,2.8002712610e+09,2.2331797029e+09,1.0231804271e+10,6.2508425174e+09,4.7279348511e+09,4.1102247629e+09,3.7540901199e+09,2.9811741850e+09,2.6432902539e+09,2.4441366181e+09,1.8770450600e+09,9.4588883358e+09,5.4779265824e+09,3.9550189161e+09,3.3373088279e+09,2.9811741850e+09,2.2082582500e+09,1.8703743189e+09,1.6712206831e+09,1.1041291250e+09,9.1210044047e+09,5.1400426513e+09,3.6171349850e+09,2.9994248968e+09,2.6432902539e+09,1.8703743189e+09,1.5324903878e+09,1.3333367520e+09,7.6624519389e+08,8.9218507689e+09,4.9408890155e+09,3.4179813492e+09,2.8002712610e+09,2.4441366181e+09,1.6712206831e+09,1.3333367520e+09,1.1341831162e+09,5.6709155811e+08
125,1400,50,2.1169768841e+10,1.4908942827e+10,1.3125571348e+10,1.2495526299e+10,1.2154586142e+10,1.1470968814e+10,1.1190942856e+10,1.1028725720e+10,1.0584884420e+10,1.4908942827e+10,8.6481168126e+09,6.8647453341e+09,6.2347002848e+09,5.8937601275e+09,5.2101427996e+09,4.9301168419e+09,4.7678997062e+09,4.3240584063e+09,1.3125571348e+10,6.8647453341e+09,5.0813738557e+09,4.4513288063e+09,4.1103886491e+09,3.4267713211e+09,3.1467453635e+09,2.9845282278e+09,2.5406869278e+09,1.2495526299e+10,6.2347002848e+09,4.4513288063e+09,3.8212837570e+09,3.4803435997e+09,2.7967262718e+09,2.5167003141e+09,2.3544831784e+09,1.9106418785e+09,1.2154586142e+10,5.8937601275e+09,4.1103886491e+09,3.4803435997e+09,3.1394034424e+09,2.4557861145e+09,2.1757601569e+09,2.0135430212e+09,1.5697017212e+09,1.1470968814e+10,5.2101427996e+09,3.4267713211e+09,2.7967262718e+09,2.4557861145e+09,1.7721687866e+09,1.4921428289e+09,1.3299256932e+09,8.8608439329e+08,1.1190942856e+10,4.9301168419e+09,3.1467453635e+09,2.5167003141e+09,2.1757601569e+09,1.4921428289e+09,1.2121168713e+09,1.0498997356e+09,6.0605843566e+08,1.1028725720e+10,4.7678997062e+09,2.9845282278e+09,2.3544831784e+09,2.0135430212e+09,1.3299256932e+09,1.0498997356e+09,8.8768259988e+08,4.4384129994e+08
126,1400,60,2.0259900252e+10,1.3860700295e+10,1.2260452733e+10,1.1731951249e+10,1.1452214048e+10,1.0891026794e+10,1.0652966816e+10,1.0511860884e+10,1.0129950126e+10,1.3860700295e+10,7.4615003380e+09,5.8612527759e+09,5.3327512916e+09,5.0530140913e+09,4.4918268372e+09,4.2537668595e+09,4.1126609271e+09,3.7307501690e+09,1.2260452733e+10,5.8612527759e+09,4.2610052139e+09,3.7325037296e+09,3.4527665292e+09,2.8915792752e+09,2.6535192975e+09,2.5124133651e+09,2.1305026070e+09,1.1731951249e+10,5.3327512916e+09,3.7325037296e+09,3.2040022453e+09,2.9242650449e+09,2.3630777909e+09,2.1250178131e+09,1.9839118808e+09,1.6020011226e+09,1.1452214048e+10,5.0530140913e+09,3.4527665292e+09,2.9242650449e+09,2.6445278446e+09,2.0833405905e+09,1.8452806128e+09,1.7041746804e+09,1.3222639223e+09,1.0891026794e+10,4.4918268372e+09,2.8915792752e+09,2.3630777909e+09,2.0833405905e+09,1.5221533365e+09,1.2840933588e+09,1.1429874264e+09,7.6107666825e+08,1.0652966816e+10,4.2537668595e+09,2.6535192975e+09,2.1250178131e+09,1.8452806128e+09,1.2840933588e+09,1.0460333810e+09,9.0492744865e+08,5.2301669050e+08,1.0511860884e+10,4.1126609271e+09,2.5124133651e+09,1.9839118808e+09,1.7041746804e+09,1.1429874264e+09,9.0492744865e+08,7.6382151630e+08,3.8191075815e+08
127,1400,70,1.8907633475e+10,1.3140945637e+10,1.1587620830e+10,1.1053719426e+10,1.0771856880e+10,1.0199393505e+10,9.9554139576e+09,9.8123477464e+09,9.4538167377e+09,1.3140945637e+10,7.3742577988e+09,5.8209329919e+09,5.2870315880e+09,5.0051690415e+09,4.4327056662e+09,4.1887261194e+09,4.0456599081e+09,3.6871288994e+09,1.1587620830e+10,5.8209329919e+09,4.2676081851e+09,3.7337067811e+09,3.4518442346e+09,2.8793808594e+09,2.6354013125e+09,2.4923351013e+09,2.1338040925e+09,1.1053719426e+10,5.2870315880e+09,3.7337067811e+09,3.1998053772e+09,2.9179428307e+09,2.3454794554e+09,2.1014999085e+09,1.9584336973e+09,1.5999026886e+09,1.0771856880e+10,5.0051690415e+09,3.4518442346e+09,2.9179428307e+09,2.6360802842e+09,2.0636169089e+09,1.8196373620e+09,1.6765711508e+09,1.3180401421e+09,1.0199393505e+10,4.4327056662e+09,2.8793808594e+09,2.3454794554e+09,2.0636169089e+09,1.4911535337e+09,1.2471739868e+09,1.1041077756e+09,7.4557676684e+08,9.9554139576e+09,4.1887261194e+09,2.6354013125e+09,2.1014999085e+09,1.8196373620e+09,1.2471739868e+09,1.0031944399e+09,8.6012822868e+08,5.0159721995e+08,9.8123477464e+09,4.0456599081e+09,2.4923351013e+09,1.9584336973e+09,1.6765711508e+09,1.1041077756e+09,8.6012822868e+08,7.1706201747e+08,3.5853100874e+08
128,1400,80,1.7736877616e+10,1.2433796441e+10,1.0935887505e+10,1.0414996415e+10,1.0140786233e+10,9.5842893472e+09,9.3481818256e+09,9.2107168837e+09,8.8684388081e+09,1.2433796441e+10,7.1307152649e+09,5.6328063298e+09,5.1119152391e+09,4.8377050575e+09,4.2812081716e+09,4.0451006499e+09,3.9076357080e+09,3.5653576325e+09,1.0935887505e+10,5.6328063298e+09,4.1348973946e+09,3.6140063039e+09,3.3397961223e+09,2.7832992364e+09,2.5471917148e+09,2.4097267729e+09,2.0674486973e+09,1.0414996415e+10,5.1119152391e+09,3.6140063039e+09,3.0931152132e+09,2.8189050316e+09,2.2624081457e+09,2.0263006240e+09,1.8888356822e+09,1.5465576066e+09,1.0140786233e+10,4.8377050575e+09,3.3397961223e+09,2.8189050316e+09,2.5446948500e+09,1.9881979641e+09,1.7520904424e+09,1.6146255005e+09,1.2723474250e+09,9.5842893472e+09,4.2812081716e+09,2.7832992364e+09,2.2624081457e+09,1.9881979641e+09,1.4317010783e+09,1.1955935566e+09,1.0581286147e+09,7.1585053913e+08,9.3481818256e+09,4.0451006499e+09,2.5471917148e+09,2.0263006240e+09,1.7520904424e+09,1.1955935566e+09,9.5948603489e+08,8.2202109300e+08,4.7974301745e+08,9.2107168837e+09,3.9076357080e+09,2.4097267729e+09,1.8888356822e+09,1.6146255005e+09,1.0581286147e+09,8.2202109300e+08,6.8455615110e+08,3.4227807555e+08
129,1400,90,1.7424263509e+10,1.2241021415e+10,1.0759495155e+10,1.0243344831e+10,9.9717968576e+09,9.4202037309e+09,9.1863263803e+09,9.0502475738e+09,8.7121317545e+09,1.2241021415e+10,7.0577793206e+09,5.5762530608e+09,5.0601027365e+09,4.7885547635e+09,4.2369616367e+09,4.0030842861e+09,3.8670054796e+09,3.5288896603e+09,1.0759495155e+10,5.5762530608e+09,4.0947268010e+09,3.5785764766e+09,3.3070285036e+09,2.7554353769e+09,2.5215580263e+09,2.3854792198e+09,2.0473634005e+09,1.0243344831e+10,5.0601027365e+09,3.5785764766e+09,3.0624261523e+09,2.7908781793e+09,2.2392850526e+09,2.0054077020e+09,1.8693288955e+09,1.5312130762e+09,9.9717968576e+09,4.7885547635e+09,3.3070285036e+09,2.7908781793e+09,2.5193302063e+09,1.9677370795e+09,1.7338597290e+09,1.5977809224e+09,1.2596651032e+09,9.4202037309e+09,4.2369616367e+09,2.7554353769e+09,2.2392850526e+09,1.9677370795e+09,1.4161439528e+09,1.1822666022e+09,1.0461877957e+09,7.0807197640e+08,9.1863263803e+09,4.0030842861e+09,2.5215580263e+09,2.0054077020e+09,1.7338597290e+09,1.1822666022e+09,9.4838925161e+08,8.1231044510e+08,4.7419462580e+08,9.0502475738e+09,3.8670054796e+09,2.3854792198e+09,1.8693288955e+09,1.5977809224e+09,1.0461877957e+09,8.1231044510e+08,6.7623163859e+08,3.3811581929e+08
130,1500,0,9.3384100918e+09,8.7228798693e+09,8.1466750306e+09,7.7813451555e+09,7.5265741096e+09,6.8240485093e+09,6.3167737450e+09,5.9794623777e+09,4.6692050459e+09,8.7228798693e+09,8.1073496468e+09,7.5311448081e+09,7.1658149330e+09,6.9110438870e+09,6.2085182867e+09,5.7012435225e+09,5.3639321552e+09,4.0536748234e+09,8.1466750306e+09,7.5311448081e+09,6.9549399694e+09,6.5896100943e+09,6.3348390484e+09,5.6323134481e+09,5.1250386838e+09,4.7877273165e+09,3.4774699847e+09,7.7813451555e+09,7.1658149330e+09,6.5896100943e+09,6.2242802193e+09,5.9695091733e+09,5.2669835730e+09,4.7597088087e+09,4.4223974414e+09,3.1121401096e+09,7.5265741096e+09,6.9110438870e+09,6.3348390484e+09,5.9695091733e+09,5.7147381273e+09,5.0122125270e+09,4.5049377628e+09,4.1676263955e+09,2.8573690637e+09,6.8240485093e+09,6.2085182867e+09,5.6323134481e+09,5.2669835730e+09,5.0122125270e+09,4.3096869267e+09,3.8024121625e+09,3.4651007952e+09,2.1548434634e+09,6.3167737450e+09,5.7012435225e+09,5.1250386838e+09,4.7597088087e+09,4.5049377628e+09,3.8024121625e+09,3.2951373982e+09,2.9578260309e+09,1.6475686991e+09,5.9794623777e+09,5.3639321552e+09,4.7877273165e+09,4.4223974414e+09,4.1676263955e+09,3.4651007952e+09,2.9578260309e+09,2.6205146636e+09,1.3102573318e+09
131,1500,10,9.7816695730e+09,9.1320363724e+09,8.5198559609e+09,8.1344143982e+09,7.8657303946e+09,7.1163716571e+09,6.5698862834e+09,6.2131623968e+09,4.8908347865e+09,9.1320363724e+09,8.4824031718e+09,7.8702227602e+09,7.4847811976e+09,7.2160971940e+09,6.4667384565e+09,5.9202530827e+09,5.5635291962e+09,4.2412015859e+09,8.5198559609e+09,7.8702227602e+09,7.2580423487e+09,6.8726007860e+09,6.6039167824e+09,5.8545580449e+09,5.3080726712e+09,4.9513487846e+09,3.6290211743e+09,8.1344143982e+09,7.4847811976e+09,6.8726007860e+09,6.4871592233e+09,6.2184752197e+09,5.4691164822e+09,4.9226311085e+09,4.5659072220e+09,3.2435796117e+09,7.8657303946e+09,7.2160971940e+09,6.6039167824e+09,6.2184752197e+09,5.9497912161e+09,5.2004324786e+09,4.6539471049e+09,4.2972232184e+09,2.9748956081e+09,7.1163716571e+09,6.4667384565e+09,5.8545580449e+09,5.4691164822e+09,5.2004324786e+09,4.4510737411e+09,3.9045883674e+09,3.5478644809e+09,2.2255368706e+09,6.5698862834e+09,5.9202530827e+09,5.3080726712e+09,4.9226311085e+09,4.6539471049e+09,3.9045883674e+09,3.3581029937e+09,3.0013791072e+09,1.6790514968e+09,6.2131623968e+09,5.5635291962e+09,4.9513487846e+09,4.5659072220e+09,4.2972232184e+09,3.5478644809e+09,3.0013791072e+09,2.6446552206e+09,1.3223276103e+09
132,1500,20,1.0377434231e+10,9.6092998516e+09,8.9219513919e+09,8.4890737458e+09,8.1861655641e+09,7.3224090491e+09,6.7537757254e+09,6.3893030411e+09,5.1887171154e+09,9.6092998516e+09,8.8411654722e+09,8.1538170126e+09,7.7209393664e+09,7.4180311848e+09,6.5542746698e+09,5.9856413461e+09,5.6211686618e+09,4.4205827361e+09,8.9219513919e+09,8.1538170126e+09,7.4664685530e+09,7.0335909068e+09,6.7306827252e+09,5.8669262101e+09,5.2982928865e+09,4.9338202022e+09,3.7332342765e+09,8.4890737458e+09,7.7209393664e+09,7.0335909068e+09,6.6007132606e+09,6.2978050790e+09,5.4340485640e+09,4.8654152403e+09,4.5009425560e+09,3.3003566303e+09,8.1861655641e+09,7.4180311848e+09,6.7306827252e+09,6.2978050790e+09,5.9948968973e+09,5.1311403823e+09,4.5625070587e+09,4.1980343743e+09,2.9974484487e+09,7.3224090491e+09,6.5542746698e+09,5.8669262101e+09,5.4340485640e+09,5.1311403823e+09,4.2673838673e+09,3.6987505436e+09,3.3342778593e+09,2.1336919336e+09,6.7537757254e+09,5.9856413461e+09,5.2982928865e+09,4.8654152403e+09,4.5625070587e+09,3.6987505436e+09,3.1301172200e+09,2.7656445356e+09,1.5650586100e+09,6.3893030411e+09,5.6211686618e+09,4.9338202022e+09,4.5009425560e+09,4.1980343743e+09,3.3342778593e+09,2.7656445356e+09,2.4011718513e+09,1.2005859257e+09
133,1500,30,1.3281922862e+10,1.1725468494e+10,1.0615626863e+10,9.9924896268e+09,9.5822175571e+09,8.5306589340e+09,7.9752266819e+09,7.6334965939e+09,6.6409614309e+09,1.1725468494e+10,1.0169014127e+10,9.0591724956e+09,8.4360352593e+09,8.0257631896e+09,6.9742045665e+09,6.4187723144e+09,6.0770422264e+09,5.0845070634e+09,1.0615626863e+10,9.0591724956e+09,7.9493308644e+09,7.3261936281e+09,6.9159215584e+09,5.8643629353e+09,5.3089306832e+09,4.9672005952e+09,3.9746654322e+09,9.9924896268e+09,8.4360352593e+09,7.3261936281e+09,6.7030563918e+09,6.2927843221e+09,5.2412256990e+09,4.6857934469e+09,4.3440633589e+09,3.3515281959e+09,9.5822175571e+09,8.0257631896e+09,6.9159215584e+09,6.2927843221e+09,5.8825122525e+09,4.8309536293e+09,4.2755213772e+09,3.9337912892e+09,2.9412561262e+09,8.5306589340e+09,6.9742045665e+09,5.8643629353e+09,5.2412256990e+09,4.8309536293e+09,3.7793950062e+09,3.2239627541e+09,2.8822326661e+09,1.8896975031e+09,7.9752266819e+09,6.4187723144e+09,5.3089306832e+09,4.6857934469e+09,4.2755213772e+09,3.2239627541e+09,2.6685305020e+09,2.3268004140e+09,1.3342652510e+09,7.6334965939e+09,6.0770422264e+09,4.9672005952e+09,4.3440633589e+09,3.9337912892e+09,2.8822326661e+09,2.3268004140e+09,1.9850703260e+09,9.9253516301e+08
134,1500,40,2.2908120501e+10,1.7470050940e+10,1.5406607104e+10,1.4557570446e+10,1.4063568795e+10,1.2972009263e+10,1.2486580350e+10,1.2206806402e+10,1.1454060250e+10,1.7470050940e+10,1.2031981380e+10,9.9685375436e+09,9.1195008858e+09,8.6254992351e+09,7.5339397031e+09,7.0485107898e+09,6.7687368412e+09,6.0159906900e+09,1.5406607104e+10,9.9685375436e+09,7.9050937070e+09,7.0560570493e+09,6.5620553986e+09,5.4704958666e+09,4.9850669532e+09,4.7052930047e+09,3.9525468535e+09,1.4557570446e+10,9.1195008858e+09,7.0560570493e+09,6.2070203916e+09,5.7130187409e+09,4.6214592089e+09,4.1360302955e+09,3.8562563470e+09,3.1035101958e+09,1.4063568795e+10,8.6254992351e+09,6.5620553986e+09,5.7130187409e+09,5.2190170902e+09,4.1274575582e+09,3.6420286448e+09,3.3622546962e+09,2.6095085451e+09,1.2972009263e+10,7.5339397031e+09,5.4704958666e+09,4.6214592089e+09,4.1274575582e+09,3.0358980262e+09,2.5504691128e+09,2.2706951643e+09,1.5179490131e+09,1.2486580350e+10,7.0485107898e+09,4.9850669532e+09,4.1360302955e+09,3.6420286448e+09,2.5504691128e+09,2.0650401995e+09,1.7852662509e+09,1.0325200997e+09,1.2206806402e+10,6.7687368412e+09,4.7052930047e+09,3.8562563470e+09,3.3622546962e+09,2.2706951643e+09,1.7852662509e+09,1.5054923023e+09,7.5274615116e+08
135,1500,50,2.8065651327e+10,1.9898201098e+10,1.7532062854e+10,1.6678505888e+10,1.6211260682e+10,1.5254914217e+10,1.4854346322e+10,1.4626418597e+10,1.4032825664e+10,1.9898201098e+10,1.1730750869e+10,9.3646126241e+09,8.5110556590e+09,8.0438104524e+09,7.0874639874e+09,6.6868960929e+09,6.4589683678e+09,5.8653754343e+09,1.7532062854e+10,9.3646126241e+09,6.9984743796e+09,6.1449174144e+09,5.6776722079e+09,4.7213257429e+09,4.3207578484e+09,4.0928301233e+09,3.4992371898e+09,1.6678505888e+10,8.5110556590e+09,6.1449174144e+09,5.2913604493e+09,4.8241152428e+09,3.8677687778e+09,3.4672008833e+09,3.2392731582e+09,2.6456802247e+09,1.6211260682e+10,8.0438104524e+09,5.6776722079e+09,4.8241152428e+09,4.3568700362e+09,3.4005235712e+09,2.9999556767e+09,2.7720279516e+09,2.1784350181e+09,1.5254914217e+10,7.0874639874e+09,4.7213257429e+09,3.8677687778e+09,3.4005235712e+09,2.4441771062e+09,2.0436092117e+09,1.8156814866e+09,1.2220885531e+09,1.4854346322e+10,6.6868960929e+09,4.3207578484e+09,3.4672008833e+09,2.9999556767e+09,2.0436092117e+09,1.6430413172e+09,1.4151135921e+09,8.2152065860e+08,1.4626418597e+10,6.4589683678e+09,4.0928301233e+09,3.2392731582e+09,2.7720279516e+09,1.8156814866e+09,1.4151135921e+09,1.1871858670e+09,5.9359293349e+08
136,1500,60,2.6657413507e+10,1.8355950124e+10,1.6259013665e+10,1.5548448139e+10,1.5166325454e+10,1.4379214507e+10,1.4038063308e+10,1.3840384883e+10,1.3328706754e+10,1.8355950124e+10,1.0054486741e+10,7.9575502817e+09,7.2469847557e+09,6.8648620706e+09,6.0777511241e+09,5.7365999246e+09,5.5389215004e+09,5.0272433705e+09,1.6259013665e+10,7.9575502817e+09,5.8606138223e+09,5.1500482964e+09,4.7679256113e+09,3.9808146647e+09,3.6396634652e+09,3.4419850410e+09,2.9303069112e+09,1.5548448139e+10,7.2469847557e+09,5.1500482964e+09,4.4394827705e+09,4.0573600854e+09,3.2702491388e+09,2.9290979393e+09,2.7314195151e+09,2.2197413853e+09,1.5166325454e+10,6.8648620706e+09,4.7679256113e+09,4.0573600854e+09,3.6752374003e+09,2.8881264537e+09,2.5469752542e+09,2.3492968300e+09,1.8376187001e+09,1.4379214507e+10,6.0777511241e+09,3.9808146647e+09,3.2702491388e+09,2.8881264537e+09,2.1010155071e+09,1.7598643077e+09,1.5621858834e+09,1.0505077536e+09,1.4038063308e+10,5.7365999246e+09,3.6396634652e+09,2.9290979393e+09,2.5469752542e+09,1.7598643077e+09,1.4187131082e+09,1.2210346840e+09,7.0935655410e+08,1.3840384883e+10,5.5389215004e+09,3.4419850410e+09,2.7314195151e+09,2.3492968300e+09,1.5621858834e+09,1.2210346840e+09,1.0233562598e+09,5.1167812988e+08
137,1500,70,2.4106408655e+10,1.6855124155e+10,1.4896121657e+10,1.4205180579e+10,1.3833266623e+10,1.3059202523e+10,1.2722905515e+10,1.2528802946e+10,1.2053204327e+10,1.6855124155e+10,9.6038396550e+09,7.6448371572e+09,6.9538960796e+09,6.5819821233e+09,5.8079180235e+09,5.4716210153e+09,5.2775184456e+09,4.8019198275e+09,1.4896121657e+10,7.6448371572e+09,5.6858346593e+09,4.9948935818e+09,4.6229796255e+09,3.8489155257e+09,3.5126185175e+09,3.3185159478e+09,2.8429173297e+09,1.4205180579e+10,6.9538960796e+09,4.9948935818e+09,4.3039525042e+09,3.9320385479e+09,3.1579744481e+09,2.8216774399e+09,2.6275748702e+09,2.1519762521e+09,1.3833266623e+10,6.5819821233e+09,4.6229796255e+09,3.9320385479e+09,3.5601245917e+09,2.7860604919e+09,2.4497634837e+09,2.2556609140e+09,1.7800622958e+09,1.3059202523e+10,5.8079180235e+09,3.8489155257e+09,3.1579744481e+09,2.7860604919e+09,2.0119963920e+09,1.6756993839e+09,1.4815968142e+09,1.0059981960e+09,1.2722905515e+10,5.4716210153e+09,3.5126185175e+09,2.8216774399e+09,2.4497634837e+09,1.6756993839e+09,1.3394023757e+09,1.1452998060e+09,6.6970118783e+08,1.2528802946e+10,5.2775184456e+09,3.3185159478e+09,2.6275748702e+09,2.2556609140e+09,1.4815968142e+09,1.1452998060e+09,9.5119723629e+08,4.7559861815e+08
138,1500,80,2.2527713944e+10,1.5865488487e+10,1.3989212591e+10,1.3321836010e+10,1.2963697991e+10,1.2220287678e+10,1.1898916059e+10,1.1714455308e+10,1.1263856972e+10,1.5865488487e+10,9.2032630294e+09,7.3269871342e+09,6.6596105529e+09,6.3014725340e+09,5.5580622213e+09,5.2366906015e+09,5.0522298504e+09,4.6016315147e+09,1.3989212591e+10,7.3269871342e+09,5.4507112391e+09,4.7833346578e+09,4.4251966389e+09,3.6817863261e+09,3.3604147063e+09,3.1759539553e+09,2.7253556195e+09,1.3321836010e+10,6.6596105529e+09,4.7833346578e+09,4.1159580765e+09,3.7578200576e+09,3.0144097448e+09,2.6930381250e+09,2.5085773739e+09,2.0579790382e+09,1.2963697991e+10,6.3014725340e+09,4.4251966389e+09,3.7578200576e+09,3.3996820386e+09,2.6562717259e+09,2.3349001061e+09,2.1504393550e+09,1.6998410193e+09,1.2220287678e+10,5.5580622213e+09,3.6817863261e+09,3.0144097448e+09,2.6562717259e+09,1.9128614131e+09,1.5914897933e+09,1.4070290423e+09,9.5643070655e+08,1.1898916059e+10,5.2366906015e+09,3.3604147063e+09,2.6930381250e+09,2.3349001061e+09,1.5914897933e+09,1.2701181736e+09,1.0856574225e+09,6.3505908679e+08,1.1714455308e+10,5.0522298504e+09,3.1759539553e+09,2.5085773739e+09,2.1504393550e+09,1.4070290423e+09,1.0856574225e+09,9.0119667142e+08,4.5059833571e+08
139,1500,90,2.2142160580e+10,1.5613305961e+10,1.3754758797e+10,1.3095059817e+10,1.2742013337e+10,1.2010688801e+10,1.1695131081e+10,1.1513902194e+10,1.1071080290e+10,1.5613305961e+10,9.0844513415e+09,7.2259041775e+09,6.5662051971e+09,6.2131587173e+09,5.4818341818e+09,5.1662764620e+09,4.9850475750e+09,4.5422256707e+09,1.3754758797e+10,7.2259041775e+09,5.3673570135e+09,4.7076580331e+09,4.3546115534e+09,3.6232870178e+09,3.3077292980e+09,3.1265004111e+09,2.6836785068e+09,1.3095059817e+10,6.5662051971e+09,4.7076580331e+09,4.0479590527e+09,3.6949125729e+09,2.9635880374e+09,2.6480303176e+09,2.4668014306e+09,2.0239795263e+09,1.2742013337e+10,6.2131587173e+09,4.3546115534e+09,3.6949125729e+09,3.3418660932e+09,2.6105415576e+09,2.2949838378e+09,2.1137549509e+09,1.6709330466e+09,1.2010688801e+10,5.4818341818e+09,3.6232870178e+09,2.9635880374e+09,2.6105415576e+09,1.8792170220e+09,1.5636593022e+09,1.3824304153e+09,9.3960851102e+08,1.1695131081e+10,5.1662764620e+09,3.3077292980e+09,2.6480303176e+09,2.2949838378e+09,1.5636593022e+09,1.2481015825e+09,1.0668726955e+09,6.2405079123e+08,1.1513902194e+10,4.9850475750e+09,3.1265004111e+09,2.4668014306e+09,2.1137549509e+09,1.3824304153e+09,1.0668726955e+09,8.8564380861e+08,4.4282190431e+08
140,1600,0,1.4381887735e+10,1.3377207145e+10,1.2445742137e+10,1.1862144058e+10,1.1455836910e+10,1.0312900822e+10,9.4920705662e+09,8.9727902407e+09,7.1909438673e+09,1.3377207145e+10,1.2372526555e+10,1.1441061547e+10,1.0857463468e+10,1.0451156320e+10,9.3082202324e+09,8.4873899762e+09,7.9681096506e+09,6.1862632773e+09,1.2445742137e+10,1.1441061547e+10,1.0509596540e+10,9.9259984611e+09,9.5196913123e+09,8.3767552252e+09,7.5559249689e+09,7.0366446433e+09,5.2547982700e+09,1.1862144058e+10,1.0857463468e+10,9.9259984611e+09,9.3424003822e+09,8.9360932334e+09,7.7931571463e+09,6.9723268900e+09,6.4530465644e+09,4.6712001911e+09,1.1455836910e+10,1.0451156320e+10,9.5196913123e+09,8.9360932334e+09,8.5297860846e+09,7.3868499974e+09,6.5660197412e+09,6.0467394156e+09,4.2648930423e+09,1.0312900822e+10,9.3082202324e+09,8.3767552252e+09,7.7931571463e+09,7.3868499974e+09,6.2439139103e+09,5.4230836540e+09,4.9038033285e+09,3.1219569552e+09,9.4920705662e+09,8.4873899762e+09,7.5559249689e+09,6.9723268900e+09,6.5660197412e+09,5.4230836540e+09,4.6022533978e+09,4.0829730722e+09,2.3011266989e+09,8.9727902407e+09,7.9681096506e+09,7.0366446433e+09,6.4530465644e+09,6.0467394156e+09,4.9038033285e+09,4.0829730722e+09,3.5636927467e+09,1.7818463733e+09
141,1600,10,1.4648279160e+10,1.3614089829e+10,1.2661761629e+10,1.2062474774e+10,1.1643637499e+10,1.0449321533e+10,9.6157975493e+09,9.0864863962e+09,7.3241395802e+09,1.3614089829e+10,1.2579900497e+10,1.1627572298e+10,1.1028285442e+10,1.0609448167e+10,9.4151322013e+09,8.5816082176e+09,8.0522970645e+09,6.2899502485e+09,1.2661761629e+10,1.1627572298e+10,1.0675244098e+10,1.0075957242e+10,9.6571199679e+09,8.4628040019e+09,7.6292800182e+09,7.0999688651e+09,5.3376220491e+09,1.2062474774e+10,1.1028285442e+10,1.0075957242e+10,9.4766703867e+09,9.0578331122e+09,7.8635171461e+09,7.0299931625e+09,6.5006820094e+09,4.7383351933e+09,1.1643637499e+10,1.0609448167e+10,9.6571199679e+09,9.0578331122e+09,8.6389958376e+09,7.4446798716e+09,6.6111558879e+09,6.0818447348e+09,4.3194979188e+09,1.0449321533e+10,9.4151322013e+09,8.4628040019e+09,7.8635171461e+09,7.4446798716e+09,6.2503639055e+09,5.4168399219e+09,4.8875287688e+09,3.1251819528e+09,9.6157975493e+09,8.5816082176e+09,7.6292800182e+09,7.0299931625e+09,6.6111558879e+09,5.4168399219e+09,4.5833159382e+09,4.0540047851e+09,2.2916579691e+09,9.0864863962e+09,8.0522970645e+09,7.0999688651e+09,6.5006820094e+09,6.0818447348e+09,4.8875287688e+09,4.0540047851e+09,3.5246936320e+09,1.7623468160e+09
142,1600,20,1.5166675954e+10,1.3987253217e+10,1.2954570036e+10,1.2301102594e+10,1.1842293664e+10,1.0515925689e+10,9.6799794756e+09,9.1564486704e+09,7.5833379768e+09,1.3987253217e+10,1.2807830480e+10,1.1775147299e+10,1.1121679857e+10,1.0662870927e+10,9.3365029521e+09,8.5005567387e+09,7.9770259335e+09,6.4039152398e+09,1.2954570036e+10,1.1775147299e+10,1.0742464119e+10,1.0088996677e+10,9.6301877467e+09,8.3038197717e+09,7.4678735582e+09,6.9443427531e+09,5.3712320594e+09,1.2301102594e+10,1.1121679857e+10,1.0088996677e+10,9.4355292353e+09,8.9767203050e+09,7.6503523299e+09,6.8144061165e+09,6.2908753113e+09,4.7177646177e+09,1.1842293664e+10,1.0662870927e+10,9.6301877467e+09,8.9767203050e+09,8.5179113747e+09,7.1915433996e+09,6.3555971862e+09,5.8320663810e+09,4.2589556873e+09,1.0515925689e+10,9.3365029521e+09,8.3038197717e+09,7.6503523299e+09,7.1915433996e+09,5.8651754245e+09,5.0292292111e+09,4.5056984059e+09,2.9325877122e+09,9.6799794756e+09,8.5005567387e+09,7.4678735582e+09,6.8144061165e+09,6.3555971862e+09,5.0292292111e+09,4.1932829976e+09,3.6697521925e+09,2.0966414988e+09,9.1564486704e+09,7.9770259335e+09,6.9443427531e+09,6.2908753113e+09,5.8320663810e+09,4.5056984059e+09,3.6697521925e+09,3.1462213873e+09,1.5731106936e+09
143,1600,30,1.9300988219e+10,1.6868531135e+10,1.5213044790e+10,1.4301433674e+10,1.3705947005e+10,1.2180739065e+10,1.1394876599e+10,1.0923830257e+10,9.6504941097e+09,1.6868531135e+10,1.4436074051e+10,1.2780587706e+10,1.1868976590e+10,1.1273489921e+10,9.7482819813e+09,8.9624195150e+09,8.4913731730e+09,7.2180370257e+09,1.5213044790e+10,1.2780587706e+10,1.1125101360e+10,1.0213490244e+10,9.6180035753e+09,8.0927956356e+09,7.3069331692e+09,6.8358868272e+09,5.5625506799e+09,1.4301433674e+10,1.1868976590e+10,1.0213490244e+10,9.3018791285e+09,8.7063924596e+09,7.1811845199e+09,6.3953220536e+09,5.9242757115e+09,4.6509395642e+09,1.3705947005e+10,1.1273489921e+10,9.6180035753e+09,8.7063924596e+09,8.1109057907e+09,6.5856978510e+09,5.7998353847e+09,5.3287890427e+09,4.0554528954e+09,1.2180739065e+10,9.7482819813e+09,8.0927956356e+09,7.1811845199e+09,6.5856978510e+09,5.0604899112e+09,4.2746274449e+09,3.8035811029e+09,2.5302449556e+09,1.1394876599e+10,8.9624195150e+09,7.3069331692e+09,6.3953220536e+09,5.7998353847e+09,4.2746274449e+09,3.4887649786e+09,3.0177186366e+09,1.7443824893e+09,1.0923830257e+10,8.4913731730e+09,6.8358868272e+09,5.9242757115e+09,5.3287890427e+09,3.8035811029e+09,3.0177186366e+09,2.5466722946e+09,1.2733361473e+09
144,1600,40,3.1171730713e+10,2.3721453059e+10,2.0933142836e+10,1.9776589681e+10,1.9099948703e+10,1.7584525674e+10,1.6914552417e+10,1.6537119670e+10,1.5585865356e+10,2.3721453059e+10,1.6271175405e+10,1.3482865182e+10,1.2326312027e+10,1.1649671049e+10,1.0134248020e+10,9.4642747630e+09,9.0868420163e+09,8.1355877026e+09,2.0933142836e+10,1.3482865182e+10,1.0694554958e+10,9.5380018038e+09,8.8613608260e+09,7.3459377965e+09,6.6759645396e+09,6.2985317929e+09,5.3472774792e+09,1.9776589681e+10,1.2326312027e+10,9.5380018038e+09,8.3814486491e+09,7.7048076713e+09,6.1893846418e+09,5.5194113849e+09,5.1419786382e+09,4.1907243246e+09,1.9099948703e+10,1.1649671049e+10,8.8613608260e+09,7.7048076713e+09,7.0281666936e+09,5.5127436640e+09,4.8427704071e+09,4.4653376604e+09,3.5140833468e+09,1.7584525674e+10,1.0134248020e+10,7.3459377965e+09,6.1893846418e+09,5.5127436640e+09,3.9973206344e+09,3.3273473776e+09,2.9499146309e+09,1.9986603172e+09,1.6914552417e+10,9.4642747630e+09,6.6759645396e+09,5.5194113849e+09,4.8427704071e+09,3.3273473776e+09,2.6573741207e+09,2.2799413740e+09,1.3286870604e+09,1.6537119670e+10,9.0868420163e+09,6.2985317929e+09,5.1419786382e+09,4.4653376604e+09,2.9499146309e+09,2.2799413740e+09,1.9025086273e+09,9.5125431364e+08
145,1600,50,3.7073036771e+10,2.6355247402e+10,2.3224528136e+10,2.2082578861e+10,2.1453375530e+10,2.0143824091e+10,1.9595496300e+10,1.9289185420e+10,1.8536518385e+10,2.6355247402e+10,1.5637458034e+10,1.2506738768e+10,1.1364789493e+10,1.0735586161e+10,9.4260347221e+09,8.8777069314e+09,8.5713960518e+09,7.8187290168e+09,2.3224528136e+10,1.2506738768e+10,9.3760195018e+09,8.2340702269e+09,7.6048668955e+09,6.2953154562e+09,5.7469876655e+09,5.4406767859e+09,4.6880097509e+09,2.2082578861e+10,1.1364789493e+10,8.2340702269e+09,7.0921209520e+09,6.4629176206e+09,5.1533661813e+09,4.6050383906e+09,4.2987275110e+09,3.5460604760e+09,2.1453375530e+10,1.0735586161e+10,7.6048668955e+09,6.4629176206e+09,5.8337142892e+09,4.5241628499e+09,3.9758350592e+09,3.6695241796e+09,2.9168571446e+09,2.0143824091e+10,9.4260347221e+09,6.2953154562e+09,5.1533661813e+09,4.5241628499e+09,3.2146114106e+09,2.6662836199e+09,2.3599727403e+09,1.6073057053e+09,1.9595496300e+10,8.8777069314e+09,5.7469876655e+09,4.6050383906e+09,3.9758350592e+09,2.6662836199e+09,2.1179558292e+09,1.8116449496e+09,1.0589779146e+09,1.9289185420e+10,8.5713960518e+09,5.4406767859e+09,4.2987275110e+09,3.6695241796e+09,2.3599727403e+09,1.8116449496e+09,1.5053340700e+09,7.5266703499e+08
146,1600,60,3.4724890645e+10,2.3994105109e+10,2.1278773273e+10,2.0338323860e+10,1.9826403203e+10,1.8748394260e+10,1.8280427180e+10,1.8014141809e+10,1.7362445322e+10,2.3994105109e+10,1.3263319573e+10,1.0547987738e+10,9.6075383245e+09,9.0956176669e+09,8.0176087246e+09,7.5496416446e+09,7.2833562728e+09,6.6316597867e+09,2.1278773273e+10,1.0547987738e+10,7.8326559020e+09,6.8922064888e+09,6.3802858312e+09,5.3022768889e+09,4.8343098089e+09,4.5680244371e+09,3.9163279510e+09,2.0338323860e+10,9.6075383245e+09,6.8922064888e+09,5.9517570756e+09,5.4398364180e+09,4.3618274757e+09,3.8938603957e+09,3.6275750239e+09,2.9758785378e+09,1.9826403203e+10,9.0956176669e+09,6.3802858312e+09,5.4398364180e+09,4.9279157604e+09,3.8499068181e+09,3.3819397381e+09,3.1156543663e+09,2.4639578802e+09,1.8748394260e+10,8.0176087246e+09,5.3022768889e+09,4.3618274757e+09,3.8499068181e+09,2.7718978758e+09,2.3039307958e+09,2.0376454240e+09,1.3859489379e+09,1.8280427180e+10,7.5496416446e+09,4.8343098089e+09,3.8938603957e+09,3.3819397381e+09,2.3039307958e+09,1.8359637159e+09,1.5696783440e+09,9.1798185793e+08,1.8014141809e+10,7.2833562728e+09,4.5680244371e+09,3.6275750239e+09,3.1156543663e+09,2.0376454240e+09,1.5696783440e+09,1.3033929722e+09,6.5169648610e+08
147,1600,70,3.0522664795e+10,2.1440999774e+10,1.8979540098e+10,1.8093165999e+10,1.7608452897e+10,1.6575800753e+10,1.6123836669e+10,1.5866848266e+10,1.5261332398e+10,2.1440999774e+10,1.2359334753e+10,9.8978750763e+09,9.0115009783e+09,8.5267878762e+09,7.4941357319e+09,7.0421716483e+09,6.7851832452e+09,6.1796673766e+09,1.8979540098e+10,9.8978750763e+09,7.4364153995e+09,6.5500413015e+09,6.0653281994e+09,5.0326760551e+09,4.5807119715e+09,4.3237235684e+09,3.7182076998e+09,1.8093165999e+10,9.0115009783e+09,6.5500413015e+09,5.6636672034e+09,5.1789541013e+09,4.1463019571e+09,3.6943378735e+09,3.4373494704e+09,2.8318336017e+09,1.7608452897e+10,8.5267878762e+09,6.0653281994e+09,5.1789541013e+09,4.6942409992e+09,3.6615888550e+09,3.2096247714e+09,2.9526363683e+09,2.3471204996e+09,1.6575800753e+10,7.4941357319e+09,5.0326760551e+09,4.1463019571e+09,3.6615888550e+09,2.6289367108e+09,2.1769726271e+09,1.9199842240e+09,1.3144683554e+09,1.6123836669e+10,7.0421716483e+09,4.5807119715e+09,3.6943378735e+09,3.2096247714e+09,2.1769726271e+09,1.7250085435e+09,1.4680201404e+09,8.6250427176e+08,1.5866848266e+10,6.7851832452e+09,4.3237235684e+09,3.4373494704e+09,2.9526363683e+09,1.9199842240e+09,1.4680201404e+09,1.2110317373e+09,6.0551586867e+08
148,1600,80,2.8405326196e+10,2.0111116031e+10,1.7765518038e+10,1.6913484048e+10,1.6448192306e+10,1.5456928005e+10,1.5024065100e+10,1.4779071609e+10,1.4202663098e+10,2.0111116031e+10,1.1816905867e+10,9.4713078730e+09,8.6192738834e+09,8.1539821418e+09,7.1627178401e+09,6.7298549355e+09,6.4848614441e+09,5.9084529333e+09,1.7765518038e+10,9.4713078730e+09,7.1257098793e+09,6.2736758897e+09,5.8083841482e+09,4.8171198465e+09,4.3842569418e+09,4.1392634505e+09,3.5628549397e+09,1.6913484048e+10,8.6192738834e+09,6.2736758897e+09,5.4216419001e+09,4.9563501586e+09,3.9650858569e+09,3.5322229522e+09,3.2872294609e+09,2.7108209501e+09,1.6448192306e+10,8.1539821418e+09,5.8083841482e+09,4.9563501586e+09,4.4910584170e+09,3.4997941154e+09,3.0669312107e+09,2.8219377194e+09,2.2455292085e+09,1.5456928005e+10,7.1627178401e+09,4.8171198465e+09,3.9650858569e+09,3.4997941154e+09,2.5085298137e+09,2.0756669090e+09,1.8306734177e+09,1.2542649068e+09,1.5024065100e+10,6.7298549355e+09,4.3842569418e+09,3.5322229522e+09,3.0669312107e+09,2.0756669090e+09,1.6428040043e+09,1.3978105130e+09,8.2140200217e+08,1.4779071609e+10,6.4848614441e+09,4.1392634505e+09,3.2872294609e+09,2.8219377194e+09,1.8306734177e+09,1.3978105130e+09,1.1528170217e+09,5.7640851084e+08
149,1600,90,2.7950337903e+10,1.9814349306e+10,1.7495295833e+10,1.6651613260e+10,1.6191325344e+10,1.5211429103e+10,1.4784282504e+10,1.4542588490e+10,1.3975168952e+10,1.9814349306e+10,1.1678360709e+10,9.3593072358e+09,8.5156246630e+09,8.0553367464e+09,7.0754405058e+09,6.6482939072e+09,6.4065998933e+09,5.8391803544e+09,1.7495295833e+10,9.3593072358e+09,7.0402537628e+09,6.1965711900e+09,5.7362832734e+09,4.7563870328e+09,4.3292404342e+09,4.0875464203e+09,3.5201268814e+09,1.6651613260e+10,8.5156246630e+09,6.1965711900e+09,5.3528886171e+09,4.8926007006e+09,3.9127044599e+09,3.4855578614e+09,3.2438638474e+09,2.6764443086e+09,1.6191325344e+10,8.0553367464e+09,5.7362832734e+09,4.8926007006e+09,4.4323127840e+09,3.4524165434e+09,3.0252699448e+09,2.7835759308e+09,2.2161563920e+09,1.5211429103e+10,7.0754405058e+09,4.7563870328e+09,3.9127044599e+09,3.4524165434e+09,2.4725203027e+09,2.0453737042e+09,1.8036796902e+09,1.2362601514e+09,1.4784282504e+10,6.6482939072e+09,4.3292404342e+09,3.4855578614e+09,3.0252699448e+09,2.0453737042e+09,1.6182271056e+09,1.3765330916e+09,8.0911355280e+08,1.4542588490e+10,6.4065998933e+09,4.0875464203e+09,3.2438638474e+09,2.7835759308e+09,1.8036796902e+09,1.3765330916e+09,1.1348390777e+09,5.6741953884e+08
150,1700,0,2.1245567042e+10,1.9689695760e+10,1.8267114533e+10,1.7378477839e+10,1.6758408109e+10,1.4973734032e+10,1.3726446380e+10,1.2962263249e+10,1.0622783521e+10,1.9689695760e+10,1.8133824478e+10,1.6711243251e+10,1.5822606556e+10,1.5202536827e+10,1.3417862750e+10,1.2170575098e+10,1.1406391967e+10,9.0669122389e+09,1.8267114533e+10,1.6711243251e+10,1.5288662025e+10,1.4400025330e+10,1.3779955600e+10,1.1995281524e+10,1.0747993871e+10,9.9838107404e+09,7.6443310123e+09,1.7378477839e+10,1.5822606556e+10,1.4400025330e+10,1.3511388635e+10,1.2891318905e+10,1.1106644829e+10,9.8593571762e+09,9.0951740455e+09,6.7556943174e+09,1.6758408109e+10,1.5202536827e+10,1.3779955600e+10,1.2891318905e+10,1.2271249175e+10,1.0486575099e+10,9.2392874465e+09,8.4751043157e+09,6.1356245876e+09,1.4973734032e+10,1.3417862750e+10,1.1995281524e+10,1.1106644829e+10,1.0486575099e+10,8.7019010225e+09,7.4546133701e+09,6.6904302393e+09,4.3509505112e+09,1.3726446380e+10,1.2170575098e+10,1.0747993871e+10,9.8593571762e+09,9.2392874465e+09,7.4546133701e+09,6.2073257176e+09,5.4431425869e+09,3.1036628588e+09,1.2962263249e+10,1.1406391967e+10,9.9838107404e+09,9.0951740455e+09,8.4751043157e+09,6.6904302393e+09,5.4431425869e+09,4.6789594562e+09,2.3394797281e+09
151,1700,10,2.1136753356e+10,1.9563996659e+10,1.8156419330e+10,1.7268053160e+10,1.6644438100e+10,1.4821516248e+10,1.3600596147e+10,1.2843334107e+10,1.0568376678e+10,1.9563996659e+10,1.7991239961e+10,1.6583662632e+10,1.5695296463e+10,1.5071681403e+10,1.3248759551e+10,1.2027839449e+10,1.1270577409e+10,8.9956199807e+09,1.8156419330e+10,1.6583662632e+10,1.5176085304e+10,1.4287719134e+10,1.3664104074e+10,1.1841182222e+10,1.0620262120e+10,9.8630000802e+09,7.5880426518e+09,1.7268053160e+10,1.5695296463e+10,1.4287719134e+10,1.3399352964e+10,1.2775737904e+10,1.0952816052e+10,9.7318959506e+09,8.9746339105e+09,6.6996764821e+09,1.6644438100e+10,1.5071681403e+10,1.3664104074e+10,1.2775737904e+10,1.2152122845e+10,1.0329200992e+10,9.1082808909e+09,8.3510188509e+09,6.0760614224e+09,1.4821516248e+10,1.3248759551e+10,1.1841182222e+10,1.0952816052e+10,1.0329200992e+10,8.5062791400e+09,7.2853590385e+09,6.5280969985e+09,4.2531395700e+09,1.3600596147e+10,1.2027839449e+10,1.0620262120e+10,9.7318959506e+09,9.1082808909e+09,7.2853590385e+09,6.0644389370e+09,5.3071768970e+09,3.0322194685e+09,1.2843334107e+10,1.1270577409e+10,9.8630000802e+09,8.9746339105e+09,8.3510188509e+09,6.5280969985e+09,5.3071768970e+09,4.5499148569e+09,2.2749574285e+09
152,1700,20,2.1544575127e+10,1.9799801503e+10,1.8301109582e+10,1.7341127913e+10,1.6663587097e+10,1.4684303532e+10,1.3492338091e+10,1.2767305343e+10,1.0772287563e+10,1.9799801503e+10,1.8055027879e+10,1.6556335958e+10,1.5596354289e+10,1.4918813473e+10,1.2939529908e+10,1.1747564467e+10,1.1022531720e+10,9.0275139396e+09,1.8301109582e+10,1.6556335958e+10,1.5057644036e+10,1.4097662368e+10,1.3420121552e+10,1.1440837987e+10,1.0248872546e+10,9.5238397981e+09,7.5288220182e+09,1.7341127913e+10,1.5596354289e+10,1.4097662368e+10,1.3137680699e+10,1.2460139883e+10,1.0480856318e+10,9.2888908772e+09,8.5638581295e+09,6.5688403496e+09,1.6663587097e+10,1.4918813473e+10,1.3420121552e+10,1.2460139883e+10,1.1782599067e+10,9.8033155023e+09,8.6113500611e+09,7.8863173135e+09,5.8912995336e+09,1.4684303532e+10,1.2939529908e+10,1.1440837987e+10,1.0480856318e+10,9.8033155023e+09,7.8240319373e+09,6.6320664962e+09,5.9070337485e+09,3.9120159687e+09,1.3492338091e+10,1.1747564467e+10,1.0248872546e+10,9.2888908772e+09,8.6113500611e+09,6.6320664962e+09,5.4401010551e+09,4.7150683074e+09,2.7200505275e+09,1.2767305343e+10,1.1022531720e+10,9.5238397981e+09,8.5638581295e+09,7.8863173135e+09,5.9070337485e+09,4.7150683074e+09,3.9900355598e+09,1.9950177799e+09
153,1700,30,2.7372013183e+10,2.3697258385e+10,2.1309548269e+10,2.0007622481e+10,1.9159583099e+10,1.6982832456e+10,1.5901082964e+10,1.5269323179e+10,1.3686006591e+10,2.3697258385e+10,2.0022503587e+10,1.7634793471e+10,1.6332867683e+10,1.5484828301e+10,1.3308077658e+10,1.2226328166e+10,1.1594568381e+10,1.0011251793e+10,2.1309548269e+10,1.7634793471e+10,1.5247083354e+10,1.3945157567e+10,1.3097118185e+10,1.0920367542e+10,9.8386180500e+09,9.2068582646e+09,7.6235416772e+09,2.0007622481e+10,1.6332867683e+10,1.3945157567e+10,1.2643231780e+10,1.1795192398e+10,9.6184417549e+09,8.5366922627e+09,7.9049324773e+09,6.3216158899e+09,1.9159583099e+10,1.5484828301e+10,1.3097118185e+10,1.1795192398e+10,1.0947153016e+10,8.7704023729e+09,7.6886528808e+09,7.0568930954e+09,5.4735765080e+09,1.6982832456e+10,1.3308077658e+10,1.0920367542e+10,9.6184417549e+09,8.7704023729e+09,6.5936517300e+09,5.5119022378e+09,4.8801424524e+09,3.2968258650e+09,1.5901082964e+10,1.2226328166e+10,9.8386180500e+09,8.5366922627e+09,7.6886528808e+09,5.5119022378e+09,4.4301527456e+09,3.7983929602e+09,2.2150763728e+09,1.5269323179e+10,1.1594568381e+10,9.2068582646e+09,7.9049324773e+09,7.0568930954e+09,4.8801424524e+09,3.7983929602e+09,3.1666331748e+09,1.5833165874e+09
154,1700,40,4.1435331489e+10,3.1477706361e+10,2.7810224100e+10,2.6269384793e+10,2.5361203660e+10,2.3294385817e+10,2.2391991912e+10,2.1892755909e+10,2.0717665745e+10,3.1477706361e+10,2.1520081232e+10,1.7852598972e+10,1.6311759665e+10,1.5403578532e+10,1.3336760689e+10,1.2434366783e+10,1.1935130780e+10,1.0760040616e+10,2.7810224100e+10,1.7852598972e+10,1.4185116711e+10,1.2644277404e+10,1.1736096271e+10,9.6692784284e+09,8.7668845230e+09,8.2676485200e+09,7.0925583555e+09,2.6269384793e+10,1.6311759665e+10,1.2644277404e+10,1.1103438097e+10,1.0195256964e+10,8.1284391214e+09,7.2260452159e+09,6.7268092130e+09,5.5517190485e+09,2.5361203660e+10,1.5403578532e+10,1.1736096271e+10,1.0195256964e+10,9.2870758317e+09,7.2202579887e+09,6.3178640832e+09,5.8186280803e+09,4.6435379158e+09,2.3294385817e+10,1.3336760689e+10,9.6692784284e+09,8.1284391214e+09,7.2202579887e+09,5.1534401458e+09,4.2510462403e+09,3.7518102373e+09,2.5767200729e+09,2.2391991912e+10,1.2434366783e+10,8.7668845230e+09,7.2260452159e+09,6.3178640832e+09,4.2510462403e+09,3.3486523348e+09,2.8494163319e+09,1.6743261674e+09,2.1892755909e+10,1.1935130780e+10,8.2676485200e+09,6.7268092130e+09,5.8186280803e+09,3.7518102373e+09,2.8494163319e+09,2.3501803289e+09,1.1750901644e+09
155,1700,50,4.8301979918e+10,3.4405471436e+10,3.0333518417e+10,2.8825984599e+10,2.7989084523e+10,2.6222259300e+10,2.5487192004e+10,2.5083505719e+10,2.4150989959e+10,3.4405471436e+10,2.0508962954e+10,1.6437009935e+10,1.4929476117e+10,1.4092576041e+10,1.2325750818e+10,1.1590683522e+10,1.1186997237e+10,1.0254481477e+10,3.0333518417e+10,1.6437009935e+10,1.2365056915e+10,1.0857523098e+10,1.0020623022e+10,8.2537977985e+09,7.5187305027e+09,7.1150442178e+09,6.1825284576e+09,2.8825984599e+10,1.4929476117e+10,1.0857523098e+10,9.3499892808e+09,8.5130892049e+09,6.7462639813e+09,6.0111966855e+09,5.6075104007e+09,4.6749946404e+09,2.7989084523e+10,1.4092576041e+10,1.0020623022e+10,8.5130892049e+09,7.6761891289e+09,5.9093639054e+09,5.1742966096e+09,4.7706103247e+09,3.8380945645e+09,2.6222259300e+10,1.2325750818e+10,8.2537977985e+09,6.7462639813e+09,5.9093639054e+09,4.1425386818e+09,3.4074713860e+09,3.0037851011e+09,2.0712693409e+09,2.5487192004e+10,1.1590683522e+10,7.5187305027e+09,6.0111966855e+09,5.1742966096e+09,3.4074713860e+09,2.6724040903e+09,2.2687178054e+09,1.3362020451e+09,2.5083505719e+10,1.1186997237e+10,7.1150442178e+09,5.6075104007e+09,4.7706103247e+09,3.0037851011e+09,2.2687178054e+09,1.8650315205e+09,9.3251576024e+08
156,1700,60,4.4679050955e+10,3.0990189831e+10,2.7497020122e+10,2.6264804271e+10,2.5586865686e+10,2.4128879580e+10,2.3499847665e+10,2.3148516191e+10,2.2339525477e+10,3.0990189831e+10,1.7301328706e+10,1.3808158998e+10,1.2575943146e+10,1.1898004562e+10,1.0440018455e+10,9.8109865406e+09,9.4596550670e+09,8.6506643531e+09,2.7497020122e+10,1.3808158998e+10,1.0314989290e+10,9.0827734378e+09,8.4048348534e+09,6.9468487470e+09,6.3178168323e+09,5.9664853587e+09,5.1574946448e+09,2.6264804271e+10,1.2575943146e+10,9.0827734378e+09,7.8505575862e+09,7.1726190017e+09,5.7146328953e+09,5.0856009806e+09,4.7342695070e+09,3.9252787931e+09,2.5586865686e+10,1.1898004562e+10,8.4048348534e+09,7.1726190017e+09,6.4946804172e+09,5.0366943109e+09,4.4076623961e+09,4.0563309225e+09,3.2473402086e+09,2.4128879580e+10,1.0440018455e+10,6.9468487470e+09,5.7146328953e+09,5.0366943109e+09,3.5787082045e+09,2.9496762898e+09,2.5983448162e+09,1.7893541022e+09,2.3499847665e+10,9.8109865406e+09,6.3178168323e+09,5.0856009806e+09,4.4076623961e+09,2.9496762898e+09,2.3206443750e+09,1.9693129014e+09,1.1603221875e+09,2.3148516191e+10,9.4596550670e+09,5.9664853587e+09,4.7342695070e+09,4.0563309225e+09,2.5983448162e+09,1.9693129014e+09,1.6179814279e+09,8.0899071393e+08
157,1700,70,3.8361145673e+10,2.7053453614e+10,2.3978200033e+10,2.2848796883e+10,2.2222418739e+10,2.0857687018e+10,2.0261927451e+10,1.9928800091e+10,1.9180572837e+10,2.7053453614e+10,1.5745761555e+10,1.2670507973e+10,1.1541104824e+10,1.0914726680e+10,9.5499949588e+09,8.9542353921e+09,8.6211080316e+09,7.8728807774e+09,2.3978200033e+10,1.2670507973e+10,9.5952543922e+09,8.4658512425e+09,7.8394730984e+09,6.4747413775e+09,5.8789818108e+09,5.5458544503e+09,4.7976271961e+09,2.2848796883e+10,1.1541104824e+10,8.4658512425e+09,7.3364480929e+09,6.7100699488e+09,5.3453382278e+09,4.7495786611e+09,4.4164513007e+09,3.6682240464e+09,2.2222418739e+10,1.0914726680e+10,7.8394730984e+09,6.7100699488e+09,6.0836918047e+09,4.7189600837e+09,4.1232005170e+09,3.7900731565e+09,3.0418459023e+09,2.0857687018e+10,9.5499949588e+09,6.4747413775e+09,5.3453382278e+09,4.7189600837e+09,3.3542283628e+09,2.7584687961e+09,2.4253414356e+09,1.6771141814e+09,2.0261927451e+10,8.9542353921e+09,5.8789818108e+09,4.7495786611e+09,4.1232005170e+09,2.7584687961e+09,2.1627092293e+09,1.8295818689e+09,1.0813546147e+09,1.9928800091e+10,8.6211080316e+09,5.5458544503e+09,4.4164513007e+09,3.7900731565e+09,2.4253414356e+09,1.8295818689e+09,1.4964545084e+09,7.4822725422e+08
158,1700,80,3.5569451628e+10,2.5279483385e+10,2.2365729372e+10,2.1286342820e+10,2.0687966906e+10,1.9383545372e+10,1.8814519489e+10,1.8497032636e+10,1.7784725814e+10,2.5279483385e+10,1.4989515142e+10,1.2075761129e+10,1.0996374577e+10,1.0397998663e+10,9.0935771285e+09,8.5245512463e+09,8.2070643932e+09,7.4947575709e+09,2.2365729372e+10,1.2075761129e+10,9.1620071169e+09,8.0826205645e+09,7.4842446509e+09,6.1798231161e+09,5.6107972339e+09,5.2933103808e+09,4.5810035585e+09,2.1286342820e+10,1.0996374577e+10,8.0826205645e+09,7.0032340120e+09,6.4048580984e+09,5.1004365637e+09,4.5314106814e+09,4.2139238283e+09,3.5016170060e+09,2.0687966906e+10,1.0397998663e+10,7.4842446509e+09,6.4048580984e+09,5.8064821848e+09,4.5020606501e+09,3.9330347678e+09,3.6155479147e+09,2.9032410924e+09,1.9383545372e+10,9.0935771285e+09,6.1798231161e+09,5.1004365637e+09,4.5020606501e+09,3.1976391153e+09,2.6286132330e+09,2.3111263799e+09,1.5988195576e+09,1.8814519489e+10,8.5245512463e+09,5.6107972339e+09,4.5314106814e+09,3.9330347678e+09,2.6286132330e+09,2.0595873508e+09,1.7421004977e+09,1.0297936754e+09,1.8497032636e+10,8.2070643932e+09,5.2933103808e+09,4.2139238283e+09,3.6155479147e+09,2.3111263799e+09,1.7421004977e+09,1.4246136446e+09,7.1230682231e+08
159,1700,90,3.4989054002e+10,2.4900046147e+10,2.2020821880e+10,2.0952302167e+10,2.0360434059e+10,1.9070946962e+10,1.8509369704e+10,1.8196212539e+10,1.7494527001e+10,2.4900046147e+10,1.4811038292e+10,1.1931814025e+10,1.0863294312e+10,1.0271426204e+10,8.9819391070e+09,8.4203618486e+09,8.1072046839e+09,7.4055191459e+09,2.2020821880e+10,1.1931814025e+10,9.0525897588e+09,7.9840700454e+09,7.3922019371e+09,6.1027148405e+09,5.5411375821e+09,5.2279804174e+09,4.5262948794e+09,2.0952302167e+10,1.0863294312e+10,7.9840700454e+09,6.9155503321e+09,6.3236822237e+09,5.0341951271e+09,4.4726178687e+09,4.1594607040e+09,3.4577751660e+09,2.0360434059e+10,1.0271426204e+10,7.3922019371e+09,6.3236822237e+09,5.7318141153e+09,4.4423270188e+09,3.8807497604e+09,3.5675925957e+09,2.8659070577e+09,1.9070946962e+10,8.9819391070e+09,6.1027148405e+09,5.0341951271e+09,4.4423270188e+09,3.1528399222e+09,2.5912626638e+09,2.2781054991e+09,1.5764199611e+09,1.8509369704e+10,8.4203618486e+09,5.5411375821e+09,4.4726178687e+09,3.8807497604e+09,2.5912626638e+09,2.0296854054e+09,1.7165282407e+09,1.0148427027e+09,1.8196212539e+10,8.1072046839e+09,5.2279804174e+09,4.1594607040e+09,3.5675925957e+09,2.2781054991e+09,1.7165282407e+09,1.4033710760e+09,7.0168553799e+08
160,1800,0,3.0065472734e+10,2.7767952255e+10,2.5722316665e+10,2.4436719359e+10,2.3533515334e+10,2.0852376781e+10,1.9066563879e+10,1.7992094065e+10,1.5032736367e+10,2.7767952255e+10,2.5470431776e+10,2.3424796186e+10,2.2139198879e+10,2.1235994854e+10,1.8554856302e+10,1.6769043400e+10,1.5694573586e+10,1.2735215888e+10,2.5722316665e+10,2.3424796186e+10,2.1379160596e+10,2.0093563290e+10,1.9190359265e+10,1.6509220712e+10,1.4723407810e+10,1.3648937996e+10,1.0689580298e+10,2.4436719359e+10,2.2139198879e+10,2.0093563290e+10,1.8807965983e+10,1.7904761958e+10,1.5223623406e+10,1.3437810504e+10,1.2363340690e+10,9.4039829915e+09,2.3533515334e+10,2.1235994854e+10,1.9190359265e+10,1.7904761958e+10,1.7001557933e+10,1.4320419381e+10,1.2534606479e+10,1.1460136665e+10,8.5007789666e+09,2.0852376781e+10,1.8554856302e+10,1.6509220712e+10,1.5223623406e+10,1.4320419381e+10,1.1639280829e+10,9.8534679268e+09,8.7789981126e+09,5.8196404144e+09,1.9066563879e+10,1.6769043400e+10,1.4723407810e+10,1.3437810504e+10,1.2534606479e+10,9.8534679268e+09,8.0676550247e+09,6.9931852105e+09,4.0338275123e+09,1.7992094065e+10,1.5694573586e+10,1.3648937996e+10,1.2363340690e+10,1.1460136665e+10,8.7789981126e+09,6.9931852105e+09,5.9187153963e+09,2.9593576982e+09
161,1800,10,2.9891354474e+10,2.7556759041e+10,2.5526843733e+10,2.4239360729e+10,2.3330902652e+10,2.0617237487e+10,1.8872944254e+10,1.7816665799e+10,1.4945677237e+10,2.7556759041e+10,2.5222163608e+10,2.3192248300e+10,2.1904765296e+10,2.0996307219e+10,1.8282642054e+10,1.6538348820e+10,1.5482070366e+10,1.2611081804e+10,2.5526843733e+10,2.3192248300e+10,2.1162332992e+10,1.9874849988e+10,1.8966391911e+10,1.6252726746e+10,1.4508433512e+10,1.3452155058e+10,1.0581166496e+10,2.4239360729e+10,2.1904765296e+10,1.9874849988e+10,1.8587366984e+10,1.7678908907e+10,1.4965243742e+10,1.3220950509e+10,1.2164672054e+10,9.2936834922e+09,2.3330902652e+10,2.0996307219e+10,1.8966391911e+10,1.7678908907e+10,1.6770450830e+10,1.4056785665e+10,1.2312492431e+10,1.1256213977e+10,8.3852254152e+09,2.0617237487e+10,1.8282642054e+10,1.6252726746e+10,1.4965243742e+10,1.4056785665e+10,1.1343120499e+10,9.5988272658e+09,8.5425488110e+09,5.6715602495e+09,1.8872944254e+10,1.6538348820e+10,1.4508433512e+10,1.3220950509e+10,1.2312492431e+10,9.5988272658e+09,7.8545340327e+09,6.7982555779e+09,3.9272670163e+09,1.7816665799e+10,1.5482070366e+10,1.3452155058e+10,1.2164672054e+10,1.1256213977e+10,8.5425488110e+09,6.7982555779e+09,5.7419771231e+09,2.8709885615e+09
162,1800,20,3.0107340531e+10,2.7555221480e+10,2.5414285304e+10,2.4031118700e+10,2.3051489094e+10,2.0161861314e+10,1.8502274363e+10,1.7517292979e+10,1.5053670266e+10,2.7555221480e+10,2.5003102429e+10,2.2862166252e+10,2.1478999649e+10,2.0499370043e+10,1.7609742263e+10,1.5950155312e+10,1.4965173928e+10,1.2501551215e+10,2.5414285304e+10,2.2862166252e+10,2.0721230076e+10,1.9338063472e+10,1.8358433866e+10,1.5468806086e+10,1.3809219135e+10,1.2824237751e+10,1.0360615038e+10,2.4031118700e+10,2.1478999649e+10,1.9338063472e+10,1.7954896869e+10,1.6975267263e+10,1.4085639482e+10,1.2426052532e+10,1.1441071147e+10,8.9774484343e+09,2.3051489094e+10,2.0499370043e+10,1.8358433866e+10,1.6975267263e+10,1.5995637657e+10,1.3106009877e+10,1.1446422926e+10,1.0461441541e+10,7.9978188284e+09,2.0161861314e+10,1.7609742263e+10,1.5468806086e+10,1.4085639482e+10,1.3106009877e+10,1.0216382096e+10,8.5567951457e+09,7.5718137613e+09,5.1081910482e+09,1.8502274363e+10,1.5950155312e+10,1.3809219135e+10,1.2426052532e+10,1.1446422926e+10,8.5567951457e+09,6.8972081950e+09,5.9122268106e+09,3.4486040975e+09,1.7517292979e+10,1.4965173928e+10,1.2824237751e+10,1.1441071147e+10,1.0461441541e+10,7.5718137613e+09,5.9122268106e+09,4.9272454262e+09,2.4636227131e+09
163,1800,30,3.8504488140e+10,3.2994197324e+10,2.9576227414e+10,2.7740229201e+10,2.6550012810e+10,2.3489458325e+10,2.2016282035e+10,2.1180077997e+10,1.9252244070e+10,3.2994197324e+10,2.7483906507e+10,2.4065936598e+10,2.2229938384e+10,2.1039721993e+10,1.7979167508e+10,1.6505991218e+10,1.5669787180e+10,1.3741953254e+10,2.9576227414e+10,2.4065936598e+10,2.0647966688e+10,1.8811968475e+10,1.7621752084e+10,1.4561197599e+10,1.3088021309e+10,1.2251817271e+10,1.0323983344e+10,2.7740229201e+10,2.2229938384e+10,1.8811968475e+10,1.6975970261e+10,1.5785753870e+10,1.2725199385e+10,1.1252023095e+10,1.0415819057e+10,8.4879851306e+09,2.6550012810e+10,2.1039721993e+10,1.7621752084e+10,1.5785753870e+10,1.4595537480e+10,1.1534982995e+10,1.0061806705e+10,9.2256026665e+09,7.2977687398e+09,2.3489458325e+10,1.7979167508e+10,1.4561197599e+10,1.2725199385e+10,1.1534982995e+10,8.4744285096e+09,7.0012522197e+09,6.1650481815e+09,4.2372142548e+09,2.2016282035e+10,1.6505991218e+10,1.3088021309e+10,1.1252023095e+10,1.0061806705e+10,7.0012522197e+09,5.5280759297e+09,4.6918718916e+09,2.7640379649e+09,2.1180077997e+10,1.5669787180e+10,1.2251817271e+10,1.0415819057e+10,9.2256026665e+09,6.1650481815e+09,4.6918718916e+09,3.8556678534e+09,1.9278339267e+09
164,1800,40,5.5351968738e+10,4.1903791772e+10,3.7046459702e+10,3.4989489559e+10,3.3770701168e+10,3.0961190409e+10,2.9753248136e+10,2.9100052791e+10,2.7675984369e+10,4.1903791772e+10,2.8455614805e+10,2.3598282735e+10,2.1541312593e+10,2.0322524202e+10,1.7513013443e+10,1.6305071169e+10,1.5651875824e+10,1.4227807403e+10,3.7046459702e+10,2.3598282735e+10,1.8740950666e+10,1.6683980523e+10,1.5465192132e+10,1.2655681373e+10,1.1447739099e+10,1.0794543755e+10,9.3704753328e+09,3.4989489559e+10,2.1541312593e+10,1.6683980523e+10,1.4627010381e+10,1.3408221989e+10,1.0598711231e+10,9.3907689570e+09,8.7375736121e+09,7.3135051903e+09,3.3770701168e+10,2.0322524202e+10,1.5465192132e+10,1.3408221989e+10,1.2189433598e+10,9.3799228394e+09,8.1719805658e+09,7.5187852209e+09,6.0947167991e+09,3.0961190409e+10,1.7513013443e+10,1.2655681373e+10,1.0598711231e+10,9.3799228394e+09,6.5704120805e+09,5.3624698070e+09,4.7092744621e+09,3.2852060403e+09,2.9753248136e+10,1.6305071169e+10,1.1447739099e+10,9.3907689570e+09,8.1719805658e+09,5.3624698070e+09,4.1545275334e+09,3.5013321885e+09,2.0772637667e+09,2.9100052791e+10,1.5651875824e+10,1.0794543755e+10,8.7375736121e+09,7.5187852209e+09,4.7092744621e+09,3.5013321885e+09,2.8481368436e+09,1.4240684218e+09
165,1800,50,6.2607193221e+10,4.4662764170e+10,3.9393065899e+10,3.7420221414e+10,3.6316974471e+10,3.3944352164e+10,3.2965296684e+10,3.2437873748e+10,3.1303596611e+10,4.4662764170e+10,2.6718335118e+10,2.1448636847e+10,1.9475792363e+10,1.8372545420e+10,1.5999923112e+10,1.5020867633e+10,1.4493444696e+10,1.3359167559e+10,3.9393065899e+10,2.1448636847e+10,1.6178938577e+10,1.4206094092e+10,1.3102847149e+10,1.0730224842e+10,9.7511693620e+09,9.2237464258e+09,8.0894692884e+09,3.7420221414e+10,1.9475792363e+10,1.4206094092e+10,1.2233249607e+10,1.1130002664e+10,8.7573803570e+09,7.7783248774e+09,7.2509019412e+09,6.1166248037e+09,3.6316974471e+10,1.8372545420e+10,1.3102847149e+10,1.1130002664e+10,1.0026755721e+10,7.6541334138e+09,6.6750779342e+09,6.1476549980e+09,5.0133778605e+09,3.3944352164e+10,1.5999923112e+10,1.0730224842e+10,8.7573803570e+09,7.6541334138e+09,5.2815111066e+09,4.3024556270e+09,3.7750326908e+09,2.6407555533e+09,3.2965296684e+10,1.5020867633e+10,9.7511693620e+09,7.7783248774e+09,6.6750779342e+09,4.3024556270e+09,3.3234001473e+09,2.7959772111e+09,1.6617000737e+09,3.2437873748e+10,1.4493444696e+10,9.2237464258e+09,7.2509019412e+09,6.1476549980e+09,3.7750326908e+09,2.7959772111e+09,2.2685542750e+09,1.1342771375e+09
166,1800,60,5.7058793341e+10,3.9710230869e+10,3.5265092939e+10,3.3664094120e+10,3.2772422879e+10,3.0812674457e+10,2.9974339940e+10,2.9515592010e+10,2.8529396671e+10,3.9710230869e+10,2.2361668396e+10,1.7916530466e+10,1.6315531647e+10,1.5423860406e+10,1.3464111984e+10,1.2625777468e+10,1.2167029538e+10,1.1180834198e+10,3.5265092939e+10,1.7916530466e+10,1.3471392537e+10,1.1870393718e+10,1.0978722476e+10,9.0189740544e+09,8.1806395381e+09,7.7218916082e+09,6.7356962683e+09,3.3664094120e+10,1.6315531647e+10,1.1870393718e+10,1.0269394899e+10,9.3777236573e+09,7.4179752355e+09,6.5796407191e+09,6.1208927892e+09,5.1346974494e+09,3.2772422879e+10,1.5423860406e+10,1.0978722476e+10,9.3777236573e+09,8.4860524158e+09,6.5263039940e+09,5.6879694777e+09,5.2292215477e+09,4.2430262079e+09,3.0812674457e+10,1.3464111984e+10,9.0189740544e+09,7.4179752355e+09,6.5263039940e+09,4.5665555722e+09,3.7282210559e+09,3.2694731259e+09,2.2832777861e+09,2.9974339940e+10,1.2625777468e+10,8.1806395381e+09,6.5796407191e+09,5.6879694777e+09,3.7282210559e+09,2.8898865395e+09,2.4311386096e+09,1.4449432698e+09,2.9515592010e+10,1.2167029538e+10,7.7218916082e+09,6.1208927892e+09,5.2292215477e+09,3.2694731259e+09,2.4311386096e+09,1.9723906796e+09,9.8619533982e+08
167,1800,70,4.8395076846e+10,3.4266080561e+10,3.0402927728e+10,2.8953530597e+10,2.8138505558e+10,2.6324726343e+10,2.5539266382e+10,2.5108283253e+10,2.4197538423e+10,3.4266080561e+10,2.0137084275e+10,1.6273931442e+10,1.4824534312e+10,1.4009509272e+10,1.2195730057e+10,1.1410270096e+10,1.0979286967e+10,1.0068542138e+10,3.0402927728e+10,1.6273931442e+10,1.2410778609e+10,1.0961381479e+10,1.0146356439e+10,8.3325772243e+09,7.5471172635e+09,7.1161341345e+09,6.2053893047e+09,2.8953530597e+10,1.4824534312e+10,1.0961381479e+10,9.5119843482e+09,8.6969593088e+09,6.8831800937e+09,6.0977201329e+09,5.6667370039e+09,4.7559921741e+09,2.8138505558e+10,1.4009509272e+10,1.0146356439e+10,8.6969593088e+09,7.8819342695e+09,6.0681550543e+09,5.2826950935e+09,4.8517119645e+09,3.9409671347e+09,2.6324726343e+10,1.2195730057e+10,8.3325772243e+09,6.8831800937e+09,6.0681550543e+09,4.2543758391e+09,3.4689158783e+09,3.0379327493e+09,2.1271879196e+09,2.5539266382e+10,1.1410270096e+10,7.5471172635e+09,6.0977201329e+09,5.2826950935e+09,3.4689158783e+09,2.6834559175e+09,2.2524727885e+09,1.3417279587e+09,2.5108283253e+10,1.0979286967e+10,7.1161341345e+09,5.6667370039e+09,4.8517119645e+09,3.0379327493e+09,2.2524727885e+09,1.8214896595e+09,9.1074482976e+08
168,1800,80,4.4861659503e+10,3.1995390220e+10,2.8341714171e+10,2.6960632725e+10,2.6184197899e+10,2.4455472106e+10,2.3707209075e+10,2.3297459106e+10,2.2430829752e+10,3.1995390220e+10,1.9129120937e+10,1.5475444888e+10,1.4094363442e+10,1.3317928616e+10,1.1589202823e+10,1.0840939792e+10,1.0431189822e+10,9.5645604686e+09,2.8341714171e+10,1.5475444888e+10,1.1821768838e+10,1.0440687392e+10,9.6642525663e+09,7.9355267732e+09,7.1872637422e+09,6.7775137730e+09,5.9108844191e+09,2.6960632725e+10,1.4094363442e+10,1.0440687392e+10,9.0596059458e+09,8.2831711201e+09,6.5544453269e+09,5.8061822960e+09,5.3964323268e+09,4.5298029729e+09,2.6184197899e+10,1.3317928616e+10,9.6642525663e+09,8.2831711201e+09,7.5067362944e+09,5.7780105012e+09,5.0297474702e+09,4.6199975011e+09,3.7533681472e+09,2.4455472106e+10,1.1589202823e+10,7.9355267732e+09,6.5544453269e+09,5.7780105012e+09,4.0492847080e+09,3.3010216771e+09,2.8912717079e+09,2.0246423540e+09,2.3707209075e+10,1.0840939792e+10,7.1872637422e+09,5.8061822960e+09,5.0297474702e+09,3.3010216771e+09,2.5527586461e+09,2.1430086769e+09,1.2763793231e+09,2.3297459106e+10,1.0431189822e+10,6.7775137730e+09,5.3964323268e+09,4.6199975011e+09,2.8912717079e+09,2.1430086769e+09,1.7332587077e+09,8.6662935386e+08
169,1800,90,4.4081984644e+10,3.1470764326e+10,2.7866432374e+10,2.6503827024e+10,2.5738353734e+10,2.4034557095e+10,2.3297265862e+10,2.2893778942e+10,2.2040992322e+10,3.1470764326e+10,1.8859544008e+10,1.5255212056e+10,1.3892606706e+10,1.3127133416e+10,1.1423336777e+10,1.0686045545e+10,1.0282558624e+10,9.4297720040e+09,2.7866432374e+10,1.5255212056e+10,1.1650880104e+10,1.0288274754e+10,9.5228014638e+09,7.8190048251e+09,7.0817135926e+09,6.6782266722e+09,5.8254400521e+09,2.6503827024e+10,1.3892606706e+10,1.0288274754e+10,8.9256694043e+09,8.1601961139e+09,6.4563994751e+09,5.7191082427e+09,5.3156213222e+09,4.4628347022e+09,2.5738353734e+10,1.3127133416e+10,9.5228014638e+09,8.1601961139e+09,7.3947228234e+09,5.6909261847e+09,4.9536349522e+09,4.5501480317e+09,3.6973614117e+09,2.4034557095e+10,1.1423336777e+10,7.8190048251e+09,6.4563994751e+09,5.6909261847e+09,3.9871295460e+09,3.2498383135e+09,2.8463513930e+09,1.9935647730e+09,2.3297265862e+10,1.0686045545e+10,7.0817135926e+09,5.7191082427e+09,4.9536349522e+09,3.2498383135e+09,2.5125470810e+09,2.1090601605e+09,1.2562735405e+09,2.2893778942e+10,1.0282558624e+10,6.6782266722e+09,5.3156213222e+09,4.5501480317e+09,2.8463513930e+09,2.1090601605e+09,1.7055732401e+09,8.5278662003e+08
170,1900,0,4.1504936898e+10,3.8212665709e+10,3.5365150166e+10,3.3557191715e+10,3.2276299634e+10,2.8364279384e+10,2.5871926616e+10,2.4409349832e+10,2.0752468449e+10,3.8212665709e+10,3.4920394521e+10,3.2072878977e+10,3.0264920526e+10,2.8984028445e+10,2.5072008195e+10,2.2579655428e+10,2.1117078643e+10,1.7460197260e+10,3.5365150166e+10,3.2072878977e+10,2.9225363434e+10,2.7417404982e+10,2.6136512901e+10,2.2224492651e+10,1.9732139884e+10,1.8269563100e+10,1.4612681717e+10,3.3557191715e+10,3.0264920526e+10,2.7417404982e+10,2.5609446531e+10,2.4328554450e+10,2.0416534200e+10,1.7924181433e+10,1.6461604648e+10,1.2804723266e+10,3.2276299634e+10,2.8984028445e+10,2.6136512901e+10,2.4328554450e+10,2.3047662369e+10,1.9135642119e+10,1.6643289352e+10,1.5180712567e+10,1.1523831185e+10,2.8364279384e+10,2.5072008195e+10,2.2224492651e+10,2.0416534200e+10,1.9135642119e+10,1.5223621869e+10,1.2731269102e+10,1.1268692317e+10,7.6118109347e+09,2.5871926616e+10,2.2579655428e+10,1.9732139884e+10,1.7924181433e+10,1.6643289352e+10,1.2731269102e+10,1.0238916334e+10,8.7763395500e+09,5.1194581672e+09,2.4409349832e+10,2.1117078643e+10,1.8269563100e+10,1.6461604648e+10,1.5180712567e+10,1.1268692317e+10,8.7763395500e+09,7.3137627655e+09,3.6568813828e+09
171,1900,10,4.1490861501e+10,3.8099574459e+10,3.5242073029e+10,3.3415279382e+10,3.2118617898e+10,2.8163207340e+10,2.5729330207e+10,2.4290584465e+10,2.0745430750e+10,3.8099574459e+10,3.4708287417e+10,3.1850785987e+10,3.0023992341e+10,2.8727330856e+10,2.4771920298e+10,2.2338043165e+10,2.0899297423e+10,1.7354143708e+10,3.5242073029e+10,3.1850785987e+10,2.8993284558e+10,2.7166490911e+10,2.5869829426e+10,2.1914418869e+10,1.9480541735e+10,1.8041795993e+10,1.4496642279e+10,3.3415279382e+10,3.0023992341e+10,2.7166490911e+10,2.5339697264e+10,2.4043035780e+10,2.0087625222e+10,1.7653748089e+10,1.6215002347e+10,1.2669848632e+10,3.2118617898e+10,2.8727330856e+10,2.5869829426e+10,2.4043035780e+10,2.2746374295e+10,1.8790963737e+10,1.6357086604e+10,1.4918340862e+10,1.1373187148e+10,2.8163207340e+10,2.4771920298e+10,2.1914418869e+10,2.0087625222e+10,1.8790963737e+10,1.4835553180e+10,1.2401676046e+10,1.0962930305e+10,7.4177765899e+09,2.5729330207e+10,2.2338043165e+10,1.9480541735e+10,1.7653748089e+10,1.6357086604e+10,1.2401676046e+10,9.9677989130e+09,8.5290531712e+09,4.9838994565e+09,2.4290584465e+10,2.0899297423e+10,1.8041795993e+10,1.6215002347e+10,1.4918340862e+10,1.0962930305e+10,8.5290531712e+09,7.0903074293e+09,3.5451537146e+09
172,1900,20,4.1486513125e+10,3.7809522562e+10,3.4802871685e+10,3.2841168158e+10,3.1446907006e+10,2.7302096860e+10,2.5033485355e+10,2.3722212583e+10,2.0743256563e+10,3.7809522562e+10,3.4132531999e+10,3.1125881122e+10,2.9164177594e+10,2.7769916443e+10,2.3625106296e+10,2.1356494792e+10,2.0045222020e+10,1.7066265999e+10,3.4802871685e+10,3.1125881122e+10,2.8119230245e+10,2.6157526717e+10,2.4763265566e+10,2.0618455419e+10,1.8349843915e+10,1.7038571143e+10,1.4059615122e+10,3.2841168158e+10,2.9164177594e+10,2.6157526717e+10,2.4195823190e+10,2.2801562039e+10,1.8656751892e+10,1.6388140388e+10,1.5076867616e+10,1.2097911595e+10,3.1446907006e+10,2.7769916443e+10,2.4763265566e+10,2.2801562039e+10,2.1407300887e+10,1.7262490741e+10,1.4993879236e+10,1.3682606465e+10,1.0703650444e+10,2.7302096860e+10,2.3625106296e+10,2.0618455419e+10,1.8656751892e+10,1.7262490741e+10,1.3117680594e+10,1.0849069090e+10,9.5377963179e+09,6.5588402970e+09,2.5033485355e+10,2.1356494792e+10,1.8349843915e+10,1.6388140388e+10,1.4993879236e+10,1.0849069090e+10,8.5804575853e+09,7.2691848135e+09,4.2902287926e+09,2.3722212583e+10,2.0045222020e+10,1.7038571143e+10,1.5076867616e+10,1.3682606465e+10,9.5377963179e+09,7.2691848135e+09,5.9579120418e+09,2.9789560209e+09
173,1900,30,5.2837719257e+10,4.4940314977e+10,4.0201602262e+10,3.7663879217e+10,3.6019790795e+10,3.1775632856e+10,2.9801330478e+10,2.8714101781e+10,2.6418859629e+10,4.4940314977e+10,3.7042910698e+10,3.2304197982e+10,2.9766474938e+10,2.8122386516e+10,2.3878228577e+10,2.1903926198e+10,2.0816697501e+10,1.8521455349e+10,4.0201602262e+10,3.2304197982e+10,2.7565485266e+10,2.5027762222e+10,2.3383673800e+10,1.9139515861e+10,1.7165213482e+10,1.6077984785e+10,1.3782742633e+10,3.7663879217e+10,2.9766474938e+10,2.5027762222e+10,2.2490039177e+10,2.0845950756e+10,1.6601792817e+10,1.4627490438e+10,1.3540261741e+10,1.1245019589e+10,3.6019790795e+10,2.8122386516e+10,2.3383673800e+10,2.0845950756e+10,1.9201862334e+10,1.4957704395e+10,1.2983402016e+10,1.1896173319e+10,9.6009311669e+09,3.1775632856e+10,2.3878228577e+10,1.9139515861e+10,1.6601792817e+10,1.4957704395e+10,1.0713546456e+10,8.7392440768e+09,7.6520153800e+09,5.3567732278e+09,2.9801330478e+10,2.1903926198e+10,1.7165213482e+10,1.4627490438e+10,1.2983402016e+10,8.7392440768e+09,6.7649416981e+09,5.6777130012e+09,3.3824708490e+09,2.8714101781e+10,2.0816697501e+10,1.6077984785e+10,1.3540261741e+10,1.1896173319e+10,7.6520153800e+09,5.6777130012e+09,4.5904843043e+09,2.2952421522e+09
174,1900,40,7.3236114002e+10,5.5285800731e+10,4.8890041853e+10,4.6159411949e+10,4.4533921890e+10,4.0744593093e+10,3.9149275486e+10,3.8308158362e+10,3.6618057001e+10,5.5285800731e+10,3.7335487461e+10,3.0939728582e+10,2.8209098678e+10,2.6583608619e+10,2.2794279823e+10,2.1198962215e+10,2.0357845091e+10,1.8667743730e+10,4.8890041853e+10,3.0939728582e+10,2.4543969703e+10,2.1813339799e+10,2.0187849740e+10,1.6398520944e+10,1.4803203336e+10,1.3962086212e+10,1.2271984851e+10,4.6159411949e+10,2.8209098678e+10,2.1813339799e+10,1.9082709895e+10,1.7457219836e+10,1.3667891040e+10,1.2072573432e+10,1.1231456308e+10,9.5413549476e+09,4.4533921890e+10,2.6583608619e+10,2.0187849740e+10,1.7457219836e+10,1.5831729777e+10,1.2042400981e+10,1.0447083374e+10,9.6059662492e+09,7.9158648886e+09,4.0744593093e+10,2.2794279823e+10,1.6398520944e+10,1.3667891040e+10,1.2042400981e+10,8.2530721844e+09,6.6577545771e+09,5.8166374528e+09,4.1265360922e+09,3.9149275486e+10,2.1198962215e+10,1.4803203336e+10,1.2072573432e+10,1.0447083374e+10,6.6577545771e+09,5.0624369698e+09,4.2213198455e+09,2.5312184849e+09,3.8308158362e+10,2.0357845091e+10,1.3962086212e+10,1.1231456308e+10,9.6059662492e+09,5.8166374528e+09,4.2213198455e+09,3.3802027213e+09,1.6901013606e+09
175,1900,50,8.0401260936e+10,5.7397057327e+10,5.0667383780e+10,4.8114115924e+10,4.6674052440e+10,4.3517281023e+10,4.2229821460e+10,4.1551315036e+10,4.0200630468e+10,5.7397057327e+10,3.4392853719e+10,2.7663180172e+10,2.5109912315e+10,2.3669848832e+10,2.0513077414e+10,1.9225617852e+10,1.8547111428e+10,1.7196426860e+10,5.0667383780e+10,2.7663180172e+10,2.0933506625e+10,1.8380238768e+10,1.6940175285e+10,1.3783403867e+10,1.2495944305e+10,1.1817437880e+10,1.0466753312e+10,4.8114115924e+10,2.5109912315e+10,1.8380238768e+10,1.5826970911e+10,1.4386907428e+10,1.1230136010e+10,9.9426764477e+09,9.2641700237e+09,7.9134854557e+09,4.6674052440e+10,2.3669848832e+10,1.6940175285e+10,1.4386907428e+10,1.2946843945e+10,9.7900725273e+09,8.5026129645e+09,7.8241065405e+09,6.4734219725e+09,4.3517281023e+10,2.0513077414e+10,1.3783403867e+10,1.1230136010e+10,9.7900725273e+09,6.6333011096e+09,5.3458415469e+09,4.6673351228e+09,3.3166505548e+09,4.2229821460e+10,1.9225617852e+10,1.2495944305e+10,9.9426764477e+09,8.5026129645e+09,5.3458415469e+09,4.0583819841e+09,3.3798755601e+09,2.0291909921e+09,4.1551315036e+10,1.8547111428e+10,1.1817437880e+10,9.2641700237e+09,7.8241065405e+09,4.6673351228e+09,3.3798755601e+09,2.7013691360e+09,1.3506845680e+09
176,1900,60,7.1648735303e+10,5.0067588688e+10,4.4517297836e+10,4.2464201315e+10,4.1304186630e+10,3.8693936257e+10,3.7590627106e+10,3.7000457306e+10,3.5824367652e+10,5.0067588688e+10,2.8486442073e+10,2.2936151220e+10,2.0883054700e+10,1.9723040015e+10,1.7112789641e+10,1.6009480491e+10,1.5419310691e+10,1.4243221036e+10,4.4517297836e+10,2.2936151220e+10,1.7385860368e+10,1.5332763847e+10,1.4172749163e+10,1.1562498789e+10,1.0459189639e+10,9.8690198383e+09,8.6929301840e+09,4.2464201315e+10,2.0883054700e+10,1.5332763847e+10,1.3279667326e+10,1.2119652642e+10,9.5094022682e+09,8.4060931180e+09,7.8159233174e+09,6.6398336631e+09,4.1304186630e+10,1.9723040015e+10,1.4172749163e+10,1.2119652642e+10,1.0959637957e+10,8.3493875836e+09,7.2460784334e+09,6.6559086329e+09,5.4798189786e+09,3.8693936257e+10,1.7112789641e+10,1.1562498789e+10,9.5094022682e+09,8.3493875836e+09,5.7391372101e+09,4.6358280599e+09,4.0456582593e+09,2.8695686050e+09,3.7590627106e+10,1.6009480491e+10,1.0459189639e+10,8.4060931180e+09,7.2460784334e+09,4.6358280599e+09,3.5325189096e+09,2.9423491091e+09,1.7662594548e+09,3.7000457306e+10,1.5419310691e+10,9.8690198383e+09,7.8159233174e+09,6.6559086329e+09,4.0456582593e+09,2.9423491091e+09,2.3521793086e+09,1.1760896543e+09
177,1900,70,6.0369220907e+10,4.2953145033e+10,3.8141042793e+10,3.6294340603e+10,3.5241211069e+10,3.2844597121e+10,3.1819442155e+10,3.1268933196e+10,3.0184610453e+10,4.2953145033e+10,2.5537069159e+10,2.0724966919e+10,1.8878264729e+10,1.7825135195e+10,1.5428521247e+10,1.4403366281e+10,1.3852857322e+10,1.2768534580e+10,3.8141042793e+10,2.0724966919e+10,1.5912864678e+10,1.4066162489e+10,1.3013032955e+10,1.0616419007e+10,9.5912640409e+09,9.0407550817e+09,7.9564323392e+09,3.6294340603e+10,1.8878264729e+10,1.4066162489e+10,1.2219460300e+10,1.1166330766e+10,8.7697168175e+09,7.7445618516e+09,7.1940528923e+09,6.1097301499e+09,3.5241211069e+10,1.7825135195e+10,1.3013032955e+10,1.1166330766e+10,1.0113201232e+10,7.7165872834e+09,6.6914323175e+09,6.1409233583e+09,5.0566006158e+09,3.2844597121e+10,1.5428521247e+10,1.0616419007e+10,8.7697168175e+09,7.7165872834e+09,5.3199733352e+09,4.2948183693e+09,3.7443094101e+09,2.6599866676e+09,3.1819442155e+10,1.4403366281e+10,9.5912640409e+09,7.7445618516e+09,6.6914323175e+09,4.2948183693e+09,3.2696634034e+09,2.7191544441e+09,1.6348317017e+09,3.1268933196e+10,1.3852857322e+10,9.0407550817e+09,7.1940528923e+09,6.1409233583e+09,3.7443094101e+09,2.7191544441e+09,2.1686454849e+09,1.0843227424e+09
178,1900,80,5.5805477263e+10,3.9987941626e+10,3.5465188533e+10,3.3713784604e+10,3.2713918739e+10,3.0434489657e+10,2.9458599034e+10,2.8935418142e+10,2.7902738631e+10,3.9987941626e+10,2.4170405989e+10,1.9647652896e+10,1.7896248967e+10,1.6896383102e+10,1.4616954020e+10,1.3641063397e+10,1.3117882505e+10,1.2085202994e+10,3.5465188533e+10,1.9647652896e+10,1.5124899803e+10,1.3373495874e+10,1.2373630009e+10,1.0094200927e+10,9.1183103044e+09,8.5951294125e+09,7.5624499015e+09,3.3713784604e+10,1.7896248967e+10,1.3373495874e+10,1.1622091946e+10,1.0622226080e+10,8.3427969984e+09,7.3669063757e+09,6.8437254838e+09,5.8110459728e+09,3.2713918739e+10,1.6896383102e+10,1.2373630009e+10,1.0622226080e+10,9.6223602149e+09,7.3429311331e+09,6.3670405104e+09,5.8438596185e+09,4.8111801075e+09,3.0434489657e+10,1.4616954020e+10,1.0094200927e+10,8.3427969984e+09,7.3429311331e+09,5.0635020513e+09,4.0876114286e+09,3.5644305367e+09,2.5317510257e+09,2.9458599034e+10,1.3641063397e+10,9.1183103044e+09,7.3669063757e+09,6.3670405104e+09,4.0876114286e+09,3.1117208058e+09,2.5885399139e+09,1.5558604029e+09,2.8935418142e+10,1.3117882505e+10,8.5951294125e+09,6.8437254838e+09,5.8438596185e+09,3.5644305367e+09,2.5885399139e+09,2.0653590221e+09,1.0326795110e+09
179,1900,90,5.4696070100e+10,3.9254632684e+10,3.4806668485e+10,3.3080004606e+10,3.2093859710e+10,2.9845038150e+10,2.8882357183e+10,2.8366307267e+10,2.7348035050e+10,3.9254632684e+10,2.3813195268e+10,1.9365231069e+10,1.7638567190e+10,1.6652422294e+10,1.4403600734e+10,1.3440919767e+10,1.2924869851e+10,1.1906597634e+10,3.4806668485e+10,1.9365231069e+10,1.4917266870e+10,1.3190602991e+10,1.2204458095e+10,9.9556365343e+09,8.9929555678e+09,8.4769056512e+09,7.4586334348e+09,3.3080004606e+10,1.7638567190e+10,1.3190602991e+10,1.1463939112e+10,1.0477794216e+10,8.2289726556e+09,7.2662916891e+09,6.7502417725e+09,5.7319695561e+09,3.2093859710e+10,1.6652422294e+10,1.2204458095e+10,1.0477794216e+10,9.4916493195e+09,7.2428277593e+09,6.2801467928e+09,5.7640968762e+09,4.7458246598e+09,2.9845038150e+10,1.4403600734e+10,9.9556365343e+09,8.2289726556e+09,7.2428277593e+09,4.9940061991e+09,4.0313252326e+09,3.5152753160e+09,2.4970030995e+09,2.8882357183e+10,1.3440919767e+10,8.9929555678e+09,7.2662916891e+09,6.2801467928e+09,4.0313252326e+09,3.0686442662e+09,2.5525943495e+09,1.5343221331e+09,2.8366307267e+10,1.2924869851e+10,8.4769056512e+09,6.7502417725e+09,5.7640968762e+09,3.5152753160e+09,2.5525943495e+09,2.0365444329e+09,1.0182722165e+09
180,2000,0,5.6567362429e+10,5.1924425616e+10,4.8013869700e+10,4.5499916349e+10,4.3704813037e+10,3.8103204954e+10,3.4692925579e+10,3.2740637520e+10,2.8283681214e+10,5.1924425616e+10,4.7281488803e+10,4.3370932887e+10,4.0856979536e+10,3.9061876224e+10,3.3460268141e+10,3.0049988766e+10,2.8097700707e+10,2.3640744402e+10,4.8013869700e+10,4.3370932887e+10,3.9460376972e+10,3.6946423621e+10,3.5151320308e+10,2.9549712226e+10,2.6139432850e+10,2.4187144792e+10,1.9730188486e+10,4.5499916349e+10,4.0856979536e+10,3.6946423621e+10,3.4432470270e+10,3.2637366957e+10,2.7035758875e+10,2.3625479499e+10,2.1673191441e+10,1.7216235135e+10,4.3704813037e+10,3.9061876224e+10,3.5151320308e+10,3.2637366957e+10,3.0842263644e+10,2.5240655562e+10,2.1830376186e+10,1.9878088128e+10,1.5421131822e+10,3.8103204954e+10,3.3460268141e+10,2.9549712226e+10,2.7035758875e+10,2.5240655562e+10,1.9639047480e+10,1.6228768104e+10,1.4276480046e+10,9.8195237398e+09,3.4692925579e+10,3.0049988766e+10,2.6139432850e+10,2.3625479499e+10,2.1830376186e+10,1.6228768104e+10,1.2818488729e+10,1.0866200670e+10,6.4092443643e+09,3.2740637520e+10,2.8097700707e+10,2.4187144792e+10,2.1673191441e+10,1.9878088128e+10,1.4276480046e+10,1.0866200670e+10,8.9139126116e+09,4.4569563058e+09
181,2000,10,5.6444334474e+10,5.1633472434e+10,4.7710661897e+10,4.5171226471e+10,4.3355793815e+10,3.7710923669e+10,3.4402766596e+10,3.2493196833e+10,2.8222167237e+10,5.1633472434e+10,4.6822610394e+10,4.2899799857e+10,4.0360364431e+10,3.8544931775e+10,3.2900061629e+10,2.9591904556e+10,2.7682334793e+10,2.3411305197e+10,4.7710661897e+10,4.2899799857e+10,3.8976989320e+10,3.6437553894e+10,3.4622121238e+10,2.8977251092e+10,2.5669094019e+10,2.3759524256e+10,1.9488494660e+10,4.5171226471e+10,4.0360364431e+10,3.6437553894e+10,3.3898118468e+10,3.2082685812e+10,2.6437815666e+10,2.3129658593e+10,2.1220088830e+10,1.6949059234e+10,4.3355793815e+10,3.8544931775e+10,3.4622121238e+10,3.2082685812e+10,3.0267253157e+10,2.4622383010e+10,2.1314225937e+10,1.9404656174e+10,1.5133626578e+10,3.7710923669e+10,3.2900061629e+10,2.8977251092e+10,2.6437815666e+10,2.4622383010e+10,1.8977512864e+10,1.5669355791e+10,1.3759786028e+10,9.4887564319e+09,3.4402766596e+10,2.9591904556e+10,2.5669094019e+10,2.3129658593e+10,2.1314225937e+10,1.5669355791e+10,1.2361198718e+10,1.0451628955e+10,6.1805993592e+09,3.2493196833e+10,2.7682334793e+10,2.3759524256e+10,2.1220088830e+10,1.9404656174e+10,1.3759786028e+10,1.0451628955e+10,8.5420591921e+09,4.2710295960e+09
182,2000,20,5.6284887201e+10,5.1095217761e+10,4.6955294439e+10,4.4226960540e+10,4.2281571569e+10,3.6454996506e+10,3.3404831206e+10,3.1689969685e+10,2.8142443600e+10,5.1095217761e+10,4.5905548321e+10,4.1765624999e+10,3.9037291100e+10,3.7091902128e+10,3.1265327066e+10,2.8215161766e+10,2.6500300244e+10,2.2952774160e+10,4.6955294439e+10,4.1765624999e+10,3.7625701677e+10,3.4897367779e+10,3.2951978807e+10,2.7125403744e+10,2.4075238445e+10,2.2360376923e+10,1.8812850839e+10,4.4226960540e+10,3.9037291100e+10,3.4897367779e+10,3.2169033880e+10,3.0223644908e+10,2.4397069845e+10,2.1346904546e+10,1.9632043024e+10,1.6084516940e+10,4.2281571569e+10,3.7091902128e+10,3.2951978807e+10,3.0223644908e+10,2.8278255936e+10,2.2451680873e+10,1.9401515574e+10,1.7686654052e+10,1.4139127968e+10,3.6454996506e+10,3.1265327066e+10,2.7125403744e+10,2.4397069845e+10,2.2451680873e+10,1.6625105811e+10,1.3574940511e+10,1.1860078989e+10,8.3125529053e+09,3.3404831206e+10,2.8215161766e+10,2.4075238445e+10,2.1346904546e+10,1.9401515574e+10,1.3574940511e+10,1.0524775212e+10,8.8099136901e+09,5.2623876059e+09,3.1689969685e+10,2.6500300244e+10,2.2360376923e+10,1.9632043024e+10,1.7686654052e+10,1.1860078989e+10,8.8099136901e+09,7.0950521683e+09,3.5475260841e+09
183,2000,30,7.0660076559e+10,5.9794667777e+10,5.3447105990e+10,5.0030283472e+10,4.7809091139e+10,4.2028050398e+10,3.9420513927e+10,3.8027652378e+10,3.5330038279e+10,5.9794667777e+10,4.8929258996e+10,4.2581697209e+10,3.9164874690e+10,3.6943682358e+10,3.1162641616e+10,2.8555105146e+10,2.7162243596e+10,2.4464629498e+10,5.3447105990e+10,4.2581697209e+10,3.6234135422e+10,3.2817312903e+10,3.0596120571e+10,2.4815079829e+10,2.2207543359e+10,2.0814681809e+10,1.8117067711e+10,5.0030283472e+10,3.9164874690e+10,3.2817312903e+10,2.9400490385e+10,2.7179298052e+10,2.1398257311e+10,1.8790720840e+10,1.7397859291e+10,1.4700245192e+10,4.7809091139e+10,3.6943682358e+10,3.0596120571e+10,2.7179298052e+10,2.4958105720e+10,1.9177064978e+10,1.6569528508e+10,1.5176666958e+10,1.2479052860e+10,4.2028050398e+10,3.1162641616e+10,2.4815079829e+10,2.1398257311e+10,1.9177064978e+10,1.3396024236e+10,1.0788487766e+10,9.3956262165e+09,6.6980121182e+09,3.9420513927e+10,2.8555105146e+10,2.2207543359e+10,1.8790720840e+10,1.6569528508e+10,1.0788487766e+10,8.1809512955e+09,6.7880897460e+09,4.0904756478e+09,3.8027652378e+10,2.7162243596e+10,2.0814681809e+10,1.7397859291e+10,1.5176666958e+10,9.3956262165e+09,6.7880897460e+09,5.3952281966e+09,2.6976140983e+09
184,2000,40,9.3560319044e+10,7.0792913280e+10,6.2634768294e+10,5.9074950167e+10,5.6936978236e+10,5.1894318961e+10,4.9819801327e+10,4.8754876593e+10,4.6780159522e+10,7.0792913280e+10,4.8025507516e+10,3.9867362530e+10,3.6307544403e+10,3.4169572472e+10,2.9126913197e+10,2.7052395564e+10,2.5987470829e+10,2.4012753758e+10,6.2634768294e+10,3.9867362530e+10,3.1709217544e+10,2.8149399417e+10,2.6011427486e+10,2.0968768211e+10,1.8894250578e+10,1.7829325844e+10,1.5854608772e+10,5.9074950167e+10,3.6307544403e+10,2.8149399417e+10,2.4589581291e+10,2.2451609359e+10,1.7408950084e+10,1.5334432451e+10,1.4269507717e+10,1.2294790645e+10,5.6936978236e+10,3.4169572472e+10,2.6011427486e+10,2.2451609359e+10,2.0313637428e+10,1.5270978153e+10,1.3196460520e+10,1.2131535786e+10,1.0156818714e+10,5.1894318961e+10,2.9126913197e+10,2.0968768211e+10,1.7408950084e+10,1.5270978153e+10,1.0228318877e+10,8.1538012444e+09,7.0888765102e+09,5.1141594387e+09,4.9819801327e+10,2.7052395564e+10,1.8894250578e+10,1.5334432451e+10,1.3196460520e+10,8.1538012444e+09,6.0792836113e+09,5.0143588771e+09,3.0396418057e+09,4.8754876593e+10,2.5987470829e+10,1.7829325844e+10,1.4269507717e+10,1.2131535786e+10,7.0888765102e+09,5.0143588771e+09,3.9494341429e+09,1.9747170715e+09
185,2000,50,1.0174134964e+11,7.2747731255e+10,6.4220142255e+10,6.0948047994e+10,5.9090409658e+10,5.4958598771e+10,5.3301418812e+10,5.2447420546e+10,5.0870674821e+10,7.2747731255e+10,4.3754112868e+10,3.5226523868e+10,3.1954429607e+10,3.0096791271e+10,2.5964980385e+10,2.4307800426e+10,2.3453802160e+10,2.1877056434e+10,6.4220142255e+10,3.5226523868e+10,2.6698934869e+10,2.3426840607e+10,2.1569202271e+10,1.7437391385e+10,1.5780211426e+10,1.4926213160e+10,1.3349467434e+10,6.0948047994e+10,3.1954429607e+10,2.3426840607e+10,2.0154746346e+10,1.8297108010e+10,1.4165297123e+10,1.2508117164e+10,1.1654118898e+10,1.0077373173e+10,5.9090409658e+10,3.0096791271e+10,2.1569202271e+10,1.8297108010e+10,1.6439469674e+10,1.2307658787e+10,1.0650478828e+10,9.7964805623e+09,8.2197348369e+09,5.4958598771e+10,2.5964980385e+10,1.7437391385e+10,1.4165297123e+10,1.2307658787e+10,8.1758479012e+09,6.5186679422e+09,5.6646696760e+09,4.0879239506e+09,5.3301418812e+10,2.4307800426e+10,1.5780211426e+10,1.2508117164e+10,1.0650478828e+10,6.5186679422e+09,4.8614879831e+09,4.0074897170e+09,2.4307439916e+09,5.2447420546e+10,2.3453802160e+10,1.4926213160e+10,1.1654118898e+10,9.7964805623e+09,5.6646696760e+09,4.0074897170e+09,3.1534914509e+09,1.5767457255e+09
186,2000,60,8.9342504046e+10,6.2569902541e+10,5.5677504904e+10,5.3078220572e+10,5.1593655711e+10,4.8194778553e+10,4.6780783849e+10,4.6040924983e+10,4.4671252023e+10,6.2569902541e+10,3.5797301036e+10,2.8904903399e+10,2.6305619067e+10,2.4821054206e+10,2.1422177048e+10,2.0008182344e+10,1.9268323478e+10,1.7898650518e+10,5.5677504904e+10,2.8904903399e+10,2.2012505762e+10,1.9413221430e+10,1.7928656569e+10,1.4529779411e+10,1.3115784707e+10,1.2375925841e+10,1.1006252881e+10,5.3078220572e+10,2.6305619067e+10,1.9413221430e+10,1.6813937098e+10,1.5329372237e+10,1.1930495079e+10,1.0516500375e+10,9.7766415086e+09,8.4069685490e+09,5.1593655711e+10,2.4821054206e+10,1.7928656569e+10,1.5329372237e+10,1.3844807375e+10,1.0445930217e+10,9.0319355138e+09,8.2920766473e+09,6.9224036876e+09,4.8194778553e+10,2.1422177048e+10,1.4529779411e+10,1.1930495079e+10,1.0445930217e+10,7.0470530594e+09,5.6330583559e+09,4.8931994894e+09,3.5235265297e+09,4.6780783849e+10,2.0008182344e+10,1.3115784707e+10,1.0516500375e+10,9.0319355138e+09,5.6330583559e+09,4.2190636524e+09,3.4792047858e+09,2.1095318262e+09,4.6040924983e+10,1.9268323478e+10,1.2375925841e+10,9.7766415086e+09,8.2920766473e+09,4.8931994894e+09,3.4792047858e+09,2.7393459193e+09,1.3696729596e+09
187,2000,70,7.4207728089e+10,5.2992848145e+10,4.7095741498e+10,4.4783181027e+10,4.3447756003e+10,4.0351063067e+10,3.9047533968e+10,3.8362901547e+10,3.7103864044e+10,5.2992848145e+10,3.1777968200e+10,2.5880861554e+10,2.3568301083e+10,2.2232876059e+10,1.9136183123e+10,1.7832654024e+10,1.7148021602e+10,1.5888984100e+10,4.7095741498e+10,2.5880861554e+10,1.9983754907e+10,1.7671194436e+10,1.6335769412e+10,1.3239076476e+10,1.1935547377e+10,1.1250914956e+10,9.9918774534e+09,4.4783181027e+10,2.3568301083e+10,1.7671194436e+10,1.5358633966e+10,1.4023208941e+10,1.0926516006e+10,9.6229869066e+09,8.9383544851e+09,7.6793169829e+09,4.3447756003e+10,2.2232876059e+10,1.6335769412e+10,1.4023208941e+10,1.2687783917e+10,9.5910909811e+09,8.2875618821e+09,7.6029294606e+09,6.3438919583e+09,4.0351063067e+10,1.9136183123e+10,1.3239076476e+10,1.0926516006e+10,9.5910909811e+09,6.4943980456e+09,5.1908689465e+09,4.5062365250e+09,3.2471990228e+09,3.9047533968e+10,1.7832654024e+10,1.1935547377e+10,9.6229869066e+09,8.2875618821e+09,5.1908689465e+09,3.8873398475e+09,3.2027074260e+09,1.9436699237e+09,3.8362901547e+10,1.7148021602e+10,1.1250914956e+10,8.9383544851e+09,7.6029294606e+09,4.5062365250e+09,3.2027074260e+09,2.5180750044e+09,1.2590375022e+09
188,2000,80,6.8280868536e+10,4.9122509744e+10,4.3605738289e+10,4.1423059826e+10,4.0160694694e+10,3.7225823024e+10,3.5987668137e+10,3.5337576525e+10,3.4140434268e+10,4.9122509744e+10,2.9964150951e+10,2.4447379497e+10,2.2264701033e+10,2.1002335901e+10,1.8067464232e+10,1.6829309344e+10,1.6179217733e+10,1.4982075476e+10,4.3605738289e+10,2.4447379497e+10,1.8930608043e+10,1.6747929579e+10,1.5485564447e+10,1.2550692777e+10,1.1312537890e+10,1.0662446278e+10,9.4653040213e+09,4.1423059826e+10,2.2264701033e+10,1.6747929579e+10,1.4565251116e+10,1.3302885983e+10,1.0368014314e+10,9.1298594266e+09,8.4797678148e+09,7.2826255578e+09,4.0160694694e+10,2.1002335901e+10,1.5485564447e+10,1.3302885983e+10,1.2040520851e+10,9.1056491817e+09,7.8674942943e+09,7.2174026826e+09,6.0202604256e+09,3.7225823024e+10,1.8067464232e+10,1.2550692777e+10,1.0368014314e+10,9.1056491817e+09,6.1707775123e+09,4.9326226249e+09,4.2825310132e+09,3.0853887561e+09,3.5987668137e+10,1.6829309344e+10,1.1312537890e+10,9.1298594266e+09,7.8674942943e+09,4.9326226249e+09,3.6944677376e+09,3.0443761258e+09,1.8472338688e+09,3.5337576525e+10,1.6179217733e+10,1.0662446278e+10,8.4797678148e+09,7.2174026826e+09,4.2825310132e+09,3.0443761258e+09,2.3942845141e+09,1.1971422570e+09
189,2000,90,6.6762326871e+10,4.8105098392e+10,4.2698839763e+10,4.0552673044e+10,3.9310574972e+10,3.6420331562e+10,3.5200677066e+10,3.4560375911e+10,3.3381163436e+10,4.8105098392e+10,2.9447869913e+10,2.4041611284e+10,2.1895444564e+10,2.0653346493e+10,1.7763103082e+10,1.6543448586e+10,1.5903147432e+10,1.4723934956e+10,4.2698839763e+10,2.4041611284e+10,1.8635352655e+10,1.6489185935e+10,1.5247087864e+10,1.2356844453e+10,1.1137189957e+10,1.0496888803e+10,9.3176763275e+09,4.0552673044e+10,2.1895444564e+10,1.6489185935e+10,1.4343019216e+10,1.3100921144e+10,1.0210677734e+10,8.9910232378e+09,8.3507220831e+09,7.1715096079e+09,3.9310574972e+10,2.0653346493e+10,1.5247087864e+10,1.3100921144e+10,1.1858823072e+10,8.9685796620e+09,7.7489251660e+09,7.1086240112e+09,5.9294115361e+09,3.6420331562e+10,1.7763103082e+10,1.2356844453e+10,1.0210677734e+10,8.9685796620e+09,6.0783362517e+09,4.8586817557e+09,4.2183806010e+09,3.0391681259e+09,3.5200677066e+10,1.6543448586e+10,1.1137189957e+10,8.9910232378e+09,7.7489251660e+09,4.8586817557e+09,3.6390272598e+09,2.9987261050e+09,1.8195136299e+09,3.4560375911e+10,1.5903147432e+10,1.0496888803e+10,8.3507220831e+09,7.1086240112e+09,4.2183806010e+09,2.9987261050e+09,2.3584249502e+09,1.1792124751e+09
190,2500,0,2.0665166118e+11,1.8692525851e+11,1.7230365989e+11,1.6199556039e+11,1.5440221117e+11,1.2965718400e+11,1.1781628424e+11,1.1180946233e+11,1.0332583059e+11,1.8692525851e+11,1.6719885584e+11,1.5257725723e+11,1.4226915773e+11,1.3467580850e+11,1.0993078134e+11,9.8089881576e+10,9.2083059662e+10,8.3599427922e+10,1.7230365989e+11,1.5257725723e+11,1.3795565861e+11,1.2764755911e+11,1.2005420989e+11,9.5309182722e+10,8.3468282960e+10,7.7461461046e+10,6.8977829307e+10,1.6199556039e+11,1.4226915773e+11,1.2764755911e+11,1.1733945961e+11,1.0974611039e+11,8.5001083222e+10,7.3160183460e+10,6.7153361546e+10,5.8669729807e+10,1.5440221117e+11,1.3467580850e+11,1.2005420989e+11,1.0974611039e+11,1.0215276116e+11,7.7407733996e+10,6.5566834234e+10,5.9560012320e+10,5.1076380580e+10,1.2965718400e+11,1.0993078134e+11,9.5309182722e+10,8.5001083222e+10,7.7407733996e+10,5.2662706831e+10,4.0821807069e+10,3.4814985155e+10,2.6331353416e+10,1.1781628424e+11,9.8089881576e+10,8.3468282960e+10,7.3160183460e+10,6.5566834234e+10,4.0821807069e+10,2.8980907307e+10,2.2974085393e+10,1.4490453654e+10,1.1180946233e+11,9.2083059662e+10,7.7461461046e+10,6.7153361546e+10,5.9560012320e+10,3.4814985155e+10,2.2974085393e+10,1.6967263479e+10,8.4836317393e+09
191,2500,10,2.0398331899e+11,1.8402162244e+11,1.6934433470e+11,1.5892067873e+11,1.5126591912e+11,1.2694832547e+11,1.1550375286e+11,1.0982225759e+11,1.0199165949e+11,1.8402162244e+11,1.6405992590e+11,1.4938263815e+11,1.3895898219e+11,1.3130422258e+11,1.0698662893e+11,9.5542056312e+10,8.9860561049e+10,8.2029962950e+10,1.6934433470e+11,1.4938263815e+11,1.3470535041e+11,1.2428169445e+11,1.1662693483e+11,9.2309341182e+10,8.0864768566e+10,7.5183273303e+10,6.7352675204e+10,1.5892067873e+11,1.3895898219e+11,1.2428169445e+11,1.1385803848e+11,1.0620327887e+11,8.1885685220e+10,7.0441112604e+10,6.4759617341e+10,5.6929019242e+10,1.5126591912e+11,1.3130422258e+11,1.1662693483e+11,1.0620327887e+11,9.8548519260e+10,7.4230925608e+10,6.2786352993e+10,5.7104857729e+10,4.9274259630e+10,1.2694832547e+11,1.0698662893e+11,9.2309341182e+10,8.1885685220e+10,7.4230925608e+10,4.9913331956e+10,3.8468759341e+10,3.2787264077e+10,2.4956665978e+10,1.1550375286e+11,9.5542056312e+10,8.0864768566e+10,7.0441112604e+10,6.2786352993e+10,3.8468759341e+10,2.7024186725e+10,2.1342691462e+10,1.3512093363e+10,1.0982225759e+11,8.9860561049e+10,7.5183273303e+10,6.4759617341e+10,5.7104857729e+10,3.2787264077e+10,2.1342691462e+10,1.5661196198e+10,7.8305980992e+09
192,2500,20,1.9843054107e+11,1.7712409701e+11,1.6146890877e+11,1.5066271518e+11,1.4293461036e+11,1.2006963583e+11,1.1008615258e+11,1.0535814466e+11,9.9215270537e+10,1.7712409701e+11,1.5581765295e+11,1.4016246471e+11,1.2935627112e+11,1.2162816630e+11,9.8763191768e+10,8.8779708517e+10,8.4051700598e+10,7.7908826474e+10,1.6146890877e+11,1.4016246471e+11,1.2450727648e+11,1.1370108288e+11,1.0597297806e+11,8.3108003532e+10,7.3124520281e+10,6.8396512362e+10,6.2253638238e+10,1.5066271518e+11,1.2935627112e+11,1.1370108288e+11,1.0289488929e+11,9.5166784470e+10,7.2301809939e+10,6.2318326688e+10,5.7590318769e+10,5.1447444645e+10,1.4293461036e+11,1.2162816630e+11,1.0597297806e+11,9.5166784470e+10,8.7438679650e+10,6.4573705119e+10,5.4590221868e+10,4.9862213949e+10,4.3719339825e+10,1.2006963583e+11,9.8763191768e+10,8.3108003532e+10,7.2301809939e+10,6.4573705119e+10,4.1708730589e+10,3.1725247338e+10,2.6997239419e+10,2.0854365294e+10,1.1008615258e+11,8.8779708517e+10,7.3124520281e+10,6.2318326688e+10,5.4590221868e+10,3.1725247338e+10,2.1741764086e+10,1.7013756168e+10,1.0870882043e+10,1.0535814466e+11,8.4051700598e+10,6.8396512362e+10,5.7590318769e+10,4.9862213949e+10,2.6997239419e+10,1.7013756168e+10,1.2285748249e+10,6.1428741244e+09
193,2500,30,2.3218864987e+11,1.9193869078e+11,1.7107030988e+11,1.5951665156e+11,1.5193439304e+11,1.3201340223e+11,1.2410272920e+11,1.2053005824e+11,1.1609432494e+11,1.9193869078e+11,1.5168873169e+11,1.3082035079e+11,1.1926669247e+11,1.1168443395e+11,9.1763443136e+10,8.3852770107e+10,8.0280099146e+10,7.5844365846e+10,1.7107030988e+11,1.3082035079e+11,1.0995196989e+11,9.8398311570e+10,9.0816053044e+10,7.0895062235e+10,6.2984389205e+10,5.9411718244e+10,5.4975984944e+10,1.5951665156e+11,1.1926669247e+11,9.8398311570e+10,8.6844653252e+10,7.9262394726e+10,5.9341403916e+10,5.1430730887e+10,4.7858059926e+10,4.3422326626e+10,1.5193439304e+11,1.1168443395e+11,9.0816053044e+10,7.9262394726e+10,7.1680136199e+10,5.1759145390e+10,4.3848472361e+10,4.0275801400e+10,3.5840068100e+10,1.3201340223e+11,9.1763443136e+10,7.0895062235e+10,5.9341403916e+10,5.1759145390e+10,3.1838154580e+10,2.3927481551e+10,2.0354810590e+10,1.5919077290e+10,1.2410272920e+11,8.3852770107e+10,6.2984389205e+10,5.1430730887e+10,4.3848472361e+10,2.3927481551e+10,1.6016808522e+10,1.2444137561e+10,8.0084042611e+09,1.2053005824e+11,8.0280099146e+10,5.9411718244e+10,4.7858059926e+10,4.0275801400e+10,2.0354810590e+10,1.2444137561e+10,8.8714666001e+09,4.4357333000e+09
194,2500,40,2.6016866286e+11,1.9772335490e+11,1.7533897369e+11,1.6468350040e+11,1.5808232154e+11,1.4200912980e+11,1.3599543069e+11,1.3332634370e+11,1.3008433143e+11,1.9772335490e+11,1.3527804694e+11,1.1289366573e+11,1.0223819244e+11,9.5637013573e+10,7.9563821833e+10,7.3550122730e+10,7.0881035737e+10,6.7639023469e+10,1.7533897369e+11,1.1289366573e+11,9.0509284518e+10,7.9853811229e+10,7.3252632364e+10,5.7179440623e+10,5.1165741520e+10,4.8496654527e+10,4.5254642259e+10,1.6468350040e+11,1.0223819244e+11,7.9853811229e+10,6.9198337939e+10,6.2597159074e+10,4.6523967333e+10,4.0510268231e+10,3.7841181238e+10,3.4599168970e+10,1.5808232154e+11,9.5637013573e+10,7.3252632364e+10,6.2597159074e+10,5.5995980209e+10,3.9922788468e+10,3.3909089366e+10,3.1240002373e+10,2.7997990105e+10,1.4200912980e+11,7.9563821833e+10,5.7179440623e+10,4.6523967333e+10,3.9922788468e+10,2.3849596727e+10,1.7835897625e+10,1.5166810632e+10,1.1924798364e+10,1.3599543069e+11,7.3550122730e+10,5.1165741520e+10,4.0510268231e+10,3.3909089366e+10,1.7835897625e+10,1.1822198523e+10,9.1531115293e+09,5.9110992613e+09,1.3332634370e+11,7.0881035737e+10,4.8496654527e+10,3.7841181238e+10,3.1240002373e+10,1.5166810632e+10,9.1531115293e+09,6.4840245360e+09,3.2420122680e+09
195,2500,50,2.5755661259e+11,1.8663794411e+11,1.6547418256e+11,1.5649694985e+11,1.5113841755e+11,1.3833550404e+11,1.3354022722e+11,1.3139360025e+11,1.2877830630e+11,1.8663794411e+11,1.1571927562e+11,9.4555514076e+10,8.5578281359e+10,8.0219749059e+10,6.7416835556e+10,6.2621558737e+10,6.0474931763e+10,5.7859637809e+10,1.6547418256e+11,9.4555514076e+10,7.3391752534e+10,6.4414519817e+10,5.9055987516e+10,4.6253074013e+10,4.1457797195e+10,3.9311170220e+10,3.6695876267e+10,1.5649694985e+11,8.5578281359e+10,6.4414519817e+10,5.5437287099e+10,5.0078754799e+10,3.7275841296e+10,3.2480564478e+10,3.0333937503e+10,2.7718643550e+10,1.5113841755e+11,8.0219749059e+10,5.9055987516e+10,5.0078754799e+10,4.4720222498e+10,3.1917308996e+10,2.7122032177e+10,2.4975405203e+10,2.2360111249e+10,1.3833550404e+11,6.7416835556e+10,4.6253074013e+10,3.7275841296e+10,3.1917308996e+10,1.9114395493e+10,1.4319118674e+10,1.2172491700e+10,9.5571977464e+09,1.3354022722e+11,6.2621558737e+10,4.1457797195e+10,3.2480564478e+10,2.7122032177e+10,1.4319118674e+10,9.5238418558e+09,7.3772148815e+09,4.7619209279e+09,1.3139360025e+11,6.0474931763e+10,3.9311170220e+10,3.0333937503e+10,2.4975405203e+10,1.2172491700e+10,7.3772148815e+09,5.2305879071e+09,2.6152939535e+09
196,2500,60,2.1516726080e+11,1.5495654702e+11,1.3830698174e+11,1.3105991044e+11,1.2665953421e+11,1.1587028848e+11,1.1173726350e+11,1.0986815243e+11,1.0758363040e+11,1.5495654702e+11,9.4745833247e+10,7.8096267963e+10,7.0849196667e+10,6.6448820436e+10,5.5659574702e+10,5.1526549727e+10,4.9657438651e+10,4.7372916624e+10,1.3830698174e+11,7.8096267963e+10,6.1446702679e+10,5.4199631383e+10,4.9799255152e+10,3.9010009418e+10,3.4876984443e+10,3.3007873367e+10,3.0723351340e+10,1.3105991044e+11,7.0849196667e+10,5.4199631383e+10,4.6952560087e+10,4.2552183856e+10,3.1762938122e+10,2.7629913147e+10,2.5760802071e+10,2.3476280044e+10,1.2665953421e+11,6.6448820436e+10,4.9799255152e+10,4.2552183856e+10,3.8151807625e+10,2.7362561891e+10,2.3229536916e+10,2.1360425840e+10,1.9075903813e+10,1.1587028848e+11,5.5659574702e+10,3.9010009418e+10,3.1762938122e+10,2.7362561891e+10,1.6573316156e+10,1.2440291181e+10,1.0571180106e+10,8.2866580780e+09,1.1173726350e+11,5.1526549727e+10,3.4876984443e+10,2.7629913147e+10,2.3229536916e+10,1.2440291181e+10,8.3072662061e+09,6.4381551308e+09,4.1536331030e+09,1.0986815243e+11,4.9657438651e+10,3.3007873367e+10,2.5760802071e+10,2.1360425840e+10,1.0571180106e+10,6.4381551308e+09,4.5690440555e+09,2.2845220278e+09
197,2500,70,1.8130898895e+11,1.3292505484e+11,1.1849357720e+11,1.1202193066e+11,1.0805852239e+11,9.8251682628e+10,9.4467772059e+10,9.2751695900e+10,9.0654494476e+10,1.3292505484e+11,8.4541120728e+10,7.0109643084e+10,6.3637996548e+10,5.9674588278e+10,4.9867748516e+10,4.6083837948e+10,4.4367761788e+10,4.2270560364e+10,1.1849357720e+11,7.0109643084e+10,5.5678165440e+10,4.9206518904e+10,4.5243110634e+10,3.5436270872e+10,3.1652360304e+10,2.9936284145e+10,2.7839082720e+10,1.1202193066e+11,6.3637996548e+10,4.9206518904e+10,4.2734872368e+10,3.8771464098e+10,2.8964624336e+10,2.5180713767e+10,2.3464637608e+10,2.1367436184e+10,1.0805852239e+11,5.9674588278e+10,4.5243110634e+10,3.8771464098e+10,3.4808055828e+10,2.5001216066e+10,2.1217305498e+10,1.9501229339e+10,1.7404027914e+10,9.8251682628e+10,4.9867748516e+10,3.5436270872e+10,2.8964624336e+10,2.5001216066e+10,1.5194376304e+10,1.1410465736e+10,9.6943895764e+09,7.5971881521e+09,9.4467772059e+10,4.6083837948e+10,3.1652360304e+10,2.5180713767e+10,2.1217305498e+10,1.1410465736e+10,7.6265551671e+09,5.9104790079e+09,3.8132775836e+09,9.2751695900e+10,4.4367761788e+10,2.9936284145e+10,2.3464637608e+10,1.9501229339e+10,9.6943895764e+09,5.9104790079e+09,4.1944028487e+09,2.0972014244e+09
198,2500,80,1.6841162538e+11,1.2417884875e+11,1.1061724458e+11,1.0449332366e+11,1.0073653051e+11,9.1427224751e+10,8.7833220353e+10,8.6202174797e+10,8.4205812692e+10,1.2417884875e+11,7.9946072125e+10,6.6384467946e+10,6.0260547029e+10,5.6503753884e+10,4.7194448121e+10,4.3600443724e+10,4.1969398167e+10,3.9973036063e+10,1.1061724458e+11,6.6384467946e+10,5.2822863766e+10,4.6698942850e+10,4.2942149704e+10,3.3632843942e+10,3.0038839544e+10,2.8407793987e+10,2.6411431883e+10,1.0449332366e+11,6.0260547029e+10,4.6698942850e+10,4.0575021933e+10,3.6818228788e+10,2.7508923025e+10,2.3914918628e+10,2.2283873071e+10,2.0287510967e+10,1.0073653051e+11,5.6503753884e+10,4.2942149704e+10,3.6818228788e+10,3.3061435643e+10,2.3752129880e+10,2.0158125482e+10,1.8527079926e+10,1.6530717821e+10,9.1427224751e+10,4.7194448121e+10,3.3632843942e+10,2.7508923025e+10,2.3752129880e+10,1.4442824118e+10,1.0848819720e+10,9.2177741632e+09,7.2214120588e+09,8.7833220353e+10,4.3600443724e+10,3.0038839544e+10,2.3914918628e+10,2.0158125482e+10,1.0848819720e+10,7.2548153219e+09,5.6237697654e+09,3.6274076610e+09,8.6202174797e+10,4.1969398167e+10,2.8407793987e+10,2.2283873071e+10,1.8527079926e+10,9.2177741632e+09,5.6237697654e+09,3.9927242088e+09,1.9963621044e+09
199,2500,90,1.6482628132e+11,1.2165933531e+11,1.0838547257e+11,1.0237467665e+11,9.8684188476e+10,8.9526355452e+10,8.5985776655e+10,8.4379558694e+10,8.2413140660e+10,1.2165933531e+11,7.8492389308e+10,6.5218526561e+10,5.9207730645e+10,5.5517242470e+10,4.6359409447e+10,4.2818830649e+10,4.1212612688e+10,3.9246194654e+10,1.0838547257e+11,6.5218526561e+10,5.1944663815e+10,4.5933867898e+10,4.2243379724e+10,3.3085546700e+10,2.9544967902e+10,2.7938749942e+10,2.5972331907e+10,1.0237467665e+11,5.9207730645e+10,4.5933867898e+10,3.9923071981e+10,3.6232583807e+10,2.7074750783e+10,2.3534171986e+10,2.1927954025e+10,1.9961535991e+10,9.8684188476e+10,5.5517242470e+10,4.2243379724e+10,3.6232583807e+10,3.2542095632e+10,2.3384262609e+10,1.9843683811e+10,1.8237465850e+10,1.6271047816e+10,8.9526355452e+10,4.6359409447e+10,3.3085546700e+10,2.7074750783e+10,2.3384262609e+10,1.4226429585e+10,1.0685850788e+10,9.0796328268e+09,7.1132147927e+09,8.5985776655e+10,4.2818830649e+10,2.9544967902e+10,2.3534171986e+10,1.9843683811e+10,1.0685850788e+10,7.1452719897e+09,5.5390540290e+09,3.5726359949e+09,8.4379558694e+10,4.1212612688e+10,2.7938749942e+10,2.1927954025e+10,1.8237465850e+10,9.0796328268e+09,5.5390540290e+09,3.9328360682e+09,1.9664180341e+09
200,3000,0,5.8750493119e+11,5.2777116954e+11,4.8482639576e+11,4.5214631051e+11,4.2794053084e+11,3.5214632899e+11,3.1901371509e+11,3.0553398958e+11,2.9375246559e+11,5.2777116954e+11,4.6803740789e+11,4.2509263411e+11,3.9241254886e+11,3.6820676919e+11,2.9241256734e+11,2.5927995344e+11,2.4580022793e+11,2.3401870394e+11,4.8482639576e+11,4.2509263411e+11,3.8214786033e+11,3.4946777508e+11,3.2526199541e+11,2.4946779356e+11,2.1633517966e+11,2.0285545415e+11,1.9107393017e+11,4.5214631051e+11,3.9241254886e+11,3.4946777508e+11,3.1678768984e+11,2.9258191016e+11,2.1678770831e+11,1.8365509441e+11,1.7017536890e+11,1.5839384492e+11,4.2794053084e+11,3.6820676919e+11,3.2526199541e+11,2.9258191016e+11,2.6837613049e+11,1.9258192864e+11,1.5944931474e+11,1.4596958923e+11,1.3418806524e+11,3.5214632899e+11,2.9241256734e+11,2.4946779356e+11,2.1678770831e+11,1.9258192864e+11,1.1678772679e+11,8.3655112887e+10,7.0175387379e+10,5.8393863395e+10,3.1901371509e+11,2.5927995344e+11,2.1633517966e+11,1.8365509441e+11,1.5944931474e+11,8.3655112887e+10,5.0522498984e+10,3.7042773477e+10,2.5261249492e+10,3.0553398958e+11,2.4580022793e+11,2.0285545415e+11,1.7017536890e+11,1.4596958923e+11,7.0175387379e+10,3.7042773477e+10,2.3563047969e+10,1.1781523985e+10
201,3000,10,5.7189062190e+11,5.1178265731e+11,4.6864485139e+11,4.3612943349e+11,4.1226437355e+11,3.3960971551e+11,3.0881488004e+11,2.9653567101e+11,2.8594531095e+11,5.1178265731e+11,4.5167469272e+11,4.0853688680e+11,3.7602146890e+11,3.5215640895e+11,2.7950175092e+11,2.4870691545e+11,2.3642770641e+11,2.2583734636e+11,4.6864485139e+11,4.0853688680e+11,3.6539908087e+11,3.3288366298e+11,3.0901860303e+11,2.3636394500e+11,2.0556910953e+11,1.9328990049e+11,1.8269954044e+11,4.3612943349e+11,3.7602146890e+11,3.3288366298e+11,3.0036824508e+11,2.7650318513e+11,2.0384852710e+11,1.7305369163e+11,1.6077448260e+11,1.5018412254e+11,4.1226437355e+11,3.5215640895e+11,3.0901860303e+11,2.7650318513e+11,2.5263812519e+11,1.7998346716e+11,1.4918863168e+11,1.3690942265e+11,1.2631906259e+11,3.3960971551e+11,2.7950175092e+11,2.3636394500e+11,2.0384852710e+11,1.7998346716e+11,1.0732880913e+11,7.6533973652e+10,6.4254764617e+10,5.3664404563e+10,3.0881488004e+11,2.4870691545e+11,2.0556910953e+11,1.7305369163e+11,1.4918863168e+11,7.6533973652e+10,4.5739138178e+10,3.3459929143e+10,2.2869569089e+10,2.9653567101e+11,2.3642770641e+11,1.9328990049e+11,1.6077448260e+11,1.3690942265e+11,6.4254764617e+10,3.3459929143e+10,2.1180720108e+10,1.0590360054e+10
202,3000,20,5.4632841920e+11,4.7999061216e+11,4.3398621019e+11,4.0180008478e+11,3.7914437859e+11,3.1566248622e+11,2.9071803235e+11,2.8117493677e+11,2.7316420960e+11,4.7999061216e+11,4.1365280513e+11,3.6764840316e+11,3.3546227774e+11,3.1280657156e+11,2.4932467918e+11,2.2438022532e+11,2.1483712974e+11,2.0682640256e+11,4.3398621019e+11,3.6764840316e+11,3.2164400119e+11,2.8945787577e+11,2.6680216959e+11,2.0332027721e+11,1.7837582335e+11,1.6883272777e+11,1.6082200059e+11,4.0180008478e+11,3.3546227774e+11,2.8945787577e+11,2.5727175036e+11,2.3461604418e+11,1.7113415180e+11,1.4618969794e+11,1.3664660236e+11,1.2863587518e+11,3.7914437859e+11,3.1280657156e+11,2.6680216959e+11,2.3461604418e+11,2.1196033799e+11,1.4847844562e+11,1.2353399175e+11,1.1399089617e+11,1.0598016900e+11,3.1566248622e+11,2.4932467918e+11,2.0332027721e+11,1.7113415180e+11,1.4847844562e+11,8.4996553240e+10,6.0052099375e+10,5.0509003795e+10,4.2498276620e+10,2.9071803235e+11,2.2438022532e+11,1.7837582335e+11,1.4618969794e+11,1.2353399175e+11,6.0052099375e+10,3.5107645509e+10,2.5564549930e+10,1.7553822755e+10,2.8117493677e+11,2.1483712974e+11,1.6883272777e+11,1.3664660236e+11,1.1399089617e+11,5.0509003795e+10,2.5564549930e+10,1.6021454350e+10,8.0107271749e+09
203,3000,30,5.8415994244e+11,4.7691407757e+11,4.2405443817e+11,3.9375628912e+11,3.7388440666e+11,3.2305346937e+11,3.0451690834e+11,2.9766142029e+11,2.9207997122e+11,4.7691407757e+11,3.6966821270e+11,3.1680857330e+11,2.8651042425e+11,2.6663854179e+11,2.1580760450e+11,1.9727104347e+11,1.9041555542e+11,1.8483410635e+11,4.2405443817e+11,3.1680857330e+11,2.6394893390e+11,2.3365078485e+11,2.1377890239e+11,1.6294796510e+11,1.4441140407e+11,1.3755591602e+11,1.3197446695e+11,3.9375628912e+11,2.8651042425e+11,2.3365078485e+11,2.0335263579e+11,1.8348075334e+11,1.3264981605e+11,1.1411325502e+11,1.0725776696e+11,1.0167631790e+11,3.7388440666e+11,2.6663854179e+11,2.1377890239e+11,1.8348075334e+11,1.6360887088e+11,1.1277793359e+11,9.4241372564e+10,8.7385884509e+10,8.1804435440e+10,3.2305346937e+11,2.1580760450e+11,1.6294796510e+11,1.3264981605e+11,1.1277793359e+11,6.1946996300e+10,4.3410435274e+10,3.6554947219e+10,3.0973498150e+10,3.0451690834e+11,1.9727104347e+11,1.4441140407e+11,1.1411325502e+11,9.4241372564e+10,4.3410435274e+10,2.4873874248e+10,1.8018386193e+10,1.2436937124e+10,2.9766142029e+11,1.9041555542e+11,1.3755591602e+11,1.0725776696e+11,8.7385884509e+10,3.6554947219e+10,1.8018386193e+10,1.1162898138e+10,5.5814490692e+09
204,3000,40,5.8390911221e+11,4.4696625357e+11,3.9596329925e+11,3.7005833124e+11,3.5383993482e+11,3.1479125661e+11,3.0109248417e+11,2.9603821797e+11,2.9195455610e+11,4.4696625357e+11,3.1002339493e+11,2.5902044061e+11,2.3311547260e+11,2.1689707618e+11,1.7784839797e+11,1.6414962553e+11,1.5909535933e+11,1.5501169746e+11,3.9596329925e+11,2.5902044061e+11,2.0801748629e+11,1.8211251828e+11,1.6589412186e+11,1.2684544365e+11,1.1314667121e+11,1.0809240501e+11,1.0400874314e+11,3.7005833124e+11,2.3311547260e+11,1.8211251828e+11,1.5620755027e+11,1.3998915385e+11,1.0094047564e+11,8.7241703201e+10,8.2187437006e+10,7.8103775136e+10,3.5383993482e+11,2.1689707618e+11,1.6589412186e+11,1.3998915385e+11,1.2377075743e+11,8.4722079215e+10,7.1023306777e+10,6.5969040583e+10,6.1885378713e+10,3.1479125661e+11,1.7784839797e+11,1.2684544365e+11,1.0094047564e+11,8.4722079215e+10,4.5673401005e+10,3.1974628567e+10,2.6920362372e+10,2.2836700502e+10,3.0109248417e+11,1.6414962553e+11,1.1314667121e+11,8.7241703201e+10,7.1023306777e+10,3.1974628567e+10,1.8275856128e+10,1.3221589934e+10,9.1379280642e+09,2.9603821797e+11,1.5909535933e+11,1.0809240501e+11,8.2187437006e+10,6.5969040583e+10,2.6920362372e+10,1.3221589934e+10,8.1673237397e+09,4.0836618699e+09
205,3000,50,5.4016714966e+11,3.9689254509e+11,3.5268761526e+11,3.3200137118e+11,3.1926925349e+11,2.8843960172e+11,2.7747021484e+11,2.7339131908e+11,2.7008357483e+11,3.9689254509e+11,2.5361794053e+11,2.0941301069e+11,1.8872676661e+11,1.7599464892e+11,1.4516499715e+11,1.3419561027e+11,1.3011671451e+11,1.2680897026e+11,3.5268761526e+11,2.0941301069e+11,1.6520808085e+11,1.4452183677e+11,1.3178971908e+11,1.0096006731e+11,8.9990680435e+10,8.5911784676e+10,8.2604040426e+10,3.3200137118e+11,1.8872676661e+11,1.4452183677e+11,1.2383559269e+11,1.1110347500e+11,8.0273823233e+10,6.9304436356e+10,6.5225540597e+10,6.1917796347e+10,3.1926925349e+11,1.7599464892e+11,1.3178971908e+11,1.1110347500e+11,9.8371357310e+10,6.7541705541e+10,5.6572318664e+10,5.2493422905e+10,4.9185678655e+10,2.8843960172e+11,1.4516499715e+11,1.0096006731e+11,8.0273823233e+10,6.7541705541e+10,3.6712053772e+10,2.5742666895e+10,2.1663771136e+10,1.8356026886e+10,2.7747021484e+11,1.3419561027e+11,8.9990680435e+10,6.9304436356e+10,5.6572318664e+10,2.5742666895e+10,1.4773280018e+10,1.0694384259e+10,7.3866400092e+09,2.7339131908e+11,1.3011671451e+11,8.5911784676e+10,6.5225540597e+10,5.2493422905e+10,2.1663771136e+10,1.0694384259e+10,6.6154885003e+09,3.3077442501e+09
206,3000,60,4.4133616187e+11,3.2570124956e+11,2.9067304497e+11,2.7362453432e+11,2.6295486039e+11,2.3662422170e+11,2.2711978010e+11,2.2356212662e+11,2.2066808093e+11,3.2570124956e+11,2.1006633726e+11,1.7503813267e+11,1.5798962202e+11,1.4731994809e+11,1.2098930939e+11,1.1148486780e+11,1.0792721431e+11,1.0503316863e+11,2.9067304497e+11,1.7503813267e+11,1.4000992808e+11,1.2296141743e+11,1.1229174350e+11,8.5961104804e+10,7.6456663208e+10,7.2899009724e+10,7.0004964041e+10,2.7362453432e+11,1.5798962202e+11,1.2296141743e+11,1.0591290678e+11,9.5243232844e+10,6.8912594152e+10,5.9408152556e+10,5.5850499072e+10,5.2956453389e+10,2.6295486039e+11,1.4731994809e+11,1.1229174350e+11,9.5243232844e+10,8.4573558909e+10,5.8242920218e+10,4.8738478622e+10,4.5180825137e+10,4.2286779455e+10,2.3662422170e+11,1.2098930939e+11,8.5961104804e+10,6.8912594152e+10,5.8242920218e+10,3.1912281526e+10,2.2407839930e+10,1.8850186445e+10,1.5956140763e+10,2.2711978010e+11,1.1148486780e+11,7.6456663208e+10,5.9408152556e+10,4.8738478622e+10,2.2407839930e+10,1.2903398334e+10,9.3457448492e+09,6.4516991668e+09,2.2356212662e+11,1.0792721431e+11,7.2899009724e+10,5.5850499072e+10,4.5180825137e+10,1.8850186445e+10,9.3457448492e+09,5.7880913648e+09,2.8940456824e+09
207,3000,70,3.7861268113e+11,2.8361831213e+11,2.5283322149e+11,2.3751063033e+11,2.2786163510e+11,2.0390404202e+11,1.9521614345e+11,1.9195878015e+11,1.8930634056e+11,2.8361831213e+11,1.8862394314e+11,1.5783885249e+11,1.4251626133e+11,1.3286726610e+11,1.0890967302e+11,1.0022177446e+11,9.6964411149e+10,9.4311971568e+10,2.5283322149e+11,1.5783885249e+11,1.2705376184e+11,1.1173117069e+11,1.0208217546e+11,7.8124582376e+10,6.9436683811e+10,6.6179320504e+10,6.3526880922e+10,2.3751063033e+11,1.4251626133e+11,1.1173117069e+11,9.6408579534e+10,8.6759584304e+10,6.2801991221e+10,5.4114092657e+10,5.0856729349e+10,4.8204289767e+10,2.2786163510e+11,1.3286726610e+11,1.0208217546e+11,8.6759584304e+10,7.7110589075e+10,5.3152995991e+10,4.4465097427e+10,4.1207734119e+10,3.8555294537e+10,2.0390404202e+11,1.0890967302e+11,7.8124582376e+10,6.2801991221e+10,5.3152995991e+10,2.9195402908e+10,2.0507504343e+10,1.7250141036e+10,1.4597701454e+10,1.9521614345e+11,1.0022177446e+11,6.9436683811e+10,5.4114092657e+10,4.4465097427e+10,2.0507504343e+10,1.1819605779e+10,8.5622424713e+09,5.9098028896e+09,1.9195878015e+11,9.6964411149e+10,6.6179320504e+10,5.0856729349e+10,4.1207734119e+10,1.7250141036e+10,8.5622424713e+09,5.3048791634e+09,2.6524395817e+09
208,3000,80,3.5289973137e+11,2.6552077973e+11,2.3662634724e+11,2.2215754898e+11,2.1302989205e+11,1.9031543480e+11,1.8206613972e+11,1.7897274876e+11,1.7644986568e+11,2.6552077973e+11,1.7814182808e+11,1.4924739560e+11,1.3477859734e+11,1.2565094041e+11,1.0293648315e+11,9.4687188073e+10,9.1593797120e+10,8.9070914042e+10,2.3662634724e+11,1.4924739560e+11,1.2035296311e+11,1.0588416485e+11,9.6756507924e+10,7.4042050670e+10,6.5792755588e+10,6.2699364635e+10,6.0176481557e+10,2.2215754898e+11,1.3477859734e+11,1.0588416485e+11,9.1415366589e+10,8.2287709662e+10,5.9573252408e+10,5.1323957326e+10,4.8230566372e+10,4.5707683295e+10,2.1302989205e+11,1.2565094041e+11,9.6756507924e+10,8.2287709662e+10,7.3160052734e+10,5.0445595480e+10,4.2196300398e+10,3.9102909445e+10,3.6580026367e+10,1.9031543480e+11,1.0293648315e+11,7.4042050670e+10,5.9573252408e+10,5.0445595480e+10,2.7731138226e+10,1.9481843144e+10,1.6388452190e+10,1.3865569113e+10,1.8206613972e+11,9.4687188073e+10,6.5792755588e+10,5.1323957326e+10,4.2196300398e+10,1.9481843144e+10,1.1232548062e+10,8.1391571083e+09,5.6162740308e+09,1.7897274876e+11,9.1593797120e+10,6.2699364635e+10,4.8230566372e+10,3.9102909445e+10,1.6388452190e+10,8.1391571083e+09,5.0457661550e+09,2.5228830775e+09
209,3000,90,3.4573418679e+11,2.6039988328e+11,2.3205435685e+11,2.1783193679e+11,2.0885535758e+11,1.8651063863e+11,1.7839412159e+11,1.7535008747e+11,1.7286709340e+11,2.6039988328e+11,1.7506557976e+11,1.4672005333e+11,1.3249763328e+11,1.2352105407e+11,1.0117633511e+11,9.3059818073e+10,9.0015783950e+10,8.7532789880e+10,2.3205435685e+11,1.4672005333e+11,1.1837452690e+11,1.0415210685e+11,9.5175527638e+10,7.2830808683e+10,6.4714291645e+10,6.1670257522e+10,5.9187263452e+10,2.1783193679e+11,1.3249763328e+11,1.0415210685e+11,8.9929686793e+10,8.0953107583e+10,5.8608388627e+10,5.0491871589e+10,4.7447837466e+10,4.4964843396e+10,2.0885535758e+11,1.2352105407e+11,9.5175527638e+10,8.0953107583e+10,7.1976528372e+10,4.9631809417e+10,4.1515292379e+10,3.8471258256e+10,3.5988264186e+10,1.8651063863e+11,1.0117633511e+11,7.2830808683e+10,5.8608388627e+10,4.9631809417e+10,2.7287090461e+10,1.9170573423e+10,1.6126539300e+10,1.3643545230e+10,1.7839412159e+11,9.3059818073e+10,6.4714291645e+10,5.0491871589e+10,4.1515292379e+10,1.9170573423e+10,1.1054056386e+10,8.0100222626e+09,5.5270281929e+09,1.7535008747e+11,9.0015783950e+10,6.1670257522e+10,4.7447837466e+10,3.8471258256e+10,1.6126539300e+10,8.0100222626e+09,4.9659881393e+09,2.4829940697e+09
210,4000,0,2.9392951976e+12,2.5190417409e+12,2.2131159056e+12,2.0317437876e+12,1.9126836906e+12,1.6062252128e+12,1.5072650594e+12,1.4813820892e+12,1.4696475988e+12,2.5190417409e+12,2.0987882841e+12,1.7928624488e+12,1.6114903309e+12,1.4924302338e+12,1.1859717561e+12,1.0870116026e+12,1.0611286325e+12,1.0493941421e+12,2.2131159056e+12,1.7928624488e+12,1.4869366135e+12,1.3055644955e+12,1.1865043985e+12,8.8004592075e+11,7.8108576729e+11,7.5520279716e+11,7.4346830674e+11,2.0317437876e+12,1.6114903309e+12,1.3055644955e+12,1.1241923776e+12,1.0051322805e+12,6.9867380279e+11,5.9971364934e+11,5.7383067920e+11,5.6209618879e+11,1.9126836906e+12,1.4924302338e+12,1.1865043985e+12,1.0051322805e+12,8.8607218352e+11,5.7961370576e+11,4.8065355231e+11,4.5477058217e+11,4.4303609176e+11,1.6062252128e+12,1.1859717561e+12,8.8004592075e+11,6.9867380279e+11,5.7961370576e+11,2.7315522801e+11,1.7419507456e+11,1.4831210442e+11,1.3657761401e+11,1.5072650594e+12,1.0870116026e+12,7.8108576729e+11,5.9971364934e+11,4.8065355231e+11,1.7419507456e+11,7.5234921102e+10,4.9351950966e+10,3.7617460551e+10,1.4813820892e+12,1.0611286325e+12,7.5520279716e+11,5.7383067920e+11,4.5477058217e+11,1.4831210442e+11,4.9351950966e+10,2.3468980830e+10,1.1734490415e+10
211,4000,10,2.8830225686e+12,2.4482543634e+12,2.1396050260e+12,1.9610865850e+12,1.8460638791e+12,1.5628502615e+12,1.4750190754e+12,1.4519806828e+12,1.4415112843e+12,2.4482543634e+12,2.0134861582e+12,1.7048368208e+12,1.5263183798e+12,1.4112956739e+12,1.1280820563e+12,1.0402508702e+12,1.0172124776e+12,1.0067430791e+12,2.1396050260e+12,1.7048368208e+12,1.3961874834e+12,1.2176690425e+12,1.1026463365e+12,8.1943271893e+11,7.3160153283e+11,7.0856314021e+11,6.9809374171e+11,1.9610865850e+12,1.5263183798e+12,1.2176690425e+12,1.0391506015e+12,9.2412789559e+11,6.4091427799e+11,5.5308309189e+11,5.3004469927e+11,5.1957530076e+11,1.8460638791e+12,1.4112956739e+12,1.1026463365e+12,9.2412789559e+11,8.0910518965e+11,5.2589157205e+11,4.3806038595e+11,4.1502199333e+11,4.0455259482e+11,1.5628502615e+12,1.1280820563e+12,8.1943271893e+11,6.4091427799e+11,5.2589157205e+11,2.4267795446e+11,1.5484676835e+11,1.3180837573e+11,1.2133897723e+11,1.4750190754e+12,1.0402508702e+12,7.3160153283e+11,5.5308309189e+11,4.3806038595e+11,1.5484676835e+11,6.7015582251e+10,4.3977189629e+10,3.3507791126e+10,1.4519806828e+12,1.0172124776e+12,7.0856314021e+11,5.3004469927e+11,4.1502199333e+11,1.3180837573e+11,4.3977189629e+10,2.0938797007e+10,1.0469398504e+10
212,4000,20,2.6668129105e+12,2.1998035268e+12,1.9049760615e+12,1.7464117851e+12,1.6482913810e+12,1.4233978343e+12,1.3581094349e+12,1.3410990066e+12,1.3334064553e+12,2.1998035268e+12,1.7327941431e+12,1.4379666778e+12,1.2794024014e+12,1.1812819973e+12,9.5638845057e+11,8.9110005121e+11,8.7408962290e+11,8.6639707153e+11,1.9049760615e+12,1.4379666778e+12,1.1431392125e+12,9.8457493615e+11,8.8645453206e+11,6.6156098532e+11,5.9627258595e+11,5.7926215764e+11,5.7156960627e+11,1.7464117851e+12,1.2794024014e+12,9.8457493615e+11,8.2601065976e+11,7.2789025567e+11,5.0299670892e+11,4.3770830956e+11,4.2069788125e+11,4.1300532988e+11,1.6482913810e+12,1.1812819973e+12,8.8645453206e+11,7.2789025567e+11,6.2976985158e+11,4.0487630483e+11,3.3958790547e+11,3.2257747716e+11,3.1488492579e+11,1.4233978343e+12,9.5638845057e+11,6.6156098532e+11,5.0299670892e+11,4.0487630483e+11,1.7998275809e+11,1.1469435873e+11,9.7683930416e+10,8.9991379045e+10,1.3581094349e+12,8.9110005121e+11,5.9627258595e+11,4.3770830956e+11,3.3958790547e+11,1.1469435873e+11,4.9405959360e+10,3.2395531052e+10,2.4702979680e+10,1.3410990066e+12,8.7408962290e+11,5.7926215764e+11,4.2069788125e+11,3.2257747716e+11,9.7683930416e+10,3.2395531052e+10,1.5385102743e+10,7.6925513714e+09
213,4000,30,2.4425808152e+12,1.9087441780e+12,1.6494158828e+12,1.5217291437e+12,1.4457481562e+12,1.2827217818e+12,1.2380469768e+12,1.2264856877e+12,1.2212904076e+12,1.9087441780e+12,1.3749075407e+12,1.1155792455e+12,9.8789250643e+11,9.1191151898e+11,7.4888514456e+11,7.0421033954e+11,6.9264905047e+11,6.8745377036e+11,1.6494158828e+12,1.1155792455e+12,8.5625095030e+11,7.2856421122e+11,6.5258322377e+11,4.8955684935e+11,4.4488204433e+11,4.3332075525e+11,4.2812547515e+11,1.5217291437e+12,9.8789250643e+11,7.2856421122e+11,6.0087747214e+11,5.2489648469e+11,3.6187011027e+11,3.1719530525e+11,3.0563401617e+11,3.0043873607e+11,1.4457481562e+12,9.1191151898e+11,6.5258322377e+11,5.2489648469e+11,4.4891549724e+11,2.8588912282e+11,2.4121431779e+11,2.2965302872e+11,2.2445774862e+11,1.2827217818e+12,7.4888514456e+11,4.8955684935e+11,3.6187011027e+11,2.8588912282e+11,1.2286274839e+11,7.8187943371e+10,6.6626654300e+10,6.1431374197e+10,1.2380469768e+12,7.0421033954e+11,4.4488204433e+11,3.1719530525e+11,2.4121431779e+11,7.8187943371e+10,3.3513138348e+10,2.1951849277e+10,1.6756569174e+10,1.2264856877e+12,6.9264905047e+11,4.3332075525e+11,3.0563401617e+11,2.2965302872e+11,6.6626654300e+10,2.1951849277e+10,1.0390560206e+10,5.1952801031e+09
214,4000,40,2.1281277385e+12,1.5985836683e+12,1.3844399852e+12,1.2861844263e+12,1.2291224326e+12,1.1091192390e+12,1.0763781678e+12,1.0678796514e+12,1.0640638693e+12,1.5985836683e+12,1.0690395980e+12,8.5489591496e+11,7.5664035602e+11,6.9957836235e+11,5.7957516878e+11,5.4683409754e+11,5.3833558111e+11,5.3451979900e+11,1.3844399852e+12,8.5489591496e+11,6.4075223191e+11,5.4249667297e+11,4.8543467930e+11,3.6543148573e+11,3.3269041449e+11,3.2419189806e+11,3.2037611595e+11,1.2861844263e+12,7.5664035602e+11,5.4249667297e+11,4.4424111403e+11,3.8717912036e+11,2.6717592679e+11,2.3443485555e+11,2.2593633912e+11,2.2212055702e+11,1.2291224326e+12,6.9957836235e+11,4.8543467930e+11,3.8717912036e+11,3.3011712669e+11,2.1011393312e+11,1.7737286188e+11,1.6887434545e+11,1.6505856334e+11,1.1091192390e+12,5.7957516878e+11,3.6543148573e+11,2.6717592679e+11,2.1011393312e+11,9.0110739556e+10,5.7369668317e+10,4.8871151883e+10,4.5055369778e+10,1.0763781678e+12,5.4683409754e+11,3.3269041449e+11,2.3443485555e+11,1.7737286188e+11,5.7369668317e+10,2.4628597077e+10,1.6130080643e+10,1.2314298538e+10,1.0678796514e+12,5.3833558111e+11,3.2419189806e+11,2.2593633912e+11,1.6887434545e+11,4.8871151883e+10,1.6130080643e+10,7.6315642099e+09,3.8157821049e+09
215,4000,50,1.7900572960e+12,1.3190996720e+12,1.1493442187e+12,1.0723199177e+12,1.0274103550e+12,9.3154980000e+11,9.0503976169e+11,8.9813602687e+11,8.9502864798e+11,1.3190996720e+12,8.4814204809e+11,6.7838659480e+11,6.0136229373e+11,5.5645273104e+11,4.6059217606e+11,4.3408213775e+11,4.2717840294e+11,4.2407102404e+11,1.1493442187e+12,6.7838659480e+11,5.0863114150e+11,4.3160684044e+11,3.8669727775e+11,2.9083672277e+11,2.6432668446e+11,2.5742294964e+11,2.5431557075e+11,1.0723199177e+12,6.0136229373e+11,4.3160684044e+11,3.5458253937e+11,3.0967297668e+11,2.1381242170e+11,1.8730238339e+11,1.8039864858e+11,1.7729126969e+11,1.0274103550e+12,5.5645273104e+11,3.8669727775e+11,3.0967297668e+11,2.6476341399e+11,1.6890285901e+11,1.4239282070e+11,1.3548908589e+11,1.3238170700e+11,9.3154980000e+11,4.6059217606e+11,2.9083672277e+11,2.1381242170e+11,1.6890285901e+11,7.3042304033e+10,4.6532265722e+10,3.9628530908e+10,3.6521152016e+10,9.0503976169e+11,4.3408213775e+11,2.6432668446e+11,1.8730238339e+11,1.4239282070e+11,4.6532265722e+10,2.0022227411e+10,1.3118492598e+10,1.0011113705e+10,8.9813602687e+11,4.2717840294e+11,2.5742294964e+11,1.8039864858e+11,1.3548908589e+11,3.9628530908e+10,1.3118492598e+10,6.2147577844e+09,3.1073788922e+09
216,4000,60,1.4630171124e+12,1.0915036867e+12,9.5061569424e+11,8.8504906210e+11,8.4649007356e+11,7.6343120411e+11,7.4029503000e+11,7.3424433634e+11,7.3150855618e+11,1.0915036867e+12,7.1999026095e+11,5.7910226854e+11,5.1353563639e+11,4.7497664786e+11,3.9191777841e+11,3.6878160430e+11,3.6273091064e+11,3.5999513047e+11,9.5061569424e+11,5.7910226854e+11,4.3821427613e+11,3.7264764398e+11,3.3408865545e+11,2.5102978600e+11,2.2789361189e+11,2.2184291823e+11,2.1910713807e+11,8.8504906210e+11,5.1353563639e+11,3.7264764398e+11,3.0708101184e+11,2.6852202330e+11,1.8546315385e+11,1.6232697974e+11,1.5627628608e+11,1.5354050592e+11,8.4649007356e+11,4.7497664786e+11,3.3408865545e+11,2.6852202330e+11,2.2996303476e+11,1.4690416531e+11,1.2376799120e+11,1.1771729754e+11,1.1498151738e+11,7.6343120411e+11,3.9191777841e+11,2.5102978600e+11,1.8546315385e+11,1.4690416531e+11,6.3845295867e+10,4.0709121756e+10,3.4658428096e+10,3.1922647934e+10,7.4029503000e+11,3.6878160430e+11,2.2789361189e+11,1.6232697974e+11,1.2376799120e+11,4.0709121756e+10,1.7572947644e+10,1.1522253985e+10,8.7864738222e+09,7.3424433634e+11,3.6273091064e+11,2.2184291823e+11,1.5627628608e+11,1.1771729754e+11,3.4658428096e+10,1.1522253985e+10,5.4715603253e+09,2.7357801626e+09
217,4000,70,1.2941756421e+12,9.7316058489e+11,8.4654098741e+11,7.8707511221e+11,7.5201001199e+11,6.7626246103e+11,6.5511917364e+11,6.4959023113e+11,6.4708782106e+11,9.7316058489e+11,6.5214552766e+11,5.2552593019e+11,4.6606005499e+11,4.3099495477e+11,3.5524740381e+11,3.3410411641e+11,3.2857517391e+11,3.2607276383e+11,8.4654098741e+11,5.2552593019e+11,3.9890633271e+11,3.3944045751e+11,3.0437535729e+11,2.2862780633e+11,2.0748451894e+11,2.0195557643e+11,1.9945316635e+11,7.8707511221e+11,4.6606005499e+11,3.3944045751e+11,2.7997458231e+11,2.4490948209e+11,1.6916193113e+11,1.4801864374e+11,1.4248970123e+11,1.3998729116e+11,7.5201001199e+11,4.3099495477e+11,3.0437535729e+11,2.4490948209e+11,2.0984438187e+11,1.3409683091e+11,1.1295354352e+11,1.0742460101e+11,1.0492219093e+11,6.7626246103e+11,3.5524740381e+11,2.2862780633e+11,1.6916193113e+11,1.3409683091e+11,5.8349279953e+10,3.7205992557e+10,3.1677050050e+10,2.9174639976e+10,6.5511917364e+11,3.3410411641e+11,2.0748451894e+11,1.4801864374e+11,1.1295354352e+11,3.7205992557e+10,1.6062705161e+10,1.0533762654e+10,8.0313525806e+09,6.4959023113e+11,3.2857517391e+11,2.0195557643e+11,1.4248970123e+11,1.0742460101e+11,3.1677050050e+10,1.0533762654e+10,5.0048201475e+09,2.5024100738e+09
218,4000,80,1.2162538683e+12,9.1682020486e+11,7.9725551112e+11,7.4094493435e+11,7.0771058713e+11,6.3583090080e+11,6.1575326582e+11,6.1050425235e+11,6.0812693413e+11,9.1682020486e+11,6.1738654147e+11,4.9782184773e+11,4.4151127096e+11,4.0827692373e+11,3.3639723741e+11,3.1631960242e+11,3.1107058895e+11,3.0869327073e+11,7.9725551112e+11,4.9782184773e+11,3.7825715400e+11,3.2194657722e+11,2.8871223000e+11,2.1683254368e+11,1.9675490869e+11,1.9150589522e+11,1.8912857700e+11,7.4094493435e+11,4.4151127096e+11,3.2194657722e+11,2.6563600045e+11,2.3240165322e+11,1.6052196690e+11,1.4044433191e+11,1.3519531844e+11,1.3281800022e+11,7.0771058713e+11,4.0827692373e+11,2.8871223000e+11,2.3240165322e+11,1.9916730600e+11,1.2728761968e+11,1.0720998469e+11,1.0196097122e+11,9.9583653000e+10,6.3583090080e+11,3.3639723741e+11,2.1683254368e+11,1.6052196690e+11,1.2728761968e+11,5.5407933359e+10,3.5330298370e+10,3.0081284899e+10,2.7703966680e+10,6.1575326582e+11,3.1631960242e+11,1.9675490869e+11,1.4044433191e+11,1.0720998469e+11,3.5330298370e+10,1.5252663380e+10,1.0003649910e+10,7.6263316900e+09,6.1050425235e+11,3.1107058895e+11,1.9150589522e+11,1.3519531844e+11,1.0196097122e+11,3.0081284899e+10,1.0003649910e+10,4.7546364394e+09,2.3773182197e+09
219,4000,90,1.1924628297e+12,8.9944576268e+11,7.8210219813e+11,7.2678655368e+11,6.9412990808e+11,6.2347275091e+11,6.0373092566e+11,5.9856975584e+11,5.9623141483e+11,8.9944576268e+11,6.0642869570e+11,4.8908513115e+11,4.3376948670e+11,4.0111284110e+11,3.3045568393e+11,3.1071385868e+11,3.0555268886e+11,3.0321434785e+11,7.8210219813e+11,4.8908513115e+11,3.7174156661e+11,3.1642592216e+11,2.8376927655e+11,2.1311211939e+11,1.9337029413e+11,1.8820912431e+11,1.8587078330e+11,7.2678655368e+11,4.3376948670e+11,3.1642592216e+11,2.6111027771e+11,2.2845363210e+11,1.5779647494e+11,1.3805464968e+11,1.3289347986e+11,1.3055513885e+11,6.9412990808e+11,4.0111284110e+11,2.8376927655e+11,2.2845363210e+11,1.9579698650e+11,1.2513982934e+11,1.0539800408e+11,1.0023683426e+11,9.7898493252e+10,6.2347275091e+11,3.3045568393e+11,2.1311211939e+11,1.5779647494e+11,1.2513982934e+11,5.4482672167e+10,3.4740846910e+10,2.9579677095e+10,2.7241336084e+10,6.0373092566e+11,3.1071385868e+11,1.9337029413e+11,1.3805464968e+11,1.0539800408e+11,3.4740846910e+10,1.4999021653e+10,9.8378518382e+09,7.4995108267e+09,5.9856975584e+11,3.0555268886e+11,1.8820912431e+11,1.3289347986e+11,1.0023683426e+11,2.9579677095e+10,9.8378518382e+09,4.6766820230e+09,2.3383410115e+09
220,5000,0,9.9712397206e+12,7.8741186861e+12,6.6120478323e+12,6.0409754076e+12,5.7236397211e+12,5.1368918946e+12,5.0193655158e+12,4.9937484407e+12,4.9856198603e+12,7.8741186861e+12,5.7769976515e+12,4.5149267978e+12,3.9438543731e+12,3.6265186866e+12,3.0397708601e+12,2.9222444813e+12,2.8966274062e+12,2.8884988258e+12,6.6120478323e+12,4.5149267978e+12,3.2528559441e+12,2.6817835194e+12,2.3644478329e+12,1.7777000063e+12,1.6601736275e+12,1.6345565525e+12,1.6264279720e+12,6.0409754076e+12,3.9438543731e+12,2.6817835194e+12,2.1107110946e+12,1.7933754082e+12,1.2066275816e+12,1.0891012028e+12,1.0634841278e+12,1.0553555473e+12,5.7236397211e+12,3.6265186866e+12,2.3644478329e+12,1.7933754082e+12,1.4760397217e+12,8.8929189515e+11,7.7176551634e+11,7.4614844127e+11,7.3801986083e+11,5.1368918946e+12,3.0397708601e+12,1.7777000063e+12,1.2066275816e+12,8.8929189515e+11,3.0254406863e+11,1.8501768982e+11,1.5940061475e+11,1.5127203431e+11,5.0193655158e+12,2.9222444813e+12,1.6601736275e+12,1.0891012028e+12,7.7176551634e+11,1.8501768982e+11,6.7491311013e+10,4.1874235945e+10,3.3745655506e+10,4.9937484407e+12,2.8966274062e+12,1.6345565525e+12,1.0634841278e+12,7.4614844127e+11,1.5940061475e+11,4.1874235945e+10,1.6257160877e+10,8.1285804386e+09
221,5000,10,9.4116395789e+12,7.3777804526e+12,6.1926377646e+12,5.6626338622e+12,5.3708478761e+12,4.8413352909e+12,4.7359881796e+12,4.7131094996e+12,4.7058197895e+12,7.3777804526e+12,5.3439213263e+12,4.1587786383e+12,3.6287747359e+12,3.3369887497e+12,2.8074761646e+12,2.7021290533e+12,2.6792503733e+12,2.6719606631e+12,6.1926377646e+12,4.1587786383e+12,2.9736359503e+12,2.4436320479e+12,2.1518460617e+12,1.6223334766e+12,1.5169863653e+12,1.4941076853e+12,1.4868179752e+12,5.6626338622e+12,3.6287747359e+12,2.4436320479e+12,1.9136281455e+12,1.6218421594e+12,1.0923295742e+12,9.8698246294e+11,9.6410378292e+11,9.5681407277e+11,5.3708478761e+12,3.3369887497e+12,2.1518460617e+12,1.6218421594e+12,1.3300561732e+12,8.0054358800e+11,6.9519647676e+11,6.7231779674e+11,6.6502808659e+11,4.8413352909e+12,2.8074761646e+12,1.6223334766e+12,1.0923295742e+12,8.0054358800e+11,2.7103100283e+11,1.6568389159e+11,1.4280521157e+11,1.3551550142e+11,4.7359881796e+12,2.7021290533e+12,1.5169863653e+12,9.8698246294e+11,6.9519647676e+11,1.6568389159e+11,6.0336780340e+10,3.7458100323e+10,3.0168390170e+10,4.7131094996e+12,2.6792503733e+12,1.4941076853e+12,9.6410378292e+11,6.7231779674e+11,1.4280521157e+11,3.7458100323e+10,1.4579420305e+10,7.2897101524e+09
222,5000,20,8.1658084315e+12,6.2207557722e+12,5.2271893522e+12,4.8046252636e+12,4.5776908048e+12,4.1811718921e+12,4.1047864947e+12,4.0882153639e+12,4.0829042158e+12,6.2207557722e+12,4.2757031129e+12,3.2821366929e+12,2.8595726043e+12,2.6326381455e+12,2.2361192329e+12,2.1597338354e+12,2.1431627046e+12,2.1378515565e+12,5.2271893522e+12,3.2821366929e+12,2.2885702729e+12,1.8660061842e+12,1.6390717254e+12,1.2425528128e+12,1.1661674153e+12,1.1495962846e+12,1.1442851364e+12,4.8046252636e+12,2.8595726043e+12,1.8660061842e+12,1.4434420956e+12,1.2165076368e+12,8.1998872420e+11,7.4360332671e+11,7.2703219593e+11,7.2172104781e+11,4.5776908048e+12,2.6326381455e+12,1.6390717254e+12,1.2165076368e+12,9.8957317802e+11,5.9305426540e+11,5.1666886791e+11,5.0009773713e+11,4.9478658901e+11,4.1811718921e+12,2.2361192329e+12,1.2425528128e+12,8.1998872420e+11,5.9305426540e+11,1.9653535278e+11,1.2014995529e+11,1.0357882451e+11,9.8267676390e+10,4.1047864947e+12,2.1597338354e+12,1.1661674153e+12,7.4360332671e+11,5.1666886791e+11,1.2014995529e+11,4.3764557797e+10,2.7193427014e+10,2.1882278898e+10,4.0882153639e+12,2.1431627046e+12,1.1495962846e+12,7.2703219593e+11,5.0009773713e+11,1.0357882451e+11,2.7193427014e+10,1.0622296232e+10,5.3111481159e+09
223,5000,30,6.7638988017e+12,4.9618088244e+12,4.1926775075e+12,3.8825156357e+12,3.7200594495e+12,3.4476107100e+12,3.3965644445e+12,3.3855118560e+12,3.3819494008e+12,4.9618088244e+12,3.1597188471e+12,2.3905875302e+12,2.0804256584e+12,1.9179694722e+12,1.6455207327e+12,1.5944744672e+12,1.5834218787e+12,1.5798594235e+12,4.1926775075e+12,2.3905875302e+12,1.6214562132e+12,1.3112943415e+12,1.1488381552e+12,8.7638941577e+11,8.2534315030e+11,8.1429056177e+11,8.1072810662e+11,3.8825156357e+12,2.0804256584e+12,1.3112943415e+12,1.0011324697e+12,8.3867628348e+11,5.6622754400e+11,5.1518127853e+11,5.0412868999e+11,5.0056623485e+11,3.7200594495e+12,1.9179694722e+12,1.1488381552e+12,8.3867628348e+11,6.7622009725e+11,4.0377135778e+11,3.5272509231e+11,3.4167250377e+11,3.3811004863e+11,3.4476107100e+12,1.6455207327e+12,8.7638941577e+11,5.6622754400e+11,4.0377135778e+11,1.3132261830e+11,8.0276352834e+10,6.9223764295e+10,6.5661309152e+10,3.3965644445e+12,1.5944744672e+12,8.2534315030e+11,5.1518127853e+11,3.5272509231e+11,8.0276352834e+10,2.9230087364e+10,1.8177498825e+10,1.4615043682e+10,3.3855118560e+12,1.5834218787e+12,8.1429056177e+11,5.0412868999e+11,3.4167250377e+11,6.9223764295e+10,1.8177498825e+10,7.1249102861e+09,3.5624551430e+09
224,5000,40,5.4875100186e+12,3.9275475466e+12,3.3373636429e+12,3.1087620107e+12,2.9902797592e+12,2.7918430751e+12,2.7545165350e+12,2.7463841190e+12,2.7437550093e+12,3.9275475466e+12,2.3675850746e+12,1.7774011709e+12,1.5487995387e+12,1.4303172872e+12,1.2318806031e+12,1.1945540630e+12,1.1864216470e+12,1.1837925373e+12,3.3373636429e+12,1.7774011709e+12,1.1872172673e+12,9.5861563504e+11,8.4013338353e+11,6.4169669946e+11,6.0437015935e+11,5.9623774338e+11,5.9360863363e+11,3.1087620107e+12,1.5487995387e+12,9.5861563504e+11,7.3001400282e+11,6.1153175131e+11,4.1309506724e+11,3.7576852713e+11,3.6763611116e+11,3.6500700141e+11,2.9902797592e+12,1.4303172872e+12,8.4013338353e+11,6.1153175131e+11,4.9304949980e+11,2.9461281573e+11,2.5728627562e+11,2.4915385965e+11,2.4652474990e+11,2.7918430751e+12,1.2318806031e+12,6.4169669946e+11,4.1309506724e+11,2.9461281573e+11,9.6176131663e+10,5.8849591553e+10,5.0717175580e+10,4.8088065832e+10,2.7545165350e+12,1.1945540630e+12,6.0437015935e+11,3.7576852713e+11,2.5728627562e+11,5.8849591553e+10,2.1523051444e+10,1.3390635470e+10,1.0761525722e+10,2.7463841190e+12,1.1864216470e+12,5.9623774338e+11,3.6763611116e+11,2.4915385965e+11,5.0717175580e+10,1.3390635470e+10,5.2582194969e+09,2.6291097485e+09
225,5000,50,4.4286536086e+12,3.1571208972e+12,2.6909520546e+12,2.5088507618e+12,2.4139084439e+12,2.2535047090e+12,2.2231273779e+12,2.2164838550e+12,2.2143268043e+12,3.1571208972e+12,1.8855881858e+12,1.4194193431e+12,1.2373180504e+12,1.1423757325e+12,9.8197199754e+11,9.5159466647e+11,9.4495114354e+11,9.4279409289e+11,2.6909520546e+12,1.4194193431e+12,9.5325050050e+11,7.7114920773e+11,6.7620688985e+11,5.1580315489e+11,4.8542582383e+11,4.7878230090e+11,4.7662525025e+11,2.5088507618e+12,1.2373180504e+12,7.7114920773e+11,5.8904791497e+11,4.9410559708e+11,3.3370186213e+11,3.0332453106e+11,2.9668100813e+11,2.9452395748e+11,2.4139084439e+12,1.1423757325e+12,6.7620688985e+11,4.9410559708e+11,3.9916327920e+11,2.3875954425e+11,2.0838221318e+11,2.0173869025e+11,1.9958163960e+11,2.2535047090e+12,9.8197199754e+11,5.1580315489e+11,3.3370186213e+11,2.3875954425e+11,7.8355809287e+10,4.7978478219e+10,4.1334955294e+10,3.9177904643e+10,2.2231273779e+12,9.5159466647e+11,4.8542582383e+11,3.0332453106e+11,2.0838221318e+11,4.7978478219e+10,1.7601147151e+10,1.0957624227e+10,8.8005735756e+09,2.2164838550e+12,9.4495114354e+11,4.7878230090e+11,2.9668100813e+11,2.0173869025e+11,4.1334955294e+10,1.0957624227e+10,4.3141013020e+09,2.1570506510e+09
226,5000,60,3.6905695108e+12,2.6562357411e+12,2.2588455908e+12,2.1015803762e+12,2.0192539351e+12,1.8795887519e+12,1.8530312559e+12,1.8471952489e+12,1.8452847554e+12,2.6562357411e+12,1.6219019714e+12,1.2245118211e+12,1.0672466065e+12,9.8492016544e+11,8.4525498221e+11,8.1869748621e+11,8.1286147923e+11,8.1095098568e+11,2.2588455908e+12,1.2245118211e+12,8.2712167077e+11,6.6985645618e+11,5.8753001515e+11,4.4786483191e+11,4.2130733592e+11,4.1547132893e+11,4.1356083538e+11,2.1015803762e+12,1.0672466065e+12,6.6985645618e+11,5.1259124159e+11,4.3026480056e+11,2.9059961732e+11,2.6404212133e+11,2.5820611434e+11,2.5629562079e+11,2.0192539351e+12,9.8492016544e+11,5.8753001515e+11,4.3026480056e+11,3.4793835953e+11,2.0827317629e+11,1.8171568030e+11,1.7587967331e+11,1.7396917977e+11,1.8795887519e+12,8.4525498221e+11,4.4786483191e+11,2.9059961732e+11,2.0827317629e+11,6.8607993056e+10,4.2050497061e+10,3.6214490074e+10,3.4303996528e+10,1.8530312559e+12,8.1869748621e+11,4.2130733592e+11,2.6404212133e+11,1.8171568030e+11,4.2050497061e+10,1.5493001066e+10,9.6569940787e+09,7.7465005328e+09,1.8471952489e+12,8.1286147923e+11,4.1547132893e+11,2.5820611434e+11,1.7587967331e+11,3.6214490074e+10,9.6569940787e+09,3.8209870918e+09,1.9104935459e+09
227,5000,70,3.3164483443e+12,2.3960515090e+12,2.0355048029e+12,1.8922432103e+12,1.8171521681e+12,1.6895763891e+12,1.6652975638e+12,1.6599685955e+12,1.6582241721e+12,2.3960515090e+12,1.4756546738e+12,1.1151079677e+12,9.7184637504e+11,8.9675533289e+11,7.6917955383e+11,7.4490072858e+11,7.3957176021e+11,7.3782733688e+11,2.0355048029e+12,1.1151079677e+12,7.5456126157e+11,6.1129966894e+11,5.3620862679e+11,4.0863284773e+11,3.8435402248e+11,3.7902505411e+11,3.7728063079e+11,1.8922432103e+12,9.7184637504e+11,6.1129966894e+11,4.6803807631e+11,3.9294703416e+11,2.6537125510e+11,2.4109242985e+11,2.3576346148e+11,2.3401903816e+11,1.8171521681e+12,8.9675533289e+11,5.3620862679e+11,3.9294703416e+11,3.1785599200e+11,1.9028021295e+11,1.6600138770e+11,1.6067241932e+11,1.5892799600e+11,1.6895763891e+12,7.6917955383e+11,4.0863284773e+11,2.6537125510e+11,1.9028021295e+11,6.2704433891e+10,3.8425608641e+10,3.3096640268e+10,3.1352216946e+10,1.6652975638e+12,7.4490072858e+11,3.8435402248e+11,2.4109242985e+11,1.6600138770e+11,3.8425608641e+10,1.4146783392e+10,8.8178150178e+09,7.0733916958e+09,1.6599685955e+12,7.3957176021e+11,3.7902505411e+11,2.3576346148e+11,1.6067241932e+11,3.3096640268e+10,8.8178150178e+09,3.4888466439e+09,1.7444233219e+09
228,5000,80,3.1299859332e+12,2.2644896435e+12,1.9231178330e+12,1.7872296738e+12,1.7159575527e+12,1.5947845600e+12,1.5717131670e+12,1.5666511517e+12,1.5649929666e+12,2.2644896435e+12,1.3989933538e+12,1.0576215434e+12,9.2173338416e+11,8.5046126300e+11,7.2928827032e+11,7.0621687736e+11,7.0115486202e+11,6.9949667691e+11,1.9231178330e+12,1.0576215434e+12,7.1624973290e+11,5.8036157370e+11,5.0908945254e+11,3.8791645986e+11,3.6484506689e+11,3.5978305156e+11,3.5812486645e+11,1.7872296738e+12,9.2173338416e+11,5.8036157370e+11,4.4447341449e+11,3.7320129333e+11,2.5202830065e+11,2.2895690769e+11,2.2389489235e+11,2.2223670725e+11,1.7159575527e+12,8.5046126300e+11,5.0908945254e+11,3.7320129333e+11,3.0192917217e+11,1.8075617949e+11,1.5768478653e+11,1.5262277119e+11,1.5096458609e+11,1.5947845600e+12,7.2928827032e+11,3.8791645986e+11,2.5202830065e+11,1.8075617949e+11,5.9583186811e+10,3.6511793848e+10,3.1449778511e+10,2.9791593406e+10,1.5717131670e+12,7.0621687736e+11,3.6484506689e+11,2.2895690769e+11,1.5768478653e+11,3.6511793848e+10,1.3440400885e+10,8.3783855482e+09,6.7202004427e+09,1.5666511517e+12,7.0115486202e+11,3.5978305156e+11,2.2389489235e+11,1.5262277119e+11,3.1449778511e+10,8.3783855482e+09,3.3163702110e+09,1.6581851055e+09
229,5000,90,3.0726232522e+12,2.2238751718e+12,1.8884653053e+12,1.7548774107e+12,1.6847987310e+12,1.5656196232e+12,1.5429230906e+12,1.5379433155e+12,1.5363116261e+12,2.2238751718e+12,1.3751270913e+12,1.0397172248e+12,9.0612933023e+11,8.3605065051e+11,7.1687154274e+11,6.9417501015e+11,6.8919523503e+11,6.8756354565e+11,1.8884653053e+12,1.0397172248e+12,7.0430735841e+11,5.7071946379e+11,5.0064078406e+11,3.8146167630e+11,3.5876514371e+11,3.5378536859e+11,3.5215367920e+11,1.7548774107e+12,9.0612933023e+11,5.7071946379e+11,4.3713156918e+11,3.6705288945e+11,2.4787378168e+11,2.2517724910e+11,2.2019747398e+11,2.1856578459e+11,1.6847987310e+12,8.3605065051e+11,5.0064078406e+11,3.6705288945e+11,2.9697420972e+11,1.7779510195e+11,1.5509856937e+11,1.5011879425e+11,1.4848710486e+11,1.5656196232e+12,7.1687154274e+11,3.8146167630e+11,2.4787378168e+11,1.7779510195e+11,5.8615994183e+10,3.5919461598e+10,3.0939686479e+10,2.9307997092e+10,1.5429230906e+12,6.9417501015e+11,3.5876514371e+11,2.2517724910e+11,1.5509856937e+11,3.5919461598e+10,1.3222929013e+10,8.2431538936e+09,6.6114645067e+09,1.5379433155e+12,6.8919523503e+11,3.5378536859e+11,2.2019747398e+11,1.5011879425e+11,3.0939686479e+10,8.2431538936e+09,3.2633787739e+09,1.6316893870e+09
230,6000,0,2.1477925346e+13,1.5568138702e+13,1.2981448129e+13,1.1999948469e+13,1.1522307187e+13,1.0860824061e+13,1.0763019862e+13,1.0743995885e+13,1.0738962673e+13,1.5568138702e+13,9.6583520574e+12,7.0716614849e+12,6.0901618250e+12,5.6125205423e+12,4.9510374163e+12,4.8532332174e+12,4.8342092404e+12,4.8291760287e+12,1.2981448129e+13,7.0716614849e+12,4.4849709125e+12,3.5034712525e+12,3.0258299699e+12,2.3643468439e+12,2.2665426450e+12,2.2475186680e+12,2.2424854562e+12,1.1999948469e+13,6.0901618250e+12,3.5034712525e+12,2.5219715926e+12,2.0443303099e+12,1.3828471839e+12,1.2850429850e+12,1.2660190080e+12,1.2609857963e+12,1.1522307187e+13,5.6125205423e+12,3.0258299699e+12,2.0443303099e+12,1.5666890273e+12,9.0520590127e+11,8.0740170238e+11,7.8837772539e+11,7.8334451364e+11,1.0860824061e+13,4.9510374163e+12,2.3643468439e+12,1.3828471839e+12,9.0520590127e+11,2.4372277525e+11,1.4591857636e+11,1.2689459937e+11,1.2186138763e+11,1.0763019862e+13,4.8532332174e+12,2.2665426450e+12,1.2850429850e+12,8.0740170238e+11,1.4591857636e+11,4.8114377464e+10,2.9090400473e+10,2.4057188732e+10,1.0743995885e+13,4.8342092404e+12,2.2475186680e+12,1.2660190080e+12,7.8837772539e+11,1.2689459937e+11,2.9090400473e+10,1.0066423483e+10,5.0332117414e+09
231,6000,10,2.0275252203e+13,1.4559116447e+13,1.2156161176e+13,1.1265889114e+13,1.0836601498e+13,1.0246466638e+13,1.0159210491e+13,1.0142128155e+13,1.0137626102e+13,1.4559116447e+13,8.8429806904e+12,6.4400254196e+12,5.5497533572e+12,5.1204657413e+12,4.5303308820e+12,4.4430747349e+12,4.4259923991e+12,4.4214903452e+12,1.2156161176e+13,6.4400254196e+12,4.0370701489e+12,3.1467980865e+12,2.7175104705e+12,2.1273756112e+12,2.0401194642e+12,2.0230371284e+12,2.0185350744e+12,1.1265889114e+13,5.5497533572e+12,3.1467980865e+12,2.2565260241e+12,1.8272384081e+12,1.2371035488e+12,1.1498474018e+12,1.1327650660e+12,1.1282630120e+12,1.0836601498e+13,5.1204657413e+12,2.7175104705e+12,1.8272384081e+12,1.3979507921e+12,8.0781593283e+11,7.2055978581e+11,7.0347745001e+11,6.9897539607e+11,1.0246466638e+13,4.5303308820e+12,2.1273756112e+12,1.2371035488e+12,8.0781593283e+11,2.1768107351e+11,1.3042492649e+11,1.1334259069e+11,1.0884053676e+11,1.0159210491e+13,4.4430747349e+12,2.0401194642e+12,1.1498474018e+12,7.2055978581e+11,1.3042492649e+11,4.3168779471e+10,2.6086443673e+10,2.1584389735e+10,1.0142128155e+13,4.4259923991e+12,2.0230371284e+12,1.1327650660e+12,7.0347745001e+11,1.1334259069e+11,2.6086443673e+10,9.0041078753e+09,4.5020539376e+09
232,6000,20,1.7238078730e+13,1.2050459401e+13,1.0116652867e+13,9.4412423994e+12,9.1231094055e+12,8.6968649956e+12,8.6344947980e+12,8.6222878301e+12,8.6190393652e+12,1.2050459401e+13,6.8628400721e+12,4.9290335382e+12,4.2536230702e+12,3.9354900763e+12,3.5092456665e+12,3.4468754689e+12,3.4346685010e+12,3.4314200361e+12,1.0116652867e+13,4.9290335382e+12,2.9952270043e+12,2.3198165363e+12,2.0016835424e+12,1.5754391325e+12,1.5130689349e+12,1.5008619670e+12,1.4976135021e+12,9.4412423994e+12,4.2536230702e+12,2.3198165363e+12,1.6444060683e+12,1.3262730744e+12,9.0002866453e+11,8.3765846695e+11,8.2545149905e+11,8.2220303415e+11,9.1231094055e+12,3.9354900763e+12,2.0016835424e+12,1.3262730744e+12,1.0081400805e+12,5.8189567061e+11,5.1952547303e+11,5.0731850514e+11,5.0407004023e+11,8.6968649956e+12,3.5092456665e+12,1.5754391325e+12,9.0002866453e+11,5.8189567061e+11,1.5565126076e+11,9.3281063178e+10,8.1074095280e+10,7.7825630378e+10,8.6344947980e+12,3.4468754689e+12,1.5130689349e+12,8.3765846695e+11,5.1952547303e+11,9.3281063178e+10,3.0910865600e+10,1.8703897703e+10,1.5455432800e+10,8.6222878301e+12,3.4346685010e+12,1.5008619670e+12,8.2545149905e+11,5.0731850514e+11,8.1074095280e+10,1.8703897703e+10,6.4969298047e+09,3.2484649023e+09
233,6000,30,1.3636338651e+13,9.2741442003e+12,7.8421772153e+12,7.3707948214e+12,7.1537850624e+12,6.8696530067e+12,6.8284692400e+12,6.8203535318e+12,6.8181693253e+12,9.2741442003e+12,4.9119497500e+12,3.4799827651e+12,3.0086003711e+12,2.7915906122e+12,2.5074585565e+12,2.4662747898e+12,2.4581590815e+12,2.4559748750e+12,7.8421772153e+12,3.4799827651e+12,2.0480157801e+12,1.5766333862e+12,1.3596236272e+12,1.0754915715e+12,1.0343078048e+12,1.0261920966e+12,1.0240078901e+12,7.3707948214e+12,3.0086003711e+12,1.5766333862e+12,1.1052509923e+12,8.8824123329e+11,6.0410917759e+11,5.6292541088e+11,5.5480970266e+11,5.5262549613e+11,7.1537850624e+12,2.7915906122e+12,1.3596236272e+12,8.8824123329e+11,6.7123147432e+11,3.8709941862e+11,3.4591565191e+11,3.3779994368e+11,3.3561573716e+11,6.8696530067e+12,2.5074585565e+12,1.0754915715e+12,6.0410917759e+11,3.8709941862e+11,1.0296736292e+11,6.1783596207e+10,5.3667887982e+10,5.1483681459e+10,6.8284692400e+12,2.4662747898e+12,1.0343078048e+12,5.6292541088e+11,3.4591565191e+11,6.1783596207e+10,2.0599829496e+10,1.2484121271e+10,1.0299914748e+10,6.8203535318e+12,2.4581590815e+12,1.0261920966e+12,5.5480970266e+11,3.3779994368e+11,5.3667887982e+10,1.2484121271e+10,4.3684130456e+09,2.1842065228e+09
234,6000,40,1.0611767357e+13,7.1145105802e+12,6.0529448730e+12,5.7090498841e+12,5.5510819956e+12,5.3436497652e+12,5.3135114025e+12,5.3075184972e+12,5.3058836786e+12,7.1145105802e+12,3.6172538032e+12,2.5556880960e+12,2.2117931071e+12,2.0538252186e+12,1.8463929882e+12,1.8162546255e+12,1.8102617203e+12,1.8086269016e+12,6.0529448730e+12,2.5556880960e+12,1.4941223889e+12,1.1502273999e+12,9.9225951141e+11,7.8482728104e+11,7.5468891833e+11,7.4869601309e+11,7.4706119444e+11,5.7090498841e+12,2.2117931071e+12,1.1502273999e+12,8.0633241101e+11,6.4836452247e+11,4.4093229210e+11,4.1079392939e+11,4.0480102415e+11,4.0316620550e+11,5.5510819956e+12,2.0538252186e+12,9.9225951141e+11,6.4836452247e+11,4.9039663394e+11,2.8296440356e+11,2.5282604085e+11,2.4683313562e+11,2.4519831697e+11,5.3436497652e+12,1.8463929882e+12,7.8482728104e+11,4.4093229210e+11,2.8296440356e+11,7.5532173186e+10,4.5393810478e+10,3.9400905243e+10,3.7766086593e+10,5.3135114025e+12,1.8162546255e+12,7.5468891833e+11,4.1079392939e+11,2.5282604085e+11,4.5393810478e+10,1.5255447770e+10,9.2625425351e+09,7.6277238849e+09,5.3075184972e+12,1.8102617203e+12,7.4869601309e+11,4.0480102415e+11,2.4683313562e+11,3.9400905243e+10,9.2625425351e+09,3.2696373005e+09,1.6348186503e+09
235,6000,50,8.4161496710e+12,5.6566506118e+12,4.8128663325e+12,4.5358669373e+12,4.4079212242e+12,4.2390353091e+12,4.2143796921e+12,4.2094406592e+12,4.2080748355e+12,5.6566506118e+12,2.8971515527e+12,2.0533672733e+12,1.7763678781e+12,1.6484221650e+12,1.4795362499e+12,1.4548806329e+12,1.4499416001e+12,1.4485757763e+12,4.8128663325e+12,2.0533672733e+12,1.2095829940e+12,9.3258359875e+11,8.0463788568e+11,6.3575197055e+11,6.1109635358e+11,6.0615732071e+11,6.0479149700e+11,4.5358669373e+12,1.7763678781e+12,9.3258359875e+11,6.5558420351e+11,5.2763849043e+11,3.5875257531e+11,3.3409695833e+11,3.2915792547e+11,3.2779210175e+11,4.4079212242e+12,1.6484221650e+12,8.0463788568e+11,5.2763849043e+11,3.9969277736e+11,2.3080686223e+11,2.0615124526e+11,2.0121221239e+11,1.9984638868e+11,4.2390353091e+12,1.4795362499e+12,6.3575197055e+11,3.5875257531e+11,2.3080686223e+11,6.1920947103e+10,3.7265330130e+10,3.2326297263e+10,3.0960473551e+10,4.2143796921e+12,1.4548806329e+12,6.1109635358e+11,3.3409695833e+11,2.0615124526e+11,3.7265330130e+10,1.2609713157e+10,7.6706802893e+09,6.3048565783e+09,4.2094406592e+12,1.4499416001e+12,6.0615732071e+11,3.2915792547e+11,2.0121221239e+11,3.2326297263e+10,7.6706802893e+09,2.7316474221e+09,1.3658237110e+09
236,6000,60,7.1280693703e+12,4.8187683498e+12,4.0911059325e+12,3.8502543895e+12,3.7387328429e+12,3.5912013277e+12,3.5696003710e+12,3.5652508138e+12,3.5640346851e+12,4.8187683498e+12,2.5094673293e+12,1.7818049120e+12,1.5409533690e+12,1.4294318224e+12,1.2819003072e+12,1.2602993505e+12,1.2559497932e+12,1.2547336646e+12,4.0911059325e+12,1.7818049120e+12,1.0541424947e+12,8.1329095169e+11,7.0176940516e+11,5.5423788993e+11,5.3263693326e+11,5.2828737598e+11,5.2707124737e+11,3.8502543895e+12,1.5409533690e+12,8.1329095169e+11,5.7243940864e+11,4.6091786211e+11,3.1338634688e+11,2.9178539020e+11,2.8743583293e+11,2.8621970432e+11,3.7387328429e+12,1.4294318224e+12,7.0176940516e+11,4.6091786211e+11,3.4939631557e+11,2.0186480034e+11,1.8026384367e+11,1.7591428639e+11,1.7469815779e+11,3.5912013277e+12,1.2819003072e+12,5.5423788993e+11,3.1338634688e+11,2.0186480034e+11,5.4333285114e+10,3.2732328442e+10,2.8382771165e+10,2.7166642557e+10,3.5696003710e+12,1.2602993505e+12,5.3263693326e+11,2.9178539020e+11,1.8026384367e+11,3.2732328442e+10,1.1131371769e+10,6.7818144924e+09,5.5656858844e+09,3.5652508138e+12,1.2559497932e+12,5.2828737598e+11,2.8743583293e+11,1.7591428639e+11,2.8382771165e+10,6.7818144924e+09,2.4322572159e+09,1.2161286080e+09
237,6000,70,6.4551991075e+12,4.3727711890e+12,3.7096816805e+12,3.4895369926e+12,3.3875103691e+12,3.2524461138e+12,3.2326764104e+12,3.2287072551e+12,3.2275995537e+12,4.3727711890e+12,2.2903432706e+12,1.6272537621e+12,1.4071090741e+12,1.3050824506e+12,1.1700181954e+12,1.1502484919e+12,1.1462793366e+12,1.1451716353e+12,3.7096816805e+12,1.6272537621e+12,9.6416425358e+11,7.4401956564e+11,6.4199294215e+11,5.0692868690e+11,4.8715898342e+11,4.8318982812e+11,4.8208212679e+11,3.4895369926e+12,1.4071090741e+12,7.4401956564e+11,5.2387487770e+11,4.2184825421e+11,2.8678399896e+11,2.6701429548e+11,2.6304514018e+11,2.6193743885e+11,3.3875103691e+12,1.3050824506e+12,6.4199294215e+11,4.2184825421e+11,3.1982163072e+11,1.8475737547e+11,1.6498767199e+11,1.6101851669e+11,1.5991081536e+11,3.2524461138e+12,1.1700181954e+12,5.0692868690e+11,2.8678399896e+11,1.8475737547e+11,4.9693120216e+10,2.9923416737e+10,2.5954261440e+10,2.4846560108e+10,3.2326764104e+12,1.1502484919e+12,4.8715898342e+11,2.6701429548e+11,1.6498767199e+11,2.9923416737e+10,1.0153713258e+10,6.1845579606e+09,5.0768566290e+09,3.2287072551e+12,1.1462793366e+12,4.8318982812e+11,2.6304514018e+11,1.6101851669e+11,2.5954261440e+10,6.1845579606e+09,2.2154026631e+09,1.1077013316e+09
238,6000,80,6.1115908746e+12,4.1435584636e+12,3.5141734075e+12,3.3049375516e+12,3.2079216446e+12,3.0794306519e+12,3.0606222556e+12,3.0568492042e+12,3.0557954373e+12,4.1435584636e+12,2.1755260526e+12,1.5461409964e+12,1.3369051406e+12,1.2398892336e+12,1.1113982409e+12,1.0925898446e+12,1.0888167932e+12,1.0877630263e+12,3.5141734075e+12,1.5461409964e+12,9.1675594028e+11,7.0752008443e+11,6.1050417739e+11,4.8201318472e+11,4.6320478846e+11,4.5943173706e+11,4.5837797014e+11,3.3049375516e+12,1.3369051406e+12,7.0752008443e+11,4.9828422859e+11,4.0126832154e+11,2.7277732887e+11,2.5396893261e+11,2.5019588121e+11,2.4914211429e+11,3.2079216446e+12,1.2398892336e+12,6.1050417739e+11,4.0126832154e+11,3.0425241450e+11,1.7576142183e+11,1.5695302557e+11,1.5317997417e+11,1.5212620725e+11,3.0794306519e+12,1.1113982409e+12,4.8201318472e+11,2.7277732887e+11,1.7576142183e+11,4.7270429158e+10,2.8462032896e+10,2.4688981496e+10,2.3635214579e+10,3.0606222556e+12,1.0925898446e+12,4.6320478846e+11,2.5396893261e+11,1.5695302557e+11,2.8462032896e+10,9.6536366330e+09,5.8805852332e+09,4.8268183165e+09,3.0568492042e+12,1.0888167932e+12,4.5943173706e+11,2.5019588121e+11,1.5317997417e+11,2.4688981496e+10,5.8805852332e+09,2.1075338335e+09,1.0537669168e+09
239,6000,90,6.0069777996e+12,4.0735715148e+12,3.4545506390e+12,3.2486773178e+12,3.1532074682e+12,3.0267505121e+12,3.0082391967e+12,3.0045261384e+12,3.0034888998e+12,4.0735715148e+12,2.1401652300e+12,1.5211443542e+12,1.3152710330e+12,1.2198011834e+12,1.0933442272e+12,1.0748329119e+12,1.0711198535e+12,1.0700826150e+12,3.4545506390e+12,1.5211443542e+12,9.0212347836e+11,6.9625015721e+11,6.0078030757e+11,4.7432335144e+11,4.5581203609e+11,4.5209897773e+11,4.5106173918e+11,3.2486773178e+12,1.3152710330e+12,6.9625015721e+11,4.9037683606e+11,3.9490698643e+11,2.6845003029e+11,2.4993871494e+11,2.4622565658e+11,2.4518841803e+11,3.1532074682e+12,1.2198011834e+12,6.0078030757e+11,3.9490698643e+11,2.9943713679e+11,1.7298018066e+11,1.5446886531e+11,1.5075580694e+11,1.4971856840e+11,3.0267505121e+12,1.0933442272e+12,4.7432335144e+11,2.6845003029e+11,1.7298018066e+11,4.6523224518e+10,2.8011909172e+10,2.4298850807e+10,2.3261612259e+10,3.0082391967e+12,1.0748329119e+12,4.5581203609e+11,2.4993871494e+11,1.5446886531e+11,2.8011909172e+10,9.5005938252e+09,5.7875354609e+09,4.7502969126e+09,3.0045261384e+12,1.0711198535e+12,4.5209897773e+11,2.4622565658e+11,1.5075580694e+11,2.4298850807e+10,5.7875354609e+09,2.0744770967e+09,1.0372385483e+09
240,7000,0,4.0369803121e+13,2.6791046835e+13,2.2521748574e+13,2.1309509362e+13,2.0809085805e+13,2.0269215049e+13,2.0200694854e+13,2.0187874711e+13,2.0184901561e+13,2.6791046835e+13,1.3212290548e+13,8.9429922880e+12,7.7307530757e+12,7.2303295188e+12,6.6904587621e+12,6.6219385674e+12,6.6091184243e+12,6.6061452741e+12,2.2521748574e+13,8.9429922880e+12,4.6736940277e+12,3.4614548154e+12,2.9610312585e+12,2.4211605018e+12,2.3526403071e+12,2.3398201640e+12,2.3368470139e+12,2.1309509362e+13,7.7307530757e+12,3.4614548154e+12,2.2492156031e+12,1.7487920462e+12,1.2089212896e+12,1.1404010948e+12,1.1275809517e+12,1.1246078016e+12,2.0809085805e+13,7.2303295188e+12,2.9610312585e+12,1.7487920462e+12,1.2483684893e+12,7.0849773262e+11,6.3997753790e+11,6.2715739479e+11,6.2418424464e+11,2.0269215049e+13,6.6904587621e+12,2.4211605018e+12,1.2089212896e+12,7.0849773262e+11,1.6862697596e+11,1.0010678124e+11,8.7286638131e+10,8.4313487981e+10,2.0200694854e+13,6.6219385674e+12,2.3526403071e+12,1.1404010948e+12,6.3997753790e+11,1.0010678124e+11,3.1586586524e+10,1.8766443412e+10,1.5793293262e+10,2.0187874711e+13,6.6091184243e+12,2.3398201640e+12,1.1275809517e+12,6.2715739479e+11,8.7286638131e+10,1.8766443412e+10,5.9463002999e+09,2.9731501499e+09
241,7000,10,3.7430196709e+13,2.4650354391e+13,2.0789418973e+13,1.9712162923e+13,1.9269372289e+13,1.8789212327e+13,1.8728980075e+13,1.8717708428e+13,1.8715098354e+13,2.4650354391e+13,1.1870512072e+13,8.0095766548e+12,6.9323206052e+12,6.4895299711e+12,6.0093700082e+12,5.9491377565e+12,5.9378661095e+12,5.9352560361e+12,2.0789418973e+13,8.0095766548e+12,4.1486412374e+12,3.0713851877e+12,2.6285945537e+12,2.1484345907e+12,2.0882023390e+12,2.0769306920e+12,2.0743206187e+12,1.9712162923e+13,6.9323206052e+12,3.0713851877e+12,1.9941291380e+12,1.5513385040e+12,1.0711785411e+12,1.0109462893e+12,9.9967464235e+11,9.9706456902e+11,1.9269372289e+13,6.4895299711e+12,2.6285945537e+12,1.5513385040e+12,1.1085478700e+12,6.2838790704e+11,5.6815565531e+11,5.5688400832e+11,5.5427393499e+11,1.8789212327e+13,6.0093700082e+12,2.1484345907e+12,1.0711785411e+12,6.2838790704e+11,1.4822794409e+11,8.7995692364e+10,7.6724045378e+10,7.4113972045e+10,1.8728980075e+13,5.9491377565e+12,2.0882023390e+12,1.0109462893e+12,5.6815565531e+11,8.7995692364e+10,2.7763440639e+10,1.6491793653e+10,1.3881720319e+10,1.8717708428e+13,5.9378661095e+12,2.0769306920e+12,9.9967464235e+11,5.5688400832e+11,7.6724045378e+10,1.6491793653e+10,5.2201466669e+09,2.6100733335e+09
242,7000,20,3.0716064392e+13,1.9841415323e+13,1.6865679529e+13,1.6072919333e+13,1.5752862522e+13,1.5410448194e+13,1.5367897342e+13,1.5359907098e+13,1.5358032196e+13,1.9841415323e+13,8.9667662544e+12,5.9910304596e+12,5.1982702644e+12,4.8782134534e+12,4.5357991252e+12,4.4932482733e+12,4.4852580287e+12,4.4833831272e+12,1.6865679529e+13,5.9910304596e+12,3.0152946648e+12,2.2225344696e+12,1.9024776586e+12,1.5600633304e+12,1.5175124785e+12,1.5095222339e+12,1.5076473324e+12,1.6072919333e+13,5.1982702644e+12,2.2225344696e+12,1.4297742745e+12,1.1097174634e+12,7.6730313522e+11,7.2475228326e+11,7.1676203875e+11,7.1488713723e+11,1.5752862522e+13,4.8782134534e+12,1.9024776586e+12,1.1097174634e+12,7.8966065234e+11,4.4724632417e+11,4.0469547221e+11,3.9670522769e+11,3.9483032617e+11,1.5410448194e+13,4.5357991252e+12,1.5600633304e+12,7.6730313522e+11,4.4724632417e+11,1.0483199599e+11,6.2281144029e+10,5.4290899516e+10,5.2415997994e+10,1.5367897342e+13,4.4932482733e+12,1.5175124785e+12,7.2475228326e+11,4.0469547221e+11,6.2281144029e+10,1.9730292070e+10,1.1740047557e+10,9.8651460351e+09,1.5359907098e+13,4.4852580287e+12,1.5095222339e+12,7.1676203875e+11,3.9670522769e+11,5.4290899516e+10,1.1740047557e+10,3.7498030431e+09,1.8749015216e+09
243,7000,30,2.3207964107e+13,1.4716301557e+13,1.2612676520e+13,1.2076381198e+13,1.1863453554e+13,1.1638247804e+13,1.1610530825e+13,1.1605259093e+13,1.1603982053e+13,1.4716301557e+13,6.2246390066e+12,4.1210139699e+12,3.5847186474e+12,3.3717910039e+12,3.1465852542e+12,3.1188682752e+12,3.1135965428e+12,3.1123195033e+12,1.2612676520e+13,4.1210139699e+12,2.0173889331e+12,1.4810936107e+12,1.2681659672e+12,1.0429602175e+12,1.0152432385e+12,1.0099715061e+12,1.0086944666e+12,1.2076381198e+13,3.5847186474e+12,1.4810936107e+12,9.4479828828e+11,7.3187064476e+11,5.0666489507e+11,4.7894791608e+11,4.7367618367e+11,4.7239914414e+11,1.1863453554e+13,3.3717910039e+12,1.2681659672e+12,7.3187064476e+11,5.1894300123e+11,2.9373725154e+11,2.6602027255e+11,2.6074854014e+11,2.5947150061e+11,1.1638247804e+13,3.1465852542e+12,1.0429602175e+12,5.0666489507e+11,2.9373725154e+11,6.8531501857e+10,4.0814522868e+10,3.5542790458e+10,3.4265750929e+10,1.1610530825e+13,3.1188682752e+12,1.0152432385e+12,4.7894791608e+11,2.6602027255e+11,4.0814522868e+10,1.3097543880e+10,7.8258114690e+09,6.5487719398e+09,1.1605259093e+13,3.1135965428e+12,1.0099715061e+12,4.7367618367e+11,2.6074854014e+11,3.5542790458e+10,7.8258114690e+09,2.5540790585e+09,1.2770395292e+09
244,7000,40,1.7586717257e+13,1.1072600271e+13,9.5296440793e+12,9.1386484935e+12,8.9833557401e+12,8.8187378463e+12,8.7983162295e+12,8.7943531707e+12,8.7933586284e+12,1.1072600271e+13,4.5584832848e+12,3.0155270933e+12,2.6245315075e+12,2.4692387541e+12,2.3046208603e+12,2.2841992435e+12,2.2802361847e+12,2.2792416424e+12,9.5296440793e+12,3.0155270933e+12,1.4725709019e+12,1.0815753160e+12,9.2628256268e+11,7.6166466887e+11,7.4124305199e+11,7.3727999326e+11,7.3628545093e+11,9.1386484935e+12,2.6245315075e+12,1.0815753160e+12,6.9057973012e+11,5.3528697681e+11,3.7066908300e+11,3.5024746612e+11,3.4628440739e+11,3.4528986506e+11,8.9833557401e+12,2.4692387541e+12,9.2628256268e+11,5.3528697681e+11,3.7999422350e+11,2.1537632968e+11,1.9495471280e+11,1.9099165407e+11,1.8999711175e+11,8.8187378463e+12,2.3046208603e+12,7.6166466887e+11,3.7066908300e+11,2.1537632968e+11,5.0758435872e+10,3.0336818991e+10,2.6373760262e+10,2.5379217936e+10,8.7983162295e+12,2.2841992435e+12,7.4124305199e+11,3.5024746612e+11,1.9495471280e+11,3.0336818991e+10,9.9152021087e+09,5.9521433799e+09,4.9576010543e+09,8.7943531707e+12,2.2802361847e+12,7.3727999326e+11,3.4628440739e+11,1.9099165407e+11,2.6373760262e+10,5.9521433799e+09,1.9890846511e+09,9.9454232556e+08
245,7000,50,1.3930374029e+13,8.8022344209e+12,7.5643332397e+12,7.2471721272e+12,7.1206849791e+12,6.9861584476e+12,6.9693559611e+12,6.9660452920e+12,6.9651870146e+12,8.8022344209e+12,3.6740948127e+12,2.4361936315e+12,2.1190325190e+12,1.9925453709e+12,1.8580188394e+12,1.8412163529e+12,1.8379056838e+12,1.8370474063e+12,7.5643332397e+12,2.4361936315e+12,1.1982924503e+12,8.8113133778e+11,7.5464418967e+11,6.2011765821e+11,6.0331517170e+11,6.0000450260e+11,5.9914622515e+11,7.2471721272e+12,2.1190325190e+12,8.8113133778e+11,5.6397022526e+11,4.3748307715e+11,3.0295654569e+11,2.8615405918e+11,2.8284339008e+11,2.8198511263e+11,7.1206849791e+12,1.9925453709e+12,7.5464418967e+11,4.3748307715e+11,3.1099592905e+11,1.7646939758e+11,1.5966691108e+11,1.5635624198e+11,1.5549796452e+11,6.9861584476e+12,1.8580188394e+12,6.2011765821e+11,3.0295654569e+11,1.7646939758e+11,4.1942866119e+10,2.5140379613e+10,2.1829710512e+10,2.0971433059e+10,6.9693559611e+12,1.8412163529e+12,6.0331517170e+11,2.8615405918e+11,1.5966691108e+11,2.5140379613e+10,8.3378931068e+09,5.0272240062e+09,4.1689465534e+09,6.9660452920e+12,1.8379056838e+12,6.0000450260e+11,2.8284339008e+11,1.5635624198e+11,2.1829710512e+10,5.0272240062e+09,1.7165549056e+09,8.5827745281e+08
246,7000,60,1.1937732329e+13,7.5664915351e+12,6.4921539925e+12,6.2155027268e+12,6.1049942715e+12,5.9872909056e+12,5.9725457958e+12,5.9696288593e+12,5.9688661643e+12,7.5664915351e+12,3.1952507416e+12,2.1209131990e+12,1.8442619333e+12,1.7337534780e+12,1.6160501121e+12,1.6013050023e+12,1.5983880658e+12,1.5976253708e+12,6.4921539925e+12,2.1209131990e+12,1.0465756564e+12,7.6992439068e+11,6.5941593544e+11,5.4171256948e+11,5.2696745968e+11,5.2405052318e+11,5.2328782821e+11,6.2155027268e+12,1.8442619333e+12,7.6992439068e+11,4.9327312494e+11,3.8276466970e+11,2.6506130374e+11,2.5031619394e+11,2.4739925744e+11,2.4663656247e+11,6.1049942715e+12,1.7337534780e+12,6.5941593544e+11,3.8276466970e+11,2.7225621446e+11,1.5455284850e+11,1.3980773870e+11,1.3689080220e+11,1.3612810723e+11,5.9872909056e+12,1.6160501121e+12,5.4171256948e+11,2.6506130374e+11,1.5455284850e+11,3.6849482545e+10,2.2104372739e+10,1.9187436240e+10,1.8424741272e+10,5.9725457958e+12,1.6013050023e+12,5.2696745968e+11,2.5031619394e+11,1.3980773870e+11,2.2104372739e+10,7.3592629334e+09,4.4423264346e+09,3.6796314667e+09,5.9696288593e+12,1.5983880658e+12,5.2405052318e+11,2.4739925744e+11,1.3689080220e+11,1.9187436240e+10,4.4423264346e+09,1.5253899359e+09,7.6269496795e+08
247,7000,70,1.0858354439e+13,6.8896824787e+12,5.9082321743e+12,5.6550325444e+12,5.5538336625e+12,5.4460130315e+12,5.4325222271e+12,5.4298683527e+12,5.4291772196e+12,6.8896824787e+12,2.9210105182e+12,1.9395602137e+12,1.6863605839e+12,1.5851617019e+12,1.4773410709e+12,1.4638502665e+12,1.4611963922e+12,1.4605052591e+12,5.9082321743e+12,1.9395602137e+12,9.5810990933e+11,7.0491027944e+11,6.0371139751e+11,4.9589076648e+11,4.8239996209e+11,4.7974608775e+11,4.7905495466e+11,5.6550325444e+12,1.6863605839e+12,7.0491027944e+11,4.5171064956e+11,3.5051176763e+11,2.4269113660e+11,2.2920033221e+11,2.2654645787e+11,2.2585532478e+11,5.5538336625e+12,1.5851617019e+12,6.0371139751e+11,3.5051176763e+11,2.4931288570e+11,1.4149225467e+11,1.2800145028e+11,1.2534757594e+11,1.2465644285e+11,5.4460130315e+12,1.4773410709e+12,4.9589076648e+11,2.4269113660e+11,1.4149225467e+11,3.3671623638e+10,2.0180819249e+10,1.7526944908e+10,1.6835811819e+10,5.4325222271e+12,1.4638502665e+12,4.8239996209e+11,2.2920033221e+11,1.2800145028e+11,2.0180819249e+10,6.6900148602e+09,4.0361405195e+09,3.3450074301e+09,5.4298683527e+12,1.4611963922e+12,4.7974608775e+11,2.2654645787e+11,1.2534757594e+11,1.7526944908e+10,4.0361405195e+09,1.3822661789e+09,6.9113308944e+08
248,7000,80,1.0299011040e+13,6.5379185208e+12,5.6052492717e+12,5.3644142221e+12,5.2681276058e+12,5.1655223594e+12,5.1526847265e+12,5.1501627132e+12,5.1495055201e+12,6.5379185208e+12,2.7768260014e+12,1.8441567523e+12,1.6033217027e+12,1.5070350864e+12,1.4044298400e+12,1.3915922071e+12,1.3890701938e+12,1.3884130007e+12,5.6052492717e+12,1.8441567523e+12,9.1148750321e+11,6.7065245361e+11,5.7436583730e+11,4.7176059088e+11,4.5892295802e+11,4.5640094471e+11,4.5574375160e+11,5.3644142221e+12,1.6033217027e+12,6.7065245361e+11,4.2981740401e+11,3.3353078771e+11,2.3092554128e+11,2.1808790843e+11,2.1556589512e+11,2.1490870201e+11,5.2681276058e+12,1.5070350864e+12,5.7436583730e+11,3.3353078771e+11,2.3724417140e+11,1.3463892498e+11,1.2180129212e+11,1.1927927881e+11,1.1862208570e+11,5.1655223594e+12,1.4044298400e+12,4.7176059088e+11,2.3092554128e+11,1.3463892498e+11,3.2033678554e+10,1.9196045696e+10,1.6674032388e+10,1.6016839277e+10,5.1526847265e+12,1.3915922071e+12,4.5892295802e+11,2.1808790843e+11,1.2180129212e+11,1.9196045696e+10,6.3584128381e+09,3.8363995301e+09,3.1792064190e+09,5.1501627132e+12,1.3890701938e+12,4.5640094471e+11,2.1556589512e+11,1.1927927881e+11,1.6674032388e+10,3.8363995301e+09,1.3143862221e+09,6.5719311103e+08
249,7000,90,1.0126351402e+13,6.4292737652e+12,5.5117195827e+12,5.2747096775e+12,5.1799407298e+12,5.0789424768e+12,5.0663049473e+12,5.0638227688e+12,5.0631757008e+12,6.4292737652e+12,2.7321961287e+12,1.8146419462e+12,1.5776320410e+12,1.4828630934e+12,1.3818648404e+12,1.3692273108e+12,1.3667451323e+12,1.3660980643e+12,5.5117195827e+12,1.8146419462e+12,8.9708776372e+11,6.6007785851e+11,5.6530891089e+11,4.6431065788e+11,4.5167312833e+11,4.4919094986e+11,4.4854388186e+11,5.2747096775e+12,1.5776320410e+12,6.6007785851e+11,4.2306795331e+11,3.2829900568e+11,2.2730075267e+11,2.1466322312e+11,2.1218104465e+11,2.1153397665e+11,5.1799407298e+12,1.4828630934e+12,5.6530891089e+11,3.2829900568e+11,2.3353005805e+11,1.3253180505e+11,1.1989427550e+11,1.1741209703e+11,1.1676502903e+11,5.0789424768e+12,1.3818648404e+12,4.6431065788e+11,2.2730075267e+11,1.3253180505e+11,3.1533552038e+10,1.8896022489e+10,1.6413844020e+10,1.5766776019e+10,5.0663049473e+12,1.3692273108e+12,4.5167312833e+11,2.1466322312e+11,1.1989427550e+11,1.8896022489e+10,6.2584929395e+09,3.7763144712e+09,3.1292464698e+09,5.0638227688e+12,1.3667451323e+12,4.4919094986e+11,2.1218104465e+11,1.1741209703e+11,1.6413844020e+10,3.7763144712e+09,1.2941360030e+09,6.4706800148e+08
250,8000,0,6.2438117243e+13,3.8612361758e+13,3.3280439906e+13,3.2095386787e+13,3.1668133476e+13,3.1268208339e+13,3.1227723833e+13,3.1220588060e+13,3.1219058621e+13,3.8612361758e+13,1.4786606273e+13,9.4546844213e+12,8.2696313019e+12,7.8423779911e+12,7.4424528545e+12,7.4019683485e+12,7.3948325756e+12,7.3933031366e+12,3.3280439906e+13,9.4546844213e+12,4.1227625696e+12,2.9377094501e+12,2.5104561394e+12,2.1105310027e+12,2.0700464967e+12,2.0629107238e+12,2.0613812848e+12,3.2095386787e+13,8.2696313019e+12,2.9377094501e+12,1.7526563307e+12,1.3254030199e+12,9.2547788330e+11,8.8499337724e+11,8.7785760439e+11,8.7632816534e+11,3.1668133476e+13,7.8423779911e+12,2.5104561394e+12,1.3254030199e+12,8.9814970915e+11,4.9822457253e+11,4.5774006648e+11,4.5060429362e+11,4.4907485458e+11,3.1268208339e+13,7.4424528545e+12,2.1105310027e+12,9.2547788330e+11,4.9822457253e+11,9.8299435915e+10,5.7814929860e+10,5.0679157002e+10,4.9149717957e+10,3.1227723833e+13,7.4019683485e+12,2.0700464967e+12,8.8499337724e+11,4.5774006648e+11,5.7814929860e+10,1.7330423804e+10,1.0194650946e+10,8.6652119021e+09,3.1220588060e+13,7.3948325756e+12,2.0629107238e+12,8.7785760439e+11,4.5060429362e+11,5.0679157002e+10,1.0194650946e+10,3.0588780882e+09,1.5294390441e+09
251,8000,10,5.7464045214e+13,3.5347467016e+13,3.0558138418e+13,2.9508232079e+13,2.9130731332e+13,2.8775691337e+13,2.8739740029e+13,2.8733381112e+13,2.8732022607e+13,3.5347467016e+13,1.3230888818e+13,8.4415602198e+12,7.3916538811e+12,7.0141531343e+12,6.6591131393e+12,6.6231618306e+12,6.6168029139e+12,6.6154444090e+12,3.0558138418e+13,8.4415602198e+12,3.6522316217e+12,2.6023252830e+12,2.2248245362e+12,1.8697845412e+12,1.8338332325e+12,1.8274743158e+12,1.8261158108e+12,2.9508232079e+13,7.3916538811e+12,2.6023252830e+12,1.5524189442e+12,1.1749181974e+12,8.1987820243e+11,7.8392689374e+11,7.7756797702e+11,7.7620947211e+11,2.9130731332e+13,7.0141531343e+12,2.2248245362e+12,1.1749181974e+12,7.9741745068e+11,4.4237745567e+11,4.0642614697e+11,4.0006723025e+11,3.9870872534e+11,2.8775691337e+13,6.6591131393e+12,1.8697845412e+12,8.1987820243e+11,4.4237745567e+11,8.7337460649e+10,5.1386151955e+10,4.5027235234e+10,4.3668730325e+10,2.8739740029e+13,6.6231618306e+12,1.8338332325e+12,7.8392689374e+11,4.0642614697e+11,5.1386151955e+10,1.5434843260e+10,9.0759265395e+09,7.7174216302e+09,2.8733381112e+13,6.6168029139e+12,1.8274743158e+12,7.7756797702e+11,4.0006723025e+11,4.5027235234e+10,9.0759265395e+09,2.7170098186e+09,1.3585049093e+09
252,8000,20,4.5784792899e+13,2.7791143239e+13,2.4201826576e+13,2.3442053286e+13,2.3172772861e+13,2.2922974500e+13,2.2897868708e+13,2.2893381897e+13,2.2892396450e+13,2.7791143239e+13,9.7974935783e+12,6.2081769152e+12,5.4484036257e+12,5.1791232003e+12,4.9293248394e+12,4.9042190470e+12,4.8997322366e+12,4.8987467892e+12,2.4201826576e+13,6.2081769152e+12,2.6188602520e+12,1.8590869626e+12,1.5898065371e+12,1.3400081763e+12,1.3149023838e+12,1.3104155735e+12,1.3094301260e+12,2.3442053286e+13,5.4484036257e+12,1.8590869626e+12,1.0993136731e+12,8.3003324768e+11,5.8023488685e+11,5.5512909439e+11,5.5064228402e+11,5.4965683657e+11,2.3172772861e+13,5.1791232003e+12,1.5898065371e+12,8.3003324768e+11,5.6075282223e+11,3.1095446140e+11,2.8584866894e+11,2.8136185857e+11,2.8037641111e+11,2.2922974500e+13,4.9293248394e+12,1.3400081763e+12,5.8023488685e+11,3.1095446140e+11,6.1156100569e+10,3.6050308106e+10,3.1563497737e+10,3.0578050284e+10,2.2897868708e+13,4.9042190470e+12,1.3149023838e+12,5.5512909439e+11,2.8584866894e+11,3.6050308106e+10,1.0944515644e+10,6.4577052745e+09,5.4722578220e+09,2.2893381897e+13,4.8997322366e+12,1.3104155735e+12,5.5064228402e+11,2.8136185857e+11,3.1563497737e+10,6.4577052745e+09,1.9708949051e+09,9.8544745257e+08
253,8000,30,3.3411224319e+13,2.0024113332e+13,1.7564820961e+13,1.7062931884e+13,1.6887384735e+13,1.6725662683e+13,1.6709368524e+13,1.6706340162e+13,1.6705612159e+13,2.0024113332e+13,6.6370023455e+12,4.1777099742e+12,3.6758208977e+12,3.5002737485e+12,3.3385516964e+12,3.3222575376e+12,3.3192291750e+12,3.3185011727e+12,1.7564820961e+13,4.1777099742e+12,1.7184176029e+12,1.2165285264e+12,1.0409813772e+12,8.7925932515e+11,8.6296516633e+11,8.5993680374e+11,8.5920880147e+11,1.7062931884e+13,3.6758208977e+12,1.2165285264e+12,7.1463944993e+11,5.3909230070e+11,3.7737024864e+11,3.6107608982e+11,3.5804772723e+11,3.5731972496e+11,1.6887384735e+13,3.5002737485e+12,1.0409813772e+12,5.3909230070e+11,3.6354515147e+11,2.0182309941e+11,1.8552894059e+11,1.8250057800e+11,1.8177257574e+11,1.6725662683e+13,3.3385516964e+12,8.7925932515e+11,3.7737024864e+11,2.0182309941e+11,4.0101047349e+10,2.3806888528e+10,2.0778525938e+10,2.0050523675e+10,1.6709368524e+13,3.3222575376e+12,8.6296516633e+11,3.6107608982e+11,1.8552894059e+11,2.3806888528e+10,7.5127297063e+09,4.4843671164e+09,3.7563648532e+09,1.6706340162e+13,3.3192291750e+12,8.5993680374e+11,3.5804772723e+11,1.8250057800e+11,2.0778525938e+10,4.4843671164e+09,1.4560045265e+09,7.2800226323e+08
254,8000,40,2.4846179947e+13,1.4845908927e+13,1.3050685198e+13,1.2684872019e+13,1.2556712137e+13,1.2438187895e+13,1.2426065711e+13,1.2423706896e+13,1.2423089974e+13,1.4845908927e+13,4.8456379076e+12,3.0504141781e+12,2.6846009990e+12,2.5564411168e+12,2.4379168752e+12,2.4257946916e+12,2.4234358767e+12,2.4228189538e+12,1.3050685198e+13,3.0504141781e+12,1.2551904485e+12,8.8937726943e+11,7.6121738725e+11,6.4269314564e+11,6.3057096208e+11,6.2821214719e+11,6.2759522427e+11,1.2684872019e+13,2.6846009990e+12,8.8937726943e+11,5.2356409032e+11,3.9540420814e+11,2.7687996653e+11,2.6475778297e+11,2.6239896808e+11,2.6178204516e+11,1.2556712137e+13,2.5564411168e+12,7.6121738725e+11,3.9540420814e+11,2.6724432597e+11,1.4872008436e+11,1.3659790080e+11,1.3423908591e+11,1.3362216299e+11,1.2438187895e+13,2.4379168752e+12,6.4269314564e+11,2.7687996653e+11,1.4872008436e+11,3.0195842751e+10,1.8073659187e+10,1.5714844298e+10,1.5097921375e+10,1.2426065711e+13,2.4257946916e+12,6.3057096208e+11,2.6475778297e+11,1.3659790080e+11,1.8073659187e+10,5.9514756224e+09,3.5926607340e+09,2.9757378112e+09,1.2423706896e+13,2.4234358767e+12,6.2821214719e+11,2.6239896808e+11,1.3423908591e+11,1.5714844298e+10,3.5926607340e+09,1.2338458457e+09,6.1692292283e+08
255,8000,50,1.9763121161e+13,1.1844716653e+13,1.0394714817e+13,1.0096406419e+13,9.9915317627e+12,9.8942043787e+12,9.8841376325e+12,9.8821202305e+12,9.8815605807e+12,1.1844716653e+13,3.9263121437e+12,2.4763103085e+12,2.1780019102e+12,2.0731272538e+12,1.9757998698e+12,1.9657331237e+12,1.9637157217e+12,1.9631560719e+12,1.0394714817e+13,2.4763103085e+12,1.0263084732e+12,7.2800007497e+11,6.2312541857e+11,5.2579803459e+11,5.1573128839e+11,5.1371388640e+11,5.1315423661e+11,1.0096406419e+13,2.1780019102e+12,7.2800007497e+11,4.2969167673e+11,3.2481702032e+11,2.2748963634e+11,2.1742289015e+11,2.1540548815e+11,2.1484583836e+11,9.9915317627e+12,2.0731272538e+12,6.2312541857e+11,3.2481702032e+11,2.1994236392e+11,1.2261497994e+11,1.1254823374e+11,1.1053083175e+11,1.0997118196e+11,9.8942043787e+12,1.9757998698e+12,5.2579803459e+11,2.2748963634e+11,1.2261497994e+11,2.5287595960e+10,1.5220849764e+10,1.3203447772e+10,1.2643797980e+10,9.8841376325e+12,1.9657331237e+12,5.1573128839e+11,2.1742289015e+11,1.1254823374e+11,1.5220849764e+10,5.1541035674e+09,3.1367015756e+09,2.5770517837e+09,9.8821202305e+12,1.9637157217e+12,5.1371388640e+11,2.1540548815e+11,1.1053083175e+11,1.3203447772e+10,3.1367015756e+09,1.1192995839e+09,5.5964979195e+08
256,8000,60,1.7059632013e+13,1.0242439582e+13,8.9788800405e+12,8.7180119894e+12,8.6261977426e+12,8.5409007413e+12,8.5320675261e+12,8.5303025351e+12,8.5298160066e+12,1.0242439582e+13,3.4252471510e+12,2.1616876094e+12,1.9008195582e+12,1.8090053115e+12,1.7237083101e+12,1.7148750949e+12,1.7131101040e+12,1.7126235755e+12,8.9788800405e+12,2.1616876094e+12,8.9812806784e+11,6.3726001665e+11,5.4544576989e+11,4.6014876855e+11,4.5131555336e+11,4.4955056241e+11,4.4906403392e+11,8.7180119894e+12,1.9008195582e+12,6.3726001665e+11,3.7639196546e+11,2.8457771870e+11,1.9928071736e+11,1.9044750217e+11,1.8868251122e+11,1.8819598273e+11,8.6261977426e+12,1.8090053115e+12,5.4544576989e+11,2.8457771870e+11,1.9276347194e+11,1.0746647060e+11,9.8633255407e+10,9.6868264462e+10,9.6381735971e+10,8.5409007413e+12,1.7237083101e+12,4.6014876855e+11,1.9928071736e+11,1.0746647060e+11,2.2169469267e+10,1.3336254070e+10,1.1571263126e+10,1.1084734634e+10,8.5320675261e+12,1.7148750949e+12,4.5131555336e+11,1.9044750217e+11,9.8633255407e+10,1.3336254070e+10,4.5030388733e+09,2.7380479286e+09,2.2515194367e+09,8.5303025351e+12,1.7131101040e+12,4.4955056241e+11,1.8868251122e+11,9.6868264462e+10,1.1571263126e+10,2.7380479286e+09,9.7305698380e+08,4.8652849190e+08
257,8000,70,1.5561248380e+13,9.3483382656e+12,8.1920930075e+12,7.9530726340e+12,7.8689159215e+12,7.7907319952e+12,7.7826578925e+12,7.7810613437e+12,7.7806241898e+12,9.3483382656e+12,3.1354281515e+12,1.9791828934e+12,1.7401625199e+12,1.6560058074e+12,1.5778218811e+12,1.5697477784e+12,1.5681512296e+12,1.5677140757e+12,8.1920930075e+12,1.9791828934e+12,8.2293763540e+11,5.8391726189e+11,4.9976054935e+11,4.2157662308e+11,4.1350252039e+11,4.1190597157e+11,4.1146881770e+11,7.9530726340e+12,1.7401625199e+12,5.8391726189e+11,3.4489688837e+11,2.6074017583e+11,1.8255624957e+11,1.7448214688e+11,1.7288559806e+11,1.7244844419e+11,7.8689159215e+12,1.6560058074e+12,4.9976054935e+11,2.6074017583e+11,1.7658346330e+11,9.8399537033e+10,9.0325434340e+10,8.8728885523e+10,8.8291731649e+10,7.7907319952e+12,1.5778218811e+12,4.2157662308e+11,1.8255624957e+11,9.8399537033e+10,2.0215610769e+10,1.2141508075e+10,1.0544959258e+10,1.0107805384e+10,7.7826578925e+12,1.5697477784e+12,4.1350252039e+11,1.7448214688e+11,9.0325434340e+10,1.2141508075e+10,4.0674053820e+09,2.4708565650e+09,2.0337026910e+09,7.7810613437e+12,1.5681512296e+12,4.1190597157e+11,1.7288559806e+11,8.8728885523e+10,1.0544959258e+10,2.4708565650e+09,8.7430774799e+08,4.3715387400e+08
258,8000,80,1.4772992012e+13,8.8773408077e+12,7.7780252214e+12,7.5506155472e+12,7.4705276872e+12,7.3961085585e+12,7.3884266558e+12,7.3869111798e+12,7.3864960062e+12,8.8773408077e+12,2.9816896030e+12,1.8823740167e+12,1.6549643426e+12,1.5748764825e+12,1.5004573538e+12,1.4927754511e+12,1.4912599751e+12,1.4908448015e+12,7.7780252214e+12,1.8823740167e+12,7.8305843034e+11,5.5564875623e+11,4.7556089618e+11,4.0114176747e+11,3.9345986482e+11,3.9194438881e+11,3.9152921517e+11,7.5506155472e+12,1.6549643426e+12,5.5564875623e+11,3.2823908212e+11,2.4815122207e+11,1.7373209336e+11,1.6605019071e+11,1.6453471470e+11,1.6411954106e+11,7.4705276872e+12,1.5748764825e+12,4.7556089618e+11,2.4815122207e+11,1.6806336202e+11,9.3644233310e+10,8.5962330662e+10,8.4446854649e+10,8.4031681011e+10,7.3961085585e+12,1.5004573538e+12,4.0114176747e+11,1.7373209336e+11,9.3644233310e+10,1.9225104600e+10,1.1543201951e+10,1.0027725938e+10,9.6125522998e+09,7.3884266558e+12,1.4927754511e+12,3.9345986482e+11,1.6605019071e+11,8.5962330662e+10,1.1543201951e+10,3.8612993026e+09,2.3458232899e+09,1.9306496513e+09,7.3869111798e+12,1.4912599751e+12,3.9194438881e+11,1.6453471470e+11,8.4446854649e+10,1.0027725938e+10,2.3458232899e+09,8.3034727722e+08,4.1517363861e+08
259,8000,90,1.4528176435e+13,8.7309022177e+12,7.6493723793e+12,7.4255952080e+12,7.3467820215e+12,7.2735460724e+12,7.2659873578e+12,7.2644968188e+12,7.2640882175e+12,8.7309022177e+12,2.9336280004e+12,1.8520981620e+12,1.6283209907e+12,1.5495078042e+12,1.4762718551e+12,1.4687131406e+12,1.4672226015e+12,1.4668140002e+12,7.6493723793e+12,1.8520981620e+12,7.7056832359e+11,5.4679115230e+11,4.6797796579e+11,3.9474201673e+11,3.8718330214e+11,3.8569276306e+11,3.8528416180e+11,7.4255952080e+12,1.6283209907e+12,5.4679115230e+11,3.2301398101e+11,2.4420079449e+11,1.7096484544e+11,1.6340613085e+11,1.6191559176e+11,1.6150699050e+11,7.3467820215e+12,1.5495078042e+12,4.6797796579e+11,2.4420079449e+11,1.6538760798e+11,9.2151658923e+10,8.4592944336e+10,8.3102405251e+10,8.2693803989e+10,7.2735460724e+12,1.4762718551e+12,3.9474201673e+11,1.7096484544e+11,9.2151658923e+10,1.8915709866e+10,1.1356995280e+10,9.8664561945e+09,9.4578549332e+09,7.2659873578e+12,1.4687131406e+12,3.8718330214e+11,1.6340613085e+11,8.4592944336e+10,1.1356995280e+10,3.7982806939e+09,2.3077416083e+09,1.8991403470e+09,7.2644968188e+12,1.4672226015e+12,3.8569276306e+11,1.6191559176e+11,8.3102405251e+10,9.8664561945e+09,2.3077416083e+09,8.1720252261e+08,4.0860126130e+08
260,9000,0,8.4789050344e+13,4.9808784518e+13,4.4040387695e+13,4.3020295803e+13,4.2694235867e+13,4.2421369277e+13,4.2398940638e+13,4.2395254669e+13,4.2394525172e+13,4.9808784518e+13,1.4828518693e+13,9.0601218692e+12,8.0400299773e+12,7.7139700419e+12,7.4411034517e+12,7.4186748127e+12,7.4149888432e+12,7.4142593465e+12,4.4040387695e+13,9.0601218692e+12,3.2917250454e+12,2.2716331536e+12,1.9455732181e+12,1.6727066280e+12,1.6502779889e+12,1.6465920195e+12,1.6458625227e+12,4.3020295803e+13,8.0400299773e+12,2.2716331536e+12,1.2515412617e+12,9.2548132628e+11,6.5261473612e+11,6.3018609704e+11,6.2650012759e+11,6.2577063085e+11,4.2694235867e+13,7.7139700419e+12,1.9455732181e+12,9.2548132628e+11,5.9942139085e+11,3.2655480069e+11,3.0412616162e+11,3.0044019216e+11,2.9971069543e+11,4.2421369277e+13,7.4411034517e+12,1.6727066280e+12,6.5261473612e+11,3.2655480069e+11,5.3688210530e+10,3.1259571459e+10,2.7573602001e+10,2.6844105265e+10,4.2398940638e+13,7.4186748127e+12,1.6502779889e+12,6.3018609704e+11,3.0412616162e+11,3.1259571459e+10,8.8309323884e+09,5.1449629301e+09,4.4154661942e+09,4.2395254669e+13,7.4149888432e+12,1.6465920195e+12,6.2650012759e+11,3.0044019216e+11,2.7573602001e+10,5.1449629301e+09,1.4589934717e+09,7.2949673584e+08
261,9000,10,7.7678489689e+13,4.5470884472e+13,4.0297107659e+13,3.9393599211e+13,3.9105363506e+13,3.8863271968e+13,3.8843224014e+13,3.8839907455e+13,3.8839244844e+13,4.5470884472e+13,1.3263279255e+13,8.0895024422e+12,7.1859939933e+12,6.8977582889e+12,6.6556667505e+12,6.6356187970e+12,6.6323022374e+12,6.6316396273e+12,4.0297107659e+13,8.0895024422e+12,2.9157256299e+12,2.0122171810e+12,1.7239814766e+12,1.4818899382e+12,1.4618419847e+12,1.4585254251e+12,1.4578628149e+12,3.9393599211e+13,7.1859939933e+12,2.0122171810e+12,1.1087087322e+12,8.2047302772e+11,5.7838148936e+11,5.5833353581e+11,5.5501697625e+11,5.5435436608e+11,3.9105363506e+13,6.8977582889e+12,1.7239814766e+12,8.2047302772e+11,5.3223732328e+11,2.9014578492e+11,2.7009783137e+11,2.6678127181e+11,2.6611866164e+11,3.8863271968e+13,6.6556667505e+12,1.4818899382e+12,5.7838148936e+11,2.9014578492e+11,4.8054246563e+10,2.8006293014e+10,2.4689733455e+10,2.4027123282e+10,3.8843224014e+13,6.6356187970e+12,1.4618419847e+12,5.5833353581e+11,2.7009783137e+11,2.8006293014e+10,7.9583394658e+09,4.6417799064e+09,3.9791697329e+09,3.8839907455e+13,6.6323022374e+12,1.4585254251e+12,5.5501697625e+11,2.6678127181e+11,2.4689733455e+10,4.6417799064e+09,1.3252203471e+09,6.6261017355e+08
262,9000,20,6.0239240404e+13,3.4947235780e+13,3.1149757464e+13,3.0507334477e+13,3.0304974501e+13,3.0136605518e+13,3.0122589054e+13,3.0120160251e+13,3.0119620202e+13,3.4947235780e+13,9.6552311562e+12,5.8577528403e+12,5.2153298530e+12,5.0129698772e+12,4.8446008938e+12,4.8305844303e+12,4.8281556269e+12,4.8276155781e+12,3.1149757464e+13,5.8577528403e+12,2.0602745245e+12,1.4178515371e+12,1.2154915614e+12,1.0471225780e+12,1.0331061144e+12,1.0306773111e+12,1.0301372622e+12,3.0507334477e+13,5.2153298530e+12,1.4178515371e+12,7.7542854982e+11,5.7306857407e+11,4.0469959064e+11,3.9068312708e+11,3.8825432377e+11,3.8771427491e+11,3.0304974501e+13,5.0129698772e+12,1.2154915614e+12,5.7306857407e+11,3.7070859832e+11,2.0233961489e+11,1.8832315133e+11,1.8589434802e+11,1.8535429916e+11,3.0136605518e+13,4.8446008938e+12,1.0471225780e+12,4.0469959064e+11,2.0233961489e+11,3.3970631459e+10,1.9954167904e+10,1.7525364589e+10,1.6985315729e+10,3.0122589054e+13,4.8305844303e+12,1.0331061144e+12,3.9068312708e+11,1.8832315133e+11,1.9954167904e+10,5.9377043492e+09,3.5089010344e+09,2.9688521746e+09,3.0120160251e+13,4.8281556269e+12,1.0306773111e+12,3.8825432377e+11,1.8589434802e+11,1.7525364589e+10,3.5089010344e+09,1.0800977197e+09,5.4004885983e+08
263,9000,30,4.2954810625e+13,2.4700438020e+13,2.2144496813e+13,2.1726639211e+13,2.1596599417e+13,2.1488850172e+13,2.1479657202e+13,2.1477891899e+13,2.1477405313e+13,2.4700438020e+13,6.4460654149e+12,3.8901242076e+12,3.4722666056e+12,3.3422268120e+12,3.2344775663e+12,3.2252845967e+12,3.2235192933e+12,3.2230327074e+12,2.2144496813e+13,3.8901242076e+12,1.3341830003e+12,9.1632539834e+11,7.8628560469e+11,6.7853635901e+11,6.6934338943e+11,6.6757808604e+11,6.6709150016e+11,2.1726639211e+13,3.4722666056e+12,9.1632539834e+11,4.9846779637e+11,3.6842800271e+11,2.6067875704e+11,2.5148578745e+11,2.4972048407e+11,2.4923389818e+11,2.1596599417e+13,3.3422268120e+12,7.8628560469e+11,3.6842800271e+11,2.3838820906e+11,1.3063896339e+11,1.2144599380e+11,1.1968069042e+11,1.1919410453e+11,2.1488850172e+13,3.2344775663e+12,6.7853635901e+11,2.6067875704e+11,1.3063896339e+11,2.2889717715e+10,1.3696748126e+10,1.1931444745e+10,1.1444858858e+10,2.1479657202e+13,3.2252845967e+12,6.6934338943e+11,2.5148578745e+11,1.2144599380e+11,1.3696748126e+10,4.5037785373e+09,2.7384751558e+09,2.2518892686e+09,2.1477891899e+13,3.2235192933e+12,6.6757808604e+11,2.4972048407e+11,1.1968069042e+11,1.1931444745e+10,2.7384751558e+09,9.7317177434e+08,4.8658588717e+08
264,9000,40,3.1537137494e+13,1.8118882952e+13,1.6257316966e+13,1.5952039182e+13,1.5856775768e+13,1.5777474992e+13,1.5770500748e+13,1.5769030671e+13,1.5768568747e+13,1.8118882952e+13,4.7006284100e+12,2.8390624243e+12,2.5337846401e+12,2.4385212264e+12,2.3592204501e+12,2.3522462064e+12,2.3507761294e+12,2.3503142050e+12,1.6257316966e+13,2.8390624243e+12,9.7749643869e+11,6.7221865445e+11,5.7695524079e+11,4.9765446444e+11,4.9068022079e+11,4.8921014380e+11,4.8874821934e+11,1.5952039182e+13,2.5337846401e+12,6.7221865445e+11,3.6694087020e+11,2.7167745654e+11,1.9237668020e+11,1.8540243655e+11,1.8393235956e+11,1.8347043510e+11,1.5856775768e+13,2.4385212264e+12,5.7695524079e+11,2.7167745654e+11,1.7641404288e+11,9.7113266536e+10,9.0139022887e+10,8.8668945896e+10,8.8207021441e+10,1.5777474992e+13,2.3592204501e+12,4.9765446444e+11,1.9237668020e+11,9.7113266536e+10,1.7812490190e+10,1.0838246540e+10,9.3681695495e+09,8.9062450948e+09,1.5770500748e+13,2.3522462064e+12,4.9068022079e+11,1.8540243655e+11,9.0139022887e+10,1.0838246540e+10,3.8640028913e+09,2.3939259004e+09,1.9320014456e+09,1.5769030671e+13,2.3507761294e+12,4.8921014380e+11,1.8393235956e+11,8.8668945896e+10,9.3681695495e+09,2.3939259004e+09,9.2384890951e+08,4.6192445475e+08
265,9000,50,2.5235553262e+13,1.4528898565e+13,1.3018413754e+13,1.2768774547e+13,1.2690636397e+13,1.2625343054e+13,1.2619493173e+13,1.2618206103e+13,1.2617776631e+13,1.4528898565e+13,3.8222438682e+12,2.3117590576e+12,2.0621198506e+12,1.9839817006e+12,1.9186883571e+12,1.9128384760e+12,1.9115514057e+12,1.9111219341e+12,1.3018413754e+13,2.3117590576e+12,8.0127424692e+11,5.5163503997e+11,4.7349688993e+11,4.0820354646e+11,4.0235366529e+11,4.0106659501e+11,4.0063712346e+11,1.2768774547e+13,2.0621198506e+12,5.5163503997e+11,3.0199583302e+11,2.2385768298e+11,1.5856433951e+11,1.5271445834e+11,1.5142738806e+11,1.5099791651e+11,1.2690636397e+13,1.9839817006e+12,4.7349688993e+11,2.2385768298e+11,1.4571953293e+11,8.0426189466e+10,7.4576308297e+10,7.3289238014e+10,7.2859766466e+10,1.2625343054e+13,1.9186883571e+12,4.0820354646e+11,1.5856433951e+11,8.0426189466e+10,1.5132845999e+10,9.2829648301e+09,7.9958945474e+09,7.5664229995e+09,1.2619493173e+13,1.9128384760e+12,4.0235366529e+11,1.5271445834e+11,7.4576308297e+10,9.2829648301e+09,3.4330836611e+09,2.1460133785e+09,1.7165418306e+09,1.2618206103e+13,1.9115514057e+12,4.0106659501e+11,1.5142738806e+11,7.3289238014e+10,7.9958945474e+09,2.1460133785e+09,8.5894309577e+08,4.2947154789e+08
266,9000,60,2.1867278378e+13,1.2601615192e+13,1.1284198157e+13,1.1065844008e+13,1.0997427847e+13,1.0940217450e+13,1.0935104851e+13,1.0933999707e+13,1.0933639189e+13,1.2601615192e+13,3.3359520068e+12,2.0185349717e+12,1.8001808222e+12,1.7317646615e+12,1.6745542639e+12,1.6694416655e+12,1.6683365214e+12,1.6679760034e+12,1.1284198157e+13,2.0185349717e+12,7.0111793653e+11,4.8276378705e+11,4.1434762633e+11,3.5713722873e+11,3.5202463039e+11,3.5091948621e+11,3.5055896826e+11,1.1065844008e+13,1.8001808222e+12,4.8276378705e+11,2.6440963757e+11,1.9599347685e+11,1.3878307926e+11,1.3367048091e+11,1.3256533674e+11,1.3220481879e+11,1.0997427847e+13,1.7317646615e+12,4.1434762633e+11,1.9599347685e+11,1.2757731613e+11,7.0366918532e+10,6.5254320186e+10,6.4149176013e+10,6.3788658063e+10,1.0940217450e+13,1.6745542639e+12,3.5713722873e+11,1.3878307926e+11,7.0366918532e+10,1.3156520938e+10,8.0439225927e+09,6.9387784200e+09,6.5782604691e+09,1.0935104851e+13,1.6694416655e+12,3.5202463039e+11,1.3367048091e+11,6.5254320186e+10,8.0439225927e+09,2.9313242470e+09,1.8261800744e+09,1.4656621235e+09,1.0933999707e+13,1.6683365214e+12,3.5091948621e+11,1.3256533674e+11,6.4149176013e+10,6.9387784200e+09,1.8261800744e+09,7.2103590174e+08,3.6051795087e+08
267,9000,70,1.9957599968e+13,1.1505072722e+13,1.0299832397e+13,1.0099849953e+13,1.0037171077e+13,9.9847705065e+12,9.9801122821e+12,9.9791215490e+12,9.9787999838e+12,1.1505072722e+13,3.0525454759e+12,1.8473051510e+12,1.6473227070e+12,1.5846438309e+12,1.5322432606e+12,1.5275850363e+12,1.5265943031e+12,1.5262727380e+12,1.0299832397e+13,1.8473051510e+12,6.4206482601e+11,4.4208238206e+11,3.7940350592e+11,3.2700293566e+11,3.2234471130e+11,3.2135397819e+11,3.2103241301e+11,1.0099849953e+13,1.6473227070e+12,4.4208238206e+11,2.4209993810e+11,1.7942106196e+11,1.2702049171e+11,1.2236226735e+11,1.2137153424e+11,1.2104996905e+11,1.0037171077e+13,1.5846438309e+12,3.7940350592e+11,1.7942106196e+11,1.1674218582e+11,6.4341615570e+10,5.9683391209e+10,5.8692658099e+10,5.8371092912e+10,9.9847705065e+12,1.5322432606e+12,3.2700293566e+11,1.2702049171e+11,6.4341615570e+10,1.1941045316e+10,7.2828209546e+09,6.2920878446e+09,5.9705226579e+09,9.9801122821e+12,1.5275850363e+12,3.2234471130e+11,1.2236226735e+11,5.9683391209e+10,7.2828209546e+09,2.6245965933e+09,1.6338634833e+09,1.3122982967e+09,9.9791215490e+12,1.5265943031e+12,3.2135397819e+11,1.2137153424e+11,5.8692658099e+10,6.2920878446e+09,1.6338634833e+09,6.4313037331e+08,3.2156518665e+08
268,9000,80,1.8950175717e+13,1.0926178657e+13,9.7804641237e+12,9.5902503916e+12,9.5306191809e+12,9.4807592835e+12,9.4763307958e+12,9.4753927558e+12,9.4750878585e+12,1.0926178657e+13,2.9021815974e+12,1.7564670640e+12,1.5662533318e+12,1.5066221211e+12,1.4567622238e+12,1.4523337361e+12,1.4513956961e+12,1.4510907987e+12,9.7804641237e+12,1.7564670640e+12,6.1075253053e+11,4.2053879837e+11,3.6090758768e+11,3.1104769033e+11,3.0661920261e+11,3.0568116260e+11,3.0537626526e+11,9.5902503916e+12,1.5662533318e+12,4.2053879837e+11,2.3032506621e+11,1.7069385552e+11,1.2083395817e+11,1.1640547046e+11,1.1546743044e+11,1.1516253311e+11,9.5306191809e+12,1.5066221211e+12,3.6090758768e+11,1.7069385552e+11,1.1106264483e+11,6.1202747481e+10,5.6774259767e+10,5.5836219748e+10,5.5531322417e+10,9.4807592835e+12,1.4567622238e+12,3.1104769033e+11,1.2083395817e+11,6.1202747481e+10,1.1342850128e+10,6.9143624142e+09,5.9763223949e+09,5.6714250639e+09,9.4763307958e+12,1.4523337361e+12,3.0661920261e+11,1.1640547046e+11,5.6774259767e+10,6.9143624142e+09,2.4858747004e+09,1.5478346812e+09,1.2429373502e+09,9.4753927558e+12,1.4513956961e+12,3.0568116260e+11,1.1546743044e+11,5.5836219748e+10,5.9763223949e+09,1.5478346812e+09,6.0979466190e+08,3.0489733095e+08
269,9000,90,1.8631324684e+13,1.0742806668e+13,9.6160457354e+12,9.4289485930e+12,9.3702900505e+12,9.3212399204e+12,9.3168839721e+12,9.3159621609e+12,9.3156623422e+12,1.0742806668e+13,2.8542886514e+12,1.7275277189e+12,1.5404305764e+12,1.4817720340e+12,1.4327219039e+12,1.4283659555e+12,1.4274441444e+12,1.4271443257e+12,9.6160457354e+12,1.7275277189e+12,6.0076678641e+11,4.1366964396e+11,3.5501110148e+11,3.0596097142e+11,3.0160502305e+11,3.0068321188e+11,3.0038339320e+11,9.4289485930e+12,1.5404305764e+12,4.1366964396e+11,2.2657250150e+11,1.6791395903e+11,1.1886382896e+11,1.1450788060e+11,1.1358606943e+11,1.1328625075e+11,9.3702900505e+12,1.4817720340e+12,3.5501110148e+11,1.6791395903e+11,1.0925541655e+11,6.0205286488e+10,5.5849338121e+10,5.4927526953e+10,5.4627708276e+10,9.3212399204e+12,1.4327219039e+12,3.0596097142e+11,1.1886382896e+11,6.0205286488e+10,1.1155156424e+10,6.7992080568e+09,5.8773968885e+09,5.5775782118e+09,9.3168839721e+12,1.4283659555e+12,3.0160502305e+11,1.1450788060e+11,5.5849338121e+10,6.7992080568e+09,2.4432596898e+09,1.5214485216e+09,1.2216298449e+09,9.3159621609e+12,1.4274441444e+12,3.0068321188e+11,1.1358606943e+11,5.4927526953e+10,5.8773968885e+09,1.5214485216e+09,5.9963735325e+08,2.9981867663e+08
270,10000,0,1.0499343825e+14,5.9352045943e+13,5.3654393826e+13,5.2882107656e+13,5.2667399106e+13,5.2510832583e+13,5.2499059631e+13,5.2497110067e+13,5.2496719126e+13,5.9352045943e+13,1.3710653634e+13,8.0130015163e+12,7.2407153461e+12,7.0260067969e+12,6.8694402733e+12,6.8576673210e+12,6.8557177577e+12,6.8553268169e+12,5.3654393826e+13,8.0130015163e+12,2.3153493988e+12,1.5430632287e+12,1.3283546794e+12,1.1717881558e+12,1.1600152036e+12,1.1580656403e+12,1.1576746994e+12,5.2882107656e+13,7.2407153461e+12,1.5430632287e+12,7.7077705857e+11,5.5606850931e+11,3.9950198569e+11,3.8772903345e+11,3.8577947014e+11,3.8538852929e+11,5.2667399106e+13,7.0260067969e+12,1.3283546794e+12,5.5606850931e+11,3.4135996005e+11,1.8479343643e+11,1.7302048419e+11,1.7107092088e+11,1.7067998002e+11,5.2510832583e+13,6.8694402733e+12,1.1717881558e+12,3.9950198569e+11,1.8479343643e+11,2.8226912816e+10,1.6453960576e+10,1.4504397264e+10,1.4113456408e+10,5.2499059631e+13,6.8576673210e+12,1.1600152036e+12,3.8772903345e+11,1.7302048419e+11,1.6453960576e+10,4.6810083357e+09,2.7314450238e+09,2.3405041678e+09,5.2497110067e+13,6.8557177577e+12,1.1580656403e+12,3.8577947014e+11,1.7107092088e+11,1.4504397264e+10,2.7314450238e+09,7.8188171192e+08,3.9094085596e+08
271,10000,10,9.5032898718e+13,5.3665842280e+13,4.8558848392e+13,4.7864868276e+13,4.7671296445e+13,4.7529283969e+13,4.7518642700e+13,4.7516837212e+13,4.7516449359e+13,5.3665842280e+13,1.2298785843e+13,7.1917919544e+12,6.4978118392e+12,6.3042400078e+12,6.1622275313e+12,6.1515862626e+12,6.1497807749e+12,6.1493929216e+12,4.8558848392e+13,7.1917919544e+12,2.0847980657e+12,1.3908179505e+12,1.1972461191e+12,1.0552336426e+12,1.0445923739e+12,1.0427868862e+12,1.0423990329e+12,4.7864868276e+13,6.4978118392e+12,1.3908179505e+12,6.9683783519e+11,5.0326600385e+11,3.6125352728e+11,3.5061225866e+11,3.4880677089e+11,3.4841891759e+11,4.7671296445e+13,6.3042400078e+12,1.1972461191e+12,5.0326600385e+11,3.0969417251e+11,1.6768169594e+11,1.5704042732e+11,1.5523493955e+11,1.5484708625e+11,4.7529283969e+13,6.1622275313e+12,1.0552336426e+12,3.6125352728e+11,1.6768169594e+11,2.5669219379e+10,1.5027950755e+10,1.3222462984e+10,1.2834609689e+10,4.7518642700e+13,6.1515862626e+12,1.0445923739e+12,3.5061225866e+11,1.5704042732e+11,1.5027950755e+10,4.3866821312e+09,2.5811943599e+09,2.1933410656e+09,4.7516837212e+13,6.1497807749e+12,1.0427868862e+12,3.4880677089e+11,1.5523493955e+11,1.3222462984e+10,2.5811943599e+09,7.7570658869e+08,3.8785329435e+08
272,10000,20,7.2012585512e+13,4.0407419414e+13,3.6732208253e+13,3.6247044564e+13,3.6113302196e+13,3.6015679906e+13,3.6008143094e+13,3.6006698619e+13,3.6006292756e+13,4.0407419414e+13,8.8022533165e+12,5.1270421551e+12,4.6418784663e+12,4.5081360983e+12,4.4105138081e+12,4.4029769957e+12,4.4015325215e+12,4.4011266582e+12,3.6732208253e+13,5.1270421551e+12,1.4518309937e+12,9.6666730495e+11,8.3292493693e+11,7.3530264671e+11,7.2776583432e+11,7.2632136008e+11,7.2591549686e+11,3.6247044564e+13,4.6418784663e+12,9.6666730495e+11,4.8150361618e+11,3.4776124816e+11,2.5013895794e+11,2.4260214554e+11,2.4115767130e+11,2.4075180809e+11,3.6113302196e+13,4.5081360983e+12,8.3292493693e+11,3.4776124816e+11,2.1401888013e+11,1.1639658992e+11,1.0885977752e+11,1.0741530328e+11,1.0700944007e+11,3.6015679906e+13,4.4105138081e+12,7.3530264671e+11,2.5013895794e+11,1.1639658992e+11,1.8774299696e+10,1.1237487301e+10,9.7930130634e+09,9.3871498481e+09,3.6008143094e+13,4.4029769957e+12,7.2776583432e+11,2.4260214554e+11,1.0885977752e+11,1.1237487301e+10,3.7006749064e+09,2.2562006685e+09,1.8503374532e+09,3.6006698619e+13,4.4015325215e+12,7.2632136008e+11,2.4115767130e+11,1.0741530328e+11,9.7930130634e+09,2.2562006685e+09,8.1172643060e+08,4.0586321530e+08
273,10000,30,4.9953551683e+13,2.7869568706e+13,2.5443848294e+13,2.5131339272e+13,2.5045954734e+13,2.4983581759e+13,2.4978443576e+13,2.4977227741e+13,2.4976775841e+13,2.7869568706e+13,5.7855857298e+12,3.3598653176e+12,3.0473562958e+12,2.9619717575e+12,2.8995987829e+12,2.8944605997e+12,2.8932447649e+12,2.8927928649e+12,2.5443848294e+13,3.3598653176e+12,9.3414490554e+11,6.2163588373e+11,5.3625134541e+11,4.7387837077e+11,4.6874018754e+11,4.6752435278e+11,4.6707245277e+11,2.5131339272e+13,3.0473562958e+12,6.2163588373e+11,3.0912686193e+11,2.2374232361e+11,1.6136934897e+11,1.5623116574e+11,1.5501533098e+11,1.5456343096e+11,2.5045954734e+13,2.9619717575e+12,5.3625134541e+11,2.2374232361e+11,1.3835778528e+11,7.5984810646e+10,7.0846627418e+10,6.9630792656e+10,6.9178892642e+10,2.4983581759e+13,2.8995987829e+12,4.7387837077e+11,1.6136934897e+11,7.5984810646e+10,1.3611836008e+10,8.4736527798e+09,7.2578180182e+09,6.8059180041e+09,2.4978443576e+13,2.8944605997e+12,4.6874018754e+11,1.5623116574e+11,7.0846627418e+10,8.4736527798e+09,3.3354695513e+09,2.1196347898e+09,1.6677347757e+09,2.4977227741e+13,2.8932447649e+12,4.6752435278e+11,1.5501533098e+11,6.9630792656e+10,7.2578180182e+09,2.1196347898e+09,9.0380002819e+08,4.5190001409e+08
274,10000,40,3.6437188785e+13,2.0328469613e+13,1.8561617693e+13,1.8333032066e+13,1.8270352210e+13,1.8224181473e+13,1.8220137721e+13,1.8219046140e+13,1.8218594393e+13,2.0328469613e+13,4.2197504401e+12,2.4528985201e+12,2.2243128935e+12,2.1616330373e+12,2.1154623000e+12,2.1114185480e+12,2.1103269672e+12,2.1098752200e+12,1.8561617693e+13,2.4528985201e+12,6.8604660009e+11,4.5746097348e+11,3.9478111727e+11,3.4861037996e+11,3.4456662804e+11,3.4347504721e+11,3.4302330005e+11,1.8333032066e+13,2.2243128935e+12,4.5746097348e+11,2.2887534686e+11,1.6619549065e+11,1.2002475335e+11,1.1598100142e+11,1.1488942059e+11,1.1443767343e+11,1.8270352210e+13,2.1616330373e+12,3.9478111727e+11,1.6619549065e+11,1.0351563444e+11,5.7344897137e+10,5.3301145214e+10,5.2209564383e+10,5.1757817222e+10,1.8224181473e+13,2.1154623000e+12,3.4861037996e+11,1.2002475335e+11,5.7344897137e+10,1.1174159831e+10,7.1304079073e+09,6.0388270771e+09,5.5870799153e+09,1.8220137721e+13,2.1114185480e+12,3.4456662804e+11,1.1598100142e+11,5.3301145214e+10,7.1304079073e+09,3.0866559839e+09,1.9950751537e+09,1.5433279919e+09,1.8219046140e+13,2.1103269672e+12,3.4347504721e+11,1.1488942059e+11,5.2209564383e+10,6.0388270771e+09,1.9950751537e+09,9.0349432349e+08,4.5174716175e+08
275,10000,50,2.9350610678e+13,1.6398177323e+13,1.4957437004e+13,1.4769902331e+13,1.4718327459e+13,1.4680130737e+13,1.4676685882e+13,1.4675716474e+13,1.4675305339e+13,1.6398177323e+13,3.4457439677e+12,2.0050036483e+12,1.8174689760e+12,1.7658941036e+12,1.7276973821e+12,1.7242525268e+12,1.7232831183e+12,1.7228719839e+12,1.4957437004e+13,2.0050036483e+12,5.6426332898e+11,3.7672865660e+11,3.2515378424e+11,2.8695706278e+11,2.8351220747e+11,2.8254279897e+11,2.8213166449e+11,1.4769902331e+13,1.8174689760e+12,3.7672865660e+11,1.8919398422e+11,1.3761911186e+11,9.9422390400e+10,9.5977535090e+10,9.5008126589e+10,9.4596992108e+10,1.4718327459e+13,1.7658941036e+12,3.2515378424e+11,1.3761911186e+11,8.6044239507e+10,4.7847518046e+10,4.4402662736e+10,4.3433254234e+10,4.3022119753e+10,1.4680130737e+13,1.7276973821e+12,2.8695706278e+11,9.9422390400e+10,4.7847518046e+10,9.6507965848e+09,6.2059412748e+09,5.2365327731e+09,4.8253982924e+09,1.4676685882e+13,1.7242525268e+12,2.8351220747e+11,9.5977535090e+10,4.4402662736e+10,6.2059412748e+09,2.7610859648e+09,1.7916774631e+09,1.3805429824e+09,1.4675716474e+13,1.7232831183e+12,2.8254279897e+11,9.5008126589e+10,4.3433254234e+10,5.2365327731e+09,1.7916774631e+09,8.2226896131e+08,4.1113448065e+08
276,10000,60,2.5534083762e+13,1.4273548371e+13,1.3014127991e+13,1.2849859048e+13,1.2804649205e+13,1.2771171487e+13,1.2768188243e+13,1.2767378367e+13,1.2767041881e+13,1.4273548371e+13,3.0130129801e+12,1.7535925996e+12,1.5893236568e+12,1.5441138137e+12,1.5106360954e+12,1.5076528519e+12,1.5068429758e+12,1.5065064901e+12,1.3014127991e+13,1.7535925996e+12,4.9417221911e+11,3.2990327628e+11,2.8469343316e+11,2.5121571490e+11,2.4823247137e+11,2.4742259533e+11,2.4708610956e+11,1.2849859048e+13,1.5893236568e+12,3.2990327628e+11,1.6563433345e+11,1.2042449033e+11,8.6946772069e+10,8.3963528537e+10,8.3153652499e+10,8.2817166724e+10,1.2804649205e+13,1.5441138137e+12,2.8469343316e+11,1.2042449033e+11,7.5214647210e+10,4.1736928950e+10,3.8753685418e+10,3.7943809381e+10,3.7607323605e+10,1.2771171487e+13,1.5106360954e+12,2.5121571490e+11,8.6946772069e+10,4.1736928950e+10,8.2592106907e+09,5.2759671583e+09,4.4660911210e+09,4.1296053453e+09,1.2768188243e+13,1.5076528519e+12,2.4823247137e+11,8.3963528537e+10,3.8753685418e+10,5.2759671583e+09,2.2927236259e+09,1.4828475886e+09,1.1463618129e+09,1.2767378367e+13,1.5068429758e+12,2.4742259533e+11,8.3153652499e+10,3.7943809381e+10,4.4660911210e+09,1.4828475886e+09,6.7297155140e+08,3.3648577570e+08
277,10000,70,2.3339610625e+13,1.3049642612e+13,1.1896241627e+13,1.1745661105e+13,1.1704208390e+13,1.1673533142e+13,1.1670825466e+13,1.1670104930e+13,1.1669805312e+13,1.3049642612e+13,2.7596745981e+12,1.6062736131e+12,1.4556930913e+12,1.4142403763e+12,1.3835651289e+12,1.3808574528e+12,1.3801369162e+12,1.3798372991e+12,1.1896241627e+13,1.6062736131e+12,4.5287262807e+11,3.0229210628e+11,2.6083939130e+11,2.3016414389e+11,2.2745646774e+11,2.2673593123e+11,2.2643631404e+11,1.1745661105e+13,1.4556930913e+12,3.0229210628e+11,1.5171158448e+11,1.1025886951e+11,7.9583622095e+10,7.6875945947e+10,7.6155409434e+10,7.5855792241e+10,1.1704208390e+13,1.4142403763e+12,2.6083939130e+11,1.1025886951e+11,6.8806154529e+10,3.8130907119e+10,3.5423230971e+10,3.4702694458e+10,3.4403077265e+10,1.1673533142e+13,1.3835651289e+12,2.3016414389e+11,7.9583622095e+10,3.8130907119e+10,7.4556597080e+09,4.7479835600e+09,4.0274470477e+09,3.7278298540e+09,1.1670825466e+13,1.3808574528e+12,2.2745646774e+11,7.6875945947e+10,3.5423230971e+10,4.7479835600e+09,2.0403074119e+09,1.3197708997e+09,1.0201537059e+09,1.1670104930e+13,1.3801369162e+12,2.2673593123e+11,7.6155409434e+10,3.4702694458e+10,4.0274470477e+09,1.3197708997e+09,5.9923438742e+08,2.9961719371e+08
278,10000,80,2.2176913392e+13,1.2400678445e+13,1.1303869474e+13,1.1160623647e+13,1.1121183342e+13,1.1091994135e+13,1.1089421820e+13,1.1088740803e+13,1.1088456696e+13,1.2400678445e+13,2.6244434983e+12,1.5276345266e+12,1.3843887003e+12,1.3449483952e+12,1.3157591881e+12,1.3131868733e+12,1.3125058563e+12,1.3122217492e+12,1.1303869474e+13,1.5276345266e+12,4.3082555494e+11,2.8757972857e+11,2.4813942349e+11,2.1895021637e+11,2.1637790159e+11,2.1569688456e+11,2.1541277747e+11,1.1160623647e+13,1.3843887003e+12,2.8757972857e+11,1.4433390221e+11,1.0489359712e+11,7.5704390001e+10,7.3132075227e+10,7.2451058200e+10,7.2166951103e+10,1.1121183342e+13,1.3449483952e+12,2.4813942349e+11,1.0489359712e+11,6.5453292037e+10,3.6264084917e+10,3.3691770143e+10,3.3010753115e+10,3.2726646018e+10,1.1091994135e+13,1.3157591881e+12,2.1895021637e+11,7.5704390001e+10,3.6264084917e+10,7.0748777966e+09,4.5025630231e+09,3.8215459952e+09,3.5374388983e+09,1.1089421820e+13,1.3131868733e+12,2.1637790159e+11,7.3132075227e+10,3.3691770143e+10,4.5025630231e+09,1.9302482496e+09,1.2492312217e+09,9.6512412478e+08,1.1088740803e+13,1.3125058563e+12,2.1569688456e+11,7.2451058200e+10,3.3010753115e+10,3.8215459952e+09,1.2492312217e+09,5.6821419381e+08,2.8410709690e+08
279,10000,90,2.1816625976e+13,1.2199473369e+13,1.1120279995e+13,1.0979325296e+13,1.0940515006e+13,1.0911791707e+13,1.0909261384e+13,1.0908592389e+13,1.0908312988e+13,1.2199473369e+13,2.5823207614e+12,1.5031273879e+12,1.3621726884e+12,1.3233623987e+12,1.2946390997e+12,1.2921087770e+12,1.2914397814e+12,1.2911603807e+12,1.1120279995e+13,1.5031273879e+12,4.2393401445e+11,2.8297931499e+11,2.4416902522e+11,2.1544572620e+11,2.1291540358e+11,2.1224640799e+11,2.1196700722e+11,1.0979325296e+13,1.3621726884e+12,2.8297931499e+11,1.4202461552e+11,1.0321432576e+11,7.4491026733e+10,7.1960704121e+10,7.1291708526e+10,7.1012307761e+10,1.0940515006e+13,1.3233623987e+12,2.4416902522e+11,1.0321432576e+11,6.4404035992e+10,3.5680736968e+10,3.3150414356e+10,3.2481418760e+10,3.2202017996e+10,1.0911791707e+13,1.2946390997e+12,2.1544572620e+11,7.4491026733e+10,3.5680736968e+10,6.9574379443e+09,4.4271153324e+09,3.7581197367e+09,3.4787189722e+09,1.0909261384e+13,1.2921087770e+12,2.1291540358e+11,7.1960704121e+10,3.3150414356e+10,4.4271153324e+09,1.8967927204e+09,1.2277971247e+09,9.4839636021e+08,1.0908592389e+13,1.2914397814e+12,2.1224640799e+11,7.1291708526e+10,3.2481418760e+10,3.7581197367e+09,1.2277971247e+09,5.5880152908e+08,2.7940076454e+08
280,12500,0,1.0789218884e+14,5.7681755281e+13,5.4290635370e+13,5.4032797485e+13,5.3980425372e+13,5.3950020982e+13,5.3947676546e+13,5.3946672228e+13,5.3946094419e+13,5.7681755281e+13,7.4713217248e+12,4.0802018138e+12,3.8223639288e+12,3.7699918161e+12,3.7395874258e+12,3.7372429901e+12,3.7362386720e+12,3.7356608624e+12,5.4290635370e+13,4.0802018138e+12,6.8908190283e+11,4.3124401781e+11,3.7887190509e+11,3.4846751477e+11,3.4612307909e+11,3.4511876106e+11,3.4454095142e+11,5.4032797485e+13,3.8223639288e+12,4.3124401781e+11,1.7340613278e+11,1.2103402006e+11,9.0629629745e+10,8.8285194059e+10,8.7280876033e+10,8.6703066388e+10,5.3980425372e+13,3.7699918161e+12,3.7887190509e+11,1.2103402006e+11,6.8661907350e+10,3.8257517032e+10,3.5913081346e+10,3.4908763320e+10,3.4330953675e+10,5.3950020982e+13,3.7395874258e+12,3.4846751477e+11,9.0629629745e+10,3.8257517032e+10,7.8531267146e+09,5.5086910281e+09,4.5043730025e+09,3.9265633573e+09,5.3947676546e+13,3.7372429901e+12,3.4612307909e+11,8.8285194059e+10,3.5913081346e+10,5.5086910281e+09,3.1642553416e+09,2.1599373160e+09,1.5821276708e+09,5.3946672228e+13,3.7362386720e+12,3.4511876106e+11,8.7280876033e+10,3.4908763320e+10,4.5043730025e+09,2.1599373160e+09,1.1556192903e+09,5.7780964515e+08
281,12500,10,9.6612361449e+13,5.1639534023e+13,4.8617334214e+13,4.8385245244e+13,4.8337855597e+13,4.8310163520e+13,4.8307861419e+13,4.8306806722e+13,4.8306180725e+13,5.1639534023e+13,6.6667065959e+12,3.6445067873e+12,3.4124178171e+12,3.3650281707e+12,3.3373360931e+12,3.3350339923e+12,3.3339792954e+12,3.3333532979e+12,4.8617334214e+13,3.6445067873e+12,6.2230697881e+11,3.9021800861e+11,3.4282836217e+11,3.1513628460e+11,3.1283418374e+11,3.1177948686e+11,3.1115348940e+11,4.8385245244e+13,3.4124178171e+12,3.9021800861e+11,1.5812903842e+11,1.1073939197e+11,8.3047314405e+10,8.0745213548e+10,7.9690516671e+10,7.9064519211e+10,4.8337855597e+13,3.3650281707e+12,3.4282836217e+11,1.1073939197e+11,6.3349745525e+10,3.5657667957e+10,3.3355567100e+10,3.2300870222e+10,3.1674872762e+10,4.8310163520e+13,3.3373360931e+12,3.1513628460e+11,8.3047314405e+10,3.5657667957e+10,7.9655903891e+09,5.6634895321e+09,4.6087926544e+09,3.9827951945e+09,4.8307861419e+13,3.3350339923e+12,3.1283418374e+11,8.0745213548e+10,3.3355567100e+10,5.6634895321e+09,3.3613886751e+09,2.3066917974e+09,1.6806943375e+09,4.8306806722e+13,3.3339792954e+12,3.1177948686e+11,7.9690516671e+10,3.2300870222e+10,4.6087926544e+09,2.3066917974e+09,1.2519949197e+09,6.2599745987e+08
282,12500,20,6.9681611935e+13,3.7140986442e+13,3.5054706356e+13,3.4896438465e+13,3.4864203941e+13,3.4844817642e+13,3.4842701222e+13,3.4841538125e+13,3.4840805967e+13,3.7140986442e+13,4.6003609495e+12,2.5140808635e+12,2.3558129722e+12,2.3235784486e+12,2.3041921495e+12,2.3020757291e+12,2.3009126328e+12,2.3001804747e+12,3.5054706356e+13,2.5140808635e+12,4.2780077757e+11,2.6953288624e+11,2.3729836266e+11,2.1791206352e+11,2.1579564313e+11,2.1463254687e+11,2.1390038878e+11,3.4896438465e+13,2.3558129722e+12,2.6953288624e+11,1.1126499492e+11,7.9030471337e+10,5.9644172202e+10,5.7527751808e+10,5.6364655552e+10,5.5632497460e+10,3.4864203941e+13,2.3235784486e+12,2.3729836266e+11,7.9030471337e+10,4.6795947753e+10,2.7409648619e+10,2.5293228225e+10,2.4130131969e+10,2.3397973877e+10,3.4844817642e+13,2.3041921495e+12,2.1791206352e+11,5.9644172202e+10,2.7409648619e+10,8.0233494840e+09,5.9069290899e+09,4.7438328339e+09,4.0116747420e+09,3.4842701222e+13,2.3020757291e+12,2.1579564313e+11,5.7527751808e+10,2.5293228225e+10,5.9069290899e+09,3.7905086959e+09,2.6274124399e+09,1.8952543480e+09,3.4841538125e+13,2.3009126328e+12,2.1463254687e+11,5.6364655552e+10,2.4130131969e+10,4.7438328339e+09,2.6274124399e+09,1.4643161839e+09,7.3215809194e+08
283,12500,30,4.6014516104e+13,2.4469518899e+13,2.3144082029e+13,2.3044466457e+13,2.3024121774e+13,2.3011201292e+13,2.3009236763e+13,2.3008017306e+13,2.3007258052e+13,2.4469518899e+13,2.9245216942e+12,1.5990848244e+12,1.4994692518e+12,1.4791245691e+12,1.4662040869e+12,1.4642395582e+12,1.4630201010e+12,1.4622608471e+12,2.3144082029e+13,1.5990848244e+12,2.7364795464e+11,1.7403238205e+11,1.5368769937e+11,1.4076721717e+11,1.3880268841e+11,1.3758323119e+11,1.3682397732e+11,2.3044466457e+13,1.4994692518e+12,1.7403238205e+11,7.4416809462e+10,5.4072126777e+10,4.1151644578e+10,3.9187115820e+10,3.7967658594e+10,3.7208404731e+10,2.3024121774e+13,1.4791245691e+12,1.5368769937e+11,5.4072126777e+10,3.3727444093e+10,2.0806961893e+10,1.8842433135e+10,1.7622975910e+10,1.6863722047e+10,2.3011201292e+13,1.4662040869e+12,1.4076721717e+11,4.1151644578e+10,2.0806961893e+10,7.8864796937e+09,5.9219509356e+09,4.7024937099e+09,3.9432398468e+09,2.3009236763e+13,1.4642395582e+12,1.3880268841e+11,3.9187115820e+10,1.8842433135e+10,5.9219509356e+09,3.9574221775e+09,2.7379649518e+09,1.9787110887e+09,2.3008017306e+13,1.4630201010e+12,1.3758323119e+11,3.7967658594e+10,1.7622975910e+10,4.7024937099e+09,2.7379649518e+09,1.5185077261e+09,7.5925386307e+08
284,12500,40,3.3519262262e+13,1.7835309533e+13,1.6861894579e+13,1.6788326680e+13,1.6773171058e+13,1.6763177239e+13,1.6761428936e+13,1.6760314900e+13,1.6759631131e+13,1.7835309533e+13,2.1513568043e+12,1.1779418498e+12,1.1043739508e+12,1.0892183288e+12,1.0792245098e+12,1.0774762065e+12,1.0763621712e+12,1.0756784021e+12,1.6861894579e+13,1.1779418498e+12,2.0452689530e+11,1.3095899635e+11,1.1580337429e+11,1.0580955527e+11,1.0406125200e+11,1.0294721675e+11,1.0226344765e+11,1.6788326680e+13,1.1043739508e+12,1.3095899635e+11,5.7391097409e+10,4.2235475351e+10,3.2241656330e+10,3.0493353056e+10,2.9379317809e+10,2.8695548704e+10,1.6773171058e+13,1.0892183288e+12,1.1580337429e+11,4.2235475351e+10,2.7079853293e+10,1.7086034273e+10,1.5337730998e+10,1.4223695751e+10,1.3539926647e+10,1.6763177239e+13,1.0792245098e+12,1.0580955527e+11,3.2241656330e+10,1.7086034273e+10,7.0922152516e+09,5.3439119772e+09,4.2298767304e+09,3.5461076258e+09,1.6761428936e+13,1.0774762065e+12,1.0406125200e+11,3.0493353056e+10,1.5337730998e+10,5.3439119772e+09,3.5956087028e+09,2.4815734560e+09,1.7978043514e+09,1.6760314900e+13,1.0763621712e+12,1.0294721675e+11,2.9379317809e+10,1.4223695751e+10,4.2298767304e+09,2.4815734560e+09,1.3675382092e+09,6.8376910462e+08
285,12500,50,2.7319792394e+13,1.4544824897e+13,1.3744698130e+13,1.3683929699e+13,1.3671340457e+13,1.3662905889e+13,1.3661398620e+13,1.3660459581e+13,1.3659896197e+13,1.4544824897e+13,1.7698573993e+12,9.6973063199e+11,9.0896220185e+11,8.9637295989e+11,8.8793839147e+11,8.8643112238e+11,8.8549208380e+11,8.8492869964e+11,1.3744698130e+13,9.6973063199e+11,1.6960386469e+11,1.0883543456e+11,9.6246192596e+10,8.7811624175e+10,8.6304355083e+10,8.5365316502e+10,8.4801932345e+10,1.3683929699e+13,9.0896220185e+11,1.0883543456e+11,4.8067004424e+10,3.5477762462e+10,2.7043194042e+10,2.5535924949e+10,2.4596886368e+10,2.4033502212e+10,1.3671340457e+13,8.9637295989e+11,9.6246192596e+10,3.5477762462e+10,2.2888520501e+10,1.4453952081e+10,1.2946682988e+10,1.2007644407e+10,1.1444260251e+10,1.3662905889e+13,8.8793839147e+11,8.7811624175e+10,2.7043194042e+10,1.4453952081e+10,6.0193836604e+09,4.5121145679e+09,3.5730759865e+09,3.0096918302e+09,1.3661398620e+13,8.8643112238e+11,8.6304355083e+10,2.5535924949e+10,1.2946682988e+10,4.5121145679e+09,3.0048454755e+09,2.0658068941e+09,1.5024227377e+09,1.3660459581e+13,8.8549208380e+11,8.5365316502e+10,2.4596886368e+10,1.2007644407e+10,3.5730759865e+09,2.0658068941e+09,1.1267683127e+09,5.6338415636e+08
286,12500,60,2.3869506991e+13,1.2709891190e+13,1.2008907709e+13,1.1955607100e+13,1.1944567669e+13,1.1937234146e+13,1.1935984187e+13,1.1935219684e+13,1.1934753496e+13,1.2709891190e+13,1.5502753881e+12,8.4929190739e+11,7.9599129829e+11,7.8495186750e+11,7.7761834480e+11,7.7636838587e+11,7.7560388248e+11,7.7513769403e+11,1.2008907709e+13,8.4929190739e+11,1.4830842673e+11,9.5007817620e+10,8.3968386835e+10,7.6634864134e+10,7.5384905203e+10,7.4620401813e+10,7.4154213363e+10,1.1955607100e+13,7.9599129829e+11,9.5007817620e+10,4.1707208514e+10,3.0667777729e+10,2.3334255028e+10,2.2084296097e+10,2.1319792707e+10,2.0853604257e+10,1.1944567669e+13,7.8495186750e+11,8.3968386835e+10,3.0667777729e+10,1.9628346945e+10,1.2294824243e+10,1.1044865312e+10,1.0280361922e+10,9.8141734723e+09,1.1937234146e+13,7.7761834480e+11,7.6634864134e+10,2.3334255028e+10,1.2294824243e+10,4.9613015422e+09,3.7113426111e+09,2.9468392211e+09,2.4806507711e+09,1.1935984187e+13,7.7636838587e+11,7.5384905203e+10,2.2084296097e+10,1.1044865312e+10,3.7113426111e+09,2.4613836800e+09,1.6968802900e+09,1.2306918400e+09,1.1935219684e+13,7.7560388248e+11,7.4620401813e+10,2.1319792707e+10,1.0280361922e+10,2.9468392211e+09,1.6968802900e+09,9.3237689996e+08,4.6618844998e+08
287,12500,70,2.1863463541e+13,1.1642623844e+13,1.0999736608e+13,1.0950813633e+13,1.0940678138e+13,1.0933962074e+13,1.0932837228e+13,1.0932153498e+13,1.0931731771e+13,1.1642623844e+13,1.4217841475e+12,7.7889691093e+11,7.2997393599e+11,7.1983844132e+11,7.1312237693e+11,7.1199753140e+11,7.1131380072e+11,7.1089207373e+11,1.0999736608e+13,7.7889691093e+11,1.3600967441e+11,8.7086699470e+10,7.6951204792e+10,7.0235140403e+10,6.9110294880e+10,6.8426564191e+10,6.8004837203e+10,1.0950813633e+13,7.2997393599e+11,8.7086699470e+10,3.8163724535e+10,2.8028229857e+10,2.1312165468e+10,2.0187319945e+10,1.9503589256e+10,1.9081862267e+10,1.0940678138e+13,7.1983844132e+11,7.6951204792e+10,2.8028229857e+10,1.7892735180e+10,1.1176670791e+10,1.0051825267e+10,9.3680945782e+09,8.9463675899e+09,1.0933962074e+13,7.1312237693e+11,7.0235140403e+10,2.1312165468e+10,1.1176670791e+10,4.4606064015e+09,3.3357608783e+09,2.6520301890e+09,2.2303032007e+09,1.0932837228e+13,7.1199753140e+11,6.9110294880e+10,2.0187319945e+10,1.0051825267e+10,3.3357608783e+09,2.2109153551e+09,1.5271846658e+09,1.1054576776e+09,1.0932153498e+13,7.1131380072e+11,6.8426564191e+10,1.9503589256e+10,9.3680945782e+09,2.6520301890e+09,1.5271846658e+09,8.4345397657e+08,4.2172698829e+08
288,12500,80,2.0791823547e+13,1.1072500155e+13,1.0460661773e+13,1.0414074427e+13,1.0404418837e+13,1.0398022181e+13,1.0396956911e+13,1.0396311427e+13,1.0395911774e+13,1.1072500155e+13,1.3531767622e+12,7.4133837985e+11,6.9475103460e+11,6.8509544413e+11,6.7869878879e+11,6.7763351835e+11,6.7698803388e+11,6.7658838109e+11,1.0460661773e+13,7.4133837985e+11,1.2949999751e+11,8.2912652268e+10,7.3257061793e+10,6.6860406455e+10,6.5795136014e+10,6.5149651545e+10,6.4749998755e+10,1.0414074427e+13,6.9475103460e+11,8.2912652268e+10,3.6325307025e+10,2.6669716550e+10,2.0273061212e+10,1.9207790772e+10,1.8562306303e+10,1.8162653513e+10,1.0404418837e+13,6.8509544413e+11,7.3257061793e+10,2.6669716550e+10,1.7014126076e+10,1.0617470737e+10,9.5522002970e+09,8.9067158281e+09,8.5070630379e+09,1.0398022181e+13,6.7869878879e+11,6.6860406455e+10,2.0273061212e+10,1.0617470737e+10,4.2208153991e+09,3.1555449586e+09,2.5100604897e+09,2.1104076995e+09,1.0396956911e+13,6.7763351835e+11,6.5795136014e+10,1.9207790772e+10,9.5522002970e+09,3.1555449586e+09,2.0902745182e+09,1.4447900493e+09,1.0451372591e+09,1.0396311427e+13,6.7698803388e+11,6.5149651545e+10,1.8562306303e+10,8.9067158281e+09,2.5100604897e+09,1.4447900493e+09,7.9930558040e+08,3.9965279020e+08
289,12500,90,2.0456541679e+13,1.0894034524e+13,1.0291986864e+13,1.0246143309e+13,1.0236641054e+13,1.0230345297e+13,1.0229298049e+13,1.0228664017e+13,1.0228270840e+13,1.0894034524e+13,1.3315273697e+12,7.2947970940e+11,6.8363615401e+11,6.7413389879e+11,6.6783814272e+11,6.6679089410e+11,6.6615686240e+11,6.6576368487e+11,1.0291986864e+13,7.2947970940e+11,1.2743204907e+11,8.1588493674e+10,7.2086238456e+10,6.5790482385e+10,6.4743233772e+10,6.4109202070e+10,6.3716024536e+10,1.0246143309e+13,6.8363615401e+11,8.1588493674e+10,3.5744938278e+10,2.6242683059e+10,1.9946926988e+10,1.8899678375e+10,1.8265646673e+10,1.7872469139e+10,1.0236641054e+13,6.7413389879e+11,7.2086238456e+10,2.6242683059e+10,1.6740427841e+10,1.0444671770e+10,9.3974231568e+09,8.7633914552e+09,8.3702139206e+09,1.0230345297e+13,6.6783814272e+11,6.5790482385e+10,1.9946926988e+10,1.0444671770e+10,4.1489156989e+09,3.1016670856e+09,2.4676353841e+09,2.0744578495e+09,1.0229298049e+13,6.6679089410e+11,6.4743233772e+10,1.8899678375e+10,9.3974231568e+09,3.1016670856e+09,2.0544184723e+09,1.4203867708e+09,1.0272092362e+09,1.0228664017e+13,6.6615686240e+11,6.4109202070e+10,1.8265646673e+10,8.7633914552e+09,2.4676353841e+09,1.4203867708e+09,7.8635506921e+08,3.9317753460e+08
290,15000,0,5.6150142100e+13,2.9019295818e+13,2.8135534150e+13,2.8092269423e+13,2.8085262792e+13,2.8079948662e+13,2.8077837739e+13,2.8076207348e+13,2.8075071050e+13,2.9019295818e+13,1.8884495366e+12,1.0046878688e+12,9.6142314110e+11,9.5441650996e+11,9.4910238045e+11,9.4699145778e+11,9.4536106664e+11,9.4422476830e+11,2.8135534150e+13,1.0046878688e+12,1.2092620100e+11,7.7661473300e+10,7.0654842159e+10,6.5340712653e+10,6.3229789978e+10,6.1599398837e+10,6.0463100501e+10,2.8092269423e+13,9.6142314110e+11,7.7661473300e+10,3.4396745599e+10,2.7390114458e+10,2.2075984952e+10,1.9965062277e+10,1.8334671136e+10,1.7198372799e+10,2.8085262792e+13,9.5441650996e+11,7.0654842159e+10,2.7390114458e+10,2.0383483318e+10,1.5069353811e+10,1.2958431136e+10,1.1328039995e+10,1.0191741659e+10,2.8079948662e+13,9.4910238045e+11,6.5340712653e+10,2.2075984952e+10,1.5069353811e+10,9.7552243044e+09,7.6443016293e+09,6.0139104889e+09,4.8776121522e+09,2.8077837739e+13,9.4699145778e+11,6.3229789978e+10,1.9965062277e+10,1.2958431136e+10,7.6443016293e+09,5.5333789542e+09,3.9029878138e+09,2.7666894771e+09,2.8076207348e+13,9.4536106664e+11,6.1599398837e+10,1.8334671136e+10,1.1328039995e+10,6.0139104889e+09,3.9029878138e+09,2.2725966734e+09,1.1362983367e+09
291,15000,10,4.9885785281e+13,2.5792578611e+13,2.4998895076e+13,2.4959687178e+13,2.4953190027e+13,2.4947939724e+13,2.4945758486e+13,2.4944068993e+13,2.4942892640e+13,2.5792578611e+13,1.6993719408e+12,9.0568840612e+11,8.6648050849e+11,8.5998335709e+11,8.5473305369e+11,8.5255181581e+11,8.5086232314e+11,8.4968597039e+11,2.4998895076e+13,9.0568840612e+11,1.1200487147e+11,7.2796973836e+10,6.6299822441e+10,6.1049519036e+10,5.8868281156e+10,5.7178788490e+10,5.6002435737e+10,2.4959687178e+13,8.6648050849e+11,7.2796973836e+10,3.3589076199e+10,2.7091924805e+10,2.1841621400e+10,1.9660383519e+10,1.7970890853e+10,1.6794538100e+10,2.4953190027e+13,8.5998335709e+11,6.6299822441e+10,2.7091924805e+10,2.0594773410e+10,1.5344470005e+10,1.3163232124e+10,1.1473739458e+10,1.0297386705e+10,2.4947939724e+13,8.5473305369e+11,6.1049519036e+10,2.1841621400e+10,1.5344470005e+10,1.0094166600e+10,7.9129287192e+09,6.2234360534e+09,5.0470832998e+09,2.4945758486e+13,8.5255181581e+11,5.8868281156e+10,1.9660383519e+10,1.3163232124e+10,7.9129287192e+09,5.7316908389e+09,4.0421981730e+09,2.8658454194e+09,2.4944068993e+13,8.5086232314e+11,5.7178788490e+10,1.7970890853e+10,1.1473739458e+10,6.2234360534e+09,4.0421981730e+09,2.3527055072e+09,1.1763527536e+09
292,15000,20,3.5015612084e+13,1.8086647991e+13,1.7548889843e+13,1.7522352785e+13,1.7517738032e+13,1.7513106719e+13,1.7510792451e+13,1.7509001731e+13,1.7507806042e+13,1.8086647991e+13,1.1576838969e+12,6.1992574891e+11,5.9338869149e+11,5.8877393868e+11,5.8414262476e+11,5.8182835680e+11,5.8003763712e+11,5.7884194845e+11,1.7548889843e+13,6.1992574891e+11,8.2167600909e+10,5.5630543498e+10,5.1015790686e+10,4.6384476760e+10,4.4070208807e+10,4.2279489126e+10,4.1083800455e+10,1.7522352785e+13,5.9338869149e+11,5.5630543498e+10,2.9093486086e+10,2.4478733275e+10,1.9847419349e+10,1.7533151396e+10,1.5742431714e+10,1.4546743043e+10,1.7517738032e+13,5.8877393868e+11,5.1015790686e+10,2.4478733275e+10,1.9863980464e+10,1.5232666538e+10,1.2918398584e+10,1.1127678903e+10,9.9319902320e+09,1.7513106719e+13,5.8414262476e+11,4.6384476760e+10,1.9847419349e+10,1.5232666538e+10,1.0601352612e+10,8.2870846583e+09,6.4963649771e+09,5.3006763059e+09,1.7510792451e+13,5.8182835680e+11,4.4070208807e+10,1.7533151396e+10,1.2918398584e+10,8.2870846583e+09,5.9728167048e+09,4.1820970235e+09,2.9864083524e+09,1.7509001731e+13,5.8003763712e+11,4.2279489126e+10,1.5742431714e+10,1.1127678903e+10,6.4963649771e+09,4.1820970235e+09,2.3913773423e+09,1.1956886711e+09
293,15000,30,2.2488854776e+13,1.1608969224e+13,1.1273285016e+13,1.1256552140e+13,1.1253402753e+13,1.1249427621e+13,1.1247202728e+13,1.1245509161e+13,1.1244427388e+13,1.1608969224e+13,7.2908367258e+11,3.9339946458e+11,3.7666658801e+11,3.7351720110e+11,3.6954206949e+11,3.6731717614e+11,3.6562360944e+11,3.6454183629e+11,1.1273285016e+13,3.9339946458e+11,5.7715256575e+10,4.0982380012e+10,3.7832993096e+10,3.3857861485e+10,3.1632968138e+10,2.9939401437e+10,2.8857628287e+10,1.1256552140e+13,3.7666658801e+11,4.0982380012e+10,2.4249503449e+10,2.1100116533e+10,1.7124984922e+10,1.4900091575e+10,1.3206524874e+10,1.2124751724e+10,1.1253402753e+13,3.7351720110e+11,3.7832993096e+10,2.1100116533e+10,1.7950729617e+10,1.3975598006e+10,1.1750704659e+10,1.0057137959e+10,8.9753648087e+09,1.1249427621e+13,3.6954206949e+11,3.3857861485e+10,1.7124984922e+10,1.3975598006e+10,1.0000466394e+10,7.7755730479e+09,6.0820063470e+09,5.0002331971e+09,1.1247202728e+13,3.6731717614e+11,3.1632968138e+10,1.4900091575e+10,1.1750704659e+10,7.7755730479e+09,5.5506797016e+09,3.8571130007e+09,2.7753398508e+09,1.1245509161e+13,3.6562360944e+11,2.9939401437e+10,1.3206524874e+10,1.0057137959e+10,6.0820063470e+09,3.8571130007e+09,2.1635462998e+09,1.0817731499e+09
294,15000,40,1.6409835502e+13,8.4761348604e+12,8.2280131160e+12,8.2152949936e+12,8.2127591201e+12,8.2092607171e+12,8.2072874846e+12,8.2058204621e+12,8.2049177512e+12,8.4761348604e+12,5.4243421851e+11,2.9431247404e+11,2.8159435169e+11,2.7905847817e+11,2.7556007517e+11,2.7358684267e+11,2.7211982019e+11,2.7121710926e+11,8.2280131160e+12,2.9431247404e+11,4.6190729559e+10,3.3472607216e+10,3.0936733689e+10,2.7438330698e+10,2.5465098194e+10,2.3998075712e+10,2.3095364780e+10,8.2152949936e+12,2.8159435169e+11,3.3472607216e+10,2.0754484872e+10,1.8218611345e+10,1.4720208354e+10,1.2746975850e+10,1.1279953368e+10,1.0377242436e+10,8.2127591201e+12,2.7905847817e+11,3.0936733689e+10,1.8218611345e+10,1.5682737818e+10,1.2184334827e+10,1.0211102323e+10,8.7440798411e+09,7.8413689090e+09,8.2092607171e+12,2.7556007517e+11,2.7438330698e+10,1.4720208354e+10,1.2184334827e+10,8.6859318359e+09,6.7126993317e+09,5.2456768500e+09,4.3429659179e+09,8.2072874846e+12,2.7358684267e+11,2.5465098194e+10,1.2746975850e+10,1.0211102323e+10,6.7126993317e+09,4.7394668276e+09,3.2724443459e+09,2.3697334138e+09,8.2058204621e+12,2.7211982019e+11,2.3998075712e+10,1.1279953368e+10,8.7440798411e+09,5.2456768500e+09,3.2724443459e+09,1.8054218642e+09,9.0271093211e+08
295,15000,50,1.3458623231e+13,6.9531656699e+12,6.7484069471e+12,6.7378131812e+12,6.7356819976e+12,6.7327703454e+12,6.7311815637e+12,6.7300237471e+12,6.7293116153e+12,6.9531656699e+12,4.4770810924e+11,2.4294938645e+11,2.3235562058e+11,2.3022443692e+11,2.2731278477e+11,2.2572400305e+11,2.2456618640e+11,2.2385405462e+11,6.7484069471e+12,2.4294938645e+11,3.8190663660e+10,2.7596897793e+10,2.5465714128e+10,2.2554061977e+10,2.0965280262e+10,1.9807463614e+10,1.9095331830e+10,6.7378131812e+12,2.3235562058e+11,2.7596897793e+10,1.7003131927e+10,1.4871948262e+10,1.1960296111e+10,1.0371514396e+10,9.2136977478e+09,8.5015659633e+09,6.7356819976e+12,2.3022443692e+11,2.5465714128e+10,1.4871948262e+10,1.2740764597e+10,9.8291124459e+09,8.2403307308e+09,7.0825140827e+09,6.3703822983e+09,6.7327703454e+12,2.2731278477e+11,2.2554061977e+10,1.1960296111e+10,9.8291124459e+09,6.9174602954e+09,5.3286785802e+09,4.1708619322e+09,3.4587301477e+09,6.7311815637e+12,2.2572400305e+11,2.0965280262e+10,1.0371514396e+10,8.2403307308e+09,5.3286785802e+09,3.7398968650e+09,2.5820802170e+09,1.8699484325e+09,6.7300237471e+12,2.2456618640e+11,1.9807463614e+10,9.2136977478e+09,7.0825140827e+09,4.1708619322e+09,2.5820802170e+09,1.4242635689e+09,7.1213178447e+08
296,15000,60,1.1787523155e+13,6.0901018186e+12,5.9103183170e+12,5.9009965187e+12,5.8991318106e+12,5.8966527389e+12,5.8953293851e+12,5.8943654555e+12,5.8937615775e+12,6.0901018186e+12,3.9268048216e+11,2.1289698054e+11,2.0357518229e+11,2.0171047419e+11,1.9923140249e+11,1.9790804871e+11,1.9694411904e+11,1.9634024108e+11,5.9103183170e+12,2.1289698054e+11,3.3113478927e+10,2.3791680677e+10,2.1926972570e+10,1.9447900876e+10,1.8124547099e+10,1.7160617429e+10,1.6556739464e+10,5.9009965187e+12,2.0357518229e+11,2.3791680677e+10,1.4469882426e+10,1.2605174320e+10,1.0126102625e+10,8.8027488481e+09,7.8388191780e+09,7.2349412130e+09,5.8991318106e+12,2.0171047419e+11,2.1926972570e+10,1.2605174320e+10,1.0740466213e+10,8.2613945189e+09,6.9380407418e+09,5.9741110717e+09,5.3702331067e+09,5.8966527389e+12,1.9923140249e+11,1.9447900876e+10,1.0126102625e+10,8.2613945189e+09,5.7823228245e+09,4.4589690474e+09,3.4950393773e+09,2.8911614122e+09,5.8953293851e+12,1.9790804871e+11,1.8124547099e+10,8.8027488481e+09,6.9380407418e+09,4.4589690474e+09,3.1356152703e+09,2.1716856001e+09,1.5678076351e+09,5.8943654555e+12,1.9694411904e+11,1.7160617429e+10,7.8388191780e+09,5.9741110717e+09,3.4950393773e+09,2.1716856001e+09,1.2077559300e+09,6.0387796501e+08
297,15000,70,1.0806746711e+13,5.5836283866e+12,5.4185615596e+12,5.4099773645e+12,5.4082583177e+12,5.4059913491e+12,5.4047943592e+12,5.4039235857e+12,5.4033733555e+12,5.5836283866e+12,3.6051006210e+11,1.9544323508e+11,1.8685903998e+11,1.8513999318e+11,1.8287302457e+11,1.8167603467e+11,1.8080526118e+11,1.8025503105e+11,5.4185615596e+12,1.9544323508e+11,3.0376408069e+10,2.1792212964e+10,2.0073166163e+10,1.7806197558e+10,1.6609207655e+10,1.5738434166e+10,1.5188204034e+10,5.4099773645e+12,1.8685903998e+11,2.1792212964e+10,1.3208017860e+10,1.1488971059e+10,9.2220024532e+09,8.0250125505e+09,7.1542390621e+09,6.6040089300e+09,5.4082583177e+12,1.8513999318e+11,2.0073166163e+10,1.1488971059e+10,9.7699242573e+09,7.5029556519e+09,6.3059657492e+09,5.4351922608e+09,4.8849621287e+09,5.4059913491e+12,1.8287302457e+11,1.7806197558e+10,9.2220024532e+09,7.5029556519e+09,5.2359870464e+09,4.0389971438e+09,3.1682236553e+09,2.6179935232e+09,5.4047943592e+12,1.8167603467e+11,1.6609207655e+10,8.0250125505e+09,6.3059657492e+09,4.0389971438e+09,2.8420072412e+09,1.9712337527e+09,1.4210036206e+09,5.4039235857e+12,1.8080526118e+11,1.5738434166e+10,7.1542390621e+09,5.4351922608e+09,3.1682236553e+09,1.9712337527e+09,1.1004602642e+09,5.5023013211e+08
298,15000,80,1.0282635429e+13,5.3129666054e+12,5.1558013550e+12,5.1476100056e+12,5.1459660727e+12,5.1438021848e+12,5.1426661298e+12,5.1418410755e+12,5.1413177146e+12,5.3129666054e+12,3.4329778162e+11,1.8613253118e+11,1.7794118180e+11,1.7629724889e+11,1.7413336098e+11,1.7299730601e+11,1.7217225163e+11,1.7164889081e+11,5.1558013550e+12,1.8613253118e+11,2.8967280740e+10,2.0775931359e+10,1.9131998453e+10,1.6968110544e+10,1.5832055576e+10,1.5007001190e+10,1.4483640370e+10,5.1476100056e+12,1.7794118180e+11,2.0775931359e+10,1.2584581977e+10,1.0940649072e+10,8.7767611632e+09,7.6407061952e+09,6.8156518093e+09,6.2922909887e+09,5.1459660727e+12,1.7629724889e+11,1.9131998453e+10,1.0940649072e+10,9.2967161673e+09,7.1328282582e+09,5.9967732902e+09,5.1717189043e+09,4.6483580837e+09,5.1438021848e+12,1.7413336098e+11,1.6968110544e+10,8.7767611632e+09,7.1328282582e+09,4.9689403491e+09,3.8328853810e+09,3.0078309951e+09,2.4844701745e+09,5.1426661298e+12,1.7299730601e+11,1.5832055576e+10,7.6407061952e+09,5.9967732902e+09,3.8328853810e+09,2.6968304130e+09,1.8717760271e+09,1.3484152065e+09,5.1418410755e+12,1.7217225163e+11,1.5007001190e+10,6.8156518093e+09,5.1717189043e+09,3.0078309951e+09,1.8717760271e+09,1.0467216412e+09,5.2336082059e+08
299,15000,90,1.0116796949e+13,5.2273202560e+12,5.0726605792e+12,5.0645939252e+12,5.0629737114e+12,5.0608418066e+12,5.0597245018e+12,5.0589135155e+12,5.0583984745e+12,5.2273202560e+12,3.3784356313e+11,1.8318388633e+11,1.7511723225e+11,1.7349701853e+11,1.7136511374e+11,1.7024780893e+11,1.6943682259e+11,1.6892178156e+11,5.0726605792e+12,1.8318388633e+11,2.8524209540e+10,2.0457555453e+10,1.8837341738e+10,1.6705436943e+10,1.5588132140e+10,1.4777145799e+10,1.4262104770e+10,5.0645939252e+12,1.7511723225e+11,2.0457555453e+10,1.2390901365e+10,1.0770687651e+10,8.6387828552e+09,7.5214780523e+09,6.7104917116e+09,6.1954506827e+09,5.0629737114e+12,1.7349701853e+11,1.8837341738e+10,1.0770687651e+10,9.1504739357e+09,7.0185691404e+09,5.9012643375e+09,5.0902779968e+09,4.5752369679e+09,5.0608418066e+12,1.7136511374e+11,1.6705436943e+10,8.6387828552e+09,7.0185691404e+09,4.8866643450e+09,3.7693595421e+09,2.9583732015e+09,2.4433321725e+09,5.0597245018e+12,1.7024780893e+11,1.5588132140e+10,7.5214780523e+09,5.9012643375e+09,3.7693595421e+09,2.6520547392e+09,1.8410683986e+09,1.3260273696e+09,5.0589135155e+12,1.6943682259e+11,1.4777145799e+10,6.7104917116e+09,5.0902779968e+09,2.9583732015e+09,1.8410683986e+09,1.0300820579e+09,5.1504102894e+08
300,17500,0,1.6627486053e+13,8.4447702826e+12,8.3304909671e+12,8.3261518620e+12,8.3247508965e+12,8.3206510834e+12,8.3176774015e+12,8.3153282850e+12,8.3137430264e+12,8.4447702826e+12,2.6205451246e+11,1.4777519697e+11,1.4343609184e+11,1.4203512631e+11,1.3793531326e+11,1.3496163129e+11,1.3261251486e+11,1.3102725623e+11,8.3304909671e+12,1.4777519697e+11,3.3495881483e+10,2.9156776352e+10,2.7755810822e+10,2.3655997774e+10,2.0682315803e+10,1.8333199373e+10,1.6747940742e+10,8.3261518620e+12,1.4343609184e+11,2.9156776352e+10,2.4817671221e+10,2.3416705691e+10,1.9316892643e+10,1.6343210672e+10,1.3994094242e+10,1.2408835611e+10,8.3247508965e+12,1.4203512631e+11,2.7755810822e+10,2.3416705691e+10,2.2015740160e+10,1.7915927112e+10,1.4942245141e+10,1.2593128711e+10,1.1007870080e+10,8.3206510834e+12,1.3793531326e+11,2.3655997774e+10,1.9316892643e+10,1.7915927112e+10,1.3816114065e+10,1.0842432094e+10,8.4933156636e+09,6.9080570324e+09,8.3176774015e+12,1.3496163129e+11,2.0682315803e+10,1.6343210672e+10,1.4942245141e+10,1.0842432094e+10,7.8687501224e+09,5.5196336923e+09,3.9343750612e+09,8.3153282850e+12,1.3261251486e+11,1.8333199373e+10,1.3994094242e+10,1.2593128711e+10,8.4933156636e+09,5.5196336923e+09,3.1705172623e+09,1.5852586311e+09
301,17500,10,1.4919264923e+13,7.5825477545e+12,7.4764580325e+12,7.4722640511e+12,7.4708442580e+12,7.4666404419e+12,7.4635956046e+12,7.4612041525e+12,7.4596324617e+12,7.5825477545e+12,2.4583058557e+11,1.3974086360e+11,1.3554688211e+11,1.3412708905e+11,1.2992327293e+11,1.2687843566e+11,1.2448698358e+11,1.2291529279e+11,7.4764580325e+12,1.3974086360e+11,3.3651141635e+10,2.9457160144e+10,2.8037367079e+10,2.3833550960e+10,2.0788713695e+10,1.8397261615e+10,1.6825570817e+10,7.4722640511e+12,1.3554688211e+11,2.9457160144e+10,2.5263178653e+10,2.3843385588e+10,1.9639569470e+10,1.6594732204e+10,1.4203280124e+10,1.2631589327e+10,7.4708442580e+12,1.3412708905e+11,2.8037367079e+10,2.3843385588e+10,2.2423592522e+10,1.8219776404e+10,1.5174939139e+10,1.2783487059e+10,1.1211796261e+10,7.4666404419e+12,1.2992327293e+11,2.3833550960e+10,1.9639569470e+10,1.8219776404e+10,1.4015960286e+10,1.0971123021e+10,8.5796709403e+09,7.0079801429e+09,7.4635956046e+12,1.2687843566e+11,2.0788713695e+10,1.6594732204e+10,1.5174939139e+10,1.0971123021e+10,7.9262857552e+09,5.5348336750e+09,3.9631428776e+09,7.4612041525e+12,1.2448698358e+11,1.8397261615e+10,1.4203280124e+10,1.2783487059e+10,8.5796709403e+09,5.5348336750e+09,3.1433815948e+09,1.5716907974e+09
302,17500,20,1.0251899255e+13,5.2122807004e+12,5.1416010617e+12,5.1383388392e+12,5.1369901968e+12,5.1327617845e+12,5.1297196408e+12,5.1273865067e+12,5.1259496276e+12,5.2122807004e+12,1.7266214556e+11,1.0198250685e+11,9.8720284359e+10,9.7371641908e+10,9.3143229700e+10,9.0101085967e+10,8.7767951850e+10,8.6331072781e+10,5.1416010617e+12,1.0198250685e+11,3.1302868132e+10,2.8040645644e+10,2.6692003193e+10,2.2463590985e+10,1.9421447252e+10,1.7088313136e+10,1.5651434066e+10,5.1383388392e+12,9.8720284359e+10,2.8040645644e+10,2.4778423156e+10,2.3429780705e+10,1.9201368497e+10,1.6159224764e+10,1.3826090648e+10,1.2389211578e+10,5.1369901968e+12,9.7371641908e+10,2.6692003193e+10,2.3429780705e+10,2.2081138254e+10,1.7852726046e+10,1.4810582313e+10,1.2477448197e+10,1.1040569127e+10,5.1327617845e+12,9.3143229700e+10,2.2463590985e+10,1.9201368497e+10,1.7852726046e+10,1.3624313838e+10,1.0582170105e+10,8.2490359887e+09,6.8121569191e+09,5.1297196408e+12,9.0101085967e+10,1.9421447252e+10,1.6159224764e+10,1.4810582313e+10,1.0582170105e+10,7.5400263723e+09,5.2068922557e+09,3.7700131861e+09,5.1273865067e+12,8.7767951850e+10,1.7088313136e+10,1.3826090648e+10,1.2477448197e+10,8.2490359887e+09,5.2068922557e+09,2.8737581392e+09,1.4368790696e+09
303,17500,30,6.4504672634e+12,3.2827784205e+12,3.2387129602e+12,3.2362315199e+12,3.2350317947e+12,3.2311814233e+12,3.2284624291e+12,3.2264280435e+12,3.2252336317e+12,3.2827784205e+12,1.1508957767e+11,7.1024117389e+10,6.8542677010e+10,6.7342951819e+10,6.3492580461e+10,6.0773586200e+10,5.8739200678e+10,5.7544788835e+10,3.2387129602e+12,7.1024117389e+10,2.6958657107e+10,2.4477216729e+10,2.3277491537e+10,1.9427120180e+10,1.6708125919e+10,1.4673740397e+10,1.3479328554e+10,3.2362315199e+12,6.8542677010e+10,2.4477216729e+10,2.1995776350e+10,2.0796051158e+10,1.6945679801e+10,1.4226685540e+10,1.2192300018e+10,1.0997888175e+10,3.2350317947e+12,6.7342951819e+10,2.3277491537e+10,2.0796051158e+10,1.9596325967e+10,1.5745954610e+10,1.3026960349e+10,1.0992574826e+10,9.7981629835e+09,3.2311814233e+12,6.3492580461e+10,1.9427120180e+10,1.6945679801e+10,1.5745954610e+10,1.1895583252e+10,9.1765889914e+09,7.1422034689e+09,5.9477916260e+09,3.2284624291e+12,6.0773586200e+10,1.6708125919e+10,1.4226685540e+10,1.3026960349e+10,9.1765889914e+09,6.4575947306e+09,4.4232092081e+09,3.2287973653e+09,3.2264280435e+12,5.8739200678e+10,1.4673740397e+10,1.2192300018e+10,1.0992574826e+10,7.1422034689e+09,4.4232092081e+09,2.3888236856e+09,1.1944118428e+09
304,17500,40,4.7491641713e+12,2.4195866822e+12,2.3860362864e+12,2.3838574729e+12,2.3827746140e+12,2.3794333511e+12,2.3771702047e+12,2.3755249954e+12,2.3745820857e+12,2.4195866822e+12,9.0009193124e+10,5.6458797335e+10,5.4279983845e+10,5.3197124927e+10,4.9855862022e+10,4.7592715595e+10,4.5947506305e+10,4.5004596562e+10,2.3860362864e+12,5.6458797335e+10,2.2908401545e+10,2.0729588056e+10,1.9646729138e+10,1.6305466233e+10,1.4042319805e+10,1.2397110515e+10,1.1454200773e+10,2.3838574729e+12,5.4279983845e+10,2.0729588056e+10,1.8550774566e+10,1.7467915648e+10,1.4126652743e+10,1.1863506316e+10,1.0218297026e+10,9.2753872831e+09,2.3827746140e+12,5.3197124927e+10,1.9646729138e+10,1.7467915648e+10,1.6385056730e+10,1.3043793825e+10,1.0780647398e+10,9.1354381076e+09,8.1925283651e+09,2.3794333511e+12,4.9855862022e+10,1.6305466233e+10,1.4126652743e+10,1.3043793825e+10,9.7025309207e+09,7.4393844931e+09,5.7941752028e+09,4.8512654603e+09,2.3771702047e+12,4.7592715595e+10,1.4042319805e+10,1.1863506316e+10,1.0780647398e+10,7.4393844931e+09,5.1762380655e+09,3.5310287752e+09,2.5881190328e+09,2.3755249954e+12,4.5947506305e+10,1.2397110515e+10,1.0218297026e+10,9.1354381076e+09,5.7941752028e+09,3.5310287752e+09,1.8858194849e+09,9.4290974245e+08
305,17500,50,3.9110118057e+12,1.9927143383e+12,1.9647677906e+12,1.9629151968e+12,1.9620140074e+12,1.9593197824e+12,1.9575375016e+12,1.9562530262e+12,1.9555059029e+12,1.9927143383e+12,7.4416870843e+10,4.6470323173e+10,4.4617729333e+10,4.3716539995e+10,4.1022314939e+10,3.9240034183e+10,3.7955558749e+10,3.7208435421e+10,1.9647677906e+12,4.6470323173e+10,1.8523775503e+10,1.6671181663e+10,1.5769992325e+10,1.3075767269e+10,1.1293486513e+10,1.0009011079e+10,9.2618877513e+09,1.9629151968e+12,4.4617729333e+10,1.6671181663e+10,1.4818587824e+10,1.3917398486e+10,1.1223173429e+10,9.4408926739e+09,8.1564172399e+09,7.4092939121e+09,1.9620140074e+12,4.3716539995e+10,1.5769992325e+10,1.3917398486e+10,1.3016209147e+10,1.0321984091e+10,8.5397033355e+09,7.2552279015e+09,6.5081045737e+09,1.9593197824e+12,4.1022314939e+10,1.3075767269e+10,1.1223173429e+10,1.0321984091e+10,7.6277590345e+09,5.8454782791e+09,4.5610028451e+09,3.8138795173e+09,1.9575375016e+12,3.9240034183e+10,1.1293486513e+10,9.4408926739e+09,8.5397033355e+09,5.8454782791e+09,4.0631975236e+09,2.7787220896e+09,2.0315987618e+09,1.9562530262e+12,3.7955558749e+10,1.0009011079e+10,8.1564172399e+09,7.2552279015e+09,4.5610028451e+09,2.7787220896e+09,1.4942466557e+09,7.4712332783e+08
306,17500,60,3.4305683166e+12,1.7479698935e+12,1.7232823894e+12,1.7216309924e+12,1.7208423986e+12,1.7185335595e+12,1.7170209594e+12,1.7159289506e+12,1.7152841583e+12,1.7479698935e+12,6.5371470375e+10,4.0683966344e+10,3.9032569288e+10,3.8243975463e+10,3.5935136389e+10,3.4422536272e+10,3.3330527497e+10,3.2685735188e+10,1.7232823894e+12,4.0683966344e+10,1.5996462313e+10,1.4345065257e+10,1.3556471432e+10,1.1247632358e+10,9.7350322408e+09,8.6430234663e+09,7.9982311563e+09,1.7216309924e+12,3.9032569288e+10,1.4345065257e+10,1.2693668201e+10,1.1905074377e+10,9.5962353021e+09,8.0836351853e+09,6.9916264107e+09,6.3468341007e+09,1.7208423986e+12,3.8243975463e+10,1.3556471432e+10,1.1905074377e+10,1.1116480552e+10,8.8076414772e+09,7.2950413604e+09,6.2030325858e+09,5.5582402758e+09,1.7185335595e+12,3.5935136389e+10,1.1247632358e+10,9.5962353021e+09,8.8076414772e+09,6.4988024028e+09,4.9862022859e+09,3.8941935114e+09,3.2494012014e+09,1.7170209594e+12,3.4422536272e+10,9.7350322408e+09,8.0836351853e+09,7.2950413604e+09,4.9862022859e+09,3.4736021691e+09,2.3815933945e+09,1.7368010845e+09,1.7159289506e+12,3.3330527497e+10,8.6430234663e+09,6.9916264107e+09,6.2030325858e+09,3.8941935114e+09,2.3815933945e+09,1.2895846199e+09,6.4479230997e+08
307,17500,70,3.1473679313e+12,1.6038172530e+12,1.5810489311e+12,1.5795019525e+12,1.5787680961e+12,1.5766471989e+12,1.5752688916e+12,1.5742749634e+12,1.5736839656e+12,1.6038172530e+12,6.0266574816e+10,3.7498252897e+10,3.5951274291e+10,3.5217417867e+10,3.3096520702e+10,3.1718213334e+10,3.0724285216e+10,3.0133287408e+10,1.5810489311e+12,3.7498252897e+10,1.4729930978e+10,1.3182952372e+10,1.2449095948e+10,1.0328198783e+10,8.9498914150e+09,7.9559632972e+09,7.3649654891e+09,1.5795019525e+12,3.5951274291e+10,1.3182952372e+10,1.1635973767e+10,1.0902117342e+10,8.7812201770e+09,7.4029128092e+09,6.4089846914e+09,5.8179868833e+09,1.5787680961e+12,3.5217417867e+10,1.2449095948e+10,1.0902117342e+10,1.0168260917e+10,8.0473637524e+09,6.6690563846e+09,5.6751282668e+09,5.0841304587e+09,1.5766471989e+12,3.3096520702e+10,1.0328198783e+10,8.7812201770e+09,8.0473637524e+09,5.9264665875e+09,4.5481592197e+09,3.5542311018e+09,2.9632332937e+09,1.5752688916e+12,3.1718213334e+10,8.9498914150e+09,7.4029128092e+09,6.6690563846e+09,4.5481592197e+09,3.1698518518e+09,2.1759237340e+09,1.5849259259e+09,1.5742749634e+12,3.0724285216e+10,7.9559632972e+09,6.4089846914e+09,5.6751282668e+09,3.5542311018e+09,2.1759237340e+09,1.1819956162e+09,5.9099780811e+08
308,17500,80,2.9990733115e+12,1.5283584048e+12,1.5065827929e+12,1.5050886065e+12,1.5043820225e+12,1.5023549641e+12,1.5010441261e+12,1.5000999867e+12,1.4995366557e+12,1.5283584048e+12,5.7643498146e+10,3.5867886234e+10,3.4373699863e+10,3.3667115876e+10,3.1640057391e+10,3.0329219467e+10,2.9385080001e+10,2.8821749073e+10,1.5065827929e+12,3.5867886234e+10,1.4092274322e+10,1.2598087951e+10,1.1891503964e+10,9.8644454787e+09,8.5536075543e+09,7.6094680887e+09,7.0461371608e+09,1.5050886065e+12,3.4373699863e+10,1.2598087951e+10,1.1103901580e+10,1.0397317593e+10,8.3702591077e+09,7.0594211834e+09,6.1152817177e+09,5.5519507899e+09,1.5043820225e+12,3.3667115876e+10,1.1891503964e+10,1.0397317593e+10,9.6907336055e+09,7.6636751206e+09,6.3528371963e+09,5.4086977306e+09,4.8453668028e+09,1.5023549641e+12,3.1640057391e+10,9.8644454787e+09,8.3702591077e+09,7.6636751206e+09,5.6366166357e+09,4.3257787114e+09,3.3816392457e+09,2.8183083179e+09,1.5010441261e+12,3.0329219467e+10,8.5536075543e+09,7.0594211834e+09,6.3528371963e+09,4.3257787114e+09,3.0149407870e+09,2.0708013214e+09,1.5074703935e+09,1.5000999867e+12,2.9385080001e+10,7.6094680887e+09,6.1152817177e+09,5.4086977306e+09,3.3816392457e+09,2.0708013214e+09,1.1266618557e+09,5.6333092787e+08
309,17500,90,2.9507333508e+12,1.5037494297e+12,1.4823113496e+12,1.4808352221e+12,1.4801375066e+12,1.4781399294e+12,1.4768500936e+12,1.4759213739e+12,1.4753666754e+12,1.5037494297e+12,5.6765508555e+10,3.5327428428e+10,3.3851300963e+10,3.3153585466e+10,3.1156008285e+10,2.9866172481e+10,2.8937452721e+10,2.8382754277e+10,1.4823113496e+12,3.5327428428e+10,1.3889348302e+10,1.2413220837e+10,1.1715505340e+10,9.7179281584e+09,8.4280923545e+09,7.4993725944e+09,6.9446741510e+09,1.4808352221e+12,3.3851300963e+10,1.2413220837e+10,1.0937093371e+10,1.0239377875e+10,8.2418006931e+09,6.9519648892e+09,6.0232451291e+09,5.4685466857e+09,1.4801375066e+12,3.3153585466e+10,1.1715505340e+10,1.0239377875e+10,9.5416623780e+09,7.5440851964e+09,6.2542493925e+09,5.3255296324e+09,4.7708311890e+09,1.4781399294e+12,3.1156008285e+10,9.7179281584e+09,8.2418006931e+09,7.5440851964e+09,5.5465080148e+09,4.2566722109e+09,3.3279524508e+09,2.7732540074e+09,1.4768500936e+12,2.9866172481e+10,8.4280923545e+09,6.9519648892e+09,6.2542493925e+09,4.2566722109e+09,2.9668364069e+09,2.0381166468e+09,1.4834182035e+09,1.4759213739e+12,2.8937452721e+10,7.4993725944e+09,6.0232451291e+09,5.3255296324e+09,3.3279524508e+09,2.0381166468e+09,1.1093968867e+09,5.5469844337e+08
310,20000,0,3.6222282530e+12,1.8403516924e+12,1.8284473396e+12,1.8264371905e+12,1.8249327860e+12,1.8196311739e+12,1.8157485257e+12,1.8127774212e+12,1.8111141265e+12,1.8403516924e+12,5.8475131678e+10,4.6570778964e+10,4.4560629856e+10,4.3056225353e+10,3.7754613247e+10,3.3871965022e+10,3.0900860500e+10,2.9237565839e+10,1.8284473396e+12,4.6570778964e+10,3.4666426250e+10,3.2656277141e+10,3.1151872639e+10,2.5850260533e+10,2.1967612308e+10,1.8996507785e+10,1.7333213125e+10,1.8264371905e+12,4.4560629856e+10,3.2656277141e+10,3.0646128033e+10,2.9141723531e+10,2.3840111424e+10,1.9957463200e+10,1.6986358677e+10,1.5323064017e+10,1.8249327860e+12,4.3056225353e+10,3.1151872639e+10,2.9141723531e+10,2.7637319028e+10,2.2335706922e+10,1.8453058698e+10,1.5481954175e+10,1.3818659514e+10,1.8196311739e+12,3.7754613247e+10,2.5850260533e+10,2.3840111424e+10,2.2335706922e+10,1.7034094815e+10,1.3151446591e+10,1.0180342068e+10,8.5170474077e+09,1.8157485257e+12,3.3871965022e+10,2.1967612308e+10,1.9957463200e+10,1.8453058698e+10,1.3151446591e+10,9.2687983667e+09,6.2976938438e+09,4.6343991833e+09,1.8127774212e+12,3.0900860500e+10,1.8996507785e+10,1.6986358677e+10,1.5481954175e+10,1.0180342068e+10,6.2976938438e+09,3.3265893210e+09,1.6632946605e+09
311,20000,10,3.3012035781e+12,1.6791060656e+12,1.6677192982e+12,1.6657165306e+12,1.6642128713e+12,1.6589285262e+12,1.6550863168e+12,1.6521857676e+12,1.6506017891e+12,1.6791060656e+12,5.7008553130e+10,4.5621785763e+10,4.3619018113e+10,4.2115358777e+10,3.6831013740e+10,3.2988804279e+10,3.0088255093e+10,2.8504276565e+10,1.6677192982e+12,4.5621785763e+10,3.4235018395e+10,3.2232250746e+10,3.0728591409e+10,2.5444246373e+10,2.1602036912e+10,1.8701487725e+10,1.7117509198e+10,1.6657165306e+12,4.3619018113e+10,3.2232250746e+10,3.0229483096e+10,2.8725823760e+10,2.3441478723e+10,1.9599269262e+10,1.6698720076e+10,1.5114741548e+10,1.6642128713e+12,4.2115358777e+10,3.0728591409e+10,2.8725823760e+10,2.7222164424e+10,2.1937819387e+10,1.8095609926e+10,1.5195060739e+10,1.3611082212e+10,1.6589285262e+12,3.6831013740e+10,2.5444246373e+10,2.3441478723e+10,2.1937819387e+10,1.6653474351e+10,1.2811264889e+10,9.9107157027e+09,8.3267371753e+09,1.6550863168e+12,3.2988804279e+10,2.1602036912e+10,1.9599269262e+10,1.8095609926e+10,1.2811264889e+10,8.9690554281e+09,6.0685062415e+09,4.4845277141e+09,1.6521857676e+12,3.0088255093e+10,1.8701487725e+10,1.6698720076e+10,1.5195060739e+10,9.9107157027e+09,6.0685062415e+09,3.1679570549e+09,1.5839785275e+09
312,20000,20,2.2049374316e+12,1.1262263132e+12,1.1181511224e+12,1.1162870430e+12,1.1148675141e+12,1.1099206102e+12,1.1064036235e+12,1.1038207571e+12,1.1024687158e+12,1.1262263132e+12,4.7515194680e+10,3.9440003882e+10,3.7575924524e+10,3.6156395628e+10,3.1209491675e+10,2.7692505006e+10,2.5109638611e+10,2.3757597340e+10,1.1181511224e+12,3.9440003882e+10,3.1364813084e+10,2.9500733726e+10,2.8081204830e+10,2.3134300876e+10,1.9617314208e+10,1.7034447813e+10,1.5682406542e+10,1.1162870430e+12,3.7575924524e+10,2.9500733726e+10,2.7636654368e+10,2.6217125472e+10,2.1270221518e+10,1.7753234850e+10,1.5170368455e+10,1.3818327184e+10,1.1148675141e+12,3.6156395628e+10,2.8081204830e+10,2.6217125472e+10,2.4797596576e+10,1.9850692622e+10,1.6333705954e+10,1.3750839559e+10,1.2398798288e+10,1.1099206102e+12,3.1209491675e+10,2.3134300876e+10,2.1270221518e+10,1.9850692622e+10,1.4903788669e+10,1.1386802000e+10,8.8039356055e+09,7.4518943343e+09,1.1064036235e+12,2.7692505006e+10,1.9617314208e+10,1.7753234850e+10,1.6333705954e+10,1.1386802000e+10,7.8698153311e+09,5.2869489367e+09,3.9349076656e+09,1.1038207571e+12,2.5109638611e+10,1.7034447813e+10,1.5170368455e+10,1.3750839559e+10,8.8039356055e+09,5.2869489367e+09,2.7040825423e+09,1.3520412711e+09
313,20000,30,1.3773856127e+12,7.0849458761e+11,7.0234523153e+11,7.0055543797e+11,6.9924503851e+11,6.9487772393e+11,6.9189532392e+11,6.8977248764e+11,6.8869280637e+11,7.0849458761e+11,3.9603562487e+10,3.3454206406e+10,3.1664412848e+10,3.0354013390e+10,2.5986698810e+10,2.3004298800e+10,2.0881462514e+10,1.9801781244e+10,7.0234523153e+11,3.3454206406e+10,2.7304850326e+10,2.5515056768e+10,2.4204657310e+10,1.9837342730e+10,1.6854942719e+10,1.4732106433e+10,1.3652425163e+10,7.0055543797e+11,3.1664412848e+10,2.5515056768e+10,2.3725263210e+10,2.2414863752e+10,1.8047549172e+10,1.5065149161e+10,1.2942312875e+10,1.1862631605e+10,6.9924503851e+11,3.0354013390e+10,2.4204657310e+10,2.2414863752e+10,2.1104464293e+10,1.6737149713e+10,1.3754749703e+10,1.1631913417e+10,1.0552232147e+10,6.9487772393e+11,2.5986698810e+10,1.9837342730e+10,1.8047549172e+10,1.6737149713e+10,1.2369835133e+10,9.3874351230e+09,7.2645988369e+09,6.1849175667e+09,6.9189532392e+11,2.3004298800e+10,1.6854942719e+10,1.5065149161e+10,1.3754749703e+10,9.3874351230e+09,6.4050351126e+09,4.2821988265e+09,3.2025175563e+09,6.8977248764e+11,2.0881462514e+10,1.4732106433e+10,1.2942312875e+10,1.1631913417e+10,7.2645988369e+09,4.2821988265e+09,2.1593625404e+09,1.0796812702e+09
314,20000,40,1.0277263219e+12,5.2997170000e+11,5.2482198589e+11,5.2326908391e+11,5.2217158455e+11,5.1864056479e+11,5.1630955575e+11,5.1468668369e+11,5.1386316094e+11,5.2997170000e+11,3.2217078120e+10,2.7067364006e+10,2.5514462029e+10,2.4416962670e+10,2.0885942906e+10,1.8554933869e+10,1.6932061806e+10,1.6108539060e+10,5.2482198589e+11,2.7067364006e+10,2.1917649892e+10,2.0364747915e+10,1.9267248556e+10,1.5736228792e+10,1.3405219755e+10,1.1782347692e+10,1.0958824946e+10,5.2326908391e+11,2.5514462029e+10,2.0364747915e+10,1.8811845938e+10,1.7714346579e+10,1.4183326815e+10,1.1852317778e+10,1.0229445715e+10,9.4059229689e+09,5.2217158455e+11,2.4416962670e+10,1.9267248556e+10,1.7714346579e+10,1.6616847219e+10,1.3085827456e+10,1.0754818419e+10,9.1319463557e+09,8.3084236096e+09,5.1864056479e+11,2.0885942906e+10,1.5736228792e+10,1.4183326815e+10,1.3085827456e+10,9.5548076919e+09,7.2237986553e+09,5.6009265920e+09,4.7774038460e+09,5.1630955575e+11,1.8554933869e+10,1.3405219755e+10,1.1852317778e+10,1.0754818419e+10,7.2237986553e+09,4.8927896187e+09,3.2699175554e+09,2.4463948094e+09,5.1468668369e+11,1.6932061806e+10,1.1782347692e+10,1.0229445715e+10,9.1319463557e+09,5.6009265920e+09,3.2699175554e+09,1.6470454921e+09,8.2352274606e+08
315,20000,50,8.5017606612e+11,4.3840316767e+11,4.3393348719e+11,4.3261336907e+11,4.3170898415e+11,4.2887408586e+11,4.2702983053e+11,4.2574839377e+11,4.2508803306e+11,4.3840316767e+11,2.6630269220e+10,2.2160588740e+10,2.0840470622e+10,1.9936085697e+10,1.7101187412e+10,1.5256932082e+10,1.3975495315e+10,1.3315134610e+10,4.3393348719e+11,2.2160588740e+10,1.7690908260e+10,1.6370790141e+10,1.5466405216e+10,1.2631506931e+10,1.0787251602e+10,9.5058148349e+09,8.8454541298e+09,4.3261336907e+11,2.0840470622e+10,1.6370790141e+10,1.5050672023e+10,1.4146287098e+10,1.1311388813e+10,9.4671334835e+09,8.1856967166e+09,7.5253360115e+09,4.3170898415e+11,1.9936085697e+10,1.5466405216e+10,1.4146287098e+10,1.3241902173e+10,1.0407003888e+10,8.5627485584e+09,7.2813117915e+09,6.6209510864e+09,4.2887408586e+11,1.7101187412e+10,1.2631506931e+10,1.1311388813e+10,1.0407003888e+10,7.5721056031e+09,5.7278502735e+09,4.4464135067e+09,3.7860528015e+09,4.2702983053e+11,1.5256932082e+10,1.0787251602e+10,9.4671334835e+09,8.5627485584e+09,5.7278502735e+09,3.8835949440e+09,2.6021581771e+09,1.9417974720e+09,4.2574839377e+11,1.3975495315e+10,9.5058148349e+09,8.1856967166e+09,7.2813117915e+09,4.4464135067e+09,2.6021581771e+09,1.3207214102e+09,6.6036070512e+08
316,20000,60,7.4762976546e+11,3.8561592068e+11,3.8153419183e+11,3.8034237335e+11,3.7954370417e+11,3.7708340482e+11,3.7549576405e+11,3.7439127458e+11,3.7381488273e+11,3.8561592068e+11,2.3602075887e+10,1.9520347037e+10,1.8328528566e+10,1.7529859382e+10,1.5069560031e+10,1.3481919259e+10,1.2377429793e+10,1.1801037944e+10,3.8153419183e+11,1.9520347037e+10,1.5438618187e+10,1.4246799715e+10,1.3448130532e+10,1.0987831180e+10,9.4001904083e+09,8.2957009429e+09,7.7193090933e+09,3.8034237335e+11,1.8328528566e+10,1.4246799715e+10,1.3054981244e+10,1.2256312061e+10,9.7960127091e+09,8.2083719372e+09,7.1038824718e+09,6.5274906222e+09,3.7954370417e+11,1.7529859382e+10,1.3448130532e+10,1.2256312061e+10,1.1457642877e+10,8.9973435255e+09,7.4097027535e+09,6.3052132881e+09,5.7288214386e+09,3.7708340482e+11,1.5069560031e+10,1.0987831180e+10,9.7960127091e+09,8.9973435255e+09,6.5370441738e+09,4.9494034019e+09,3.8449139365e+09,3.2685220869e+09,3.7549576405e+11,1.3481919259e+10,9.4001904083e+09,8.2083719372e+09,7.4097027535e+09,4.9494034019e+09,3.3617626300e+09,2.2572731646e+09,1.6808813150e+09,3.7439127458e+11,1.2377429793e+10,8.2957009429e+09,7.1038824718e+09,6.3052132881e+09,3.8449139365e+09,2.2572731646e+09,1.1527836992e+09,5.7639184958e+08
317,20000,70,6.8715464081e+11,3.5458293118e+11,3.5071450898e+11,3.4958618892e+11,3.4884057025e+11,3.4657170489e+11,3.4511811661e+11,3.4410802452e+11,3.4357732040e+11,3.5458293118e+11,2.2011221551e+10,1.8142799346e+10,1.7014479289e+10,1.6268860619e+10,1.3999995256e+10,1.2546406978e+10,1.1536314893e+10,1.1005610776e+10,3.5071450898e+11,1.8142799346e+10,1.4274377141e+10,1.3146057085e+10,1.2400438414e+10,1.0131573051e+10,8.6779847730e+09,7.6678926879e+09,7.1371885707e+09,3.4958618892e+11,1.7014479289e+10,1.3146057085e+10,1.2017737028e+10,1.1272118357e+10,9.0032529945e+09,7.5496647160e+09,6.5395726309e+09,6.0088685138e+09,3.4884057025e+11,1.6268860619e+10,1.2400438414e+10,1.1272118357e+10,1.0526499686e+10,8.2576343237e+09,6.8040460452e+09,5.7939539601e+09,5.2632498430e+09,3.4657170489e+11,1.3999995256e+10,1.0131573051e+10,9.0032529945e+09,8.2576343237e+09,5.9887689615e+09,4.5351806830e+09,3.5250885979e+09,2.9943844807e+09,3.4511811661e+11,1.2546406978e+10,8.6779847730e+09,7.5496647160e+09,6.8040460452e+09,4.5351806830e+09,3.0815924045e+09,2.0715003194e+09,1.5407962022e+09,3.4410802452e+11,1.1536314893e+10,7.6678926879e+09,6.5395726309e+09,5.7939539601e+09,3.5250885979e+09,2.0715003194e+09,1.0614082343e+09,5.3070411717e+08
318,20000,80,6.5542389305e+11,3.3830482007e+11,3.3454857068e+11,3.3345317970e+11,3.3273487810e+11,3.3056437352e+11,3.2917987323e+11,3.2821878076e+11,3.2771194652e+11,3.3830482007e+11,2.1185747091e+10,1.7429497698e+10,1.6334106722e+10,1.5615805123e+10,1.3445300540e+10,1.2060800250e+10,1.1099707784e+10,1.0592873546e+10,3.3454857068e+11,1.7429497698e+10,1.3673248304e+10,1.2577857328e+10,1.1859555730e+10,9.6890511467e+09,8.3045508566e+09,7.3434583903e+09,6.8366241522e+09,3.3345317970e+11,1.6334106722e+10,1.2577857328e+10,1.1482466352e+10,1.0764164753e+10,8.5936601707e+09,7.2091598805e+09,6.2480674142e+09,5.7412331761e+09,3.3273487810e+11,1.5615805123e+10,1.1859555730e+10,1.0764164753e+10,1.0045863155e+10,7.8753585719e+09,6.4908582817e+09,5.5297658154e+09,5.0229315773e+09,3.3056437352e+11,1.3445300540e+10,9.6890511467e+09,8.5936601707e+09,7.8753585719e+09,5.7048539891e+09,4.3203536989e+09,3.3592612326e+09,2.8524269945e+09,3.2917987323e+11,1.2060800250e+10,8.3045508566e+09,7.2091598805e+09,6.4908582817e+09,4.3203536989e+09,2.9358534088e+09,1.9747609425e+09,1.4679267044e+09,3.2821878076e+11,1.1099707784e+10,7.3434583903e+09,6.2480674142e+09,5.5297658154e+09,3.3592612326e+09,1.9747609425e+09,1.0136684762e+09,5.0683423809e+08
319,20000,90,6.4513163018e+11,3.3303328423e+11,3.2931116765e+11,3.2822532036e+11,3.2751513508e+11,3.2537445495e+11,3.2401119858e+11,3.2306524019e+11,3.2256581509e+11,3.3303328423e+11,2.0934938280e+10,1.7212821700e+10,1.6126974415e+10,1.5416789136e+10,1.3276109005e+10,1.1912852632e+10,1.0966894240e+10,1.0467469140e+10,3.2931116765e+11,1.7212821700e+10,1.3490705119e+10,1.2404857834e+10,1.1694672555e+10,9.5539924245e+09,8.1907360517e+09,7.2447776589e+09,6.7453525595e+09,3.2822532036e+11,1.6126974415e+10,1.2404857834e+10,1.1319010549e+10,1.0608825270e+10,8.4681451394e+09,7.1048887666e+09,6.1589303738e+09,5.6595052744e+09,3.2751513508e+11,1.5416789136e+10,1.1694672555e+10,1.0608825270e+10,9.8986399912e+09,7.7579598606e+09,6.3947034878e+09,5.4487450950e+09,4.9493199956e+09,3.2537445495e+11,1.3276109005e+10,9.5539924245e+09,8.4681451394e+09,7.7579598606e+09,5.6172797301e+09,4.2540233572e+09,3.3080649645e+09,2.8086398650e+09,3.2401119858e+11,1.1912852632e+10,8.1907360517e+09,7.1048887666e+09,6.3947034878e+09,4.2540233572e+09,2.8907669844e+09,1.9448085917e+09,1.4453834922e+09,3.2306524019e+11,1.0966894240e+10,7.2447776589e+09,6.1589303738e+09,5.4487450950e+09,3.3080649645e+09,1.9448085917e+09,9.9885019889e+08,4.9942509944e+08
320,22500,0,6.6943360338e+11,3.5621679186e+11,3.5280931906e+11,3.5066698886e+11,3.4898016538e+11,3.4312400285e+11,3.3899885882e+11,3.3607103466e+11,3.3471680169e+11,3.5621679186e+11,4.2999980334e+10,3.9592507535e+10,3.7450177334e+10,3.5763353859e+10,2.9907191325e+10,2.5782047290e+10,2.2854223137e+10,2.1499990167e+10,3.5280931906e+11,3.9592507535e+10,3.6185034736e+10,3.4042704535e+10,3.2355881060e+10,2.6499718526e+10,2.2374574491e+10,1.9446750338e+10,1.8092517368e+10,3.5066698886e+11,3.7450177334e+10,3.4042704535e+10,3.1900374333e+10,3.0213550859e+10,2.4357388324e+10,2.0232244290e+10,1.7304420136e+10,1.5950187167e+10,3.4898016538e+11,3.5763353859e+10,3.2355881060e+10,3.0213550859e+10,2.8526727384e+10,2.2670564850e+10,1.8545420815e+10,1.5617596662e+10,1.4263363692e+10,3.4312400285e+11,2.9907191325e+10,2.6499718526e+10,2.4357388324e+10,2.2670564850e+10,1.6814402315e+10,1.2689258281e+10,9.7614341274e+09,8.4072011577e+09,3.3899885882e+11,2.5782047290e+10,2.2374574491e+10,2.0232244290e+10,1.8545420815e+10,1.2689258281e+10,8.5641142462e+09,5.6362900928e+09,4.2820571231e+09,3.3607103466e+11,2.2854223137e+10,1.9446750338e+10,1.7304420136e+10,1.5617596662e+10,9.7614341274e+09,5.6362900928e+09,2.7084659393e+09,1.3542329697e+09
321,22500,10,6.1344087543e+11,3.2733102708e+11,3.2401151377e+11,3.2193539434e+11,3.2030243700e+11,3.1465312290e+11,3.1072564656e+11,3.0797984010e+11,3.0672043772e+11,3.2733102708e+11,4.1221178737e+10,3.7901665427e+10,3.5825545988e+10,3.4192588650e+10,2.8543274555e+10,2.4615798215e+10,2.1869991750e+10,2.0610589369e+10,3.2401151377e+11,3.7901665427e+10,3.4582152117e+10,3.2506032678e+10,3.0873075339e+10,2.5223761245e+10,2.1296284905e+10,1.8550478440e+10,1.7291076058e+10,3.2193539434e+11,3.5825545988e+10,3.2506032678e+10,3.0429913239e+10,2.8796955901e+10,2.3147641806e+10,1.9220165466e+10,1.6474359001e+10,1.5214956620e+10,3.2030243700e+11,3.4192588650e+10,3.0873075339e+10,2.8796955901e+10,2.7163998562e+10,2.1514684468e+10,1.7587208128e+10,1.4841401663e+10,1.3581999281e+10,3.1465312290e+11,2.8543274555e+10,2.5223761245e+10,2.3147641806e+10,2.1514684468e+10,1.5865370373e+10,1.1937894033e+10,9.1920875682e+09,7.9326851867e+09,3.1072564656e+11,2.4615798215e+10,2.1296284905e+10,1.9220165466e+10,1.7587208128e+10,1.1937894033e+10,8.0104176936e+09,5.2646112284e+09,4.0052088468e+09,3.0797984010e+11,2.1869991750e+10,1.8550478440e+10,1.6474359001e+10,1.4841401663e+10,9.1920875682e+09,5.2646112284e+09,2.5188047631e+09,1.2594023815e+09
322,22500,20,4.1503897274e+11,2.2611841403e+11,2.2288384314e+11,2.2089674779e+11,2.1938120076e+11,2.1429773797e+11,2.1088881798e+11,2.0856957539e+11,2.0751948637e+11,2.2611841403e+11,3.7197855323e+10,3.3963284434e+10,3.1976189077e+10,3.0460642055e+10,2.5377179264e+10,2.1968259272e+10,1.9649016679e+10,1.8598927662e+10,2.2288384314e+11,3.3963284434e+10,3.0728713546e+10,2.8741618189e+10,2.7226071167e+10,2.2142608376e+10,1.8733688384e+10,1.6414445791e+10,1.5364356773e+10,2.2089674779e+11,3.1976189077e+10,2.8741618189e+10,2.6754522832e+10,2.5238975810e+10,2.0155513019e+10,1.6746593027e+10,1.4427350434e+10,1.3377261416e+10,2.1938120076e+11,3.0460642055e+10,2.7226071167e+10,2.5238975810e+10,2.3723428788e+10,1.8639965997e+10,1.5231046005e+10,1.2911803412e+10,1.1861714394e+10,2.1429773797e+11,2.5377179264e+10,2.2142608376e+10,2.0155513019e+10,1.8639965997e+10,1.3556503206e+10,1.0147583213e+10,7.8283406205e+09,6.7782516028e+09,2.1088881798e+11,2.1968259272e+10,1.8733688384e+10,1.6746593027e+10,1.5231046005e+10,1.0147583213e+10,6.7386632215e+09,4.4194206285e+09,3.3693316107e+09,2.0856957539e+11,1.9649016679e+10,1.6414445791e+10,1.4427350434e+10,1.2911803412e+10,7.8283406205e+09,4.4194206285e+09,2.1001780354e+09,1.0500890177e+09
323,22500,30,2.6714666267e+11,1.4951825351e+11,1.4631677253e+11,1.4449326376e+11,1.4316894509e+11,1.3891885321e+11,1.3618937409e+11,1.3438724163e+11,1.3357333134e+11,1.4951825351e+11,3.1889844357e+10,2.8688363370e+10,2.6864854608e+10,2.5540535933e+10,2.1290444049e+10,1.8560964934e+10,1.6758832478e+10,1.5944922179e+10,1.4631677253e+11,2.8688363370e+10,2.5486882382e+10,2.3663373620e+10,2.2339054945e+10,1.8088963061e+10,1.5359483946e+10,1.3557351490e+10,1.2743441191e+10,1.4449326376e+11,2.6864854608e+10,2.3663373620e+10,2.1839864859e+10,2.0515546184e+10,1.6265454300e+10,1.3535975184e+10,1.1733842729e+10,1.0919932430e+10,1.4316894509e+11,2.5540535933e+10,2.2339054945e+10,2.0515546184e+10,1.9191227508e+10,1.4941135624e+10,1.2211656509e+10,1.0409524054e+10,9.5956137541e+09,1.3891885321e+11,2.1290444049e+10,1.8088963061e+10,1.6265454300e+10,1.4941135624e+10,1.0691043740e+10,7.9615646251e+09,6.1594321698e+09,5.3455218702e+09,1.3618937409e+11,1.8560964934e+10,1.5359483946e+10,1.3535975184e+10,1.2211656509e+10,7.9615646251e+09,5.2320855097e+09,3.4299530544e+09,2.6160427548e+09,1.3438724163e+11,1.6758832478e+10,1.3557351490e+10,1.1733842729e+10,1.0409524054e+10,6.1594321698e+09,3.4299530544e+09,1.6278205991e+09,8.1391029957e+08
324,22500,40,2.0384407443e+11,1.1476462915e+11,1.1191302546e+11,1.1038514607e+11,1.0931294522e+11,1.0597976901e+11,1.0389525451e+11,1.0253919809e+11,1.0192203721e+11,1.1476462915e+11,2.5685183874e+10,2.2833580188e+10,2.1305700789e+10,2.0233499943e+10,1.6900323732e+10,1.4815809229e+10,1.3459752809e+10,1.2842591937e+10,1.1191302546e+11,2.2833580188e+10,1.9981976501e+10,1.8454097103e+10,1.7381896256e+10,1.4048720046e+10,1.1964205542e+10,1.0608149122e+10,9.9909882505e+09,1.1038514607e+11,2.1305700789e+10,1.8454097103e+10,1.6926217704e+10,1.5854016858e+10,1.2520840647e+10,1.0436326144e+10,9.0802697240e+09,8.4631088521e+09,1.0931294522e+11,2.0233499943e+10,1.7381896256e+10,1.5854016858e+10,1.4781816011e+10,1.1448639801e+10,9.3641252974e+09,8.0080688776e+09,7.3909080057e+09,1.0597976901e+11,1.6900323732e+10,1.4048720046e+10,1.2520840647e+10,1.1448639801e+10,8.1154635904e+09,6.0309490869e+09,4.6748926672e+09,4.0577317952e+09,1.0389525451e+11,1.4815809229e+10,1.1964205542e+10,1.0436326144e+10,9.3641252974e+09,6.0309490869e+09,3.9464345834e+09,2.5903781637e+09,1.9732172917e+09,1.0253919809e+11,1.3459752809e+10,1.0608149122e+10,9.0802697240e+09,8.0080688776e+09,4.6748926672e+09,2.5903781637e+09,1.2343217440e+09,6.1716087198e+08
325,22500,50,1.7023059569e+11,9.5824390126e+10,9.3256628135e+10,9.1953076367e+10,9.1064826337e+10,8.8368021476e+10,8.6701484361e+10,8.5617263745e+10,8.5115297846e+10,9.5824390126e+10,2.1418184559e+10,1.8850422568e+10,1.7546870800e+10,1.6658620771e+10,1.3961815910e+10,1.2295278795e+10,1.1211058179e+10,1.0709092280e+10,9.3256628135e+10,1.8850422568e+10,1.6282660577e+10,1.4979108809e+10,1.4090858780e+10,1.1394053919e+10,9.7275168036e+09,8.6432961875e+09,8.1413302885e+09,9.1953076367e+10,1.7546870800e+10,1.4979108809e+10,1.3675557041e+10,1.2787307012e+10,1.0090502151e+10,8.4239650356e+09,7.3397444195e+09,6.8377785206e+09,9.1064826337e+10,1.6658620771e+10,1.4090858780e+10,1.2787307012e+10,1.1899056982e+10,9.2022521210e+09,7.5357150061e+09,6.4514943900e+09,5.9495284910e+09,8.8368021476e+10,1.3961815910e+10,1.1394053919e+10,1.0090502151e+10,9.2022521210e+09,6.5054472599e+09,4.8389101450e+09,3.7546895290e+09,3.2527236300e+09,8.6701484361e+10,1.2295278795e+10,9.7275168036e+09,8.4239650356e+09,7.5357150061e+09,4.8389101450e+09,3.1723730300e+09,2.0881524140e+09,1.5861865150e+09,8.5617263745e+10,1.1211058179e+10,8.6432961875e+09,7.3397444195e+09,6.4514943900e+09,3.7546895290e+09,2.0881524140e+09,1.0039317980e+09,5.0196589899e+08
326,22500,60,1.5102090620e+11,8.5115284174e+10,8.2694994613e+10,8.1508229688e+10,8.0715751919e+10,7.8348254558e+10,7.6897313310e+10,7.5953242816e+10,7.5510453102e+10,8.5115284174e+10,1.9209662145e+10,1.6789372584e+10,1.5602607658e+10,1.4810129889e+10,1.2442632529e+10,1.0991691280e+10,1.0047620786e+10,9.6048310724e+09,8.2694994613e+10,1.6789372584e+10,1.4369083023e+10,1.3182318097e+10,1.2389840328e+10,1.0022342968e+10,8.5714017196e+09,7.6273312254e+09,7.1845415115e+09,8.1508229688e+10,1.5602607658e+10,1.3182318097e+10,1.1995553172e+10,1.1203075403e+10,8.8355780423e+09,7.3846367940e+09,6.4405662998e+09,5.9977765859e+09,8.0715751919e+10,1.4810129889e+10,1.2389840328e+10,1.1203075403e+10,1.0410597634e+10,8.0431002734e+09,6.5921590251e+09,5.6480885309e+09,5.2052988170e+09,7.8348254558e+10,1.2442632529e+10,1.0022342968e+10,8.8355780423e+09,8.0431002734e+09,5.6756029128e+09,4.2246616645e+09,3.2805911703e+09,2.8378014564e+09,7.6897313310e+10,1.0991691280e+10,8.5714017196e+09,7.3846367940e+09,6.5921590251e+09,4.2246616645e+09,2.7737204162e+09,1.8296499220e+09,1.3868602081e+09,7.5953242816e+10,1.0047620786e+10,7.6273312254e+09,6.4405662998e+09,5.6480885309e+09,3.2805911703e+09,1.8296499220e+09,8.8557942775e+08,4.4278971388e+08
327,22500,70,1.3985176739e+11,7.8941438563e+10,7.6596336232e+10,7.5470244304e+10,7.4728119827e+10,7.2536272538e+10,7.1202434474e+10,7.0335675674e+10,6.9925883695e+10,7.8941438563e+10,1.8031109737e+10,1.5686007406e+10,1.4559915478e+10,1.3817791001e+10,1.1625943712e+10,1.0292105648e+10,9.4253468482e+09,9.0155548686e+09,7.6596336232e+10,1.5686007406e+10,1.3340905075e+10,1.2214813147e+10,1.1472688670e+10,9.2808413810e+09,7.9470033166e+09,7.0802445170e+09,6.6704525375e+09,7.5470244304e+10,1.4559915478e+10,1.2214813147e+10,1.1088721218e+10,1.0346596742e+10,8.1547494527e+09,6.8209113883e+09,5.9541525888e+09,5.5443606092e+09,7.4728119827e+10,1.3817791001e+10,1.1472688670e+10,1.0346596742e+10,9.6044722647e+09,7.4126249759e+09,6.0787869115e+09,5.2120281119e+09,4.8022361324e+09,7.2536272538e+10,1.1625943712e+10,9.2808413810e+09,8.1547494527e+09,7.4126249759e+09,5.2207776870e+09,3.8869396227e+09,3.0201808231e+09,2.6103888435e+09,7.1202434474e+10,1.0292105648e+10,7.9470033166e+09,6.8209113883e+09,6.0787869115e+09,3.8869396227e+09,2.5531015583e+09,1.6863427587e+09,1.2765507791e+09,7.0335675674e+10,9.4253468482e+09,7.0802445170e+09,5.9541525888e+09,5.2120281119e+09,3.0201808231e+09,1.6863427587e+09,8.1958395912e+08,4.0979197956e+08
328,22500,80,1.3390516347e+11,7.5670360451e+10,7.3360214942e+10,7.2264089569e+10,7.1547334367e+10,6.9445236905e+10,6.8171855644e+10,6.7345247546e+10,6.6952581735e+10,7.5670360451e+10,1.7435557431e+10,1.5125411922e+10,1.4029286549e+10,1.3312531348e+10,1.1210433885e+10,9.9370526244e+09,9.1104445258e+09,8.7177787154e+09,7.3360214942e+10,1.5125411922e+10,1.2815266414e+10,1.1719141041e+10,1.1002385839e+10,8.9002883764e+09,7.6269071159e+09,6.8002990172e+09,6.4076332069e+09,7.2264089569e+10,1.4029286549e+10,1.1719141041e+10,1.0623015667e+10,9.9062604659e+09,7.8041630032e+09,6.5307817428e+09,5.7041736441e+09,5.3115078337e+09,7.1547334367e+10,1.3312531348e+10,1.1002385839e+10,9.9062604659e+09,9.1895052642e+09,7.0874078016e+09,5.8140265411e+09,4.9874184424e+09,4.5947526321e+09,6.9445236905e+10,1.1210433885e+10,8.9002883764e+09,7.8041630032e+09,7.0874078016e+09,4.9853103390e+09,3.7119290785e+09,2.8853209798e+09,2.4926551695e+09,6.8171855644e+10,9.9370526244e+09,7.6269071159e+09,6.5307817428e+09,5.8140265411e+09,3.7119290785e+09,2.4385478180e+09,1.6119397193e+09,1.2192739090e+09,6.7345247546e+10,9.1104445258e+09,6.8002990172e+09,5.7041736441e+09,4.9874184424e+09,2.8853209798e+09,1.6119397193e+09,7.8533162065e+08,3.9266581032e+08
329,22500,90,1.3207550737e+11,7.4659181983e+10,7.2361917591e+10,7.1275764466e+10,7.0567187793e+10,6.8493493619e+10,6.7239076847e+10,6.6425025678e+10,6.6037753683e+10,7.4659181983e+10,1.7242856600e+10,1.4945592209e+10,1.3859439083e+10,1.3150862410e+10,1.1077168236e+10,9.8227514640e+09,9.0087002951e+09,8.6214283001e+09,7.2361917591e+10,1.4945592209e+10,1.2648327817e+10,1.1562174692e+10,1.0853598018e+10,8.7799038446e+09,7.5254870723e+09,6.7114359033e+09,6.3241639084e+09,7.1275764466e+10,1.3859439083e+10,1.1562174692e+10,1.0476021566e+10,9.7674448932e+09,7.6937507194e+09,6.4393339471e+09,5.6252827781e+09,5.2380107832e+09,7.0567187793e+10,1.3150862410e+10,1.0853598018e+10,9.7674448932e+09,9.0588682201e+09,6.9851740463e+09,5.7307572739e+09,4.9167061050e+09,4.5294341100e+09,6.8493493619e+10,1.1077168236e+10,8.7799038446e+09,7.6937507194e+09,6.9851740463e+09,4.9114798724e+09,3.6570631001e+09,2.8430119312e+09,2.4557399362e+09,6.7239076847e+10,9.8227514640e+09,7.5254870723e+09,6.4393339471e+09,5.7307572739e+09,3.6570631001e+09,2.4026463278e+09,1.5885951589e+09,1.2013231639e+09,6.6425025678e+10,9.0087002951e+09,6.7114359033e+09,5.6252827781e+09,4.9167061050e+09,2.8430119312e+09,1.5885951589e+09,7.7454398992e+08,3.8727199496e+08
330,25000,0,1.2556087807e+11,8.1162625309e+10,7.8365368165e+10,7.6332869521e+10,7.4741444722e+10,6.9367815754e+10,6.5921399317e+10,6.3717472019e+10,6.2780439034e+10,8.1162625309e+10,3.6764372550e+10,3.3967115405e+10,3.1934616761e+10,3.0343191962e+10,2.4969562994e+10,2.1523146558e+10,1.9319219259e+10,1.8382186275e+10,7.8365368165e+10,3.3967115405e+10,3.1169858260e+10,2.9137359617e+10,2.7545934818e+10,2.2172305849e+10,1.8725889413e+10,1.6521962114e+10,1.5584929130e+10,7.6332869521e+10,3.1934616761e+10,2.9137359617e+10,2.7104860973e+10,2.5513436174e+10,2.0139807206e+10,1.6693390770e+10,1.4489463471e+10,1.3552430487e+10,7.4741444722e+10,3.0343191962e+10,2.7545934818e+10,2.5513436174e+10,2.3922011375e+10,1.8548382407e+10,1.5101965970e+10,1.2898038672e+10,1.1961005687e+10,6.9367815754e+10,2.4969562994e+10,2.2172305849e+10,2.0139807206e+10,1.8548382407e+10,1.3174753438e+10,9.7283370021e+09,7.5244097034e+09,6.5873767191e+09,6.5921399317e+10,2.1523146558e+10,1.8725889413e+10,1.6693390770e+10,1.5101965970e+10,9.7283370021e+09,6.2819205659e+09,4.0779932672e+09,3.1409602829e+09,6.3717472019e+10,1.9319219259e+10,1.6521962114e+10,1.4489463471e+10,1.2898038672e+10,7.5244097034e+09,4.0779932672e+09,1.8740659685e+09,9.3703298425e+08
331,25000,10,1.2652440864e+11,8.1867494215e+10,7.8555447823e+10,7.6406306714e+10,7.4794799792e+10,6.9536069516e+10,6.6239807868e+10,6.4155598483e+10,6.3262204320e+10,8.1867494215e+10,3.7210579790e+10,3.3898533398e+10,3.1749392289e+10,3.0137885367e+10,2.4879155091e+10,2.1582893444e+10,1.9498684058e+10,1.8605289895e+10,7.8555447823e+10,3.3898533398e+10,3.0586487006e+10,2.8437345897e+10,2.6825838975e+10,2.1567108699e+10,1.8270847051e+10,1.6186637666e+10,1.5293243503e+10,7.6406306714e+10,3.1749392289e+10,2.8437345897e+10,2.6288204788e+10,2.4676697866e+10,1.9417967590e+10,1.6121705943e+10,1.4037496558e+10,1.3144102394e+10,7.4794799792e+10,3.0137885367e+10,2.6825838975e+10,2.4676697866e+10,2.3065190943e+10,1.7806460668e+10,1.4510199020e+10,1.2425989635e+10,1.1532595472e+10,6.9536069516e+10,2.4879155091e+10,2.1567108699e+10,1.9417967590e+10,1.7806460668e+10,1.2547730392e+10,9.2514687447e+09,7.1672593596e+09,6.2738651961e+09,6.6239807868e+10,2.1582893444e+10,1.8270847051e+10,1.6121705943e+10,1.4510199020e+10,9.2514687447e+09,5.9552070972e+09,3.8709977121e+09,2.9776035486e+09,6.4155598483e+10,1.9498684058e+10,1.6186637666e+10,1.4037496558e+10,1.2425989635e+10,7.1672593596e+09,3.8709977121e+09,1.7867883269e+09,8.9339416346e+08
332,25000,20,9.7232279090e+10,6.5675470244e+10,6.2127681297e+10,6.0048503424e+10,5.8560714095e+10,5.3907438131e+10,5.1097477038e+10,4.9364245705e+10,4.8616139545e+10,6.5675470244e+10,3.4118661398e+10,3.0570872451e+10,2.8491694579e+10,2.7003905250e+10,2.2350629285e+10,1.9540668192e+10,1.7807436860e+10,1.7059330699e+10,6.2127681297e+10,3.0570872451e+10,2.7023083504e+10,2.4943905631e+10,2.3456116302e+10,1.8802840338e+10,1.5992879245e+10,1.4259647912e+10,1.3511541752e+10,6.0048503424e+10,2.8491694579e+10,2.4943905631e+10,2.2864727759e+10,2.1376938430e+10,1.6723662465e+10,1.3913701372e+10,1.2180470040e+10,1.1432363879e+10,5.8560714095e+10,2.7003905250e+10,2.3456116302e+10,2.1376938430e+10,1.9889149101e+10,1.5235873136e+10,1.2425912043e+10,1.0692680711e+10,9.9445745504e+09,5.3907438131e+10,2.2350629285e+10,1.8802840338e+10,1.6723662465e+10,1.5235873136e+10,1.0582597172e+10,7.7726360787e+09,6.0394047463e+09,5.2912985860e+09,5.1097477038e+10,1.9540668192e+10,1.5992879245e+10,1.3913701372e+10,1.2425912043e+10,7.7726360787e+09,4.9626749854e+09,3.2294436530e+09,2.4813374927e+09,4.9364245705e+10,1.7807436860e+10,1.4259647912e+10,1.2180470040e+10,1.0692680711e+10,6.0394047463e+09,3.2294436530e+09,1.4962123206e+09,7.4810616028e+08
333,25000,30,7.1073553826e+10,4.9474053805e+10,4.6282378516e+10,4.4518769513e+10,4.3295210186e+10,3.9587872554e+10,3.7416233323e+10,3.6104885275e+10,3.5536776913e+10,4.9474053805e+10,2.7874553784e+10,2.4682878496e+10,2.2919269492e+10,2.1695710165e+10,1.7988372534e+10,1.5816733302e+10,1.4505385254e+10,1.3937276892e+10,4.6282378516e+10,2.4682878496e+10,2.1491203207e+10,1.9727594203e+10,1.8504034876e+10,1.4796697245e+10,1.2625058014e+10,1.1313709965e+10,1.0745601603e+10,4.4518769513e+10,2.2919269492e+10,1.9727594203e+10,1.7963985199e+10,1.6740425873e+10,1.3033088241e+10,1.0861449010e+10,9.5501009611e+09,8.9819925996e+09,4.3295210186e+10,2.1695710165e+10,1.8504034876e+10,1.6740425873e+10,1.5516866546e+10,1.1809528914e+10,9.6378896834e+09,8.3265416346e+09,7.7584332731e+09,3.9587872554e+10,1.7988372534e+10,1.4796697245e+10,1.3033088241e+10,1.1809528914e+10,8.1021912827e+09,5.9305520516e+09,4.6192040029e+09,4.0510956413e+09,3.7416233323e+10,1.5816733302e+10,1.2625058014e+10,1.0861449010e+10,9.6378896834e+09,5.9305520516e+09,3.7589128205e+09,2.4475647718e+09,1.8794564103e+09,3.6104885275e+10,1.4505385254e+10,1.1313709965e+10,9.5501009611e+09,8.3265416346e+09,4.6192040029e+09,2.4475647718e+09,1.1362167230e+09,5.6810836151e+08
334,25000,40,5.7038622843e+10,3.9705168864e+10,3.6897423678e+10,3.5437933994e+10,3.4458468135e+10,3.1581401593e+10,2.9934686178e+10,2.8951794138e+10,2.8519311421e+10,3.9705168864e+10,2.2371714886e+10,1.9563969700e+10,1.8104480016e+10,1.7125014156e+10,1.4247947615e+10,1.2601232200e+10,1.1618340160e+10,1.1185857443e+10,3.6897423678e+10,1.9563969700e+10,1.6756224514e+10,1.5296734829e+10,1.4317268970e+10,1.1440202428e+10,9.7934870132e+09,8.8105949734e+09,8.3781122568e+09,3.5437933994e+10,1.8104480016e+10,1.5296734829e+10,1.3837245145e+10,1.2857779286e+10,9.9807127442e+09,8.3339973290e+09,7.3511052892e+09,6.9186225726e+09,3.4458468135e+10,1.7125014156e+10,1.4317268970e+10,1.2857779286e+10,1.1878313427e+10,9.0012468849e+09,7.3545314697e+09,6.3716394299e+09,5.9391567133e+09,3.1581401593e+10,1.4247947615e+10,1.1440202428e+10,9.9807127442e+09,9.0012468849e+09,6.1241803431e+09,4.4774649280e+09,3.4945728881e+09,3.0620901715e+09,2.9934686178e+10,1.2601232200e+10,9.7934870132e+09,8.3339973290e+09,7.3545314697e+09,4.4774649280e+09,2.8307495128e+09,1.8478574730e+09,1.4153747564e+09,2.8951794138e+10,1.1618340160e+10,8.8105949734e+09,7.3511052892e+09,6.3716394299e+09,3.4945728881e+09,1.8478574730e+09,8.6496543314e+08,4.3248271657e+08
335,25000,50,4.9118460659e+10,3.4019856543e+10,3.1475325767e+10,3.0217499219e+10,2.9396766856e+10,2.7041806095e+10,2.5711621241e+10,2.4917280755e+10,2.4559230330e+10,3.4019856543e+10,1.8921252426e+10,1.6376721650e+10,1.5118895103e+10,1.4298162739e+10,1.1943201978e+10,1.0613017125e+10,9.8186766387e+09,9.4606262129e+09,3.1475325767e+10,1.6376721650e+10,1.3832190875e+10,1.2574364327e+10,1.1753631964e+10,9.3986712022e+09,8.0684863491e+09,7.2741458630e+09,6.9160954373e+09,3.0217499219e+10,1.5118895103e+10,1.2574364327e+10,1.1316537779e+10,1.0495805416e+10,8.1408446545e+09,6.8106598015e+09,6.0163193154e+09,5.6582688896e+09,2.9396766856e+10,1.4298162739e+10,1.1753631964e+10,1.0495805416e+10,9.6750730530e+09,7.3201122913e+09,5.9899274383e+09,5.1955869522e+09,4.8375365265e+09,2.7041806095e+10,1.1943201978e+10,9.3986712022e+09,8.1408446545e+09,7.3201122913e+09,4.9651515297e+09,3.6349666767e+09,2.8406261906e+09,2.4825757649e+09,2.5711621241e+10,1.0613017125e+10,8.0684863491e+09,6.8106598015e+09,5.9899274383e+09,3.6349666767e+09,2.3047818237e+09,1.5104413376e+09,1.1523909118e+09,2.4917280755e+10,9.8186766387e+09,7.2741458630e+09,6.0163193154e+09,5.1955869522e+09,2.8406261906e+09,1.5104413376e+09,7.1610085145e+08,3.5805042573e+08
336,25000,60,4.4799095311e+10,3.0981222377e+10,2.8569831376e+10,2.7414569448e+10,2.6674649303e+10,2.4585349774e+10,2.3416506012e+10,2.2719080162e+10,2.2399547656e+10,3.0981222377e+10,1.7163349444e+10,1.4751958442e+10,1.3596696515e+10,1.2856776369e+10,1.0767476840e+10,9.5986330785e+09,8.9012072287e+09,8.5816747219e+09,2.8569831376e+10,1.4751958442e+10,1.2340567440e+10,1.1185305513e+10,1.0445385367e+10,8.3560858382e+09,7.1872420765e+09,6.4898162268e+09,6.1702837199e+09,2.7414569448e+10,1.3596696515e+10,1.1185305513e+10,1.0030043585e+10,9.2901234397e+09,7.2008239109e+09,6.0319801493e+09,5.3345542995e+09,5.0150217927e+09,2.6674649303e+10,1.2856776369e+10,1.0445385367e+10,9.2901234397e+09,8.5502032941e+09,6.4609037653e+09,5.2920600037e+09,4.5946341539e+09,4.2751016471e+09,2.4585349774e+10,1.0767476840e+10,8.3560858382e+09,7.2008239109e+09,6.4609037653e+09,4.3716042365e+09,3.2027604748e+09,2.5053346251e+09,2.1858021183e+09,2.3416506012e+10,9.5986330785e+09,7.1872420765e+09,6.0319801493e+09,5.2920600037e+09,3.2027604748e+09,2.0339167132e+09,1.3364908634e+09,1.0169583566e+09,2.2719080162e+10,8.9012072287e+09,6.4898162268e+09,5.3345542995e+09,4.5946341539e+09,2.5053346251e+09,1.3364908634e+09,6.3906501365e+08,3.1953250683e+08
337,25000,70,4.2366308344e+10,2.9286602675e+10,2.6944175437e+10,2.5843705849e+10,2.5147458148e+10,2.3203583978e+10,2.2124180556e+10,2.1481007944e+10,2.1183154172e+10,2.9286602675e+10,1.6206897005e+10,1.3864469768e+10,1.2764000180e+10,1.2067752478e+10,1.0123878309e+10,9.0444748862e+09,8.4013022748e+09,8.1034485026e+09,2.6944175437e+10,1.3864469768e+10,1.1522042531e+10,1.0421572942e+10,9.7253252410e+09,7.7814510714e+09,6.7020476489e+09,6.0588750375e+09,5.7610212653e+09,2.5843705849e+10,1.2764000180e+10,1.0421572942e+10,9.3211033544e+09,8.6248556529e+09,6.6809814833e+09,5.6015780608e+09,4.9584054494e+09,4.6605516772e+09,2.5147458148e+10,1.2067752478e+10,9.7253252410e+09,8.6248556529e+09,7.9286079515e+09,5.9847337818e+09,4.9053303593e+09,4.2621577480e+09,3.9643039757e+09,2.3203583978e+10,1.0123878309e+10,7.7814510714e+09,6.6809814833e+09,5.9847337818e+09,4.0408596122e+09,2.9614561897e+09,2.3182835783e+09,2.0204298061e+09,2.2124180556e+10,9.0444748862e+09,6.7020476489e+09,5.6015780608e+09,4.9053303593e+09,2.9614561897e+09,1.8820527672e+09,1.2388801559e+09,9.4102638361e+08,2.1481007944e+10,8.4013022748e+09,6.0588750375e+09,4.9584054494e+09,4.2621577480e+09,2.3182835783e+09,1.2388801559e+09,5.9570754449e+08,2.9785377224e+08
338,25000,80,4.1033160643e+10,2.8364048416e+10,2.6060797907e+10,2.4989908016e+10,2.4316890423e+10,2.2449734175e+10,2.1417422205e+10,2.0802883477e+10,2.0516580322e+10,2.8364048416e+10,1.5694936188e+10,1.3391685679e+10,1.2320795788e+10,1.1647778195e+10,9.7806219473e+09,8.7483099769e+09,8.1337712487e+09,7.8474680939e+09,2.6060797907e+10,1.3391685679e+10,1.1088435171e+10,1.0017545280e+10,9.3445276866e+09,7.4773714388e+09,6.4450594684e+09,5.8305207402e+09,5.5442175854e+09,2.4989908016e+10,1.2320795788e+10,1.0017545280e+10,8.9466553884e+09,8.2736377954e+09,6.4064815476e+09,5.3741695772e+09,4.7596308490e+09,4.4733276942e+09,2.4316890423e+10,1.1647778195e+10,9.3445276866e+09,8.2736377954e+09,7.6006202024e+09,5.7334639546e+09,4.7011519842e+09,4.0866132560e+09,3.8003101012e+09,2.2449734175e+10,9.7806219473e+09,7.4773714388e+09,6.4064815476e+09,5.7334639546e+09,3.8663077068e+09,2.8339957364e+09,2.2194570082e+09,1.9331538534e+09,2.1417422205e+10,8.7483099769e+09,6.4450594684e+09,5.3741695772e+09,4.7011519842e+09,2.8339957364e+09,1.8016837660e+09,1.1871450378e+09,9.0084188298e+08,2.0802883477e+10,8.1337712487e+09,5.8305207402e+09,4.7596308490e+09,4.0866132560e+09,2.2194570082e+09,1.1871450378e+09,5.7260630956e+08,2.8630315478e+08
339,25000,90,4.0619549931e+10,2.8076414982e+10,2.5785606585e+10,2.4724063086e+10,2.4058370625e+10,2.2215402803e+10,2.1197937836e+10,2.0592427147e+10,2.0309774965e+10,2.8076414982e+10,1.5533280033e+10,1.3242471636e+10,1.2180928137e+10,1.1515235676e+10,9.6722678548e+09,8.6548028879e+09,8.0492921982e+09,7.7666400167e+09,2.5785606585e+10,1.3242471636e+10,1.0951663240e+10,9.8901197403e+09,9.2244272793e+09,7.3814594579e+09,6.3639944910e+09,5.7584838013e+09,5.4758316198e+09,2.4724063086e+10,1.2180928137e+10,9.8901197403e+09,8.8285762411e+09,8.1628837801e+09,6.3199159587e+09,5.3024509918e+09,4.6969403021e+09,4.4142881205e+09,2.4058370625e+10,1.1515235676e+10,9.2244272793e+09,8.1628837801e+09,7.4971913190e+09,5.6542234976e+09,4.6367585307e+09,4.0312478411e+09,3.7485956595e+09,2.2215402803e+10,9.6722678548e+09,7.3814594579e+09,6.3199159587e+09,5.6542234976e+09,3.8112556762e+09,2.7937907093e+09,2.1882800197e+09,1.9056278381e+09,2.1197937836e+10,8.6548028879e+09,6.3639944910e+09,5.3024509918e+09,4.6367585307e+09,2.7937907093e+09,1.7763257425e+09,1.1708150528e+09,8.8816287124e+08,2.0592427147e+10,8.0492921982e+09,5.7584838013e+09,4.6969403021e+09,4.0312478411e+09,2.1882800197e+09,1.1708150528e+09,5.6530436309e+08,2.8265218155e+08
340,27500,0,6.9706148676e+10,5.2587696298e+10,4.8530529945e+10,4.6257673387e+10,4.4673763062e+10,3.9891592980e+10,3.7147925479e+10,3.5536229626e+10,3.4853074338e+10,5.2587696298e+10,3.5469243920e+10,3.1412077567e+10,2.9139221009e+10,2.7555310684e+10,2.2773140602e+10,2.0029473101e+10,1.8417777248e+10,1.7734621960e+10,4.8530529945e+10,3.1412077567e+10,2.7354911215e+10,2.5082054657e+10,2.3498144331e+10,1.8715974250e+10,1.5972306749e+10,1.4360610895e+10,1.3677455607e+10,4.6257673387e+10,2.9139221009e+10,2.5082054657e+10,2.2809198099e+10,2.1225287773e+10,1.6443117692e+10,1.3699450191e+10,1.2087754337e+10,1.1404599049e+10,4.4673763062e+10,2.7555310684e+10,2.3498144331e+10,2.1225287773e+10,1.9641377448e+10,1.4859207366e+10,1.2115539865e+10,1.0503844012e+10,9.8206887239e+09,3.9891592980e+10,2.2773140602e+10,1.8715974250e+10,1.6443117692e+10,1.4859207366e+10,1.0077037284e+10,7.3333697836e+09,5.7216739300e+09,5.0385186422e+09,3.7147925479e+10,2.0029473101e+10,1.5972306749e+10,1.3699450191e+10,1.2115539865e+10,7.3333697836e+09,4.5897022827e+09,2.9780064292e+09,2.2948511413e+09,3.5536229626e+10,1.8417777248e+10,1.4360610895e+10,1.2087754337e+10,1.0503844012e+10,5.7216739300e+09,2.9780064292e+09,1.3663105756e+09,6.8315528780e+08
341,27500,10,6.6215321289e+10,4.9892489975e+10,4.5968302867e+10,4.3795013543e+10,4.2290636504e+10,3.7786769437e+10,3.5228281222e+10,3.3738229988e+10,3.3107660645e+10,4.9892489975e+10,3.3569658661e+10,2.9645471553e+10,2.7472182229e+10,2.5967805190e+10,2.1463938123e+10,1.8905449908e+10,1.7415398674e+10,1.6784829330e+10,4.5968302867e+10,2.9645471553e+10,2.5721284445e+10,2.3547995121e+10,2.2043618082e+10,1.7539751015e+10,1.4981262800e+10,1.3491211566e+10,1.2860642223e+10,4.3795013543e+10,2.7472182229e+10,2.3547995121e+10,2.1374705797e+10,1.9870328758e+10,1.5366461691e+10,1.2807973476e+10,1.1317922242e+10,1.0687352898e+10,4.2290636504e+10,2.5967805190e+10,2.2043618082e+10,1.9870328758e+10,1.8365951719e+10,1.3862084652e+10,1.1303596437e+10,9.8135452030e+09,9.1829758596e+09,3.7786769437e+10,2.1463938123e+10,1.7539751015e+10,1.5366461691e+10,1.3862084652e+10,9.3582175845e+09,6.7997293697e+09,5.3096781356e+09,4.6791087922e+09,3.5228281222e+10,1.8905449908e+10,1.4981262800e+10,1.2807973476e+10,1.1303596437e+10,6.7997293697e+09,4.2412411548e+09,2.7511899208e+09,2.1206205774e+09,3.3738229988e+10,1.7415398674e+10,1.3491211566e+10,1.1317922242e+10,9.8135452030e+09,5.3096781356e+09,2.7511899208e+09,1.2611386868e+09,6.3056934338e+08
342,27500,20,5.4546943066e+10,4.1676468673e+10,3.8110028913e+10,3.6199950130e+10,3.4903048185e+10,3.1104479022e+10,2.8992408356e+10,2.7784486595e+10,2.7273471533e+10,4.1676468673e+10,2.8805994280e+10,2.5239554520e+10,2.3329475737e+10,2.2032573792e+10,1.8234004629e+10,1.6121933963e+10,1.4914012202e+10,1.4402997140e+10,3.8110028913e+10,2.5239554520e+10,2.1673114759e+10,1.9763035977e+10,1.8466134031e+10,1.4667564868e+10,1.2555494202e+10,1.1347572442e+10,1.0836557380e+10,3.6199950130e+10,2.3329475737e+10,1.9763035977e+10,1.7852957194e+10,1.6556055248e+10,1.2757486085e+10,1.0645415420e+10,9.4374936591e+09,8.9264785970e+09,3.4903048185e+10,2.2032573792e+10,1.8466134031e+10,1.6556055248e+10,1.5259153303e+10,1.1460584140e+10,9.3485134739e+09,8.1405917135e+09,7.6295766514e+09,3.1104479022e+10,1.8234004629e+10,1.4667564868e+10,1.2757486085e+10,1.1460584140e+10,7.6620149768e+09,5.5499443110e+09,4.3420225505e+09,3.8310074884e+09,2.8992408356e+10,1.6121933963e+10,1.2555494202e+10,1.0645415420e+10,9.3485134739e+09,5.5499443110e+09,3.4378736451e+09,2.2299518846e+09,1.7189368226e+09,2.7784486595e+10,1.4914012202e+10,1.1347572442e+10,9.4374936591e+09,8.1405917135e+09,4.3420225505e+09,2.2299518846e+09,1.0220301242e+09,5.1101506209e+08
343,27500,30,4.3484200383e+10,3.3363465885e+10,3.0243035715e+10,2.8655532564e+10,2.7609206994e+10,2.4637789884e+10,2.3031053288e+10,2.2128811154e+10,2.1742100191e+10,3.3363465885e+10,2.3242731387e+10,2.0122301217e+10,1.8534798066e+10,1.7488472496e+10,1.4517055386e+10,1.2910318790e+10,1.2008076655e+10,1.1621365693e+10,3.0243035715e+10,2.0122301217e+10,1.7001871047e+10,1.5414367896e+10,1.4368042326e+10,1.1396625216e+10,9.7898886203e+09,8.8876464858e+09,8.5009355236e+09,2.8655532564e+10,1.8534798066e+10,1.5414367896e+10,1.3826864744e+10,1.2780539175e+10,9.8091220649e+09,8.2023854690e+09,7.3001433344e+09,6.9134323722e+09,2.7609206994e+10,1.7488472496e+10,1.4368042326e+10,1.2780539175e+10,1.1734213605e+10,8.7627964951e+09,7.1560598992e+09,6.2538177646e+09,5.8671068025e+09,2.4637789884e+10,1.4517055386e+10,1.1396625216e+10,9.8091220649e+09,8.7627964951e+09,5.7913793853e+09,4.1846427894e+09,3.2824006548e+09,2.8956896927e+09,2.3031053288e+10,1.2910318790e+10,9.7898886203e+09,8.2023854690e+09,7.1560598992e+09,4.1846427894e+09,2.5779061935e+09,1.6756640589e+09,1.2889530968e+09,2.2128811154e+10,1.2008076655e+10,8.8876464858e+09,7.3001433344e+09,6.2538177646e+09,3.2824006548e+09,1.6756640589e+09,7.7342192434e+08,3.8671096217e+08
344,27500,40,3.6308335687e+10,2.7560106188e+10,2.4817777656e+10,2.3499734056e+10,2.2660038943e+10,2.0351505217e+10,1.9132295442e+10,1.8453560769e+10,1.8154167843e+10,2.7560106188e+10,1.8811876689e+10,1.6069548157e+10,1.4751504557e+10,1.3911809444e+10,1.1603275718e+10,1.0384065943e+10,9.7053312698e+09,9.4059383443e+09,2.4817777656e+10,1.6069548157e+10,1.3327219625e+10,1.2009176025e+10,1.1169480912e+10,8.8609471866e+09,7.6417374116e+09,6.9630027381e+09,6.6636098126e+09,2.3499734056e+10,1.4751504557e+10,1.2009176025e+10,1.0691132425e+10,9.8514373121e+09,7.5429035865e+09,6.3236938115e+09,5.6449591380e+09,5.3455662125e+09,2.2660038943e+10,1.3911809444e+10,1.1169480912e+10,9.8514373121e+09,9.0117421992e+09,6.7032084736e+09,5.4839986986e+09,4.8052640251e+09,4.5058710996e+09,2.0351505217e+10,1.1603275718e+10,8.8609471866e+09,7.5429035865e+09,6.7032084736e+09,4.3946747480e+09,3.1754649730e+09,2.4967302995e+09,2.1973373740e+09,1.9132295442e+10,1.0384065943e+10,7.6417374116e+09,6.3236938115e+09,5.4839986986e+09,3.1754649730e+09,1.9562551980e+09,1.2775205245e+09,9.7812759901e+08,1.8453560769e+10,9.7053312698e+09,6.9630027381e+09,5.6449591380e+09,4.8052640251e+09,2.4967302995e+09,1.2775205245e+09,5.9878585099e+08,2.9939292549e+08
345,27500,50,3.2249792696e+10,2.4232867932e+10,2.1723991992e+10,2.0569958172e+10,1.9854482497e+10,1.7934332357e+10,1.6935147442e+10,1.6378589685e+10,1.6124896348e+10,2.4232867932e+10,1.6215943169e+10,1.3707067228e+10,1.2553033409e+10,1.1837557734e+10,9.9174075939e+09,8.9182226785e+09,8.3616649214e+09,8.1079715844e+09,2.1723991992e+10,1.3707067228e+10,1.1198191288e+10,1.0044157468e+10,9.3286817931e+09,7.4085316534e+09,6.4093467380e+09,5.8527889809e+09,5.5990956439e+09,2.0569958172e+10,1.2553033409e+10,1.0044157468e+10,8.8901236485e+09,8.1746479734e+09,6.2544978338e+09,5.2553129184e+09,4.6987551613e+09,4.4450618242e+09,1.9854482497e+10,1.1837557734e+10,9.3286817931e+09,8.1746479734e+09,7.4591722984e+09,5.5390221587e+09,4.5398372433e+09,3.9832794862e+09,3.7295861492e+09,1.7934332357e+10,9.9174075939e+09,7.4085316534e+09,6.2544978338e+09,5.5390221587e+09,3.6188720190e+09,2.6196871037e+09,2.0631293465e+09,1.8094360095e+09,1.6935147442e+10,8.9182226785e+09,6.4093467380e+09,5.2553129184e+09,4.5398372433e+09,2.6196871037e+09,1.6205021883e+09,1.0639444312e+09,8.1025109414e+08,1.6378589685e+10,8.3616649214e+09,5.8527889809e+09,4.6987551613e+09,3.9832794862e+09,2.0631293465e+09,1.0639444312e+09,5.0738667404e+08,2.5369333702e+08
346,27500,60,3.0120709004e+10,2.2507413244e+10,2.0116690530e+10,1.9045704618e+10,1.8393174511e+10,1.6670297688e+10,1.5783514440e+10,1.5290095379e+10,1.5060354502e+10,2.2507413244e+10,1.4894117484e+10,1.2503394770e+10,1.1432408858e+10,1.0779878751e+10,9.0570019277e+09,8.1702186801e+09,7.6767996187e+09,7.4470587418e+09,2.0116690530e+10,1.2503394770e+10,1.0112672056e+10,9.0416861440e+09,8.3891560375e+09,6.6662792139e+09,5.7794959664e+09,5.2860769049e+09,5.0563360280e+09,1.9045704618e+10,1.1432408858e+10,9.0416861440e+09,7.9707002321e+09,7.3181701256e+09,5.5952933019e+09,4.7085100544e+09,4.2150909930e+09,3.9853501160e+09,1.8393174511e+10,1.0779878751e+10,8.3891560375e+09,7.3181701256e+09,6.6656400191e+09,4.9427631955e+09,4.0559799479e+09,3.5625608865e+09,3.3328200096e+09,1.6670297688e+10,9.0570019277e+09,6.6662792139e+09,5.5952933019e+09,4.9427631955e+09,3.2198863718e+09,2.3331031243e+09,1.8396840628e+09,1.6099431859e+09,1.5783514440e+10,8.1702186801e+09,5.7794959664e+09,4.7085100544e+09,4.0559799479e+09,2.3331031243e+09,1.4463198767e+09,9.5290081531e+08,7.2315993837e+08,1.5290095379e+10,7.6767996187e+09,5.2860769049e+09,4.2150909930e+09,3.5625608865e+09,1.8396840628e+09,9.5290081531e+08,4.5948175386e+08,2.2974087693e+08
347,27500,70,2.8915332302e+10,2.1534706480e+10,1.9209411270e+10,1.8184562834e+10,1.7567095672e+10,1.5954717192e+10,1.5131313783e+10,1.4673726213e+10,1.4457666151e+10,2.1534706480e+10,1.4154080659e+10,1.1828785449e+10,1.0803937013e+10,1.0186469850e+10,8.5740913698e+09,7.7506879608e+09,7.2931003913e+09,7.0770403293e+09,1.9209411270e+10,1.1828785449e+10,9.5034902387e+09,8.4786418026e+09,7.8611746403e+09,6.2487961599e+09,5.4253927509e+09,4.9678051814e+09,4.7517451194e+09,1.8184562834e+10,1.0803937013e+10,8.4786418026e+09,7.4537933665e+09,6.8363262042e+09,5.2239477238e+09,4.4005443148e+09,3.9429567453e+09,3.7268966833e+09,1.7567095672e+10,1.0186469850e+10,7.8611746403e+09,6.8363262042e+09,6.2188590419e+09,4.6064805615e+09,3.7830771525e+09,3.3254895830e+09,3.1094295210e+09,1.5954717192e+10,8.5740913698e+09,6.2487961599e+09,5.2239477238e+09,4.6064805615e+09,2.9941020811e+09,2.1706986721e+09,1.7131111025e+09,1.4970510405e+09,1.5131313783e+10,7.7506879608e+09,5.4253927509e+09,4.4005443148e+09,3.7830771525e+09,2.1706986721e+09,1.3472952630e+09,8.8970769351e+08,6.7364763151e+08,1.4673726213e+10,7.2931003913e+09,4.9678051814e+09,3.9429567453e+09,3.3254895830e+09,1.7131111025e+09,8.8970769351e+08,4.3212012400e+08,2.1606006200e+08
348,27500,80,2.8277925281e+10,2.1021560272e+10,1.8730498626e+10,1.7729817266e+10,1.7130734462e+10,1.5576418596e+10,1.4786416801e+10,1.4347769834e+10,1.4138962640e+10,2.1021560272e+10,1.3765195262e+10,1.1474133617e+10,1.0473452257e+10,9.8743694525e+09,8.3200535867e+09,7.5300517913e+09,7.0914048249e+09,6.8825976311e+09,1.8730498626e+10,1.1474133617e+10,9.1830719720e+09,8.1823906119e+09,7.5833078074e+09,6.0289919416e+09,5.2389901462e+09,4.8003431798e+09,4.5915359860e+09,1.7729817266e+10,1.0473452257e+10,8.1823906119e+09,7.1817092519e+09,6.5826264473e+09,5.0283105815e+09,4.2383087861e+09,3.7996618197e+09,3.5908546259e+09,1.7130734462e+10,9.8743694525e+09,7.5833078074e+09,6.5826264473e+09,5.9835436427e+09,4.4292277769e+09,3.6392259815e+09,3.2005790151e+09,2.9917718214e+09,1.5576418596e+10,8.3200535867e+09,6.0289919416e+09,5.0283105815e+09,4.4292277769e+09,2.8749119111e+09,2.0849101158e+09,1.6462631494e+09,1.4374559556e+09,1.4786416801e+10,7.5300517913e+09,5.2389901462e+09,4.2383087861e+09,3.6392259815e+09,2.0849101158e+09,1.2949083204e+09,8.5626135399e+08,6.4745416020e+08,1.4347769834e+10,7.0914048249e+09,4.8003431798e+09,3.7996618197e+09,3.2005790151e+09,1.6462631494e+09,8.5626135399e+08,4.1761438759e+08,2.0880719379e+08
349,27500,90,2.8079017613e+10,2.0861835046e+10,1.8581391529e+10,1.7588204533e+10,1.6994822292e+10,1.5458505692e+10,1.4678852887e+10,1.4246071390e+10,1.4039508807e+10,2.0861835046e+10,1.3644652479e+10,1.1364208962e+10,1.0371021966e+10,9.7776397248e+09,8.2413231244e+09,7.4616703199e+09,7.0288888226e+09,6.8223262393e+09,1.8581391529e+10,1.1364208962e+10,9.0837654459e+09,8.0905784494e+09,7.4971962085e+09,5.9608796081e+09,5.1812268036e+09,4.7484453063e+09,4.5418827229e+09,1.7588204533e+10,1.0371021966e+10,8.0905784494e+09,7.0973914529e+09,6.5040092120e+09,4.9676926116e+09,4.1880398071e+09,3.7552583098e+09,3.5486957265e+09,1.6994822292e+10,9.7776397248e+09,7.4971962085e+09,6.5040092120e+09,5.9106269710e+09,4.3743103706e+09,3.5946575662e+09,3.1618760689e+09,2.9553134855e+09,1.5458505692e+10,8.2413231244e+09,5.9608796081e+09,4.9676926116e+09,4.3743103706e+09,2.8379937702e+09,2.0583409658e+09,1.6255594685e+09,1.4189968851e+09,1.4678852887e+10,7.4616703199e+09,5.1812268036e+09,4.1880398071e+09,3.5946575662e+09,2.0583409658e+09,1.2786881613e+09,8.4590666402e+08,6.3934408065e+08,1.4246071390e+10,7.0288888226e+09,4.7484453063e+09,3.7552583098e+09,3.1618760689e+09,1.6255594685e+09,8.4590666402e+08,4.1312516674e+08,2.0656258337e+08
350,30000,0,4.9959309089e+10,3.9054679147e+10,3.5451047280e+10,3.3528509895e+10,3.2231601798e+10,2.8506551040e+10,2.6516187515e+10,2.5427805158e+10,2.4979654545e+10,3.9054679147e+10,2.8150049205e+10,2.4546417338e+10,2.2623879953e+10,2.1326971856e+10,1.7601921098e+10,1.5611557573e+10,1.4523175216e+10,1.4075024603e+10,3.5451047280e+10,2.4546417338e+10,2.0942785471e+10,1.9020248086e+10,1.7723339989e+10,1.3998289231e+10,1.2007925706e+10,1.0919543349e+10,1.0471392735e+10,3.3528509895e+10,2.2623879953e+10,1.9020248086e+10,1.7097710700e+10,1.5800802604e+10,1.2075751845e+10,1.0085388321e+10,8.9970059634e+09,8.5488553502e+09,3.2231601798e+10,2.1326971856e+10,1.7723339989e+10,1.5800802604e+10,1.4503894507e+10,1.0778843749e+10,8.7884802241e+09,7.7000978667e+09,7.2519472534e+09,2.8506551040e+10,1.7601921098e+10,1.3998289231e+10,1.2075751845e+10,1.0778843749e+10,7.0537929903e+09,5.0634294658e+09,3.9750471084e+09,3.5268964951e+09,2.6516187515e+10,1.5611557573e+10,1.2007925706e+10,1.0085388321e+10,8.7884802241e+09,5.0634294658e+09,3.0730659414e+09,1.9846835840e+09,1.5365329707e+09,2.5427805158e+10,1.4523175216e+10,1.0919543349e+10,8.9970059634e+09,7.7000978667e+09,3.9750471084e+09,1.9846835840e+09,8.9630122653e+08,4.4815061326e+08
351,30000,10,4.7276424011e+10,3.6921021868e+10,3.3445778041e+10,3.1616692560e+10,3.0392663982e+10,2.6907199635e+10,2.5056014658e+10,2.4051437186e+10,2.3638212005e+10,3.6921021868e+10,2.6565619725e+10,2.3090375898e+10,2.1261290417e+10,2.0037261839e+10,1.6551797492e+10,1.4700612516e+10,1.3696035043e+10,1.3282809862e+10,3.3445778041e+10,2.3090375898e+10,1.9615132071e+10,1.7786046590e+10,1.6562018012e+10,1.3076553665e+10,1.1225368688e+10,1.0220791216e+10,9.8075660354e+09,3.1616692560e+10,2.1261290417e+10,1.7786046590e+10,1.5956961108e+10,1.4732932531e+10,1.1247468183e+10,9.3962832073e+09,8.3917057346e+09,7.9784805542e+09,3.0392663982e+10,2.0037261839e+10,1.6562018012e+10,1.4732932531e+10,1.3508903953e+10,1.0023439606e+10,8.1722546296e+09,7.1676771570e+09,6.7544519765e+09,2.6907199635e+10,1.6551797492e+10,1.3076553665e+10,1.1247468183e+10,1.0023439606e+10,6.5379752584e+09,4.6867902823e+09,3.6822128097e+09,3.2689876292e+09,2.5056014658e+10,1.4700612516e+10,1.1225368688e+10,9.3962832073e+09,8.1722546296e+09,4.6867902823e+09,2.8356053061e+09,1.8310278335e+09,1.4178026530e+09,2.4051437186e+10,1.3696035043e+10,1.0220791216e+10,8.3917057346e+09,7.1676771570e+09,3.6822128097e+09,1.8310278335e+09,8.2645036086e+08,4.1322518043e+08
352,30000,20,4.0429116904e+10,3.1548419350e+10,2.8398745050e+10,2.6803697355e+10,2.5760366886e+10,2.2861248448e+10,2.1354386205e+10,2.0549163619e+10,2.0214558452e+10,3.1548419350e+10,2.2667721795e+10,1.9518047496e+10,1.7922999801e+10,1.6879669331e+10,1.3980550894e+10,1.2473688651e+10,1.1668466065e+10,1.1333860898e+10,2.8398745050e+10,1.9518047496e+10,1.6368373196e+10,1.4773325501e+10,1.3729995032e+10,1.0830876594e+10,9.3240143515e+09,8.5187917652e+09,8.1841865982e+09,2.6803697355e+10,1.7922999801e+10,1.4773325501e+10,1.3178277806e+10,1.2134947337e+10,9.2358288992e+09,7.7289666564e+09,6.9237440701e+09,6.5891389031e+09,2.5760366886e+10,1.6879669331e+10,1.3729995032e+10,1.2134947337e+10,1.1091616868e+10,8.1924984298e+09,6.6856361870e+09,5.8804136007e+09,5.5458084338e+09,2.2861248448e+10,1.3980550894e+10,1.0830876594e+10,9.2358288992e+09,8.1924984298e+09,5.2933799922e+09,3.7865177493e+09,2.9812951630e+09,2.6466899961e+09,2.1354386205e+10,1.2473688651e+10,9.3240143515e+09,7.7289666564e+09,6.6856361870e+09,3.7865177493e+09,2.2796555065e+09,1.4744329202e+09,1.1398277533e+09,2.0549163619e+10,1.1668466065e+10,8.5187917652e+09,6.9237440701e+09,5.8804136007e+09,2.9812951630e+09,1.4744329202e+09,6.6921033391e+08,3.3460516696e+08
353,30000,30,3.3473225709e+10,2.5924782240e+10,2.3152523000e+10,2.1825024476e+10,2.0985824704e+10,1.8732767696e+10,1.7592928904e+10,1.6993090352e+10,1.6736612854e+10,2.5924782240e+10,1.8376338771e+10,1.5604079531e+10,1.4276581007e+10,1.3437381235e+10,1.1184324227e+10,1.0044485435e+10,9.4446468829e+09,9.1881693856e+09,2.3152523000e+10,1.5604079531e+10,1.2831820292e+10,1.1504321767e+10,1.0665121995e+10,8.4120649871e+09,7.2722261953e+09,6.6723876432e+09,6.4159101459e+09,2.1825024476e+10,1.4276581007e+10,1.1504321767e+10,1.0176823242e+10,9.3376234707e+09,7.0845664624e+09,5.9447276706e+09,5.3448891185e+09,5.0884116212e+09,2.0985824704e+10,1.3437381235e+10,1.0665121995e+10,9.3376234707e+09,8.4984236989e+09,6.2453666906e+09,5.1055278988e+09,4.5056893468e+09,4.2492118495e+09,1.8732767696e+10,1.1184324227e+10,8.4120649871e+09,7.0845664624e+09,6.2453666906e+09,3.9923096823e+09,2.8524708905e+09,2.2526323385e+09,1.9961548412e+09,1.7592928904e+10,1.0044485435e+10,7.2722261953e+09,5.9447276706e+09,5.1055278988e+09,2.8524708905e+09,1.7126320987e+09,1.1127935466e+09,8.5631604934e+08,1.6993090352e+10,9.4446468829e+09,6.6723876432e+09,5.3448891185e+09,4.5056893468e+09,2.2526323385e+09,1.1127935466e+09,5.1295499462e+08,2.5647749731e+08
354,30000,40,2.8803658045e+10,2.1974375882e+10,1.9499415289e+10,1.8379941004e+10,1.7697680105e+10,1.5930656102e+10,1.5061339770e+10,1.4606219024e+10,1.4401829022e+10,2.1974375882e+10,1.5145093719e+10,1.2670133126e+10,1.1550658841e+10,1.0868397942e+10,9.1013739390e+09,8.2320576075e+09,7.7769368607e+09,7.5725468595e+09,1.9499415289e+10,1.2670133126e+10,1.0195172533e+10,9.0756982478e+09,8.3934373488e+09,6.6264133458e+09,5.7570970144e+09,5.3019762676e+09,5.0975862664e+09,1.8379941004e+10,1.1550658841e+10,9.0756982478e+09,7.9562239627e+09,7.2739630637e+09,5.5069390608e+09,4.6376227293e+09,4.1825019825e+09,3.9781119813e+09,1.7697680105e+10,1.0868397942e+10,8.3934373488e+09,7.2739630637e+09,6.5917021647e+09,4.8246781618e+09,3.9553618303e+09,3.5002410836e+09,3.2958510824e+09,1.5930656102e+10,9.1013739390e+09,6.6264133458e+09,5.5069390608e+09,4.8246781618e+09,3.0576541589e+09,2.1883378274e+09,1.7332170806e+09,1.5288270794e+09,1.5061339770e+10,8.2320576075e+09,5.7570970144e+09,4.6376227293e+09,3.9553618303e+09,2.1883378274e+09,1.3190214959e+09,8.6390074914e+08,6.5951074795e+08,1.4606219024e+10,7.7769368607e+09,5.3019762676e+09,4.1825019825e+09,3.5002410836e+09,1.7332170806e+09,8.6390074914e+08,4.0878000238e+08,2.0439000119e+08
355,30000,50,2.6270291864e+10,1.9819173200e+10,1.7515758595e+10,1.6514793376e+10,1.5920928008e+10,1.4420675123e+10,1.3694321142e+10,1.3313607293e+10,1.3135145932e+10,1.9819173200e+10,1.3368054536e+10,1.1064639930e+10,1.0063674712e+10,9.4698093434e+09,7.9695564593e+09,7.2432024775e+09,6.8624886288e+09,6.6840272678e+09,1.7515758595e+10,1.1064639930e+10,8.7612253253e+09,7.7602601066e+09,7.1663947383e+09,5.6661418541e+09,4.9397878724e+09,4.5590740237e+09,4.3806126627e+09,1.6514793376e+10,1.0063674712e+10,7.7602601066e+09,6.7592948879e+09,6.1654295196e+09,4.6651766354e+09,3.9388226537e+09,3.5581088050e+09,3.3796474440e+09,1.5920928008e+10,9.4698093434e+09,7.1663947383e+09,6.1654295196e+09,5.5715641513e+09,4.0713112671e+09,3.3449572854e+09,2.9642434367e+09,2.7857820756e+09,1.4420675123e+10,7.9695564593e+09,5.6661418541e+09,4.6651766354e+09,4.0713112671e+09,2.5710583829e+09,1.8447044012e+09,1.4639905525e+09,1.2855291915e+09,1.3694321142e+10,7.2432024775e+09,4.9397878724e+09,3.9388226537e+09,3.3449572854e+09,1.8447044012e+09,1.1183504194e+09,7.3763657073e+08,5.5917520971e+08,1.3313607293e+10,6.8624886288e+09,4.5590740237e+09,3.5581088050e+09,2.9642434367e+09,1.4639905525e+09,7.3763657073e+08,3.5692272203e+08,1.7846136101e+08
356,30000,60,2.4944690160e+10,1.8699474912e+10,1.6483097244e+10,1.5542430003e+10,1.4993662163e+10,1.3630452538e+10,1.2978430446e+10,1.2636910991e+10,1.2472345080e+10,1.8699474912e+10,1.2454259664e+10,1.0237881996e+10,9.2972147547e+09,8.7484469148e+09,7.3852372896e+09,6.7332151975e+09,6.3916957424e+09,6.2271298319e+09,1.6483097244e+10,1.0237881996e+10,8.0215043282e+09,7.0808370870e+09,6.5320692470e+09,5.1688596218e+09,4.5168375297e+09,4.1753180746e+09,4.0107521641e+09,1.5542430003e+10,9.2972147547e+09,7.0808370870e+09,6.1401698457e+09,5.5914020058e+09,4.2281923806e+09,3.5761702885e+09,3.2346508333e+09,3.0700849229e+09,1.4993662163e+10,8.7484469148e+09,6.5320692470e+09,5.5914020058e+09,5.0426341659e+09,3.6794245406e+09,3.0274024486e+09,2.6858829934e+09,2.5213170829e+09,1.3630452538e+10,7.3852372896e+09,5.1688596218e+09,4.2281923806e+09,3.6794245406e+09,2.3162149154e+09,1.6641928233e+09,1.3226733682e+09,1.1581074577e+09,1.2978430446e+10,6.7332151975e+09,4.5168375297e+09,3.5761702885e+09,3.0274024486e+09,1.6641928233e+09,1.0121707313e+09,6.7065127610e+08,5.0608536563e+08,1.2636910991e+10,6.3916957424e+09,4.1753180746e+09,3.2346508333e+09,2.6858829934e+09,1.3226733682e+09,6.7065127610e+08,3.2913182094e+08,1.6456591047e+08
357,30000,70,2.4188852654e+10,1.8062680906e+10,1.5895279806e+10,1.4988614061e+10,1.4465327230e+10,1.3179840548e+10,1.2570133351e+10,1.2251013313e+10,1.2094426327e+10,1.8062680906e+10,1.1936509159e+10,9.7691080580e+09,8.8624423136e+09,8.3391554823e+09,7.0536688006e+09,6.4439616034e+09,6.1248415653e+09,5.9682545794e+09,1.5895279806e+10,9.7691080580e+09,7.6017069571e+09,6.6950412128e+09,6.1717543814e+09,4.8862676997e+09,4.2765605025e+09,3.9574404645e+09,3.8008534786e+09,1.4988614061e+10,8.8624423136e+09,6.6950412128e+09,5.7883754684e+09,5.2650886370e+09,3.9796019554e+09,3.3698947582e+09,3.0507747201e+09,2.8941877342e+09,1.4465327230e+10,8.3391554823e+09,6.1717543814e+09,5.2650886370e+09,4.7418018057e+09,3.4563151240e+09,2.8466079268e+09,2.5274878887e+09,2.3709009028e+09,1.3179840548e+10,7.0536688006e+09,4.8862676997e+09,3.9796019554e+09,3.4563151240e+09,2.1708284423e+09,1.5611212451e+09,1.2420012071e+09,1.0854142212e+09,1.2570133351e+10,6.4439616034e+09,4.2765605025e+09,3.3698947582e+09,2.8466079268e+09,1.5611212451e+09,9.5141404795e+08,6.3229400987e+08,4.7570702398e+08,1.2251013313e+10,6.1248415653e+09,3.9574404645e+09,3.0507747201e+09,2.5274878887e+09,1.2420012071e+09,6.3229400987e+08,3.1317397180e+08,1.5658698590e+08
358,30000,80,2.3791424860e+10,1.7727926007e+10,1.5586182203e+10,1.4697346389e+10,1.4187429116e+10,1.2942786615e+10,1.2355377673e+10,1.2048081457e+10,1.1895712430e+10,1.7727926007e+10,1.1664427153e+10,9.5226833490e+09,8.6338475355e+09,8.1239302624e+09,6.8792877611e+09,6.2918788195e+09,5.9845826035e+09,5.8322135767e+09,1.5586182203e+10,9.5226833490e+09,7.3809395448e+09,6.4921037312e+09,5.9821864581e+09,4.7375439568e+09,4.1501350152e+09,3.8428387992e+09,3.6904697724e+09,1.4697346389e+10,8.6338475355e+09,6.4921037312e+09,5.6032679177e+09,5.0933506446e+09,3.8487081433e+09,3.2612992017e+09,2.9540029857e+09,2.8016339588e+09,1.4187429116e+10,8.1239302624e+09,5.9821864581e+09,5.0933506446e+09,4.5834333714e+09,3.3387908701e+09,2.7513819286e+09,2.4440857125e+09,2.2917166857e+09,1.2942786615e+10,6.8792877611e+09,4.7375439568e+09,3.8487081433e+09,3.3387908701e+09,2.0941483688e+09,1.5067394273e+09,1.1994432112e+09,1.0470741844e+09,1.2355377673e+10,6.2918788195e+09,4.1501350152e+09,3.2612992017e+09,2.7513819286e+09,1.5067394273e+09,9.1933048572e+08,6.1203426967e+08,4.5966524286e+08,1.2048081457e+10,5.9845826035e+09,3.8428387992e+09,2.9540029857e+09,2.4440857125e+09,1.1994432112e+09,6.1203426967e+08,3.0473805362e+08,1.5236902681e+08
359,30000,90,2.3667695940e+10,1.7623596013e+10,1.5489859620e+10,1.4606588875e+10,1.4100845241e+10,1.2868955630e+10,1.2288501621e+10,1.1984897475e+10,1.1833847970e+10,1.7623596013e+10,1.1579496086e+10,9.4457596930e+09,8.5624889479e+09,8.0567453135e+09,6.8248557034e+09,6.2444016943e+09,5.9407975479e+09,5.7897480431e+09,1.5489859620e+10,9.4457596930e+09,7.3120232998e+09,6.4287525547e+09,5.9230089202e+09,4.6911193101e+09,4.1106653011e+09,3.8070611547e+09,3.6560116499e+09,1.4606588875e+10,8.5624889479e+09,6.4287525547e+09,5.5454818096e+09,5.0397381752e+09,3.8078485651e+09,3.2273945560e+09,2.9237904097e+09,2.7727409048e+09,1.4100845241e+10,8.0567453135e+09,5.9230089202e+09,5.0397381752e+09,4.5339945407e+09,3.3021049306e+09,2.7216509215e+09,2.4180467752e+09,2.2669972703e+09,1.2868955630e+10,6.8248557034e+09,4.6911193101e+09,3.8078485651e+09,3.3021049306e+09,2.0702153205e+09,1.4897613114e+09,1.1861571651e+09,1.0351076603e+09,1.2288501621e+10,6.2444016943e+09,4.1106653011e+09,3.2273945560e+09,2.7216509215e+09,1.4897613114e+09,9.0930730236e+08,6.0570315602e+08,4.5465365118e+08,1.1984897475e+10,5.9407975479e+09,3.8070611547e+09,2.9237904097e+09,2.4180467752e+09,1.1861571651e+09,6.0570315602e+08,3.0209900967e+08,1.5104950483e+08
360,35800,0,2.8747583206e+10,2.2325649962e+10,1.9687679530e+10,1.8472971147e+10,1.7730851457e+10,1.5853361320e+10,1.4968135433e+10,1.4546050687e+10,1.4373791603e+10,2.2325649962e+10,1.5903716717e+10,1.3265746286e+10,1.2051037903e+10,1.1308918212e+10,9.4314280752e+09,8.5462021889e+09,8.1241174425e+09,7.9518583585e+09,1.9687679530e+10,1.3265746286e+10,1.0627775854e+10,9.4130674714e+09,8.6709477805e+09,6.7934576438e+09,5.9082317575e+09,5.4861470111e+09,5.3138879271e+09,1.8472971147e+10,1.2051037903e+10,9.4130674714e+09,8.1983590885e+09,7.4562393977e+09,5.5787492610e+09,4.6935233746e+09,4.2714386282e+09,4.0991795443e+09,1.7730851457e+10,1.1308918212e+10,8.6709477805e+09,7.4562393977e+09,6.7141197069e+09,4.8366295701e+09,3.9514036838e+09,3.5293189374e+09,3.3570598534e+09,1.5853361320e+10,9.4314280752e+09,6.7934576438e+09,5.5787492610e+09,4.8366295701e+09,2.9591394334e+09,2.0739135471e+09,1.6518288007e+09,1.4795697167e+09,1.4968135433e+10,8.5462021889e+09,5.9082317575e+09,4.6935233746e+09,3.9514036838e+09,2.0739135471e+09,1.1886876607e+09,7.6660291434e+08,5.9434383036e+08,1.4546050687e+10,8.1241174425e+09,5.4861470111e+09,4.2714386282e+09,3.5293189374e+09,1.6518288007e+09,7.6660291434e+08,3.4451816796e+08,1.7225908398e+08
361,35800,10,2.7422123868e+10,2.1185280355e+10,1.8632648865e+10,1.7477496723e+10,1.6780253738e+10,1.5044524452e+10,1.4246838563e+10,1.3869114045e+10,1.3711061934e+10,2.1185280355e+10,1.4948436843e+10,1.2395805353e+10,1.1240653210e+10,1.0543410225e+10,8.8076809398e+09,8.0099950504e+09,7.6322705320e+09,7.4742184213e+09,1.8632648865e+10,1.2395805353e+10,9.8431738630e+09,8.6880217204e+09,7.9907787356e+09,6.2550494500e+09,5.4573635606e+09,5.0796390422e+09,4.9215869315e+09,1.7477496723e+10,1.1240653210e+10,8.6880217204e+09,7.5328695777e+09,6.8356265930e+09,5.0998973074e+09,4.3022114179e+09,3.9244868995e+09,3.7664347889e+09,1.6780253738e+10,1.0543410225e+10,7.9907787356e+09,6.8356265930e+09,6.1383836083e+09,4.4026543227e+09,3.6049684332e+09,3.2272439148e+09,3.0691918041e+09,1.5044524452e+10,8.8076809398e+09,6.2550494500e+09,5.0998973074e+09,4.4026543227e+09,2.6669250371e+09,1.8692391476e+09,1.4915146292e+09,1.3334625185e+09,1.4246838563e+10,8.0099950504e+09,5.4573635606e+09,4.3022114179e+09,3.6049684332e+09,1.8692391476e+09,1.0715532581e+09,6.9382873974e+08,5.3577662906e+08,1.3869114045e+10,7.6322705320e+09,5.0796390422e+09,3.9244868995e+09,3.2272439148e+09,1.4915146292e+09,6.9382873974e+08,3.1610422137e+08,1.5805211068e+08
362,35800,20,2.4201736523e+10,1.8394770446e+10,1.6070069070e+10,1.5072460716e+10,1.4492768090e+10,1.3113540523e+10,1.2511169570e+10,1.2229230189e+10,1.2100868262e+10,1.8394770446e+10,1.2587804369e+10,1.0263102993e+10,9.2654946393e+09,8.6858020132e+09,7.3065744462e+09,6.7042034927e+09,6.4222641122e+09,6.2939021846e+09,1.6070069070e+10,1.0263102993e+10,7.9384016160e+09,6.9407932627e+09,6.3611006366e+09,4.9818730696e+09,4.3795021161e+09,4.0975627356e+09,3.9692008080e+09,1.5072460716e+10,9.2654946393e+09,6.9407932627e+09,5.9431849095e+09,5.3634922833e+09,3.9842647163e+09,3.3818937628e+09,3.0999543823e+09,2.9715924547e+09,1.4492768090e+10,8.6858020132e+09,6.3611006366e+09,5.3634922833e+09,4.7837996572e+09,3.4045720902e+09,2.8022011367e+09,2.5202617562e+09,2.3918998286e+09,1.3113540523e+10,7.3065744462e+09,4.9818730696e+09,3.9842647163e+09,3.4045720902e+09,2.0253445232e+09,1.4229735697e+09,1.1410341892e+09,1.0126722616e+09,1.2511169570e+10,6.7042034927e+09,4.3795021161e+09,3.3818937628e+09,2.8022011367e+09,1.4229735697e+09,8.2060261620e+08,5.3866323569e+08,4.1030130810e+08,1.2229230189e+10,6.4222641122e+09,4.0975627356e+09,3.0999543823e+09,2.5202617562e+09,1.1410341892e+09,5.3866323569e+08,2.5672385517e+08,1.2836192758e+08
363,35800,30,2.1420483817e+10,1.5947507736e+10,1.3846894439e+10,1.3000904612e+10,1.2532117890e+10,1.1471752463e+10,1.1026460170e+10,1.0817467313e+10,1.0710241908e+10,1.5947507736e+10,1.0474531655e+10,8.3739183582e+09,7.5279285315e+09,7.0591418094e+09,5.9987763826e+09,5.5534840888e+09,5.3444912323e+09,5.2372658276e+09,1.3846894439e+10,8.3739183582e+09,6.2733050613e+09,5.4273152345e+09,4.9585285124e+09,3.8981630857e+09,3.4528707919e+09,3.2438779354e+09,3.1366525306e+09,1.3000904612e+10,7.5279285315e+09,5.4273152345e+09,4.5813254078e+09,4.1125386857e+09,3.0521732590e+09,2.6068809652e+09,2.3978881086e+09,2.2906627039e+09,1.2532117890e+10,7.0591418094e+09,4.9585285124e+09,4.1125386857e+09,3.6437519636e+09,2.5833865369e+09,2.1380942431e+09,1.9291013865e+09,1.8218759818e+09,1.1471752463e+10,5.9987763826e+09,3.8981630857e+09,3.0521732590e+09,2.5833865369e+09,1.5230211101e+09,1.0777288163e+09,8.6873595978e+08,7.6151055506e+08,1.1026460170e+10,5.5534840888e+09,3.4528707919e+09,2.6068809652e+09,2.1380942431e+09,1.0777288163e+09,6.3243652249e+08,4.2344366597e+08,3.1621826125e+08,1.0817467313e+10,5.3444912323e+09,3.2438779354e+09,2.3978881086e+09,1.9291013865e+09,8.6873595978e+08,4.2344366597e+08,2.1445080945e+08,1.0722540472e+08
364,35800,40,1.9991756573e+10,1.4687316502e+10,1.2709724432e+10,1.1945423306e+10,1.1535365660e+10,1.0637450043e+10,1.0268537161e+10,1.0093675172e+10,9.9958782865e+09,1.4687316502e+10,9.3828764318e+09,7.4052843609e+09,6.6409832356e+09,6.2309255890e+09,5.3330099721e+09,4.9640970905e+09,4.7892351015e+09,4.6914382159e+09,1.2709724432e+10,7.4052843609e+09,5.4276922901e+09,4.6633911648e+09,4.2533335182e+09,3.3554179012e+09,2.9865050197e+09,2.8116430306e+09,2.7138461450e+09,1.1945423306e+10,6.6409832356e+09,4.6633911648e+09,3.8990900395e+09,3.4890323929e+09,2.5911167759e+09,2.2222038944e+09,2.0473419053e+09,1.9495450197e+09,1.1535365660e+10,6.2309255890e+09,4.2533335182e+09,3.4890323929e+09,3.0789747463e+09,2.1810591293e+09,1.8121462478e+09,1.6372842587e+09,1.5394873731e+09,1.0637450043e+10,5.3330099721e+09,3.3554179012e+09,2.5911167759e+09,2.1810591293e+09,1.2831435123e+09,9.1423063078e+08,7.3936864174e+08,6.4157175617e+08,1.0268537161e+10,4.9640970905e+09,2.9865050197e+09,2.2222038944e+09,1.8121462478e+09,9.1423063078e+08,5.4531774923e+08,3.7045576019e+08,2.7265887462e+08,1.0093675172e+10,4.7892351015e+09,2.8116430306e+09,2.0473419053e+09,1.6372842587e+09,7.3936864174e+08,3.7045576019e+08,1.9559377114e+08,9.7796885572e+07
365,35800,50,1.9321995254e+10,1.4098045443e+10,1.2177392636e+10,1.1450926741e+10,1.1068093897e+10,1.0245778584e+10,9.9128419701e+09,9.7542324973e+09,9.6609976271e+09,1.4098045443e+10,8.8740956325e+09,6.9534428252e+09,6.2269769305e+09,5.8441440864e+09,5.0218287735e+09,4.6888921593e+09,4.5302826865e+09,4.4370478163e+09,1.2177392636e+10,6.9534428252e+09,5.0327900179e+09,4.3063241232e+09,3.9234912791e+09,3.1011759662e+09,2.7682393520e+09,2.6096298792e+09,2.5163950090e+09,1.1450926741e+10,6.2269769305e+09,4.3063241232e+09,3.5798582285e+09,3.1970253844e+09,2.3747100715e+09,2.0417734573e+09,1.8831639845e+09,1.7899291143e+09,1.1068093897e+10,5.8441440864e+09,3.9234912791e+09,3.1970253844e+09,2.8141925403e+09,1.9918772274e+09,1.6589406132e+09,1.5003311404e+09,1.4070962701e+09,1.0245778584e+10,5.0218287735e+09,3.1011759662e+09,2.3747100715e+09,1.9918772274e+09,1.1695619144e+09,8.3662530028e+08,6.7801582749e+08,5.8478095721e+08,9.9128419701e+09,4.6888921593e+09,2.7682393520e+09,2.0417734573e+09,1.6589406132e+09,8.3662530028e+08,5.0368868614e+08,3.4507921334e+08,2.5184434307e+08,9.7542324973e+09,4.5302826865e+09,2.6096298792e+09,1.8831639845e+09,1.5003311404e+09,6.7801582749e+08,3.4507921334e+08,1.8646974054e+08,9.3234870272e+07
366,35800,60,1.8943333911e+10,1.3764888685e+10,1.1876079183e+10,1.1170848866e+10,1.0803345410e+10,1.0023899442e+10,9.7115255401e+09,9.5622598786e+09,9.4716669557e+09,1.3764888685e+10,8.5864434587e+09,6.6976339567e+09,5.9924036394e+09,5.6249001834e+09,4.8454542153e+09,4.5330803138e+09,4.3838146522e+09,4.2932217294e+09,1.1876079183e+10,6.6976339567e+09,4.8088244548e+09,4.1035941374e+09,3.7360906814e+09,2.9566447133e+09,2.6442708118e+09,2.4950051502e+09,2.4044122274e+09,1.1170848866e+10,5.9924036394e+09,4.1035941374e+09,3.3983638200e+09,3.0308603641e+09,2.2514143960e+09,1.9390404944e+09,1.7897748329e+09,1.6991819100e+09,1.0803345410e+10,5.6249001834e+09,3.7360906814e+09,3.0308603641e+09,2.6633569081e+09,1.8839109400e+09,1.5715370384e+09,1.4222713769e+09,1.3316784540e+09,1.0023899442e+10,4.8454542153e+09,2.9566447133e+09,2.2514143960e+09,1.8839109400e+09,1.1044649719e+09,7.9209107038e+08,6.4282540883e+08,5.5223248597e+08,9.7115255401e+09,4.5330803138e+09,2.6442708118e+09,1.9390404944e+09,1.5715370384e+09,7.9209107038e+08,4.7971716882e+08,3.3045150727e+08,2.3985858441e+08,9.5622598786e+09,4.3838146522e+09,2.4950051502e+09,1.7897748329e+09,1.4222713769e+09,6.4282540883e+08,3.3045150727e+08,1.8118584572e+08,9.0592922861e+07
367,35800,70,1.8725310926e+10,1.3573105186e+10,1.1702548736e+10,1.1009502792e+10,1.0650803893e+10,9.8960437399e+09,9.5955635178e+09,9.4517133722e+09,9.3626554631e+09,1.3573105186e+10,8.4208994466e+09,6.5503429960e+09,5.8572970521e+09,5.4985981536e+09,4.7438380000e+09,4.4433577780e+09,4.2995076324e+09,4.2104497233e+09,1.1702548736e+10,6.5503429960e+09,4.6797865454e+09,3.9867406015e+09,3.6280417030e+09,2.8732815495e+09,2.5728013274e+09,2.4289511819e+09,2.3398932727e+09,1.1009502792e+10,5.8572970521e+09,3.9867406015e+09,3.2936946576e+09,2.9349957591e+09,2.1802356055e+09,1.8797553835e+09,1.7359052379e+09,1.6468473288e+09,1.0650803893e+10,5.4985981536e+09,3.6280417030e+09,2.9349957591e+09,2.5762968606e+09,1.8215367070e+09,1.5210564850e+09,1.3772063394e+09,1.2881484303e+09,9.8960437399e+09,4.7438380000e+09,2.8732815495e+09,2.1802356055e+09,1.8215367070e+09,1.0667765535e+09,7.6629633144e+08,6.2244618586e+08,5.3338827674e+08,9.5955635178e+09,4.4433577780e+09,2.5728013274e+09,1.8797553835e+09,1.5210564850e+09,7.6629633144e+08,4.6581610941e+08,3.2196596383e+08,2.3290805470e+08,9.4517133722e+09,4.2995076324e+09,2.4289511819e+09,1.7359052379e+09,1.3772063394e+09,6.2244618586e+08,3.2196596383e+08,1.7811581825e+08,8.9057909126e+07
368,35800,80,1.8619021579e+10,1.3479653044e+10,1.1618023637e+10,1.0930926957e+10,1.0576520934e+10,9.8337598430e+09,9.5390519897e+09,9.3978265266e+09,9.3095107894e+09,1.3479653044e+10,8.3402845082e+09,6.4786551018e+09,5.7915584216e+09,5.4371523990e+09,4.6943913077e+09,4.3996834544e+09,4.2584579913e+09,4.1701422541e+09,1.1618023637e+10,6.4786551018e+09,4.6170256953e+09,3.9299290152e+09,3.5755229925e+09,2.8327619013e+09,2.5380540479e+09,2.3968285848e+09,2.3085128477e+09,1.0930926957e+10,5.7915584216e+09,3.9299290152e+09,3.2428323350e+09,2.8884263124e+09,2.1456652211e+09,1.8509573678e+09,1.7097319047e+09,1.6214161675e+09,1.0576520934e+10,5.4371523990e+09,3.5755229925e+09,2.8884263124e+09,2.5340202897e+09,1.7912591985e+09,1.4965513451e+09,1.3553258820e+09,1.2670101449e+09,9.8337598430e+09,4.6943913077e+09,2.8327619013e+09,2.1456652211e+09,1.7912591985e+09,1.0484981073e+09,7.5379025387e+08,6.1256479080e+08,5.2424905363e+08,9.5390519897e+09,4.3996834544e+09,2.5380540479e+09,1.8509573678e+09,1.4965513451e+09,7.5379025387e+08,4.5908240049e+08,3.1785693742e+08,2.2954120025e+08,9.3978265266e+09,4.2584579913e+09,2.3968285848e+09,1.7097319047e+09,1.3553258820e+09,6.1256479080e+08,3.1785693742e+08,1.7663147434e+08,8.8315737171e+07
369,35800,90,1.8597676499e+10,1.3460862164e+10,1.1601058223e+10,1.0915174600e+10,1.0561641353e+10,9.8212987875e+09,9.5277286772e+09,9.3870128495e+09,9.2988382495e+09,1.3460862164e+10,8.3240478291e+09,6.4642438885e+09,5.7783602648e+09,5.4248270176e+09,4.6844844526e+09,4.3909143423e+09,4.2501985146e+09,4.1620239145e+09,1.1601058223e+10,6.4642438885e+09,4.6044399479e+09,3.9185563242e+09,3.5650230770e+09,2.8246805120e+09,2.5311104017e+09,2.3903945740e+09,2.3022199740e+09,1.0915174600e+10,5.7783602648e+09,3.9185563242e+09,3.2326727005e+09,2.8791394533e+09,2.1387968882e+09,1.8452267780e+09,1.7045109503e+09,1.6163363502e+09,1.0561641353e+10,5.4248270176e+09,3.5650230770e+09,2.8791394533e+09,2.5256062061e+09,1.7852636411e+09,1.4916935308e+09,1.3509777031e+09,1.2628031030e+09,9.8212987875e+09,4.6844844526e+09,2.8246805120e+09,2.1387968882e+09,1.7852636411e+09,1.0449210760e+09,7.5135096575e+08,6.1063513806e+08,5.2246053802e+08,9.5277286772e+09,4.3909143423e+09,2.5311104017e+09,1.8452267780e+09,1.4916935308e+09,7.5135096575e+08,4.5778085546e+08,3.1706502777e+08,2.2889042773e+08,9.3870128495e+09,4.2501985146e+09,2.3903945740e+09,1.7045109503e+09,1.3509777031e+09,6.1063513806e+08,3.1706502777e+08,1.7634920008e+08,8.8174600038e+07
370,384399,0,1.6325767639e+10,1.1446000558e+10,9.7735059525e+09,9.2160588931e+09,8.9563006191e+09,8.4812889368e+09,8.3165064197e+09,8.2345996325e+09,8.1628838194e+09,1.1446000558e+10,6.5662334776e+09,4.8937388718e+09,4.3362918125e+09,4.0765335385e+09,3.6015218562e+09,3.4367393391e+09,3.3548325518e+09,3.2831167388e+09,9.7735059525e+09,4.8937388718e+09,3.2212442661e+09,2.6637972068e+09,2.4040389328e+09,1.9290272504e+09,1.7642447334e+09,1.6823379461e+09,1.6106221330e+09,9.2160588931e+09,4.3362918125e+09,2.6637972068e+09,2.1063501474e+09,1.8465918735e+09,1.3715801911e+09,1.2067976740e+09,1.1248908868e+09,1.0531750737e+09,8.9563006191e+09,4.0765335385e+09,2.4040389328e+09,1.8465918735e+09,1.5868335995e+09,1.1118219171e+09,9.4703940005e+08,8.6513261276e+08,7.9341679973e+08,8.4812889368e+09,3.6015218562e+09,1.9290272504e+09,1.3715801911e+09,1.1118219171e+09,6.3681023476e+08,4.7202771770e+08,3.9012093042e+08,3.1840511738e+08,8.3165064197e+09,3.4367393391e+09,1.7642447334e+09,1.2067976740e+09,9.4703940005e+08,4.7202771770e+08,3.0724520064e+08,2.2533841336e+08,1.5362260032e+08,8.2345996325e+09,3.3548325518e+09,1.6823379461e+09,1.1248908868e+09,8.6513261276e+08,3.9012093042e+08,2.2533841336e+08,1.4343162607e+08,7.1715813035e+07
371,384399,10,1.6325767639e+10,1.1446000558e+10,9.7735059525e+09,9.2160588931e+09,8.9563006191e+09,8.4812889368e+09,8.3165064197e+09,8.2345996325e+09,8.1628838194e+09,1.1446000558e+10,6.5662334776e+09,4.8937388718e+09,4.3362918125e+09,4.0765335385e+09,3.6015218562e+09,3.4367393391e+09,3.3548325518e+09,3.2831167388e+09,9.7735059525e+09,4.8937388718e+09,3.2212442661e+09,2.6637972068e+09,2.4040389328e+09,1.9290272504e+09,1.7642447334e+09,1.6823379461e+09,1.6106221330e+09,9.2160588931e+09,4.3362918125e+09,2.6637972068e+09,2.1063501474e+09,1.8465918735e+09,1.3715801911e+09,1.2067976740e+09,1.1248908868e+09,1.0531750737e+09,8.9563006191e+09,4.0765335385e+09,2.4040389328e+09,1.8465918735e+09,1.5868335995e+09,1.1118219171e+09,9.4703940005e+08,8.6513261276e+08,7.9341679973e+08,8.4812889368e+09,3.6015218562e+09,1.9290272504e+09,1.3715801911e+09,1.1118219171e+09,6.3681023476e+08,4.7202771770e+08,3.9012093042e+08,3.1840511738e+08,8.3165064197e+09,3.4367393391e+09,1.7642447334e+09,1.2067976740e+09,9.4703940005e+08,4.7202771770e+08,3.0724520064e+08,2.2533841336e+08,1.5362260032e+08,8.2345996325e+09,3.3548325518e+09,1.6823379461e+09,1.1248908868e+09,8.6513261276e+08,3.9012093042e+08,2.2533841336e+08,1.4343162607e+08,7.1715813035e+07
372,384399,20,1.6325767639e+10,1.1446000558e+10,9.7735059525e+09,9.2160588931e+09,8.9563006191e+09,8.4812889368e+09,8.3165064197e+09,8.2345996325e+09,8.1628838194e+09,1.1446000558e+10,6.5662334776e+09,4.8937388718e+09,4.3362918125e+09,4.0765335385e+09,3.6015218562e+09,3.4367393391e+09,3.3548325518e+09,3.2831167388e+09,9.7735059525e+09,4.8937388718e+09,3.2212442661e+09,2.6637972068e+09,2.4040389328e+09,1.9290272504e+09,1.7642447334e+09,1.6823379461e+09,1.6106221330e+09,9.2160588931e+09,4.3362918125e+09,2.6637972068e+09,2.1063501474e+09,1.8465918735e+09,1.3715801911e+09,1.2067976740e+09,1.1248908868e+09,1.0531750737e+09,8.9563006191e+09,4.0765335385e+09,2.4040389328e+09,1.8465918735e+09,1.5868335995e+09,1.1118219171e+09,9.4703940005e+08,8.6513261276e+08,7.9341679973e+08,8.4812889368e+09,3.6015218562e+09,1.9290272504e+09,1.3715801911e+09,1.1118219171e+09,6.3681023476e+08,4.7202771770e+08,3.9012093042e+08,3.1840511738e+08,8.3165064197e+09,3.4367393391e+09,1.7642447334e+09,1.2067976740e+09,9.4703940005e+08,4.7202771770e+08,3.0724520064e+08,2.2533841336e+08,1.5362260032e+08,8.2345996325e+09,3.3548325518e+09,1.6823379461e+09,1.1248908868e+09,8.6513261276e+08,3.9012093042e+08,2.2533841336e+08,1.4343162607e+08,7.1715813035e+07
373,384399,30,1.6325767639e+10,1.1446000558e+10,9.7735059525e+09,9.2160588931e+09,8.9563006191e+09,8.4812889368e+09,8.3165064197e+09,8.2345996325e+09,8.1628838194e+09,1.1446000558e+10,6.5662334776e+09,4.8937388718e+09,4.3362918125e+09,4.0765335385e+09,3.6015218562e+09,3.4367393391e+09,3.3548325518e+09,3.2831167388e+09,9.7735059525e+09,4.8937388718e+09,3.2212442661e+09,2.6637972068e+09,2.4040389328e+09,1.9290272504e+09,1.7642447334e+09,1.6823379461e+09,1.6106221330e+09,9.2160588931e+09,4.3362918125e+09,2.6637972068e+09,2.1063501474e+09,1.8465918735e+09,1.3715801911e+09,1.2067976740e+09,1.1248908868e+09,1.0531750737e+09,8.9563006191e+09,4.0765335385e+09,2.4040389328e+09,1.8465918735e+09,1.5868335995e+09,1.1118219171e+09,9.4703940005e+08,8.6513261276e+08,7.9341679973e+08,8.4812889368e+09,3.6015218562e+09,1.9290272504e+09,1.3715801911e+09,1.1118219171e+09,6.3681023476e+08,4.7202771770e+08,3.9012093042e+08,3.1840511738e+08,8.3165064197e+09,3.4367393391e+09,1.7642447334e+09,1.2067976740e+09,9.4703940005e+08,4.7202771770e+08,3.0724520064e+08,2.2533841336e+08,1.5362260032e+08,8.2345996325e+09,3.3548325518e+09,1.6823379461e+09,1.1248908868e+09,8.6513261276e+08,3.9012093042e+08,2.2533841336e+08,1.4343162607e+08,7.1715813035e+07
374,384399,40,1.6325767639e+10,1.1446000558e+10,9.7735059525e+09,9.2160588931e+09,8.9563006191e+09,8.4812889368e+09,8.3165064197e+09,8.2345996325e+09,8.1628838194e+09,1.1446000558e+10,6.5662334776e+09,4.8937388718e+09,4.3362918125e+09,4.0765335385e+09,3.6015218562e+09,3.4367393391e+09,3.3548325518e+09,3.2831167388e+09,9.7735059525e+09,4.8937388718e+09,3.2212442661e+09,2.6637972068e+09,2.4040389328e+09,1.9290272504e+09,1.7642447334e+09,1.6823379461e+09,1.6106221330e+09,9.2160588931e+09,4.3362918125e+09,2.6637972068e+09,2.1063501474e+09,1.8465918735e+09,1.3715801911e+09,1.2067976740e+09,1.1248908868e+09,1.0531750737e+09,8.9563006191e+09,4.0765335385e+09,2.4040389328e+09,1.8465918735e+09,1.5868335995e+09,1.1118219171e+09,9.4703940005e+08,8.6513261276e+08,7.9341679973e+08,8.4812889368e+09,3.6015218562e+09,1.9290272504e+09,1.3715801911e+09,1.1118219171e+09,6.3681023476e+08,4.7202771770e+08,3.9012093042e+08,3.1840511738e+08,8.3165064197e+09,3.4367393391e+09,1.7642447334e+09,1.2067976740e+09,9.4703940005e+08,4.7202771770e+08,3.0724520064e+08,2.2533841336e+08,1.5362260032e+08,8.2345996325e+09,3.3548325518e+09,1.6823379461e+09,1.1248908868e+09,8.6513261276e+08,3.9012093042e+08,2.2533841336e+08,1.4343162607e+08,7.1715813035e+07
375,384399,50,1.6325767639e+10,1.1446000558e+10,9.7735059525e+09,9.2160588931e+09,8.9563006191e+09,8.4812889368e+09,8.3165064197e+09,8.2345996325e+09,8.1628838194e+09,1.1446000558e+10,6.5662334776e+09,4.8937388718e+09,4.3362918125e+09,4.0765335385e+09,3.6015218562e+09,3.4367393391e+09,3.3548325518e+09,3.2831167388e+09,9.7735059525e+09,4.8937388718e+09,3.2212442661e+09,2.6637972068e+09,2.4040389328e+09,1.9290272504e+09,1.7642447334e+09,1.6823379461e+09,1.6106221330e+09,9.2160588931e+09,4.3362918125e+09,2.6637972068e+09,2.1063501474e+09,1.8465918735e+09,1.3715801911e+09,1.2067976740e+09,1.1248908868e+09,1.0531750737e+09,8.9563006191e+09,4.0765335385e+09,2.4040389328e+09,1.8465918735e+09,1.5868335995e+09,1.1118219171e+09,9.4703940005e+08,8.6513261276e+08,7.9341679973e+08,8.4812889368e+09,3.6015218562e+09,1.9290272504e+09,1.3715801911e+09,1.1118219171e+09,6.3681023476e+08,4.7202771770e+08,3.9012093042e+08,3.1840511738e+08,8.3165064197e+09,3.4367393391e+09,1.7642447334e+09,1.2067976740e+09,9.4703940005e+08,4.7202771770e+08,3.0724520064e+08,2.2533841336e+08,1.5362260032e+08,8.2345996325e+09,3.3548325518e+09,1.6823379461e+09,1.1248908868e+09,8.6513261276e+08,3.9012093042e+08,2.2533841336e+08,1.4343162607e+08,7.1715813035e+07
376,384399,60,1.6325767639e+10,1.1446000558e+10,9.7735059525e+09,9.2160588931e+09,8.9563006191e+09,8.4812889368e+09,8.3165064197e+09,8.2345996325e+09,8.1628838194e+09,1.1446000558e+10,6.5662334776e+09,4.8937388718e+09,4.3362918125e+09,4.0765335385e+09,3.6015218562e+09,3.4367393391e+09,3.3548325518e+09,3.2831167388e+09,9.7735059525e+09,4.8937388718e+09,3.2212442661e+09,2.6637972068e+09,2.4040389328e+09,1.9290272504e+09,1.7642447334e+09,1.6823379461e+09,1.6106221330e+09,9.2160588931e+09,4.3362918125e+09,2.6637972068e+09,2.1063501474e+09,1.8465918735e+09,1.3715801911e+09,1.2067976740e+09,1.1248908868e+09,1.0531750737e+09,8.9563006191e+09,4.0765335385e+09,2.4040389328e+09,1.8465918735e+09,1.5868335995e+09,1.1118219171e+09,9.4703940005e+08,8.6513261276e+08,7.9341679973e+08,8.4812889368e+09,3.6015218562e+09,1.9290272504e+09,1.3715801911e+09,1.1118219171e+09,6.3681023476e+08,4.7202771770e+08,3.9012093042e+08,3.1840511738e+08,8.3165064197e+09,3.4367393391e+09,1.7642447334e+09,1.2067976740e+09,9.4703940005e+08,4.7202771770e+08,3.0724520064e+08,2.2533841336e+08,1.5362260032e+08,8.2345996325e+09,3.3548325518e+09,1.6823379461e+09,1.1248908868e+09,8.6513261276e+08,3.9012093042e+08,2.2533841336e+08,1.4343162607e+08,7.1715813035e+07
377,384399,70,1.6325767639e+10,1.1446000558e+10,9.7735059525e+09,9.2160588931e+09,8.9563006191e+09,8.4812889368e+09,8.3165064197e+09,8.2345996325e+09,8.1628838194e+09,1.1446000558e+10,6.5662334776e+09,4.8937388718e+09,4.3362918125e+09,4.0765335385e+09,3.6015218562e+09,3.4367393391e+09,3.3548325518e+09,3.2831167388e+09,9.7735059525e+09,4.8937388718e+09,3.2212442661e+09,2.6637972068e+09,2.4040389328e+09,1.9290272504e+09,1.7642447334e+09,1.6823379461e+09,1.6106221330e+09,9.2160588931e+09,4.3362918125e+09,2.6637972068e+09,2.1063501474e+09,1.8465918735e+09,1.3715801911e+09,1.2067976740e+09,1.1248908868e+09,1.0531750737e+09,8.9563006191e+09,4.0765335385e+09,2.4040389328e+09,1.8465918735e+09,1.5868335995e+09,1.1118219171e+09,9.4703940005e+08,8.6513261276e+08,7.9341679973e+08,8.4812889368e+09,3.6015218562e+09,1.9290272504e+09,1.3715801911e+09,1.1118219171e+09,6.3681023476e+08,4.7202771770e+08,3.9012093042e+08,3.1840511738e+08,8.3165064197e+09,3.4367393391e+09,1.7642447334e+09,1.2067976740e+09,9.4703940005e+08,4.7202771770e+08,3.0724520064e+08,2.2533841336e+08,1.5362260032e+08,8.2345996325e+09,3.3548325518e+09,1.6823379461e+09,1.1248908868e+09,8.6513261276e+08,3.9012093042e+08,2.2533841336e+08,1.4343162607e+08,7.1715813035e+07
378,384399,80,1.6325767639e+10,1.1446000558e+10,9.7735059525e+09,9.2160588931e+09,8.9563006191e+09,8.4812889368e+09,8.3165064197e+09,8.2345996325e+09,8.1628838194e+09,1.1446000558e+10,6.5662334776e+09,4.8937388718e+09,4.3362918125e+09,4.0765335385e+09,3.6015218562e+09,3.4367393391e+09,3.3548325518e+09,3.2831167388e+09,9.7735059525e+09,4.8937388718e+09,3.2212442661e+09,2.6637972068e+09,2.4040389328e+09,1.9290272504e+09,1.7642447334e+09,1.6823379461e+09,1.6106221330e+09,9.2160588931e+09,4.3362918125e+09,2.6637972068e+09,2.1063501474e+09,1.8465918735e+09,1.3715801911e+09,1.2067976740e+09,1.1248908868e+09,1.0531750737e+09,8.9563006191e+09,4.0765335385e+09,2.4040389328e+09,1.8465918735e+09,1.5868335995e+09,1.1118219171e+09,9.4703940005e+08,8.6513261276e+08,7.9341679973e+08,8.4812889368e+09,3.6015218562e+09,1.9290272504e+09,1.3715801911e+09,1.1118219171e+09,6.3681023476e+08,4.7202771770e+08,3.9012093042e+08,3.1840511738e+08,8.3165064197e+09,3.4367393391e+09,1.7642447334e+09,1.2067976740e+09,9.4703940005e+08,4.7202771770e+08,3.0724520064e+08,2.2533841336e+08,1.5362260032e+08,8.2345996325e+09,3.3548325518e+09,1.6823379461e+09,1.1248908868e+09,8.6513261276e+08,3.9012093042e+08,2.2533841336e+08,1.4343162607e+08,7.1715813035e+07
379,384399,90,1.6325767639e+10,1.1446000558e+10,9.7735059525e+09,9.2160588931e+09,8.9563006191e+09,8.4812889368e+09,8.3165064197e+09,8.2345996325e+09,8.1628838194e+09,1.1446000558e+10,6.5662334776e+09,4.8937388718e+09,4.3362918125e+09,4.0765335385e+09,3.6015218562e+09,3.4367393391e+09,3.3548325518e+09,3.2831167388e+09,9.7735059525e+09,4.8937388718e+09,3.2212442661e+09,2.6637972068e+09,2.4040389328e+09,1.9290272504e+09,1.7642447334e+09,1.6823379461e+09,1.6106221330e+09,9.2160588931e+09,4.3362918125e+09,2.6637972068e+09,2.1063501474e+09,1.8465918735e+09,1.3715801911e+09,1.2067976740e+09,1.1248908868e+09,1.0531750737e+09,8.9563006191e+09,4.0765335385e+09,2.4040389328e+09,1.8465918735e+09,1.5868335995e+09,1.1118219171e+09,9.4703940005e+08,8.6513261276e+08,7.9341679973e+08,8.4812889368e+09,3.6015218562e+09,1.9290272504e+09,1.3715801911e+09,1.1118219171e+09,6.3681023476e+08,4.7202771770e+08,3.9012093042e+08,3.1840511738e+08,8.3165064197e+09,3.4367393391e+09,1.7642447334e+09,1.2067976740e+09,9.4703940005e+08,4.7202771770e+08,3.0724520064e+08,2.2533841336e+08,1.5362260032e+08,8.2345996325e+09,3.3548325518e+09,1.6823379461e+09,1.1248908868e+09,8.6513261276e+08,3.9012093042e+08,2.2533841336e+08,1.4343162607e+08,7.1715813035e+07
