,Altitude_km,Inclination_deg,F20_B20_umGlass_DDD_MeV_g,F20_B50_umGlass_DDD_MeV_g,F20_B100_umGlass_DDD_MeV_g,F20_B150_umGlass_DDD_MeV_g,F20_B200_umGlass_DDD_MeV_g,F20_B500_umGlass_DDD_MeV_g,F20_B1000_umGlass_DDD_MeV_g,F20_B2000_umGlass_DDD_MeV_g,F20_Binf_umGlass_DDD_MeV_g,F50_B20_umGlass_DDD_MeV_g,F50_B50_umGlass_DDD_MeV_g,F50_B100_umGlass_DDD_MeV_g,F50_B150_umGlass_DDD_MeV_g,F50_B200_umGlass_DDD_MeV_g,F50_B500_umGlass_DDD_MeV_g,F50_B1000_umGlass_DDD_MeV_g,F50_B2000_umGlass_DDD_MeV_g,F50_Binf_umGlass_DDD_MeV_g,F100_B20_umGlass_DDD_MeV_g,F100_B50_umGlass_DDD_MeV_g,F100_B100_umGlass_DDD_MeV_g,F100_B150_umGlass_DDD_MeV_g,F100_B200_umGlass_DDD_MeV_g,F100_B500_umGlass_DDD_MeV_g,F100_B1000_umGlass_DDD_MeV_g,F100_B2000_umGlass_DDD_MeV_g,F100_Binf_umGlass_DDD_MeV_g,F150_B20_umGlass_DDD_MeV_g,F150_B50_umGlass_DDD_MeV_g,F150_B100_umGlass_DDD_MeV_g,F150_B150_umGlass_DDD_MeV_g,F150_B200_umGlass_DDD_MeV_g,F150_B500_umGlass_DDD_MeV_g,F150_B1000_umGlass_DDD_MeV_g,F150_B2000_umGlass_DDD_MeV_g,F150_Binf_umGlass_DDD_MeV_g,F200_B20_umGlass_DDD_MeV_g,F200_B50_umGlass_DDD_MeV_g,F200_B100_umGlass_DDD_MeV_g,F200_B150_umGlass_DDD_MeV_g,F200_B200_umGlass_DDD_MeV_g,F200_B500_umGlass_DDD_MeV_g,F200_B1000_umGlass_DDD_MeV_g,F200_B2000_umGlass_DDD_MeV_g,F200_Binf_umGlass_DDD_MeV_g,F500_B20_umGlass_DDD_MeV_g,F500_B50_umGlass_DDD_MeV_g,F500_B100_umGlass_DDD_MeV_g,F500_B150_umGlass_DDD_MeV_g,F500_B200_umGlass_DDD_MeV_g,F500_B500_umGlass_DDD_MeV_g,F500_B1000_umGlass_DDD_MeV_g,F500_B2000_umGlass_DDD_MeV_g,F500_Binf_umGlass_DDD_MeV_g,F1000_B20_umGlass_DDD_MeV_g,F1000_B50_umGlass_DDD_MeV_g,F1000_B100_umGlass_DDD_MeV_g,F1000_B150_umGlass_DDD_MeV_g,F1000_B200_umGlass_DDD_MeV_g,F1000_B500_umGlass_DDD_MeV_g,F1000_B1000_umGlass_DDD_MeV_g,F1000_B2000_umGlass_DDD_MeV_g,F1000_Binf_umGlass_DDD_MeV_g,F2000_B20_umGlass_DDD_MeV_g,F2000_B50_umGlass_DDD_MeV_g,F2000_B100_umGlass_DDD_MeV_g,F2000_B150_umGlass_DDD_MeV_g,F2000_B200_umGlass_DDD_MeV_g,F2000_B500_umGlass_DDD_MeV_g,F2000_B1000_umGlass_DDD_MeV_g,F2000_B2000_umGlass_DDD_MeV_g,F2000_Binf_umGlass_DDD_MeV_g
0,200,0,1.8747956798e+02,1.6419051840e+02,1.4102079901e+02,1.2686827236e+02,1.1753288007e+02,9.8254602695e+01,9.4046903660e+01,9.3744589787e+01,9.3739783990e+01,1.6419051840e+02,1.4090146882e+02,1.1773174943e+02,1.0357922278e+02,9.4243830489e+01,7.4965553116e+01,7.0757854081e+01,7.0455540208e+01,7.0450734411e+01,1.4102079901e+02,1.1773174943e+02,9.4562030033e+01,8.0409503388e+01,7.1074111094e+01,5.1795833721e+01,4.7588134686e+01,4.7285820814e+01,4.7281015017e+01,1.2686827236e+02,1.0357922278e+02,8.0409503388e+01,6.6256976743e+01,5.6921584449e+01,3.7643307076e+01,3.3435608041e+01,3.3133294168e+01,3.3128488371e+01,1.1753288007e+02,9.4243830489e+01,7.1074111094e+01,5.6921584449e+01,4.7586192156e+01,2.8307914782e+01,2.4100215748e+01,2.3797901875e+01,2.3793096078e+01,9.8254602695e+01,7.4965553116e+01,5.1795833721e+01,3.7643307076e+01,2.8307914782e+01,9.0296374093e+00,4.8219383744e+00,4.5196245017e+00,4.5148187047e+00,9.4046903660e+01,7.0757854081e+01,4.7588134686e+01,3.3435608041e+01,2.4100215748e+01,4.8219383744e+00,6.1423933947e-01,3.1192546678e-01,3.0711966973e-01,9.3744589787e+01,7.0455540208e+01,4.7285820814e+01,3.3133294168e+01,2.3797901875e+01,4.5196245017e+00,3.1192546678e-01,9.6115940884e-03,4.8057970442e-03
1,200,10,1.1891576061e+06,8.0470026296e+05,6.6683516853e+05,6.3084205603e+05,6.1594589339e+05,6.0150079280e+05,5.9940705633e+05,5.9841350686e+05,5.9457880306e+05,8.0470026296e+05,4.2024291980e+05,2.8237782537e+05,2.4638471286e+05,2.3148855022e+05,2.1704344964e+05,2.1494971316e+05,2.1395616370e+05,2.1012145990e+05,6.6683516853e+05,2.8237782537e+05,1.4451273093e+05,1.0851961843e+05,9.3623455787e+04,7.9178355206e+04,7.7084618731e+04,7.6091069264e+04,7.2256365467e+04,6.3084205603e+05,2.4638471286e+05,1.0851961843e+05,7.2526505921e+04,5.7630343281e+04,4.3185242700e+04,4.1091506224e+04,4.0097956758e+04,3.6263252960e+04,6.1594589339e+05,2.3148855022e+05,9.3623455787e+04,5.7630343281e+04,4.2734180641e+04,2.8289080060e+04,2.6195343585e+04,2.5201794118e+04,2.1367090321e+04,6.0150079280e+05,2.1704344964e+05,7.9178355206e+04,4.3185242700e+04,2.8289080060e+04,1.3843979479e+04,1.1750243003e+04,1.0756693537e+04,6.9219897394e+03,5.9940705633e+05,2.1494971316e+05,7.7084618731e+04,4.1091506224e+04,2.6195343585e+04,1.1750243003e+04,9.6565065279e+03,8.6629570616e+03,4.8282532640e+03,5.9841350686e+05,2.1395616370e+05,7.6091069264e+04,4.0097956758e+04,2.5201794118e+04,1.0756693537e+04,8.6629570616e+03,7.6694075953e+03,3.8347037976e+03
2,200,20,1.0769322283e+07,7.3758905627e+06,6.1185907990e+06,5.7735535283e+06,5.6259713396e+06,5.4684701718e+06,5.4417071248e+06,5.4287164600e+06,5.3846611417e+06,7.3758905627e+06,3.9824588420e+06,2.7251590783e+06,2.3801218076e+06,2.2325396189e+06,2.0750384511e+06,2.0482754041e+06,2.0352847393e+06,1.9912294210e+06,6.1185907990e+06,2.7251590783e+06,1.4678593145e+06,1.1228220439e+06,9.7523985523e+05,8.1773868736e+05,7.9097564039e+05,7.7798497555e+05,7.3392965727e+05,5.7735535283e+06,2.3801218076e+06,1.1228220439e+06,7.7778477322e+05,6.3020258457e+05,4.7270141669e+05,4.4593836972e+05,4.3294770489e+05,3.8889238661e+05,5.6259713396e+06,2.2325396189e+06,9.7523985523e+05,6.3020258457e+05,4.8262039592e+05,3.2511922805e+05,2.9835618108e+05,2.8536551624e+05,2.4131019796e+05,5.4684701718e+06,2.0750384511e+06,8.1773868736e+05,4.7270141669e+05,3.2511922805e+05,1.6761806017e+05,1.4085501320e+05,1.2786434837e+05,8.3809030085e+04,5.4417071248e+06,2.0482754041e+06,7.9097564039e+05,4.4593836972e+05,2.9835618108e+05,1.4085501320e+05,1.1409196623e+05,1.0110130140e+05,5.7045983115e+04,5.4287164600e+06,2.0352847393e+06,7.7798497555e+05,4.3294770489e+05,2.8536551624e+05,1.2786434837e+05,1.0110130140e+05,8.8110636566e+04,4.4055318283e+04
3,200,30,2.5864928533e+07,1.8103701922e+07,1.5018695057e+07,1.4091173477e+07,1.3675033703e+07,1.3182802119e+07,1.3090395997e+07,1.3045147330e+07,1.2932464266e+07,1.8103701922e+07,1.0342475310e+07,7.2574684455e+06,6.3299468655e+06,5.9138070915e+06,5.4215755076e+06,5.3291693858e+06,5.2839207188e+06,5.1712376551e+06,1.5018695057e+07,7.2574684455e+06,4.1724615808e+06,3.2449400008e+06,2.8288002268e+06,2.3365686429e+06,2.2441625211e+06,2.1989138541e+06,2.0862307904e+06,1.4091173477e+07,6.3299468655e+06,3.2449400008e+06,2.3174184208e+06,1.9012786468e+06,1.4090470629e+06,1.3166409411e+06,1.2713922741e+06,1.1587092104e+06,1.3675033703e+07,5.9138070915e+06,2.8288002268e+06,1.9012786468e+06,1.4851388729e+06,9.9290728900e+05,9.0050116715e+05,8.5525250014e+05,7.4256943645e+05,1.3182802119e+07,5.4215755076e+06,2.3365686429e+06,1.4090470629e+06,9.9290728900e+05,5.0067570509e+05,4.0826958325e+05,3.6302091623e+05,2.5033785255e+05,1.3090395997e+07,5.3291693858e+06,2.2441625211e+06,1.3166409411e+06,9.0050116715e+05,4.0826958325e+05,3.1586346140e+05,2.7061479439e+05,1.5793173070e+05,1.3045147330e+07,5.2839207188e+06,2.1989138541e+06,1.2713922741e+06,8.5525250014e+05,3.6302091623e+05,2.7061479439e+05,2.2536612738e+05,1.1268306369e+05
4,200,40,7.2434036048e+07,5.1074921913e+07,4.2322973497e+07,3.9588010122e+07,3.8336394196e+07,3.6811005745e+07,3.6534207004e+07,3.6410903978e+07,3.6217018024e+07,5.1074921913e+07,2.9715807779e+07,2.0963859362e+07,1.8228895987e+07,1.6977280061e+07,1.5451891610e+07,1.5175092869e+07,1.5051789843e+07,1.4857903889e+07,4.2322973497e+07,2.0963859362e+07,1.2211910946e+07,9.4769475711e+06,8.2253316453e+06,6.6999431939e+06,6.4231444525e+06,6.2998414267e+06,6.1059554731e+06,3.9588010122e+07,1.8228895987e+07,9.4769475711e+06,6.7419841960e+06,5.4903682701e+06,3.9649798187e+06,3.6881810773e+06,3.5648780516e+06,3.3709920980e+06,3.8336394196e+07,1.6977280061e+07,8.2253316453e+06,5.4903682701e+06,4.2387523443e+06,2.7133638929e+06,2.4365651515e+06,2.3132621258e+06,2.1193761722e+06,3.6811005745e+07,1.5451891610e+07,6.6999431939e+06,3.9649798187e+06,2.7133638929e+06,1.1879754415e+06,9.1117670013e+05,7.8787367437e+05,5.9398772076e+05,3.6534207004e+07,1.5175092869e+07,6.4231444525e+06,3.6881810773e+06,2.4365651515e+06,9.1117670013e+05,6.3437795873e+05,5.1107493297e+05,3.1718897937e+05,3.6410903978e+07,1.5051789843e+07,6.2998414267e+06,3.5648780516e+06,2.3132621258e+06,7.8787367437e+05,5.1107493297e+05,3.8777190721e+05,1.9388595361e+05
5,200,50,6.2489345702e+07,4.5778627236e+07,3.8679341670e+07,3.6212760000e+07,3.4927206152e+07,3.2663213072e+07,3.1869558899e+07,3.1481084225e+07,3.1244672851e+07,4.5778627236e+07,2.9067908770e+07,2.1968623204e+07,1.9502041534e+07,1.8216487686e+07,1.5952494606e+07,1.5158840433e+07,1.4770365759e+07,1.4533954385e+07,3.8679341670e+07,2.1968623204e+07,1.4869337638e+07,1.2402755968e+07,1.1117202120e+07,8.8532090402e+06,8.0595548671e+06,7.6710801934e+06,7.4346688192e+06,3.6212760000e+07,1.9502041534e+07,1.2402755968e+07,9.9361742984e+06,8.6506204499e+06,6.3866273702e+06,5.5929731971e+06,5.2044985233e+06,4.9680871492e+06,3.4927206152e+07,1.8216487686e+07,1.1117202120e+07,8.6506204499e+06,7.3650666014e+06,5.1010735217e+06,4.3074193486e+06,3.9189446749e+06,3.6825333007e+06,3.2663213072e+07,1.5952494606e+07,8.8532090402e+06,6.3866273702e+06,5.1010735217e+06,2.8370804420e+06,2.0434262689e+06,1.6549515952e+06,1.4185402210e+06,3.1869558899e+07,1.5158840433e+07,8.0595548671e+06,5.5929731971e+06,4.3074193486e+06,2.0434262689e+06,1.2497720958e+06,8.6129742205e+05,6.2488604788e+05,3.1481084225e+07,1.4770365759e+07,7.6710801934e+06,5.2044985233e+06,3.9189446749e+06,1.6549515952e+06,8.6129742205e+05,4.7282274833e+05,2.3641137416e+05
6,200,60,1.9249845913e+08,1.4282099290e+08,1.2438669591e+08,1.1757180898e+08,1.1385342399e+08,1.0500591858e+08,1.0068863713e+08,9.8251699074e+07,9.6249229566e+07,1.4282099290e+08,9.3143526661e+07,7.4709229673e+07,6.7894342747e+07,6.4175957753e+07,5.5328452341e+07,5.1011170891e+07,4.8574232839e+07,4.6571763330e+07,1.2438669591e+08,7.4709229673e+07,5.6274932685e+07,4.9460045759e+07,4.5741660765e+07,3.6894155353e+07,3.2576873903e+07,3.0139935851e+07,2.8137466342e+07,1.1757180898e+08,6.7894342747e+07,4.9460045759e+07,4.2645158833e+07,3.8926773839e+07,3.0079268427e+07,2.5761986977e+07,2.3325048925e+07,2.1322579416e+07,1.1385342399e+08,6.4175957753e+07,4.5741660765e+07,3.8926773839e+07,3.5208388845e+07,2.6360883433e+07,2.2043601983e+07,1.9606663931e+07,1.7604194423e+07,1.0500591858e+08,5.5328452341e+07,3.6894155353e+07,3.0079268427e+07,2.6360883433e+07,1.7513378021e+07,1.3196096571e+07,1.0759158518e+07,8.7566890104e+06,1.0068863713e+08,5.1011170891e+07,3.2576873903e+07,2.5761986977e+07,2.2043601983e+07,1.3196096571e+07,8.8788151204e+06,6.4418770683e+06,4.4394075602e+06,9.8251699074e+07,4.8574232839e+07,3.0139935851e+07,2.3325048925e+07,1.9606663931e+07,1.0759158518e+07,6.4418770683e+06,4.0049390162e+06,2.0024695081e+06
7,200,70,3.3279729075e+09,2.2993500519e+09,1.9637263411e+09,1.8560951377e+09,1.8074527428e+09,1.7195454589e+09,1.6896975519e+09,1.6753125949e+09,1.6639864538e+09,2.2993500519e+09,1.2707271963e+09,9.3510348553e+08,8.2747228210e+08,7.7882988720e+08,6.9092260326e+08,6.6107469632e+08,6.4668973924e+08,6.3536359815e+08,1.9637263411e+09,9.3510348553e+08,5.9947977477e+08,4.9184857134e+08,4.4320617643e+08,3.5529889249e+08,3.2545098555e+08,3.1106602848e+08,2.9973988739e+08,1.8560951377e+09,8.2747228210e+08,4.9184857134e+08,3.8421736790e+08,3.3557497300e+08,2.4766768906e+08,2.1781978212e+08,2.0343482504e+08,1.9210868395e+08,1.8074527428e+09,7.7882988720e+08,4.4320617643e+08,3.3557497300e+08,2.8693257809e+08,1.9902529415e+08,1.6917738721e+08,1.5479243014e+08,1.4346628905e+08,1.7195454589e+09,6.9092260326e+08,3.5529889249e+08,2.4766768906e+08,1.9902529415e+08,1.1111801022e+08,8.1270103276e+07,6.6885146201e+07,5.5559005108e+07,1.6896975519e+09,6.6107469632e+08,3.2545098555e+08,2.1781978212e+08,1.6917738721e+08,8.1270103276e+07,5.1422196335e+07,3.7037239261e+07,2.5711098168e+07,1.6753125949e+09,6.4668973924e+08,3.1106602848e+08,2.0343482504e+08,1.5479243014e+08,6.6885146201e+07,3.7037239261e+07,2.2652282187e+07,1.1326141094e+07
8,200,80,4.4367476071e+09,3.0597987422e+09,2.6118430803e+09,2.4688108141e+09,2.4045593809e+09,2.2896893157e+09,2.2513757509e+09,2.2330011944e+09,2.2183738035e+09,3.0597987422e+09,1.6828498774e+09,1.2348942155e+09,1.0918619493e+09,1.0276105161e+09,9.1274045087e+08,8.7442688614e+08,8.5605232955e+08,8.4142493872e+08,2.6118430803e+09,1.2348942155e+09,7.8693855356e+08,6.4390628731e+08,5.7965485420e+08,4.6478478893e+08,4.2647122420e+08,4.0809666761e+08,3.9346927678e+08,2.4688108141e+09,1.0918619493e+09,6.4390628731e+08,5.0087402107e+08,4.3662258795e+08,3.2175252268e+08,2.8343895795e+08,2.6506440136e+08,2.5043701053e+08,2.4045593809e+09,1.0276105161e+09,5.7965485420e+08,4.3662258795e+08,3.7237115484e+08,2.5750108957e+08,2.1918752484e+08,2.0081296825e+08,1.8618557742e+08,2.2896893157e+09,9.1274045087e+08,4.6478478893e+08,3.2175252268e+08,2.5750108957e+08,1.4263102430e+08,1.0431745957e+08,8.5942902979e+07,7.1315512150e+07,2.2513757509e+09,8.7442688614e+08,4.2647122420e+08,2.8343895795e+08,2.1918752484e+08,1.0431745957e+08,6.6003894842e+07,4.7629338249e+07,3.3001947421e+07,2.2330011944e+09,8.5605232955e+08,4.0809666761e+08,2.6506440136e+08,2.0081296825e+08,8.5942902979e+07,4.7629338249e+07,2.9254781657e+07,1.4627390828e+07
9,200,90,4.7563354506e+09,3.2790356675e+09,2.7987229622e+09,2.6454859868e+09,2.5767304745e+09,2.4540595308e+09,2.4132829264e+09,2.3937417723e+09,2.3781677253e+09,3.2790356675e+09,1.8017358844e+09,1.3214231790e+09,1.1681862037e+09,1.0994306914e+09,9.7675974763e+08,9.3598314327e+08,9.1644198916e+08,9.0086794218e+08,2.7987229622e+09,1.3214231790e+09,8.4111047374e+08,6.8787349841e+08,6.1911798611e+08,4.9644704233e+08,4.5567043796e+08,4.3612928386e+08,4.2055523687e+08,2.6454859868e+09,1.1681862037e+09,6.8787349841e+08,5.3463652307e+08,4.6588101077e+08,3.4321006699e+08,3.0243346263e+08,2.8289230852e+08,2.6731826153e+08,2.5767304745e+09,1.0994306914e+09,6.1911798611e+08,4.6588101077e+08,3.9712549848e+08,2.7445455470e+08,2.3367795033e+08,2.1413679622e+08,1.9856274924e+08,2.4540595308e+09,9.7675974763e+08,4.9644704233e+08,3.4321006699e+08,2.7445455470e+08,1.5178361092e+08,1.1100700655e+08,9.1465852440e+07,7.5891805458e+07,2.4132829264e+09,9.3598314327e+08,4.5567043796e+08,3.0243346263e+08,2.3367795033e+08,1.1100700655e+08,7.0230402184e+07,5.0689248075e+07,3.5115201092e+07,2.3937417723e+09,9.1644198916e+08,4.3612928386e+08,2.8289230852e+08,2.1413679622e+08,9.1465852440e+07,5.0689248075e+07,3.1148093966e+07,1.5574046983e+07
10,300,0,3.3444614704e+05,2.2550414774e+05,1.8675637291e+05,1.7676348244e+05,1.7265887087e+05,1.6880821263e+05,1.6840423244e+05,1.6819664339e+05,1.6722307352e+05,2.2550414774e+05,1.1656214845e+05,7.7814373612e+04,6.7821483143e+04,6.3716871579e+04,5.9866213335e+04,5.9462233142e+04,5.9254644098e+04,5.8281074223e+04,1.8675637291e+05,7.7814373612e+04,3.9066598779e+04,2.9073708309e+04,2.4969096745e+04,2.1118438502e+04,2.0714458308e+04,2.0506869265e+04,1.9533299389e+04,1.7676348244e+05,6.7821483143e+04,2.9073708309e+04,1.9080817840e+04,1.4976206276e+04,1.1125548032e+04,1.0721567839e+04,1.0513978795e+04,9.5404089198e+03,1.7265887087e+05,6.3716871579e+04,2.4969096745e+04,1.4976206276e+04,1.0871594712e+04,7.0209364684e+03,6.6169562747e+03,6.4093672314e+03,5.4357973560e+03,1.6880821263e+05,5.9866213335e+04,2.1118438502e+04,1.1125548032e+04,7.0209364684e+03,3.1702782250e+03,2.7662980312e+03,2.5587089879e+03,1.5851391125e+03,1.6840423244e+05,5.9462233142e+04,2.0714458308e+04,1.0721567839e+04,6.6169562747e+03,2.7662980312e+03,2.3623178375e+03,2.1547287942e+03,1.1811589188e+03,1.6819664339e+05,5.9254644098e+04,2.0506869265e+04,1.0513978795e+04,6.4093672314e+03,2.5587089879e+03,2.1547287942e+03,1.9471397508e+03,9.7356987540e+02
11,300,10,8.5114151801e+06,5.8187126349e+06,4.8304536309e+06,4.5617354093e+06,4.4468510080e+06,4.3230039514e+06,4.3012369364e+06,4.2907464988e+06,4.2557075901e+06,5.8187126349e+06,3.1260100898e+06,2.1377510857e+06,1.8690328641e+06,1.7541484628e+06,1.6303014062e+06,1.6085343912e+06,1.5980439536e+06,1.5630050449e+06,4.8304536309e+06,2.1377510857e+06,1.1494920817e+06,8.8077386004e+05,7.6588945878e+05,6.4204240214e+05,6.2027538713e+05,6.0978494956e+05,5.7474604083e+05,4.5617354093e+06,1.8690328641e+06,8.8077386004e+05,6.1205563842e+05,4.9717123716e+05,3.7332418052e+05,3.5155716551e+05,3.4106672794e+05,3.0602781921e+05,4.4468510080e+06,1.7541484628e+06,7.6588945878e+05,4.9717123716e+05,3.8228683591e+05,2.5843977927e+05,2.3667276425e+05,2.2618232668e+05,1.9114341795e+05,4.3230039514e+06,1.6303014062e+06,6.4204240214e+05,3.7332418052e+05,2.5843977927e+05,1.3459272263e+05,1.1282570761e+05,1.0233527004e+05,6.7296361313e+04,4.3012369364e+06,1.6085343912e+06,6.2027538713e+05,3.5155716551e+05,2.3667276425e+05,1.1282570761e+05,9.1058692600e+04,8.0568255030e+04,4.5529346300e+04,4.2907464988e+06,1.5980439536e+06,6.0978494956e+05,3.4106672794e+05,2.2618232668e+05,1.0233527004e+05,8.0568255030e+04,7.0077817459e+04,3.5038908730e+04
12,300,20,4.5962795920e+07,3.1906765602e+07,2.6561687006e+07,2.5024356131e+07,2.4339851066e+07,2.3507026812e+07,2.3329061682e+07,2.3239941437e+07,2.2981397960e+07,3.1906765602e+07,1.7850735285e+07,1.2505656689e+07,1.0968325814e+07,1.0283820748e+07,9.4509964948e+06,9.2730313644e+06,9.1839111191e+06,8.9253676424e+06,2.6561687006e+07,1.2505656689e+07,7.1605780932e+06,5.6232472180e+06,4.9387421525e+06,4.1059178990e+06,3.9279527686e+06,3.8388325233e+06,3.5802890466e+06,2.5024356131e+07,1.0968325814e+07,5.6232472180e+06,4.0859163428e+06,3.4014112773e+06,2.5685870239e+06,2.3906218934e+06,2.3015016481e+06,2.0429581714e+06,2.4339851066e+07,1.0283820748e+07,4.9387421525e+06,3.4014112773e+06,2.7169062118e+06,1.8840819583e+06,1.7061168279e+06,1.6169965826e+06,1.3584531059e+06,2.3507026812e+07,9.4509964948e+06,4.1059178990e+06,2.5685870239e+06,1.8840819583e+06,1.0512577049e+06,8.7329257446e+05,7.8417232912e+05,5.2562885245e+05,2.3329061682e+07,9.2730313644e+06,3.9279527686e+06,2.3906218934e+06,1.7061168279e+06,8.7329257446e+05,6.9532744403e+05,6.0620719869e+05,3.4766372202e+05,2.3239941437e+07,9.1839111191e+06,3.8388325233e+06,2.3015016481e+06,1.6169965826e+06,7.8417232912e+05,6.0620719869e+05,5.1708695334e+05,2.5854347667e+05
13,300,30,1.1608327288e+08,8.2445813102e+07,6.8655220214e+07,6.4300208176e+07,6.2270316126e+07,5.9600125027e+07,5.9015437399e+07,5.8723369281e+07,5.8041636441e+07,8.2445813102e+07,4.8808353322e+07,3.5017760434e+07,3.0662748396e+07,2.8632856346e+07,2.5962665247e+07,2.5377977619e+07,2.5085909501e+07,2.4404176661e+07,6.8655220214e+07,3.5017760434e+07,2.1227167546e+07,1.6872155508e+07,1.4842263458e+07,1.2172072359e+07,1.1587384731e+07,1.1295316613e+07,1.0613583773e+07,6.4300208176e+07,3.0662748396e+07,1.6872155508e+07,1.2517143470e+07,1.0487251420e+07,7.8170603211e+06,7.2323726931e+06,6.9403045749e+06,6.2585717351e+06,6.2270316126e+07,2.8632856346e+07,1.4842263458e+07,1.0487251420e+07,8.4573593701e+06,5.7871682710e+06,5.2024806431e+06,4.9104125249e+06,4.2286796851e+06,5.9600125027e+07,2.5962665247e+07,1.2172072359e+07,7.8170603211e+06,5.7871682710e+06,3.1169771720e+06,2.5322895441e+06,2.2402214259e+06,1.5584885860e+06,5.9015437399e+07,2.5377977619e+07,1.1587384731e+07,7.2323726931e+06,5.2024806431e+06,2.5322895441e+06,1.9476019161e+06,1.6555337979e+06,9.7380095807e+05,5.8723369281e+07,2.5085909501e+07,1.1295316613e+07,6.9403045749e+06,4.9104125249e+06,2.2402214259e+06,1.6555337979e+06,1.3634656797e+06,6.8173283987e+05
14,300,40,2.6110736224e+08,1.8610112262e+08,1.5467106431e+08,1.4448848447e+08,1.3969517364e+08,1.3339922574e+08,1.3212426014e+08,1.3153517857e+08,1.3055368112e+08,1.8610112262e+08,1.1109488300e+08,7.9664824688e+07,6.9482244851e+07,6.4688934022e+07,5.8392986119e+07,5.7118020516e+07,5.6528938953e+07,5.5547441499e+07,1.5467106431e+08,7.9664824688e+07,4.8234766378e+07,3.8052186541e+07,3.3258875712e+07,2.6962927810e+07,2.5687962207e+07,2.5098880644e+07,2.4117383189e+07,1.4448848447e+08,6.9482244851e+07,3.8052186541e+07,2.7869606704e+07,2.3076295875e+07,1.6780347973e+07,1.5505382370e+07,1.4916300807e+07,1.3934803352e+07,1.3969517364e+08,6.4688934022e+07,3.3258875712e+07,2.3076295875e+07,1.8282985046e+07,1.1987037144e+07,1.0712071541e+07,1.0122989978e+07,9.1414925232e+06,1.3339922574e+08,5.8392986119e+07,2.6962927810e+07,1.6780347973e+07,1.1987037144e+07,5.6910892417e+06,4.4161236386e+06,3.8270420756e+06,2.8455446208e+06,1.3212426014e+08,5.7118020516e+07,2.5687962207e+07,1.5505382370e+07,1.0712071541e+07,4.4161236386e+06,3.1411580356e+06,2.5520764725e+06,1.5705790178e+06,1.3153517857e+08,5.6528938953e+07,2.5098880644e+07,1.4916300807e+07,1.0122989978e+07,3.8270420756e+06,2.5520764725e+06,1.9629949094e+06,9.8149745472e+05
15,300,50,2.2099277453e+08,1.5870341772e+08,1.3321969515e+08,1.2484938879e+08,1.2070112950e+08,1.1419742082e+08,1.1225280188e+08,1.1132123936e+08,1.1049638727e+08,1.5870341772e+08,9.6414060907e+07,7.0930338333e+07,6.2560031973e+07,5.8411772683e+07,5.1908064012e+07,4.9963445072e+07,4.9031882548e+07,4.8207030454e+07,1.3321969515e+08,7.0930338333e+07,4.5446615759e+07,3.7076309399e+07,3.2928050109e+07,2.6424341438e+07,2.4479722498e+07,2.3548159974e+07,2.2723307880e+07,1.2484938879e+08,6.2560031973e+07,3.7076309399e+07,2.8706003039e+07,2.4557743749e+07,1.8054035078e+07,1.6109416138e+07,1.5177853614e+07,1.4353001519e+07,1.2070112950e+08,5.8411772683e+07,3.2928050109e+07,2.4557743749e+07,2.0409484458e+07,1.3905775788e+07,1.1961156848e+07,1.1029594324e+07,1.0204742229e+07,1.1419742082e+08,5.1908064012e+07,2.6424341438e+07,1.8054035078e+07,1.3905775788e+07,7.4020671169e+06,5.4574481770e+06,4.5258856528e+06,3.7010335584e+06,1.1225280188e+08,4.9963445072e+07,2.4479722498e+07,1.6109416138e+07,1.1961156848e+07,5.4574481770e+06,3.5128292371e+06,2.5812667129e+06,1.7564146186e+06,1.1132123936e+08,4.9031882548e+07,2.3548159974e+07,1.5177853614e+07,1.1029594324e+07,4.5258856528e+06,2.5812667129e+06,1.6497041888e+06,8.2485209438e+05
16,300,60,3.4478707590e+08,2.5116236603e+08,2.1675064392e+08,2.0475322092e+08,1.9836892129e+08,1.8469062887e+08,1.7853740897e+08,1.7515587855e+08,1.7239353795e+08,2.5116236603e+08,1.5753765616e+08,1.2312593405e+08,1.1112851105e+08,1.0474421142e+08,9.1065918993e+07,8.4912699093e+07,8.1531168674e+07,7.8768828079e+07,2.1675064392e+08,1.2312593405e+08,8.8714211936e+07,7.6716788937e+07,7.0332489309e+07,5.6654196883e+07,5.0500976982e+07,4.7119446564e+07,4.4357105968e+07,2.0475322092e+08,1.1112851105e+08,7.6716788937e+07,6.4719365938e+07,5.8335066310e+07,4.4656773884e+07,3.8503553983e+07,3.5122023565e+07,3.2359682969e+07,1.9836892129e+08,1.0474421142e+08,7.0332489309e+07,5.8335066310e+07,5.1950766681e+07,3.8272474255e+07,3.2119254355e+07,2.8737723936e+07,2.5975383341e+07,1.8469062887e+08,9.1065918993e+07,5.6654196883e+07,4.4656773884e+07,3.8272474255e+07,2.4594181829e+07,1.8440961928e+07,1.5059431510e+07,1.2297090915e+07,1.7853740897e+08,8.4912699093e+07,5.0500976982e+07,3.8503553983e+07,3.2119254355e+07,1.8440961928e+07,1.2287742028e+07,8.9062116095e+06,6.1438710139e+06,1.7515587855e+08,8.1531168674e+07,4.7119446564e+07,3.5122023565e+07,2.8737723936e+07,1.5059431510e+07,8.9062116095e+06,5.5246811911e+06,2.7623405955e+06
17,300,70,3.6291817029e+09,2.5114225665e+09,2.1447971951e+09,2.0269453195e+09,1.9733301792e+09,1.8762420426e+09,1.8430574705e+09,1.8270695391e+09,1.8145908514e+09,2.5114225665e+09,1.3936634302e+09,1.0270380587e+09,9.0918618316e+08,8.5557104287e+08,7.5848290627e+08,7.2529833414e+08,7.0931040275e+08,6.9683171508e+08,2.1447971951e+09,1.0270380587e+09,6.6041268724e+08,5.4256081170e+08,4.8894567141e+08,3.9185753481e+08,3.5867296269e+08,3.4268503129e+08,3.3020634362e+08,2.0269453195e+09,9.0918618316e+08,5.4256081170e+08,4.2470893616e+08,3.7109379587e+08,2.7400565927e+08,2.4082108715e+08,2.2483315575e+08,2.1235446808e+08,1.9733301792e+09,8.5557104287e+08,4.8894567141e+08,3.7109379587e+08,3.1747865558e+08,2.2039051898e+08,1.8720594686e+08,1.7121801546e+08,1.5873932779e+08,1.8762420426e+09,7.5848290627e+08,3.9185753481e+08,2.7400565927e+08,2.2039051898e+08,1.2330238238e+08,9.0117810258e+07,7.4129878863e+07,6.1651191191e+07,1.8430574705e+09,7.2529833414e+08,3.5867296269e+08,2.4082108715e+08,1.8720594686e+08,9.0117810258e+07,5.6933238133e+07,4.0945306738e+07,2.8466619066e+07,1.8270695391e+09,7.0931040275e+08,3.4268503129e+08,2.2483315575e+08,1.7121801546e+08,7.4129878863e+07,4.0945306738e+07,2.4957375342e+07,1.2478687671e+07
18,300,80,4.7803794477e+09,3.3001320059e+09,2.8166957713e+09,2.6621179334e+09,2.5923884266e+09,2.4677040084e+09,2.4260067194e+09,2.4060249112e+09,2.3901897238e+09,3.3001320059e+09,1.8198845642e+09,1.3364483296e+09,1.1818704917e+09,1.1121409849e+09,9.8745656668e+08,9.4575927766e+08,9.2577746946e+08,9.0994228209e+08,2.8166957713e+09,1.3364483296e+09,8.5301209502e+08,6.9843425712e+08,6.2870475031e+08,5.0402033210e+08,4.6232304308e+08,4.4234123488e+08,4.2650604751e+08,2.6621179334e+09,1.1818704917e+09,6.9843425712e+08,5.4385641922e+08,4.7412691241e+08,3.4944249420e+08,3.0774520518e+08,2.8776339698e+08,2.7192820961e+08,2.5923884266e+09,1.1121409849e+09,6.2870475031e+08,4.7412691241e+08,4.0439740561e+08,2.7971298740e+08,2.3801569838e+08,2.1803389018e+08,2.0219870280e+08,2.4677040084e+09,9.8745656668e+08,5.0402033210e+08,3.4944249420e+08,2.7971298740e+08,1.5502856919e+08,1.1333128017e+08,9.3349471965e+07,7.7514284594e+07,2.4260067194e+09,9.4575927766e+08,4.6232304308e+08,3.0774520518e+08,2.3801569838e+08,1.1333128017e+08,7.1633991150e+07,5.1652182946e+07,3.5816995575e+07,2.4060249112e+09,9.2577746946e+08,4.4234123488e+08,2.8776339698e+08,2.1803389018e+08,9.3349471965e+07,5.1652182946e+07,3.1670374742e+07,1.5835187371e+07
19,300,90,5.0827240225e+09,3.5074009204e+09,2.9933113441e+09,2.8290836979e+09,2.7551142503e+09,2.6231410896e+09,2.5791695080e+09,2.5581074105e+09,2.5413620113e+09,3.5074009204e+09,1.9320778183e+09,1.4179882420e+09,1.2537605958e+09,1.1797911482e+09,1.0478179875e+09,1.0038464059e+09,9.8278430835e+08,9.6603890914e+08,2.9933113441e+09,1.4179882420e+09,9.0389866565e+08,7.3967101951e+08,6.6570157184e+08,5.3372841121e+08,4.8975682954e+08,4.6869473203e+08,4.5194933283e+08,2.8290836979e+09,1.2537605958e+09,7.3967101951e+08,5.7544337337e+08,5.0147392570e+08,3.6950076507e+08,3.2552918339e+08,3.0446708589e+08,2.8772168668e+08,2.7551142503e+09,1.1797911482e+09,6.6570157184e+08,5.0147392570e+08,4.2750447802e+08,2.9553131740e+08,2.5155973572e+08,2.3049763822e+08,2.1375223901e+08,2.6231410896e+09,1.0478179875e+09,5.3372841121e+08,3.6950076507e+08,2.9553131740e+08,1.6355815678e+08,1.1958657510e+08,9.8524477594e+07,8.1779078389e+07,2.5791695080e+09,1.0038464059e+09,4.8975682954e+08,3.2552918339e+08,2.5155973572e+08,1.1958657510e+08,7.5614993420e+07,5.4552895915e+07,3.7807496710e+07,2.5581074105e+09,9.8278430835e+08,4.6869473203e+08,3.0446708589e+08,2.3049763822e+08,9.8524477594e+07,5.4552895915e+07,3.3490798409e+07,1.6745399205e+07
20,400,0,5.6088806259e+06,3.7991428193e+06,3.1480525681e+06,2.9773557811e+06,2.9065815825e+06,2.8376556384e+06,2.8275286815e+06,2.8227153284e+06,2.8044403130e+06,3.7991428193e+06,1.9894050127e+06,1.3383147614e+06,1.1676179744e+06,1.0968437759e+06,1.0279178318e+06,1.0177908749e+06,1.0129775218e+06,9.9470250633e+05,3.1480525681e+06,1.3383147614e+06,6.8722451019e+05,5.1652772319e+05,4.4575352464e+05,3.7682758056e+05,3.6670062362e+05,3.6188727057e+05,3.4361225510e+05,2.9773557811e+06,1.1676179744e+06,5.1652772319e+05,3.4583093619e+05,2.7505673764e+05,2.0613079356e+05,1.9600383661e+05,1.9119048357e+05,1.7291546809e+05,2.9065815825e+06,1.0968437759e+06,4.4575352464e+05,2.7505673764e+05,2.0428253909e+05,1.3535659501e+05,1.2522963807e+05,1.2041628502e+05,1.0214126955e+05,2.8376556384e+06,1.0279178318e+06,3.7682758056e+05,2.0613079356e+05,1.3535659501e+05,6.6430650937e+04,5.6303693988e+04,5.1490340946e+04,3.3215325468e+04,2.8275286815e+06,1.0177908749e+06,3.6670062362e+05,1.9600383661e+05,1.2522963807e+05,5.6303693988e+04,4.6176737040e+04,4.1363383997e+04,2.3088368520e+04,2.8227153284e+06,1.0129775218e+06,3.6188727057e+05,1.9119048357e+05,1.2041628502e+05,5.1490340946e+04,4.1363383997e+04,3.6550030955e+04,1.8275015477e+04
21,400,10,4.3567540684e+07,3.0150540387e+07,2.5116618721e+07,2.3690515461e+07,2.3058154650e+07,2.2285079856e+07,2.2113371677e+07,2.2027519358e+07,2.1783770342e+07,3.0150540387e+07,1.6733540090e+07,1.1699618424e+07,1.0273515164e+07,9.6411543533e+06,8.8680795584e+06,8.6963713796e+06,8.6105190605e+06,8.3667700448e+06,2.5116618721e+07,1.1699618424e+07,6.6656967586e+06,5.2395934987e+06,4.6072326878e+06,3.8341578928e+06,3.6624497141e+06,3.5765973950e+06,3.3328483793e+06,2.3690515461e+07,1.0273515164e+07,5.2395934987e+06,3.8134902388e+06,3.1811294279e+06,2.4080546330e+06,2.2363464542e+06,2.1504941351e+06,1.9067451194e+06,2.3058154650e+07,9.6411543533e+06,4.6072326878e+06,3.1811294279e+06,2.5487686170e+06,1.7756938221e+06,1.6039856433e+06,1.5181333242e+06,1.2743843085e+06,2.2285079856e+07,8.8680795584e+06,3.8341578928e+06,2.4080546330e+06,1.7756938221e+06,1.0026190271e+06,8.3091084837e+05,7.4505852927e+05,5.0130951356e+05,2.2113371677e+07,8.6963713796e+06,3.6624497141e+06,2.2363464542e+06,1.6039856433e+06,8.3091084837e+05,6.5920266960e+05,5.7335035050e+05,3.2960133480e+05,2.2027519358e+07,8.6105190605e+06,3.5765973950e+06,2.1504941351e+06,1.5181333242e+06,7.4505852927e+05,5.7335035050e+05,4.8749803140e+05,2.4374901570e+05
22,400,20,1.5743906222e+08,1.1093326923e+08,9.2811185289e+07,8.7363214802e+07,8.4841881165e+07,8.1362047805e+07,8.0445977606e+07,7.9966152346e+07,7.8719531111e+07,1.1093326923e+08,6.4427476236e+07,4.6305392297e+07,4.0857421809e+07,3.8336088172e+07,3.4856254812e+07,3.3940184613e+07,3.3460359353e+07,3.2213738118e+07,9.2811185289e+07,4.6305392297e+07,2.8183308357e+07,2.2735337870e+07,2.0214004233e+07,1.6734170873e+07,1.5818100674e+07,1.5338275414e+07,1.4091654179e+07,8.7363214802e+07,4.0857421809e+07,2.2735337870e+07,1.7287367382e+07,1.4766033745e+07,1.1286200385e+07,1.0370130186e+07,9.8903049263e+06,8.6436836911e+06,8.4841881165e+07,3.8336088172e+07,2.0214004233e+07,1.4766033745e+07,1.2244700109e+07,8.7648667484e+06,7.8487965495e+06,7.3689712895e+06,6.1223500543e+06,8.1362047805e+07,3.4856254812e+07,1.6734170873e+07,1.1286200385e+07,8.7648667484e+06,5.2850333881e+06,4.3689631892e+06,3.8891379292e+06,2.6425166941e+06,8.0445977606e+07,3.3940184613e+07,1.5818100674e+07,1.0370130186e+07,7.8487965495e+06,4.3689631892e+06,3.4528929903e+06,2.9730677303e+06,1.7264464952e+06,7.9966152346e+07,3.3460359353e+07,1.5338275414e+07,9.8903049263e+06,7.3689712895e+06,3.8891379292e+06,2.9730677303e+06,2.4932424703e+06,1.2466212352e+06
23,400,30,3.8012038397e+08,2.7351948547e+08,2.2888028241e+08,2.1426086490e+08,2.0722644551e+08,1.9703891964e+08,1.9443395024e+08,1.9307965155e+08,1.9006019199e+08,2.7351948547e+08,1.6691858696e+08,1.2227938390e+08,1.0765996640e+08,1.0062554701e+08,9.0438021132e+07,8.7833051739e+07,8.6478753049e+07,8.3459293481e+07,2.2888028241e+08,1.2227938390e+08,7.7640180842e+07,6.3020763337e+07,5.5986343948e+07,4.5798818073e+07,4.3193848679e+07,4.1839549989e+07,3.8820090421e+07,2.1426086490e+08,1.0765996640e+08,6.3020763337e+07,4.8401345832e+07,4.1366926443e+07,3.1179400568e+07,2.8574431174e+07,2.7220132484e+07,2.4200672916e+07,2.0722644551e+08,1.0062554701e+08,5.5986343948e+07,4.1366926443e+07,3.4332507055e+07,2.4144981179e+07,2.1540011785e+07,2.0185713096e+07,1.7166253527e+07,1.9703891964e+08,9.0438021132e+07,4.5798818073e+07,3.1179400568e+07,2.4144981179e+07,1.3957455303e+07,1.1352485910e+07,9.9981872198e+06,6.9787276516e+06,1.9443395024e+08,8.7833051739e+07,4.3193848679e+07,2.8574431174e+07,2.1540011785e+07,1.1352485910e+07,8.7475165159e+06,7.3932178261e+06,4.3737582580e+06,1.9307965155e+08,8.6478753049e+07,4.1839549989e+07,2.7220132484e+07,2.0185713096e+07,9.9981872198e+06,7.3932178261e+06,6.0389191363e+06,3.0194595682e+06
24,400,40,6.5899453465e+08,4.7342440916e+08,3.9526963592e+08,3.6948822654e+08,3.5705732914e+08,3.3937653466e+08,3.3520158435e+08,3.3314505169e+08,3.2949726732e+08,4.7342440916e+08,2.8785428367e+08,2.0969951043e+08,1.8391810105e+08,1.7148720365e+08,1.5380640917e+08,1.4963145885e+08,1.4757492620e+08,1.4392714183e+08,3.9526963592e+08,2.0969951043e+08,1.3154473719e+08,1.0576332781e+08,9.3332430413e+07,7.5651635931e+07,7.1476685617e+07,6.9420152962e+07,6.5772368596e+07,3.6948822654e+08,1.8391810105e+08,1.0576332781e+08,7.9981918434e+07,6.7551021034e+07,4.9870226553e+07,4.5695276239e+07,4.3638743583e+07,3.9990959217e+07,3.5705732914e+08,1.7148720365e+08,9.3332430413e+07,6.7551021034e+07,5.5120123634e+07,3.7439329153e+07,3.3264378839e+07,3.1207846184e+07,2.7560061817e+07,3.3937653466e+08,1.5380640917e+08,7.5651635931e+07,4.9870226553e+07,3.7439329153e+07,1.9758534672e+07,1.5583584357e+07,1.3527051702e+07,9.8792673359e+06,3.3520158435e+08,1.4963145885e+08,7.1476685617e+07,4.5695276239e+07,3.3264378839e+07,1.5583584357e+07,1.1408634043e+07,9.3521013879e+06,5.7043170215e+06,3.3314505169e+08,1.4757492620e+08,6.9420152962e+07,4.3638743583e+07,3.1207846184e+07,1.3527051702e+07,9.3521013879e+06,7.2955687329e+06,3.6477843664e+06
25,400,50,5.8434837780e+08,4.1747431196e+08,3.5047790934e+08,3.2885543446e+08,3.1824099014e+08,3.0189237413e+08,2.9719755475e+08,2.9490740394e+08,2.9217418890e+08,4.1747431196e+08,2.5060024612e+08,1.8360384350e+08,1.6198136862e+08,1.5136692430e+08,1.3501830829e+08,1.3032348891e+08,1.2803333810e+08,1.2530012306e+08,3.5047790934e+08,1.8360384350e+08,1.1660744088e+08,9.4984966002e+07,8.4370521677e+07,6.8021905672e+07,6.3327086286e+07,6.1036935480e+07,5.8303720438e+07,3.2885543446e+08,1.6198136862e+08,9.4984966002e+07,7.3362491127e+07,6.2748046802e+07,4.6399430797e+07,4.1704611411e+07,3.9414460605e+07,3.6681245564e+07,3.1824099014e+08,1.5136692430e+08,8.4370521677e+07,6.2748046802e+07,5.2133602478e+07,3.5784986472e+07,3.1090167087e+07,2.8800016280e+07,2.6066801239e+07,3.0189237413e+08,1.3501830829e+08,6.8021905672e+07,4.6399430797e+07,3.5784986472e+07,1.9436370466e+07,1.4741551081e+07,1.2451400274e+07,9.7181852332e+06,2.9719755475e+08,1.3032348891e+08,6.3327086286e+07,4.1704611411e+07,3.1090167087e+07,1.4741551081e+07,1.0046731695e+07,7.7565808888e+06,5.0233658475e+06,2.9490740394e+08,1.2803333810e+08,6.1036935480e+07,3.9414460605e+07,2.8800016280e+07,1.2451400274e+07,7.7565808888e+06,5.4664300825e+06,2.7332150412e+06
26,400,60,6.7834624731e+08,4.8349682537e+08,4.1380484926e+08,3.9103294956e+08,3.7939776310e+08,3.5733097588e+08,3.4855088306e+08,3.4376612489e+08,3.3917312366e+08,4.8349682537e+08,2.8864740344e+08,2.1895542732e+08,1.9618352762e+08,1.8454834117e+08,1.6248155395e+08,1.5370146113e+08,1.4891670295e+08,1.4432370172e+08,4.1380484926e+08,2.1895542732e+08,1.4926345120e+08,1.2649155150e+08,1.1485636505e+08,9.2789577830e+07,8.4009485010e+07,7.9224726836e+07,7.4631725601e+07,3.9103294956e+08,1.9618352762e+08,1.2649155150e+08,1.0371965180e+08,9.2084465351e+07,7.0017678131e+07,6.1237585311e+07,5.6452827137e+07,5.1859825902e+07,3.7939776310e+08,1.8454834117e+08,1.1485636505e+08,9.2084465351e+07,8.0449278898e+07,5.8382491678e+07,4.9602398858e+07,4.4817640684e+07,4.0224639449e+07,3.5733097588e+08,1.6248155395e+08,9.2789577830e+07,7.0017678131e+07,5.8382491678e+07,3.6315704458e+07,2.7535611638e+07,2.2750853464e+07,1.8157852229e+07,3.4855088306e+08,1.5370146113e+08,8.4009485010e+07,6.1237585311e+07,4.9602398858e+07,2.7535611638e+07,1.8755518817e+07,1.3970760644e+07,9.3777594086e+06,3.4376612489e+08,1.4891670295e+08,7.9224726836e+07,5.6452827137e+07,4.4817640684e+07,2.2750853464e+07,1.3970760644e+07,9.1860024701e+06,4.5930012350e+06
27,400,70,4.0862176411e+09,2.8303307940e+09,2.4159139291e+09,2.2828956270e+09,2.2220364047e+09,2.1127390161e+09,2.0756247984e+09,2.0576854205e+09,2.0431088206e+09,2.8303307940e+09,1.5744439468e+09,1.1600270819e+09,1.0270087799e+09,9.6614955752e+08,8.5685216891e+08,8.1973795124e+08,8.0179857334e+08,7.8722197342e+08,2.4159139291e+09,1.1600270819e+09,7.4561021697e+08,6.1259191496e+08,5.5173269259e+08,4.4243530398e+08,4.0532108630e+08,3.8738170840e+08,3.7280510848e+08,2.2828956270e+09,1.0270087799e+09,6.1259191496e+08,4.7957361294e+08,4.1871439057e+08,3.0941700196e+08,2.7230278429e+08,2.5436340639e+08,2.3978680647e+08,2.2220364047e+09,9.6614955752e+08,5.5173269259e+08,4.1871439057e+08,3.5785516820e+08,2.4855777959e+08,2.1144356192e+08,1.9350418402e+08,1.7892758410e+08,2.1127390161e+09,8.5685216891e+08,4.4243530398e+08,3.0941700196e+08,2.4855777959e+08,1.3926039098e+08,1.0214617331e+08,8.4206795408e+07,6.9630195491e+07,2.0756247984e+09,8.1973795124e+08,4.0532108630e+08,2.7230278429e+08,2.1144356192e+08,1.0214617331e+08,6.5031955632e+07,4.7092577732e+07,3.2515977816e+07,2.0576854205e+09,8.0179857334e+08,3.8738170840e+08,2.5436340639e+08,1.9350418402e+08,8.4206795408e+07,4.7092577732e+07,2.9153199832e+07,1.4576599916e+07
28,400,80,5.1905337861e+09,3.5865801438e+09,3.0598935341e+09,2.8916014662e+09,2.8153439394e+09,2.6798088721e+09,2.6346913779e+09,2.6130064566e+09,2.5952668931e+09,3.5865801438e+09,1.9826265015e+09,1.4559398918e+09,1.2876478239e+09,1.2113902971e+09,1.0758552298e+09,1.0307377355e+09,1.0090528142e+09,9.9131325075e+08,3.0598935341e+09,1.4559398918e+09,9.2925328206e+08,7.6096121420e+08,6.8470368738e+08,5.4916862008e+08,5.0405112581e+08,4.8236620452e+08,4.6462664103e+08,2.8916014662e+09,1.2876478239e+09,7.6096121420e+08,5.9266914634e+08,5.1641161952e+08,3.8087655221e+08,3.3575905795e+08,3.1407413666e+08,2.9633457317e+08,2.8153439394e+09,1.2113902971e+09,6.8470368738e+08,5.1641161952e+08,4.4015409270e+08,3.0461902539e+08,2.5950153113e+08,2.3781660984e+08,2.2007704635e+08,2.6798088721e+09,1.0758552298e+09,5.4916862008e+08,3.8087655221e+08,3.0461902539e+08,1.6908395809e+08,1.2396646383e+08,1.0228154254e+08,8.4541979046e+07,2.6346913779e+09,1.0307377355e+09,5.0405112581e+08,3.3575905795e+08,2.5950153113e+08,1.2396646383e+08,7.8848969568e+07,5.7164048275e+07,3.9424484784e+07,2.6130064566e+09,1.0090528142e+09,4.8236620452e+08,3.1407413666e+08,2.3781660984e+08,1.0228154254e+08,5.7164048275e+07,3.5479126981e+07,1.7739563491e+07
29,400,90,5.4943840623e+09,3.7947967033e+09,3.2373021449e+09,3.0593096305e+09,2.9787985165e+09,2.8359578803e+09,2.7885735246e+09,2.7658177254e+09,2.7471920312e+09,3.7947967033e+09,2.0952093443e+09,1.5377147859e+09,1.3597222715e+09,1.2792111575e+09,1.1363705213e+09,1.0889861656e+09,1.0662303664e+09,1.0476046722e+09,3.2373021449e+09,1.5377147859e+09,9.8022022751e+08,8.0222771311e+08,7.2171659912e+08,5.7887596289e+08,5.3149160723e+08,5.0873580798e+08,4.9011011375e+08,3.0593096305e+09,1.3597222715e+09,8.0222771311e+08,6.2423519871e+08,5.4372408472e+08,4.0088344850e+08,3.5349909283e+08,3.3074329359e+08,3.1211759936e+08,2.9787985165e+09,1.2792111575e+09,7.2171659912e+08,5.4372408472e+08,4.6321297073e+08,3.2037233451e+08,2.7298797884e+08,2.5023217959e+08,2.3160648537e+08,2.8359578803e+09,1.1363705213e+09,5.7887596289e+08,4.0088344850e+08,3.2037233451e+08,1.7753169828e+08,1.3014734262e+08,1.0739154337e+08,8.8765849140e+07,2.7885735246e+09,1.0889861656e+09,5.3149160723e+08,3.5349909283e+08,2.7298797884e+08,1.3014734262e+08,8.2762986951e+07,6.0007187705e+07,4.1381493476e+07,2.7658177254e+09,1.0662303664e+09,5.0873580798e+08,3.3074329359e+08,2.5023217959e+08,1.0739154337e+08,6.0007187705e+07,3.7251388459e+07,1.8625694230e+07
30,500,0,4.0099751076e+07,2.7472925126e+07,2.2809839835e+07,2.1530680956e+07,2.0980986653e+07,2.0380488926e+07,2.0272926453e+07,2.0220842485e+07,2.0049875538e+07,2.7472925126e+07,1.4846099177e+07,1.0183013886e+07,8.9038550068e+06,8.3541607034e+06,7.7536629767e+06,7.6461005038e+06,7.5940165360e+06,7.4230495886e+06,2.2809839835e+07,1.0183013886e+07,5.5199285939e+06,4.2407697151e+06,3.6910754117e+06,3.0905776850e+06,2.9830152121e+06,2.9309312443e+06,2.7599642969e+06,2.1530680956e+07,8.9038550068e+06,4.2407697151e+06,2.9616108364e+06,2.4119165330e+06,1.8114188063e+06,1.7038563334e+06,1.6517723656e+06,1.4808054182e+06,2.0980986653e+07,8.3541607034e+06,3.6910754117e+06,2.4119165330e+06,1.8622222296e+06,1.2617245028e+06,1.1541620300e+06,1.1020780622e+06,9.3111111478e+05,2.0380488926e+07,7.7536629767e+06,3.0905776850e+06,1.8114188063e+06,1.2617245028e+06,6.6122677614e+05,5.5366430327e+05,5.0158033547e+05,3.3061338807e+05,2.0272926453e+07,7.6461005038e+06,2.9830152121e+06,1.7038563334e+06,1.1541620300e+06,5.5366430327e+05,4.4610183041e+05,3.9401786261e+05,2.2305091520e+05,2.0220842485e+07,7.5940165360e+06,2.9309312443e+06,1.6517723656e+06,1.1020780622e+06,5.0158033547e+05,3.9401786261e+05,3.4193389481e+05,1.7096694740e+05
31,500,10,1.5597784719e+08,1.0936608222e+08,9.1502643148e+07,8.6239651869e+07,8.3826024218e+07,8.0534570908e+07,7.9661419066e+07,7.9202829166e+07,7.7988923593e+07,1.0936608222e+08,6.2754317251e+07,4.4890878180e+07,3.9627886901e+07,3.7214259251e+07,3.3922805940e+07,3.3049654099e+07,3.2591064198e+07,3.1377158625e+07,9.1502643148e+07,4.4890878180e+07,2.7027439109e+07,2.1764447830e+07,1.9350820180e+07,1.6059366869e+07,1.5186215028e+07,1.4727625127e+07,1.3513719555e+07,8.6239651869e+07,3.9627886901e+07,2.1764447830e+07,1.6501456551e+07,1.4087828901e+07,1.0796375590e+07,9.9232237488e+06,9.4646338484e+06,8.2507282757e+06,8.3826024218e+07,3.7214259251e+07,1.9350820180e+07,1.4087828901e+07,1.1674201250e+07,8.3827479396e+06,7.5095960982e+06,7.0510061978e+06,5.8371006251e+06,8.0534570908e+07,3.3922805940e+07,1.6059366869e+07,1.0796375590e+07,8.3827479396e+06,5.0912946291e+06,4.2181427877e+06,3.7595528873e+06,2.5456473146e+06,7.9661419066e+07,3.3049654099e+07,1.5186215028e+07,9.9232237488e+06,7.5095960982e+06,4.2181427877e+06,3.3449909462e+06,2.8864010458e+06,1.6724954731e+06,7.9202829166e+07,3.2591064198e+07,1.4727625127e+07,9.4646338484e+06,7.0510061978e+06,3.7595528873e+06,2.8864010458e+06,2.4278111454e+06,1.2139055727e+06
32,500,20,4.4160443257e+08,3.1504405752e+08,2.6483316059e+08,2.4925297039e+08,2.4185727585e+08,2.3077421962e+08,2.2743622534e+08,2.2558748273e+08,2.2080221629e+08,3.1504405752e+08,1.8848368248e+08,1.3827278554e+08,1.2269259535e+08,1.1529690081e+08,1.0421384457e+08,1.0087585029e+08,9.9027107683e+07,9.4241841239e+07,2.6483316059e+08,1.3827278554e+08,8.8061888606e+07,7.2481698411e+07,6.5086003870e+07,5.4002947632e+07,5.0664953357e+07,4.8816210747e+07,4.4030944303e+07,2.4925297039e+08,1.2269259535e+08,7.2481698411e+07,5.6901508216e+07,4.9505813675e+07,3.8422757437e+07,3.5084763162e+07,3.3236020552e+07,2.8450754108e+07,2.4185727585e+08,1.1529690081e+08,6.5086003870e+07,4.9505813675e+07,4.2110119135e+07,3.1027062897e+07,2.7689068622e+07,2.5840326012e+07,2.1055059568e+07,2.3077421962e+08,1.0421384457e+08,5.4002947632e+07,3.8422757437e+07,3.1027062897e+07,1.9944006659e+07,1.6606012384e+07,1.4757269774e+07,9.9720033295e+06,2.2743622534e+08,1.0087585029e+08,5.0664953357e+07,3.5084763162e+07,2.7689068622e+07,1.6606012384e+07,1.3268018109e+07,1.1419275499e+07,6.6340090543e+06,2.2558748273e+08,9.9027107683e+07,4.8816210747e+07,3.3236020552e+07,2.5840326012e+07,1.4757269774e+07,1.1419275499e+07,9.5705328887e+06,4.7852664443e+06
33,500,30,9.1280642269e+08,6.6198358837e+08,5.5685354898e+08,5.2199673462e+08,5.0492574122e+08,4.7843998362e+08,4.7062399059e+08,4.6628180802e+08,4.5640321135e+08,6.6198358837e+08,4.1116075405e+08,3.0603071466e+08,2.7117390029e+08,2.5410290689e+08,2.2761714929e+08,2.1980115627e+08,2.1545897370e+08,2.0558037702e+08,5.5685354898e+08,3.0603071466e+08,2.0090067527e+08,1.6604386091e+08,1.4897286751e+08,1.2248710991e+08,1.1467111688e+08,1.1032893431e+08,1.0045033764e+08,5.2199673462e+08,2.7117390029e+08,1.6604386091e+08,1.3118704654e+08,1.1411605314e+08,8.7630295539e+07,7.9814302514e+07,7.5472119946e+07,6.5593523269e+07,5.0492574122e+08,2.5410290689e+08,1.4897286751e+08,1.1411605314e+08,9.7045059740e+07,7.0559302139e+07,6.2743309115e+07,5.8401126547e+07,4.8522529870e+07,4.7843998362e+08,2.2761714929e+08,1.2248710991e+08,8.7630295539e+07,7.0559302139e+07,4.4073544539e+07,3.6257551515e+07,3.1915368946e+07,2.2036772269e+07,4.7062399059e+08,2.1980115627e+08,1.1467111688e+08,7.9814302514e+07,6.2743309115e+07,3.6257551515e+07,2.8441558490e+07,2.4099375922e+07,1.4220779245e+07,4.6628180802e+08,2.1545897370e+08,1.1032893431e+08,7.5472119946e+07,5.8401126547e+07,3.1915368946e+07,2.4099375922e+07,1.9757193354e+07,9.8785966768e+06
34,500,40,1.2396126146e+09,8.9680660883e+08,7.5323004251e+08,7.0547843058e+08,6.8195595593e+08,6.4567300457e+08,6.3549654699e+08,6.3008386297e+08,6.1980630729e+08,8.9680660883e+08,5.5400060309e+08,4.1042403677e+08,3.6267242484e+08,3.3914995019e+08,3.0286699882e+08,2.9269054125e+08,2.8727785722e+08,2.7700030154e+08,7.5323004251e+08,4.1042403677e+08,2.6684747044e+08,2.1909585852e+08,1.9557338386e+08,1.5929043250e+08,1.4911397493e+08,1.4370129090e+08,1.3342373522e+08,7.0547843058e+08,3.6267242484e+08,2.1909585852e+08,1.7134424659e+08,1.4782177193e+08,1.1153882057e+08,1.0136236300e+08,9.5949678974e+07,8.5672123293e+07,6.8195595593e+08,3.3914995019e+08,1.9557338386e+08,1.4782177193e+08,1.2429929728e+08,8.8016345920e+07,7.7839888345e+07,7.2427204322e+07,6.2149648641e+07,6.4567300457e+08,3.0286699882e+08,1.5929043250e+08,1.1153882057e+08,8.8016345920e+07,5.1733394558e+07,4.1556936982e+07,3.6144252960e+07,2.5866697279e+07,6.3549654699e+08,2.9269054125e+08,1.4911397493e+08,1.0136236300e+08,7.7839888345e+07,4.1556936982e+07,3.1380479407e+07,2.5967795385e+07,1.5690239703e+07,6.3008386297e+08,2.8727785722e+08,1.4370129090e+08,9.5949678974e+07,7.2427204322e+07,3.6144252960e+07,2.5967795385e+07,2.0555111362e+07,1.0277555681e+07
35,500,50,1.1961952826e+09,8.5334331456e+08,7.1860680353e+08,6.7562368155e+08,6.5445850804e+08,6.2100999866e+08,6.1089591035e+08,6.0572584194e+08,5.9809764128e+08,8.5334331456e+08,5.1049134656e+08,3.7575483553e+08,3.3277171355e+08,3.1160654004e+08,2.7815803065e+08,2.6804394235e+08,2.6287387394e+08,2.5524567328e+08,7.1860680353e+08,3.7575483553e+08,2.4101832451e+08,1.9803520252e+08,1.7687002901e+08,1.4342151963e+08,1.3330743132e+08,1.2813736291e+08,1.2050916225e+08,6.7562368155e+08,3.3277171355e+08,1.9803520252e+08,1.5505208053e+08,1.3388690703e+08,1.0043839764e+08,9.0324309336e+07,8.5154240924e+07,7.7526040267e+07,6.5445850804e+08,3.1160654004e+08,1.7687002901e+08,1.3388690703e+08,1.1272173352e+08,7.9273224132e+07,6.9159135828e+07,6.3989067415e+07,5.6360866759e+07,6.2100999866e+08,2.7815803065e+08,1.4342151963e+08,1.0043839764e+08,7.9273224132e+07,4.5824714748e+07,3.5710626443e+07,3.0540558030e+07,2.2912357374e+07,6.1089591035e+08,2.6804394235e+08,1.3330743132e+08,9.0324309336e+07,6.9159135828e+07,3.5710626443e+07,2.5596538139e+07,2.0426469726e+07,1.2798269070e+07,6.0572584194e+08,2.6287387394e+08,1.2813736291e+08,8.5154240924e+07,6.3989067415e+07,3.0540558030e+07,2.0426469726e+07,1.5256401313e+07,7.6282006566e+06
36,500,60,1.2157998682e+09,8.5528735588e+08,7.3041458552e+08,6.9140204109e+08,6.7184367917e+08,6.3690615854e+08,6.2387942533e+08,6.1670894356e+08,6.0789993412e+08,8.5528735588e+08,4.9477484351e+08,3.6990207315e+08,3.3088952872e+08,3.1133116680e+08,2.7639364617e+08,2.6336691296e+08,2.5619643119e+08,2.4738742175e+08,7.3041458552e+08,3.6990207315e+08,2.4502930279e+08,2.0601675837e+08,1.8645839645e+08,1.5152087581e+08,1.3849414260e+08,1.3132366084e+08,1.2251465140e+08,6.9140204109e+08,3.3088952872e+08,2.0601675837e+08,1.6700421394e+08,1.4744585202e+08,1.1250833139e+08,9.9481598175e+07,9.2311116409e+07,8.3502106971e+07,6.7184367917e+08,3.1133116680e+08,1.8645839645e+08,1.4744585202e+08,1.2788749010e+08,9.2949969467e+07,7.9923236254e+07,7.2752754488e+07,6.3943745050e+07,6.3690615854e+08,2.7639364617e+08,1.5152087581e+08,1.1250833139e+08,9.2949969467e+07,5.8012448834e+07,4.4985715621e+07,3.7815233855e+07,2.9006224417e+07,6.2387942533e+08,2.6336691296e+08,1.3849414260e+08,9.9481598175e+07,7.9923236254e+07,4.4985715621e+07,3.1958982408e+07,2.4788500642e+07,1.5979491204e+07,6.1670894356e+08,2.5619643119e+08,1.3132366084e+08,9.2311116409e+07,7.2752754488e+07,3.7815233855e+07,2.4788500642e+07,1.7618018876e+07,8.8090094382e+06
37,500,70,4.6563383644e+09,3.2274313016e+09,2.7544069317e+09,2.6033655642e+09,2.5337434467e+09,2.4096066192e+09,2.3674757740e+09,2.3468364403e+09,2.3281691822e+09,3.2274313016e+09,1.7985242389e+09,1.3254998689e+09,1.1744585015e+09,1.1048363840e+09,9.8069955648e+08,9.3856871123e+08,9.1792937758e+08,8.9926211943e+08,2.7544069317e+09,1.3254998689e+09,8.5247549894e+08,7.0143413149e+08,6.3181201401e+08,5.0767518652e+08,4.6554434126e+08,4.4490500761e+08,4.2623774947e+08,2.6033655642e+09,1.1744585015e+09,7.0143413149e+08,5.5039276404e+08,4.8077064656e+08,3.5663381907e+08,3.1450297382e+08,2.9386364017e+08,2.7519638202e+08,2.5337434467e+09,1.1048363840e+09,6.3181201401e+08,4.8077064656e+08,4.1114852908e+08,2.8701170159e+08,2.4488085634e+08,2.2424152269e+08,2.0557426454e+08,2.4096066192e+09,9.8069955648e+08,5.0767518652e+08,3.5663381907e+08,2.8701170159e+08,1.6287487410e+08,1.2074402885e+08,1.0010469519e+08,8.1437437048e+07,2.3674757740e+09,9.3856871123e+08,4.6554434126e+08,3.1450297382e+08,2.4488085634e+08,1.2074402885e+08,7.8613183594e+07,5.7973849943e+07,3.9306591797e+07,2.3468364403e+09,9.1792937758e+08,4.4490500761e+08,2.9386364017e+08,2.2424152269e+08,1.0010469519e+08,5.7973849943e+07,3.7334516292e+07,1.8667258146e+07
38,500,80,5.7712821078e+09,3.9913890946e+09,3.4044377778e+09,3.2174676124e+09,3.1322272681e+09,2.9816245781e+09,2.9315794508e+09,2.9073037876e+09,2.8856410539e+09,3.9913890946e+09,2.2114960815e+09,1.6245447647e+09,1.4375745993e+09,1.3523342550e+09,1.2017315650e+09,1.1516864376e+09,1.1274107745e+09,1.1057480408e+09,3.4044377778e+09,1.6245447647e+09,1.0375934478e+09,8.5062328243e+08,7.6538293817e+08,6.1478024813e+08,5.6473512079e+08,5.4045945766e+08,5.1879672392e+08,3.2174676124e+09,1.4375745993e+09,8.5062328243e+08,6.6365311702e+08,5.7841277276e+08,4.2781008273e+08,3.7776495539e+08,3.5348929225e+08,3.3182655851e+08,3.1322272681e+09,1.3523342550e+09,7.6538293817e+08,5.7841277276e+08,4.9317242850e+08,3.4256973847e+08,2.9252461113e+08,2.6824894799e+08,2.4658621425e+08,2.9816245781e+09,1.2017315650e+09,6.1478024813e+08,4.2781008273e+08,3.4256973847e+08,1.9196704844e+08,1.4192192109e+08,1.1764625796e+08,9.5983524218e+07,2.9315794508e+09,1.1516864376e+09,5.6473512079e+08,3.7776495539e+08,2.9252461113e+08,1.4192192109e+08,9.1876793753e+07,6.7601130619e+07,4.5938396877e+07,2.9073037876e+09,1.1274107745e+09,5.4045945766e+08,3.5348929225e+08,2.6824894799e+08,1.1764625796e+08,6.7601130619e+07,4.3325467485e+07,2.1662733742e+07
39,500,90,6.0811235046e+09,4.2038522320e+09,3.5854207784e+09,3.3885047653e+09,3.2989098959e+09,3.1408038520e+09,3.0884320101e+09,3.0630702183e+09,3.0405617523e+09,4.2038522320e+09,2.3265809594e+09,1.7081495058e+09,1.5112334927e+09,1.4216386233e+09,1.2635325794e+09,1.2111607375e+09,1.1857989457e+09,1.1632904797e+09,3.5854207784e+09,1.7081495058e+09,1.0897180522e+09,8.9280203904e+08,8.0320716970e+08,6.4510112579e+08,5.9272928389e+08,5.6736749208e+08,5.4485902608e+08,3.3885047653e+09,1.5112334927e+09,8.9280203904e+08,6.9588602592e+08,6.0629115658e+08,4.4818511266e+08,3.9581327077e+08,3.7045147895e+08,3.4794301296e+08,3.2989098959e+09,1.4216386233e+09,8.0320716970e+08,6.0629115658e+08,5.1669628724e+08,3.5859024333e+08,3.0621840143e+08,2.8085660962e+08,2.5834814362e+08,3.1408038520e+09,1.2635325794e+09,6.4510112579e+08,4.4818511266e+08,3.5859024333e+08,2.0048419941e+08,1.4811235752e+08,1.2275056570e+08,1.0024209971e+08,3.0884320101e+09,1.2111607375e+09,5.9272928389e+08,3.9581327077e+08,3.0621840143e+08,1.4811235752e+08,9.5740515627e+07,7.0378723808e+07,4.7870257813e+07,3.0630702183e+09,1.1857989457e+09,5.6736749208e+08,3.7045147895e+08,2.8085660962e+08,1.2275056570e+08,7.0378723808e+07,4.5016931989e+07,2.2508465995e+07
40,600,0,1.8480193843e+08,1.2851500724e+08,1.0716571540e+08,1.0101343839e+08,9.8251822474e+07,9.4756231681e+07,9.3940868960e+07,9.3529437205e+07,9.2400969214e+07,1.2851500724e+08,7.2228076043e+07,5.0878784212e+07,4.4726507196e+07,4.1964891281e+07,3.8469300489e+07,3.7653937768e+07,3.7242506012e+07,3.6114038021e+07,1.0716571540e+08,5.0878784212e+07,2.9529492381e+07,2.3377215365e+07,2.0615599450e+07,1.7120008658e+07,1.6304645937e+07,1.5893214181e+07,1.4764746190e+07,1.0101343839e+08,4.4726507196e+07,2.3377215365e+07,1.7224938349e+07,1.4463322434e+07,1.0967731642e+07,1.0152368920e+07,9.7409371650e+06,8.6124691743e+06,9.8251822474e+07,4.1964891281e+07,2.0615599450e+07,1.4463322434e+07,1.1701706519e+07,8.2061157271e+06,7.3907530059e+06,6.9793212504e+06,5.8508532597e+06,9.4756231681e+07,3.8469300489e+07,1.7120008658e+07,1.0967731642e+07,8.2061157271e+06,4.7105249346e+06,3.8951622135e+06,3.4837304580e+06,2.3552624673e+06,9.3940868960e+07,3.7653937768e+07,1.6304645937e+07,1.0152368920e+07,7.3907530059e+06,3.8951622135e+06,3.0797994923e+06,2.6683677369e+06,1.5398997462e+06,9.3529437205e+07,3.7242506012e+07,1.5893214181e+07,9.7409371650e+06,6.9793212504e+06,3.4837304580e+06,2.6683677369e+06,2.2569359814e+06,1.1284679907e+06
41,600,10,4.7461942173e+08,3.3676949568e+08,2.8302781703e+08,2.6668923626e+08,2.5900637272e+08,2.4765397557e+08,2.4424013694e+08,2.4235068869e+08,2.3730971087e+08,3.3676949568e+08,1.9891956962e+08,1.4517789098e+08,1.2883931021e+08,1.2115644666e+08,1.0980404952e+08,1.0639021088e+08,1.0450076264e+08,9.9459784811e+07,2.8302781703e+08,1.4517789098e+08,9.1436212329e+07,7.5097631558e+07,6.7414768018e+07,5.6062370872e+07,5.2648532236e+07,5.0759083993e+07,4.5718106165e+07,2.6668923626e+08,1.2883931021e+08,7.5097631558e+07,5.8759050787e+07,5.1076187247e+07,3.9723790101e+07,3.6309951464e+07,3.4420503222e+07,2.9379525394e+07,2.5900637272e+08,1.2115644666e+08,6.7414768018e+07,5.1076187247e+07,4.3393323706e+07,3.2040926561e+07,2.8627087924e+07,2.6737639682e+07,2.1696661853e+07,2.4765397557e+08,1.0980404952e+08,5.6062370872e+07,3.9723790101e+07,3.2040926561e+07,2.0688529415e+07,1.7274690778e+07,1.5385242536e+07,1.0344264707e+07,2.4424013694e+08,1.0639021088e+08,5.2648532236e+07,3.6309951464e+07,2.8627087924e+07,1.7274690778e+07,1.3860852142e+07,1.1971403899e+07,6.9304260708e+06,2.4235068869e+08,1.0450076264e+08,5.0759083993e+07,3.4420503222e+07,2.6737639682e+07,1.5385242536e+07,1.1971403899e+07,1.0081955657e+07,5.0409778284e+06
42,600,20,1.0251661725e+09,7.3882658818e+08,6.2443279513e+08,5.8816267947e+08,5.7062835201e+08,5.4271028260e+08,5.3335377810e+08,5.2781312850e+08,5.1258308624e+08,7.3882658818e+08,4.5248700388e+08,3.3809321083e+08,3.0182309517e+08,2.8428876771e+08,2.5637069830e+08,2.4701419380e+08,2.4147354420e+08,2.2624350194e+08,6.2443279513e+08,3.3809321083e+08,2.2369941779e+08,1.8742930212e+08,1.6989497466e+08,1.4197690525e+08,1.3262040075e+08,1.2707975115e+08,1.1184970889e+08,5.8816267947e+08,3.0182309517e+08,1.8742930212e+08,1.5115918646e+08,1.3362485900e+08,1.0570678959e+08,9.6350285086e+07,9.0809635488e+07,7.5579593230e+07,5.7062835201e+08,2.8428876771e+08,1.6989497466e+08,1.3362485900e+08,1.1609053154e+08,8.8172462129e+07,7.8815957627e+07,7.3275308028e+07,5.8045265771e+07,5.4271028260e+08,2.5637069830e+08,1.4197690525e+08,1.0570678959e+08,8.8172462129e+07,6.0254392716e+07,5.0897888214e+07,4.5357238615e+07,3.0127196358e+07,5.3335377810e+08,2.4701419380e+08,1.3262040075e+08,9.6350285086e+07,7.8815957627e+07,5.0897888214e+07,4.1541383712e+07,3.6000734113e+07,2.0770691856e+07,5.2781312850e+08,2.4147354420e+08,1.2707975115e+08,9.0809635488e+07,7.3275308028e+07,4.5357238615e+07,3.6000734113e+07,3.0460084515e+07,1.5230042257e+07
43,600,30,1.7221953090e+09,1.2590156749e+09,1.0673513949e+09,1.0029410834e+09,9.7068960256e+08,9.1670109876e+08,8.9831572425e+08,8.8737041453e+08,8.6109765451e+08,1.2590156749e+09,7.9583604083e+08,6.0417176082e+08,5.3976144935e+08,5.0750996846e+08,4.5352146466e+08,4.3513609016e+08,4.2419078043e+08,3.9791802042e+08,1.0673513949e+09,6.0417176082e+08,4.1250748080e+08,3.4809716933e+08,3.1584568845e+08,2.6185718465e+08,2.4347181014e+08,2.3252650042e+08,2.0625374040e+08,1.0029410834e+09,5.3976144935e+08,3.4809716933e+08,2.8368685786e+08,2.5143537698e+08,1.9744687318e+08,1.7906149867e+08,1.6811618895e+08,1.4184342893e+08,9.7068960256e+08,5.0750996846e+08,3.1584568845e+08,2.5143537698e+08,2.1918389609e+08,1.6519539229e+08,1.4681001778e+08,1.3586470806e+08,1.0959194805e+08,9.1670109876e+08,4.5352146466e+08,2.6185718465e+08,1.9744687318e+08,1.6519539229e+08,1.1120688849e+08,9.2821513985e+07,8.1876204264e+07,5.5603444247e+07,8.9831572425e+08,4.3513609016e+08,2.4347181014e+08,1.7906149867e+08,1.4681001778e+08,9.2821513985e+07,7.4436139477e+07,6.3490829756e+07,3.7218069739e+07,8.8737041453e+08,4.2419078043e+08,2.3252650042e+08,1.6811618895e+08,1.3586470806e+08,8.1876204264e+07,6.3490829756e+07,5.2545520035e+07,2.6272760017e+07
44,600,40,2.0240336937e+09,1.4787019713e+09,1.2512559975e+09,1.1742233073e+09,1.1352371052e+09,1.0698842280e+09,1.0486244124e+09,1.0365703167e+09,1.0120168469e+09,1.4787019713e+09,9.3337024880e+08,7.0592427505e+08,6.2889158485e+08,5.8990538277e+08,5.2455250549e+08,5.0329268994e+08,4.9123859420e+08,4.6668512440e+08,1.2512559975e+09,7.0592427505e+08,4.7847830130e+08,4.0144561110e+08,3.6245940902e+08,2.9710653174e+08,2.7584671619e+08,2.6379262045e+08,2.3923915065e+08,1.1742233073e+09,6.2889158485e+08,4.0144561110e+08,3.2441292090e+08,2.8542671882e+08,2.2007384154e+08,1.9881402599e+08,1.8675993025e+08,1.6220646045e+08,1.1352371052e+09,5.8990538277e+08,3.6245940902e+08,2.8542671882e+08,2.4644051674e+08,1.8108763946e+08,1.5982782391e+08,1.4777372817e+08,1.2322025837e+08,1.0698842280e+09,5.2455250549e+08,2.9710653174e+08,2.2007384154e+08,1.8108763946e+08,1.1573476218e+08,9.4474946633e+07,8.2420850893e+07,5.7867381091e+07,1.0486244124e+09,5.0329268994e+08,2.7584671619e+08,1.9881402599e+08,1.5982782391e+08,9.4474946633e+07,7.3215131086e+07,6.1161035345e+07,3.6607565543e+07,1.0365703167e+09,4.9123859420e+08,2.6379262045e+08,1.8675993025e+08,1.4777372817e+08,8.2420850893e+07,6.1161035345e+07,4.9106939604e+07,2.4553469802e+07
45,600,50,2.0488447168e+09,1.4626641770e+09,1.2379530845e+09,1.1665628589e+09,1.1309956250e+09,1.0721805092e+09,1.0528647643e+09,1.0424263717e+09,1.0244223584e+09,1.4626641770e+09,8.7648363713e+08,6.5177254470e+08,5.8038231906e+08,5.4481508513e+08,4.8599996938e+08,4.6668422450e+08,4.5624583184e+08,4.3824181857e+08,1.2379530845e+09,6.5177254470e+08,4.2706145227e+08,3.5567122663e+08,3.2010399269e+08,2.6128887695e+08,2.4197313207e+08,2.3153473940e+08,2.1353072613e+08,1.1665628589e+09,5.8038231906e+08,3.5567122663e+08,2.8428100099e+08,2.4871376706e+08,1.8989865131e+08,1.7058290643e+08,1.6014451377e+08,1.4214050050e+08,1.1309956250e+09,5.4481508513e+08,3.2010399269e+08,2.4871376706e+08,2.1314653312e+08,1.5433141737e+08,1.3501567249e+08,1.2457727983e+08,1.0657326656e+08,1.0721805092e+09,4.8599996938e+08,2.6128887695e+08,1.8989865131e+08,1.5433141737e+08,9.5516301629e+07,7.6200556749e+07,6.5762164084e+07,4.7758150814e+07,1.0528647643e+09,4.6668422450e+08,2.4197313207e+08,1.7058290643e+08,1.3501567249e+08,7.6200556749e+07,5.6884811868e+07,4.6446419204e+07,2.8442405934e+07,1.0424263717e+09,4.5624583184e+08,2.3153473940e+08,1.6014451377e+08,1.2457727983e+08,6.5762164084e+07,4.6446419204e+07,3.6008026539e+07,1.8004013269e+07
46,600,60,2.0031792307e+09,1.4009035202e+09,1.1995911355e+09,1.1378660890e+09,1.1069025122e+09,1.0515341867e+09,1.0307982394e+09,1.0191419185e+09,1.0015896154e+09,1.4009035202e+09,7.9862780973e+08,5.9731542501e+08,5.3559037849e+08,5.0462680165e+08,4.4925847619e+08,4.2852252892e+08,4.1686620800e+08,3.9931390487e+08,1.1995911355e+09,5.9731542501e+08,3.9600304029e+08,3.3427799377e+08,3.0331441693e+08,2.4794609147e+08,2.2721014420e+08,2.1555382328e+08,1.9800152015e+08,1.1378660890e+09,5.3559037849e+08,3.3427799377e+08,2.7255294725e+08,2.4158937041e+08,1.8622104495e+08,1.6548509768e+08,1.5382877676e+08,1.3627647363e+08,1.1069025122e+09,5.0462680165e+08,3.0331441693e+08,2.4158937041e+08,2.1062579358e+08,1.5525746811e+08,1.3452152084e+08,1.2286519992e+08,1.0531289679e+08,1.0515341867e+09,4.4925847619e+08,2.4794609147e+08,1.8622104495e+08,1.5525746811e+08,9.9889142653e+07,7.9153195383e+07,6.7496874459e+07,4.9944571327e+07,1.0307982394e+09,4.2852252892e+08,2.2721014420e+08,1.6548509768e+08,1.3452152084e+08,7.9153195383e+07,5.8417248113e+07,4.6760927189e+07,2.9208624056e+07,1.0191419185e+09,4.1686620800e+08,2.1555382328e+08,1.5382877676e+08,1.2286519992e+08,6.7496874459e+07,4.6760927189e+07,3.5104606265e+07,1.7552303133e+07
47,600,70,5.4192162375e+09,3.7621908996e+09,3.2140030070e+09,3.0394142391e+09,2.9579583342e+09,2.8120212482e+09,2.7616685297e+09,2.7364500711e+09,2.7096081187e+09,3.7621908996e+09,2.1051655618e+09,1.5569776692e+09,1.3823889012e+09,1.3009329963e+09,1.1549959103e+09,1.1046431918e+09,1.0794247333e+09,1.0525827809e+09,3.2140030070e+09,1.5569776692e+09,1.0087897766e+09,8.3420100861e+08,7.5274510373e+08,6.0680801770e+08,5.5645529922e+08,5.3123684065e+08,5.0439488828e+08,3.0394142391e+09,1.3823889012e+09,8.3420100861e+08,6.5961224066e+08,5.7815633578e+08,4.3221924975e+08,3.8186653128e+08,3.5664807271e+08,3.2980612033e+08,2.9579583342e+09,1.3009329963e+09,7.5274510373e+08,5.7815633578e+08,4.9670043091e+08,3.5076334488e+08,3.0041062640e+08,2.7519216783e+08,2.4835021545e+08,2.8120212482e+09,1.1549959103e+09,6.0680801770e+08,4.3221924975e+08,3.5076334488e+08,2.0482625885e+08,1.5447354037e+08,1.2925508180e+08,1.0241312943e+08,2.7616685297e+09,1.1046431918e+09,5.5645529922e+08,3.8186653128e+08,3.0041062640e+08,1.5447354037e+08,1.0412082189e+08,7.8902363323e+07,5.2060410946e+07,2.7364500711e+09,1.0794247333e+09,5.3123684065e+08,3.5664807271e+08,2.7519216783e+08,1.2925508180e+08,7.8902363323e+07,5.3683904754e+07,2.6841952377e+07
48,600,80,6.4748812956e+09,4.4860645168e+09,3.8289944846e+09,3.6199951892e+09,3.5237611161e+09,3.3530752535e+09,3.2954991827e+09,3.2669512953e+09,3.2374406478e+09,4.4860645168e+09,2.4972477380e+09,1.8401777058e+09,1.6311784104e+09,1.5349443373e+09,1.3642584747e+09,1.3066824039e+09,1.2781345165e+09,1.2486238690e+09,3.8289944846e+09,1.8401777058e+09,1.1831076736e+09,9.7410837818e+08,8.7787430508e+08,7.0718844251e+08,6.4961237165e+08,6.2106448429e+08,5.9155383678e+08,3.6199951892e+09,1.6311784104e+09,9.7410837818e+08,7.6510908280e+08,6.6887500970e+08,4.9818914713e+08,4.4061307627e+08,4.1206518891e+08,3.8255454140e+08,3.5237611161e+09,1.5349443373e+09,8.7787430508e+08,6.6887500970e+08,5.7264093659e+08,4.0195507403e+08,3.4437900317e+08,3.1583111580e+08,2.8632046830e+08,3.3530752535e+09,1.3642584747e+09,7.0718844251e+08,4.9818914713e+08,4.0195507403e+08,2.3126921146e+08,1.7369314060e+08,1.4514525324e+08,1.1563460573e+08,3.2954991827e+09,1.3066824039e+09,6.4961237165e+08,4.4061307627e+08,3.4437900317e+08,1.7369314060e+08,1.1611706974e+08,8.7569182378e+07,5.8058534871e+07,3.2669512953e+09,1.2781345165e+09,6.2106448429e+08,4.1206518891e+08,3.1583111580e+08,1.4514525324e+08,8.7569182378e+07,5.9021295014e+07,2.9510647507e+07
49,600,90,6.7772701764e+09,4.6934411353e+09,4.0054445385e+09,3.7866817172e+09,3.6862068212e+09,3.5082871250e+09,3.4485017342e+09,3.4189176817e+09,3.3886350882e+09,4.6934411353e+09,2.6096120941e+09,1.9216154973e+09,1.7028526761e+09,1.6023777801e+09,1.4244580839e+09,1.3646726931e+09,1.3350886405e+09,1.3048060471e+09,4.0054445385e+09,1.9216154973e+09,1.2336189006e+09,1.0148560793e+09,9.1438118330e+08,7.3646148712e+08,6.7667609628e+08,6.4709204376e+08,6.1680945028e+08,3.7866817172e+09,1.7028526761e+09,1.0148560793e+09,7.9609325808e+08,6.9561836206e+08,5.1769866588e+08,4.5791327504e+08,4.2832922252e+08,3.9804662904e+08,3.6862068212e+09,1.6023777801e+09,9.1438118330e+08,6.9561836206e+08,5.9514346603e+08,4.1722376985e+08,3.5743837901e+08,3.2785432649e+08,2.9757173302e+08,3.5082871250e+09,1.4244580839e+09,7.3646148712e+08,5.1769866588e+08,4.1722376985e+08,2.3930407367e+08,1.7951868283e+08,1.4993463031e+08,1.1965203684e+08,3.4485017342e+09,1.3646726931e+09,6.7667609628e+08,4.5791327504e+08,3.5743837901e+08,1.7951868283e+08,1.1973329199e+08,9.0149239471e+07,5.9866645996e+07,3.4189176817e+09,1.3350886405e+09,6.4709204376e+08,4.2832922252e+08,3.2785432649e+08,1.4993463031e+08,9.0149239471e+07,6.0565186949e+07,3.0282593475e+07
50,700,0,6.4719577816e+08,4.5677258848e+08,3.8279895280e+08,3.6054982171e+08,3.5020003205e+08,3.3553329125e+08,3.3144913637e+08,3.2927105041e+08,3.2359788908e+08,4.5677258848e+08,2.6634939880e+08,1.9237576312e+08,1.7012663203e+08,1.5977684237e+08,1.4511010157e+08,1.4102594669e+08,1.3884786073e+08,1.3317469940e+08,3.8279895280e+08,1.9237576312e+08,1.1840212745e+08,9.6152996348e+07,8.5803206694e+07,7.1136465895e+07,6.7052311016e+07,6.4874225053e+07,5.9201063723e+07,3.6054982171e+08,1.7012663203e+08,9.6152996348e+07,7.3903865250e+07,6.3554075596e+07,4.8887334797e+07,4.4803179919e+07,4.2625093955e+07,3.6951932625e+07,3.5020003205e+08,1.5977684237e+08,8.5803206694e+07,6.3554075596e+07,5.3204285942e+07,3.8537545143e+07,3.4453390265e+07,3.2275304301e+07,2.6602142971e+07,3.3553329125e+08,1.4511010157e+08,7.1136465895e+07,4.8887334797e+07,3.8537545143e+07,2.3870804344e+07,1.9786649466e+07,1.7608563503e+07,1.1935402172e+07,3.3144913637e+08,1.4102594669e+08,6.7052311016e+07,4.4803179919e+07,3.4453390265e+07,1.9786649466e+07,1.5702494587e+07,1.3524408624e+07,7.8512472934e+06,3.2927105041e+08,1.3884786073e+08,6.4874225053e+07,4.2625093955e+07,3.2275304301e+07,1.7608563503e+07,1.3524408624e+07,1.1346322661e+07,5.6731613303e+06
51,700,10,1.1759349487e+09,8.4267083111e+08,7.1181048656e+08,6.7120366191e+08,6.5176985184e+08,6.2127578872e+08,6.1108819904e+08,6.0506721300e+08,5.8796747437e+08,8.4267083111e+08,5.0940671347e+08,3.7854636892e+08,3.3793954427e+08,3.1850573420e+08,2.8801167108e+08,2.7782408140e+08,2.7180309536e+08,2.5470335674e+08,7.1181048656e+08,3.7854636892e+08,2.4768602436e+08,2.0707919972e+08,1.8764538965e+08,1.5715132653e+08,1.4696373685e+08,1.4094275081e+08,1.2384301218e+08,6.7120366191e+08,3.3793954427e+08,2.0707919972e+08,1.6647237507e+08,1.4703856500e+08,1.1654450188e+08,1.0635691220e+08,1.0033592616e+08,8.3236187534e+07,6.5176985184e+08,3.1850573420e+08,1.8764538965e+08,1.4703856500e+08,1.2760475493e+08,9.7110691808e+07,8.6923102128e+07,8.0902116088e+07,6.3802377465e+07,6.2127578872e+08,2.8801167108e+08,1.5715132653e+08,1.1654450188e+08,9.7110691808e+07,6.6616628687e+07,5.6429039007e+07,5.0408052967e+07,3.3308314344e+07,6.1108819904e+08,2.7782408140e+08,1.4696373685e+08,1.0635691220e+08,8.6923102128e+07,5.6429039007e+07,4.6241449327e+07,4.0220463287e+07,2.3120724664e+07,6.0506721300e+08,2.7180309536e+08,1.4094275081e+08,1.0033592616e+08,8.0902116088e+07,5.0408052967e+07,4.0220463287e+07,3.4199477247e+07,1.7099738624e+07
52,700,20,1.9565363340e+09,1.4257717278e+09,1.2138640674e+09,1.1454685303e+09,1.1116608300e+09,1.0540107866e+09,1.0323618780e+09,1.0185854149e+09,9.7826816702e+08,1.4257717278e+09,8.9500712156e+08,6.8309946116e+08,6.1470392402e+08,5.8089622373e+08,5.2324618038e+08,5.0159727180e+08,4.8782080864e+08,4.4750356078e+08,1.2138640674e+09,6.8309946116e+08,4.7119180076e+08,4.0279626362e+08,3.6898856333e+08,3.1133851998e+08,2.8968961139e+08,2.7591314824e+08,2.3559590038e+08,1.1454685303e+09,6.1470392402e+08,4.0279626362e+08,3.3440072647e+08,3.0059302619e+08,2.4294298283e+08,2.2129407425e+08,2.0751761110e+08,1.6720036324e+08,1.1116608300e+09,5.8089622373e+08,3.6898856333e+08,3.0059302619e+08,2.6678532590e+08,2.0913528255e+08,1.8748637397e+08,1.7370991081e+08,1.3339266295e+08,1.0540107866e+09,5.2324618038e+08,3.1133851998e+08,2.4294298283e+08,2.0913528255e+08,1.5148523919e+08,1.2983633061e+08,1.1605986746e+08,7.5742619597e+07,1.0323618780e+09,5.0159727180e+08,2.8968961139e+08,2.2129407425e+08,1.8748637397e+08,1.2983633061e+08,1.0818742203e+08,9.4410958875e+07,5.4093711015e+07,1.0185854149e+09,4.8782080864e+08,2.7591314824e+08,2.0751761110e+08,1.7370991081e+08,1.1605986746e+08,9.4410958875e+07,8.0634495722e+07,4.0317247861e+07
53,700,30,2.7530296660e+09,2.0353169006e+09,1.7432431382e+09,1.6420006923e+09,1.5895479879e+09,1.4937292687e+09,1.4568849532e+09,1.4338099520e+09,1.3765148330e+09,2.0353169006e+09,1.3176041351e+09,1.0255303728e+09,9.2428792681e+08,8.7183522243e+08,7.7601650319e+08,7.3917218768e+08,7.1609718655e+08,6.5880206754e+08,1.7432431382e+09,1.0255303728e+09,7.3345661046e+08,6.3221416449e+08,5.7976146011e+08,4.8394274087e+08,4.4709842536e+08,4.2402342424e+08,3.6672830523e+08,1.6420006923e+09,9.2428792681e+08,6.3221416449e+08,5.3097171853e+08,4.7851901414e+08,3.8270029490e+08,3.4585597940e+08,3.2278097827e+08,2.6548585926e+08,1.5895479879e+09,8.7183522243e+08,5.7976146011e+08,4.7851901414e+08,4.2606630976e+08,3.3024759052e+08,2.9340327501e+08,2.7032827389e+08,2.1303315488e+08,1.4937292687e+09,7.7601650319e+08,4.8394274087e+08,3.8270029490e+08,3.3024759052e+08,2.3442887128e+08,1.9758455577e+08,1.7450955465e+08,1.1721443564e+08,1.4568849532e+09,7.3917218768e+08,4.4709842536e+08,3.4585597940e+08,2.9340327501e+08,1.9758455577e+08,1.6074024026e+08,1.3766523914e+08,8.0370120132e+07,1.4338099520e+09,7.1609718655e+08,4.2402342424e+08,3.2278097827e+08,2.7032827389e+08,1.7450955465e+08,1.3766523914e+08,1.1459023802e+08,5.7295119010e+07
54,700,40,3.1125211343e+09,2.3016195741e+09,1.9618889833e+09,1.8427372775e+09,1.7804159482e+09,1.6680396323e+09,1.6282391655e+09,1.6050009344e+09,1.5562605671e+09,2.3016195741e+09,1.4907180139e+09,1.1509874231e+09,1.0318357173e+09,9.6951438800e+08,8.5713807214e+08,8.1733760532e+08,7.9409937421e+08,7.4535900693e+08,1.9618889833e+09,1.1509874231e+09,8.1125683236e+08,6.9210512655e+08,6.2978379725e+08,5.1740748139e+08,4.7760701457e+08,4.5436878346e+08,4.0562841618e+08,1.8427372775e+09,1.0318357173e+09,6.9210512655e+08,5.7295342073e+08,5.1063209143e+08,3.9825577557e+08,3.5845530875e+08,3.3521707764e+08,2.8647671036e+08,1.7804159482e+09,9.6951438800e+08,6.2978379725e+08,5.1063209143e+08,4.4831076213e+08,3.3593444628e+08,2.9613397945e+08,2.7289574834e+08,2.2415538107e+08,1.6680396323e+09,8.5713807214e+08,5.1740748139e+08,3.9825577557e+08,3.3593444628e+08,2.2355813042e+08,1.8375766360e+08,1.6051943249e+08,1.1177906521e+08,1.6282391655e+09,8.1733760532e+08,4.7760701457e+08,3.5845530875e+08,2.9613397945e+08,1.8375766360e+08,1.4395719677e+08,1.2071896567e+08,7.1978598387e+07,1.6050009344e+09,7.9409937421e+08,4.5436878346e+08,3.3521707764e+08,2.7289574834e+08,1.6051943249e+08,1.2071896567e+08,9.7480734557e+07,4.8740367278e+07
55,700,50,3.2151548344e+09,2.3032105240e+09,1.9590337897e+09,1.8485414392e+09,1.7924858315e+09,1.6955052468e+09,1.6618218610e+09,1.6429787799e+09,1.6075774172e+09,2.3032105240e+09,1.3912662136e+09,1.0470894793e+09,9.3659712880e+08,8.8054152115e+08,7.8356093640e+08,7.4987755059e+08,7.3103446950e+08,6.9563310679e+08,1.9590337897e+09,1.0470894793e+09,7.0291274510e+08,5.9242039456e+08,5.3636478691e+08,4.3938420216e+08,4.0570081635e+08,3.8685773526e+08,3.5145637255e+08,1.8485414392e+09,9.3659712880e+08,5.9242039456e+08,4.8192804402e+08,4.2587243637e+08,3.2889185162e+08,2.9520846581e+08,2.7636538472e+08,2.4096402201e+08,1.7924858315e+09,8.8054152115e+08,5.3636478691e+08,4.2587243637e+08,3.6981682871e+08,2.7283624397e+08,2.3915285816e+08,2.2030977707e+08,1.8490841436e+08,1.6955052468e+09,7.8356093640e+08,4.3938420216e+08,3.2889185162e+08,2.7283624397e+08,1.7585565922e+08,1.4217227341e+08,1.2332919232e+08,8.7927829610e+07,1.6618218610e+09,7.4987755059e+08,4.0570081635e+08,2.9520846581e+08,2.3915285816e+08,1.4217227341e+08,1.0848888760e+08,8.9645806511e+07,5.4244443800e+07,1.6429787799e+09,7.3103446950e+08,3.8685773526e+08,2.7636538472e+08,2.2030977707e+08,1.2332919232e+08,8.9645806511e+07,7.0802725421e+07,3.5401362710e+07
56,700,60,3.0718471215e+09,2.1483964137e+09,1.8462850285e+09,1.7535861722e+09,1.7064362871e+09,1.6200226727e+09,1.5869234102e+09,1.5680116497e+09,1.5359235607e+09,2.1483964137e+09,1.2249457060e+09,9.2283432077e+08,8.3013546450e+08,7.8298557937e+08,6.9657196493e+08,6.6347270243e+08,6.4456094200e+08,6.1247285299e+08,1.8462850285e+09,9.2283432077e+08,6.2072293556e+08,5.2802407930e+08,4.8087419416e+08,3.9446057972e+08,3.6136131722e+08,3.4244955679e+08,3.1036146778e+08,1.7535861722e+09,8.3013546450e+08,5.2802407930e+08,4.3532522303e+08,3.8817533790e+08,3.0176172345e+08,2.6866246095e+08,2.4975070052e+08,2.1766261151e+08,1.7064362871e+09,7.8298557937e+08,4.8087419416e+08,3.8817533790e+08,3.4102545276e+08,2.5461183832e+08,2.2151257582e+08,2.0260081539e+08,1.7051272638e+08,1.6200226727e+09,6.9657196493e+08,3.9446057972e+08,3.0176172345e+08,2.5461183832e+08,1.6819822387e+08,1.3509896138e+08,1.1618720094e+08,8.4099111937e+07,1.5869234102e+09,6.6347270243e+08,3.6136131722e+08,2.6866246095e+08,2.2151257582e+08,1.3509896138e+08,1.0199969888e+08,8.3087938446e+07,5.0999849440e+07,1.5680116497e+09,6.4456094200e+08,3.4244955679e+08,2.4975070052e+08,2.0260081539e+08,1.1618720094e+08,8.3087938446e+07,6.4176178012e+07,3.2088089006e+07
57,700,70,6.4394005813e+09,4.4795605124e+09,3.8352293394e+09,3.6300070234e+09,3.5325911426e+09,3.3553745218e+09,3.2924799098e+09,3.2600607265e+09,3.2197002907e+09,4.4795605124e+09,2.5197204435e+09,1.8753892705e+09,1.6701669545e+09,1.5727510736e+09,1.3955344529e+09,1.3326398408e+09,1.3002206576e+09,1.2598602217e+09,3.8352293394e+09,1.8753892705e+09,1.2310580975e+09,1.0258357815e+09,9.2841990065e+08,7.5120327992e+08,6.8830866785e+08,6.5588948462e+08,6.1552904877e+08,3.6300070234e+09,1.6701669545e+09,1.0258357815e+09,8.2061346545e+08,7.2319758461e+08,5.4598096388e+08,4.8308635181e+08,4.5066716858e+08,4.1030673273e+08,3.5325911426e+09,1.5727510736e+09,9.2841990065e+08,7.2319758461e+08,6.2578170376e+08,4.4856508304e+08,3.8567047097e+08,3.5325128774e+08,3.1289085188e+08,3.3553745218e+09,1.3955344529e+09,7.5120327992e+08,5.4598096388e+08,4.4856508304e+08,2.7134846232e+08,2.0845385024e+08,1.7603466701e+08,1.3567423116e+08,3.2924799098e+09,1.3326398408e+09,6.8830866785e+08,4.8308635181e+08,3.8567047097e+08,2.0845385024e+08,1.4555923817e+08,1.1314005494e+08,7.2779619086e+07,3.2600607265e+09,1.3002206576e+09,6.5588948462e+08,4.5066716858e+08,3.5325128774e+08,1.7603466701e+08,1.1314005494e+08,8.0720871714e+07,4.0360435857e+07
58,700,80,7.3758211136e+09,5.1245186177e+09,4.3810204376e+09,4.1440032541e+09,4.0331961253e+09,3.8340852288e+09,3.7652261453e+09,3.7301428700e+09,3.6879105568e+09,5.1245186177e+09,2.8732161218e+09,2.1297179416e+09,1.8927007582e+09,1.7818936294e+09,1.5827827329e+09,1.5139236494e+09,1.4788403741e+09,1.4366080609e+09,4.3810204376e+09,2.1297179416e+09,1.3862197615e+09,1.1492025781e+09,1.0383954493e+09,8.3928455281e+08,7.7042546928e+08,7.3534219395e+08,6.9310988076e+08,4.1440032541e+09,1.8927007582e+09,1.1492025781e+09,9.1218539458e+08,8.0137826583e+08,6.0226736934e+08,5.3340828581e+08,4.9832501047e+08,4.5609269729e+08,4.0331961253e+09,1.7818936294e+09,1.0383954493e+09,8.0137826583e+08,6.9057113708e+08,4.9146024059e+08,4.2260115706e+08,3.8751788172e+08,3.4528556854e+08,3.8340852288e+09,1.5827827329e+09,8.3928455281e+08,6.0226736934e+08,4.9146024059e+08,2.9234934410e+08,2.2349026057e+08,1.8840698523e+08,1.4617467205e+08,3.7652261453e+09,1.5139236494e+09,7.7042546928e+08,5.3340828581e+08,4.2260115706e+08,2.2349026057e+08,1.5463117704e+08,1.1954790170e+08,7.7315588521e+07,3.7301428700e+09,1.4788403741e+09,7.3534219395e+08,4.9832501047e+08,3.8751788172e+08,1.8840698523e+08,1.1954790170e+08,8.4464626364e+07,4.2232313182e+07
59,700,90,7.6595686602e+09,5.3196784046e+09,4.5465859626e+09,4.3001323521e+09,4.1852788270e+09,3.9794037351e+09,3.9085855685e+09,3.8726114715e+09,3.8297843301e+09,5.3196784046e+09,2.9797881491e+09,2.2066957070e+09,1.9602420965e+09,1.8453885715e+09,1.6395134795e+09,1.5686953129e+09,1.5327212159e+09,1.4898940745e+09,4.5465859626e+09,2.2066957070e+09,1.4336032649e+09,1.1871496545e+09,1.0722961294e+09,8.6642103746e+08,7.9560287086e+08,7.5962877387e+08,7.1680163246e+08,4.3001323521e+09,1.9602420965e+09,1.1871496545e+09,9.4069604399e+08,8.2584251895e+08,6.1996742701e+08,5.4914926040e+08,5.1317516341e+08,4.7034802200e+08,4.1852788270e+09,1.8453885715e+09,1.0722961294e+09,8.2584251895e+08,7.1098899390e+08,5.0511390196e+08,4.3429573535e+08,3.9832163836e+08,3.5549449695e+08,3.9794037351e+09,1.6395134795e+09,8.6642103746e+08,6.1996742701e+08,5.0511390196e+08,2.9923881002e+08,2.2842064341e+08,1.9244654642e+08,1.4961940501e+08,3.9085855685e+09,1.5686953129e+09,7.9560287086e+08,5.4914926040e+08,4.3429573535e+08,2.2842064341e+08,1.5760247680e+08,1.2162837981e+08,7.8801238401e+07,3.8726114715e+09,1.5327212159e+09,7.5962877387e+08,5.1317516341e+08,3.9832163836e+08,1.9244654642e+08,1.2162837981e+08,8.5654282818e+07,4.2827141409e+07
60,800,0,1.8168645046e+09,1.2971953492e+09,1.0924883587e+09,1.0291944003e+09,9.9910041181e+08,9.5323073146e+08,9.3880662233e+08,9.3061500177e+08,9.0843225229e+08,1.2971953492e+09,7.7752619391e+08,5.7281920333e+08,5.0952524499e+08,4.7943125649e+08,4.3356157613e+08,4.1913746700e+08,4.1094584645e+08,3.8876309696e+08,1.0924883587e+09,5.7281920333e+08,3.6811221275e+08,3.0481825441e+08,2.7472426590e+08,2.2885458555e+08,2.1443047641e+08,2.0623885586e+08,1.8405610637e+08,1.0291944003e+09,5.0952524499e+08,3.0481825441e+08,2.4152429607e+08,2.1143030756e+08,1.6556062721e+08,1.5113651808e+08,1.4294489752e+08,1.2076214804e+08,9.9910041181e+08,4.7943125649e+08,2.7472426590e+08,2.1143030756e+08,1.8133631906e+08,1.3546663871e+08,1.2104252957e+08,1.1285090902e+08,9.0668159529e+07,9.5323073146e+08,4.3356157613e+08,2.2885458555e+08,1.6556062721e+08,1.3546663871e+08,8.9596958353e+07,7.5172849218e+07,6.6981228665e+07,4.4798479176e+07,9.3880662233e+08,4.1913746700e+08,2.1443047641e+08,1.5113651808e+08,1.2104252957e+08,7.5172849218e+07,6.0748740084e+07,5.2557119531e+07,3.0374370042e+07,9.3061500177e+08,4.1094584645e+08,2.0623885586e+08,1.4294489752e+08,1.1285090902e+08,6.6981228665e+07,5.2557119531e+07,4.4365498978e+07,2.2182749489e+07
61,800,10,2.3580017365e+09,1.7052020936e+09,1.4481158336e+09,1.3678770733e+09,1.3288631876e+09,1.2640778795e+09,1.2401288645e+09,1.2249637810e+09,1.1790008682e+09,1.7052020936e+09,1.0524024507e+09,7.9531619067e+08,7.1507743043e+08,6.7606354470e+08,6.1127823662e+08,5.8732922161e+08,5.7216413810e+08,5.2620122534e+08,1.4481158336e+09,7.9531619067e+08,5.3822993066e+08,4.5799117042e+08,4.1897728469e+08,3.5419197661e+08,3.3024296160e+08,3.1507787809e+08,2.6911496533e+08,1.3678770733e+09,7.1507743043e+08,4.5799117042e+08,3.7775241018e+08,3.3873852445e+08,2.7395321637e+08,2.5000420136e+08,2.3483911785e+08,1.8887620509e+08,1.3288631876e+09,6.7606354470e+08,4.1897728469e+08,3.3873852445e+08,2.9972463871e+08,2.3493933064e+08,2.1099031562e+08,1.9582523212e+08,1.4986231936e+08,1.2640778795e+09,6.1127823662e+08,3.5419197661e+08,2.7395321637e+08,2.3493933064e+08,1.7015402256e+08,1.4620500755e+08,1.3103992404e+08,8.5077011281e+07,1.2401288645e+09,5.8732922161e+08,3.3024296160e+08,2.5000420136e+08,2.1099031562e+08,1.4620500755e+08,1.2225599253e+08,1.0709090902e+08,6.1127996267e+07,1.2249637810e+09,5.7216413810e+08,3.1507787809e+08,2.3483911785e+08,1.9582523212e+08,1.3103992404e+08,1.0709090902e+08,9.1925825516e+07,4.5962912758e+07
62,800,20,3.2749737352e+09,2.4146340299e+09,2.0720908207e+09,1.9595104985e+09,1.9023560723e+09,1.7979351101e+09,1.7548560385e+09,1.7258142117e+09,1.6374868676e+09,2.4146340299e+09,1.5542943247e+09,1.2117511155e+09,1.0991707933e+09,1.0420163670e+09,9.3759540486e+08,8.9451633329e+08,8.6547450641e+08,7.7714716233e+08,2.0720908207e+09,1.2117511155e+09,8.6920790625e+08,7.5662758409e+08,6.9947315782e+08,5.9505219565e+08,5.5197312408e+08,5.2293129721e+08,4.3460395313e+08,1.9595104985e+09,1.0991707933e+09,7.5662758409e+08,6.4404726193e+08,5.8689283566e+08,4.8247187349e+08,4.3939280192e+08,4.1035097504e+08,3.2202363096e+08,1.9023560723e+09,1.0420163670e+09,6.9947315782e+08,5.8689283566e+08,5.2973840940e+08,4.2531744723e+08,3.8223837566e+08,3.5319654878e+08,2.6486920470e+08,1.7979351101e+09,9.3759540486e+08,5.9505219565e+08,4.8247187349e+08,4.2531744723e+08,3.2089648505e+08,2.7781741349e+08,2.4877558661e+08,1.6044824253e+08,1.7548560385e+09,8.9451633329e+08,5.5197312408e+08,4.3939280192e+08,3.8223837566e+08,2.7781741349e+08,2.3473834192e+08,2.0569651504e+08,1.1736917096e+08,1.7258142117e+09,8.6547450641e+08,5.2293129721e+08,4.1035097504e+08,3.5319654878e+08,2.4877558661e+08,2.0569651504e+08,1.7665468816e+08,8.8327344081e+07
63,800,30,4.1453868829e+09,3.1066249807e+09,2.6855709403e+09,2.5340455672e+09,2.4525761779e+09,2.2915332038e+09,2.2246393874e+09,2.1815399494e+09,2.0726934415e+09,3.1066249807e+09,2.0678630785e+09,1.6468090382e+09,1.4952836650e+09,1.4138142757e+09,1.2527713016e+09,1.1858774853e+09,1.1427780472e+09,1.0339315393e+09,2.6855709403e+09,1.6468090382e+09,1.2257549978e+09,1.0742296247e+09,9.9276023536e+08,8.3171726119e+08,7.6482344488e+08,7.2172400685e+08,6.1287749889e+08,2.5340455672e+09,1.4952836650e+09,1.0742296247e+09,9.2270425154e+08,8.4123486224e+08,6.8019188807e+08,6.1329807175e+08,5.7019863373e+08,4.6135212577e+08,2.4525761779e+09,1.4138142757e+09,9.9276023536e+08,8.4123486224e+08,7.5976547294e+08,5.9872249877e+08,5.3182868245e+08,4.8872924443e+08,3.7988273647e+08,2.2915332038e+09,1.2527713016e+09,8.3171726119e+08,6.8019188807e+08,5.9872249877e+08,4.3767952460e+08,3.7078570829e+08,3.2768627026e+08,2.1883976230e+08,2.2246393874e+09,1.1858774853e+09,7.6482344488e+08,6.1329807175e+08,5.3182868245e+08,3.7078570829e+08,3.0389189197e+08,2.6079245394e+08,1.5194594599e+08,2.1815399494e+09,1.1427780472e+09,7.2172400685e+08,5.7019863373e+08,4.8872924443e+08,3.2768627026e+08,2.6079245394e+08,2.1769301592e+08,1.0884650796e+08
64,800,40,4.7128460059e+09,3.5234824825e+09,3.0215437599e+09,2.8398220636e+09,2.7420822158e+09,2.5560366763e+09,2.4870468071e+09,2.4459807858e+09,2.3564230030e+09,3.5234824825e+09,2.3341189591e+09,1.8321802365e+09,1.6504585402e+09,1.5527186924e+09,1.3666731529e+09,1.2976832837e+09,1.2566172624e+09,1.1670594796e+09,3.0215437599e+09,1.8321802365e+09,1.3302415138e+09,1.1485198175e+09,1.0507799697e+09,8.6473443024e+08,7.9574456106e+08,7.5467853972e+08,6.6512075689e+08,2.8398220636e+09,1.6504585402e+09,1.1485198175e+09,9.6679812126e+08,8.6905827344e+08,6.8301273398e+08,6.1402286481e+08,5.7295684346e+08,4.8339906063e+08,2.7420822158e+09,1.5527186924e+09,1.0507799697e+09,8.6905827344e+08,7.7131842562e+08,5.8527288616e+08,5.1628301699e+08,4.7521699564e+08,3.8565921281e+08,2.5560366763e+09,1.3666731529e+09,8.6473443024e+08,6.8301273398e+08,5.8527288616e+08,3.9922734670e+08,3.3023747753e+08,2.8917145618e+08,1.9961367335e+08,2.4870468071e+09,1.2976832837e+09,7.9574456106e+08,6.1402286481e+08,5.1628301699e+08,3.3023747753e+08,2.6124760835e+08,2.2018158701e+08,1.3062380418e+08,2.4459807858e+09,1.2566172624e+09,7.5467853972e+08,5.7295684346e+08,4.7521699564e+08,2.8917145618e+08,2.2018158701e+08,1.7911556566e+08,8.9557782831e+07
65,800,50,4.9674922158e+09,3.5759350711e+09,3.0562336356e+09,2.8868655063e+09,2.7992427925e+09,2.6408696413e+09,2.5834435044e+09,2.5503613900e+09,2.4837461079e+09,3.5759350711e+09,2.1843779263e+09,1.6646764908e+09,1.4953083616e+09,1.4076856478e+09,1.2493124965e+09,1.1918863597e+09,1.1588042453e+09,1.0921889632e+09,3.0562336356e+09,1.6646764908e+09,1.1449750553e+09,9.7560692605e+08,8.8798421228e+08,7.2961106101e+08,6.7218492414e+08,6.3910280977e+08,5.7248752765e+08,2.8868655063e+09,1.4953083616e+09,9.7560692605e+08,8.0623879680e+08,7.1861608303e+08,5.6024293176e+08,5.0281679489e+08,4.6973468052e+08,4.0311939840e+08,2.7992427925e+09,1.4076856478e+09,8.8798421228e+08,7.1861608303e+08,6.3099336926e+08,4.7262021799e+08,4.1519408112e+08,3.8211196675e+08,3.1549668463e+08,2.6408696413e+09,1.2493124965e+09,7.2961106101e+08,5.6024293176e+08,4.7262021799e+08,3.1424706672e+08,2.5682092985e+08,2.2373881548e+08,1.5712353336e+08,2.5834435044e+09,1.1918863597e+09,6.7218492414e+08,5.0281679489e+08,4.1519408112e+08,2.5682092985e+08,1.9939479297e+08,1.6631267861e+08,9.9697396486e+07,2.5503613900e+09,1.1588042453e+09,6.3910280977e+08,4.6973468052e+08,3.8211196675e+08,2.2373881548e+08,1.6631267861e+08,1.3323056424e+08,6.6615282122e+07
66,800,60,4.6234557785e+09,3.2527816812e+09,2.8042443378e+09,2.6640482316e+09,2.5913575325e+09,2.4541568651e+09,2.4007383712e+09,2.3696615688e+09,2.3117278893e+09,3.2527816812e+09,1.8821075838e+09,1.4335702404e+09,1.2933741342e+09,1.2206834352e+09,1.0834827677e+09,1.0300642738e+09,9.9898747143e+08,9.4105379189e+08,2.8042443378e+09,1.4335702404e+09,9.8503289703e+08,8.4483679083e+08,7.7214609179e+08,6.3494542436e+08,5.8152693044e+08,5.5045012806e+08,4.9251644852e+08,2.6640482316e+09,1.2933741342e+09,8.4483679083e+08,7.0464068462e+08,6.3194998558e+08,4.9474931815e+08,4.4133082423e+08,4.1025402185e+08,3.5232034231e+08,2.5913575325e+09,1.2206834352e+09,7.7214609179e+08,6.3194998558e+08,5.5925928654e+08,4.2205861911e+08,3.6864012519e+08,3.3756332281e+08,2.7962964327e+08,2.4541568651e+09,1.0834827677e+09,6.3494542436e+08,4.9474931815e+08,4.2205861911e+08,2.8485795168e+08,2.3143945776e+08,2.0036265538e+08,1.4242897584e+08,2.4007383712e+09,1.0300642738e+09,5.8152693044e+08,4.4133082423e+08,3.6864012519e+08,2.3143945776e+08,1.7802096385e+08,1.4694416147e+08,8.9010481924e+07,2.3696615688e+09,9.9898747143e+08,5.5045012806e+08,4.1025402185e+08,3.3756332281e+08,2.0036265538e+08,1.4694416147e+08,1.1586735908e+08,5.7933679542e+07
67,800,70,7.8506685099e+09,5.4862022889e+09,4.7081395163e+09,4.4587727645e+09,4.3377442686e+09,4.1133717329e+09,4.0317282001e+09,3.9882586017e+09,3.9253342550e+09,5.4862022889e+09,3.1217360678e+09,2.3436732953e+09,2.0943065434e+09,1.9732780475e+09,1.7489055118e+09,1.6672619790e+09,1.6237923807e+09,1.5608680339e+09,4.7081395163e+09,2.3436732953e+09,1.5656105227e+09,1.3162437709e+09,1.1952152750e+09,9.7084273928e+08,8.8919920652e+08,8.4572960813e+08,7.8280526137e+08,4.4587727645e+09,2.0943065434e+09,1.3162437709e+09,1.0668770190e+09,9.4584852314e+08,7.2147598741e+08,6.3983245465e+08,5.9636285627e+08,5.3343850950e+08,4.3377442686e+09,1.9732780475e+09,1.1952152750e+09,9.4584852314e+08,8.2482002727e+08,6.0044749155e+08,5.1880395878e+08,4.7533436040e+08,4.1241001363e+08,4.1133717329e+09,1.7489055118e+09,9.7084273928e+08,7.2147598741e+08,6.0044749155e+08,3.7607495582e+08,2.9443142306e+08,2.5096182467e+08,1.8803747791e+08,4.0317282001e+09,1.6672619790e+09,8.8919920652e+08,6.3983245465e+08,5.1880395878e+08,2.9443142306e+08,2.1278789030e+08,1.6931829191e+08,1.0639394515e+08,3.9882586017e+09,1.6237923807e+09,8.4572960813e+08,5.9636285627e+08,4.7533436040e+08,2.5096182467e+08,1.6931829191e+08,1.2584869353e+08,6.2924346764e+07
68,800,80,8.6733696656e+09,6.0492347198e+09,5.1818041952e+09,4.9041436928e+09,4.7718043855e+09,4.5302089830e+09,4.4446059294e+09,4.3996090119e+09,4.3366848328e+09,6.0492347198e+09,3.4250997740e+09,2.5576692494e+09,2.2800087470e+09,2.1476694397e+09,1.9060740372e+09,1.8204709836e+09,1.7754740661e+09,1.7125498870e+09,5.1818041952e+09,2.5576692494e+09,1.6902387249e+09,1.4125782225e+09,1.2802389152e+09,1.0386435126e+09,9.5304045903e+08,9.0804354152e+08,8.4511936244e+08,4.9041436928e+09,2.2800087470e+09,1.4125782225e+09,1.1349177201e+09,1.0025784128e+09,7.6098301025e+08,6.7537995663e+08,6.3038303912e+08,5.6745886004e+08,4.7718043855e+09,2.1476694397e+09,1.2802389152e+09,1.0025784128e+09,8.7023910550e+08,6.2864370296e+08,5.4304064934e+08,4.9804373183e+08,4.3511955275e+08,4.5302089830e+09,1.9060740372e+09,1.0386435126e+09,7.6098301025e+08,6.2864370296e+08,3.8704830042e+08,3.0144524680e+08,2.5644832929e+08,1.9352415021e+08,4.4446059294e+09,1.8204709836e+09,9.5304045903e+08,6.7537995663e+08,5.4304064934e+08,3.0144524680e+08,2.1584219318e+08,1.7084527567e+08,1.0792109659e+08,4.3996090119e+09,1.7754740661e+09,9.0804354152e+08,6.3038303912e+08,4.9804373183e+08,2.5644832929e+08,1.7084527567e+08,1.2584835816e+08,6.2924179082e+07
69,800,90,8.9023981489e+09,6.2055348547e+09,5.3143633599e+09,5.0291641458e+09,4.8937489657e+09,4.6470213698e+09,4.5599782271e+09,4.5143506045e+09,4.4511990744e+09,6.2055348547e+09,3.5086715606e+09,2.6175000658e+09,2.3323008516e+09,2.1968856716e+09,1.9501580756e+09,1.8631149329e+09,1.8174873104e+09,1.7543357803e+09,5.3143633599e+09,2.6175000658e+09,1.7263285710e+09,1.4411293568e+09,1.3057141768e+09,1.0589865808e+09,9.7194343812e+08,9.2631581559e+08,8.6316428550e+08,5.0291641458e+09,2.3323008516e+09,1.4411293568e+09,1.1559301426e+09,1.0205149626e+09,7.7378736666e+08,6.8674422393e+08,6.4111660140e+08,5.7796507131e+08,4.8937489657e+09,2.1968856716e+09,1.3057141768e+09,1.0205149626e+09,8.8509978258e+08,6.3837218664e+08,5.5132904391e+08,5.0570142138e+08,4.4254989129e+08,4.6470213698e+09,1.9501580756e+09,1.0589865808e+09,7.7378736666e+08,6.3837218664e+08,3.9164459069e+08,3.0460144797e+08,2.5897382544e+08,1.9582229535e+08,4.5599782271e+09,1.8631149329e+09,9.7194343812e+08,6.8674422393e+08,5.5132904391e+08,3.0460144797e+08,2.1755830524e+08,1.7193068271e+08,1.0877915262e+08,4.5143506045e+09,1.8174873104e+09,9.2631581559e+08,6.4111660140e+08,5.0570142138e+08,2.5897382544e+08,1.7193068271e+08,1.2630306018e+08,6.3151530091e+07
70,900,0,3.8992221757e+09,2.8105210185e+09,2.3811876028e+09,2.2465467553e+09,2.1815098876e+09,2.0763073893e+09,2.0392049408e+09,2.0164282799e+09,1.9496110879e+09,2.8105210185e+09,1.7218198612e+09,1.2924864456e+09,1.1578455981e+09,1.0928087303e+09,9.8760623204e+08,9.5050378358e+08,9.2772712264e+08,8.6090993062e+08,2.3811876028e+09,1.2924864456e+09,8.6315302998e+08,7.2851218242e+08,6.6347531470e+08,5.5827281640e+08,5.2117036794e+08,4.9839370701e+08,4.3157651499e+08,2.2465467553e+09,1.1578455981e+09,7.2851218242e+08,5.9387133486e+08,5.2883446714e+08,4.2363196884e+08,3.8652952038e+08,3.6375285945e+08,2.9693566743e+08,2.1815098876e+09,1.0928087303e+09,6.6347531470e+08,5.2883446714e+08,4.6379759942e+08,3.5859510112e+08,3.2149265266e+08,2.9871599173e+08,2.3189879971e+08,2.0763073893e+09,9.8760623204e+08,5.5827281640e+08,4.2363196884e+08,3.5859510112e+08,2.5339260282e+08,2.1629015437e+08,1.9351349343e+08,1.2669630141e+08,2.0392049408e+09,9.5050378358e+08,5.2117036794e+08,3.8652952038e+08,3.2149265266e+08,2.1629015437e+08,1.7918770591e+08,1.5641104498e+08,8.9593852955e+07,2.0164282799e+09,9.2772712264e+08,4.9839370701e+08,3.6375285945e+08,2.9871599173e+08,1.9351349343e+08,1.5641104498e+08,1.3363438404e+08,6.6817192022e+07
71,900,10,4.1843240712e+09,3.0572868126e+09,2.6094653079e+09,2.4693340311e+09,2.3999612969e+09,2.2783080618e+09,2.2294225822e+09,2.1965800141e+09,2.0921620356e+09,3.0572868126e+09,1.9302495540e+09,1.4824280493e+09,1.3422967725e+09,1.2729240384e+09,1.1512708032e+09,1.1023853236e+09,1.0695427555e+09,9.6512477702e+08,2.6094653079e+09,1.4824280493e+09,1.0346065445e+09,8.9447526778e+08,8.2510253361e+08,7.0344929843e+08,6.5456381889e+08,6.2172125071e+08,5.1730327226e+08,2.4693340311e+09,1.3422967725e+09,8.9447526778e+08,7.5434399104e+08,6.8497125686e+08,5.6331802169e+08,5.1443254215e+08,4.8158997397e+08,3.7717199552e+08,2.3999612969e+09,1.2729240384e+09,8.2510253361e+08,6.8497125686e+08,6.1559852269e+08,4.9394528751e+08,4.4505980797e+08,4.1221723980e+08,3.0779926134e+08,2.2783080618e+09,1.1512708032e+09,7.0344929843e+08,5.6331802169e+08,4.9394528751e+08,3.7229205234e+08,3.2340657280e+08,2.9056400462e+08,1.8614602617e+08,2.2294225822e+09,1.1023853236e+09,6.5456381889e+08,5.1443254215e+08,4.4505980797e+08,3.2340657280e+08,2.7452109325e+08,2.4167852508e+08,1.3726054663e+08,2.1965800141e+09,1.0695427555e+09,6.2172125071e+08,4.8158997397e+08,4.1221723980e+08,2.9056400462e+08,2.4167852508e+08,2.0883595690e+08,1.0441797845e+08
72,900,20,4.9997469903e+09,3.7343393818e+09,3.2298457871e+09,3.0600862054e+09,2.9712834945e+09,2.7981374467e+09,2.7217538610e+09,2.6680571494e+09,2.4998734951e+09,3.7343393818e+09,2.4689317732e+09,1.9644381786e+09,1.7946785969e+09,1.7058758860e+09,1.5327298382e+09,1.4563462525e+09,1.4026495409e+09,1.2344658866e+09,3.2298457871e+09,1.9644381786e+09,1.4599445839e+09,1.2901850022e+09,1.2013822913e+09,1.0282362435e+09,9.5185265781e+08,8.9815594628e+08,7.2997229196e+08,3.0600862054e+09,1.7946785969e+09,1.2901850022e+09,1.1204254205e+09,1.0316227096e+09,8.5847666178e+08,7.8209307609e+08,7.2839636456e+08,5.6021271024e+08,2.9712834945e+09,1.7058758860e+09,1.2013822913e+09,1.0316227096e+09,9.4281999871e+08,7.6967395089e+08,6.9329036520e+08,6.3959365367e+08,4.7140999935e+08,2.7981374467e+09,1.5327298382e+09,1.0282362435e+09,8.5847666178e+08,7.6967395089e+08,5.9652790307e+08,5.2014431738e+08,4.6644760585e+08,2.9826395154e+08,2.7217538610e+09,1.4563462525e+09,9.5185265781e+08,7.8209307609e+08,6.9329036520e+08,5.2014431738e+08,4.4376073170e+08,3.9006402017e+08,2.2188036585e+08,2.6680571494e+09,1.4026495409e+09,8.9815594628e+08,7.2839636456e+08,6.3959365367e+08,4.6644760585e+08,3.9006402017e+08,3.3636730863e+08,1.6818365432e+08
73,900,30,5.9670055370e+09,4.5315889675e+09,3.9484145256e+09,3.7297599248e+09,3.6078896294e+09,3.3520766959e+09,3.2420776421e+09,3.1699244418e+09,2.9835027685e+09,4.5315889675e+09,3.0961723979e+09,2.5129979560e+09,2.2943433552e+09,2.1724730599e+09,1.9166601263e+09,1.8066610725e+09,1.7345078723e+09,1.5480861990e+09,3.9484145256e+09,2.5129979560e+09,1.9298235141e+09,1.7111689134e+09,1.5892986180e+09,1.3334856844e+09,1.2234866306e+09,1.1513334304e+09,9.6491175707e+08,3.7297599248e+09,2.2943433552e+09,1.7111689134e+09,1.4925143126e+09,1.3706440172e+09,1.1148310836e+09,1.0048320299e+09,9.3267882958e+08,7.4625715628e+08,3.6078896294e+09,2.1724730599e+09,1.5892986180e+09,1.3706440172e+09,1.2487737218e+09,9.9296078825e+08,8.8296173447e+08,8.1080853419e+08,6.2438686089e+08,3.3520766959e+09,1.9166601263e+09,1.3334856844e+09,1.1148310836e+09,9.9296078825e+08,7.3714785472e+08,6.2714880094e+08,5.5499560066e+08,3.6857392736e+08,3.2420776421e+09,1.8066610725e+09,1.2234866306e+09,1.0048320299e+09,8.8296173447e+08,6.2714880094e+08,5.1714974715e+08,4.4499654688e+08,2.5857487358e+08,3.1699244418e+09,1.7345078723e+09,1.1513334304e+09,9.3267882958e+08,8.1080853419e+08,5.5499560066e+08,4.4499654688e+08,3.7284334660e+08,1.8642167330e+08
74,900,40,6.8155362995e+09,5.1367450520e+09,4.4259228904e+09,4.1609205497e+09,4.0155611788e+09,3.7298623170e+09,3.6216901001e+09,3.5561587352e+09,3.4077681498e+09,5.1367450520e+09,3.4579538045e+09,2.7471316429e+09,2.4821293022e+09,2.3367699312e+09,2.0510710695e+09,1.9428988526e+09,1.8773674877e+09,1.7289769022e+09,4.4259228904e+09,2.7471316429e+09,2.0363094813e+09,1.7713071406e+09,1.6259477696e+09,1.3402489079e+09,1.2320766910e+09,1.1665453261e+09,1.0181547406e+09,4.1609205497e+09,2.4821293022e+09,1.7713071406e+09,1.5063047998e+09,1.3609454289e+09,1.0752465671e+09,9.6707435028e+08,9.0154298535e+08,7.5315239992e+08,4.0155611788e+09,2.3367699312e+09,1.6259477696e+09,1.3609454289e+09,1.2155860580e+09,9.2988719621e+08,8.2171497936e+08,7.5618361442e+08,6.0779302899e+08,3.7298623170e+09,2.0510710695e+09,1.3402489079e+09,1.0752465671e+09,9.2988719621e+08,6.4418833443e+08,5.3601611758e+08,4.7048475265e+08,3.2209416722e+08,3.6216901001e+09,1.9428988526e+09,1.2320766910e+09,9.6707435028e+08,8.2171497936e+08,5.3601611758e+08,4.2784390073e+08,3.6231253580e+08,2.1392195037e+08,3.5561587352e+09,1.8773674877e+09,1.1665453261e+09,9.0154298535e+08,7.5618361442e+08,4.7048475265e+08,3.6231253580e+08,2.9678117086e+08,1.4839058543e+08
75,900,50,7.3034976535e+09,5.2751950590e+09,4.5242275026e+09,4.2766503455e+09,4.1468627314e+09,3.9060724202e+09,3.8169138739e+09,3.7642955849e+09,3.6517488267e+09,5.2751950590e+09,3.2468924645e+09,2.4959249081e+09,2.2483477510e+09,2.1185601369e+09,1.8777698257e+09,1.7886112794e+09,1.7359929904e+09,1.6234462322e+09,4.5242275026e+09,2.4959249081e+09,1.7449573517e+09,1.4973801946e+09,1.3675925805e+09,1.1268022693e+09,1.0376437230e+09,9.8502543402e+08,8.7247867583e+08,4.2766503455e+09,2.2483477510e+09,1.4973801946e+09,1.2498030376e+09,1.1200154235e+09,8.7922511226e+08,7.9006656596e+08,7.3744827700e+08,6.2490151881e+08,4.1468627314e+09,2.1185601369e+09,1.3675925805e+09,1.1200154235e+09,9.9022780931e+08,7.4943749811e+08,6.6027895180e+08,6.0766066284e+08,4.9511390465e+08,3.9060724202e+09,1.8777698257e+09,1.1268022693e+09,8.7922511226e+08,7.4943749811e+08,5.0864718691e+08,4.1948864060e+08,3.6687035164e+08,2.5432359345e+08,3.8169138739e+09,1.7886112794e+09,1.0376437230e+09,7.9006656596e+08,6.6027895180e+08,4.1948864060e+08,3.3033009429e+08,2.7771180534e+08,1.6516504715e+08,3.7642955849e+09,1.7359929904e+09,9.8502543402e+08,7.3744827700e+08,6.0766066284e+08,3.6687035164e+08,2.7771180534e+08,2.2509351638e+08,1.1254675819e+08
76,900,60,6.6763881099e+09,4.7245593704e+09,4.0830492533e+09,3.8792081810e+09,3.7720283526e+09,3.5655912002e+09,3.4844068808e+09,3.4361488934e+09,3.3381940550e+09,4.7245593704e+09,2.7727306309e+09,2.1312205138e+09,1.9273794415e+09,1.8201996131e+09,1.6137624607e+09,1.5325781413e+09,1.4843201539e+09,1.3863653155e+09,4.0830492533e+09,2.1312205138e+09,1.4897103967e+09,1.2858693244e+09,1.1786894959e+09,9.7225234356e+08,8.9106802415e+08,8.4281003679e+08,7.4485519833e+08,3.8792081810e+09,1.9273794415e+09,1.2858693244e+09,1.0820282521e+09,9.7484842364e+08,7.6841127127e+08,6.8722695186e+08,6.3896896450e+08,5.4101412604e+08,3.7720283526e+09,1.8201996131e+09,1.1786894959e+09,9.7484842364e+08,8.6766859519e+08,6.6123144282e+08,5.8004712342e+08,5.3178913605e+08,4.3383429760e+08,3.5655912002e+09,1.6137624607e+09,9.7225234356e+08,7.6841127127e+08,6.6123144282e+08,4.5479429045e+08,3.7360997104e+08,3.2535198368e+08,2.2739714523e+08,3.4844068808e+09,1.5325781413e+09,8.9106802415e+08,6.8722695186e+08,5.8004712342e+08,3.7360997104e+08,2.9242565164e+08,2.4416766427e+08,1.4621282582e+08,3.4361488934e+09,1.4843201539e+09,8.4281003679e+08,6.3896896450e+08,5.3178913605e+08,3.2535198368e+08,2.4416766427e+08,1.9590967691e+08,9.7954838456e+07
77,900,70,9.7526960197e+09,6.8527223348e+09,5.8960366363e+09,5.5867109263e+09,5.4333557008e+09,5.1438609543e+09,5.0361660920e+09,4.9766032459e+09,4.8763480099e+09,6.8527223348e+09,3.9527486498e+09,2.9960629514e+09,2.6867372414e+09,2.5333820158e+09,2.2438872694e+09,2.1361924071e+09,2.0766295609e+09,1.9763743249e+09,5.8960366363e+09,2.9960629514e+09,2.0393772529e+09,1.7300515429e+09,1.5766963174e+09,1.2872015709e+09,1.1795067086e+09,1.1199438625e+09,1.0196886265e+09,5.5867109263e+09,2.6867372414e+09,1.7300515429e+09,1.4207258330e+09,1.2673706074e+09,9.7787586094e+08,8.7018099866e+08,8.1061815250e+08,7.1036291648e+08,5.4333557008e+09,2.5333820158e+09,1.5766963174e+09,1.2673706074e+09,1.1140153818e+09,8.2452063537e+08,7.1682577309e+08,6.5726292692e+08,5.5700769090e+08,5.1438609543e+09,2.2438872694e+09,1.2872015709e+09,9.7787586094e+08,8.2452063537e+08,5.3502588892e+08,4.2733102665e+08,3.6776818048e+08,2.6751294446e+08,5.0361660920e+09,2.1361924071e+09,1.1795067086e+09,8.7018099866e+08,7.1682577309e+08,4.2733102665e+08,3.1963616437e+08,2.6007331820e+08,1.5981808218e+08,4.9766032459e+09,2.0766295609e+09,1.1199438625e+09,8.1061815250e+08,6.5726292692e+08,3.6776818048e+08,2.6007331820e+08,2.0051047204e+08,1.0025523602e+08
78,900,80,1.0409581748e+10,7.3048880764e+09,6.2727626425e+09,5.9389313780e+09,5.7761553699e+09,5.4730851106e+09,5.3629701673e+09,5.3028249225e+09,5.2047908740e+09,7.3048880764e+09,4.2001944049e+09,3.1680689709e+09,2.8342377065e+09,2.6714616983e+09,2.3683914391e+09,2.2582764957e+09,2.1981312509e+09,2.1000972024e+09,6.2727626425e+09,3.1680689709e+09,2.1359435370e+09,1.8021122725e+09,1.6393362644e+09,1.3362660051e+09,1.2261510618e+09,1.1660058169e+09,1.0679717685e+09,5.9389313780e+09,2.8342377065e+09,1.8021122725e+09,1.4682810081e+09,1.3055049999e+09,1.0024347407e+09,8.9231979732e+08,8.3217455251e+08,7.3414050405e+08,5.7761553699e+09,2.6714616983e+09,1.6393362644e+09,1.3055049999e+09,1.1427289918e+09,8.3965873253e+08,7.2954378915e+08,6.6939854435e+08,5.7136449588e+08,5.4730851106e+09,2.3683914391e+09,1.3362660051e+09,1.0024347407e+09,8.3965873253e+08,5.3658847330e+08,4.2647352992e+08,3.6632828511e+08,2.6829423665e+08,5.3629701673e+09,2.2582764957e+09,1.2261510618e+09,8.9231979732e+08,7.2954378915e+08,4.2647352992e+08,3.1635858654e+08,2.5621334174e+08,1.5817929327e+08,5.3028249225e+09,2.1981312509e+09,1.1660058169e+09,8.3217455251e+08,6.6939854435e+08,3.6632828511e+08,2.5621334174e+08,1.9606809693e+08,9.8034048465e+07
79,900,90,1.0630137730e+10,7.4527992844e+09,6.3963449488e+09,6.0550954088e+09,5.8894770968e+09,5.5824318763e+09,5.4716708481e+09,5.4115079907e+09,5.3150688650e+09,7.4527992844e+09,4.2754608388e+09,3.2190065031e+09,2.8777569632e+09,2.7121386512e+09,2.4050934306e+09,2.2943324025e+09,2.2341695451e+09,2.1377304194e+09,6.3963449488e+09,3.2190065031e+09,2.1625521675e+09,1.8213026275e+09,1.6556843155e+09,1.3486390950e+09,1.2378780668e+09,1.1777152094e+09,1.0812760837e+09,6.0550954088e+09,2.8777569632e+09,1.8213026275e+09,1.4800530876e+09,1.3144347756e+09,1.0073895551e+09,8.9662852690e+08,8.3646566950e+08,7.4002654382e+08,5.8894770968e+09,2.7121386512e+09,1.6556843155e+09,1.3144347756e+09,1.1488164635e+09,8.4177124304e+08,7.3101021486e+08,6.7084735745e+08,5.7440823177e+08,5.5824318763e+09,2.4050934306e+09,1.3486390950e+09,1.0073895551e+09,8.4177124304e+08,5.3472602253e+08,4.2396499435e+08,3.6380213694e+08,2.6736301126e+08,5.4716708481e+09,2.2943324025e+09,1.2378780668e+09,8.9662852690e+08,7.3101021486e+08,4.2396499435e+08,3.1320396617e+08,2.5304110876e+08,1.5660198308e+08,5.4115079907e+09,2.2341695451e+09,1.1777152094e+09,8.3646566950e+08,6.7084735745e+08,3.6380213694e+08,2.5304110876e+08,1.9287825136e+08,9.6439125680e+07
80,1000,0,6.9231359847e+09,5.0495569371e+09,4.3083649004e+09,4.0749011365e+09,3.9595789112e+09,3.7587175003e+09,3.6789216142e+09,3.6261306318e+09,3.4615679923e+09,5.0495569371e+09,3.1759778894e+09,2.4347858528e+09,2.2013220889e+09,2.0859998636e+09,1.8851384527e+09,1.8053425666e+09,1.7525515842e+09,1.5879889447e+09,4.3083649004e+09,2.4347858528e+09,1.6935938161e+09,1.4601300522e+09,1.3448078269e+09,1.1439464160e+09,1.0641505299e+09,1.0113595475e+09,8.4679690804e+08,4.0749011365e+09,2.2013220889e+09,1.4601300522e+09,1.2266662883e+09,1.1113440630e+09,9.1048265213e+08,8.3068676607e+08,7.7789578362e+08,6.1333314416e+08,3.9595789112e+09,2.0859998636e+09,1.3448078269e+09,1.1113440630e+09,9.9602183766e+08,7.9516042681e+08,7.1536454074e+08,6.6257355830e+08,4.9801091883e+08,3.7587175003e+09,1.8851384527e+09,1.1439464160e+09,9.1048265213e+08,7.9516042681e+08,5.9429901595e+08,5.1450312989e+08,4.6171214745e+08,2.9714950798e+08,3.6789216142e+09,1.8053425666e+09,1.0641505299e+09,8.3068676607e+08,7.1536454074e+08,5.1450312989e+08,4.3470724382e+08,3.8191626138e+08,2.1735362191e+08,3.6261306318e+09,1.7525515842e+09,1.0113595475e+09,7.7789578362e+08,6.6257355830e+08,4.6171214745e+08,3.8191626138e+08,3.2912527894e+08,1.6456263947e+08
81,1000,10,6.9102518906e+09,5.1091706065e+09,4.3859673445e+09,4.1554757913e+09,4.0388452654e+09,3.8237037905e+09,3.7319355961e+09,3.6675339207e+09,3.4551259453e+09,5.1091706065e+09,3.3080893224e+09,2.5848860604e+09,2.3543945072e+09,2.2377639813e+09,2.0226225064e+09,1.9308543120e+09,1.8664526366e+09,1.6540446612e+09,4.3859673445e+09,2.5848860604e+09,1.8616827984e+09,1.6311912452e+09,1.5145607193e+09,1.2994192444e+09,1.2076510500e+09,1.1432493746e+09,9.3084139919e+08,4.1554757913e+09,2.3543945072e+09,1.6311912452e+09,1.4006996919e+09,1.2840691661e+09,1.0689276912e+09,9.7715949675e+08,9.1275782132e+08,7.0034984597e+08,4.0388452654e+09,2.2377639813e+09,1.5145607193e+09,1.2840691661e+09,1.1674386402e+09,9.5229716530e+08,8.6052897088e+08,7.9612729546e+08,5.8371932010e+08,3.8237037905e+09,2.0226225064e+09,1.2994192444e+09,1.0689276912e+09,9.5229716530e+08,7.3715569041e+08,6.4538749599e+08,5.8098582056e+08,3.6857784520e+08,3.7319355961e+09,1.9308543120e+09,1.2076510500e+09,9.7715949675e+08,8.6052897088e+08,6.4538749599e+08,5.5361930157e+08,4.8921762614e+08,2.7680965079e+08,3.6675339207e+09,1.8664526366e+09,1.1432493746e+09,9.1275782132e+08,7.9612729546e+08,5.8098582056e+08,4.8921762614e+08,4.2481595072e+08,2.1240797536e+08
82,1000,20,7.2468447994e+09,5.4855368351e+09,4.7802495984e+09,4.5335263138e+09,4.4004299812e+09,4.1265736874e+09,4.0006928569e+09,3.9101775851e+09,3.6234223997e+09,5.4855368351e+09,3.7242288708e+09,3.0189416341e+09,2.7722183495e+09,2.6391220169e+09,2.3652657231e+09,2.2393848927e+09,2.1488696208e+09,1.8621144354e+09,4.7802495984e+09,3.0189416341e+09,2.3136543974e+09,2.0669311128e+09,1.9338347801e+09,1.6599784864e+09,1.5340976559e+09,1.4435823840e+09,1.1568271987e+09,4.5335263138e+09,2.7722183495e+09,2.0669311128e+09,1.8202078281e+09,1.6871114955e+09,1.4132552017e+09,1.2873743713e+09,1.1968590994e+09,9.1010391406e+08,4.4004299812e+09,2.6391220169e+09,1.9338347801e+09,1.6871114955e+09,1.5540151629e+09,1.2801588691e+09,1.1542780387e+09,1.0637627668e+09,7.7700758145e+08,4.1265736874e+09,2.3652657231e+09,1.6599784864e+09,1.4132552017e+09,1.2801588691e+09,1.0063025753e+09,8.8042174491e+08,7.8990647301e+08,5.0315128767e+08,4.0006928569e+09,2.2393848927e+09,1.5340976559e+09,1.2873743713e+09,1.1542780387e+09,8.8042174491e+08,7.5454091447e+08,6.6402564257e+08,3.7727045723e+08,3.9101775851e+09,2.1488696208e+09,1.4435823840e+09,1.1968590994e+09,1.0637627668e+09,7.8990647301e+08,6.6402564257e+08,5.7351037067e+08,2.8675518534e+08
83,1000,30,8.5482447748e+09,6.5770891913e+09,5.7597364822e+09,5.4379507308e+09,5.2530572040e+09,4.8502497862e+09,4.6770893002e+09,4.5640814758e+09,4.2741223874e+09,6.5770891913e+09,4.6059336077e+09,3.7885808987e+09,3.4667951472e+09,3.2819016204e+09,2.8790942026e+09,2.7059337166e+09,2.5929258923e+09,2.3029668038e+09,5.7597364822e+09,3.7885808987e+09,2.9712281896e+09,2.6494424382e+09,2.4645489114e+09,2.0617414936e+09,1.8885810076e+09,1.7755731832e+09,1.4856140948e+09,5.4379507308e+09,3.4667951472e+09,2.6494424382e+09,2.3276566868e+09,2.1427631600e+09,1.7399557422e+09,1.5667952562e+09,1.4537874318e+09,1.1638283434e+09,5.2530572040e+09,3.2819016204e+09,2.4645489114e+09,2.1427631600e+09,1.9578696332e+09,1.5550622154e+09,1.3819017294e+09,1.2688939050e+09,9.7893481659e+08,4.8502497862e+09,2.8790942026e+09,2.0617414936e+09,1.7399557422e+09,1.5550622154e+09,1.1522547976e+09,9.7909431159e+08,8.6608648722e+08,5.7612739880e+08,4.6770893002e+09,2.7059337166e+09,1.8885810076e+09,1.5667952562e+09,1.3819017294e+09,9.7909431159e+08,8.0593382559e+08,6.9292600122e+08,4.0296691279e+08,4.5640814758e+09,2.5929258923e+09,1.7755731832e+09,1.4537874318e+09,1.2688939050e+09,8.6608648722e+08,6.9292600122e+08,5.7991817685e+08,2.8995908842e+08
84,1000,40,1.0803461829e+10,8.0909105251e+09,6.9681728375e+09,6.5542388603e+09,6.3283044520e+09,5.8893998670e+09,5.7265541080e+09,5.6281169295e+09,5.4017309147e+09,8.0909105251e+09,5.3783592209e+09,4.2556215333e+09,3.8416875561e+09,3.6157531477e+09,3.1768485628e+09,3.0140028037e+09,2.9155656253e+09,2.6891796104e+09,6.9681728375e+09,4.2556215333e+09,3.1328838457e+09,2.7189498685e+09,2.4930154601e+09,2.0541108752e+09,1.8912651161e+09,1.7928279377e+09,1.5664419228e+09,6.5542388603e+09,3.8416875561e+09,2.7189498685e+09,2.3050158912e+09,2.0790814829e+09,1.6401768979e+09,1.4773311389e+09,1.3788939605e+09,1.1525079456e+09,6.3283044520e+09,3.6157531477e+09,2.4930154601e+09,2.0790814829e+09,1.8531470746e+09,1.4142424896e+09,1.2513967305e+09,1.1529595521e+09,9.2657353728e+08,5.8893998670e+09,3.1768485628e+09,2.0541108752e+09,1.6401768979e+09,1.4142424896e+09,9.7533790465e+08,8.1249214558e+08,7.1405496716e+08,4.8766895232e+08,5.7265541080e+09,3.0140028037e+09,1.8912651161e+09,1.4773311389e+09,1.2513967305e+09,8.1249214558e+08,6.4964638652e+08,5.5120920810e+08,3.2482319326e+08,5.6281169295e+09,2.9155656253e+09,1.7928279377e+09,1.3788939605e+09,1.1529595521e+09,7.1405496716e+08,5.5120920810e+08,4.5277202968e+08,2.2638601484e+08
85,1000,50,1.0840601312e+10,7.8328715653e+09,6.7279583810e+09,6.3609551174e+09,6.1674760453e+09,5.8059662182e+09,5.6727527553e+09,5.5936571297e+09,5.4203006559e+09,7.8328715653e+09,4.8251418189e+09,3.7202286346e+09,3.3532253709e+09,3.1597462988e+09,2.7982364718e+09,2.6650230088e+09,2.5859273832e+09,2.4125709094e+09,6.7279583810e+09,3.7202286346e+09,2.6153154502e+09,2.2483121866e+09,2.0548331145e+09,1.6933232874e+09,1.5601098245e+09,1.4810141989e+09,1.3076577251e+09,6.3609551174e+09,3.3532253709e+09,2.2483121866e+09,1.8813089230e+09,1.6878298509e+09,1.3263200238e+09,1.1931065609e+09,1.1140109353e+09,9.4065446150e+08,6.1674760453e+09,3.1597462988e+09,2.0548331145e+09,1.6878298509e+09,1.4943507788e+09,1.1328409517e+09,9.9962748877e+08,9.2053186316e+08,7.4717538939e+08,5.8059662182e+09,2.7982364718e+09,1.6933232874e+09,1.3263200238e+09,1.1328409517e+09,7.7133112467e+08,6.3811766171e+08,5.5902203610e+08,3.8566556234e+08,5.6727527553e+09,2.6650230088e+09,1.5601098245e+09,1.1931065609e+09,9.9962748877e+08,6.3811766171e+08,5.0490419876e+08,4.2580857315e+08,2.5245209938e+08,5.5936571297e+09,2.5859273832e+09,1.4810141989e+09,1.1140109353e+09,9.2053186316e+08,5.5902203610e+08,4.2580857315e+08,3.4671294753e+08,1.7335647377e+08
86,1000,60,9.7255506469e+09,6.9115624300e+09,5.9755336922e+09,5.6735856969e+09,5.5136919573e+09,5.2046769869e+09,5.0846492423e+09,5.0130778434e+09,4.8627753235e+09,6.9115624300e+09,4.0975742130e+09,3.1615454753e+09,2.8595974800e+09,2.6997037404e+09,2.3906887700e+09,2.2706610253e+09,2.1990896264e+09,2.0487871065e+09,5.9755336922e+09,3.1615454753e+09,2.2255167375e+09,1.9235687422e+09,1.7636750026e+09,1.4546600323e+09,1.3346322876e+09,1.2630608887e+09,1.1127583688e+09,5.6735856969e+09,2.8595974800e+09,1.9235687422e+09,1.6216207469e+09,1.4617270073e+09,1.1527120370e+09,1.0326842923e+09,9.6111289339e+08,8.1081037347e+08,5.5136919573e+09,2.6997037404e+09,1.7636750026e+09,1.4617270073e+09,1.3018332677e+09,9.9281829735e+08,8.7279055269e+08,8.0121915377e+08,6.5091663385e+08,5.2046769869e+09,2.3906887700e+09,1.4546600323e+09,1.1527120370e+09,9.9281829735e+08,6.8380332699e+08,5.6377558233e+08,4.9220418341e+08,3.4190166349e+08,5.0846492423e+09,2.2706610253e+09,1.3346322876e+09,1.0326842923e+09,8.7279055269e+08,5.6377558233e+08,4.4374783768e+08,3.7217643876e+08,2.2187391884e+08,5.0130778434e+09,2.1990896264e+09,1.2630608887e+09,9.6111289339e+08,8.0121915377e+08,4.9220418341e+08,3.7217643876e+08,3.0060503984e+08,1.5030251992e+08
87,1000,70,1.2494568815e+10,8.8227521151e+09,7.6022527121e+09,7.2038976363e+09,7.0027723291e+09,6.6198962633e+09,6.4768076644e+09,6.3958955124e+09,6.2472844073e+09,8.8227521151e+09,5.1509354155e+09,3.9304360126e+09,3.5320809367e+09,3.3309556295e+09,2.9480795637e+09,2.8049909649e+09,2.7240788129e+09,2.5754677078e+09,7.6022527121e+09,3.9304360126e+09,2.7099366096e+09,2.3115815338e+09,2.1104562266e+09,1.7275801607e+09,1.5844915619e+09,1.5035794099e+09,1.3549683048e+09,7.2038976363e+09,3.5320809367e+09,2.3115815338e+09,1.9132264579e+09,1.7121011507e+09,1.3292250849e+09,1.1861364861e+09,1.1052243341e+09,9.5661322896e+08,7.0027723291e+09,3.3309556295e+09,2.1104562266e+09,1.7121011507e+09,1.5109758435e+09,1.1280997777e+09,9.8501117885e+08,9.0409902687e+08,7.5548792176e+08,6.6198962633e+09,2.9480795637e+09,1.7275801607e+09,1.3292250849e+09,1.1280997777e+09,7.4522371188e+08,6.0213511304e+08,5.2122296106e+08,3.7261185594e+08,6.4768076644e+09,2.8049909649e+09,1.5844915619e+09,1.1861364861e+09,9.8501117885e+08,6.0213511304e+08,4.5904651420e+08,3.7813436222e+08,2.2952325710e+08,6.3958955124e+09,2.7240788129e+09,1.5035794099e+09,1.1052243341e+09,9.0409902687e+08,5.2122296106e+08,3.7813436222e+08,2.9722221024e+08,1.4861110512e+08
88,1000,80,1.2978395673e+10,9.1600166754e+09,7.8783698145e+09,7.4595856625e+09,7.2511875412e+09,6.8588045693e+09,6.7147955479e+09,6.6341586899e+09,6.4891978363e+09,9.1600166754e+09,5.3416376782e+09,4.0599908173e+09,3.6412066653e+09,3.4328085440e+09,3.0404255721e+09,2.8964165507e+09,2.8157796927e+09,2.6708188391e+09,7.8783698145e+09,4.0599908173e+09,2.7783439565e+09,2.3595598044e+09,2.1511616832e+09,1.7587787113e+09,1.6147696898e+09,1.5341328319e+09,1.3891719782e+09,7.4595856625e+09,3.6412066653e+09,2.3595598044e+09,1.9407756524e+09,1.7323775311e+09,1.3399945592e+09,1.1959855378e+09,1.1153486798e+09,9.7038782618e+08,7.2511875412e+09,3.4328085440e+09,2.1511616832e+09,1.7323775311e+09,1.5239794099e+09,1.1315964380e+09,9.8758741654e+08,9.0695055860e+08,7.6198970494e+08,6.8588045693e+09,3.0404255721e+09,1.7587787113e+09,1.3399945592e+09,1.1315964380e+09,7.3921346610e+08,5.9520444464e+08,5.1456758671e+08,3.6960673305e+08,6.7147955479e+09,2.8964165507e+09,1.6147696898e+09,1.1959855378e+09,9.8758741654e+08,5.9520444464e+08,4.5119542319e+08,3.7055856526e+08,2.2559771159e+08,6.6341586899e+09,2.8157796927e+09,1.5341328319e+09,1.1153486798e+09,9.0695055860e+08,5.1456758671e+08,3.7055856526e+08,2.8992170733e+08,1.4496085366e+08
89,1000,90,1.3175375017e+10,9.2933690815e+09,7.9893856365e+09,7.5636904219e+09,7.3526708248e+09,6.9567838550e+09,6.8122614032e+09,6.7315875189e+09,6.5876875086e+09,9.2933690815e+09,5.4113631459e+09,4.1073797009e+09,3.6816844863e+09,3.4706648892e+09,3.0747779194e+09,2.9302554675e+09,2.8495815832e+09,2.7056815729e+09,7.9893856365e+09,4.1073797009e+09,2.8033962559e+09,2.3777010413e+09,2.1666814442e+09,1.7707944744e+09,1.6262720225e+09,1.5455981383e+09,1.4016981280e+09,7.5636904219e+09,3.6816844863e+09,2.3777010413e+09,1.9520058267e+09,1.7409862296e+09,1.3450992598e+09,1.2005768079e+09,1.1199029237e+09,9.7600291336e+08,7.3526708248e+09,3.4706648892e+09,2.1666814442e+09,1.7409862296e+09,1.5299666325e+09,1.1340796626e+09,9.8955721081e+08,9.0888332654e+08,7.6498331624e+08,6.9567838550e+09,3.0747779194e+09,1.7707944744e+09,1.3450992598e+09,1.1340796626e+09,7.3819269282e+08,5.9367024098e+08,5.1299635671e+08,3.6909634641e+08,6.8122614032e+09,2.9302554675e+09,1.6262720225e+09,1.2005768079e+09,9.8955721081e+08,5.9367024098e+08,4.4914778915e+08,3.6847390487e+08,2.2457389457e+08,6.7315875189e+09,2.8495815832e+09,1.5455981383e+09,1.1199029237e+09,9.0888332654e+08,5.1299635671e+08,3.6847390487e+08,2.8780002060e+08,1.4390001030e+08
90,1100,0,1.1288163517e+10,8.3462427467e+09,7.1737958562e+09,6.8004357487e+09,6.6109907655e+09,6.2567886166e+09,6.1028352451e+09,5.9949576525e+09,5.6440817584e+09,8.3462427467e+09,5.4043219766e+09,4.2318750861e+09,3.8585149786e+09,3.6690699954e+09,3.3148678465e+09,3.1609144749e+09,3.0530368824e+09,2.7021609883e+09,7.1737958562e+09,4.2318750861e+09,3.0594281956e+09,2.6860680881e+09,2.4966231049e+09,2.1424209560e+09,1.9884675844e+09,1.8805899919e+09,1.5297140978e+09,6.8004357487e+09,3.8585149786e+09,2.6860680881e+09,2.3127079805e+09,2.1232629973e+09,1.7690608484e+09,1.6151074769e+09,1.5072298843e+09,1.1563539903e+09,6.6109907655e+09,3.6690699954e+09,2.4966231049e+09,2.1232629973e+09,1.9338180141e+09,1.5796158652e+09,1.4256624937e+09,1.3177849011e+09,9.6690900706e+08,6.2567886166e+09,3.3148678465e+09,2.1424209560e+09,1.7690608484e+09,1.5796158652e+09,1.2254137164e+09,1.0714603448e+09,9.6358275227e+08,6.1270685818e+08,6.1028352451e+09,3.1609144749e+09,1.9884675844e+09,1.6151074769e+09,1.4256624937e+09,1.0714603448e+09,9.1750697325e+08,8.0962938071e+08,4.5875348662e+08,5.9949576525e+09,3.0530368824e+09,1.8805899919e+09,1.5072298843e+09,1.3177849011e+09,9.6358275227e+08,8.0962938071e+08,7.0175178817e+08,3.5087589409e+08
91,1100,10,1.0746276695e+10,8.0632342467e+09,6.9733627648e+09,6.6101431865e+09,6.4204948064e+09,6.0489592467e+09,5.8821292197e+09,5.7625715316e+09,5.3731383474e+09,8.0632342467e+09,5.3801917986e+09,4.2903203167e+09,3.9271007384e+09,3.7374523583e+09,3.3659167986e+09,3.1990867716e+09,3.0795290835e+09,2.6900958993e+09,6.9733627648e+09,4.2903203167e+09,3.2004488347e+09,2.8372292564e+09,2.6475808763e+09,2.2760453166e+09,2.1092152897e+09,1.9896576015e+09,1.6002244174e+09,6.6101431865e+09,3.9271007384e+09,2.8372292564e+09,2.4740096781e+09,2.2843612980e+09,1.9128257383e+09,1.7459957114e+09,1.6264380232e+09,1.2370048391e+09,6.4204948064e+09,3.7374523583e+09,2.6475808763e+09,2.2843612980e+09,2.0947129179e+09,1.7231773582e+09,1.5563473313e+09,1.4367896431e+09,1.0473564590e+09,6.0489592467e+09,3.3659167986e+09,2.2760453166e+09,1.9128257383e+09,1.7231773582e+09,1.3516417985e+09,1.1848117715e+09,1.0652540834e+09,6.7582089924e+08,5.8821292197e+09,3.1990867716e+09,2.1092152897e+09,1.7459957114e+09,1.5563473313e+09,1.1848117715e+09,1.0179817446e+09,8.9842405646e+08,5.0899087230e+08,5.7625715316e+09,3.0795290835e+09,1.9896576015e+09,1.6264380232e+09,1.4367896431e+09,1.0652540834e+09,8.9842405646e+08,7.7886636832e+08,3.8943318416e+08
92,1100,20,1.0945724685e+10,8.4488382339e+09,7.4175823796e+09,7.0276906381e+09,6.8061813734e+09,6.3142465080e+09,6.0836489894e+09,5.9231472088e+09,5.4728623423e+09,8.4488382339e+09,5.9519517831e+09,4.9206959288e+09,4.5308041873e+09,4.3092949226e+09,3.8173600572e+09,3.5867625386e+09,3.4262607580e+09,2.9759758915e+09,7.4175823796e+09,4.9206959288e+09,3.8894400746e+09,3.4995483331e+09,3.2780390684e+09,2.7861042030e+09,2.5555066844e+09,2.3950049038e+09,1.9447200373e+09,7.0276906381e+09,4.5308041873e+09,3.4995483331e+09,3.1096565916e+09,2.8881473269e+09,2.3962124615e+09,2.1656149429e+09,2.0051131623e+09,1.5548282958e+09,6.8061813734e+09,4.3092949226e+09,3.2780390684e+09,2.8881473269e+09,2.6666380622e+09,2.1747031967e+09,1.9441056782e+09,1.7836038976e+09,1.3333190311e+09,6.3142465080e+09,3.8173600572e+09,2.7861042030e+09,2.3962124615e+09,2.1747031967e+09,1.6827683313e+09,1.4521708127e+09,1.2916690322e+09,8.4138416567e+08,6.0836489894e+09,3.5867625386e+09,2.5555066844e+09,2.1656149429e+09,1.9441056782e+09,1.4521708127e+09,1.2215732942e+09,1.0610715136e+09,6.1078664708e+08,5.9231472088e+09,3.4262607580e+09,2.3950049038e+09,2.0051131623e+09,1.7836038976e+09,1.2916690322e+09,1.0610715136e+09,9.0056973297e+08,4.5028486648e+08
93,1100,30,1.3949121922e+10,1.0873021647e+10,9.5188305008e+09,8.9605765146e+09,8.6306906288e+09,7.8930010175e+09,7.5869106903e+09,7.3986067796e+09,6.9745609612e+09,1.0873021647e+10,7.7969213720e+09,6.4427302256e+09,5.8844762394e+09,5.5545903536e+09,4.8169007424e+09,4.5108104151e+09,4.3225065044e+09,3.8984606860e+09,9.5188305008e+09,6.4427302256e+09,5.0885390792e+09,4.5302850930e+09,4.2003992072e+09,3.4627095959e+09,3.1566192687e+09,2.9683153580e+09,2.5442695396e+09,8.9605765146e+09,5.8844762394e+09,4.5302850930e+09,3.9720311068e+09,3.6421452210e+09,2.9044556097e+09,2.5983652825e+09,2.4100613718e+09,1.9860155534e+09,8.6306906288e+09,5.5545903536e+09,4.2003992072e+09,3.6421452210e+09,3.3122593352e+09,2.5745697239e+09,2.2684793967e+09,2.0801754860e+09,1.6561296676e+09,7.8930010175e+09,4.8169007424e+09,3.4627095959e+09,2.9044556097e+09,2.5745697239e+09,1.8368801127e+09,1.5307897855e+09,1.3424858748e+09,9.1844005634e+08,7.5869106903e+09,4.5108104151e+09,3.1566192687e+09,2.5983652825e+09,2.2684793967e+09,1.5307897855e+09,1.2246994582e+09,1.0363955476e+09,6.1234972912e+08,7.3986067796e+09,4.3225065044e+09,2.9683153580e+09,2.4100613718e+09,2.0801754860e+09,1.3424858748e+09,1.0363955476e+09,8.4809163687e+08,4.2404581844e+08
94,1100,40,2.0124125001e+10,1.4812208314e+10,1.2708812068e+10,1.1965921678e+10,1.1566535509e+10,1.0810468190e+10,1.0542670560e+10,1.0387844132e+10,1.0062062500e+10,1.4812208314e+10,9.5002916278e+09,7.3968953816e+09,6.6540049913e+09,6.2546188226e+09,5.4985515038e+09,5.2307538739e+09,5.0759274457e+09,4.7501458139e+09,1.2708812068e+10,7.3968953816e+09,5.2934991354e+09,4.5506087451e+09,4.1512225764e+09,3.3951552576e+09,3.1273576277e+09,2.9725311995e+09,2.6467495677e+09,1.1965921678e+10,6.6540049913e+09,4.5506087451e+09,3.8077183549e+09,3.4083321861e+09,2.6522648674e+09,2.3844672375e+09,2.2296408092e+09,1.9038591774e+09,1.1566535509e+10,6.2546188226e+09,4.1512225764e+09,3.4083321861e+09,3.0089460173e+09,2.2528786986e+09,1.9850810687e+09,1.8302546404e+09,1.5044730087e+09,1.0810468190e+10,5.4985515038e+09,3.3951552576e+09,2.6522648674e+09,2.2528786986e+09,1.4968113799e+09,1.2290137500e+09,1.0741873217e+09,7.4840568993e+08,1.0542670560e+10,5.2307538739e+09,3.1273576277e+09,2.3844672375e+09,1.9850810687e+09,1.2290137500e+09,9.6121612006e+08,8.0638969180e+08,4.8060806003e+08,1.0387844132e+10,5.0759274457e+09,2.9725311995e+09,2.2296408092e+09,1.8302546404e+09,1.0741873217e+09,8.0638969180e+08,6.5156326354e+08,3.2578163177e+08
95,1100,50,1.8883555621e+10,1.3469466526e+10,1.1569399859e+10,1.0952972889e+10,1.0629931363e+10,1.0031756446e+10,9.8174484980e+09,9.6939662304e+09,9.4417778105e+09,1.3469466526e+10,8.0553774311e+09,6.1553107642e+09,5.5388837944e+09,5.2158422682e+09,4.6176673508e+09,4.4033594030e+09,4.2798771354e+09,4.0276887156e+09,1.1569399859e+10,6.1553107642e+09,4.2552440972e+09,3.6388171274e+09,3.3157756012e+09,2.7176006838e+09,2.5032927360e+09,2.3798104684e+09,2.1276220486e+09,1.0952972889e+10,5.5388837944e+09,3.6388171274e+09,3.0223901576e+09,2.6993486314e+09,2.1011737140e+09,1.8868657663e+09,1.7633834986e+09,1.5111950788e+09,1.0629931363e+10,5.2158422682e+09,3.3157756012e+09,2.6993486314e+09,2.3763071052e+09,1.7781321878e+09,1.5638242401e+09,1.4403419724e+09,1.1881535526e+09,1.0031756446e+10,4.6176673508e+09,2.7176006838e+09,2.1011737140e+09,1.7781321878e+09,1.1799572704e+09,9.6564932266e+08,8.4216705501e+08,5.8997863520e+08,9.8174484980e+09,4.4033594030e+09,2.5032927360e+09,1.8868657663e+09,1.5638242401e+09,9.6564932266e+08,7.5134137492e+08,6.2785910727e+08,3.7567068746e+08,9.6939662304e+09,4.2798771354e+09,2.3798104684e+09,1.7633834986e+09,1.4403419724e+09,8.4216705501e+08,6.2785910727e+08,5.0437683963e+08,2.5218841981e+08
96,1100,60,1.5982096159e+10,1.1326869001e+10,9.7762043105e+09,9.2774789325e+09,9.0137751432e+09,8.5090224422e+09,8.3195146248e+09,8.2094845175e+09,7.9910480797e+09,1.1326869001e+10,6.6716418437e+09,5.1209771526e+09,4.6222517747e+09,4.3585479854e+09,3.8537952844e+09,3.6642874670e+09,3.5542573597e+09,3.3358209218e+09,9.7762043105e+09,5.1209771526e+09,3.5703124616e+09,3.0715870837e+09,2.8078832943e+09,2.3031305934e+09,2.1136227759e+09,2.0035926687e+09,1.7851562308e+09,9.2774789325e+09,4.6222517747e+09,3.0715870837e+09,2.5728617057e+09,2.3091579164e+09,1.8044052154e+09,1.6148973980e+09,1.5048672907e+09,1.2864308529e+09,9.0137751432e+09,4.3585479854e+09,2.8078832943e+09,2.3091579164e+09,2.0454541271e+09,1.5407014261e+09,1.3511936087e+09,1.2411635014e+09,1.0227270635e+09,8.5090224422e+09,3.8537952844e+09,2.3031305934e+09,1.8044052154e+09,1.5407014261e+09,1.0359487251e+09,8.4644090768e+08,7.3641080042e+08,5.1797436255e+08,8.3195146248e+09,3.6642874670e+09,2.1136227759e+09,1.6148973980e+09,1.3511936087e+09,8.4644090768e+08,6.5693309026e+08,5.4690298300e+08,3.2846654513e+08,8.2094845175e+09,3.5542573597e+09,2.0035926687e+09,1.5048672907e+09,1.2411635014e+09,7.3641080042e+08,5.4690298300e+08,4.3687287574e+08,2.1843643787e+08
97,1100,70,1.8087696944e+10,1.2779438874e+10,1.1009273762e+10,1.0433110003e+10,1.0137984907e+10,9.5769671054e+09,9.3706779417e+09,9.2547560461e+09,9.0438484720e+09,1.2779438874e+10,7.4711808030e+09,5.7010156910e+09,5.1248519323e+09,4.8297268367e+09,4.2687090349e+09,4.0624198711e+09,3.9464979756e+09,3.7355904015e+09,1.1009273762e+10,5.7010156910e+09,3.9308505791e+09,3.3546868204e+09,3.0595617248e+09,2.4985439229e+09,2.2922547592e+09,2.1763328637e+09,1.9654252896e+09,1.0433110003e+10,5.1248519323e+09,3.3546868204e+09,2.7785230616e+09,2.4833979660e+09,1.9223801642e+09,1.7160910005e+09,1.6001691049e+09,1.3892615308e+09,1.0137984907e+10,4.8297268367e+09,3.0595617248e+09,2.4833979660e+09,2.1882728705e+09,1.6272550686e+09,1.4209659049e+09,1.3050440093e+09,1.0941364352e+09,9.5769671054e+09,4.2687090349e+09,2.4985439229e+09,1.9223801642e+09,1.6272550686e+09,1.0662372668e+09,8.5994810305e+08,7.4402620749e+08,5.3311863339e+08,9.3706779417e+09,4.0624198711e+09,2.2922547592e+09,1.7160910005e+09,1.4209659049e+09,8.5994810305e+08,6.5365893932e+08,5.3773704377e+08,3.2682946966e+08,9.2547560461e+09,3.9464979756e+09,2.1763328637e+09,1.6001691049e+09,1.3050440093e+09,7.4402620749e+08,5.3773704377e+08,4.2181514821e+08,2.1090757411e+08
98,1100,80,1.8182068907e+10,1.2849367039e+10,1.1053274841e+10,1.0467505160e+10,1.0170856322e+10,9.6115136100e+09,9.4084174633e+09,9.2950041408e+09,9.0910344537e+09,1.2849367039e+10,7.5166651704e+09,5.7205729724e+09,5.1348032919e+09,4.8381544537e+09,4.2788117414e+09,4.0757155948e+09,3.9623022723e+09,3.7583325852e+09,1.1053274841e+10,5.7205729724e+09,3.9244807744e+09,3.3387110939e+09,3.0420622557e+09,2.4827195434e+09,2.2796233968e+09,2.1662100743e+09,1.9622403872e+09,1.0467505160e+10,5.1348032919e+09,3.3387110939e+09,2.7529414134e+09,2.4562925753e+09,1.8969498629e+09,1.6938537163e+09,1.5804403938e+09,1.3764707067e+09,1.0170856322e+10,4.8381544537e+09,3.0420622557e+09,2.4562925753e+09,2.1596437371e+09,1.6003010248e+09,1.3972048781e+09,1.2837915556e+09,1.0798218685e+09,9.6115136100e+09,4.2788117414e+09,2.4827195434e+09,1.8969498629e+09,1.6003010248e+09,1.0409583124e+09,8.3786216577e+08,7.2444884329e+08,5.2047915622e+08,9.4084174633e+09,4.0757155948e+09,2.2796233968e+09,1.6938537163e+09,1.3972048781e+09,8.3786216577e+08,6.3476601911e+08,5.2135269663e+08,3.1738300956e+08,9.2950041408e+09,3.9623022723e+09,2.1662100743e+09,1.5804403938e+09,1.2837915556e+09,7.2444884329e+08,5.2135269663e+08,4.0793937415e+08,2.0396968707e+08
99,1100,90,1.8288459973e+10,1.2917904412e+10,1.1109566848e+10,1.0520152444e+10,1.0222584608e+10,9.6624608538e+09,9.4595446682e+09,9.3464376751e+09,9.1442299866e+09,1.2917904412e+10,7.5473488504e+09,5.7390112866e+09,5.1495968829e+09,4.8520290469e+09,4.2919052924e+09,4.0889891068e+09,3.9758821137e+09,3.7736744252e+09,1.1109566848e+10,5.7390112866e+09,3.9306737227e+09,3.3412593190e+09,3.0436914831e+09,2.4835677285e+09,2.2806515429e+09,2.1675445498e+09,1.9653368614e+09,1.0520152444e+10,5.1495968829e+09,3.3412593190e+09,2.7518449153e+09,2.4542770794e+09,1.8941533249e+09,1.6912371392e+09,1.5781301461e+09,1.3759224577e+09,1.0222584608e+10,4.8520290469e+09,3.0436914831e+09,2.4542770794e+09,2.1567092434e+09,1.5965854889e+09,1.3936693033e+09,1.2805623101e+09,1.0783546217e+09,9.6624608538e+09,4.2919052924e+09,2.4835677285e+09,1.8941533249e+09,1.5965854889e+09,1.0364617344e+09,8.3354554875e+08,7.2043855563e+08,5.1823086719e+08,9.4595446682e+09,4.0889891068e+09,2.2806515429e+09,1.6912371392e+09,1.3936693033e+09,8.3354554875e+08,6.3062936312e+08,5.1752237000e+08,3.1531468156e+08,9.3464376751e+09,3.9758821137e+09,2.1675445498e+09,1.5781301461e+09,1.2805623101e+09,7.2043855563e+08,5.1752237000e+08,4.0441537688e+08,2.0220768844e+08
100,1200,0,1.6645637860e+10,1.2513602807e+10,1.0856999215e+10,1.0305721338e+10,1.0016552584e+10,9.4420044648e+09,9.1769544908e+09,8.9827734063e+09,8.3228189302e+09,1.2513602807e+10,8.3815677542e+09,6.7249641618e+09,6.1736862846e+09,5.8845175304e+09,5.3099694117e+09,5.0449194377e+09,4.8507383532e+09,4.1907838771e+09,1.0856999215e+10,6.7249641618e+09,5.0683605693e+09,4.5170826922e+09,4.2279139380e+09,3.6533658192e+09,3.3883158453e+09,3.1941347607e+09,2.5341802847e+09,1.0305721338e+10,6.1736862846e+09,4.5170826922e+09,3.9658048150e+09,3.6766360608e+09,3.1020879421e+09,2.8370379681e+09,2.6428568836e+09,1.9829024075e+09,1.0016552584e+10,5.8845175304e+09,4.2279139380e+09,3.6766360608e+09,3.3874673066e+09,2.8129191879e+09,2.5478692139e+09,2.3536881294e+09,1.6937336533e+09,9.4420044648e+09,5.3099694117e+09,3.6533658192e+09,3.1020879421e+09,2.8129191879e+09,2.2383710691e+09,1.9733210952e+09,1.7791400106e+09,1.1191855346e+09,9.1769544908e+09,5.0449194377e+09,3.3883158453e+09,2.8370379681e+09,2.5478692139e+09,1.9733210952e+09,1.7082711212e+09,1.5140900367e+09,8.5413556062e+08,8.9827734063e+09,4.8507383532e+09,3.1941347607e+09,2.6428568836e+09,2.3536881294e+09,1.7791400106e+09,1.5140900367e+09,1.3199089521e+09,6.5995447606e+08
101,1200,10,1.6302590512e+10,1.2471688022e+10,1.0885756491e+10,1.0319533536e+10,1.0009219990e+10,9.3490688714e+09,9.0384551760e+09,8.8172220320e+09,8.1512952560e+09,1.2471688022e+10,8.6407855312e+09,7.0548540010e+09,6.4886310456e+09,6.1783174998e+09,5.5181663810e+09,5.2075526856e+09,4.9863195416e+09,4.3203927656e+09,1.0885756491e+10,7.0548540010e+09,5.4689224709e+09,4.9026995154e+09,4.5923859696e+09,3.9322348509e+09,3.6216211554e+09,3.4003880114e+09,2.7344612354e+09,1.0319533536e+10,6.4886310456e+09,4.9026995154e+09,4.3364765600e+09,4.0261630142e+09,3.3660118954e+09,3.0553982000e+09,2.8341650560e+09,2.1682382800e+09,1.0009219990e+10,6.1783174998e+09,4.5923859696e+09,4.0261630142e+09,3.7158494684e+09,3.0556983496e+09,2.7450846542e+09,2.5238515102e+09,1.8579247342e+09,9.3490688714e+09,5.5181663810e+09,3.9322348509e+09,3.3660118954e+09,3.0556983496e+09,2.3955472308e+09,2.0849335354e+09,1.8637003914e+09,1.1977736154e+09,9.0384551760e+09,5.2075526856e+09,3.6216211554e+09,3.0553982000e+09,2.7450846542e+09,2.0849335354e+09,1.7743198399e+09,1.5530866959e+09,8.8715991996e+08,8.8172220320e+09,4.9863195416e+09,3.4003880114e+09,2.8341650560e+09,2.5238515102e+09,1.8637003914e+09,1.5530866959e+09,1.3318535520e+09,6.6592677598e+08
102,1200,20,1.7013308513e+10,1.3374998696e+10,1.1798006512e+10,1.1156778041e+10,1.0776225212e+10,9.8857949784e+09,9.4705074837e+09,9.1928537739e+09,8.5066542565e+09,1.3374998696e+10,9.7366888790e+09,8.1596966951e+09,7.5184682239e+09,7.1379153947e+09,6.2474851614e+09,5.8321976667e+09,5.5545439569e+09,4.8683444395e+09,1.1798006512e+10,8.1596966951e+09,6.5827045112e+09,5.9414760400e+09,5.5609232108e+09,4.6704929775e+09,4.2552054828e+09,3.9775517730e+09,3.2913522556e+09,1.1156778041e+10,7.5184682239e+09,5.9414760400e+09,5.3002475688e+09,4.9196947396e+09,4.0292645063e+09,3.6139770116e+09,3.3363233018e+09,2.6501237844e+09,1.0776225212e+10,7.1379153947e+09,5.5609232108e+09,4.9196947396e+09,4.5391419104e+09,3.6487116771e+09,3.2334241824e+09,2.9557704726e+09,2.2695709552e+09,9.8857949784e+09,6.2474851614e+09,4.6704929775e+09,4.0292645063e+09,3.6487116771e+09,2.7582814438e+09,2.3429939491e+09,2.0653402393e+09,1.3791407219e+09,9.4705074837e+09,5.8321976667e+09,4.2552054828e+09,3.6139770116e+09,3.2334241824e+09,2.3429939491e+09,1.9277064543e+09,1.6500527445e+09,9.6385322717e+08,9.1928537739e+09,5.5545439569e+09,3.9775517730e+09,3.3363233018e+09,2.9557704726e+09,2.0653402393e+09,1.6500527445e+09,1.3723990347e+09,6.8619951737e+08
103,1200,30,2.2591267858e+10,1.7613354078e+10,1.5381817571e+10,1.4458777496e+10,1.3911659035e+10,1.2692141350e+10,1.2199027093e+10,1.1904525788e+10,1.1295633929e+10,1.7613354078e+10,1.2635440298e+10,1.0403903791e+10,9.4808637157e+09,8.9337452550e+09,7.7142275702e+09,7.2211133129e+09,6.9266120077e+09,6.3177201490e+09,1.5381817571e+10,1.0403903791e+10,8.1723672845e+09,7.2493272089e+09,6.7022087482e+09,5.4826910634e+09,4.9895768061e+09,4.6950755009e+09,4.0861836423e+09,1.4458777496e+10,9.4808637157e+09,7.2493272089e+09,6.3262871332e+09,5.7791686725e+09,4.5596509878e+09,4.0665367305e+09,3.7720354252e+09,3.1631435666e+09,1.3911659035e+10,8.9337452550e+09,6.7022087482e+09,5.7791686725e+09,5.2320502119e+09,4.0125325271e+09,3.5194182698e+09,3.2249169646e+09,2.6160251059e+09,1.2692141350e+10,7.7142275702e+09,5.4826910634e+09,4.5596509878e+09,4.0125325271e+09,2.7930148424e+09,2.2999005851e+09,2.0053992798e+09,1.3965074212e+09,1.2199027093e+10,7.2211133129e+09,4.9895768061e+09,4.0665367305e+09,3.5194182698e+09,2.2999005851e+09,1.8067863278e+09,1.5122850225e+09,9.0339316388e+08,1.1904525788e+10,6.9266120077e+09,4.6950755009e+09,3.7720354252e+09,3.2249169646e+09,2.0053992798e+09,1.5122850225e+09,1.2177837173e+09,6.0889185863e+08
104,1200,40,3.1107434273e+10,2.2784382933e+10,1.9555894221e+10,1.8427833969e+10,1.7820040874e+10,1.6660017342e+10,1.6249401054e+10,1.6015877034e+10,1.5553717137e+10,2.2784382933e+10,1.4461331592e+10,1.1232842881e+10,1.0104782628e+10,9.4969895332e+09,8.3369660009e+09,7.9263497136e+09,7.6928256930e+09,7.2306657960e+09,1.9555894221e+10,1.1232842881e+10,8.0043541693e+09,6.8762939168e+09,6.2685008218e+09,5.1084772895e+09,4.6978610022e+09,4.4643369816e+09,4.0021770847e+09,1.8427833969e+10,1.0104782628e+10,6.8762939168e+09,5.7482336642e+09,5.1404405693e+09,3.9804170370e+09,3.5698007497e+09,3.3362767291e+09,2.8741168321e+09,1.7820040874e+10,9.4969895332e+09,6.2685008218e+09,5.1404405693e+09,4.5326474744e+09,3.3726239421e+09,2.9620076548e+09,2.7284836341e+09,2.2663237372e+09,1.6660017342e+10,8.3369660009e+09,5.1084772895e+09,3.9804170370e+09,3.3726239421e+09,2.2126004097e+09,1.8019841225e+09,1.5684601018e+09,1.1063002049e+09,1.6249401054e+10,7.9263497136e+09,4.6978610022e+09,3.5698007497e+09,2.9620076548e+09,1.8019841225e+09,1.3913678352e+09,1.1578438145e+09,6.9568391759e+08,1.6015877034e+10,7.6928256930e+09,4.4643369816e+09,3.3362767291e+09,2.7284836341e+09,1.5684601018e+09,1.1578438145e+09,9.2431979388e+08,4.6215989694e+08
105,1200,50,3.1196229849e+10,2.1964667124e+10,1.8877355885e+10,1.7906045315e+10,1.7401568007e+10,1.6475611242e+10,1.6147204988e+10,1.5960270657e+10,1.5598114924e+10,2.1964667124e+10,1.2733104399e+10,9.6457931603e+09,8.6744825905e+09,8.1700052825e+09,7.2440485173e+09,6.9156422628e+09,6.7287079325e+09,6.3665521997e+09,1.8877355885e+10,9.6457931603e+09,6.5584819212e+09,5.5871713514e+09,5.0826940434e+09,4.1567372782e+09,3.8283310237e+09,3.6413966934e+09,3.2792409606e+09,1.7906045315e+10,8.6744825905e+09,5.5871713514e+09,4.6158607816e+09,4.1113834736e+09,3.1854267084e+09,2.8570204540e+09,2.6700861236e+09,2.3079303908e+09,1.7401568007e+10,8.1700052825e+09,5.0826940434e+09,4.1113834736e+09,3.6069061656e+09,2.6809494004e+09,2.3525431459e+09,2.1656088156e+09,1.8034530828e+09,1.6475611242e+10,7.2440485173e+09,4.1567372782e+09,3.1854267084e+09,2.6809494004e+09,1.7549926352e+09,1.4265863807e+09,1.2396520504e+09,8.7749631758e+08,1.6147204988e+10,6.9156422628e+09,3.8283310237e+09,2.8570204540e+09,2.3525431459e+09,1.4265863807e+09,1.0981801263e+09,9.1124579592e+08,5.4909006314e+08,1.5960270657e+10,6.7287079325e+09,3.6413966934e+09,2.6700861236e+09,2.1656088156e+09,1.2396520504e+09,9.1124579592e+08,7.2431146555e+08,3.6215573278e+08
106,1200,60,2.5573367315e+10,1.8026064620e+10,1.5553061003e+10,1.4765996235e+10,1.4350601956e+10,1.3559019667e+10,1.3267301330e+10,1.3100790242e+10,1.2786683657e+10,1.8026064620e+10,1.0478761926e+10,8.0057583090e+09,7.2186935412e+09,6.8032992618e+09,6.0117169727e+09,5.7199986354e+09,5.5534875476e+09,5.2393809631e+09,1.5553061003e+10,8.0057583090e+09,5.5327546917e+09,4.7456899239e+09,4.3302956446e+09,3.5387133554e+09,3.2469950181e+09,3.0804839303e+09,2.7663773459e+09,1.4765996235e+10,7.2186935412e+09,4.7456899239e+09,3.9586251560e+09,3.5432308767e+09,2.7516485876e+09,2.4599302503e+09,2.2934191625e+09,1.9793125780e+09,1.4350601956e+10,6.8032992618e+09,4.3302956446e+09,3.5432308767e+09,3.1278365974e+09,2.3362543082e+09,2.0445359709e+09,1.8780248832e+09,1.5639182987e+09,1.3559019667e+10,6.0117169727e+09,3.5387133554e+09,2.7516485876e+09,2.3362543082e+09,1.5446720191e+09,1.2529536818e+09,1.0864425940e+09,7.7233600956e+08,1.3267301330e+10,5.7199986354e+09,3.2469950181e+09,2.4599302503e+09,2.0445359709e+09,1.2529536818e+09,9.6123534450e+08,7.9472425672e+08,4.8061767225e+08,1.3100790242e+10,5.5534875476e+09,3.0804839303e+09,2.2934191625e+09,1.8780248832e+09,1.0864425940e+09,7.9472425672e+08,6.2821316893e+08,3.1410658447e+08
107,1200,70,2.6224450590e+10,1.8484561845e+10,1.5930512205e+10,1.5106385824e+10,1.4680640144e+10,1.3871539251e+10,1.3576045930e+10,1.3410226507e+10,1.3112225295e+10,1.8484561845e+10,1.0744673099e+10,8.1906234601e+09,7.3664970790e+09,6.9407513990e+09,6.1316505059e+09,5.8361571851e+09,5.6703377616e+09,5.3723365497e+09,1.5930512205e+10,8.1906234601e+09,5.6365738206e+09,4.8124474396e+09,4.3867017596e+09,3.5776008665e+09,3.2821075457e+09,3.1162881222e+09,2.8182869103e+09,1.5106385824e+10,7.3664970790e+09,4.8124474396e+09,3.9883210585e+09,3.5625753785e+09,2.7534744854e+09,2.4579811646e+09,2.2921617412e+09,1.9941605293e+09,1.4680640144e+10,6.9407513990e+09,4.3867017596e+09,3.5625753785e+09,3.1368296985e+09,2.3277288054e+09,2.0322354847e+09,1.8664160612e+09,1.5684148493e+09,1.3871539251e+10,6.1316505059e+09,3.5776008665e+09,2.7534744854e+09,2.3277288054e+09,1.5186279123e+09,1.2231345915e+09,1.0573151681e+09,7.5931395616e+08,1.3576045930e+10,5.8361571851e+09,3.2821075457e+09,2.4579811646e+09,2.0322354847e+09,1.2231345915e+09,9.2764127077e+08,7.6182184729e+08,4.6382063538e+08,1.3410226507e+10,5.6703377616e+09,3.1162881222e+09,2.2921617412e+09,1.8664160612e+09,1.0573151681e+09,7.6182184729e+08,5.9600242381e+08,2.9800121190e+08
108,1200,80,2.5949857740e+10,1.8289186130e+10,1.5742651844e+10,1.4920881814e+10,1.4500506457e+10,1.3708031211e+10,1.3421390158e+10,1.3261123795e+10,1.2974928870e+10,1.8289186130e+10,1.0628514520e+10,8.0819802339e+09,7.2602102042e+09,6.8398348474e+09,6.0473596006e+09,5.7607185478e+09,5.6004521853e+09,5.3142572602e+09,1.5742651844e+10,8.0819802339e+09,5.5354459473e+09,4.7136759177e+09,4.2933005609e+09,3.5008253141e+09,3.2141842613e+09,3.0539178987e+09,2.7677229737e+09,1.4920881814e+10,7.2602102042e+09,4.7136759177e+09,3.8919058881e+09,3.4715305313e+09,2.6790552845e+09,2.3924142316e+09,2.2321478691e+09,1.9459529440e+09,1.4500506457e+10,6.8398348474e+09,4.2933005609e+09,3.4715305313e+09,3.0511551745e+09,2.2586799277e+09,1.9720388749e+09,1.8117725123e+09,1.5255775872e+09,1.3708031211e+10,6.0473596006e+09,3.5008253141e+09,2.6790552845e+09,2.2586799277e+09,1.4662046809e+09,1.1795636280e+09,1.0192972655e+09,7.3310234043e+08,1.3421390158e+10,5.7607185478e+09,3.2141842613e+09,2.3924142316e+09,1.9720388749e+09,1.1795636280e+09,8.9292257523e+08,7.3265621269e+08,4.4646128762e+08,1.3261123795e+10,5.6004521853e+09,3.0539178987e+09,2.2321478691e+09,1.8117725123e+09,1.0192972655e+09,7.3265621269e+08,5.7238985015e+08,2.8619492508e+08
109,1200,90,2.5873422703e+10,1.8237806598e+10,1.5696059879e+10,1.4874746124e+10,1.4455194156e+10,1.3664174525e+10,1.3378650912e+10,1.3219434873e+10,1.2936711351e+10,1.8237806598e+10,1.0602190493e+10,8.0604437741e+09,7.2391300195e+09,6.8195780510e+09,6.0285584204e+09,5.7430348072e+09,5.5838187679e+09,5.3010952467e+09,1.5696059879e+10,8.0604437741e+09,5.5186970548e+09,4.6973833002e+09,4.2778313317e+09,3.4868117011e+09,3.2012880879e+09,3.0420720487e+09,2.7593485274e+09,1.4874746124e+10,7.2391300195e+09,4.6973833002e+09,3.8760695456e+09,3.4565175771e+09,2.6654979465e+09,2.3799743333e+09,2.2207582941e+09,1.9380347728e+09,1.4455194156e+10,6.8195780510e+09,4.2778313317e+09,3.4565175771e+09,3.0369656087e+09,2.2459459780e+09,1.9604223649e+09,1.8012063256e+09,1.5184828043e+09,1.3664174525e+10,6.0285584204e+09,3.4868117011e+09,2.6654979465e+09,2.2459459780e+09,1.4549263474e+09,1.1694027342e+09,1.0101866950e+09,7.2746317370e+08,1.3378650912e+10,5.7430348072e+09,3.2012880879e+09,2.3799743333e+09,1.9604223649e+09,1.1694027342e+09,8.8387912107e+08,7.2466308179e+08,4.4193956053e+08,1.3219434873e+10,5.5838187679e+09,3.0420720487e+09,2.2207582941e+09,1.8012063256e+09,1.0101866950e+09,7.2466308179e+08,5.6544704251e+08,2.8272352125e+08
110,1300,0,2.1943726292e+10,1.6762410992e+10,1.4729229555e+10,1.4029496841e+10,1.3653244150e+10,1.2832017252e+10,1.2399975450e+10,1.2063623643e+10,1.0971863146e+10,1.6762410992e+10,1.1581095692e+10,9.5479142554e+09,8.8481815408e+09,8.4719288497e+09,7.6507019521e+09,7.2186601497e+09,6.8823083427e+09,5.7905478460e+09,1.4729229555e+10,9.5479142554e+09,7.5147328189e+09,6.8150001042e+09,6.4387474131e+09,5.6175205155e+09,5.1854787132e+09,4.8491269062e+09,3.7573664095e+09,1.4029496841e+10,8.8481815408e+09,6.8150001042e+09,6.1152673895e+09,5.7390146985e+09,4.9177878008e+09,4.4857459985e+09,4.1493941915e+09,3.0576336948e+09,1.3653244150e+10,8.4719288497e+09,6.4387474131e+09,5.7390146985e+09,5.3627620074e+09,4.5415351097e+09,4.1094933074e+09,3.7731415004e+09,2.6813810037e+09,1.2832017252e+10,7.6507019521e+09,5.6175205155e+09,4.9177878008e+09,4.5415351097e+09,3.7203082121e+09,3.2882664098e+09,2.9519146028e+09,1.8601541061e+09,1.2399975450e+10,7.2186601497e+09,5.1854787132e+09,4.4857459985e+09,4.1094933074e+09,3.2882664098e+09,2.8562246074e+09,2.5198728004e+09,1.4281123037e+09,1.2063623643e+10,6.8823083427e+09,4.8491269062e+09,4.1493941915e+09,3.7731415004e+09,2.9519146028e+09,2.5198728004e+09,2.1835209934e+09,1.0917604967e+09
111,1300,10,2.4208941351e+10,1.8862165251e+10,1.6601774567e+10,1.5738203612e+10,1.5241803174e+10,1.4109493672e+10,1.3561889779e+10,1.3176720715e+10,1.2104470676e+10,1.8862165251e+10,1.3515389151e+10,1.1254998467e+10,1.0391427512e+10,9.8950270742e+09,8.7627175722e+09,8.2151136792e+09,7.8299446155e+09,6.7576945756e+09,1.6601774567e+10,1.1254998467e+10,8.9946077824e+09,8.1310368280e+09,7.6346363898e+09,6.5023268878e+09,5.9547229948e+09,5.5695539311e+09,4.4973038912e+09,1.5738203612e+10,1.0391427512e+10,8.1310368280e+09,7.2674658736e+09,6.7710654354e+09,5.6387559334e+09,5.0911520404e+09,4.7059829767e+09,3.6337329368e+09,1.5241803174e+10,9.8950270742e+09,7.6346363898e+09,6.7710654354e+09,6.2746649973e+09,5.1423554953e+09,4.5947516022e+09,4.2095825386e+09,3.1373324986e+09,1.4109493672e+10,8.7627175722e+09,6.5023268878e+09,5.6387559334e+09,5.1423554953e+09,4.0100459933e+09,3.4624421003e+09,3.0772730366e+09,2.0050229967e+09,1.3561889779e+10,8.2151136792e+09,5.9547229948e+09,5.0911520404e+09,4.5947516022e+09,3.4624421003e+09,2.9148382072e+09,2.5296691435e+09,1.4574191036e+09,1.3176720715e+10,7.8299446155e+09,5.5695539311e+09,4.7059829767e+09,4.2095825386e+09,3.0772730366e+09,2.5296691435e+09,2.1445000799e+09,1.0722500399e+09
112,1300,20,2.5453571021e+10,2.0199811891e+10,1.7856875080e+10,1.6865211487e+10,1.6263300216e+10,1.4823952828e+10,1.4161365831e+10,1.3729102352e+10,1.2726785511e+10,2.0199811891e+10,1.4946052761e+10,1.2603115950e+10,1.1611452357e+10,1.1009541086e+10,9.5701936982e+09,8.9076067008e+09,8.4753432222e+09,7.4730263804e+09,1.7856875080e+10,1.2603115950e+10,1.0260179140e+10,9.2685155465e+09,8.6666042757e+09,7.2272568878e+09,6.5646698904e+09,6.1324064118e+09,5.1300895700e+09,1.6865211487e+10,1.1611452357e+10,9.2685155465e+09,8.2768519531e+09,7.6749406822e+09,6.2355932944e+09,5.5730062970e+09,5.1407428184e+09,4.1384259765e+09,1.6263300216e+10,1.1009541086e+10,8.6666042757e+09,7.6749406822e+09,7.0730294114e+09,5.6336820235e+09,4.9710950261e+09,4.5388315475e+09,3.5365147057e+09,1.4823952828e+10,9.5701936982e+09,7.2272568878e+09,6.2355932944e+09,5.6336820235e+09,4.1943346356e+09,3.5317476382e+09,3.0994841596e+09,2.0971673178e+09,1.4161365831e+10,8.9076067008e+09,6.5646698904e+09,5.5730062970e+09,4.9710950261e+09,3.5317476382e+09,2.8691606408e+09,2.4368971622e+09,1.4345803204e+09,1.3729102352e+10,8.4753432222e+09,6.1324064118e+09,5.1407428184e+09,4.5388315475e+09,3.0994841596e+09,2.4368971622e+09,2.0046336836e+09,1.0023168418e+09
113,1300,30,3.3975924009e+10,2.6322113088e+10,2.2937099550e+10,2.1553337968e+10,2.0738629560e+10,1.8948804103e+10,1.8241164264e+10,1.7824557442e+10,1.6987962005e+10,2.6322113088e+10,1.8668302166e+10,1.5283288628e+10,1.3899527047e+10,1.3084818638e+10,1.1294993182e+10,1.0587353343e+10,1.0170746520e+10,9.3341510832e+09,2.2937099550e+10,1.5283288628e+10,1.1898275090e+10,1.0514513508e+10,9.6998051002e+09,7.9099796435e+09,7.2023398045e+09,6.7857329819e+09,5.9491375449e+09,2.1553337968e+10,1.3899527047e+10,1.0514513508e+10,9.1307519269e+09,8.3160435187e+09,6.5262180620e+09,5.8185782230e+09,5.4019714005e+09,4.5653759634e+09,2.0738629560e+10,1.3084818638e+10,9.6998051002e+09,8.3160435187e+09,7.5013351105e+09,5.7115096539e+09,5.0038698149e+09,4.5872629923e+09,3.7506675553e+09,1.8948804103e+10,1.1294993182e+10,7.9099796435e+09,6.5262180620e+09,5.7115096539e+09,3.9216841972e+09,3.2140443582e+09,2.7974375356e+09,1.9608420986e+09,1.8241164264e+10,1.0587353343e+10,7.2023398045e+09,5.8185782230e+09,5.0038698149e+09,3.2140443582e+09,2.5064045192e+09,2.0897976966e+09,1.2532022596e+09,1.7824557442e+10,1.0170746520e+10,6.7857329819e+09,5.4019714005e+09,4.5872629923e+09,2.7974375356e+09,2.0897976966e+09,1.6731908740e+09,8.3659543702e+08
114,1300,40,4.4634793818e+10,3.2572388739e+10,2.7967185711e+10,2.6369533065e+10,2.5508655886e+10,2.3861866854e+10,2.3279387266e+10,2.2950448332e+10,2.2317396909e+10,3.2572388739e+10,2.0509983660e+10,1.5904780632e+10,1.4307127986e+10,1.3446250808e+10,1.1799461775e+10,1.1216982187e+10,1.0888043253e+10,1.0254991830e+10,2.7967185711e+10,1.5904780632e+10,1.1299577604e+10,9.7019249584e+09,8.8410477796e+09,7.1942587474e+09,6.6117791595e+09,6.2828402251e+09,5.6497888022e+09,2.6369533065e+10,1.4307127986e+10,9.7019249584e+09,8.1042723124e+09,7.2433951336e+09,5.5966061014e+09,5.0141265135e+09,4.6851875791e+09,4.0521361562e+09,2.5508655886e+10,1.3446250808e+10,8.8410477796e+09,7.2433951336e+09,6.3825179548e+09,4.7357289226e+09,4.1532493347e+09,3.8243104003e+09,3.1912589774e+09,2.3861866854e+10,1.1799461775e+10,7.1942587474e+09,5.5966061014e+09,4.7357289226e+09,3.0889398904e+09,2.5064603025e+09,2.1775213681e+09,1.5444699452e+09,2.3279387266e+10,1.1216982187e+10,6.6117791595e+09,5.0141265135e+09,4.1532493347e+09,2.5064603025e+09,1.9239807146e+09,1.5950417802e+09,9.6199035728e+08,2.2950448332e+10,1.0888043253e+10,6.2828402251e+09,4.6851875791e+09,3.8243104003e+09,2.1775213681e+09,1.5950417802e+09,1.2661028458e+09,6.3305142289e+08
115,1300,50,4.3591789204e+10,3.0655608962e+10,2.6369402492e+10,2.5020849267e+10,2.4317974192e+10,2.3018080059e+10,2.2556609603e+10,2.2294942625e+10,2.1795894602e+10,3.0655608962e+10,1.7719428721e+10,1.3433222251e+10,1.2084669026e+10,1.1381793951e+10,1.0081899818e+10,9.6204293619e+09,9.3587623843e+09,8.8597143606e+09,2.6369402492e+10,1.3433222251e+10,9.1470157801e+09,7.7984625557e+09,7.0955874803e+09,5.7956933476e+09,5.3342228914e+09,5.0725559137e+09,4.5735078900e+09,2.5020849267e+10,1.2084669026e+10,7.7984625557e+09,6.4499093313e+09,5.7470342559e+09,4.4471401232e+09,3.9856696670e+09,3.7240026893e+09,3.2249546657e+09,2.4317974192e+10,1.1381793951e+10,7.0955874803e+09,5.7470342559e+09,5.0441591805e+09,3.7442650478e+09,3.2827945916e+09,3.0211276139e+09,2.5220795903e+09,2.3018080059e+10,1.0081899818e+10,5.7956933476e+09,4.4471401232e+09,3.7442650478e+09,2.4443709151e+09,1.9829004589e+09,1.7212334813e+09,1.2221854576e+09,2.2556609603e+10,9.6204293619e+09,5.3342228914e+09,3.9856696670e+09,3.2827945916e+09,1.9829004589e+09,1.5214300027e+09,1.2597630250e+09,7.6071500136e+08,2.2294942625e+10,9.3587623843e+09,5.0725559137e+09,3.7240026893e+09,3.0211276139e+09,1.7212334813e+09,1.2597630250e+09,9.9809604736e+08,4.9904802368e+08
116,1300,60,3.4833827227e+10,2.4559483194e+10,2.1204554536e+10,2.0134013020e+10,1.9567134756e+10,1.8480793760e+10,1.8079448770e+10,1.7849769389e+10,1.7416913613e+10,2.4559483194e+10,1.4285139161e+10,1.0930210503e+10,9.8596689868e+09,9.2927907232e+09,8.2064497273e+09,7.8051047367e+09,7.5754253560e+09,7.1425695804e+09,2.1204554536e+10,1.0930210503e+10,7.5752818450e+09,6.5047403289e+09,5.9378620652e+09,4.8515210693e+09,4.4501760787e+09,4.2204966981e+09,3.7876409225e+09,2.0134013020e+10,9.8596689868e+09,6.5047403289e+09,5.4341988128e+09,4.8673205491e+09,3.7809795532e+09,3.3796345626e+09,3.1499551820e+09,2.7170994064e+09,1.9567134756e+10,9.2927907232e+09,5.9378620652e+09,4.8673205491e+09,4.3004422855e+09,3.2141012896e+09,2.8127562990e+09,2.5830769183e+09,2.1502211427e+09,1.8480793760e+10,8.2064497273e+09,4.8515210693e+09,3.7809795532e+09,3.2141012896e+09,2.1277602937e+09,1.7264153031e+09,1.4967359225e+09,1.0638801469e+09,1.8079448770e+10,7.8051047367e+09,4.4501760787e+09,3.3796345626e+09,2.8127562990e+09,1.7264153031e+09,1.3250703125e+09,1.0953909318e+09,6.6253515624e+08,1.7849769389e+10,7.5754253560e+09,4.2204966981e+09,3.1499551820e+09,2.5830769183e+09,1.4967359225e+09,1.0953909318e+09,8.6571155118e+08,4.3285577559e+08
117,1300,70,3.4648439905e+10,2.4456313549e+10,2.1096183699e+10,2.0009142007e+10,1.9442168317e+10,1.8355635452e+10,1.7956835526e+10,1.7731763210e+10,1.7324219952e+10,2.4456313549e+10,1.4264187194e+10,1.0904057343e+10,9.8170156514e+09,9.2500419617e+09,8.1635090968e+09,7.7647091707e+09,7.5396368552e+09,7.1320935971e+09,2.1096183699e+10,1.0904057343e+10,7.5439274925e+09,6.4568858006e+09,5.8899121109e+09,4.8033792460e+09,4.4045793199e+09,4.1795070043e+09,3.7719637463e+09,2.0009142007e+10,9.8170156514e+09,6.4568858006e+09,5.3698441087e+09,4.8028704190e+09,3.7163375541e+09,3.3175376279e+09,3.0924653124e+09,2.6849220543e+09,1.9442168317e+10,9.2500419617e+09,5.8899121109e+09,4.8028704190e+09,4.2358967293e+09,3.1493638644e+09,2.7505639382e+09,2.5254916227e+09,2.1179483646e+09,1.8355635452e+10,8.1635090968e+09,4.8033792460e+09,3.7163375541e+09,3.1493638644e+09,2.0628309995e+09,1.6640310733e+09,1.4389587578e+09,1.0314154997e+09,1.7956835526e+10,7.7647091707e+09,4.4045793199e+09,3.3175376279e+09,2.7505639382e+09,1.6640310733e+09,1.2652311472e+09,1.0401588316e+09,6.3261557359e+08,1.7731763210e+10,7.5396368552e+09,4.1795070043e+09,3.0924653124e+09,2.5254916227e+09,1.4389587578e+09,1.0401588316e+09,8.1508651611e+08,4.0754325806e+08
118,1300,80,3.3220281188e+10,2.3511410225e+10,2.0263643358e+10,1.9204616491e+10,1.8654609847e+10,1.7601679528e+10,1.7217213203e+10,1.7000858462e+10,1.6610140594e+10,2.3511410225e+10,1.3802539262e+10,1.0554772395e+10,9.4957455285e+09,8.9457388842e+09,7.8928085650e+09,7.5083422402e+09,7.2919874987e+09,6.9012696312e+09,2.0263643358e+10,1.0554772395e+10,7.3070055271e+09,6.2479786608e+09,5.6979720166e+09,4.6450416974e+09,4.2605753726e+09,4.0442206310e+09,3.6535027636e+09,1.9204616491e+10,9.4957455285e+09,6.2479786608e+09,5.1889517945e+09,4.6389451503e+09,3.5860148311e+09,3.2015485063e+09,2.9851937648e+09,2.5944758973e+09,1.8654609847e+10,8.9457388842e+09,5.6979720166e+09,4.6389451503e+09,4.0889385060e+09,3.0360081868e+09,2.6515418621e+09,2.4351871205e+09,2.0444692530e+09,1.7601679528e+10,7.8928085650e+09,4.6450416974e+09,3.5860148311e+09,3.0360081868e+09,1.9830778676e+09,1.5986115429e+09,1.3822568013e+09,9.9153893382e+08,1.7217213203e+10,7.5083422402e+09,4.2605753726e+09,3.2015485063e+09,2.6515418621e+09,1.5986115429e+09,1.2141452181e+09,9.9779047651e+08,6.0707260903e+08,1.7000858462e+10,7.2919874987e+09,4.0442206310e+09,2.9851937648e+09,2.4351871205e+09,1.3822568013e+09,9.9779047651e+08,7.8143573496e+08,3.9071786748e+08
119,1300,90,3.3204884062e+10,2.3493470463e+10,2.0244299067e+10,1.9185315985e+10,1.8636393317e+10,1.7586639298e+10,1.7203895621e+10,1.6988806140e+10,1.6602442031e+10,2.3493470463e+10,1.3782056864e+10,1.0532885468e+10,9.4739023859e+09,8.9249797184e+09,7.8752256990e+09,7.4924820215e+09,7.2773925405e+09,6.8910284318e+09,2.0244299067e+10,1.0532885468e+10,7.2837140731e+09,6.2247309907e+09,5.6758083232e+09,4.6260543038e+09,4.2433106263e+09,4.0282211453e+09,3.6418570366e+09,1.9185315985e+10,9.4739023859e+09,6.2247309907e+09,5.1657479083e+09,4.6168252407e+09,3.5670712213e+09,3.1843275439e+09,2.9692380629e+09,2.5828739541e+09,1.8636393317e+10,8.9249797184e+09,5.6758083232e+09,4.6168252407e+09,4.0679025732e+09,3.0181485538e+09,2.6354048763e+09,2.4203153954e+09,2.0339512866e+09,1.7586639298e+10,7.8752256990e+09,4.6260543038e+09,3.5670712213e+09,3.0181485538e+09,1.9683945344e+09,1.5856508569e+09,1.3705613760e+09,9.8419726721e+08,1.7203895621e+10,7.4924820215e+09,4.2433106263e+09,3.1843275439e+09,2.6354048763e+09,1.5856508569e+09,1.2029071795e+09,9.8781769849e+08,6.0145358973e+08,1.6988806140e+10,7.2773925405e+09,4.0282211453e+09,2.9692380629e+09,2.4203153954e+09,1.3705613760e+09,9.8781769849e+08,7.7272821752e+08,3.8636410876e+08
120,1400,0,3.3938725808e+10,2.6893330321e+10,2.3846462641e+10,2.2620656117e+10,2.1892381808e+10,2.0147092502e+10,1.9276208934e+10,1.8659029515e+10,1.6969362904e+10,2.6893330321e+10,1.9847934833e+10,1.6801067154e+10,1.5575260629e+10,1.4846986320e+10,1.3101697014e+10,1.2230813447e+10,1.1613634027e+10,9.9239674165e+09,2.3846462641e+10,1.6801067154e+10,1.3754199474e+10,1.2528392950e+10,1.1800118641e+10,1.0054829335e+10,9.1839457671e+09,8.5667663479e+09,6.8770997370e+09,2.2620656117e+10,1.5575260629e+10,1.2528392950e+10,1.1302586426e+10,1.0574312116e+10,8.8290228107e+09,7.9581392430e+09,7.3409598238e+09,5.6512932130e+09,2.1892381808e+10,1.4846986320e+10,1.1800118641e+10,1.0574312116e+10,9.8460378070e+09,8.1007485012e+09,7.2298649335e+09,6.6126855143e+09,4.9230189035e+09,2.0147092502e+10,1.3101697014e+10,1.0054829335e+10,8.8290228107e+09,8.1007485012e+09,6.3554591955e+09,5.4845756277e+09,4.8673962085e+09,3.1777295977e+09,1.9276208934e+10,1.2230813447e+10,9.1839457671e+09,7.9581392430e+09,7.2298649335e+09,5.4845756277e+09,4.6136920600e+09,3.9965126408e+09,2.3068460300e+09,1.8659029515e+10,1.1613634027e+10,8.5667663479e+09,7.3409598238e+09,6.6126855143e+09,4.8673962085e+09,3.9965126408e+09,3.3793332216e+09,1.6896666108e+09
121,1400,10,3.4416324172e+10,2.7259971694e+10,2.4150310799e+10,2.2889801985e+10,2.2135992032e+10,2.0326712990e+10,1.9440482743e+10,1.8824741650e+10,1.7208162086e+10,2.7259971694e+10,2.0103619216e+10,1.6993958321e+10,1.5733449507e+10,1.4979639555e+10,1.3170360513e+10,1.2284130265e+10,1.1668389172e+10,1.0051809608e+10,2.4150310799e+10,1.6993958321e+10,1.3884297426e+10,1.2623788612e+10,1.1869978659e+10,1.0060699617e+10,9.1744693696e+09,8.5587282772e+09,6.9421487130e+09,2.2889801985e+10,1.5733449507e+10,1.2623788612e+10,1.1363279798e+10,1.0609469845e+10,8.8001908034e+09,7.9139605554e+09,7.2982194631e+09,5.6816398988e+09,2.2135992032e+10,1.4979639555e+10,1.1869978659e+10,1.0609469845e+10,9.8556598929e+09,8.0463808510e+09,7.1601506031e+09,6.5444095107e+09,4.9278299465e+09,2.0326712990e+10,1.3170360513e+10,1.0060699617e+10,8.8001908034e+09,8.0463808510e+09,6.2371018090e+09,5.3508715611e+09,4.7351304687e+09,3.1185509045e+09,1.9440482743e+10,1.2284130265e+10,9.1744693696e+09,7.9139605554e+09,7.1601506031e+09,5.3508715611e+09,4.4646413132e+09,3.8489002208e+09,2.2323206566e+09,1.8824741650e+10,1.1668389172e+10,8.5587282772e+09,7.2982194631e+09,6.5444095107e+09,4.7351304687e+09,3.8489002208e+09,3.2331591285e+09,1.6165795642e+09
122,1400,20,3.7461525737e+10,2.9987386184e+10,2.6539338118e+10,2.5031998396e+10,2.4099717440e+10,2.1831526935e+10,2.0801161571e+10,2.0146231564e+10,1.8730762869e+10,2.9987386184e+10,2.2513246631e+10,1.9065198565e+10,1.7557858843e+10,1.6625577886e+10,1.4357387382e+10,1.3327022018e+10,1.2672092011e+10,1.1256623315e+10,2.6539338118e+10,1.9065198565e+10,1.5617150499e+10,1.4109810777e+10,1.3177529821e+10,1.0909339316e+10,9.8789739523e+09,9.2240439449e+09,7.8085752496e+09,2.5031998396e+10,1.7557858843e+10,1.4109810777e+10,1.2602471055e+10,1.1670190099e+10,9.4019995944e+09,8.3716342303e+09,7.7167042229e+09,6.3012355276e+09,2.4099717440e+10,1.6625577886e+10,1.3177529821e+10,1.1670190099e+10,1.0737909142e+10,8.4697186378e+09,7.4393532738e+09,6.7844232664e+09,5.3689545711e+09,2.1831526935e+10,1.4357387382e+10,1.0909339316e+10,9.4019995944e+09,8.4697186378e+09,6.2015281334e+09,5.1711627694e+09,4.5162327620e+09,3.1007640667e+09,2.0801161571e+10,1.3327022018e+10,9.8789739523e+09,8.3716342303e+09,7.4393532738e+09,5.1711627694e+09,4.1407974054e+09,3.4858673980e+09,2.0703987027e+09,2.0146231564e+10,1.2672092011e+10,9.2240439449e+09,7.7167042229e+09,6.7844232664e+09,4.5162327620e+09,3.4858673980e+09,2.8309373906e+09,1.4154686953e+09
123,1400,30,4.9613083462e+10,3.8484496061e+10,3.3500229923e+10,3.1453555357e+10,3.0243134599e+10,2.7575654552e+10,2.6534701112e+10,2.5935815555e+10,2.4806541731e+10,3.8484496061e+10,2.7355908660e+10,2.2371642522e+10,2.0324967956e+10,1.9114547198e+10,1.6447067151e+10,1.5406113711e+10,1.4807228154e+10,1.3677954330e+10,3.3500229923e+10,2.2371642522e+10,1.7387376384e+10,1.5340701818e+10,1.4130281059e+10,1.1462801013e+10,1.0421847573e+10,9.8229620158e+09,8.6936881918e+09,3.1453555357e+10,2.0324967956e+10,1.5340701818e+10,1.3294027252e+10,1.2083606493e+10,9.4161264466e+09,8.3751730070e+09,7.7762874498e+09,6.6470136258e+09,3.0243134599e+10,1.9114547198e+10,1.4130281059e+10,1.2083606493e+10,1.0873185735e+10,8.2057056885e+09,7.1647522488e+09,6.5658666917e+09,5.4365928676e+09,2.7575654552e+10,1.6447067151e+10,1.1462801013e+10,9.4161264466e+09,8.2057056885e+09,5.5382256417e+09,4.4972722020e+09,3.8983866449e+09,2.7691128208e+09,2.6534701112e+10,1.5406113711e+10,1.0421847573e+10,8.3751730070e+09,7.1647522488e+09,4.4972722020e+09,3.4563187624e+09,2.8574332053e+09,1.7281593812e+09,2.5935815555e+10,1.4807228154e+10,9.8229620158e+09,7.7762874498e+09,6.5658666917e+09,3.8983866449e+09,2.8574332053e+09,2.2585476481e+09,1.1292738241e+09
124,1400,40,6.3609575698e+10,4.6371971615e+10,3.9799416133e+10,3.7522472204e+10,3.6292548857e+10,3.3932464349e+10,3.3105052275e+10,3.2646113143e+10,3.1804787849e+10,4.6371971615e+10,2.9134367533e+10,2.2561812051e+10,2.0284868121e+10,1.9054944775e+10,1.6694860266e+10,1.5867448192e+10,1.5408509060e+10,1.4567183766e+10,3.9799416133e+10,2.2561812051e+10,1.5989256569e+10,1.3712312639e+10,1.2482389293e+10,1.0122304784e+10,9.2948927103e+09,8.8359535785e+09,7.9946282844e+09,3.7522472204e+10,2.0284868121e+10,1.3712312639e+10,1.1435368709e+10,1.0205445363e+10,7.8453608541e+09,7.0179487804e+09,6.5590096486e+09,5.7176843546e+09,3.6292548857e+10,1.9054944775e+10,1.2482389293e+10,1.0205445363e+10,8.9755220167e+09,6.6154375079e+09,5.7880254342e+09,5.3290863024e+09,4.4877610084e+09,3.3932464349e+10,1.6694860266e+10,1.0122304784e+10,7.8453608541e+09,6.6154375079e+09,4.2553529990e+09,3.4279409254e+09,2.9690017936e+09,2.1276764995e+09,3.3105052275e+10,1.5867448192e+10,9.2948927103e+09,7.0179487804e+09,5.7880254342e+09,3.4279409254e+09,2.6005288517e+09,2.1415897199e+09,1.3002644259e+09,3.2646113143e+10,1.5408509060e+10,8.8359535785e+09,6.5590096486e+09,5.3290863024e+09,2.9690017936e+09,2.1415897199e+09,1.6826505881e+09,8.4132529407e+08
125,1400,50,6.0050323270e+10,4.2353116333e+10,3.6414049903e+10,3.4526357775e+10,3.3537357836e+10,3.1698165923e+10,3.1050085061e+10,3.0687593847e+10,3.0025161635e+10,4.2353116333e+10,2.4655909396e+10,1.8716842966e+10,1.6829150838e+10,1.5840150899e+10,1.4000958986e+10,1.3352878123e+10,1.2990386910e+10,1.2327954698e+10,3.6414049903e+10,1.8716842966e+10,1.2777776537e+10,1.0890084409e+10,9.9010844694e+09,8.0618925562e+09,7.4138116938e+09,7.0513204805e+09,6.3888882684e+09,3.4526357775e+10,1.6829150838e+10,1.0890084409e+10,9.0023922808e+09,8.0133923415e+09,6.1742004283e+09,5.5261195659e+09,5.1636283525e+09,4.5011961404e+09,3.3537357836e+10,1.5840150899e+10,9.9010844694e+09,8.0133923415e+09,7.0243924022e+09,5.1852004889e+09,4.5371196265e+09,4.1746284132e+09,3.5121962011e+09,3.1698165923e+10,1.4000958986e+10,8.0618925562e+09,6.1742004283e+09,5.1852004889e+09,3.3460085757e+09,2.6979277133e+09,2.3354365000e+09,1.6730042879e+09,3.1050085061e+10,1.3352878123e+10,7.4138116938e+09,5.5261195659e+09,4.5371196265e+09,2.6979277133e+09,2.0498468509e+09,1.6873556376e+09,1.0249234255e+09,3.0687593847e+10,1.2990386910e+10,7.0513204805e+09,5.1636283525e+09,4.1746284132e+09,2.3354365000e+09,1.6873556376e+09,1.3248644242e+09,6.6243221211e+08
126,1400,60,4.8077171632e+10,3.3956235671e+10,2.9305916766e+10,2.7812281092e+10,2.7017861808e+10,2.5488563561e+10,2.4928239364e+10,2.4611751923e+10,2.4038585816e+10,3.3956235671e+10,1.9835299710e+10,1.5184980805e+10,1.3691345131e+10,1.2896925847e+10,1.1367627599e+10,1.0807303403e+10,1.0490815962e+10,9.9176498550e+09,2.9305916766e+10,1.5184980805e+10,1.0534661899e+10,9.0410262252e+09,8.2466069416e+09,6.7173086939e+09,6.1569844972e+09,5.8404970568e+09,5.2673309495e+09,2.7812281092e+10,1.3691345131e+10,9.0410262252e+09,7.5473905513e+09,6.7529712677e+09,5.2236730200e+09,4.6633488233e+09,4.3468613829e+09,3.7736952757e+09,2.7017861808e+10,1.2896925847e+10,8.2466069416e+09,6.7529712677e+09,5.9585519840e+09,4.4292537363e+09,3.8689295397e+09,3.5524420993e+09,2.9792759920e+09,2.5488563561e+10,1.1367627599e+10,6.7173086939e+09,5.2236730200e+09,4.4292537363e+09,2.8999554887e+09,2.3396312920e+09,2.0231438516e+09,1.4499777443e+09,2.4928239364e+10,1.0807303403e+10,6.1569844972e+09,4.6633488233e+09,3.8689295397e+09,2.3396312920e+09,1.7793070953e+09,1.4628196549e+09,8.8965354767e+08,2.4611751923e+10,1.0490815962e+10,5.8404970568e+09,4.3468613829e+09,3.5524420993e+09,2.0231438516e+09,1.4628196549e+09,1.1463322145e+09,5.7316610724e+08
127,1400,70,4.5174488274e+10,3.2013447437e+10,2.7627449447e+10,2.6192208560e+10,2.5433960769e+10,2.3962778802e+10,2.3423087603e+10,2.3120622768e+10,2.2587244137e+10,3.2013447437e+10,1.8852406599e+10,1.4466408609e+10,1.3031167722e+10,1.2272919932e+10,1.0801737964e+10,1.0262046766e+10,9.9595819303e+09,9.4262032995e+09,2.7627449447e+10,1.4466408609e+10,1.0080410619e+10,8.6451697321e+09,7.8869219414e+09,6.4157399741e+09,5.8760487754e+09,5.5735839402e+09,5.0402053093e+09,2.6192208560e+10,1.3031167722e+10,8.6451697321e+09,7.2099288456e+09,6.4516810549e+09,4.9804990876e+09,4.4408078888e+09,4.1383430536e+09,3.6049644228e+09,2.5433960769e+10,1.2272919932e+10,7.8869219414e+09,6.4516810549e+09,5.6934332642e+09,4.2222512969e+09,3.6825600981e+09,3.3800952629e+09,2.8467166321e+09,2.3962778802e+10,1.0801737964e+10,6.4157399741e+09,4.9804990876e+09,4.2222512969e+09,2.7510693295e+09,2.2113781308e+09,1.9089132956e+09,1.3755346648e+09,2.3423087603e+10,1.0262046766e+10,5.8760487754e+09,4.4408078888e+09,3.6825600981e+09,2.2113781308e+09,1.6716869320e+09,1.3692220969e+09,8.3584346602e+08,2.3120622768e+10,9.9595819303e+09,5.5735839402e+09,4.1383430536e+09,3.3800952629e+09,1.9089132956e+09,1.3692220969e+09,1.0667572617e+09,5.3337863085e+08
128,1400,80,4.2974386639e+10,3.0535711171e+10,2.6331467061e+10,2.4946728769e+10,2.4217805111e+10,2.2804406784e+10,2.2287144050e+10,2.1997488835e+10,2.1487193320e+10,3.0535711171e+10,1.8097035704e+10,1.3892791593e+10,1.2508053301e+10,1.1779129643e+10,1.0365731317e+10,9.8484685824e+09,9.5588133669e+09,9.0485178518e+09,2.6331467061e+10,1.3892791593e+10,9.6885474825e+09,8.3038091906e+09,7.5748855324e+09,6.1614872060e+09,5.6442244719e+09,5.3545692563e+09,4.8442737412e+09,2.4946728769e+10,1.2508053301e+10,8.3038091906e+09,6.9190708987e+09,6.1901472406e+09,4.7767489142e+09,4.2594861800e+09,3.9698309645e+09,3.4595354494e+09,2.4217805111e+10,1.1779129643e+10,7.5748855324e+09,6.1901472406e+09,5.4612235824e+09,4.0478252560e+09,3.5305625219e+09,3.2409073063e+09,2.7306117912e+09,2.2804406784e+10,1.0365731317e+10,6.1614872060e+09,4.7767489142e+09,4.0478252560e+09,2.6344269296e+09,2.1171641955e+09,1.8275089799e+09,1.3172134648e+09,2.2287144050e+10,9.8484685824e+09,5.6442244719e+09,4.2594861800e+09,3.5305625219e+09,2.1171641955e+09,1.5999014613e+09,1.3102462458e+09,7.9995073067e+08,2.1997488835e+10,9.5588133669e+09,5.3545692563e+09,3.9698309645e+09,3.2409073063e+09,1.8275089799e+09,1.3102462458e+09,1.0205910302e+09,5.1029551510e+08
129,1400,90,4.2444074851e+10,3.0176404422e+10,2.6016901794e+10,2.4644615766e+10,2.3922873679e+10,2.2523754330e+10,2.2012186967e+10,2.1725871033e+10,2.1222037426e+10,3.0176404422e+10,1.7908733992e+10,1.3749231364e+10,1.2376945336e+10,1.1655203249e+10,1.0256083900e+10,9.7445165377e+09,9.4582006031e+09,8.9543669961e+09,2.6016901794e+10,1.3749231364e+10,9.5897287363e+09,8.2174427081e+09,7.4957006212e+09,6.0965812721e+09,5.5850139097e+09,5.2986979751e+09,4.7948643681e+09,2.4644615766e+10,1.2376945336e+10,8.2174427081e+09,6.8451566799e+09,6.1234145930e+09,4.7242952439e+09,4.2127278816e+09,3.9264119469e+09,3.4225783400e+09,2.3922873679e+10,1.1655203249e+10,7.4957006212e+09,6.1234145930e+09,5.4016725061e+09,4.0025531570e+09,3.4909857947e+09,3.2046698600e+09,2.7008362531e+09,2.2523754330e+10,1.0256083900e+10,6.0965812721e+09,4.7242952439e+09,4.0025531570e+09,2.6034338079e+09,2.0918664455e+09,1.8055505109e+09,1.3017169040e+09,2.2012186967e+10,9.7445165377e+09,5.5850139097e+09,4.2127278816e+09,3.4909857947e+09,2.0918664455e+09,1.5802990832e+09,1.2939831485e+09,7.9014954158e+08,2.1725871033e+10,9.4582006031e+09,5.2986979751e+09,3.9264119469e+09,3.2046698600e+09,1.8055505109e+09,1.2939831485e+09,1.0076672139e+09,5.0383360695e+08
130,1500,0,4.7228598858e+10,3.8031409975e+10,3.3865945324e+10,3.2103354986e+10,3.1019759707e+10,2.8324816592e+10,2.6983456905e+10,2.6047371849e+10,2.3614299429e+10,3.8031409975e+10,2.8834221091e+10,2.4668756441e+10,2.2906166103e+10,2.1822570824e+10,1.9127627709e+10,1.7786268022e+10,1.6850182966e+10,1.4417110546e+10,3.3865945324e+10,2.4668756441e+10,2.0503291790e+10,1.8740701452e+10,1.7657106173e+10,1.4962163058e+10,1.3620803371e+10,1.2684718315e+10,1.0251645895e+10,3.2103354986e+10,2.2906166103e+10,1.8740701452e+10,1.6978111114e+10,1.5894515835e+10,1.3199572720e+10,1.1858213033e+10,1.0922127977e+10,8.4890555571e+09,3.1019759707e+10,2.1822570824e+10,1.7657106173e+10,1.5894515835e+10,1.4810920556e+10,1.2115977441e+10,1.0774617754e+10,9.8385326978e+09,7.4054602779e+09,2.8324816592e+10,1.9127627709e+10,1.4962163058e+10,1.3199572720e+10,1.2115977441e+10,9.4210343267e+09,8.0796746395e+09,7.1435895832e+09,4.7105171633e+09,2.6983456905e+10,1.7786268022e+10,1.3620803371e+10,1.1858213033e+10,1.0774617754e+10,8.0796746395e+09,6.7383149523e+09,5.8022298961e+09,3.3691574762e+09,2.6047371849e+10,1.6850182966e+10,1.2684718315e+10,1.0922127977e+10,9.8385326978e+09,7.1435895832e+09,5.8022298961e+09,4.8661448398e+09,2.4330724199e+09
131,1500,10,4.8120228090e+10,3.8745076695e+10,3.4500741881e+10,3.2667885221e+10,3.1530668150e+10,2.8687791183e+10,2.7295117545e+10,2.6349241139e+10,2.4060114045e+10,3.8745076695e+10,2.9369925299e+10,2.5125590485e+10,2.3292733826e+10,2.2155516755e+10,1.9312639788e+10,1.7919966150e+10,1.6974089743e+10,1.4684962650e+10,3.4500741881e+10,2.5125590485e+10,2.0881255671e+10,1.9048399012e+10,1.7911181941e+10,1.5068304974e+10,1.3675631336e+10,1.2729754929e+10,1.0440627836e+10,3.2667885221e+10,2.3292733826e+10,1.9048399012e+10,1.7215542352e+10,1.6078325281e+10,1.3235448314e+10,1.1842774676e+10,1.0896898270e+10,8.6077711759e+09,3.1530668150e+10,2.2155516755e+10,1.7911181941e+10,1.6078325281e+10,1.4941108211e+10,1.2098231244e+10,1.0705557606e+10,9.7596811990e+09,7.4705541055e+09,2.8687791183e+10,1.9312639788e+10,1.5068304974e+10,1.3235448314e+10,1.2098231244e+10,9.2553542769e+09,7.8626806388e+09,6.9168042320e+09,4.6276771384e+09,2.7295117545e+10,1.7919966150e+10,1.3675631336e+10,1.1842774676e+10,1.0705557606e+10,7.8626806388e+09,6.4700070008e+09,5.5241305940e+09,3.2350035004e+09,2.6349241139e+10,1.6974089743e+10,1.2729754929e+10,1.0896898270e+10,9.7596811990e+09,6.9168042320e+09,5.5241305940e+09,4.5782541872e+09,2.2891270936e+09
132,1500,20,5.1794274885e+10,4.1716269856e+10,3.6960090496e+10,3.4829622271e+10,3.3494300645e+10,3.0207735878e+10,2.8727551436e+10,2.7802507633e+10,2.5897137442e+10,4.1716269856e+10,3.1638264826e+10,2.6882085467e+10,2.4751617241e+10,2.3416295616e+10,2.0129730848e+10,1.8649546407e+10,1.7724502603e+10,1.5819132413e+10,3.6960090496e+10,2.6882085467e+10,2.2125906107e+10,1.9995437882e+10,1.8660116256e+10,1.5373551489e+10,1.3893367047e+10,1.2968323244e+10,1.1062953053e+10,3.4829622271e+10,2.4751617241e+10,1.9995437882e+10,1.7864969657e+10,1.6529648031e+10,1.3243083264e+10,1.1762898822e+10,1.0837855018e+10,8.9324848284e+09,3.3494300645e+10,2.3416295616e+10,1.8660116256e+10,1.6529648031e+10,1.5194326406e+10,1.1907761638e+10,1.0427577197e+10,9.5025333930e+09,7.5971632029e+09,3.0207735878e+10,2.0129730848e+10,1.5373551489e+10,1.3243083264e+10,1.1907761638e+10,8.6211968704e+09,7.1410124291e+09,6.2159686253e+09,4.3105984352e+09,2.8727551436e+10,1.8649546407e+10,1.3893367047e+10,1.1762898822e+10,1.0427577197e+10,7.1410124291e+09,5.6608279878e+09,4.7357841840e+09,2.8304139939e+09,2.7802507633e+10,1.7724502603e+10,1.2968323244e+10,1.0837855018e+10,9.5025333930e+09,6.2159686253e+09,4.7357841840e+09,3.8107403802e+09,1.9053701901e+09
133,1500,30,6.6997722314e+10,5.1953392835e+10,4.5215726860e+10,4.2449832669e+10,4.0811756831e+10,3.7194720568e+10,3.5783701669e+10,3.4976240845e+10,3.3498861157e+10,5.1953392835e+10,3.6909063356e+10,3.0171397381e+10,2.7405503190e+10,2.5767427352e+10,2.2150391089e+10,2.0739372190e+10,1.9931911366e+10,1.8454531678e+10,4.5215726860e+10,3.0171397381e+10,2.3433731406e+10,2.0667837215e+10,1.9029761377e+10,1.5412725114e+10,1.4001706215e+10,1.3194245391e+10,1.1716865703e+10,4.2449832669e+10,2.7405503190e+10,2.0667837215e+10,1.7901943025e+10,1.6263867186e+10,1.2646830924e+10,1.1235812025e+10,1.0428351201e+10,8.9509715125e+09,4.0811756831e+10,2.5767427352e+10,1.9029761377e+10,1.6263867186e+10,1.4625791348e+10,1.1008755085e+10,9.5977361861e+09,8.7902753623e+09,7.3128956739e+09,3.7194720568e+10,2.2150391089e+10,1.5412725114e+10,1.2646830924e+10,1.1008755085e+10,7.3917188232e+09,5.9806999239e+09,5.1732391001e+09,3.6958594116e+09,3.5783701669e+10,2.0739372190e+10,1.4001706215e+10,1.1235812025e+10,9.5977361861e+09,5.9806999239e+09,4.5696810245e+09,3.7622202007e+09,2.2848405122e+09,3.4976240845e+10,1.9931911366e+10,1.3194245391e+10,1.0428351201e+10,8.7902753623e+09,5.1732391001e+09,3.7622202007e+09,2.9547593769e+09,1.4773796884e+09
134,1500,40,8.2620805144e+10,6.0327021301e+10,5.1856155157e+10,4.8904439654e+10,4.7295646676e+10,4.4151300790e+10,4.3031631259e+10,4.2411531263e+10,4.1310402572e+10,6.0327021301e+10,3.8033237458e+10,2.9562371313e+10,2.6610655810e+10,2.5001862833e+10,2.1857516947e+10,2.0737847415e+10,2.0117747419e+10,1.9016618729e+10,5.1856155157e+10,2.9562371313e+10,2.1091505169e+10,1.8139789666e+10,1.6530996689e+10,1.3386650803e+10,1.2266981271e+10,1.1646881275e+10,1.0545752585e+10,4.8904439654e+10,2.6610655810e+10,1.8139789666e+10,1.5188074163e+10,1.3579281186e+10,1.0434935300e+10,9.3152657683e+09,8.6951657721e+09,7.5940370816e+09,4.7295646676e+10,2.5001862833e+10,1.6530996689e+10,1.3579281186e+10,1.1970488208e+10,8.8261423224e+09,7.7064727908e+09,7.0863727946e+09,5.9852441041e+09,4.4151300790e+10,2.1857516947e+10,1.3386650803e+10,1.0434935300e+10,8.8261423224e+09,5.6817964365e+09,4.5621269049e+09,3.9420269087e+09,2.8408982182e+09,4.3031631259e+10,2.0737847415e+10,1.2266981271e+10,9.3152657683e+09,7.7064727908e+09,4.5621269049e+09,3.4424573733e+09,2.8223573772e+09,1.7212286867e+09,4.2411531263e+10,2.0117747419e+10,1.1646881275e+10,8.6951657721e+09,7.0863727946e+09,3.9420269087e+09,2.8223573772e+09,2.2022573810e+09,1.1011286905e+09
135,1500,50,7.8514260223e+10,5.5464683290e+10,4.7750832736e+10,4.5280115582e+10,4.3974056497e+10,4.1502877318e+10,4.0622039428e+10,4.0130472011e+10,3.9257130111e+10,5.5464683290e+10,3.2415106358e+10,2.4701255804e+10,2.2230538650e+10,2.0924479565e+10,1.8453300386e+10,1.7572462496e+10,1.7080895079e+10,1.6207553179e+10,4.7750832736e+10,2.4701255804e+10,1.6987405250e+10,1.4516688096e+10,1.3210629011e+10,1.0739449831e+10,9.8586119418e+09,9.3670445244e+09,8.4937026248e+09,4.5280115582e+10,2.2230538650e+10,1.4516688096e+10,1.2045970942e+10,1.0739911857e+10,8.2687326776e+09,7.3878947880e+09,6.8963273706e+09,6.0229854710e+09,4.3974056497e+10,2.0924479565e+10,1.3210629011e+10,1.0739911857e+10,9.4338527721e+09,6.9626735927e+09,6.0818357030e+09,5.5902682856e+09,4.7169263861e+09,4.1502877318e+10,1.8453300386e+10,1.0739449831e+10,8.2687326776e+09,6.9626735927e+09,4.4914944132e+09,3.6106565236e+09,3.1190891062e+09,2.2457472066e+09,4.0622039428e+10,1.7572462496e+10,9.8586119418e+09,7.3878947880e+09,6.0818357030e+09,3.6106565236e+09,2.7298186340e+09,2.2382512165e+09,1.3649093170e+09,4.0130472011e+10,1.7080895079e+10,9.3670445244e+09,6.8963273706e+09,5.5902682856e+09,3.1190891062e+09,2.2382512165e+09,1.7466837991e+09,8.7334189956e+08
136,1500,60,6.3282346261e+10,4.4788897671e+10,3.8687931040e+10,3.6711374305e+10,3.5651654518e+10,3.3584300078e+10,3.2823202676e+10,3.2395236378e+10,3.1641173131e+10,4.4788897671e+10,2.6295449081e+10,2.0194482450e+10,1.8217925715e+10,1.7158205928e+10,1.5090851488e+10,1.4329754086e+10,1.3901787788e+10,1.3147724540e+10,3.8687931040e+10,2.0194482450e+10,1.4093515820e+10,1.2116959085e+10,1.1057239297e+10,8.9898848572e+09,8.2287874551e+09,7.8008211572e+09,7.0467579098e+09,3.6711374305e+10,1.8217925715e+10,1.2116959085e+10,1.0140402350e+10,9.0806825622e+09,7.0133281222e+09,6.2522307201e+09,5.8242644222e+09,5.0702011748e+09,3.5651654518e+10,1.7158205928e+10,1.1057239297e+10,9.0806825622e+09,8.0209627749e+09,5.9536083348e+09,5.1925109327e+09,4.7645446349e+09,4.0104813874e+09,3.3584300078e+10,1.5090851488e+10,8.9898848572e+09,7.0133281222e+09,5.9536083348e+09,3.8862538948e+09,3.1251564927e+09,2.6971901948e+09,1.9431269474e+09,3.2823202676e+10,1.4329754086e+10,8.2287874551e+09,6.2522307201e+09,5.1925109327e+09,3.1251564927e+09,2.3640590905e+09,1.9360927927e+09,1.1820295453e+09,3.2395236378e+10,1.3901787788e+10,7.8008211572e+09,5.8242644222e+09,4.7645446349e+09,2.6971901948e+09,1.9360927927e+09,1.5081264948e+09,7.5406324742e+08
137,1500,70,5.8710538954e+10,4.1666141555e+10,3.5980418381e+10,3.4111835995e+10,3.3116265369e+10,3.1166572065e+10,3.0449466663e+10,3.0048696344e+10,2.9355269477e+10,4.1666141555e+10,2.4621744155e+10,1.8936020982e+10,1.7067438596e+10,1.6071867970e+10,1.4122174666e+10,1.3405069264e+10,1.3004298945e+10,1.2310872078e+10,3.5980418381e+10,1.8936020982e+10,1.3250297808e+10,1.1381715422e+10,1.0386144796e+10,8.4364514920e+09,7.7193460900e+09,7.3185757712e+09,6.6251489040e+09,3.4111835995e+10,1.7067438596e+10,1.1381715422e+10,9.5131330363e+09,8.5175624106e+09,6.5678691061e+09,5.8507637042e+09,5.4499933854e+09,4.7565665182e+09,3.3116265369e+10,1.6071867970e+10,1.0386144796e+10,8.5175624106e+09,7.5219917848e+09,5.5722984804e+09,4.8551930784e+09,4.4544227596e+09,3.7609958924e+09,3.1166572065e+10,1.4122174666e+10,8.4364514920e+09,6.5678691061e+09,5.5722984804e+09,3.6226051759e+09,2.9054997740e+09,2.5047294552e+09,1.8113025880e+09,3.0449466663e+10,1.3405069264e+10,7.7193460900e+09,5.8507637042e+09,4.8551930784e+09,2.9054997740e+09,2.1883943720e+09,1.7876240532e+09,1.0941971860e+09,3.0048696344e+10,1.3004298945e+10,7.3185757712e+09,5.4499933854e+09,4.4544227596e+09,2.5047294552e+09,1.7876240532e+09,1.3868537344e+09,6.9342686720e+08
138,1500,80,5.5295390240e+10,3.9319396931e+10,3.3933048727e+10,3.2155062029e+10,3.1211020058e+10,2.9364192304e+10,2.8685685215e+10,2.8306182526e+10,2.7647695120e+10,3.9319396931e+10,2.3343403623e+10,1.7957055419e+10,1.6179068720e+10,1.5235026750e+10,1.3388198996e+10,1.2709691907e+10,1.2330189218e+10,1.1671701812e+10,3.3933048727e+10,1.7957055419e+10,1.2570707215e+10,1.0792720516e+10,9.8486785460e+09,8.0018507915e+09,7.3233437028e+09,6.9438410139e+09,6.2853536076e+09,3.2155062029e+10,1.6179068720e+10,1.0792720516e+10,9.0147338177e+09,8.0706918472e+09,6.2238640928e+09,5.5453570040e+09,5.1658543151e+09,4.5073669088e+09,3.1211020058e+10,1.5235026750e+10,9.8486785460e+09,8.0706918472e+09,7.1266498768e+09,5.2798221223e+09,4.6013150335e+09,4.2218123447e+09,3.5633249384e+09,2.9364192304e+10,1.3388198996e+10,8.0018507915e+09,6.2238640928e+09,5.2798221223e+09,3.4329943678e+09,2.7544872791e+09,2.3749845902e+09,1.7164971839e+09,2.8685685215e+10,1.2709691907e+10,7.3233437028e+09,5.5453570040e+09,4.6013150335e+09,2.7544872791e+09,2.0759801903e+09,1.6964775014e+09,1.0379900952e+09,2.8306182526e+10,1.2330189218e+10,6.9438410139e+09,5.1658543151e+09,4.2218123447e+09,2.3749845902e+09,1.6964775014e+09,1.3169748125e+09,6.5848740626e+08
139,1500,90,5.4128886621e+10,3.8501236624e+10,3.3227708953e+10,3.1485563533e+10,3.0561040372e+10,2.8751014860e+10,2.8085234995e+10,2.7712437689e+10,2.7064443311e+10,3.8501236624e+10,2.2873586627e+10,1.7600058955e+10,1.5857913536e+10,1.4933390374e+10,1.3123364863e+10,1.2457584998e+10,1.2084787692e+10,1.1436793313e+10,3.3227708953e+10,1.7600058955e+10,1.2326531284e+10,1.0584385865e+10,9.6598627030e+09,7.8498371918e+09,7.1840573264e+09,6.8112600206e+09,6.1632656421e+09,3.1485563533e+10,1.5857913536e+10,1.0584385865e+10,8.8422404455e+09,7.9177172837e+09,6.1076917725e+09,5.4419119071e+09,5.0691146013e+09,4.4211202228e+09,3.0561040372e+10,1.4933390374e+10,9.6598627030e+09,7.9177172837e+09,6.9931941219e+09,5.1831686107e+09,4.5173887453e+09,4.1445914395e+09,3.4965970609e+09,2.8751014860e+10,1.3123364863e+10,7.8498371918e+09,6.1076917725e+09,5.1831686107e+09,3.3731430994e+09,2.7073632341e+09,2.3345659283e+09,1.6865715497e+09,2.8085234995e+10,1.2457584998e+10,7.1840573264e+09,5.4419119071e+09,4.5173887453e+09,2.7073632341e+09,2.0415833688e+09,1.6687860630e+09,1.0207916844e+09,2.7712437689e+10,1.2084787692e+10,6.8112600206e+09,5.0691146013e+09,4.1445914395e+09,2.3345659283e+09,1.6687860630e+09,1.2959887572e+09,6.4799437860e+08
140,1600,0,6.5132277210e+10,5.3209678541e+10,4.7503146654e+10,4.4959931096e+10,4.3351008511e+10,3.9238466260e+10,3.7213218126e+10,3.5840108762e+10,3.2566138605e+10,5.3209678541e+10,4.1287079871e+10,3.5580547985e+10,3.3037332427e+10,3.1428409842e+10,2.7315867590e+10,2.5290619457e+10,2.3917510093e+10,2.0643539936e+10,4.7503146654e+10,3.5580547985e+10,2.9874016098e+10,2.7330800540e+10,2.5721877955e+10,2.1609335704e+10,1.9584087570e+10,1.8210978206e+10,1.4937008049e+10,4.4959931096e+10,3.3037332427e+10,2.7330800540e+10,2.4787584982e+10,2.3178662397e+10,1.9066120146e+10,1.7040872012e+10,1.5667762648e+10,1.2393792491e+10,4.3351008511e+10,3.1428409842e+10,2.5721877955e+10,2.3178662397e+10,2.1569739812e+10,1.7457197561e+10,1.5431949427e+10,1.4058840064e+10,1.0784869906e+10,3.9238466260e+10,2.7315867590e+10,2.1609335704e+10,1.9066120146e+10,1.7457197561e+10,1.3344655310e+10,1.1319407176e+10,9.9462978121e+09,6.6723276548e+09,3.7213218126e+10,2.5290619457e+10,1.9584087570e+10,1.7040872012e+10,1.5431949427e+10,1.1319407176e+10,9.2941590422e+09,7.9210496785e+09,4.6470795211e+09,3.5840108762e+10,2.3917510093e+10,1.8210978206e+10,1.5667762648e+10,1.4058840064e+10,9.9462978121e+09,7.9210496785e+09,6.5479403147e+09,3.2739701574e+09
141,1600,10,6.6402442429e+10,5.4183047513e+10,4.8375940012e+10,4.5730752595e+10,4.4044788533e+10,3.9727234018e+10,3.7639304551e+10,3.6261114232e+10,3.3201221214e+10,5.4183047513e+10,4.1963652597e+10,3.6156545096e+10,3.3511357679e+10,3.1825393618e+10,2.7507839102e+10,2.5419909635e+10,2.4041719316e+10,2.0981826299e+10,4.8375940012e+10,3.6156545096e+10,3.0349437595e+10,2.7704250178e+10,2.6018286116e+10,2.1700731601e+10,1.9612802134e+10,1.8234611815e+10,1.5174718797e+10,4.5730752595e+10,3.3511357679e+10,2.7704250178e+10,2.5059062762e+10,2.3373098700e+10,1.9055544184e+10,1.6967614718e+10,1.5589424399e+10,1.2529531381e+10,4.4044788533e+10,3.1825393618e+10,2.6018286116e+10,2.3373098700e+10,2.1687134638e+10,1.7369580122e+10,1.5281650656e+10,1.3903460337e+10,1.0843567319e+10,3.9727234018e+10,2.7507839102e+10,2.1700731601e+10,1.9055544184e+10,1.7369580122e+10,1.3052025606e+10,1.0964096140e+10,9.5859058208e+09,6.5260128031e+09,3.7639304551e+10,2.5419909635e+10,1.9612802134e+10,1.6967614718e+10,1.5281650656e+10,1.0964096140e+10,8.8761666736e+09,7.4979763545e+09,4.4380833368e+09,3.6261114232e+10,2.4041719316e+10,1.8234611815e+10,1.5589424399e+10,1.3903460337e+10,9.5859058208e+09,7.4979763545e+09,6.1197860354e+09,3.0598930177e+09
142,1600,20,6.8898778751e+10,5.5769304339e+10,4.9457531216e+10,4.6567931031e+10,4.4736936005e+10,4.0191792687e+10,3.8162625659e+10,3.6913590782e+10,3.4449389375e+10,5.5769304339e+10,4.2639829928e+10,3.6328056805e+10,3.3438456619e+10,3.1607461593e+10,2.7062318275e+10,2.5033151247e+10,2.3784116370e+10,2.1319914964e+10,4.9457531216e+10,3.6328056805e+10,3.0016283681e+10,2.7126683496e+10,2.5295688470e+10,2.0750545152e+10,1.8721378124e+10,1.7472343247e+10,1.5008141841e+10,4.6567931031e+10,3.3438456619e+10,2.7126683496e+10,2.4237083310e+10,2.2406088285e+10,1.7860944967e+10,1.5831777939e+10,1.4582743062e+10,1.2118541655e+10,4.4736936005e+10,3.1607461593e+10,2.5295688470e+10,2.2406088285e+10,2.0575093259e+10,1.6029949941e+10,1.4000782913e+10,1.2751748036e+10,1.0287546629e+10,4.0191792687e+10,2.7062318275e+10,2.0750545152e+10,1.7860944967e+10,1.6029949941e+10,1.1484806623e+10,9.4556395946e+09,8.2066047177e+09,5.7424033113e+09,3.8162625659e+10,2.5033151247e+10,1.8721378124e+10,1.5831777939e+10,1.4000782913e+10,9.4556395946e+09,7.4264725666e+09,6.1774376897e+09,3.7132362833e+09,3.6913590782e+10,2.3784116370e+10,1.7472343247e+10,1.4582743062e+10,1.2751748036e+10,8.2066047177e+09,6.1774376897e+09,4.9284028128e+09,2.4642014064e+09
143,1600,30,8.6349021928e+10,6.7006187944e+10,5.8330828026e+10,5.4756423726e+10,5.2632758670e+10,4.7921608266e+10,4.6081718704e+10,4.5034315817e+10,4.3174510964e+10,6.7006187944e+10,4.7663353960e+10,3.8987994042e+10,3.5413589742e+10,3.3289924686e+10,2.8578774282e+10,2.6738884720e+10,2.5691481833e+10,2.3831676980e+10,5.8330828026e+10,3.8987994042e+10,3.0312634124e+10,2.6738229825e+10,2.4614564769e+10,1.9903414364e+10,1.8063524802e+10,1.7016121916e+10,1.5156317062e+10,5.4756423726e+10,3.5413589742e+10,2.6738229825e+10,2.3163825525e+10,2.1040160469e+10,1.6329010065e+10,1.4489120503e+10,1.3441717616e+10,1.1581912763e+10,5.2632758670e+10,3.3289924686e+10,2.4614564769e+10,2.1040160469e+10,1.8916495413e+10,1.4205345009e+10,1.2365455447e+10,1.1318052560e+10,9.4582477066e+09,4.7921608266e+10,2.8578774282e+10,1.9903414364e+10,1.6329010065e+10,1.4205345009e+10,9.4941946046e+09,7.6543050423e+09,6.6069021558e+09,4.7470973023e+09,4.6081718704e+10,2.6738884720e+10,1.8063524802e+10,1.4489120503e+10,1.2365455447e+10,7.6543050423e+09,5.8144154801e+09,4.7670125936e+09,2.9072077400e+09,4.5034315817e+10,2.5691481833e+10,1.7016121916e+10,1.3441717616e+10,1.1318052560e+10,6.6069021558e+09,4.7670125936e+09,3.7196097071e+09,1.8598048535e+09
144,1600,40,1.0230718956e+11,7.4902688687e+10,6.4471705357e+10,6.0800682864e+10,5.8781772086e+10,5.4773305468e+10,5.3330587671e+10,5.2533138607e+10,5.1153594780e+10,7.4902688687e+10,4.7498187814e+10,3.7067204484e+10,3.3396181991e+10,3.1377271213e+10,2.7368804595e+10,2.5926086799e+10,2.5128637735e+10,2.3749093907e+10,6.4471705357e+10,3.7067204484e+10,2.6636221154e+10,2.2965198661e+10,2.0946287883e+10,1.6937821265e+10,1.5495103468e+10,1.4697654405e+10,1.3318110577e+10,6.0800682864e+10,3.3396181991e+10,2.2965198661e+10,1.9294176168e+10,1.7275265390e+10,1.3266798772e+10,1.1824080976e+10,1.1026631912e+10,9.6470880842e+09,5.8781772086e+10,3.1377271213e+10,2.0946287883e+10,1.7275265390e+10,1.5256354612e+10,1.1247887994e+10,9.8051701977e+09,9.0077211339e+09,7.6281773062e+09,5.4773305468e+10,2.7368804595e+10,1.6937821265e+10,1.3266798772e+10,1.1247887994e+10,7.2394213761e+09,5.7967035795e+09,4.9992545157e+09,3.6197106880e+09,5.3330587671e+10,2.5926086799e+10,1.5495103468e+10,1.1824080976e+10,9.8051701977e+09,5.7967035795e+09,4.3539857830e+09,3.5565367191e+09,2.1769928915e+09,5.2533138607e+10,2.5128637735e+10,1.4697654405e+10,1.1026631912e+10,9.0077211339e+09,4.9992545157e+09,3.5565367191e+09,2.7590876553e+09,1.3795438277e+09
145,1600,50,9.6432783141e+10,6.8373293519e+10,5.8932496825e+10,5.5868933716e+10,5.4233358454e+10,5.1085572646e+10,4.9951213447e+10,4.9318431021e+10,4.8216391571e+10,6.8373293519e+10,4.0313803897e+10,3.0873007203e+10,2.7809444094e+10,2.6173868832e+10,2.3026083023e+10,2.1891723824e+10,2.1258941399e+10,2.0156901948e+10,5.8932496825e+10,3.0873007203e+10,2.1432210508e+10,1.8368647399e+10,1.6733072138e+10,1.3585286329e+10,1.2450927130e+10,1.1818144704e+10,1.0716105254e+10,5.5868933716e+10,2.7809444094e+10,1.8368647399e+10,1.5305084291e+10,1.3669509029e+10,1.0521723220e+10,9.3873640213e+09,8.7545815955e+09,7.6525421453e+09,5.4233358454e+10,2.6173868832e+10,1.6733072138e+10,1.3669509029e+10,1.2033933767e+10,8.8861479586e+09,7.7517887597e+09,7.1190063339e+09,6.0169668837e+09,5.1085572646e+10,2.3026083023e+10,1.3585286329e+10,1.0521723220e+10,8.8861479586e+09,5.7383621497e+09,4.6040029509e+09,3.9712205251e+09,2.8691810749e+09,4.9951213447e+10,2.1891723824e+10,1.2450927130e+10,9.3873640213e+09,7.7517887597e+09,4.6040029509e+09,3.4696437521e+09,2.8368613262e+09,1.7348218760e+09,4.9318431021e+10,2.1258941399e+10,1.1818144704e+10,8.7545815955e+09,7.1190063339e+09,3.9712205251e+09,2.8368613262e+09,2.2040789004e+09,1.1020394502e+09
146,1600,60,7.8289146066e+10,5.5630390536e+10,4.8113609415e+10,4.5641820480e+10,4.4302960350e+10,4.1645959486e+10,4.0658585803e+10,4.0103639261e+10,3.9144573033e+10,5.5630390536e+10,3.2971635006e+10,2.5454853885e+10,2.2983064951e+10,2.1644204821e+10,1.8987203956e+10,1.7999830273e+10,1.7444883731e+10,1.6485817503e+10,4.8113609415e+10,2.5454853885e+10,1.7938072764e+10,1.5466283830e+10,1.4127423699e+10,1.1470422835e+10,1.0483049152e+10,9.9281026099e+09,8.9690363820e+09,4.5641820480e+10,2.2983064951e+10,1.5466283830e+10,1.2994494895e+10,1.1655634765e+10,8.9986339008e+09,8.0112602177e+09,7.4563136754e+09,6.4972474475e+09,4.4302960350e+10,2.1644204821e+10,1.4127423699e+10,1.1655634765e+10,1.0316774635e+10,7.6597737707e+09,6.6724000877e+09,6.1174535454e+09,5.1583873175e+09,4.1645959486e+10,1.8987203956e+10,1.1470422835e+10,8.9986339008e+09,7.6597737707e+09,5.0027729065e+09,4.0153992235e+09,3.4604526811e+09,2.5013864532e+09,4.0658585803e+10,1.7999830273e+10,1.0483049152e+10,8.0112602177e+09,6.6724000877e+09,4.0153992235e+09,3.0280255404e+09,2.4730789981e+09,1.5140127702e+09,4.0103639261e+10,1.7444883731e+10,9.9281026099e+09,7.4563136754e+09,6.1174535454e+09,3.4604526811e+09,2.4730789981e+09,1.9181324558e+09,9.5906622789e+08
147,1600,70,7.1965063038e+10,5.1327311046e+10,4.4383640787e+10,4.2065402087e+10,4.0813655683e+10,3.8316413522e+10,3.7387480465e+10,3.6867556130e+10,3.5982531519e+10,5.1327311046e+10,3.0689559054e+10,2.3745888795e+10,2.1427650094e+10,2.0175903691e+10,1.7678661530e+10,1.6749728472e+10,1.6229804137e+10,1.5344779527e+10,4.4383640787e+10,2.3745888795e+10,1.6802218535e+10,1.4483979835e+10,1.3232233432e+10,1.0734991271e+10,9.8060582133e+09,9.2861338784e+09,8.4011092677e+09,4.2065402087e+10,2.1427650094e+10,1.4483979835e+10,1.2165741135e+10,1.0913994732e+10,8.4167525707e+09,7.4878195132e+09,6.9678951783e+09,6.0828705676e+09,4.0813655683e+10,2.0175903691e+10,1.3232233432e+10,1.0913994732e+10,9.6622483280e+09,7.1650061671e+09,6.2360731096e+09,5.7161487747e+09,4.8311241640e+09,3.8316413522e+10,1.7678661530e+10,1.0734991271e+10,8.4167525707e+09,7.1650061671e+09,4.6677640061e+09,3.7388309486e+09,3.2189066137e+09,2.3338820031e+09,3.7387480465e+10,1.6749728472e+10,9.8060582133e+09,7.4878195132e+09,6.2360731096e+09,3.7388309486e+09,2.8098978911e+09,2.2899735562e+09,1.4049489456e+09,3.6867556130e+10,1.6229804137e+10,9.2861338784e+09,6.9678951783e+09,5.7161487747e+09,3.2189066137e+09,2.2899735562e+09,1.7700492213e+09,8.8502461066e+08
148,1600,80,6.7881432041e+10,4.8539485951e+10,4.1949424985e+10,3.9735520321e+10,3.8542022277e+10,3.6160795055e+10,3.5276781444e+10,3.4782424903e+10,3.3940716021e+10,4.8539485951e+10,2.9197539860e+10,2.2607478895e+10,2.0393574230e+10,1.9200076187e+10,1.6818848964e+10,1.5934835353e+10,1.5440478813e+10,1.4598769930e+10,4.1949424985e+10,2.2607478895e+10,1.6017417929e+10,1.3803513265e+10,1.2610015221e+10,1.0228787999e+10,9.3447743879e+09,8.8504178473e+09,8.0087089645e+09,3.9735520321e+10,2.0393574230e+10,1.3803513265e+10,1.1589608601e+10,1.0396110557e+10,8.0148833345e+09,7.1308697238e+09,6.6365131832e+09,5.7948043004e+09,3.8542022277e+10,1.9200076187e+10,1.2610015221e+10,1.0396110557e+10,9.2026125137e+09,6.8213852910e+09,5.9373716802e+09,5.4430151396e+09,4.6013062569e+09,3.6160795055e+10,1.6818848964e+10,1.0228787999e+10,8.0148833345e+09,6.8213852910e+09,4.4401580683e+09,3.5561444575e+09,3.0617879169e+09,2.2200790341e+09,3.5276781444e+10,1.5934835353e+10,9.3447743879e+09,7.1308697238e+09,5.9373716802e+09,3.5561444575e+09,2.6721308468e+09,2.1777743061e+09,1.3360654234e+09,3.4782424903e+10,1.5440478813e+10,8.8504178473e+09,6.6365131832e+09,5.4430151396e+09,3.0617879169e+09,2.1777743061e+09,1.6834177655e+09,8.4170888274e+08
149,1600,90,6.6933842220e+10,4.7865025378e+10,4.1361627647e+10,3.9176207382e+10,3.7999186816e+10,3.5651946801e+10,3.4781208752e+10,3.4294524504e+10,3.3466921110e+10,4.7865025378e+10,2.8796208536e+10,2.2292810805e+10,2.0107390540e+10,1.8930369974e+10,1.6583129960e+10,1.5712391911e+10,1.5225707662e+10,1.4398104268e+10,4.1361627647e+10,2.2292810805e+10,1.5789413074e+10,1.3603992809e+10,1.2426972243e+10,1.0079732229e+10,9.2089941795e+09,8.7223099309e+09,7.8947065372e+09,3.9176207382e+10,2.0107390540e+10,1.3603992809e+10,1.1418572544e+10,1.0241551978e+10,7.8943119635e+09,7.0235739144e+09,6.5368896659e+09,5.7092862721e+09,3.7999186816e+10,1.8930369974e+10,1.2426972243e+10,1.0241551978e+10,9.0645314115e+09,6.7172913971e+09,5.8465533480e+09,5.3598690995e+09,4.5322657058e+09,3.5651946801e+10,1.6583129960e+10,1.0079732229e+10,7.8943119635e+09,6.7172913971e+09,4.3700513828e+09,3.4993133337e+09,3.0126290852e+09,2.1850256914e+09,3.4781208752e+10,1.5712391911e+10,9.2089941795e+09,7.0235739144e+09,5.8465533480e+09,3.4993133337e+09,2.6285752846e+09,2.1418910361e+09,1.3142876423e+09,3.4294524504e+10,1.5225707662e+10,8.7223099309e+09,6.5368896659e+09,5.3598690995e+09,3.0126290852e+09,2.1418910361e+09,1.6552067875e+09,8.2760339377e+08
150,1700,0,8.8944828341e+10,7.3585715273e+10,6.5825695388e+10,6.2180645541e+10,5.9817273105e+10,5.3644216868e+10,5.0638888956e+10,4.8666439373e+10,4.4472414170e+10,7.3585715273e+10,5.8226602206e+10,5.0466582321e+10,4.6821532473e+10,4.4458160037e+10,3.8285103801e+10,3.5279775889e+10,3.3307326305e+10,2.9113301103e+10,6.5825695388e+10,5.0466582321e+10,4.2706562436e+10,3.9061512588e+10,3.6698140152e+10,3.0525083916e+10,2.7519756004e+10,2.5547306420e+10,2.1353281218e+10,6.2180645541e+10,4.6821532473e+10,3.9061512588e+10,3.5416462741e+10,3.3053090305e+10,2.6880034068e+10,2.3874706156e+10,2.1902256573e+10,1.7708231370e+10,5.9817273105e+10,4.4458160037e+10,3.6698140152e+10,3.3053090305e+10,3.0689717868e+10,2.4516661632e+10,2.1511333720e+10,1.9538884136e+10,1.5344858934e+10,5.3644216868e+10,3.8285103801e+10,3.0525083916e+10,2.6880034068e+10,2.4516661632e+10,1.8343605396e+10,1.5338277484e+10,1.3365827900e+10,9.1718026980e+09,5.0638888956e+10,3.5279775889e+10,2.7519756004e+10,2.3874706156e+10,2.1511333720e+10,1.5338277484e+10,1.2332949572e+10,1.0360499988e+10,6.1664747858e+09,4.8666439373e+10,3.3307326305e+10,2.5547306420e+10,2.1902256573e+10,1.9538884136e+10,1.3365827900e+10,1.0360499988e+10,8.3880504044e+09,4.1940252022e+09
151,1700,10,8.8654775675e+10,7.2971464101e+10,6.5219952086e+10,6.1558180622e+10,5.9184973938e+10,5.3035143787e+10,5.0110143665e+10,4.8227660277e+10,4.4327387838e+10,7.2971464101e+10,5.7288152526e+10,4.9536640512e+10,4.5874869047e+10,4.3501662364e+10,3.7351832212e+10,3.4426832091e+10,3.2544348702e+10,2.8644076263e+10,6.5219952086e+10,4.9536640512e+10,4.1785128497e+10,3.8123357032e+10,3.5750150349e+10,2.9600320197e+10,2.6675320076e+10,2.4792836688e+10,2.0892564248e+10,6.1558180622e+10,4.5874869047e+10,3.8123357032e+10,3.4461585568e+10,3.2088378884e+10,2.5938548733e+10,2.3013548612e+10,2.1131065223e+10,1.7230792784e+10,5.9184973938e+10,4.3501662364e+10,3.5750150349e+10,3.2088378884e+10,2.9715172201e+10,2.3565342049e+10,2.0640341928e+10,1.8757858540e+10,1.4857586100e+10,5.3035143787e+10,3.7351832212e+10,2.9600320197e+10,2.5938548733e+10,2.3565342049e+10,1.7415511898e+10,1.4490511777e+10,1.2608028388e+10,8.7077559489e+09,5.0110143665e+10,3.4426832091e+10,2.6675320076e+10,2.3013548612e+10,2.0640341928e+10,1.4490511777e+10,1.1565511655e+10,9.6830282669e+09,5.7827558276e+09,4.8227660277e+10,3.2544348702e+10,2.4792836688e+10,2.1131065223e+10,1.8757858540e+10,1.2608028388e+10,9.6830282669e+09,7.8005448787e+09,3.9002724394e+09
152,1700,20,8.9838329613e+10,7.2937614094e+10,6.4699647280e+10,6.0864362084e+10,5.8416473142e+10,5.2320802606e+10,4.9635040525e+10,4.8008145009e+10,4.4919164807e+10,7.2937614094e+10,5.6036898575e+10,4.7798931761e+10,4.3963646565e+10,4.1515757622e+10,3.5420087087e+10,3.2734325006e+10,3.1107429490e+10,2.8018449287e+10,6.4699647280e+10,4.7798931761e+10,3.9560964947e+10,3.5725679751e+10,3.3277790809e+10,2.7182120273e+10,2.4496358192e+10,2.2869462676e+10,1.9780482473e+10,6.0864362084e+10,4.3963646565e+10,3.5725679751e+10,3.1890394555e+10,2.9442505612e+10,2.3346835077e+10,2.0661072996e+10,1.9034177480e+10,1.5945197277e+10,5.8416473142e+10,4.1515757622e+10,3.3277790809e+10,2.9442505612e+10,2.6994616670e+10,2.0898946134e+10,1.8213184053e+10,1.6586288538e+10,1.3497308335e+10,5.2320802606e+10,3.5420087087e+10,2.7182120273e+10,2.3346835077e+10,2.0898946134e+10,1.4803275599e+10,1.2117513518e+10,1.0490618002e+10,7.4016377994e+09,4.9635040525e+10,3.2734325006e+10,2.4496358192e+10,2.0661072996e+10,1.8213184053e+10,1.2117513518e+10,9.4317514366e+09,7.8048559208e+09,4.7158757183e+09,4.8008145009e+10,3.1107429490e+10,2.2869462676e+10,1.9034177480e+10,1.6586288538e+10,1.0490618002e+10,7.8048559208e+09,6.1779604049e+09,3.0889802025e+09
153,1700,30,1.0817331424e+11,8.4071620245e+10,7.3227479623e+10,6.8727563965e+10,6.6041624496e+10,6.0047790245e+10,5.7705301277e+10,5.6379167656e+10,5.4086657120e+10,8.4071620245e+10,5.9969926250e+10,4.9125785628e+10,4.4625869970e+10,4.1939930500e+10,3.5946096250e+10,3.3603607281e+10,3.2277473661e+10,2.9984963125e+10,7.3227479623e+10,4.9125785628e+10,3.8281645006e+10,3.3781729348e+10,3.1095789879e+10,2.5101955628e+10,2.2759466660e+10,2.1433333039e+10,1.9140822503e+10,6.8727563965e+10,4.4625869970e+10,3.3781729348e+10,2.9281813691e+10,2.6595874221e+10,2.0602039970e+10,1.8259551002e+10,1.6933417382e+10,1.4640906845e+10,6.6041624496e+10,4.1939930500e+10,3.1095789879e+10,2.6595874221e+10,2.3909934751e+10,1.7916100500e+10,1.5573611532e+10,1.4247477912e+10,1.1954967376e+10,6.0047790245e+10,3.5946096250e+10,2.5101955628e+10,2.0602039970e+10,1.7916100500e+10,1.1922266250e+10,9.5797772813e+09,8.2536436611e+09,5.9611331248e+09,5.7705301277e+10,3.3603607281e+10,2.2759466660e+10,1.8259551002e+10,1.5573611532e+10,9.5797772813e+09,7.2372883131e+09,5.9111546929e+09,3.6186441566e+09,5.6379167656e+10,3.2277473661e+10,2.1433333039e+10,1.6933417382e+10,1.4247477912e+10,8.2536436611e+09,5.9111546929e+09,4.5850210726e+09,2.2925105363e+09
154,1700,40,1.2349309360e+11,9.0770738178e+10,7.8238358806e+10,7.3765498434e+10,7.1280311324e+10,6.6264642966e+10,6.4442538833e+10,6.3438321872e+10,6.1746546800e+10,9.0770738178e+10,5.8048382756e+10,4.5516003383e+10,4.1043143011e+10,3.8557955902e+10,3.3542287544e+10,3.1720183410e+10,3.0715966449e+10,2.9024191378e+10,7.8238358806e+10,4.5516003383e+10,3.2983624011e+10,2.8510763639e+10,2.6025576529e+10,2.1009908171e+10,1.9187804038e+10,1.8183587077e+10,1.6491812005e+10,7.3765498434e+10,4.1043143011e+10,2.8510763639e+10,2.4037903266e+10,2.1552716157e+10,1.6537047799e+10,1.4714943665e+10,1.3710726705e+10,1.2018951633e+10,7.1280311324e+10,3.8557955902e+10,2.6025576529e+10,2.1552716157e+10,1.9067529048e+10,1.4051860690e+10,1.2229756556e+10,1.1225539596e+10,9.5337645241e+09,6.6264642966e+10,3.3542287544e+10,2.1009908171e+10,1.6537047799e+10,1.4051860690e+10,9.0361923317e+09,7.2140881980e+09,6.2098712373e+09,4.5180961658e+09,6.4442538833e+10,3.1720183410e+10,1.9187804038e+10,1.4714943665e+10,1.2229756556e+10,7.2140881980e+09,5.3919840644e+09,4.3877671036e+09,2.6959920322e+09,6.3438321872e+10,3.0715966449e+10,1.8183587077e+10,1.3710726705e+10,1.1225539596e+10,6.2098712373e+09,4.3877671036e+09,3.3835501429e+09,1.6917750714e+09
155,1700,50,1.1629137969e+11,8.2846408476e+10,7.1476898211e+10,6.7726908182e+10,6.5703140506e+10,6.1741467450e+10,6.0301222299e+10,5.9500548348e+10,5.8145689843e+10,8.2846408476e+10,4.9401437267e+10,3.8031927001e+10,3.4281936972e+10,3.2258169297e+10,2.8296496241e+10,2.6856251090e+10,2.6055577139e+10,2.4700718634e+10,7.1476898211e+10,3.8031927001e+10,2.6662416736e+10,2.2912426707e+10,2.0888659031e+10,1.6926985975e+10,1.5486740824e+10,1.4686066873e+10,1.3331208368e+10,6.7726908182e+10,3.4281936972e+10,2.2912426707e+10,1.9162436678e+10,1.7138669002e+10,1.3176995946e+10,1.1736750795e+10,1.0936076844e+10,9.5812183388e+09,6.5703140506e+10,3.2258169297e+10,2.0888659031e+10,1.7138669002e+10,1.5114901327e+10,1.1153228271e+10,9.7129831199e+09,8.9123091689e+09,7.5574506636e+09,6.1741467450e+10,2.8296496241e+10,1.6926985975e+10,1.3176995946e+10,1.1153228271e+10,7.1915552141e+09,5.7513100633e+09,4.9506361124e+09,3.5957776070e+09,6.0301222299e+10,2.6856251090e+10,1.5486740824e+10,1.1736750795e+10,9.7129831199e+09,5.7513100633e+09,4.3110649125e+09,3.5103909616e+09,2.1555324563e+09,5.9500548348e+10,2.6055577139e+10,1.4686066873e+10,1.0936076844e+10,8.9123091689e+09,4.9506361124e+09,3.5103909616e+09,2.7097170106e+09,1.3548585053e+09
156,1700,60,9.5923838046e+10,6.8355086158e+10,5.9180123707e+10,5.6125477984e+10,5.4456573178e+10,5.1098277999e+10,4.9843916078e+10,4.9142036713e+10,4.7961919023e+10,6.8355086158e+10,4.0786334270e+10,3.1611371819e+10,2.8556726096e+10,2.6887821290e+10,2.3529526111e+10,2.2275164190e+10,2.1573284825e+10,2.0393167135e+10,5.9180123707e+10,3.1611371819e+10,2.2436409369e+10,1.9381763646e+10,1.7712858839e+10,1.4354563660e+10,1.3100201739e+10,1.2398322374e+10,1.1218204684e+10,5.6125477984e+10,2.8556726096e+10,1.9381763646e+10,1.6327117922e+10,1.4658213116e+10,1.1299917937e+10,1.0045556016e+10,9.3436766511e+09,8.1635589612e+09,5.4456573178e+10,2.6887821290e+10,1.7712858839e+10,1.4658213116e+10,1.2989308310e+10,9.6310131307e+09,8.3766512098e+09,7.6747718446e+09,6.4946541548e+09,5.1098277999e+10,2.3529526111e+10,1.4354563660e+10,1.1299917937e+10,9.6310131307e+09,6.2727179518e+09,5.0183560309e+09,4.3164766658e+09,3.1363589759e+09,4.9843916078e+10,2.2275164190e+10,1.3100201739e+10,1.0045556016e+10,8.3766512098e+09,5.0183560309e+09,3.7639941101e+09,3.0621147449e+09,1.8819970550e+09,4.9142036713e+10,2.1573284825e+10,1.2398322374e+10,9.3436766511e+09,7.6747718446e+09,4.3164766658e+09,3.0621147449e+09,2.3602353797e+09,1.1801176898e+09
157,1700,70,8.6235957395e+10,6.1795534614e+10,5.3500529065e+10,5.0686445191e+10,4.9148115917e+10,4.6028697636e+10,4.4859804984e+10,4.4206813241e+10,4.3117978697e+10,6.1795534614e+10,3.7355111833e+10,2.9060106284e+10,2.6246022410e+10,2.4707693136e+10,2.1588274855e+10,2.0419382203e+10,1.9766390460e+10,1.8677555916e+10,5.3500529065e+10,2.9060106284e+10,2.0765100734e+10,1.7951016861e+10,1.6412687587e+10,1.3293269306e+10,1.2124376654e+10,1.1471384911e+10,1.0382550367e+10,5.0686445191e+10,2.6246022410e+10,1.7951016861e+10,1.5136932987e+10,1.3598603713e+10,1.0479185432e+10,9.3102927801e+09,8.6573010374e+09,7.5684664937e+09,4.9148115917e+10,2.4707693136e+10,1.6412687587e+10,1.3598603713e+10,1.2060274439e+10,8.9408561583e+09,7.7719635061e+09,7.1189717633e+09,6.0301372196e+09,4.6028697636e+10,2.1588274855e+10,1.3293269306e+10,1.0479185432e+10,8.9408561583e+09,5.8214378774e+09,4.6525452251e+09,3.9995534824e+09,2.9107189387e+09,4.4859804984e+10,2.0419382203e+10,1.2124376654e+10,9.3102927801e+09,7.7719635061e+09,4.6525452251e+09,3.4836525729e+09,2.8306608301e+09,1.7418262864e+09,4.4206813241e+10,1.9766390460e+10,1.1471384911e+10,8.6573010374e+09,7.1189717633e+09,3.9995534824e+09,2.8306608301e+09,2.1776690874e+09,1.0888345437e+09
158,1700,80,8.1246564726e+10,5.8389974085e+10,5.0530784461e+10,4.7845785076e+10,4.6378709322e+10,4.3399916510e+10,4.2284601586e+10,4.1661797859e+10,4.0623282363e+10,5.8389974085e+10,3.5533383444e+10,2.7674193820e+10,2.4989194434e+10,2.3522118681e+10,2.0543325869e+10,1.9428010945e+10,1.8805207218e+10,1.7766691722e+10,5.0530784461e+10,2.7674193820e+10,1.9815004197e+10,1.7130004811e+10,1.5662929058e+10,1.2684136245e+10,1.1568821321e+10,1.0946017595e+10,9.9075020984e+09,4.7845785076e+10,2.4989194434e+10,1.7130004811e+10,1.4445005425e+10,1.2977929672e+10,9.9991368593e+09,8.8838219353e+09,8.2610182087e+09,7.2225027125e+09,4.6378709322e+10,2.3522118681e+10,1.5662929058e+10,1.2977929672e+10,1.1510853919e+10,8.5320611061e+09,7.4167461821e+09,6.7939424555e+09,5.7554269593e+09,4.3399916510e+10,2.0543325869e+10,1.2684136245e+10,9.9991368593e+09,8.5320611061e+09,5.5532682935e+09,4.4379533695e+09,3.8151496429e+09,2.7766341468e+09,4.2284601586e+10,1.9428010945e+10,1.1568821321e+10,8.8838219353e+09,7.4167461821e+09,4.4379533695e+09,3.3226384455e+09,2.6998347189e+09,1.6613192228e+09,4.1661797859e+10,1.8805207218e+10,1.0946017595e+10,8.2610182087e+09,6.7939424555e+09,3.8151496429e+09,2.6998347189e+09,2.0770309923e+09,1.0385154962e+09
159,1700,90,8.0129305304e+10,5.7596140682e+10,4.9840725159e+10,4.7190075911e+10,4.5742609341e+10,4.2803286338e+10,4.1702696076e+10,4.1088230446e+10,4.0064652652e+10,5.7596140682e+10,3.5062976059e+10,2.7307560537e+10,2.4656911289e+10,2.3209444718e+10,2.0270121716e+10,1.9169531454e+10,1.8555065824e+10,1.7531488030e+10,4.9840725159e+10,2.7307560537e+10,1.9552145015e+10,1.6901495766e+10,1.5454029196e+10,1.2514706193e+10,1.1414115932e+10,1.0799650302e+10,9.7760725073e+09,4.7190075911e+10,2.4656911289e+10,1.6901495766e+10,1.4250846518e+10,1.2803379948e+10,9.8640569449e+09,8.7634666833e+09,8.1490010532e+09,7.1254232589e+09,4.5742609341e+10,2.3209444718e+10,1.5454029196e+10,1.2803379948e+10,1.1355913377e+10,8.4165903748e+09,7.3160001131e+09,6.7015344831e+09,5.6779566887e+09,4.2803286338e+10,2.0270121716e+10,1.2514706193e+10,9.8640569449e+09,8.4165903748e+09,5.4772673720e+09,4.3766771104e+09,3.7622114804e+09,2.7386336860e+09,4.1702696076e+10,1.9169531454e+10,1.1414115932e+10,8.7634666833e+09,7.3160001131e+09,4.3766771104e+09,3.2760868488e+09,2.6616212188e+09,1.6380434244e+09,4.1088230446e+10,1.8555065824e+10,1.0799650302e+10,8.1490010532e+09,6.7015344831e+09,3.7622114804e+09,2.6616212188e+09,2.0471555888e+09,1.0235777944e+09
160,1800,0,1.1626759654e+11,9.6971414192e+10,8.6840793291e+10,8.1907484263e+10,7.8661486283e+10,7.0091903431e+10,6.5969355515e+10,6.3325512570e+10,5.8133798269e+10,9.6971414192e+10,7.7675231845e+10,6.7544610944e+10,6.2611301916e+10,5.9365303936e+10,5.0795721084e+10,4.6673173168e+10,4.4029330223e+10,3.8837615922e+10,8.6840793291e+10,6.7544610944e+10,5.7413990044e+10,5.2480681015e+10,4.9234683035e+10,4.0665100183e+10,3.6542552268e+10,3.3898709323e+10,2.8706995022e+10,8.1907484263e+10,6.2611301916e+10,5.2480681015e+10,4.7547371987e+10,4.4301374007e+10,3.5731791155e+10,3.1609243239e+10,2.8965400294e+10,2.3773685993e+10,7.8661486283e+10,5.9365303936e+10,4.9234683035e+10,4.4301374007e+10,4.1055376027e+10,3.2485793175e+10,2.8363245259e+10,2.5719402314e+10,2.0527688014e+10,7.0091903431e+10,5.0795721084e+10,4.0665100183e+10,3.5731791155e+10,3.2485793175e+10,2.3916210323e+10,1.9793662407e+10,1.7149819462e+10,1.1958105161e+10,6.5969355515e+10,4.6673173168e+10,3.6542552268e+10,3.1609243239e+10,2.8363245259e+10,1.9793662407e+10,1.5671114492e+10,1.3027271547e+10,7.8355572459e+09,6.3325512570e+10,4.4029330223e+10,3.3898709323e+10,2.8965400294e+10,2.5719402314e+10,1.7149819462e+10,1.3027271547e+10,1.0383428602e+10,5.1917143008e+09
161,1800,10,1.1577570267e+11,9.5811264740e+10,8.5651372511e+10,8.0731768759e+10,7.7508468996e+10,6.9104654435e+10,6.5170977055e+10,6.2697156009e+10,5.7887851336e+10,9.5811264740e+10,7.5846826807e+10,6.5686934578e+10,6.0767330826e+10,5.7544031063e+10,4.9140216503e+10,4.5206539122e+10,4.2732718076e+10,3.7923413404e+10,8.5651372511e+10,6.5686934578e+10,5.5527042349e+10,5.0607438597e+10,4.7384138834e+10,3.8980324273e+10,3.5046646893e+10,3.2572825847e+10,2.7763521175e+10,8.0731768759e+10,6.0767330826e+10,5.0607438597e+10,4.5687834845e+10,4.2464535082e+10,3.4060720522e+10,3.0127043141e+10,2.7653222095e+10,2.2843917423e+10,7.7508468996e+10,5.7544031063e+10,4.7384138834e+10,4.2464535082e+10,3.9241235318e+10,3.0837420758e+10,2.6903743378e+10,2.4429922332e+10,1.9620617659e+10,6.9104654435e+10,4.9140216503e+10,3.8980324273e+10,3.4060720522e+10,3.0837420758e+10,2.2433606198e+10,1.8499928817e+10,1.6026107771e+10,1.1216803099e+10,6.5170977055e+10,4.5206539122e+10,3.5046646893e+10,3.0127043141e+10,2.6903743378e+10,1.8499928817e+10,1.4566251437e+10,1.2092430391e+10,7.2831257186e+09,6.2697156009e+10,4.2732718076e+10,3.2572825847e+10,2.7653222095e+10,2.4429922332e+10,1.6026107771e+10,1.2092430391e+10,9.6186093451e+09,4.8093046726e+09
162,1800,20,1.1779716414e+11,9.5923828669e+10,8.5045215874e+10,7.9909661779e+10,7.6612133749e+10,6.8389053373e+10,6.4824457703e+10,6.2708796777e+10,5.8898582069e+10,9.5923828669e+10,7.4050493201e+10,6.3171880405e+10,5.8036326310e+10,5.4738798280e+10,4.6515717904e+10,4.2951122235e+10,4.0835461308e+10,3.7025246600e+10,8.5045215874e+10,6.3171880405e+10,5.2293267609e+10,4.7157713515e+10,4.3860185484e+10,3.5637105109e+10,3.2072509439e+10,2.9956848513e+10,2.6146633805e+10,7.9909661779e+10,5.8036326310e+10,4.7157713515e+10,4.2022159420e+10,3.8724631390e+10,3.0501551014e+10,2.6936955344e+10,2.4821294418e+10,2.1011079710e+10,7.6612133749e+10,5.4738798280e+10,4.3860185484e+10,3.8724631390e+10,3.5427103359e+10,2.7204022984e+10,2.3639427314e+10,2.1523766388e+10,1.7713551680e+10,6.8389053373e+10,4.6515717904e+10,3.5637105109e+10,3.0501551014e+10,2.7204022984e+10,1.8980942608e+10,1.5416346939e+10,1.3300686012e+10,9.4904713042e+09,6.4824457703e+10,4.2951122235e+10,3.2072509439e+10,2.6936955344e+10,2.3639427314e+10,1.5416346939e+10,1.1851751269e+10,9.7360903424e+09,5.9258756343e+09,6.2708796777e+10,4.0835461308e+10,2.9956848513e+10,2.4821294418e+10,2.1523766388e+10,1.3300686012e+10,9.7360903424e+09,7.6204294161e+09,3.8102147080e+09
163,1800,30,1.3604893331e+11,1.0592663201e+11,9.2283684400e+10,8.6576926821e+10,8.3153812445e+10,7.5475112021e+10,7.2485386259e+10,7.0810935675e+10,6.8024466656e+10,1.0592663201e+11,7.5804330704e+10,6.2161383096e+10,5.6454625518e+10,5.3031511142e+10,4.5352810717e+10,4.2363084956e+10,4.0688634372e+10,3.7902165352e+10,9.2283684400e+10,6.2161383096e+10,4.8518435488e+10,4.2811677910e+10,3.9388563534e+10,3.1709863109e+10,2.8720137348e+10,2.7045686764e+10,2.4259217744e+10,8.6576926821e+10,5.6454625518e+10,4.2811677910e+10,3.7104920332e+10,3.3681805955e+10,2.6003105531e+10,2.3013379769e+10,2.1338929186e+10,1.8552460166e+10,8.3153812445e+10,5.3031511142e+10,3.9388563534e+10,3.3681805955e+10,3.0258691579e+10,2.2579991155e+10,1.9590265393e+10,1.7915814810e+10,1.5129345790e+10,7.5475112021e+10,4.5352810717e+10,3.1709863109e+10,2.6003105531e+10,2.2579991155e+10,1.4901290731e+10,1.1911564969e+10,1.0237114385e+10,7.4506453653e+09,7.2485386259e+10,4.2363084956e+10,2.8720137348e+10,2.3013379769e+10,1.9590265393e+10,1.1911564969e+10,8.9218392072e+09,7.2473886235e+09,4.4609196036e+09,7.0810935675e+10,4.0688634372e+10,2.7045686764e+10,2.1338929186e+10,1.7915814810e+10,1.0237114385e+10,7.2473886235e+09,5.5729380398e+09,2.7864690199e+09
164,1800,40,1.5063055259e+11,1.1114785957e+11,9.5889751944e+10,9.0368126488e+10,8.7271289932e+10,8.0936735027e+10,7.8627265553e+10,7.7364582203e+10,7.5315276293e+10,1.1114785957e+11,7.1665166547e+10,5.6407058924e+10,5.0885433468e+10,4.7788596912e+10,4.1454042007e+10,3.9144572533e+10,3.7881889183e+10,3.5832583273e+10,9.5889751944e+10,5.6407058924e+10,4.1148951302e+10,3.5627325846e+10,3.2530489290e+10,2.6195934385e+10,2.3886464911e+10,2.2623781561e+10,2.0574475651e+10,9.0368126488e+10,5.0885433468e+10,3.5627325846e+10,3.0105700390e+10,2.7008863834e+10,2.0674308929e+10,1.8364839454e+10,1.7102156105e+10,1.5052850195e+10,8.7271289932e+10,4.7788596912e+10,3.2530489290e+10,2.7008863834e+10,2.3912027278e+10,1.7577472373e+10,1.5268002899e+10,1.4005319549e+10,1.1956013639e+10,8.0936735027e+10,4.1454042007e+10,2.6195934385e+10,2.0674308929e+10,1.7577472373e+10,1.1242917468e+10,8.9334479937e+09,7.6707646441e+09,5.6214587340e+09,7.8627265553e+10,3.9144572533e+10,2.3886464911e+10,1.8364839454e+10,1.5268002899e+10,8.9334479937e+09,6.6239785194e+09,5.3612951697e+09,3.3119892597e+09,7.7364582203e+10,3.7881889183e+10,2.2623781561e+10,1.7102156105e+10,1.4005319549e+10,7.6707646441e+09,5.3612951697e+09,4.0986118201e+09,2.0493059101e+09
165,1800,50,1.4075366982e+11,1.0077411423e+11,8.7015094803e+10,8.2397801855e+10,7.9877849894e+10,7.4863420808e+10,7.3032130094e+10,7.2022326553e+10,7.0376834911e+10,1.0077411423e+11,6.0794558638e+10,4.7035539210e+10,4.2418246263e+10,3.9898294302e+10,3.4883865216e+10,3.3052574502e+10,3.2042770961e+10,3.0397279319e+10,8.7015094803e+10,4.7035539210e+10,3.3276519782e+10,2.8659226835e+10,2.6139274874e+10,2.1124845788e+10,1.9293555074e+10,1.8283751533e+10,1.6638259891e+10,8.2397801855e+10,4.2418246263e+10,2.8659226835e+10,2.4041933888e+10,2.1521981927e+10,1.6507552841e+10,1.4676262127e+10,1.3666458586e+10,1.2020966944e+10,7.9877849894e+10,3.9898294302e+10,2.6139274874e+10,2.1521981927e+10,1.9002029966e+10,1.3987600880e+10,1.2156310166e+10,1.1146506625e+10,9.5010149828e+09,7.4863420808e+10,3.4883865216e+10,2.1124845788e+10,1.6507552841e+10,1.3987600880e+10,8.9731717934e+09,7.1418810796e+09,6.1320775386e+09,4.4865858967e+09,7.3032130094e+10,3.3052574502e+10,1.9293555074e+10,1.4676262127e+10,1.2156310166e+10,7.1418810796e+09,5.3105903657e+09,4.3007868247e+09,2.6552951828e+09,7.2022326553e+10,3.2042770961e+10,1.8283751533e+10,1.3666458586e+10,1.1146506625e+10,6.1320775386e+09,4.3007868247e+09,3.2909832838e+09,1.6454916419e+09
166,1800,60,1.1717961075e+11,8.3838992829e+10,7.2642587057e+10,6.8856700873e+10,6.6767302322e+10,6.2504550488e+10,6.0910190476e+10,6.0025545739e+10,5.8589805373e+10,8.3838992829e+10,5.0498374913e+10,3.9301969141e+10,3.5516082957e+10,3.3426684407e+10,2.9163932572e+10,2.7569572560e+10,2.6684927823e+10,2.5249187457e+10,7.2642587057e+10,3.9301969141e+10,2.8105563368e+10,2.4319677184e+10,2.2230278634e+10,1.7967526799e+10,1.6373166788e+10,1.5488522050e+10,1.4052781684e+10,6.8856700873e+10,3.5516082957e+10,2.4319677184e+10,2.0533791000e+10,1.8444392450e+10,1.4181640615e+10,1.2587280604e+10,1.1702635866e+10,1.0266895500e+10,6.6767302322e+10,3.3426684407e+10,2.2230278634e+10,1.8444392450e+10,1.6354993900e+10,1.2092242065e+10,1.0497882053e+10,9.6132373160e+09,8.1774969498e+09,6.2504550488e+10,2.9163932572e+10,1.7967526799e+10,1.4181640615e+10,1.2092242065e+10,7.8294902300e+09,6.2351302184e+09,5.3504854811e+09,3.9147451150e+09,6.0910190476e+10,2.7569572560e+10,1.6373166788e+10,1.2587280604e+10,1.0497882053e+10,6.2351302184e+09,4.6407702069e+09,3.7561254696e+09,2.3203851034e+09,6.0025545739e+10,2.6684927823e+10,1.5488522050e+10,1.1702635866e+10,9.6132373160e+09,5.3504854811e+09,3.7561254696e+09,2.8714807322e+09,1.4357403661e+09
167,1800,70,1.0453041714e+11,7.5253824309e+10,6.5200783796e+10,6.1736396406e+10,5.9821031115e+10,5.5884255926e+10,5.4406910702e+10,5.3587899285e+10,5.2265208569e+10,7.5253824309e+10,4.5977231481e+10,3.5924190967e+10,3.2459803578e+10,3.0544438287e+10,2.6607663097e+10,2.5130317874e+10,2.4311306457e+10,2.2988615740e+10,6.5200783796e+10,3.5924190967e+10,2.5871150454e+10,2.2406763064e+10,2.0491397773e+10,1.6554622584e+10,1.5077277360e+10,1.4258265943e+10,1.2935575227e+10,6.1736396406e+10,3.2459803578e+10,2.2406763064e+10,1.8942375674e+10,1.7027010384e+10,1.3090235194e+10,1.1612889970e+10,1.0793878553e+10,9.4711878371e+09,5.9821031115e+10,3.0544438287e+10,2.0491397773e+10,1.7027010384e+10,1.5111645093e+10,1.1174869903e+10,9.6975246799e+09,8.8785132626e+09,7.5558225464e+09,5.5884255926e+10,2.6607663097e+10,1.6554622584e+10,1.3090235194e+10,1.1174869903e+10,7.2380947133e+09,5.7607494901e+09,4.9417380728e+09,3.6190473566e+09,5.4406910702e+10,2.5130317874e+10,1.5077277360e+10,1.1612889970e+10,9.6975246799e+09,5.7607494901e+09,4.2834042668e+09,3.4643928496e+09,2.1417021334e+09,5.3587899285e+10,2.4311306457e+10,1.4258265943e+10,1.0793878553e+10,8.8785132626e+09,4.9417380728e+09,3.4643928496e+09,2.6453814324e+09,1.3226907162e+09
168,1800,80,9.8404181964e+10,7.1035800630e+10,6.1522699074e+10,5.8224300209e+10,5.6401391877e+10,5.2650577522e+10,5.1243357560e+10,5.0463164255e+10,4.9202090982e+10,7.1035800630e+10,4.3667419296e+10,3.4154317740e+10,3.0855918875e+10,2.9033010543e+10,2.5282196188e+10,2.3874976226e+10,2.3094782921e+10,2.1833709648e+10,6.1522699074e+10,3.4154317740e+10,2.4641216183e+10,2.1342817319e+10,1.9519908987e+10,1.5769094632e+10,1.4361874670e+10,1.3581681365e+10,1.2320608092e+10,5.8224300209e+10,3.0855918875e+10,2.1342817319e+10,1.8044418455e+10,1.6221510122e+10,1.2470695767e+10,1.1063475805e+10,1.0283282501e+10,9.0222092273e+09,5.6401391877e+10,2.9033010543e+10,1.9519908987e+10,1.6221510122e+10,1.4398601790e+10,1.0647787435e+10,9.2405674729e+09,8.4603741684e+09,7.1993008951e+09,5.2650577522e+10,2.5282196188e+10,1.5769094632e+10,1.2470695767e+10,1.0647787435e+10,6.8969730803e+09,5.4897531180e+09,4.7095598135e+09,3.4484865402e+09,5.1243357560e+10,2.3874976226e+10,1.4361874670e+10,1.1063475805e+10,9.2405674729e+09,5.4897531180e+09,4.0825331557e+09,3.3023398512e+09,2.0412665778e+09,5.0463164255e+10,2.3094782921e+10,1.3581681365e+10,1.0283282501e+10,8.4603741684e+09,4.7095598135e+09,3.3023398512e+09,2.5221465467e+09,1.2610732733e+09
169,1800,90,9.7035129094e+10,7.0055373396e+10,6.0665661407e+10,5.7409350090e+10,5.5611126209e+10,5.1913603580e+10,5.0527338191e+10,4.9758974044e+10,4.8517564547e+10,7.0055373396e+10,4.3075617699e+10,3.3685905710e+10,3.0429594392e+10,2.8631370512e+10,2.4933847883e+10,2.3547582494e+10,2.2779218346e+10,2.1537808849e+10,6.0665661407e+10,3.3685905710e+10,2.4296193721e+10,2.1039882403e+10,1.9241658523e+10,1.5544135894e+10,1.4157870505e+10,1.3389506357e+10,1.2148096860e+10,5.7409350090e+10,3.0429594392e+10,2.1039882403e+10,1.7783571086e+10,1.5985347205e+10,1.2287824576e+10,1.0901559188e+10,1.0133195040e+10,8.8917855430e+09,5.5611126209e+10,2.8631370512e+10,1.9241658523e+10,1.5985347205e+10,1.4187123325e+10,1.0489600696e+10,9.1033353069e+09,8.3349711591e+09,7.0935616624e+09,5.1913603580e+10,2.4933847883e+10,1.5544135894e+10,1.2287824576e+10,1.0489600696e+10,6.7920780663e+09,5.4058126776e+09,4.6374485298e+09,3.3960390331e+09,5.0527338191e+10,2.3547582494e+10,1.4157870505e+10,1.0901559188e+10,9.1033353069e+09,5.4058126776e+09,4.0195472890e+09,3.2511831411e+09,2.0097736445e+09,4.9758974044e+10,2.2779218346e+10,1.3389506357e+10,1.0133195040e+10,8.3349711591e+09,4.6374485298e+09,3.2511831411e+09,2.4828189933e+09,1.2414094967e+09
170,1900,0,1.4537316688e+11,1.2175642258e+11,1.0906607302e+11,1.0276019505e+11,9.8576053265e+10,8.7485852484e+10,8.2222171958e+10,7.8905362391e+10,7.2686583442e+10,1.2175642258e+11,9.8139678276e+10,8.5449328718e+10,7.9143450749e+10,7.4959308960e+10,6.3869108180e+10,5.8605427654e+10,5.5288618086e+10,4.9069839138e+10,1.0906607302e+11,8.5449328718e+10,7.2758979161e+10,6.6453101192e+10,6.2268959403e+10,5.1178758622e+10,4.5915078097e+10,4.2598268529e+10,3.6379489580e+10,1.0276019505e+11,7.9143450749e+10,6.6453101192e+10,6.0147223223e+10,5.5963081434e+10,4.4872880653e+10,3.9609200128e+10,3.6292390560e+10,3.0073611611e+10,9.8576053265e+10,7.4959308960e+10,6.2268959403e+10,5.5963081434e+10,5.1778939645e+10,4.0688738864e+10,3.5425058339e+10,3.2108248771e+10,2.5889469822e+10,8.7485852484e+10,6.3869108180e+10,5.1178758622e+10,4.4872880653e+10,4.0688738864e+10,2.9598538083e+10,2.4334857558e+10,2.1018047990e+10,1.4799269042e+10,8.2222171958e+10,5.8605427654e+10,4.5915078097e+10,3.9609200128e+10,3.5425058339e+10,2.4334857558e+10,1.9071177032e+10,1.5754367465e+10,9.5355885162e+09,7.8905362391e+10,5.5288618086e+10,4.2598268529e+10,3.6292390560e+10,3.2108248771e+10,2.1018047990e+10,1.5754367465e+10,1.2437557897e+10,6.2187789485e+09
171,1900,10,1.5150315798e+11,1.2595422290e+11,1.1250144261e+11,1.0587260511e+11,1.0149369807e+11,9.0041715627e+10,8.4780507697e+10,8.1559006712e+10,7.5751578990e+10,1.2595422290e+11,1.0040528782e+11,8.6952507527e+10,8.0323670026e+10,7.5944762986e+10,6.4492780547e+10,5.9231572617e+10,5.6010071632e+10,5.0202643910e+10,1.1250144261e+11,8.6952507527e+10,7.3499727234e+10,6.6870889733e+10,6.2491982693e+10,5.1040000254e+10,4.5778792324e+10,4.2557291339e+10,3.6749863617e+10,1.0587260511e+11,8.0323670026e+10,6.6870889733e+10,6.0242052233e+10,5.5863145192e+10,4.4411162754e+10,3.9149954823e+10,3.5928453838e+10,3.0121026116e+10,1.0149369807e+11,7.5944762986e+10,6.2491982693e+10,5.5863145192e+10,5.1484238152e+10,4.0032255714e+10,3.4771047783e+10,3.1549546798e+10,2.5742119076e+10,9.0041715627e+10,6.4492780547e+10,5.1040000254e+10,4.4411162754e+10,4.0032255714e+10,2.8580273275e+10,2.3319065344e+10,2.0097564359e+10,1.4290136637e+10,8.4780507697e+10,5.9231572617e+10,4.5778792324e+10,3.9149954823e+10,3.4771047783e+10,2.3319065344e+10,1.8057857414e+10,1.4836356429e+10,9.0289287070e+09,8.1559006712e+10,5.6010071632e+10,4.2557291339e+10,3.5928453838e+10,3.1549546798e+10,2.0097564359e+10,1.4836356429e+10,1.1614855444e+10,5.8074277219e+09
172,1900,20,1.5513895948e+11,1.2641901432e+11,1.1188111839e+11,1.0498226710e+11,1.0054543480e+11,8.9532824318e+10,8.4863149722e+10,8.2158071911e+10,7.7569479742e+10,1.2641901432e+11,9.7699069157e+10,8.3161173230e+10,7.6262321939e+10,7.1825489640e+10,6.0812879155e+10,5.6143204559e+10,5.3438126748e+10,4.8849534578e+10,1.1188111839e+11,8.3161173230e+10,6.8623277304e+10,6.1724426013e+10,5.7287593714e+10,4.6274983228e+10,4.1605308633e+10,3.8900230822e+10,3.4311638652e+10,1.0498226710e+11,7.6262321939e+10,6.1724426013e+10,5.4825574722e+10,5.0388742423e+10,3.9376131937e+10,3.4706457342e+10,3.2001379531e+10,2.7412787361e+10,1.0054543480e+11,7.1825489640e+10,5.7287593714e+10,5.0388742423e+10,4.5951910124e+10,3.4939299638e+10,3.0269625043e+10,2.7564547232e+10,2.2975955062e+10,8.9532824318e+10,6.0812879155e+10,4.6274983228e+10,3.9376131937e+10,3.4939299638e+10,2.3926689153e+10,1.9257014557e+10,1.6551936746e+10,1.1963344576e+10,8.4863149722e+10,5.6143204559e+10,4.1605308633e+10,3.4706457342e+10,3.0269625043e+10,1.9257014557e+10,1.4587339961e+10,1.1882262150e+10,7.2936699807e+09,8.2158071911e+10,5.3438126748e+10,3.8900230822e+10,3.2001379531e+10,2.7564547232e+10,1.6551936746e+10,1.1882262150e+10,9.1771843396e+09,4.5885921698e+09
173,1900,30,1.7394199785e+11,1.3531242806e+11,1.1777066608e+11,1.1043296418e+11,1.0602986252e+11,9.6174533103e+10,9.2382794468e+10,9.0292266074e+10,8.6970998926e+10,1.3531242806e+11,9.6682858274e+10,7.9141096294e+10,7.1803394388e+10,6.7400292735e+10,5.7544963314e+10,5.3753224680e+10,5.1662696285e+10,4.8341429137e+10,1.1777066608e+11,7.9141096294e+10,6.1599334314e+10,5.4261632407e+10,4.9858530754e+10,4.0003201334e+10,3.6211462699e+10,3.4120934305e+10,3.0799667157e+10,1.1043296418e+11,7.1803394388e+10,5.4261632407e+10,4.6923930501e+10,4.2520828848e+10,3.2665499428e+10,2.8873760793e+10,2.6783232398e+10,2.3461965250e+10,1.0602986252e+11,6.7400292735e+10,4.9858530754e+10,4.2520828848e+10,3.8117727195e+10,2.8262397775e+10,2.4470659140e+10,2.2380130745e+10,1.9058863598e+10,9.6174533103e+10,5.7544963314e+10,4.0003201334e+10,3.2665499428e+10,2.8262397775e+10,1.8407068354e+10,1.4615329719e+10,1.2524801325e+10,9.2035341772e+09,9.2382794468e+10,5.3753224680e+10,3.6211462699e+10,2.8873760793e+10,2.4470659140e+10,1.4615329719e+10,1.0823591085e+10,8.7330626900e+09,5.4117955423e+09,9.0292266074e+10,5.1662696285e+10,3.4120934305e+10,2.6783232398e+10,2.2380130745e+10,1.2524801325e+10,8.7330626900e+09,6.6425342955e+09,3.3212671477e+09
174,1900,40,1.8895574821e+11,1.3939064454e+11,1.2023920844e+11,1.1329508079e+11,1.0938976218e+11,1.0137937027e+11,9.8477259179e+10,9.6910625750e+10,9.4477874106e+10,1.3939064454e+11,8.9825540861e+10,7.0674104766e+10,6.3729977117e+10,5.9824658507e+10,5.1814266594e+10,4.8912155502e+10,4.7345522074e+10,4.4912770430e+10,1.2023920844e+11,7.0674104766e+10,5.1522668671e+10,4.4578541023e+10,4.0673222412e+10,3.2662830499e+10,2.9760719408e+10,2.8194085979e+10,2.5761334335e+10,1.1329508079e+11,6.3729977117e+10,4.4578541023e+10,3.7634413374e+10,3.3729094764e+10,2.5718702851e+10,2.2816591759e+10,2.1249958331e+10,1.8817206687e+10,1.0938976218e+11,5.9824658507e+10,4.0673222412e+10,3.3729094764e+10,2.9823776154e+10,2.1813384240e+10,1.8911273149e+10,1.7344639721e+10,1.4911888077e+10,1.0137937027e+11,5.1814266594e+10,3.2662830499e+10,2.5718702851e+10,2.1813384240e+10,1.3802992327e+10,1.0900881236e+10,9.3342478072e+09,6.9014961635e+09,9.8477259179e+10,4.8912155502e+10,2.9760719408e+10,2.2816591759e+10,1.8911273149e+10,1.0900881236e+10,7.9987701444e+09,6.4321367159e+09,3.9993850722e+09,9.6910625750e+10,4.7345522074e+10,2.8194085979e+10,2.1249958331e+10,1.7344639721e+10,9.3342478072e+09,6.4321367159e+09,4.8655032873e+09,2.4327516437e+09
175,1900,50,1.7286881595e+11,1.2413618414e+11,1.0720759218e+11,1.0146212763e+11,9.8303345022e+10,9.1959372649e+10,8.9650202625e+10,8.8392927329e+10,8.6434407975e+10,1.2413618414e+11,7.5403552330e+10,5.8474960374e+10,5.2729495817e+10,4.9570713212e+10,4.3226740840e+10,4.0917570816e+10,3.9660295519e+10,3.7701776165e+10,1.0720759218e+11,5.8474960374e+10,4.1546368417e+10,3.5800903860e+10,3.2642121256e+10,2.6298148883e+10,2.3988978859e+10,2.2731703562e+10,2.0773184208e+10,1.0146212763e+11,5.2729495817e+10,3.5800903860e+10,3.0055439304e+10,2.6896656699e+10,2.0552684326e+10,1.8243514302e+10,1.6986239006e+10,1.5027719652e+10,9.8303345022e+10,4.9570713212e+10,3.2642121256e+10,2.6896656699e+10,2.3737874095e+10,1.7393901722e+10,1.5084731698e+10,1.3827456401e+10,1.1868937047e+10,9.1959372649e+10,4.3226740840e+10,2.6298148883e+10,2.0552684326e+10,1.7393901722e+10,1.1049929349e+10,8.7407593252e+09,7.4834840284e+09,5.5249646746e+09,8.9650202625e+10,4.0917570816e+10,2.3988978859e+10,1.8243514302e+10,1.5084731698e+10,8.7407593252e+09,6.4315893013e+09,5.1743140045e+09,3.2157946506e+09,8.8392927329e+10,3.9660295519e+10,2.2731703562e+10,1.6986239006e+10,1.3827456401e+10,7.4834840284e+09,5.1743140045e+09,3.9170387077e+09,1.9585193538e+09
176,1900,60,1.4417239701e+11,1.0349255882e+11,8.9685356590e+10,8.4956833326e+10,8.2326919069e+10,7.6915027131e+10,7.4901027952e+10,7.3797977812e+10,7.2086198504e+10,1.0349255882e+11,6.2812720629e+10,4.9005518400e+10,4.4276995136e+10,4.1647080879e+10,3.6235188941e+10,3.4221189762e+10,3.3118139622e+10,3.1406360314e+10,8.9685356590e+10,4.9005518400e+10,3.5198316172e+10,3.0469792908e+10,2.7839878650e+10,2.2427986712e+10,2.0413987533e+10,1.9310937393e+10,1.7599158086e+10,8.4956833326e+10,4.4276995136e+10,3.0469792908e+10,2.5741269643e+10,2.3111355386e+10,1.7699463448e+10,1.5685464269e+10,1.4582414129e+10,1.2870634822e+10,8.2326919069e+10,4.1647080879e+10,2.7839878650e+10,2.3111355386e+10,2.0481441129e+10,1.5069549191e+10,1.3055550012e+10,1.1952499872e+10,1.0240720565e+10,7.6915027131e+10,3.6235188941e+10,2.2427986712e+10,1.7699463448e+10,1.5069549191e+10,9.6576572528e+09,7.6436580737e+09,6.5406079340e+09,4.8288286264e+09,7.4901027952e+10,3.4221189762e+10,2.0413987533e+10,1.5685464269e+10,1.3055550012e+10,7.6436580737e+09,5.6296588947e+09,4.5266087549e+09,2.8148294473e+09,7.3797977812e+10,3.3118139622e+10,1.9310937393e+10,1.4582414129e+10,1.1952499872e+10,6.5406079340e+09,4.5266087549e+09,3.4235586152e+09,1.7117793076e+09
177,1900,70,1.2776031309e+11,9.2347420388e+10,8.0018708960e+10,7.5713248028e+10,7.3311792015e+10,6.8333473833e+10,6.6474302387e+10,6.5456246003e+10,6.3880156546e+10,9.2347420388e+10,5.6934527684e+10,4.4605816256e+10,4.0300355324e+10,3.7898899311e+10,3.2920581129e+10,3.1061409683e+10,3.0043353299e+10,2.8467263842e+10,8.0018708960e+10,4.4605816256e+10,3.2277104828e+10,2.7971643897e+10,2.5570187884e+10,2.0591869701e+10,1.8732698256e+10,1.7714641871e+10,1.6138552414e+10,7.5713248028e+10,4.0300355324e+10,2.7971643897e+10,2.3666182965e+10,2.1264726952e+10,1.6286408770e+10,1.4427237324e+10,1.3409180940e+10,1.1833091483e+10,7.3311792015e+10,3.7898899311e+10,2.5570187884e+10,2.1264726952e+10,1.8863270939e+10,1.3884952756e+10,1.2025781311e+10,1.1007724927e+10,9.4316354695e+09,6.8333473833e+10,3.2920581129e+10,2.0591869701e+10,1.6286408770e+10,1.3884952756e+10,8.9066345739e+09,7.0474631285e+09,6.0294067443e+09,4.4533172869e+09,6.6474302387e+10,3.1061409683e+10,1.8732698256e+10,1.4427237324e+10,1.2025781311e+10,7.0474631285e+09,5.1882916830e+09,4.1702352989e+09,2.5941458415e+09,6.5456246003e+10,3.0043353299e+10,1.7714641871e+10,1.3409180940e+10,1.1007724927e+10,6.0294067443e+09,4.1702352989e+09,3.1521789147e+09,1.5760894573e+09
178,1900,80,1.1678319688e+11,8.4123230359e+10,7.2848273760e+10,6.8985412222e+10,6.6858164066e+10,6.2476895121e+10,6.0820787201e+10,5.9885418673e+10,5.8391598441e+10,8.4123230359e+10,5.1463263836e+10,4.0188307237e+10,3.6325445699e+10,3.4198197542e+10,2.9816928598e+10,2.8160820677e+10,2.7225452149e+10,2.5731631918e+10,7.2848273760e+10,4.0188307237e+10,2.8913350638e+10,2.5050489100e+10,2.2923240944e+10,1.8541971999e+10,1.6885864078e+10,1.5950495551e+10,1.4456675319e+10,6.8985412222e+10,3.6325445699e+10,2.5050489100e+10,2.1187627562e+10,1.9060379406e+10,1.4679110461e+10,1.3023002540e+10,1.2087634013e+10,1.0593813781e+10,6.6858164066e+10,3.4198197542e+10,2.2923240944e+10,1.9060379406e+10,1.6933131249e+10,1.2551862305e+10,1.0895754384e+10,9.9603858562e+09,8.4665656246e+09,6.2476895121e+10,2.9816928598e+10,1.8541971999e+10,1.4679110461e+10,1.2551862305e+10,8.1705933600e+09,6.5144854392e+09,5.5791169116e+09,4.0852966800e+09,6.0820787201e+10,2.8160820677e+10,1.6885864078e+10,1.3023002540e+10,1.0895754384e+10,6.5144854392e+09,4.8583775185e+09,3.9230089908e+09,2.4291887592e+09,5.9885418673e+10,2.7225452149e+10,1.5950495551e+10,1.2087634013e+10,9.9603858562e+09,5.5791169116e+09,3.9230089908e+09,2.9876404632e+09,1.4938202316e+09
179,1900,90,1.1824900580e+11,8.5735317348e+10,7.4262061283e+10,7.0227443769e+10,6.7977476093e+10,6.3306367093e+10,6.1561627573e+10,6.0605967668e+10,5.9124502898e+10,8.5735317348e+10,5.3221628900e+10,4.1748372836e+10,3.7713755322e+10,3.5463787646e+10,3.0792678645e+10,2.9047939125e+10,2.8092279220e+10,2.6610814450e+10,7.4262061283e+10,4.1748372836e+10,3.0275116771e+10,2.6240499257e+10,2.3990531581e+10,1.9319422581e+10,1.7574683060e+10,1.6619023156e+10,1.5137558386e+10,7.0227443769e+10,3.7713755322e+10,2.6240499257e+10,2.2205881743e+10,1.9955914067e+10,1.5284805067e+10,1.3540065546e+10,1.2584405642e+10,1.1102940872e+10,6.7977476093e+10,3.5463787646e+10,2.3990531581e+10,1.9955914067e+10,1.7705946391e+10,1.3034837391e+10,1.1290097870e+10,1.0334437966e+10,8.8529731956e+09,6.3306367093e+10,3.0792678645e+10,1.9319422581e+10,1.5284805067e+10,1.3034837391e+10,8.3637283901e+09,6.6189888699e+09,5.6633289651e+09,4.1818641951e+09,6.1561627573e+10,2.9047939125e+10,1.7574683060e+10,1.3540065546e+10,1.1290097870e+10,6.6189888699e+09,4.8742493496e+09,3.9185894449e+09,2.4371246748e+09,6.0605967668e+10,2.8092279220e+10,1.6619023156e+10,1.2584405642e+10,1.0334437966e+10,5.6633289651e+09,3.9185894449e+09,2.9629295401e+09,1.4814647700e+09
180,2000,0,1.8116810645e+11,1.5212470460e+11,1.3620050121e+11,1.2817751249e+11,1.2282227063e+11,1.0861134406e+11,1.0197144601e+11,9.7870875847e+10,9.0584053223e+10,1.5212470460e+11,1.2308130275e+11,1.0715709936e+11,9.9134110643e+10,9.3778868778e+10,7.9567942208e+10,7.2928044164e+10,6.8827473999e+10,6.1540651375e+10,1.3620050121e+11,1.0715709936e+11,9.1232895967e+10,8.3209907251e+10,7.7854665386e+10,6.3643738816e+10,5.7003840772e+10,5.2903270607e+10,4.5616447983e+10,1.2817751249e+11,9.9134110643e+10,8.3209907251e+10,7.5186918535e+10,6.9831676670e+10,5.5620750100e+10,4.8980852056e+10,4.4880281891e+10,3.7593459268e+10,1.2282227063e+11,9.3778868778e+10,7.7854665386e+10,6.9831676670e+10,6.4476434805e+10,5.0265508235e+10,4.3625610191e+10,3.9525040026e+10,3.2238217402e+10,1.0861134406e+11,7.9567942208e+10,6.3643738816e+10,5.5620750100e+10,5.0265508235e+10,3.6054581665e+10,2.9414683621e+10,2.5314113457e+10,1.8027290833e+10,1.0197144601e+11,7.2928044164e+10,5.7003840772e+10,4.8980852056e+10,4.3625610191e+10,2.9414683621e+10,2.2774785577e+10,1.8674215413e+10,1.1387392789e+10,9.7870875847e+10,6.8827473999e+10,5.2903270607e+10,4.4880281891e+10,3.9525040026e+10,2.5314113457e+10,1.8674215413e+10,1.4573645248e+10,7.2868226238e+09
181,2000,10,1.8893278660e+11,1.5741695449e+11,1.4051594548e+11,1.3210051284e+11,1.2651618630e+11,1.1190563949e+11,1.0528780163e+11,1.0130772053e+11,9.4466393301e+10,1.5741695449e+11,1.2590112237e+11,1.0900011336e+11,1.0058468073e+11,9.5000354185e+10,8.0389807374e+10,7.3771969513e+10,6.9791888412e+10,6.2950561185e+10,1.4051594548e+11,1.0900011336e+11,9.2099104358e+10,8.3683671721e+10,7.8099345179e+10,6.3488798368e+10,5.6870960507e+10,5.2890879406e+10,4.6049552179e+10,1.3210051284e+11,1.0058468073e+11,8.3683671721e+10,7.5268239084e+10,6.9683912542e+10,5.5073365731e+10,4.8455527870e+10,4.4475446769e+10,3.7634119542e+10,1.2651618630e+11,9.5000354185e+10,7.8099345179e+10,6.9683912542e+10,6.4099586000e+10,4.9489039189e+10,4.2871201328e+10,3.8891120227e+10,3.2049793000e+10,1.1190563949e+11,8.0389807374e+10,6.3488798368e+10,5.5073365731e+10,4.9489039189e+10,3.4878492378e+10,2.8260654517e+10,2.4280573416e+10,1.7439246189e+10,1.0528780163e+11,7.3771969513e+10,5.6870960507e+10,4.8455527870e+10,4.2871201328e+10,2.8260654517e+10,2.1642816656e+10,1.7662735555e+10,1.0821408328e+10,1.0130772053e+11,6.9791888412e+10,5.2890879406e+10,4.4475446769e+10,3.8891120227e+10,2.4280573416e+10,1.7662735555e+10,1.3682654455e+10,6.8413272273e+09
182,2000,20,2.0109438185e+11,1.6370472201e+11,1.4457568812e+11,1.3550742941e+11,1.2968205547e+11,1.1532211314e+11,1.0935702779e+11,1.0597628923e+11,1.0054719093e+11,1.6370472201e+11,1.2631506217e+11,1.0718602828e+11,9.8117769571e+10,9.2292395628e+10,7.7932453293e+10,7.1967367947e+10,6.8586629384e+10,6.3157531084e+10,1.4457568812e+11,1.0718602828e+11,8.8056994395e+10,7.8988735685e+10,7.3163361742e+10,5.8803419407e+10,5.2838334061e+10,4.9457595498e+10,4.4028497198e+10,1.3550742941e+11,9.8117769571e+10,7.8988735685e+10,6.9920476976e+10,6.4095103032e+10,4.9735160698e+10,4.3770075351e+10,4.0389336788e+10,3.4960238488e+10,1.2968205547e+11,9.2292395628e+10,7.3163361742e+10,6.4095103032e+10,5.8269729088e+10,4.3909786754e+10,3.7944701407e+10,3.4563962845e+10,2.9134864544e+10,1.1532211314e+11,7.7932453293e+10,5.8803419407e+10,4.9735160698e+10,4.3909786754e+10,2.9549844420e+10,2.3584759073e+10,2.0204020511e+10,1.4774922210e+10,1.0935702779e+11,7.1967367947e+10,5.2838334061e+10,4.3770075351e+10,3.7944701407e+10,2.3584759073e+10,1.7619673726e+10,1.4238935164e+10,8.8098368631e+09,1.0597628923e+11,6.8586629384e+10,4.9457595498e+10,4.0389336788e+10,3.4563962845e+10,2.0204020511e+10,1.4238935164e+10,1.0858196601e+10,5.4290983007e+09
183,2000,30,2.2059218423e+11,1.7144392190e+11,1.4903851394e+11,1.3966919034e+11,1.3404942982e+11,1.2152333759e+11,1.1677660358e+11,1.1420441682e+11,1.1029609211e+11,1.7144392190e+11,1.2229565957e+11,9.9890251612e+10,9.0520928009e+10,8.4901167493e+10,7.2375075260e+10,6.7628341248e+10,6.5056154492e+10,6.1147829785e+10,1.4903851394e+11,9.9890251612e+10,7.7484843653e+10,6.8115520050e+10,6.2495759534e+10,4.9969667301e+10,4.5222933289e+10,4.2650746533e+10,3.8742421826e+10,1.3966919034e+11,9.0520928009e+10,6.8115520050e+10,5.8746196447e+10,5.3126435931e+10,4.0600343698e+10,3.5853609686e+10,3.3281422930e+10,2.9373098223e+10,1.3404942982e+11,8.4901167493e+10,6.2495759534e+10,5.3126435931e+10,4.7506675415e+10,3.4980583182e+10,3.0233849170e+10,2.7661662414e+10,2.3753337707e+10,1.2152333759e+11,7.2375075260e+10,4.9969667301e+10,4.0600343698e+10,3.4980583182e+10,2.2454490950e+10,1.7707756938e+10,1.5135570181e+10,1.1227245475e+10,1.1677660358e+11,6.7628341248e+10,4.5222933289e+10,3.5853609686e+10,3.0233849170e+10,1.7707756938e+10,1.2961022925e+10,1.0388836169e+10,6.4805114627e+09,1.1420441682e+11,6.5056154492e+10,4.2650746533e+10,3.3281422930e+10,2.7661662414e+10,1.5135570181e+10,1.0388836169e+10,7.8166494131e+09,3.9083247065e+09
184,2000,40,2.3579102818e+11,1.7384121543e+11,1.4987972277e+11,1.4118146122e+11,1.3628447333e+11,1.2625180271e+11,1.2265735499e+11,1.2074481991e+11,1.1789551409e+11,1.7384121543e+11,1.1189140269e+11,8.7929910025e+10,7.9231648480e+10,7.4334660587e+10,6.4301989961e+10,6.0707542250e+10,5.8795007166e+10,5.5945701343e+10,1.4987972277e+11,8.7929910025e+10,6.3968417363e+10,5.5270155818e+10,5.0373167926e+10,4.0340497299e+10,3.6746049588e+10,3.4833514504e+10,3.1984208682e+10,1.4118146122e+11,7.9231648480e+10,5.5270155818e+10,4.6571894273e+10,4.1674906381e+10,3.1642235754e+10,2.8047788044e+10,2.6135252959e+10,2.3285947137e+10,1.3628447333e+11,7.4334660587e+10,5.0373167926e+10,4.1674906381e+10,3.6777918488e+10,2.6745247862e+10,2.3150800151e+10,2.1238265067e+10,1.8388959244e+10,1.2625180271e+11,6.4301989961e+10,4.0340497299e+10,3.1642235754e+10,2.6745247862e+10,1.6712577235e+10,1.3118129525e+10,1.1205594440e+10,8.3562886176e+09,1.2265735499e+11,6.0707542250e+10,3.6746049588e+10,2.8047788044e+10,2.3150800151e+10,1.3118129525e+10,9.5236818140e+09,7.6111467298e+09,4.7618409070e+09,1.2074481991e+11,5.8795007166e+10,3.4833514504e+10,2.6135252959e+10,2.1238265067e+10,1.1205594440e+10,7.6111467298e+09,5.6986116457e+09,2.8493058228e+09
185,2000,50,2.1389594389e+11,1.5351616383e+11,1.3255156290e+11,1.2542908883e+11,1.2150546527e+11,1.1361497373e+11,1.1076745055e+11,1.0923764684e+11,1.0694797195e+11,1.5351616383e+11,9.3136383779e+10,7.2171782842e+10,6.5049308774e+10,6.1125685212e+10,5.3235193679e+10,5.0387670491e+10,4.8857866780e+10,4.6568191890e+10,1.3255156290e+11,7.2171782842e+10,5.1207181905e+10,4.4084707837e+10,4.0161084275e+10,3.2270592742e+10,2.9423069555e+10,2.7893265843e+10,2.5603590953e+10,1.2542908883e+11,6.5049308774e+10,4.4084707837e+10,3.6962233769e+10,3.3038610208e+10,2.5148118674e+10,2.2300595487e+10,2.0770791775e+10,1.8481116885e+10,1.2150546527e+11,6.1125685212e+10,4.0161084275e+10,3.3038610208e+10,2.9114986646e+10,2.1224495112e+10,1.8376971925e+10,1.6847168214e+10,1.4557493323e+10,1.1361497373e+11,5.3235193679e+10,3.2270592742e+10,2.5148118674e+10,2.1224495112e+10,1.3334003579e+10,1.0486480391e+10,8.9566766804e+09,6.6670017897e+09,1.1076745055e+11,5.0387670491e+10,2.9423069555e+10,2.2300595487e+10,1.8376971925e+10,1.0486480391e+10,7.6389572037e+09,6.1091534926e+09,3.8194786018e+09,1.0923764684e+11,4.8857866780e+10,2.7893265843e+10,2.0770791775e+10,1.6847168214e+10,8.9566766804e+09,6.1091534926e+09,4.5793497815e+09,2.2896748908e+09
186,2000,60,1.7677841029e+11,1.2695315111e+11,1.1000716863e+11,1.0417588773e+11,1.0092066253e+11,9.4203403291e+10,9.1725058095e+10,9.0385819976e+10,8.8389205146e+10,1.2695315111e+11,7.7127891918e+10,6.0181909447e+10,5.4350628545e+10,5.1095403347e+10,4.4378144104e+10,4.1899798908e+10,4.0560560789e+10,3.8563945959e+10,1.1000716863e+11,6.0181909447e+10,4.3235926976e+10,3.7404646074e+10,3.4149420876e+10,2.7432161633e+10,2.4953816437e+10,2.3614578318e+10,2.1617963488e+10,1.0417588773e+11,5.4350628545e+10,3.7404646074e+10,3.1573365171e+10,2.8318139974e+10,2.1600880730e+10,1.9122535534e+10,1.7783297415e+10,1.5786682586e+10,1.0092066253e+11,5.1095403347e+10,3.4149420876e+10,2.8318139974e+10,2.5062914776e+10,1.8345655533e+10,1.5867310337e+10,1.4528072218e+10,1.2531457388e+10,9.4203403291e+10,4.4378144104e+10,2.7432161633e+10,2.1600880730e+10,1.8345655533e+10,1.1628396290e+10,9.1500510935e+09,7.8108129743e+09,5.8141981448e+09,9.1725058095e+10,4.1899798908e+10,2.4953816437e+10,1.9122535534e+10,1.5867310337e+10,9.1500510935e+09,6.6717058974e+09,5.3324677782e+09,3.3358529487e+09,9.0385819976e+10,4.0560560789e+10,2.3614578318e+10,1.7783297415e+10,1.4528072218e+10,7.8108129743e+09,5.3324677782e+09,3.9932296591e+09,1.9966148295e+09
187,2000,70,1.5432366015e+11,1.1175389872e+11,9.6824178866e+10,9.1570985343e+10,8.8624905157e+10,8.2493156576e+10,8.0220879560e+10,7.8992372770e+10,7.7161830074e+10,1.1175389872e+11,6.9184137297e+10,5.4254417441e+10,4.9001223918e+10,4.6055143731e+10,3.9923395151e+10,3.7651118135e+10,3.6422611345e+10,3.4592068649e+10,9.6824178866e+10,5.4254417441e+10,3.9324697585e+10,3.4071504062e+10,3.1125423875e+10,2.4993675295e+10,2.2721398279e+10,2.1492891488e+10,1.9662348792e+10,9.1570985343e+10,4.9001223918e+10,3.4071504062e+10,2.8818310538e+10,2.5872230352e+10,1.9740481771e+10,1.7468204755e+10,1.6239697965e+10,1.4409155269e+10,8.8624905157e+10,4.6055143731e+10,3.1125423875e+10,2.5872230352e+10,2.2926150166e+10,1.6794401585e+10,1.4522124569e+10,1.3293617779e+10,1.1463075083e+10,8.2493156576e+10,3.9923395151e+10,2.4993675295e+10,1.9740481771e+10,1.6794401585e+10,1.0662653004e+10,8.3903759884e+09,7.1618691983e+09,5.3313265022e+09,8.0220879560e+10,3.7651118135e+10,2.2721398279e+10,1.7468204755e+10,1.4522124569e+10,8.3903759884e+09,6.1180989725e+09,4.8895921823e+09,3.0590494862e+09,7.8992372770e+10,3.6422611345e+10,2.1492891488e+10,1.6239697965e+10,1.3293617779e+10,7.1618691983e+09,4.8895921823e+09,3.6610853922e+09,1.8305426961e+09
188,2000,80,1.4416655159e+11,1.0475378505e+11,9.0743961842e+10,8.5774967347e+10,8.2984154051e+10,7.7157751811e+10,7.4996023608e+10,7.3826863886e+10,7.2083275794e+10,1.0475378505e+11,6.5341018514e+10,5.1331195305e+10,4.6362200810e+10,4.3571387514e+10,3.7744985274e+10,3.5583257071e+10,3.4414097349e+10,3.2670509257e+10,9.0743961842e+10,5.1331195305e+10,3.7321372097e+10,3.2352377601e+10,2.9561564305e+10,2.3735162065e+10,2.1573433863e+10,2.0404274141e+10,1.8660686048e+10,8.5774967347e+10,4.6362200810e+10,3.2352377601e+10,2.7383383105e+10,2.4592569810e+10,1.8766167569e+10,1.6604439367e+10,1.5435279645e+10,1.3691691553e+10,8.2984154051e+10,4.3571387514e+10,2.9561564305e+10,2.4592569810e+10,2.1801756514e+10,1.5975354274e+10,1.3813626071e+10,1.2644466349e+10,1.0900878257e+10,7.7157751811e+10,3.7744985274e+10,2.3735162065e+10,1.8766167569e+10,1.5975354274e+10,1.0148952034e+10,7.9872238313e+09,6.8180641092e+09,5.0744760168e+09,7.4996023608e+10,3.5583257071e+10,2.1573433863e+10,1.6604439367e+10,1.3813626071e+10,7.9872238313e+09,5.8254956289e+09,4.6563359068e+09,2.9127478144e+09,7.3826863886e+10,3.4414097349e+10,2.0404274141e+10,1.5435279645e+10,1.2644466349e+10,6.8180641092e+09,4.6563359068e+09,3.4871761847e+09,1.7435880923e+09
189,2000,90,1.4159067372e+11,1.0292829486e+11,8.9160268097e+10,8.4271495437e+10,8.1525846914e+10,7.5791718432e+10,7.3663789340e+10,7.2512725119e+10,7.0795336860e+10,1.0292829486e+11,6.4265915994e+10,5.0497889233e+10,4.5609116574e+10,4.2863468051e+10,3.7129339569e+10,3.5001410477e+10,3.3850346256e+10,3.2132957997e+10,8.9160268097e+10,5.0497889233e+10,3.6729862473e+10,3.1841089813e+10,2.9095441291e+10,2.3361312808e+10,2.1233383716e+10,2.0082319495e+10,1.8364931236e+10,8.4271495437e+10,4.5609116574e+10,3.1841089813e+10,2.6952317154e+10,2.4206668631e+10,1.8472540149e+10,1.6344611057e+10,1.5193546836e+10,1.3476158577e+10,8.1525846914e+10,4.2863468051e+10,2.9095441291e+10,2.4206668631e+10,2.1461020108e+10,1.5726891626e+10,1.3598962534e+10,1.2447898313e+10,1.0730510054e+10,7.5791718432e+10,3.7129339569e+10,2.3361312808e+10,1.8472540149e+10,1.5726891626e+10,9.9927631433e+09,7.8648340512e+09,6.7137698305e+09,4.9963815717e+09,7.3663789340e+10,3.5001410477e+10,2.1233383716e+10,1.6344611057e+10,1.3598962534e+10,7.8648340512e+09,5.7369049592e+09,4.5858407384e+09,2.8684524796e+09,7.2512725119e+10,3.3850346256e+10,2.0082319495e+10,1.5193546836e+10,1.2447898313e+10,6.7137698305e+09,4.5858407384e+09,3.4347765177e+09,1.7173882588e+09
190,2500,0,4.6389333232e+11,3.8747195763e+11,3.4401827519e+11,3.2195293847e+11,3.0724325160e+11,2.6929692420e+11,2.5321432277e+11,2.4428371680e+11,2.3194666616e+11,3.8747195763e+11,3.1105058294e+11,2.6759690049e+11,2.4553156377e+11,2.3082187691e+11,1.9287554950e+11,1.7679294808e+11,1.6786234211e+11,1.5552529147e+11,3.4401827519e+11,2.6759690049e+11,2.2414321805e+11,2.0207788133e+11,1.8736819447e+11,1.4942186706e+11,1.3333926563e+11,1.2440865966e+11,1.1207160902e+11,3.2195293847e+11,2.4553156377e+11,2.0207788133e+11,1.8001254461e+11,1.6530285775e+11,1.2735653034e+11,1.1127392891e+11,1.0234332294e+11,9.0006272306e+10,3.0724325160e+11,2.3082187691e+11,1.8736819447e+11,1.6530285775e+11,1.5059317088e+11,1.1264684348e+11,9.6564242048e+10,8.7633636078e+10,7.5296585441e+10,2.6929692420e+11,1.9287554950e+11,1.4942186706e+11,1.2735653034e+11,1.1264684348e+11,7.4700516071e+10,5.8617914643e+10,4.9687308672e+10,3.7350258036e+10,2.5321432277e+11,1.7679294808e+11,1.3333926563e+11,1.1127392891e+11,9.6564242048e+10,5.8617914643e+10,4.2535313214e+10,3.3604707244e+10,2.1267656607e+10,2.4428371680e+11,1.6786234211e+11,1.2440865966e+11,1.0234332294e+11,8.7633636078e+10,4.9687308672e+10,3.3604707244e+10,2.4674101274e+10,1.2337050637e+10
191,2500,10,4.8483186921e+11,4.0120853321e+11,3.5481707108e+11,3.3171861180e+11,3.1649804227e+11,2.7803967822e+11,2.6228300968e+11,2.5376760973e+11,2.4241593460e+11,4.0120853321e+11,3.1758519722e+11,2.7119373508e+11,2.4809527581e+11,2.3287470627e+11,1.9441634222e+11,1.7865967369e+11,1.7014427374e+11,1.5879259861e+11,3.5481707108e+11,2.7119373508e+11,2.2480227295e+11,2.0170381367e+11,1.8648324414e+11,1.4802488009e+11,1.3226821155e+11,1.2375281160e+11,1.1240113647e+11,3.3171861180e+11,2.4809527581e+11,2.0170381367e+11,1.7860535439e+11,1.6338478486e+11,1.2492642081e+11,1.0916975228e+11,1.0065435232e+11,8.9302677197e+10,3.1649804227e+11,2.3287470627e+11,1.8648324414e+11,1.6338478486e+11,1.4816421532e+11,1.0970585128e+11,9.3949182741e+10,8.5433782788e+10,7.4082107662e+10,2.7803967822e+11,1.9441634222e+11,1.4802488009e+11,1.2492642081e+11,1.0970585128e+11,7.1247487230e+10,5.5490818695e+10,4.6975418741e+10,3.5623743615e+10,2.6228300968e+11,1.7865967369e+11,1.3226821155e+11,1.0916975228e+11,9.3949182741e+10,5.5490818695e+10,3.9734150159e+10,3.1218750205e+10,1.9867075079e+10,2.5376760973e+11,1.7014427374e+11,1.2375281160e+11,1.0065435232e+11,8.5433782788e+10,4.6975418741e+10,3.1218750205e+10,2.2703350252e+10,1.1351675126e+10
192,2500,20,5.4182865815e+11,4.3410285868e+11,3.7896833145e+11,3.5370699491e+11,3.3784960277e+11,3.0075128302e+11,2.8687333161e+11,2.7978471201e+11,2.7091432908e+11,4.3410285868e+11,3.2637705922e+11,2.7124253199e+11,2.4598119544e+11,2.3012380331e+11,1.9302548356e+11,1.7914753214e+11,1.7205891254e+11,1.6318852961e+11,3.7896833145e+11,2.7124253199e+11,2.1610800475e+11,1.9084666821e+11,1.7498927607e+11,1.3789095632e+11,1.2401300491e+11,1.1692438531e+11,1.0805400238e+11,3.5370699491e+11,2.4598119544e+11,1.9084666821e+11,1.6558533167e+11,1.4972793953e+11,1.1262961978e+11,9.8751668365e+10,9.1663048768e+10,8.2792665835e+10,3.3784960277e+11,2.3012380331e+11,1.7498927607e+11,1.4972793953e+11,1.3387054740e+11,9.6772227646e+10,8.2894276229e+10,7.5805656631e+10,6.6935273698e+10,3.0075128302e+11,1.9302548356e+11,1.3789095632e+11,1.1262961978e+11,9.6772227646e+10,5.9673907895e+10,4.5795956478e+10,3.8707336880e+10,2.9836953947e+10,2.8687333161e+11,1.7914753214e+11,1.2401300491e+11,9.8751668365e+10,8.2894276229e+10,4.5795956478e+10,3.1918005061e+10,2.4829385463e+10,1.5959002530e+10,2.7978471201e+11,1.7205891254e+11,1.1692438531e+11,9.1663048768e+10,7.5805656631e+10,3.8707336880e+10,2.4829385463e+10,1.7740765865e+10,8.8703829324e+09
193,2500,30,6.1795697858e+11,4.6851955923e+11,4.0326291525e+11,3.7750609846e+11,3.6254208957e+11,3.3117616369e+11,3.2047990283e+11,3.1524236281e+11,3.0897848929e+11,4.6851955923e+11,3.1908213987e+11,2.5382549590e+11,2.2806867911e+11,2.1310467021e+11,1.8173874433e+11,1.7104248347e+11,1.6580494345e+11,1.5954106994e+11,4.0326291525e+11,2.5382549590e+11,1.8856885192e+11,1.6281203513e+11,1.4784802624e+11,1.1648210036e+11,1.0578583949e+11,1.0054829948e+11,9.4284425960e+10,3.7750609846e+11,2.2806867911e+11,1.6281203513e+11,1.3705521834e+11,1.2209120945e+11,9.0725283568e+10,8.0029022704e+10,7.4791482689e+10,6.8527609170e+10,3.6254208957e+11,2.1310467021e+11,1.4784802624e+11,1.2209120945e+11,1.0712720056e+11,7.5761274676e+10,6.5065013811e+10,5.9827473796e+10,5.3563600278e+10,3.3117616369e+11,1.8173874433e+11,1.1648210036e+11,9.0725283568e+10,7.5761274676e+10,4.4395348796e+10,3.3699087932e+10,2.8461547917e+10,2.2197674398e+10,3.2047990283e+11,1.7104248347e+11,1.0578583949e+11,8.0029022704e+10,6.5065013811e+10,3.3699087932e+10,2.3002827067e+10,1.7765287052e+10,1.1501413534e+10,3.1524236281e+11,1.6580494345e+11,1.0054829948e+11,7.4791482689e+10,5.9827473796e+10,2.8461547917e+10,1.7765287052e+10,1.2527747037e+10,6.2638735185e+09
194,2500,40,6.1732663545e+11,4.4709354435e+11,3.8337464898e+11,3.6108313590e+11,3.4881287605e+11,3.2486111842e+11,3.1702111627e+11,3.1320601446e+11,3.0866331772e+11,4.4709354435e+11,2.7686045325e+11,2.1314155789e+11,1.9085004481e+11,1.7857978495e+11,1.5462802733e+11,1.4678802518e+11,1.4297292336e+11,1.3843022663e+11,3.8337464898e+11,2.1314155789e+11,1.4942266252e+11,1.2713114944e+11,1.1486088958e+11,9.0909131961e+10,8.3069129811e+10,7.9254027995e+10,7.4711331260e+10,3.6108313590e+11,1.9085004481e+11,1.2713114944e+11,1.0483963636e+11,9.2569376502e+10,6.8617618881e+10,6.0777616731e+10,5.6962514915e+10,5.2419818180e+10,3.4881287605e+11,1.7857978495e+11,1.1486088958e+11,9.2569376502e+10,8.0299116644e+10,5.6347359023e+10,4.8507356873e+10,4.4692255057e+10,4.0149558322e+10,3.2486111842e+11,1.5462802733e+11,9.0909131961e+10,6.8617618881e+10,5.6347359023e+10,3.2395601402e+10,2.4555599252e+10,2.0740497436e+10,1.6197800701e+10,3.1702111627e+11,1.4678802518e+11,8.3069129811e+10,6.0777616731e+10,4.8507356873e+10,2.4555599252e+10,1.6715597101e+10,1.2900495286e+10,8.3577985507e+09,3.1320601446e+11,1.4297292336e+11,7.9254027995e+10,5.6962514915e+10,4.4692255057e+10,2.0740497436e+10,1.2900495286e+10,9.0853934701e+09,4.5426967351e+09
195,2500,50,5.2735511066e+11,3.7529150760e+11,3.2268317108e+11,3.0504338573e+11,2.9542068487e+11,2.7665416078e+11,2.7041260695e+11,2.6734486616e+11,2.6367755533e+11,3.7529150760e+11,2.2322790454e+11,1.7061956802e+11,1.5297978268e+11,1.4335708182e+11,1.2459055772e+11,1.1834900389e+11,1.1528126310e+11,1.1161395227e+11,3.2268317108e+11,1.7061956802e+11,1.1801123151e+11,1.0037144616e+11,9.0748745302e+10,7.1982221203e+10,6.5740667376e+10,6.2672926588e+10,5.9005615755e+10,3.0504338573e+11,1.5297978268e+11,1.0037144616e+11,8.2731660812e+10,7.3108959952e+10,5.4342435853e+10,4.8100882026e+10,4.5033141238e+10,4.1365830406e+10,2.9542068487e+11,1.4335708182e+11,9.0748745302e+10,7.3108959952e+10,6.3486259093e+10,4.4719734994e+10,3.8478181167e+10,3.5410440379e+10,3.1743129547e+10,2.7665416078e+11,1.2459055772e+11,7.1982221203e+10,5.4342435853e+10,4.4719734994e+10,2.5953210895e+10,1.9711657068e+10,1.6643916280e+10,1.2976605448e+10,2.7041260695e+11,1.1834900389e+11,6.5740667376e+10,4.8100882026e+10,3.8478181167e+10,1.9711657068e+10,1.3470103241e+10,1.0402362453e+10,6.7350516207e+09,2.6734486616e+11,1.1528126310e+11,6.2672926588e+10,4.5033141238e+10,3.5410440379e+10,1.6643916280e+10,1.0402362453e+10,7.3346216652e+09,3.6673108326e+09
196,2500,60,4.2852232970e+11,3.0654110318e+11,2.6421468874e+11,2.4968350493e+11,2.4164046924e+11,2.2558404538e+11,2.2015049069e+11,2.1746616612e+11,2.1426116485e+11,3.0654110318e+11,1.8455987665e+11,1.4223346222e+11,1.2770227841e+11,1.1965924271e+11,1.0360281885e+11,9.8169264161e+10,9.5484939589e+10,9.2279938325e+10,2.6421468874e+11,1.4223346222e+11,9.9907047780e+10,8.5375863973e+10,7.7332828276e+10,6.1276404416e+10,5.5842849725e+10,5.3158525154e+10,4.9953523890e+10,2.4968350493e+11,1.2770227841e+11,8.5375863973e+10,7.0844680166e+10,6.2801644468e+10,4.6745220609e+10,4.1311665918e+10,3.8627341347e+10,3.5422340083e+10,2.4164046924e+11,1.1965924271e+11,7.7332828276e+10,6.2801644468e+10,5.4758608771e+10,3.8702184912e+10,3.3268630221e+10,3.0584305649e+10,2.7379304386e+10,2.2558404538e+11,1.0360281885e+11,6.1276404416e+10,4.6745220609e+10,3.8702184912e+10,2.2645761052e+10,1.7212206361e+10,1.4527881790e+10,1.1322880526e+10,2.2015049069e+11,9.8169264161e+10,5.5842849725e+10,4.1311665918e+10,3.3268630221e+10,1.7212206361e+10,1.1778651670e+10,9.0943270991e+09,5.8893258352e+09,2.1746616612e+11,9.5484939589e+10,5.3158525154e+10,3.8627341347e+10,3.0584305649e+10,1.4527881790e+10,9.0943270991e+09,6.4100025279e+09,3.2050012640e+09
197,2500,70,3.7488595701e+11,2.7016939718e+11,2.3279451043e+11,2.1972517434e+11,2.1245099612e+11,1.9781493048e+11,1.9284122374e+11,1.9038215730e+11,1.8744297851e+11,2.7016939718e+11,1.6545283735e+11,1.2807795060e+11,1.1500861451e+11,1.0773443629e+11,9.3098370645e+10,8.8124663908e+10,8.5665597465e+10,8.2726418677e+10,2.3279451043e+11,1.2807795060e+11,9.0703063840e+10,7.7633727753e+10,7.0359549534e+10,5.5723483888e+10,5.0749777151e+10,4.8290710708e+10,4.5351531920e+10,2.1972517434e+11,1.1500861451e+11,7.7633727753e+10,6.4564391666e+10,5.7290213447e+10,4.2654147801e+10,3.7680441064e+10,3.5221374621e+10,3.2282195833e+10,2.1245099612e+11,1.0773443629e+11,7.0359549534e+10,5.7290213447e+10,5.0016035227e+10,3.5379969582e+10,3.0406262844e+10,2.7947196402e+10,2.5008017614e+10,1.9781493048e+11,9.3098370645e+10,5.5723483888e+10,4.2654147801e+10,3.5379969582e+10,2.0743903936e+10,1.5770197199e+10,1.3311130756e+10,1.0371951968e+10,1.9284122374e+11,8.8124663908e+10,5.0749777151e+10,3.7680441064e+10,3.0406262844e+10,1.5770197199e+10,1.0796490461e+10,8.3374240190e+09,5.3982452307e+09,1.9038215730e+11,8.5665597465e+10,4.8290710708e+10,3.5221374621e+10,2.7947196402e+10,1.3311130756e+10,8.3374240190e+09,5.8783575766e+09,2.9391787883e+09
198,2500,80,1.1823955018e+10,8.2741549679e+09,7.0971184885e+09,6.7176025999e+09,6.5349439520e+09,6.1978130814e+09,6.0772098674e+09,6.0123212626e+09,5.9119775089e+09,8.2741549679e+09,4.7243549179e+09,3.5473184385e+09,3.1678025499e+09,2.9851439020e+09,2.6480130314e+09,2.5274098174e+09,2.4625212126e+09,2.3621774589e+09,7.0971184885e+09,3.5473184385e+09,2.3702819591e+09,1.9907660705e+09,1.8081074227e+09,1.4709765520e+09,1.3503733380e+09,1.2854847332e+09,1.1851409796e+09,6.7176025999e+09,3.1678025499e+09,1.9907660705e+09,1.6112501819e+09,1.4285915341e+09,1.0914606634e+09,9.7085744943e+08,9.0596884462e+08,8.0562509097e+08,6.5349439520e+09,2.9851439020e+09,1.8081074227e+09,1.4285915341e+09,1.2459328862e+09,9.0880201557e+08,7.8819880156e+08,7.2331019675e+08,6.2296644310e+08,6.1978130814e+09,2.6480130314e+09,1.4709765520e+09,1.0914606634e+09,9.0880201557e+08,5.7167114494e+08,4.5106793093e+08,3.8617932612e+08,2.8583557247e+08,6.0772098674e+09,2.5274098174e+09,1.3503733380e+09,9.7085744943e+08,7.8819880156e+08,4.5106793093e+08,3.3046471693e+08,2.6557611211e+08,1.6523235846e+08,6.0123212626e+09,2.4625212126e+09,1.2854847332e+09,9.0596884462e+08,7.2331019675e+08,3.8617932612e+08,2.6557611211e+08,2.0068750730e+08,1.0034375365e+08
199,2500,90,3.4545533355e+11,2.4963746817e+11,2.1507397210e+11,2.0290944947e+11,1.9612747451e+11,1.8244399272e+11,1.7778763650e+11,1.7548430408e+11,1.7272766677e+11,2.4963746817e+11,1.5381960279e+11,1.1925610672e+11,1.0709158410e+11,1.0030960913e+11,8.6626127347e+10,8.1969771126e+10,7.9666438707e+10,7.6909801395e+10,2.1507397210e+11,1.1925610672e+11,8.4692610659e+10,7.2528088031e+10,6.5746113062e+10,5.2062631281e+10,4.7406275061e+10,4.5102942641e+10,4.2346305329e+10,2.0290944947e+11,1.0709158410e+11,7.2528088031e+10,6.0363565404e+10,5.3581590434e+10,3.9898108654e+10,3.5241752433e+10,3.2938420014e+10,3.0181782702e+10,1.9612747451e+11,1.0030960913e+11,6.5746113062e+10,5.3581590434e+10,4.6799615465e+10,3.3116133684e+10,2.8459777463e+10,2.6156445044e+10,2.3399807732e+10,1.8244399272e+11,8.6626127347e+10,5.2062631281e+10,3.9898108654e+10,3.3116133684e+10,1.9432651903e+10,1.4776295683e+10,1.2472963263e+10,9.7163259515e+09,1.7778763650e+11,8.1969771126e+10,4.7406275061e+10,3.5241752433e+10,2.8459777463e+10,1.4776295683e+10,1.0119939462e+10,7.8166070430e+09,5.0599697312e+09,1.7548430408e+11,7.9666438707e+10,4.5102942641e+10,3.2938420014e+10,2.6156445044e+10,1.2472963263e+10,7.8166070430e+09,5.5132746236e+09,2.7566373118e+09
200,3000,0,1.0320247769e+12,8.4134090029e+11,7.3592004023e+11,6.8502715188e+11,6.5234018039e+11,5.7420465713e+11,5.4535907768e+11,5.3122226914e+11,5.1601238843e+11,8.4134090029e+11,6.5065702373e+11,5.4523616367e+11,4.9434327531e+11,4.6165630383e+11,3.8352078057e+11,3.5467520111e+11,3.4053839257e+11,3.2532851187e+11,7.3592004023e+11,5.4523616367e+11,4.3981530361e+11,3.8892241525e+11,3.5623544376e+11,2.7809992051e+11,2.4925434105e+11,2.3511753251e+11,2.1990765180e+11,6.8502715188e+11,4.9434327531e+11,3.8892241525e+11,3.3802952689e+11,3.0534255541e+11,2.2720703215e+11,1.9836145269e+11,1.8422464415e+11,1.6901476345e+11,6.5234018039e+11,4.6165630383e+11,3.5623544376e+11,3.0534255541e+11,2.7265558392e+11,1.9452006067e+11,1.6567448121e+11,1.5153767267e+11,1.3632779196e+11,5.7420465713e+11,3.8352078057e+11,2.7809992051e+11,2.2720703215e+11,1.9452006067e+11,1.1638453741e+11,8.7538957954e+10,7.3402149414e+10,5.8192268706e+10,5.4535907768e+11,3.5467520111e+11,2.4925434105e+11,1.9836145269e+11,1.6567448121e+11,8.7538957954e+10,5.8693378495e+10,4.4556569956e+10,2.9346689248e+10,5.3122226914e+11,3.4053839257e+11,2.3511753251e+11,1.8422464415e+11,1.5153767267e+11,7.3402149414e+10,4.4556569956e+10,3.0419761416e+10,1.5209880708e+10
201,3000,10,1.0573567117e+12,8.5342898215e+11,7.4353184242e+11,6.9179694460e+11,6.5906652878e+11,5.8273170572e+11,5.5542973370e+11,5.4235306767e+11,5.2867835583e+11,8.5342898215e+11,6.4950125265e+11,5.3960411291e+11,4.8786921510e+11,4.5513879927e+11,3.7880397621e+11,3.5150200420e+11,3.3842533816e+11,3.2475062632e+11,7.4353184242e+11,5.3960411291e+11,4.2970697318e+11,3.7797207536e+11,3.4524165954e+11,2.6890683648e+11,2.4160486446e+11,2.2852819843e+11,2.1485348659e+11,6.9179694460e+11,4.8786921510e+11,3.7797207536e+11,3.2623717755e+11,2.9350676172e+11,2.1717193867e+11,1.8986996665e+11,1.7679330061e+11,1.6311858877e+11,6.5906652878e+11,4.5513879927e+11,3.4524165954e+11,2.9350676172e+11,2.6077634590e+11,1.8444152284e+11,1.5713955082e+11,1.4406288479e+11,1.3038817295e+11,5.8273170572e+11,3.7880397621e+11,2.6890683648e+11,2.1717193867e+11,1.8444152284e+11,1.0810669978e+11,8.0804727763e+10,6.7728061729e+10,5.4053349891e+10,5.5542973370e+11,3.5150200420e+11,2.4160486446e+11,1.8986996665e+11,1.5713955082e+11,8.0804727763e+10,5.3502755744e+10,4.0426089710e+10,2.6751377872e+10,5.4235306767e+11,3.3842533816e+11,2.2852819843e+11,1.7679330061e+11,1.4406288479e+11,6.7728061729e+10,4.0426089710e+10,2.7349423676e+10,1.3674711838e+10
202,3000,20,1.1678418675e+12,9.0984356244e+11,7.8343759474e+11,7.2931642725e+11,6.9689909266e+11,6.2740998420e+11,6.0463679318e+11,5.9423817603e+11,5.8392093373e+11,9.0984356244e+11,6.5184525743e+11,5.2543928973e+11,4.7131812224e+11,4.3890078764e+11,3.6941167919e+11,3.4663848817e+11,3.3623987102e+11,3.2592262871e+11,7.8343759474e+11,5.2543928973e+11,3.9903332203e+11,3.4491215454e+11,3.1249481994e+11,2.4300571149e+11,2.2023252047e+11,2.0983390332e+11,1.9951666101e+11,7.2931642725e+11,4.7131812224e+11,3.4491215454e+11,2.9079098706e+11,2.5837365246e+11,1.8888454401e+11,1.6611135298e+11,1.5571273583e+11,1.4539549353e+11,6.9689909266e+11,4.3890078764e+11,3.1249481994e+11,2.5837365246e+11,2.2595631786e+11,1.5646720941e+11,1.3369401838e+11,1.2329540123e+11,1.1297815893e+11,6.2740998420e+11,3.6941167919e+11,2.4300571149e+11,1.8888454401e+11,1.5646720941e+11,8.6978100955e+10,6.4204909931e+10,5.3806292781e+10,4.3489050478e+10,6.0463679318e+11,3.4663848817e+11,2.2023252047e+11,1.6611135298e+11,1.3369401838e+11,6.4204909931e+10,4.1431718907e+10,3.1033101757e+10,2.0715859454e+10,5.9423817603e+11,3.3623987102e+11,2.0983390332e+11,1.5571273583e+11,1.2329540123e+11,5.3806292781e+10,3.1033101757e+10,2.0634484607e+10,1.0317242304e+10
203,3000,30,1.3121424369e+12,9.6744446135e+11,8.2510593623e+11,7.7267125037e+11,7.4353760915e+11,6.8745917345e+11,6.7059651245e+11,6.6316749713e+11,6.5607121843e+11,9.6744446135e+11,6.2274648585e+11,4.8040796073e+11,4.2797327486e+11,3.9883963365e+11,3.4276119795e+11,3.2589853694e+11,3.1846952162e+11,3.1137324292e+11,8.2510593623e+11,4.8040796073e+11,3.3806943561e+11,2.8563474974e+11,2.5650110853e+11,2.0042267283e+11,1.8356001182e+11,1.7613099650e+11,1.6903471781e+11,7.7267125037e+11,4.2797327486e+11,2.8563474974e+11,2.3320006388e+11,2.0406642266e+11,1.4798798696e+11,1.3112532596e+11,1.2369631064e+11,1.1660003194e+11,7.4353760915e+11,3.9883963365e+11,2.5650110853e+11,2.0406642266e+11,1.7493278145e+11,1.1885434575e+11,1.0199168474e+11,9.4562669421e+10,8.7466390724e+10,6.8745917345e+11,3.4276119795e+11,2.0042267283e+11,1.4798798696e+11,1.1885434575e+11,6.2775910052e+10,4.5913249044e+10,3.8484233723e+10,3.1387955026e+10,6.7059651245e+11,3.2589853694e+11,1.8356001182e+11,1.3112532596e+11,1.0199168474e+11,4.5913249044e+10,2.9050588036e+10,2.1621572715e+10,1.4525294018e+10,6.6316749713e+11,3.1846952162e+11,1.7613099650e+11,1.2369631064e+11,9.4562669421e+10,3.8484233723e+10,2.1621572715e+10,1.4192557394e+10,7.0962786970e+09
204,3000,40,1.2600558854e+12,8.9352690987e+11,7.6168790257e+11,7.1793599332e+11,6.9473292953e+11,6.5276456127e+11,6.4054957577e+11,6.3517352376e+11,6.3002794271e+11,8.9352690987e+11,5.2699793433e+11,3.9515892703e+11,3.5140701779e+11,3.2820395399e+11,2.8623558573e+11,2.7402060023e+11,2.6864454822e+11,2.6349896717e+11,7.6168790257e+11,3.9515892703e+11,2.6331991972e+11,2.1956801048e+11,1.9636494669e+11,1.5439657842e+11,1.4218159293e+11,1.3680554091e+11,1.3165995986e+11,7.1793599332e+11,3.5140701779e+11,2.1956801048e+11,1.7581610124e+11,1.5261303745e+11,1.1064466918e+11,9.8429683687e+10,9.3053631671e+10,8.7908050619e+10,6.9473292953e+11,3.2820395399e+11,1.9636494669e+11,1.5261303745e+11,1.2940997365e+11,8.7441605389e+10,7.5226619895e+10,6.9850567879e+10,6.4704986827e+10,6.5276456127e+11,2.8623558573e+11,1.5439657842e+11,1.1064466918e+11,8.7441605389e+10,4.5473237125e+10,3.3258251631e+10,2.7882199615e+10,2.2736618563e+10,6.4054957577e+11,2.7402060023e+11,1.4218159293e+11,9.8429683687e+10,7.5226619895e+10,3.3258251631e+10,2.1043266136e+10,1.5667214120e+10,1.0521633068e+10,6.3517352376e+11,2.6864454822e+11,1.3680554091e+11,9.3053631671e+10,6.9850567879e+10,2.7882199615e+10,1.5667214120e+10,1.0291162104e+10,5.1455810519e+09
205,3000,50,1.0359160473e+12,7.2577264148e+11,6.2109200436e+11,5.8718124536e+11,5.6918862568e+11,5.3626324233e+11,5.2648022505e+11,5.2213340158e+11,5.1795802366e+11,7.2577264148e+11,4.1562923563e+11,3.1094859851e+11,2.7703783952e+11,2.5904521984e+11,2.2611983648e+11,2.1633681920e+11,2.1198999574e+11,2.0781461782e+11,6.2109200436e+11,3.1094859851e+11,2.0626796139e+11,1.7235720240e+11,1.5436458272e+11,1.2143919936e+11,1.1165618208e+11,1.0730935862e+11,1.0313398070e+11,5.8718124536e+11,2.7703783952e+11,1.7235720240e+11,1.3844644340e+11,1.2045382372e+11,8.7528440367e+10,7.7745423085e+10,7.3398599624e+10,6.9223221699e+10,5.6918862568e+11,2.5904521984e+11,1.5436458272e+11,1.2045382372e+11,1.0246120405e+11,6.9535820691e+10,5.9752803409e+10,5.5405979947e+10,5.1230602023e+10,5.3626324233e+11,2.2611983648e+11,1.2143919936e+11,8.7528440367e+10,6.9535820691e+10,3.6610437335e+10,2.6827420054e+10,2.2480596592e+10,1.8305218668e+10,5.2648022505e+11,2.1633681920e+11,1.1165618208e+11,7.7745423085e+10,5.9752803409e+10,2.6827420054e+10,1.7044402772e+10,1.2697579310e+10,8.5222013860e+09,5.2213340158e+11,2.1198999574e+11,1.0730935862e+11,7.3398599624e+10,5.5405979947e+10,2.2480596592e+10,1.2697579310e+10,8.3507558485e+09,4.1753779243e+09
206,3000,60,8.3319078002e+11,5.8862532318e+11,5.0416958505e+11,4.7601269932e+11,4.6086579638e+11,4.3257894146e+11,4.2405301126e+11,4.2024785342e+11,4.1659539001e+11,5.8862532318e+11,3.4405986635e+11,2.5960412822e+11,2.3144724248e+11,2.1630033954e+11,1.8801348463e+11,1.7948755443e+11,1.7568239658e+11,1.7202993317e+11,5.0416958505e+11,2.5960412822e+11,1.7514839009e+11,1.4699150435e+11,1.3184460141e+11,1.0355774650e+11,9.5031816297e+10,9.1226658452e+10,8.7574195045e+10,4.7601269932e+11,2.3144724248e+11,1.4699150435e+11,1.1883461862e+11,1.0368771568e+11,7.5400860763e+10,6.6874930561e+10,6.3069772716e+10,5.9417309309e+10,4.6086579638e+11,2.1630033954e+11,1.3184460141e+11,1.0368771568e+11,8.8540812739e+10,6.0253957824e+10,5.1728027622e+10,4.7922869777e+10,4.4270406369e+10,4.3257894146e+11,1.8801348463e+11,1.0355774650e+11,7.5400860763e+10,6.0253957824e+10,3.1967102909e+10,2.3441172707e+10,1.9636014862e+10,1.5983551454e+10,4.2405301126e+11,1.7948755443e+11,9.5031816297e+10,6.6874930561e+10,5.1728027622e+10,2.3441172707e+10,1.4915242504e+10,1.1110084660e+10,7.4576212522e+09,4.2024785342e+11,1.7568239658e+11,9.1226658452e+10,6.3069772716e+10,4.7922869777e+10,1.9636014862e+10,1.1110084660e+10,7.3049268151e+09,3.6524634075e+09
207,3000,70,7.3393430771e+11,5.2141398106e+11,4.4639016839e+11,4.2103472857e+11,4.0733244188e+11,3.8158097795e+11,3.7379173894e+11,3.7031298111e+11,3.6696715386e+11,5.2141398106e+11,3.0889365441e+11,2.3386984174e+11,2.0851440192e+11,1.9481211523e+11,1.6906065130e+11,1.6127141229e+11,1.5779265446e+11,1.5444682721e+11,4.4639016839e+11,2.3386984174e+11,1.5884602907e+11,1.3349058925e+11,1.1978830256e+11,9.4036838629e+10,8.6247599624e+10,8.2768841792e+10,7.9423014535e+10,4.2103472857e+11,2.0851440192e+11,1.3349058925e+11,1.0813514943e+11,9.4432862737e+10,6.8681398807e+10,6.0892159802e+10,5.7413401969e+10,5.4067574713e+10,4.0733244188e+11,1.9481211523e+11,1.1978830256e+11,9.4432862737e+10,8.0730576049e+10,5.4979112118e+10,4.7189873113e+10,4.3711115281e+10,4.0365288024e+10,3.8158097795e+11,1.6906065130e+11,9.4036838629e+10,6.8681398807e+10,5.4979112118e+10,2.9227648188e+10,2.1438409183e+10,1.7959651351e+10,1.4613824094e+10,3.7379173894e+11,1.6127141229e+11,8.6247599624e+10,6.0892159802e+10,4.7189873113e+10,2.1438409183e+10,1.3649170178e+10,1.0170412346e+10,6.8245850891e+09,3.7031298111e+11,1.5779265446e+11,8.2768841792e+10,5.7413401969e+10,4.3711115281e+10,1.7959651351e+10,1.0170412346e+10,6.6916545138e+09,3.3458272569e+09
208,3000,80,6.8813481078e+11,4.8985297121e+11,4.1931867076e+11,3.9536127584e+11,3.8239239937e+11,3.5795870684e+11,3.5055804991e+11,3.4725143908e+11,3.4406740539e+11,4.8985297121e+11,2.9157113165e+11,2.2103683119e+11,1.9707943627e+11,1.8411055980e+11,1.5967686727e+11,1.5227621034e+11,1.4896959951e+11,1.4578556582e+11,4.1931867076e+11,2.2103683119e+11,1.5050253074e+11,1.2654513582e+11,1.1357625935e+11,8.9142566817e+10,8.1741909890e+10,7.8435299057e+10,7.5251265369e+10,3.9536127584e+11,1.9707943627e+11,1.2654513582e+11,1.0258774090e+11,8.9618864425e+10,6.5185171896e+10,5.7784514969e+10,5.4477904136e+10,5.1293870448e+10,3.8239239937e+11,1.8411055980e+11,1.1357625935e+11,8.9618864425e+10,7.6649987955e+10,5.2216295426e+10,4.4815638498e+10,4.1509027666e+10,3.8324993977e+10,3.5795870684e+11,1.5967686727e+11,8.9142566817e+10,6.5185171896e+10,5.2216295426e+10,2.7782602897e+10,2.0381945969e+10,1.7075335137e+10,1.3891301448e+10,3.5055804991e+11,1.5227621034e+11,8.1741909890e+10,5.7784514969e+10,4.4815638498e+10,2.0381945969e+10,1.2981289042e+10,9.6746782093e+09,6.4906445208e+09,3.4725143908e+11,1.4896959951e+11,7.8435299057e+10,5.4477904136e+10,4.1509027666e+10,1.7075335137e+10,9.6746782093e+09,6.3680673768e+09,3.1840336884e+09
209,3000,90,6.7501751952e+11,4.8071254017e+11,4.1148494077e+11,3.8794664470e+11,3.7520042538e+11,3.5117386378e+11,3.4389459113e+11,3.4064189752e+11,3.3750875976e+11,4.8071254017e+11,2.8640756082e+11,2.1717996142e+11,1.9364166535e+11,1.8089544602e+11,1.5686888443e+11,1.4958961177e+11,1.4633691817e+11,1.4320378041e+11,4.1148494077e+11,2.1717996142e+11,1.4795236203e+11,1.2441406595e+11,1.1166784663e+11,8.7641285032e+10,8.0362012376e+10,7.7109318772e+10,7.3976181013e+10,3.8794664470e+11,1.9364166535e+11,1.2441406595e+11,1.0087576988e+11,8.8129550557e+10,6.4102988962e+10,5.6823716306e+10,5.3571022702e+10,5.0437884942e+10,3.7520042538e+11,1.8089544602e+11,1.1166784663e+11,8.8129550557e+10,7.5383331230e+10,5.1356769635e+10,4.4077496979e+10,4.0824803375e+10,3.7691665615e+10,3.5117386378e+11,1.5686888443e+11,8.7641285032e+10,6.4102988962e+10,5.1356769635e+10,2.7330208040e+10,2.0050935383e+10,1.6798241780e+10,1.3665104020e+10,3.4389459113e+11,1.4958961177e+11,8.0362012376e+10,5.6823716306e+10,4.4077496979e+10,2.0050935383e+10,1.2771662727e+10,9.5189691232e+09,6.3858313634e+09,3.4064189752e+11,1.4633691817e+11,7.7109318772e+10,5.3571022702e+10,4.0824803375e+10,1.6798241780e+10,9.5189691232e+09,6.2662755196e+09,3.1331377598e+09
210,4000,0,4.0551708723e+12,3.0891601716e+12,2.6161071223e+12,2.4235910698e+12,2.3151476328e+12,2.1133961790e+12,2.0612426955e+12,2.0414131589e+12,2.0275854361e+12,3.0891601716e+12,2.1231494709e+12,1.6500964216e+12,1.4575803691e+12,1.3491369321e+12,1.1473854783e+12,1.0952319948e+12,1.0754024582e+12,1.0615747354e+12,2.6161071223e+12,1.6500964216e+12,1.1770433723e+12,9.8452731978e+11,8.7608388277e+11,6.7433242900e+11,6.2217894549e+11,6.0234940887e+11,5.8852168614e+11,2.4235910698e+12,1.4575803691e+12,9.8452731978e+11,7.9201126728e+11,6.8356783027e+11,4.8181637650e+11,4.2966289299e+11,4.0983335637e+11,3.9600563364e+11,2.3151476328e+12,1.3491369321e+12,8.7608388277e+11,6.8356783027e+11,5.7512439326e+11,3.7337293948e+11,3.2121945597e+11,3.0138991936e+11,2.8756219663e+11,2.1133961790e+12,1.1473854783e+12,6.7433242900e+11,4.8181637650e+11,3.7337293948e+11,1.7162148571e+11,1.1946800220e+11,9.9638465583e+10,8.5810742855e+10,2.0612426955e+12,1.0952319948e+12,6.2217894549e+11,4.2966289299e+11,3.2121945597e+11,1.1946800220e+11,6.7314518687e+10,4.7484982071e+10,3.3657259344e+10,2.0414131589e+12,1.0754024582e+12,6.0234940887e+11,4.0983335637e+11,3.0138991936e+11,9.9638465583e+10,4.7484982071e+10,2.7655445455e+10,1.3827722728e+10
211,4000,10,4.0330976740e+12,3.0437360764e+12,2.5711235509e+12,2.3839252146e+12,2.2802510358e+12,2.0930321556e+12,2.0461714730e+12,2.0286296039e+12,2.0165488370e+12,3.0437360764e+12,2.0543744788e+12,1.5817619533e+12,1.3945636170e+12,1.2908894382e+12,1.1036705580e+12,1.0568098754e+12,1.0392680063e+12,1.0271872394e+12,2.5711235509e+12,1.5817619533e+12,1.1091494279e+12,9.2195109159e+11,8.1827691274e+11,6.3105803261e+11,5.8419734998e+11,5.6665548084e+11,5.5457471395e+11,2.3839252146e+12,1.3945636170e+12,9.2195109159e+11,7.3475275528e+11,6.3107857643e+11,4.4385969629e+11,3.9699901366e+11,3.7945714452e+11,3.6737637764e+11,2.2802510358e+12,1.2908894382e+12,8.1827691274e+11,6.3107857643e+11,5.2740439758e+11,3.4018551744e+11,2.9332483481e+11,2.7578296567e+11,2.6370219879e+11,2.0930321556e+12,1.1036705580e+12,6.3105803261e+11,4.4385969629e+11,3.4018551744e+11,1.5296663731e+11,1.0610595468e+11,8.8564085541e+10,7.6483318656e+10,2.0461714730e+12,1.0568098754e+12,5.8419734998e+11,3.9699901366e+11,2.9332483481e+11,1.0610595468e+11,5.9245272047e+10,4.1703402908e+10,2.9622636023e+10,2.0286296039e+12,1.0392680063e+12,5.6665548084e+11,3.7945714452e+11,2.7578296567e+11,8.8564085541e+10,4.1703402908e+10,2.4161533769e+10,1.2080766884e+10
212,4000,20,4.0679576853e+12,2.9778788775e+12,2.5035301720e+12,2.3318183229e+12,2.2412588928e+12,2.0903280927e+12,2.0552846571e+12,2.0425496397e+12,2.0339788426e+12,2.9778788775e+12,1.8878000697e+12,1.4134513642e+12,1.2417395151e+12,1.1511800850e+12,1.0002492849e+12,9.6520584927e+11,9.5247083193e+11,9.4390003484e+11,2.5035301720e+12,1.4134513642e+12,9.3910265866e+11,7.6739080962e+11,6.7683137950e+11,5.2590057935e+11,4.9085714376e+11,4.7812212642e+11,4.6955132933e+11,2.3318183229e+12,1.2417395151e+12,7.6739080962e+11,5.9567896058e+11,5.0511953046e+11,3.5418873031e+11,3.1914529472e+11,3.0641027738e+11,2.9783948029e+11,2.2412588928e+12,1.1511800850e+12,6.7683137950e+11,5.0511953046e+11,4.1456010035e+11,2.6362930020e+11,2.2858586461e+11,2.1585084726e+11,2.0728005018e+11,2.0903280927e+12,1.0002492849e+12,5.2590057935e+11,3.5418873031e+11,2.6362930020e+11,1.1269850004e+11,7.7655064455e+10,6.4920047111e+10,5.6349250022e+10,2.0552846571e+12,9.6520584927e+11,4.9085714376e+11,3.1914529472e+11,2.2858586461e+11,7.7655064455e+10,4.2611628867e+10,2.9876611522e+10,2.1305814433e+10,2.0425496397e+12,9.5247083193e+11,4.7812212642e+11,3.0641027738e+11,2.1585084726e+11,6.4920047111e+10,2.9876611522e+10,1.7141594177e+10,8.5707970887e+09
213,4000,30,3.9755764342e+12,2.7983641516e+12,2.3530590625e+12,2.2090221406e+12,2.1368941110e+12,2.0260533780e+12,2.0020057413e+12,1.9934552125e+12,1.9877882171e+12,2.7983641516e+12,1.6211518690e+12,1.1758467799e+12,1.0318098580e+12,9.5968182842e+11,8.4884109541e+11,8.2479345874e+11,8.1624292994e+11,8.1057593450e+11,2.3530590625e+12,1.1758467799e+12,7.3054169077e+11,5.8650476886e+11,5.1437673931e+11,4.0353600630e+11,3.7948836963e+11,3.7093784083e+11,3.6527084539e+11,2.2090221406e+12,1.0318098580e+12,5.8650476886e+11,4.4246784696e+11,3.7033981740e+11,2.5949908439e+11,2.3545144772e+11,2.2690091892e+11,2.2123392348e+11,2.1368941110e+12,9.5968182842e+11,5.1437673931e+11,3.7033981740e+11,2.9821178784e+11,1.8737105484e+11,1.6332341816e+11,1.5477288936e+11,1.4910589392e+11,2.0260533780e+12,8.4884109541e+11,4.0353600630e+11,2.5949908439e+11,1.8737105484e+11,7.6530321831e+10,5.2482685158e+10,4.3932156359e+10,3.8265160916e+10,2.0020057413e+12,8.2479345874e+11,3.7948836963e+11,2.3545144772e+11,1.6332341816e+11,5.2482685158e+10,2.8435048485e+10,1.9884519686e+10,1.4217524243e+10,1.9934552125e+12,8.1624292994e+11,3.7093784083e+11,2.2690091892e+11,1.5477288936e+11,4.3932156359e+10,1.9884519686e+10,1.1333990886e+10,5.6669954432e+09
214,4000,40,3.4379227679e+12,2.3624416855e+12,1.9942171059e+12,1.8826623111e+12,1.8281251429e+12,1.7468092562e+12,1.7293436583e+12,1.7231024553e+12,1.7189613839e+12,2.3624416855e+12,1.2869606032e+12,9.1873602356e+11,8.0718122879e+11,7.5264406056e+11,6.7132817387e+11,6.5386257595e+11,6.4762137296e+11,6.4348030159e+11,1.9942171059e+12,9.1873602356e+11,5.5051144395e+11,4.3895664918e+11,3.8441948094e+11,3.0310359425e+11,2.8563799633e+11,2.7939679334e+11,2.7525572197e+11,1.8826623111e+12,8.0718122879e+11,4.3895664918e+11,3.2740185441e+11,2.7286468617e+11,1.9154879948e+11,1.7408320156e+11,1.6784199857e+11,1.6370092721e+11,1.8281251429e+12,7.5264406056e+11,3.8441948094e+11,2.7286468617e+11,2.1832751794e+11,1.3701163125e+11,1.1954603333e+11,1.1330483034e+11,1.0916375897e+11,1.7468092562e+12,6.7132817387e+11,3.0310359425e+11,1.9154879948e+11,1.3701163125e+11,5.5695744553e+10,3.8230146634e+10,3.1988943644e+10,2.7847872276e+10,1.7293436583e+12,6.5386257595e+11,2.8563799633e+11,1.7408320156e+11,1.1954603333e+11,3.8230146634e+10,2.0764548714e+10,1.4523345725e+10,1.0382274357e+10,1.7231024553e+12,6.4762137296e+11,2.7939679334e+11,1.6784199857e+11,1.1330483034e+11,3.1988943644e+10,1.4523345725e+10,8.2821427356e+09,4.1410713678e+09
215,4000,50,2.6876420135e+12,1.8429059206e+12,1.5602128444e+12,1.4739329039e+12,1.4313425472e+12,1.3665339265e+12,1.3523281493e+12,1.3472145213e+12,1.3438210068e+12,1.8429059206e+12,9.9816982768e+11,7.1547675144e+11,6.2919681099e+11,5.8660645432e+11,5.2179783358e+11,5.0759205639e+11,5.0247842835e+11,4.9908491384e+11,1.5602128444e+12,7.1547675144e+11,4.3278367521e+11,3.4650373475e+11,3.0391337808e+11,2.3910475735e+11,2.2489898016e+11,2.1978535211e+11,2.1639183760e+11,1.4739329039e+12,6.2919681099e+11,3.4650373475e+11,2.6022379430e+11,2.1763343763e+11,1.5282481689e+11,1.3861903970e+11,1.3350541166e+11,1.3011189715e+11,1.4313425472e+12,5.8660645432e+11,3.0391337808e+11,2.1763343763e+11,1.7504308096e+11,1.1023446022e+11,9.6028683032e+10,9.0915054988e+10,8.7521540478e+10,1.3665339265e+12,5.2179783358e+11,2.3910475735e+11,1.5282481689e+11,1.1023446022e+11,4.5425839489e+10,3.1220062299e+10,2.6106434254e+10,2.2712919745e+10,1.3523281493e+12,5.0759205639e+11,2.2489898016e+11,1.3861903970e+11,9.6028683032e+10,3.1220062299e+10,1.7014285108e+10,1.1900657064e+10,8.5071425541e+09,1.3472145213e+12,5.0247842835e+11,2.1978535211e+11,1.3350541166e+11,9.0915054988e+10,2.6106434254e+10,1.1900657064e+10,6.7870290194e+09,3.3935145097e+09
216,4000,60,2.2091510789e+12,1.5260441616e+12,1.2905759662e+12,1.2172014565e+12,1.1806969391e+12,1.1244983383e+12,1.1120568403e+12,1.1075600559e+12,1.1045755394e+12,1.5260441616e+12,8.4293724439e+11,6.0746904899e+11,5.3409453929e+11,4.9759002191e+11,4.4139142103e+11,4.2894992303e+11,4.2445313871e+11,4.2146862220e+11,1.2905759662e+12,6.0746904899e+11,3.7200085359e+11,2.9862634389e+11,2.6212182651e+11,2.0592322563e+11,1.9348172763e+11,1.8898494331e+11,1.8600042679e+11,1.2172014565e+12,5.3409453929e+11,2.9862634389e+11,2.2525183419e+11,1.8874731681e+11,1.3254871593e+11,1.2010721793e+11,1.1561043361e+11,1.1262591710e+11,1.1806969391e+12,4.9759002191e+11,2.6212182651e+11,1.8874731681e+11,1.5224279943e+11,9.6044198548e+10,8.3602700550e+10,7.9105916227e+10,7.6121399714e+10,1.1244983383e+12,4.4139142103e+11,2.0592322563e+11,1.3254871593e+11,9.6044198548e+10,3.9845597667e+10,2.7404099669e+10,2.2907315346e+10,1.9922798833e+10,1.1120568403e+12,4.2894992303e+11,1.9348172763e+11,1.2010721793e+11,8.3602700550e+10,2.7404099669e+10,1.4962601672e+10,1.0465817349e+10,7.4813008360e+09,1.1075600559e+12,4.2445313871e+11,1.8898494331e+11,1.1561043361e+11,7.9105916227e+10,2.2907315346e+10,1.0465817349e+10,5.9690330258e+09,2.9845165129e+09
217,4000,70,1.9741580529e+12,1.3679642347e+12,1.1561856386e+12,1.0896942323e+12,1.0565304503e+12,1.0052890243e+12,9.9392160932e+11,9.8981295847e+11,9.8707902645e+11,1.3679642347e+12,7.6177041653e+11,5.4999182039e+11,4.8350041414e+11,4.5033663207e+11,3.9909520609e+11,3.8772779113e+11,3.8361914028e+11,3.8088520827e+11,1.1561856386e+12,5.4999182039e+11,3.3821322425e+11,2.7172181799e+11,2.3855803593e+11,1.8731660994e+11,1.7594919498e+11,1.7184054414e+11,1.6910661212e+11,1.0896942323e+12,4.8350041414e+11,2.7172181799e+11,2.0523041174e+11,1.7206662968e+11,1.2082520369e+11,1.0945778873e+11,1.0534913789e+11,1.0261520587e+11,1.0565304503e+12,4.5033663207e+11,2.3855803593e+11,1.7206662968e+11,1.3890284761e+11,8.7661421626e+10,7.6294006666e+10,7.2185355819e+10,6.9451423804e+10,1.0052890243e+12,3.9909520609e+11,1.8731660994e+11,1.2082520369e+11,8.7661421626e+10,3.6419995643e+10,2.5052580684e+10,2.0943929836e+10,1.8209997822e+10,9.9392160932e+11,3.8772779113e+11,1.7594919498e+11,1.0945778873e+11,7.6294006666e+10,2.5052580684e+10,1.3685165724e+10,9.5765148766e+09,6.8425828620e+09,9.8981295847e+11,3.8361914028e+11,1.7184054414e+11,1.0534913789e+11,7.2185355819e+10,2.0943929836e+10,9.5765148766e+09,5.4678640292e+09,2.7339320146e+09
218,4000,80,1.8587849859e+12,1.2894748155e+12,1.0896483447e+12,1.0267271556e+12,9.9531140248e+11,9.4669353102e+11,9.3589654538e+11,9.3199306179e+11,9.2939249297e+11,1.2894748155e+12,7.2016464515e+11,5.2033817428e+11,4.5741698523e+11,4.2600123209e+11,3.7738336063e+11,3.6658637498e+11,3.6268289140e+11,3.6008232258e+11,1.0896483447e+12,5.2033817428e+11,3.2051170341e+11,2.5759051436e+11,2.2617476122e+11,1.7755688976e+11,1.6675990412e+11,1.6285642053e+11,1.6025585171e+11,1.0267271556e+12,4.5741698523e+11,2.5759051436e+11,1.9466932531e+11,1.6325357217e+11,1.1463570071e+11,1.0383871507e+11,9.9935231482e+10,9.7334662657e+10,9.9531140248e+11,4.2600123209e+11,2.2617476122e+11,1.6325357217e+11,1.3183781903e+11,8.3219947571e+10,7.2422961926e+10,6.8519478342e+10,6.5918909517e+10,9.4669353102e+11,3.7738336063e+11,1.7755688976e+11,1.1463570071e+11,8.3219947571e+10,3.4602076109e+10,2.3805090464e+10,1.9901606879e+10,1.7301038054e+10,9.3589654538e+11,3.6658637498e+11,1.6675990412e+11,1.0383871507e+11,7.2422961926e+10,2.3805090464e+10,1.3008104818e+10,9.1046212341e+09,6.5040524092e+09,9.3199306179e+11,3.6268289140e+11,1.6285642053e+11,9.9935231482e+10,6.8519478342e+10,1.9901606879e+10,9.1046212341e+09,5.2011376498e+09,2.6005688249e+09
219,4000,90,1.8240107164e+12,1.2656989138e+12,1.0695030714e+12,1.0076841750e+12,9.7681239787e+11,9.2901967254e+11,9.1840274513e+11,9.1456383150e+11,9.1200535819e+11,1.2656989138e+12,7.0738711124e+11,5.1119126886e+11,4.4937237242e+11,4.1850059530e+11,3.7070786997e+11,3.6009094256e+11,3.5625202892e+11,3.5369355562e+11,1.0695030714e+12,5.1119126886e+11,3.1499542649e+11,2.5317653005e+11,2.2230475292e+11,1.7451202760e+11,1.6389510019e+11,1.6005618655e+11,1.5749771324e+11,1.0076841750e+12,4.4937237242e+11,2.5317653005e+11,1.9135763361e+11,1.6048585648e+11,1.1269313116e+11,1.0207620375e+11,9.8237290110e+10,9.5678816804e+10,9.7681239787e+11,4.1850059530e+11,2.2230475292e+11,1.6048585648e+11,1.2961407935e+11,8.1821354030e+10,7.1204426622e+10,6.7365512983e+10,6.4807039677e+10,9.2901967254e+11,3.7070786997e+11,1.7451202760e+11,1.1269313116e+11,8.1821354030e+10,3.4028628706e+10,2.3411701298e+10,1.9572787659e+10,1.7014314353e+10,9.1840274513e+11,3.6009094256e+11,1.6389510019e+11,1.0207620375e+11,7.1204426622e+10,2.3411701298e+10,1.2794773890e+10,8.9558602511e+09,6.3973869450e+09,9.1456383150e+11,3.5625202892e+11,1.6005618655e+11,9.8237290110e+10,6.7365512983e+10,1.9572787659e+10,8.9558602511e+09,5.1169466122e+09,2.5584733061e+09
220,5000,0,1.2457689313e+13,8.9045214879e+12,7.3896315130e+12,6.8838662298e+12,6.6384123155e+12,6.3064920591e+12,6.2526907444e+12,6.2369274420e+12,6.2288446563e+12,8.9045214879e+12,5.3513536633e+12,3.8364636883e+12,3.3306984052e+12,3.0852444909e+12,2.7533242344e+12,2.6995229197e+12,2.6837596174e+12,2.6756768316e+12,7.3896315130e+12,3.8364636883e+12,2.3215737134e+12,1.8158084302e+12,1.5703545159e+12,1.2384342595e+12,1.1846329447e+12,1.1688696424e+12,1.1607868567e+12,6.8838662298e+12,3.3306984052e+12,1.8158084302e+12,1.3100431470e+12,1.0645892327e+12,7.3266897630e+11,6.7886766158e+11,6.6310435925e+11,6.5502157352e+11,6.6384123155e+12,3.0852444909e+12,1.5703545159e+12,1.0645892327e+12,8.1913531843e+11,4.8721506199e+11,4.3341374727e+11,4.1765044495e+11,4.0956765922e+11,6.3064920591e+12,2.7533242344e+12,1.2384342595e+12,7.3266897630e+11,4.8721506199e+11,1.5529480556e+11,1.0149349083e+11,8.5730188512e+10,7.7647402778e+10,6.2526907444e+12,2.6995229197e+12,1.1846329447e+12,6.7886766158e+11,4.3341374727e+11,1.0149349083e+11,4.7692176111e+10,3.1928873789e+10,2.3846088056e+10,6.2369274420e+12,2.6837596174e+12,1.1688696424e+12,6.6310435925e+11,4.1765044495e+11,8.5730188512e+10,3.1928873789e+10,1.6165571468e+10,8.0827857338e+09
221,5000,10,1.2228619277e+13,8.6650212873e+12,7.1881422724e+12,6.7099235889e+12,6.4815882925e+12,6.1820674890e+12,6.1349852016e+12,6.1213172128e+12,6.1143096385e+12,8.6650212873e+12,5.1014232976e+12,3.6245442826e+12,3.1463255992e+12,2.9179903027e+12,2.6184694992e+12,2.5713872119e+12,2.5577192231e+12,2.5507116488e+12,7.1881422724e+12,3.6245442826e+12,2.1476652677e+12,1.6694465843e+12,1.4411112878e+12,1.1415904843e+12,1.0945081969e+12,1.0808402081e+12,1.0738326338e+12,6.7099235889e+12,3.1463255992e+12,1.6694465843e+12,1.1912279008e+12,9.6289260438e+11,6.6337180087e+11,6.1628951349e+11,6.0262152469e+11,5.9561395042e+11,6.4815882925e+12,2.9179903027e+12,1.4411112878e+12,9.6289260438e+11,7.3455730792e+11,4.3503650441e+11,3.8795421703e+11,3.7428622823e+11,3.6727865396e+11,6.1820674890e+12,2.6184694992e+12,1.1415904843e+12,6.6337180087e+11,4.3503650441e+11,1.3551570091e+11,8.8433413522e+10,7.4765424723e+10,6.7757850453e+10,6.1349852016e+12,2.5713872119e+12,1.0945081969e+12,6.1628951349e+11,3.8795421703e+11,8.8433413522e+10,4.1351126139e+10,2.7683137340e+10,2.0675563069e+10,6.1213172128e+12,2.5577192231e+12,1.0808402081e+12,6.0262152469e+11,3.7428622823e+11,7.4765424723e+10,2.7683137340e+10,1.4015148541e+10,7.0075742703e+09
222,5000,20,1.1554512860e+13,7.9949798112e+12,6.6425166048e+12,6.2382667956e+12,6.0524546451e+12,5.8249431062e+12,5.7915574828e+12,5.7820791307e+12,5.7772564300e+12,7.9949798112e+12,4.4354467624e+12,3.0829835560e+12,2.6787337468e+12,2.4929215963e+12,2.2654100574e+12,2.2320244340e+12,2.2225460819e+12,2.2177233812e+12,6.6425166048e+12,3.0829835560e+12,1.7305203496e+12,1.3262705404e+12,1.1404583899e+12,9.1294685095e+11,8.7956122760e+11,8.7008287550e+11,8.6526017479e+11,6.2382667956e+12,2.6787337468e+12,1.3262705404e+12,9.2202073122e+11,7.3620858070e+11,5.0869704177e+11,4.7531141841e+11,4.6583306632e+11,4.6101036561e+11,6.0524546451e+12,2.4929215963e+12,1.1404583899e+12,7.3620858070e+11,5.5039643019e+11,3.2288489126e+11,2.8949926790e+11,2.8002091580e+11,2.7519821509e+11,5.8249431062e+12,2.2654100574e+12,9.1294685095e+11,5.0869704177e+11,3.2288489126e+11,9.5373352324e+10,6.1987728967e+10,5.2509376871e+10,4.7686676162e+10,5.7915574828e+12,2.2320244340e+12,8.7956122760e+11,4.7531141841e+11,2.8949926790e+11,6.1987728967e+10,2.8602105609e+10,1.9123753514e+10,1.4301052805e+10,5.7820791307e+12,2.2225460819e+12,8.7008287550e+11,4.6583306632e+11,2.8002091580e+11,5.2509376871e+10,1.9123753514e+10,9.6454014179e+09,4.8227007090e+09
223,5000,30,1.0019430827e+13,6.7597044061e+12,5.6452788997e+12,5.3371018060e+12,5.1999627339e+12,5.0411443855e+12,5.0190465365e+12,5.0128548099e+12,5.0097154137e+12,6.7597044061e+12,3.4999779848e+12,2.3855524785e+12,2.0773753848e+12,1.9402363126e+12,1.7814179642e+12,1.7593201152e+12,1.7531283886e+12,1.7499889924e+12,5.6452788997e+12,2.3855524785e+12,1.2711269721e+12,9.6294987841e+11,8.2581080626e+11,6.6699245783e+11,6.4489460888e+11,6.3870288223e+11,6.3556348606e+11,5.3371018060e+12,2.0773753848e+12,9.6294987841e+11,6.5477278469e+11,5.1763371255e+11,3.5881536412e+11,3.3671751517e+11,3.3052578852e+11,3.2738639235e+11,5.1999627339e+12,1.9402363126e+12,8.2581080626e+11,5.1763371255e+11,3.8049464041e+11,2.2167629198e+11,1.9957844303e+11,1.9338671638e+11,1.9024732020e+11,5.0411443855e+12,1.7814179642e+12,6.6699245783e+11,3.5881536412e+11,2.2167629198e+11,6.2857943550e+10,4.0760094601e+10,3.4568367951e+10,3.1428971775e+10,5.0190465365e+12,1.7593201152e+12,6.4489460888e+11,3.3671751517e+11,1.9957844303e+11,4.0760094601e+10,1.8662245652e+10,1.2470519001e+10,9.3311228259e+09,5.0128548099e+12,1.7531283886e+12,6.3870288223e+11,3.3052578852e+11,1.9338671638e+11,3.4568367951e+10,1.2470519001e+10,6.2787923509e+09,3.1393961755e+09
224,5000,40,7.9068108092e+12,5.2672229777e+12,4.4195875549e+12,4.1923765444e+12,4.0920400909e+12,3.9764955051e+12,3.9603085420e+12,3.9557266703e+12,3.9534054046e+12,5.2672229777e+12,2.6276351462e+12,1.7799997234e+12,1.5527887129e+12,1.4524522594e+12,1.3369076736e+12,1.3207207105e+12,1.3161388388e+12,1.3138175731e+12,4.4195875549e+12,1.7799997234e+12,9.3236430060e+11,7.0515329005e+11,6.0481683658e+11,4.8927225080e+11,4.7308528769e+11,4.6850341600e+11,4.6618215030e+11,4.1923765444e+12,1.5527887129e+12,7.0515329005e+11,4.7794227951e+11,3.7760582603e+11,2.6206124026e+11,2.4587427715e+11,2.4129240546e+11,2.3897113975e+11,4.0920400909e+12,1.4524522594e+12,6.0481683658e+11,3.7760582603e+11,2.7726937255e+11,1.6172478678e+11,1.4553782367e+11,1.4095595198e+11,1.3863468628e+11,3.9764955051e+12,1.3369076736e+12,4.8927225080e+11,2.6206124026e+11,1.6172478678e+11,4.6180201012e+10,2.9993237900e+10,2.5411366211e+10,2.3090100506e+10,3.9603085420e+12,1.3207207105e+12,4.7308528769e+11,2.4587427715e+11,1.4553782367e+11,2.9993237900e+10,1.3806274788e+10,9.2244030985e+09,6.9031373942e+09,3.9557266703e+12,1.3161388388e+12,4.6850341600e+11,2.4129240546e+11,1.4095595198e+11,2.5411366211e+10,9.2244030985e+09,4.6425314087e+09,2.3212657043e+09
225,5000,50,6.1256115003e+12,4.0903758018e+12,3.4334483492e+12,3.2545422698e+12,3.1749020691e+12,3.0817890601e+12,3.0685163650e+12,3.0647246200e+12,3.0628057501e+12,4.0903758018e+12,2.0551401033e+12,1.3982126508e+12,1.2193065713e+12,1.1396663706e+12,1.0465533617e+12,1.0332806665e+12,1.0294889215e+12,1.0275700517e+12,3.4334483492e+12,1.3982126508e+12,7.4128519820e+11,5.6237911876e+11,4.8273891803e+11,3.8962590911e+11,3.7635321398e+11,3.7256146899e+11,3.7064259910e+11,3.2545422698e+12,1.2193065713e+12,5.6237911876e+11,3.8347303932e+11,3.0383283859e+11,2.1071982967e+11,1.9744713454e+11,1.9365538955e+11,1.9173651966e+11,3.1749020691e+12,1.1396663706e+12,4.8273891803e+11,3.0383283859e+11,2.2419263786e+11,1.3107962894e+11,1.1780693381e+11,1.1401518882e+11,1.1209631893e+11,3.0817890601e+12,1.0465533617e+12,3.8962590911e+11,2.1071982967e+11,1.3107962894e+11,3.7966620022e+10,2.4693924893e+10,2.0902179901e+10,1.8983310011e+10,3.0685163650e+12,1.0332806665e+12,3.7635321398e+11,1.9744713454e+11,1.1780693381e+11,2.4693924893e+10,1.1421229765e+10,7.6294847722e+09,5.7106148825e+09,3.0647246200e+12,1.0294889215e+12,3.7256146899e+11,1.9365538955e+11,1.1401518882e+11,2.0902179901e+10,7.6294847722e+09,3.8377397793e+09,1.9188698897e+09
226,5000,60,5.1582332032e+12,3.4597828771e+12,2.9000012183e+12,2.7458014566e+12,2.6768929382e+12,2.5958107866e+12,2.5841581844e+12,2.5808130820e+12,2.5791166016e+12,3.4597828771e+12,1.7613325510e+12,1.2015508922e+12,1.0473511305e+12,9.7844261210e+11,8.9736046050e+11,8.8570785828e+11,8.8236275590e+11,8.8066627548e+11,2.9000012183e+12,1.2015508922e+12,6.4176923336e+11,4.8756947173e+11,4.1866095329e+11,3.3757880169e+11,3.2592619948e+11,3.2258109709e+11,3.2088461668e+11,2.7458014566e+12,1.0473511305e+12,4.8756947173e+11,3.3336971009e+11,2.6446119166e+11,1.8337904006e+11,1.7172643784e+11,1.6838133546e+11,1.6668485505e+11,2.6768929382e+12,9.7844261210e+11,4.1866095329e+11,2.6446119166e+11,1.9555267322e+11,1.1447052162e+11,1.0281791941e+11,9.9472817026e+10,9.7776336612e+10,2.5958107866e+12,8.9736046050e+11,3.3757880169e+11,1.8337904006e+11,1.1447052162e+11,3.3388370025e+10,2.1735767811e+10,1.8390665426e+10,1.6694185012e+10,2.5841581844e+12,8.8570785828e+11,3.2592619948e+11,1.7172643784e+11,1.0281791941e+11,2.1735767811e+10,1.0083165596e+10,6.7380632119e+09,5.0415827982e+09,2.5808130820e+12,8.8236275590e+11,3.2258109709e+11,1.6838133546e+11,9.9472817026e+10,1.8390665426e+10,6.7380632119e+09,3.3929608274e+09,1.6964804137e+09
227,5000,70,4.6549695363e+12,3.1273151280e+12,2.6199601384e+12,2.4796188687e+12,2.4168156178e+12,2.3427531496e+12,2.3320967475e+12,2.3290405833e+12,2.3274847682e+12,3.1273151280e+12,1.5996607196e+12,1.0923057301e+12,9.5196446034e+11,8.8916120947e+11,8.1509874127e+11,8.0444233914e+11,8.0138617494e+11,7.9983035982e+11,2.6199601384e+12,1.0923057301e+12,5.8495074047e+11,4.4460947076e+11,3.8180621989e+11,3.0774375169e+11,2.9708734956e+11,2.9403118536e+11,2.9247537024e+11,2.4796188687e+12,9.5196446034e+11,4.4460947076e+11,3.0426820105e+11,2.4146495018e+11,1.6740248198e+11,1.5674607985e+11,1.5368991565e+11,1.5213410053e+11,2.4168156178e+12,8.8916120947e+11,3.8180621989e+11,2.4146495018e+11,1.7866169931e+11,1.0459923110e+11,9.3942828973e+10,9.0886664780e+10,8.9330849653e+10,2.3427531496e+12,8.1509874127e+11,3.0774375169e+11,1.6740248198e+11,1.0459923110e+11,3.0536762904e+10,1.9880360772e+10,1.6824196580e+10,1.5268381452e+10,2.3320967475e+12,8.0444233914e+11,2.9708734956e+11,1.5674607985e+11,9.3942828973e+10,1.9880360772e+10,9.2239586403e+09,6.1677944477e+09,4.6119793201e+09,2.3290405833e+12,8.0138617494e+11,2.9403118536e+11,1.5368991565e+11,9.0886664780e+10,1.6824196580e+10,6.1677944477e+09,3.1116302552e+09,1.5558151276e+09
228,5000,80,4.3992526036e+12,2.9575670600e+12,2.4772599294e+12,2.3441441763e+12,2.2845335694e+12,2.2141528857e+12,2.2040163185e+12,2.2011088590e+12,2.1996263018e+12,2.9575670600e+12,1.5158815165e+12,1.0355743858e+12,9.0245863271e+11,8.4284802580e+11,7.7246734210e+11,7.6233077487e+11,7.5942331543e+11,7.5794075823e+11,2.4772599294e+12,1.0355743858e+12,5.5526725519e+11,4.2215150208e+11,3.6254089517e+11,2.9216021147e+11,2.8202364424e+11,2.7911618480e+11,2.7763362760e+11,2.3441441763e+12,9.0245863271e+11,4.2215150208e+11,2.8903574896e+11,2.2942514206e+11,1.5904445836e+11,1.4890789113e+11,1.4600043168e+11,1.4451787448e+11,2.2845335694e+12,8.4284802580e+11,3.6254089517e+11,2.2942514206e+11,1.6981453515e+11,9.9433851451e+10,8.9297284221e+10,8.6389824780e+10,8.4907267577e+10,2.2141528857e+12,7.7246734210e+11,2.9216021147e+11,1.5904445836e+11,9.9433851451e+10,2.9053167747e+10,1.8916600518e+10,1.6009141076e+10,1.4526583873e+10,2.2040163185e+12,7.6233077487e+11,2.8202364424e+11,1.4890789113e+11,8.9297284221e+10,1.8916600518e+10,8.7800332884e+09,5.8725738471e+09,4.3900166442e+09,2.2011088590e+12,7.5942331543e+11,2.7911618480e+11,1.4600043168e+11,8.6389824780e+10,1.6009141076e+10,5.8725738471e+09,2.9651144058e+09,1.4825572029e+09
229,5000,90,4.3202273326e+12,2.9049866227e+12,2.4331047242e+12,2.3022509871e+12,2.2436400435e+12,2.1744100616e+12,2.1644349982e+12,2.1615735078e+12,2.1601136663e+12,2.9049866227e+12,1.4897459127e+12,1.0178640143e+12,8.8701027720e+11,8.2839933354e+11,7.5916935160e+11,7.4919428827e+11,7.4633279786e+11,7.4487295637e+11,2.4331047242e+12,1.0178640143e+12,5.4598211578e+11,4.1512837871e+11,3.5651743506e+11,2.8728745312e+11,2.7731238979e+11,2.7445089938e+11,2.7299105789e+11,2.3022509871e+12,8.8701027720e+11,4.1512837871e+11,2.8427464165e+11,2.2566369799e+11,1.5643371605e+11,1.4645865272e+11,1.4359716232e+11,1.4213732082e+11,2.2436400435e+12,8.2839933354e+11,3.5651743506e+11,2.2566369799e+11,1.6705275433e+11,9.7822772397e+10,8.7847709067e+10,8.4986218658e+10,8.3526377167e+10,2.1744100616e+12,7.5916935160e+11,2.8728745312e+11,1.5643371605e+11,9.7822772397e+10,2.8592790459e+10,1.8617727129e+10,1.5756236720e+10,1.4296395229e+10,2.1644349982e+12,7.4919428827e+11,2.7731238979e+11,1.4645865272e+11,8.7847709067e+10,1.8617727129e+10,8.6426637993e+09,5.7811733902e+09,4.3213318996e+09,2.1615735078e+12,7.4633279786e+11,2.7445089938e+11,1.4359716232e+11,8.4986218658e+10,1.5756236720e+10,5.7811733902e+09,2.9196829811e+09,1.4598414905e+09
230,6000,0,3.0499631129e+13,2.0716286487e+13,1.7121220522e+13,1.6141438250e+13,1.5723103462e+13,1.5304736480e+13,1.5263300210e+13,1.5253842301e+13,1.5249815564e+13,2.0716286487e+13,1.0932941846e+13,7.3378758809e+12,6.3580936083e+12,5.9397588209e+12,5.5213918387e+12,5.4799555682e+12,5.4704976599e+12,5.4664709229e+12,1.7121220522e+13,7.3378758809e+12,3.7428099159e+12,2.7630276433e+12,2.3446928559e+12,1.9263258737e+12,1.8848896032e+12,1.8754316949e+12,1.8714049579e+12,1.6141438250e+13,6.3580936083e+12,2.7630276433e+12,1.7832453706e+12,1.3649105832e+12,9.4654360106e+11,9.0510733063e+11,8.9564942228e+11,8.9162268532e+11,1.5723103462e+13,5.9397588209e+12,2.3446928559e+12,1.3649105832e+12,9.4657579582e+11,5.2820881365e+11,4.8677254322e+11,4.7731463486e+11,4.7328789791e+11,1.5304736480e+13,5.5213918387e+12,1.9263258737e+12,9.4654360106e+11,5.2820881365e+11,1.0984183148e+11,6.8405561043e+10,5.8947652692e+10,5.4920915738e+10,1.5263300210e+13,5.4799555682e+12,1.8848896032e+12,9.0510733063e+11,4.8677254322e+11,6.8405561043e+10,2.6969290609e+10,1.7511382259e+10,1.3484645305e+10,1.5253842301e+13,5.4704976599e+12,1.8754316949e+12,8.9564942228e+11,4.7731463486e+11,5.8947652692e+10,1.7511382259e+10,8.0534739081e+09,4.0267369540e+09
231,6000,10,2.9187979596e+13,1.9691486374e+13,1.6294683296e+13,1.5392988914e+13,1.5012636057e+13,1.4641327724e+13,1.4605561061e+13,1.4597451451e+13,1.4593989798e+13,1.9691486374e+13,1.0194993152e+13,6.7981900743e+12,5.8964956920e+12,5.5161428345e+12,5.1448345017e+12,5.1090678392e+12,5.1009582294e+12,5.0974965759e+12,1.6294683296e+13,6.7981900743e+12,3.4013869968e+12,2.4996926146e+12,2.1193397571e+12,1.7480314242e+12,1.7122647617e+12,1.7041551519e+12,1.7006934984e+12,1.5392988914e+13,5.8964956920e+12,2.4996926146e+12,1.5979982323e+12,1.2176453748e+12,8.4633704197e+11,8.1057037943e+11,8.0246076964e+11,7.9899911615e+11,1.5012636057e+13,5.5161428345e+12,2.1193397571e+12,1.2176453748e+12,8.3729251732e+11,4.6598418449e+11,4.3021752195e+11,4.2210791216e+11,4.1864625866e+11,1.4641327724e+13,5.1448345017e+12,1.7480314242e+12,8.4633704197e+11,4.6598418449e+11,9.4675851649e+10,5.8909189109e+10,5.0799579322e+10,4.7337925825e+10,1.4605561061e+13,5.1090678392e+12,1.7122647617e+12,8.1057037943e+11,4.3021752195e+11,5.8909189109e+10,2.3142526570e+10,1.5032916782e+10,1.1571263285e+10,1.4597451451e+13,5.1009582294e+12,1.7041551519e+12,8.0246076964e+11,4.2210791216e+11,5.0799579322e+10,1.5032916782e+10,6.9233069952e+09,3.4616534976e+09
232,6000,20,2.5496583603e+13,1.6896027830e+13,1.4049555880e+13,1.3341320245e+13,1.3050523404e+13,1.2780677842e+13,1.2756125886e+13,1.2750640886e+13,1.2748291801e+13,1.6896027830e+13,8.2954720566e+12,5.4490001063e+12,4.7407644716e+12,4.4499676305e+12,4.1801220685e+12,4.1555701126e+12,4.1500851123e+12,4.1477360283e+12,1.4049555880e+13,5.4490001063e+12,2.6025281561e+12,1.8942925213e+12,1.6034956802e+12,1.3336501182e+12,1.3090981623e+12,1.3036131621e+12,1.3012640780e+12,1.3341320245e+13,4.7407644716e+12,1.8942925213e+12,1.1860568865e+12,8.9526004541e+11,6.2541448346e+11,6.0086252755e+11,5.9537752729e+11,5.9302844325e+11,1.3050523404e+13,4.4499676305e+12,1.6034956802e+12,8.9526004541e+11,6.0446320433e+11,3.3461764238e+11,3.1006568647e+11,3.0458068621e+11,3.0223160217e+11,1.2780677842e+13,4.1801220685e+12,1.3336501182e+12,6.2541448346e+11,3.3461764238e+11,6.4772080425e+10,4.0220124518e+10,3.4735124252e+10,3.2386040212e+10,1.2756125886e+13,4.1555701126e+12,1.3090981623e+12,6.0086252755e+11,3.1006568647e+11,4.0220124518e+10,1.5668168611e+10,1.0183168346e+10,7.8340843057e+09,1.2750640886e+13,4.1500851123e+12,1.3036131621e+12,5.9537752729e+11,3.0458068621e+11,3.4735124252e+10,1.0183168346e+10,4.6981680802e+09,2.3490840401e+09
233,6000,30,2.0106630733e+13,1.3103191813e+13,1.0964317682e+13,1.0459722036e+13,1.0256625277e+13,1.0074438476e+13,1.0058419577e+13,1.0054849154e+13,1.0053315366e+13,1.3103191813e+13,6.0997528926e+12,3.9608787616e+12,3.4562831157e+12,3.2531863568e+12,3.0709995554e+12,3.0549806569e+12,3.0514102334e+12,3.0498764463e+12,1.0964317682e+13,3.9608787616e+12,1.8220046305e+12,1.3174089846e+12,1.1143122257e+12,9.3212542436e+11,9.1610652588e+11,9.1253610232e+11,9.1100231525e+11,1.0459722036e+13,3.4562831157e+12,1.3174089846e+12,8.1281333870e+11,6.0971657984e+11,4.2752977846e+11,4.1151087998e+11,4.0794045642e+11,4.0640666935e+11,1.0256625277e+13,3.2531863568e+12,1.1143122257e+12,6.0971657984e+11,4.0661982099e+11,2.2443301961e+11,2.0841412113e+11,2.0484369757e+11,2.0330991050e+11,1.0074438476e+13,3.0709995554e+12,9.3212542436e+11,4.2752977846e+11,2.2443301961e+11,4.2246218220e+10,2.6227319742e+10,2.2656896181e+10,2.1123109110e+10,1.0058419577e+13,3.0549806569e+12,9.1610652588e+11,4.1151087998e+11,2.0841412113e+11,2.6227319742e+10,1.0208421263e+10,6.6379977025e+09,5.1042106316e+09,1.0054849154e+13,3.0514102334e+12,9.1253610232e+11,4.0794045642e+11,2.0484369757e+11,2.2656896181e+10,6.6379977025e+09,3.0675741419e+09,1.5337870710e+09
234,6000,40,1.5052675332e+13,9.7495033548e+12,8.1862768775e+12,7.8212637299e+12,7.6744362195e+12,7.5420485659e+12,7.5301955158e+12,7.5274962469e+12,7.5263376658e+12,9.7495033548e+12,4.4463313780e+12,2.8831049007e+12,2.5180917532e+12,2.3712642427e+12,2.2388765891e+12,2.2270235390e+12,2.2243242701e+12,2.2231656890e+12,8.1862768775e+12,2.8831049007e+12,1.3198784233e+12,9.5486527579e+11,8.0803776531e+11,6.7565011174e+11,6.6379706168e+11,6.6109779275e+11,6.5993921166e+11,7.8212637299e+12,2.5180917532e+12,9.5486527579e+11,5.8985212826e+11,4.4302461778e+11,3.1063696421e+11,2.9878391415e+11,2.9608464522e+11,2.9492606413e+11,7.6744362195e+12,2.3712642427e+12,8.0803776531e+11,4.4302461778e+11,2.9619710730e+11,1.6380945373e+11,1.5195640367e+11,1.4925713474e+11,1.4809855365e+11,7.5420485659e+12,2.2388765891e+12,6.7565011174e+11,3.1063696421e+11,1.6380945373e+11,3.1421800163e+10,1.9568750104e+10,1.6869481172e+10,1.5710900082e+10,7.5301955158e+12,2.2270235390e+12,6.6379706168e+11,2.9878391415e+11,1.5195640367e+11,1.9568750104e+10,7.7157000442e+09,5.0164311124e+09,3.8578500221e+09,7.5274962469e+12,2.2243242701e+12,6.6109779275e+11,2.9608464522e+11,1.4925713474e+11,1.6869481172e+10,5.0164311124e+09,2.3171621806e+09,1.1585810903e+09
235,6000,50,1.1807072496e+13,7.6734751718e+12,6.4356810523e+12,6.1427425395e+12,6.0243079135e+12,5.9165705252e+12,5.9067757135e+12,5.9045089531e+12,5.9035362481e+12,7.6734751718e+12,3.5398778474e+12,2.3020837279e+12,2.0091452151e+12,1.8907105891e+12,1.7829732008e+12,1.7731783891e+12,1.7709116287e+12,1.7699389237e+12,6.4356810523e+12,2.3020837279e+12,1.0642896084e+12,7.7135109560e+11,6.5291646963e+11,5.4517908129e+11,5.3538426958e+11,5.3311750923e+11,5.3214480420e+11,6.1427425395e+12,2.0091452151e+12,7.7135109560e+11,4.7841258280e+11,3.5997795683e+11,2.5224056849e+11,2.4244575678e+11,2.4017899643e+11,2.3920629140e+11,6.0243079135e+12,1.8907105891e+12,6.5291646963e+11,3.5997795683e+11,2.4154333086e+11,1.3380594252e+11,1.2401113081e+11,1.2174437045e+11,1.2077166543e+11,5.9165705252e+12,1.7829732008e+12,5.4517908129e+11,2.5224056849e+11,1.3380594252e+11,2.6068554176e+10,1.6273742466e+10,1.4006982114e+10,1.3034277088e+10,5.9067757135e+12,1.7731783891e+12,5.3538426958e+11,2.4244575678e+11,1.2401113081e+11,1.6273742466e+10,6.4789307571e+09,4.2121704045e+09,3.2394653786e+09,5.9045089531e+12,1.7709116287e+12,5.3311750923e+11,2.4017899643e+11,1.2174437045e+11,1.4006982114e+10,4.2121704045e+09,1.9454100518e+09,9.7270502591e+08
236,6000,60,1.0113941544e+13,6.5893264334e+12,5.5203551460e+12,5.2657702813e+12,5.1626317556e+12,5.0684663465e+12,5.0598436703e+12,5.0578375721e+12,5.0569707720e+12,6.5893264334e+12,3.0647113229e+12,1.9957400355e+12,1.7411551708e+12,1.6380166451e+12,1.5438512359e+12,1.5352285598e+12,1.5332224616e+12,1.5323556614e+12,5.5203551460e+12,1.9957400355e+12,9.2676874807e+11,6.7218388337e+11,5.6904535771e+11,4.7487994852e+11,4.6625727237e+11,4.6425117416e+11,4.6338437403e+11,5.2657702813e+12,1.7411551708e+12,6.7218388337e+11,4.1759901867e+11,3.1446049301e+11,2.2029508382e+11,2.1167240767e+11,2.0966630946e+11,2.0879950934e+11,5.1626317556e+12,1.6380166451e+12,5.6904535771e+11,3.1446049301e+11,2.1132196735e+11,1.1715655816e+11,1.0853388201e+11,1.0652778380e+11,1.0566098368e+11,5.0684663465e+12,1.5438512359e+12,4.7487994852e+11,2.2029508382e+11,1.1715655816e+11,2.2991148977e+10,1.4368472821e+10,1.2362374616e+10,1.1495574489e+10,5.0598436703e+12,1.5352285598e+12,4.6625727237e+11,2.1167240767e+11,1.0853388201e+11,1.4368472821e+10,5.7457966649e+09,3.7396984601e+09,2.8728983324e+09,5.0578375721e+12,1.5332224616e+12,4.6425117416e+11,2.0966630946e+11,1.0652778380e+11,1.2362374616e+10,3.7396984601e+09,1.7336002554e+09,8.6680012770e+08
237,6000,70,9.1901921846e+12,5.9928703700e+12,5.0186653345e+12,4.7860923255e+12,4.6918000666e+12,4.6056121196e+12,4.5977219827e+12,4.5958917903e+12,4.5950960923e+12,5.9928703700e+12,2.7955485555e+12,1.8213435199e+12,1.5887705109e+12,1.4944782520e+12,1.4082903050e+12,1.4004001681e+12,1.3985699757e+12,1.3977742777e+12,5.0186653345e+12,1.8213435199e+12,8.4713848432e+11,6.1456547535e+11,5.2027321642e+11,4.3408526948e+11,4.2619513258e+11,4.2436494014e+11,4.2356924216e+11,4.7860923255e+12,1.5887705109e+12,6.1456547535e+11,3.8199246637e+11,2.8770020744e+11,2.0151226050e+11,1.9362212360e+11,1.9179193116e+11,1.9099623318e+11,4.6918000666e+12,1.4944782520e+12,5.2027321642e+11,2.8770020744e+11,1.9340794851e+11,1.0722000157e+11,9.9329864677e+10,9.7499672232e+10,9.6703974257e+10,4.6056121196e+12,1.4082903050e+12,4.3408526948e+11,2.0151226050e+11,1.0722000157e+11,2.1032054633e+10,1.3141917737e+10,1.1311725292e+10,1.0516027317e+10,4.5977219827e+12,1.4004001681e+12,4.2619513258e+11,1.9362212360e+11,9.9329864677e+10,1.3141917737e+10,5.2517808406e+09,3.4215883954e+09,2.6258904203e+09,4.5958917903e+12,1.3985699757e+12,4.2436494014e+11,1.9179193116e+11,9.7499672232e+10,1.1311725292e+10,3.4215883954e+09,1.5913959503e+09,7.9569797514e+08
238,6000,80,8.7118043536e+12,5.6831648955e+12,4.7585327274e+12,4.5375375574e+12,4.4479034777e+12,4.3659146123e+12,4.3584037323e+12,4.3566617332e+12,4.3559021768e+12,5.6831648955e+12,2.6545254374e+12,1.7298932692e+12,1.5088980993e+12,1.4192640196e+12,1.3372751541e+12,1.3297642741e+12,1.3280222751e+12,1.3272627187e+12,4.7585327274e+12,1.7298932692e+12,8.0526110113e+11,5.8426593113e+11,4.9463185148e+11,4.1264298603e+11,4.0513210601e+11,4.0339010695e+11,4.0263055056e+11,4.5375375574e+12,1.5088980993e+12,5.8426593113e+11,3.6327076114e+11,2.7363668148e+11,1.9164781603e+11,1.8413693602e+11,1.8239493696e+11,1.8163538057e+11,4.4479034777e+12,1.4192640196e+12,4.9463185148e+11,2.7363668148e+11,1.8400260183e+11,1.0201373638e+11,9.4502856363e+10,9.2760857304e+10,9.2001300917e+10,4.3659146123e+12,1.3372751541e+12,4.1264298603e+11,1.9164781603e+11,1.0201373638e+11,2.0024870927e+10,1.2513990910e+10,1.0771991851e+10,1.0012435463e+10,4.3584037323e+12,1.3297642741e+12,4.0513210601e+11,1.8413693602e+11,9.4502856363e+10,1.2513990910e+10,5.0031108937e+09,3.2611118341e+09,2.5015554469e+09,4.3566617332e+12,1.3280222751e+12,4.0339010695e+11,1.8239493696e+11,9.2760857304e+10,1.0771991851e+10,3.2611118341e+09,1.5191127745e+09,7.5955638724e+08
239,6000,90,8.5644518413e+12,5.5876932747e+12,4.6783615598e+12,4.4609528794e+12,4.3727644953e+12,4.2920821825e+12,4.2846890916e+12,4.2829742853e+12,4.2822259207e+12,5.5876932747e+12,2.6109347081e+12,1.7016029932e+12,1.4841943128e+12,1.3960059287e+12,1.3153236159e+12,1.3079305250e+12,1.3062157186e+12,1.3054673540e+12,4.6783615598e+12,1.7016029932e+12,7.9227127838e+11,5.7486259793e+11,4.8667421383e+11,4.0599190100e+11,3.9859881011e+11,3.9688400380e+11,3.9613563919e+11,4.4609528794e+12,1.4841943128e+12,5.7486259793e+11,3.5745391747e+11,2.6926553338e+11,1.8858322055e+11,1.8119012965e+11,1.7947532334e+11,1.7872695873e+11,4.3727644953e+12,1.3960059287e+12,4.8667421383e+11,2.6926553338e+11,1.8107714929e+11,1.0039483645e+11,9.3001745562e+10,9.1286939252e+10,9.0538574643e+10,4.2920821825e+12,1.3153236159e+12,4.0599190100e+11,1.8858322055e+11,1.0039483645e+11,1.9712523622e+10,1.2319432730e+10,1.0604626420e+10,9.8562618112e+09,4.2846890916e+12,1.3079305250e+12,3.9859881011e+11,1.8119012965e+11,9.3001745562e+10,1.2319432730e+10,4.9263418378e+09,3.2115355279e+09,2.4631709189e+09,4.2829742853e+12,1.3062157186e+12,3.9688400380e+11,1.7947532334e+11,9.1286939252e+10,1.0604626420e+10,3.2115355279e+09,1.4967292181e+09,7.4836460905e+08
240,7000,0,5.5892906781e+13,3.6531096116e+13,3.0367950389e+13,2.8960718278e+13,2.8414362843e+13,2.7981663461e+13,2.7953736472e+13,2.7948487857e+13,2.7946453390e+13,3.6531096116e+13,1.7169285451e+13,1.1006139724e+13,9.5989076133e+12,9.0525521778e+12,8.6198527958e+12,8.5919258068e+12,8.5866771920e+12,8.5846427256e+12,3.0367950389e+13,1.1006139724e+13,4.8429939975e+12,3.4357618865e+12,2.8894064510e+12,2.4567070690e+12,2.4287800800e+12,2.4235314652e+12,2.4214969988e+12,2.8960718278e+13,9.5989076133e+12,3.4357618865e+12,2.0285297755e+12,1.4821743400e+12,1.0494749580e+12,1.0215479689e+12,1.0162993542e+12,1.0142648877e+12,2.8414362843e+13,9.0525521778e+12,2.8894064510e+12,1.4821743400e+12,9.3581890444e+11,5.0311952246e+11,4.7519253341e+11,4.6994391868e+11,4.6790945222e+11,2.7981663461e+13,8.6198527958e+12,2.4567070690e+12,1.0494749580e+12,5.0311952246e+11,7.0420140487e+10,4.2493151439e+10,3.7244536702e+10,3.5210070243e+10,2.7953736472e+13,8.5919258068e+12,2.4287800800e+12,1.0215479689e+12,4.7519253341e+11,4.2493151439e+10,1.4566162392e+10,9.3175476546e+09,7.2830811959e+09,2.7948487857e+13,8.5866771920e+12,2.4235314652e+12,1.0162993542e+12,4.6994391868e+11,3.7244536702e+10,9.3175476546e+09,4.0689329174e+09,2.0344664587e+09
241,7000,10,5.2207154614e+13,3.3898980186e+13,2.8249837327e+13,2.6993065556e+13,2.6509933041e+13,2.6133729688e+13,2.6109819982e+13,2.6105325789e+13,2.6103577307e+13,3.3898980186e+13,1.5590805758e+13,9.9416628987e+12,8.6848911277e+12,8.2017586127e+12,7.8255552601e+12,7.8016455546e+12,7.7971513609e+12,7.7954028792e+12,2.8249837327e+13,9.9416628987e+12,4.2925200390e+12,3.0357482680e+12,2.5526157530e+12,2.1764124004e+12,2.1525026948e+12,2.1480085012e+12,2.1462600195e+12,2.6993065556e+13,8.6848911277e+12,3.0357482680e+12,1.7789764969e+12,1.2958439819e+12,9.1964062931e+11,8.9573092380e+11,8.9123673014e+11,8.8948824846e+11,2.6509933041e+13,8.2017586127e+12,2.5526157530e+12,1.2958439819e+12,8.1271146695e+11,4.3650811433e+11,4.1259840881e+11,4.0810421515e+11,4.0635573347e+11,2.6133729688e+13,7.8255552601e+12,2.1764124004e+12,9.1964062931e+11,4.3650811433e+11,6.0304761703e+10,3.6395056185e+10,3.1900862525e+10,3.0152380852e+10,2.6109819982e+13,7.8016455546e+12,2.1525026948e+12,8.9573092380e+11,4.1259840881e+11,3.6395056185e+10,1.2485350666e+10,7.9911570067e+09,6.2426753330e+09,2.6105325789e+13,7.7971513609e+12,2.1480085012e+12,8.9123673014e+11,4.0810421515e+11,3.1900862525e+10,7.9911570067e+09,3.4969633475e+09,1.7484816737e+09
242,7000,20,4.2639280928e+13,2.7280406578e+13,2.2878587008e+13,2.1951442982e+13,2.1602295091e+13,2.1339858639e+13,2.1323820937e+13,2.1320819850e+13,2.1319640464e+13,2.7280406578e+13,1.1921532228e+13,7.5197126584e+12,6.5925686323e+12,6.2434207407e+12,5.9809842893e+12,5.9649465873e+12,5.9619455003e+12,5.9607661139e+12,2.2878587008e+13,7.5197126584e+12,3.1178930891e+12,2.1907490630e+12,1.8416011713e+12,1.5791647200e+12,1.5631270180e+12,1.5601259310e+12,1.5589465445e+12,2.1951442982e+13,6.5925686323e+12,2.1907490630e+12,1.2636050369e+12,9.1445714524e+11,6.5202069387e+11,6.3598299187e+11,6.3298190491e+11,6.3180251844e+11,2.1602295091e+13,6.2434207407e+12,1.8416011713e+12,9.1445714524e+11,5.6530925360e+11,3.0287280222e+11,2.8683510022e+11,2.8383401326e+11,2.8265462680e+11,2.1339858639e+13,5.9809842893e+12,1.5791647200e+12,6.5202069387e+11,3.0287280222e+11,4.0436350848e+10,2.4398648849e+10,2.1397561885e+10,2.0218175424e+10,2.1323820937e+13,5.9649465873e+12,1.5631270180e+12,6.3598299187e+11,2.8683510022e+11,2.4398648849e+10,8.3609468504e+09,5.3598598864e+09,4.1804734252e+09,2.1320819850e+13,5.9619455003e+12,1.5601259310e+12,6.3298190491e+11,2.8383401326e+11,2.1397561885e+10,5.3598598864e+09,2.3587729223e+09,1.1793864611e+09
243,7000,30,3.1550723738e+13,1.9938610938e+13,1.6824375466e+13,1.6194568449e+13,1.5960717585e+13,1.5788518356e+13,1.5778135274e+13,1.5776152121e+13,1.5775361869e+13,1.9938610938e+13,8.3264981387e+12,5.2122626668e+12,4.5824556498e+12,4.3486047856e+12,4.1764055570e+12,4.1660224743e+12,4.1640393220e+12,4.1632490694e+12,1.6824375466e+13,5.2122626668e+12,2.0980271948e+12,1.4682201778e+12,1.2343693136e+12,1.0621700851e+12,1.0517870023e+12,1.0498038501e+12,1.0490135974e+12,1.6194568449e+13,4.5824556498e+12,1.4682201778e+12,8.3841316082e+11,6.0456229663e+11,4.3236306809e+11,4.2197998531e+11,4.1999683307e+11,4.1920658041e+11,1.5960717585e+13,4.3486047856e+12,1.2343693136e+12,6.0456229663e+11,3.7071143244e+11,1.9851220389e+11,1.8812912112e+11,1.8614596888e+11,1.8535571622e+11,1.5788518356e+13,4.1764055570e+12,1.0621700851e+12,4.3236306809e+11,1.9851220389e+11,2.6312975352e+10,1.5929892578e+10,1.3946740333e+10,1.3156487676e+10,1.5778135274e+13,4.1660224743e+12,1.0517870023e+12,4.2197998531e+11,1.8812912112e+11,1.5929892578e+10,5.5468098038e+09,3.5636575588e+09,2.7734049019e+09,1.5776152121e+13,4.1640393220e+12,1.0498038501e+12,4.1999683307e+11,1.8614596888e+11,1.3946740333e+10,3.5636575588e+09,1.5805053139e+09,7.9025265694e+08
244,7000,40,2.3110555536e+13,1.4569671771e+13,1.2316727476e+13,1.1860778694e+13,1.1691144373e+13,1.1565267572e+13,1.1557465985e+13,1.1555902813e+13,1.1555277768e+13,1.4569671771e+13,6.0287880053e+12,3.7758437106e+12,3.3198949288e+12,3.1502606074e+12,3.0243838064e+12,3.0165822190e+12,3.0150190477e+12,3.0143940027e+12,1.2316727476e+13,3.7758437106e+12,1.5228994159e+12,1.0669506341e+12,8.9731631273e+11,7.7143951166e+11,7.6363792426e+11,7.6207475297e+11,7.6144970795e+11,1.1860778694e+13,3.3198949288e+12,1.0669506341e+12,6.1100185231e+11,4.4136753094e+11,3.1549072987e+11,3.0768914247e+11,3.0612597117e+11,3.0550092615e+11,1.1691144373e+13,3.1502606074e+12,8.9731631273e+11,4.4136753094e+11,2.7173320957e+11,1.4585640850e+11,1.3805482109e+11,1.3649164980e+11,1.3586660478e+11,1.1565267572e+13,3.0243838064e+12,7.7143951166e+11,3.1549072987e+11,1.4585640850e+11,1.9979607426e+10,1.2178020023e+10,1.0614848731e+10,9.9898037129e+09,1.1557465985e+13,3.0165822190e+12,7.6363792426e+11,3.0768914247e+11,1.3805482109e+11,1.2178020023e+10,4.3764326211e+09,2.8132613287e+09,2.1882163106e+09,1.1555902813e+13,3.0150190477e+12,7.6207475297e+11,3.0612597117e+11,1.3649164980e+11,1.0614848731e+10,2.8132613287e+09,1.2500900362e+09,6.2504501808e+08
245,7000,50,1.8372881010e+13,1.1618185737e+13,9.8065194751e+12,9.4362265516e+12,9.2979869792e+12,9.1948314316e+12,9.1883224149e+12,9.1869787602e+12,9.1864405048e+12,1.1618185737e+13,4.8634904644e+12,3.0518242025e+12,2.6815312791e+12,2.5432917067e+12,2.4401361590e+12,2.4336271423e+12,2.4322834877e+12,2.4317452322e+12,9.8065194751e+12,3.0518242025e+12,1.2401579407e+12,8.6986501724e+11,7.3162544482e+11,6.2846989719e+11,6.2196088046e+11,6.2061722585e+11,6.2007897036e+11,9.4362265516e+12,2.6815312791e+12,8.6986501724e+11,4.9957209377e+11,3.6133252135e+11,2.5817697372e+11,2.5166795699e+11,2.5032430238e+11,2.4978604689e+11,9.2979869792e+12,2.5432917067e+12,7.3162544482e+11,3.6133252135e+11,2.2309294893e+11,1.1993740130e+11,1.1342838457e+11,1.1208472996e+11,1.1154647447e+11,9.1948314316e+12,2.4401361590e+12,6.2846989719e+11,2.5817697372e+11,1.1993740130e+11,1.6781853659e+10,1.0272836933e+10,8.9291823208e+09,8.3909268297e+09,9.1883224149e+12,2.4336271423e+12,6.2196088046e+11,2.5166795699e+11,1.1342838457e+11,1.0272836933e+10,3.7638202074e+09,2.4201655948e+09,1.8819101037e+09,9.1869787602e+12,2.4322834877e+12,6.2061722585e+11,2.5032430238e+11,1.1208472996e+11,8.9291823208e+09,2.4201655948e+09,1.0765109822e+09,5.3825549110e+08
246,7000,60,1.5881786151e+13,1.0057522774e+13,8.4826251254e+12,8.1594538550e+12,8.0386506145e+12,7.9482950987e+12,7.9425605240e+12,7.9413747933e+12,7.9408930757e+12,1.0057522774e+13,4.2332593956e+12,2.6583617474e+12,2.3351904770e+12,2.2143872366e+12,2.1240317208e+12,2.1182971461e+12,2.1171114153e+12,2.1166296978e+12,8.4826251254e+12,2.6583617474e+12,1.0834640993e+12,7.6029282888e+11,6.3948958840e+11,5.4913407263e+11,5.4339949792e+11,5.4221376718e+11,5.4173204964e+11,8.1594538550e+12,2.3351904770e+12,7.6029282888e+11,4.3712155847e+11,3.1631831800e+11,2.2596280223e+11,2.2022822752e+11,2.1904249677e+11,2.1856077924e+11,8.0386506145e+12,2.2143872366e+12,6.3948958840e+11,3.1631831800e+11,1.9551507753e+11,1.0515956175e+11,9.9424987047e+10,9.8239256299e+10,9.7757538763e+10,7.9482950987e+12,2.1240317208e+12,5.4913407263e+11,2.2596280223e+11,1.0515956175e+11,1.4804045981e+10,9.0694712745e+09,7.8837405265e+09,7.4020229905e+09,7.9425605240e+12,2.1182971461e+12,5.4339949792e+11,2.2022822752e+11,9.9424987047e+10,9.0694712745e+09,3.3348965679e+09,2.1491658199e+09,1.6674482840e+09,7.9413747933e+12,2.1171114153e+12,5.4221376718e+11,2.1904249677e+11,9.8239256299e+10,7.8837405265e+09,2.1491658199e+09,9.6343507182e+08,4.8171753591e+08
247,7000,70,1.4481049553e+13,9.1755692972e+12,7.7364716599e+12,7.4406958435e+12,7.3300795332e+12,7.2472901092e+12,7.2420450577e+12,7.2409671682e+12,7.2405247767e+12,9.1755692972e+12,3.8700890411e+12,2.4309914038e+12,2.1352155874e+12,2.0245992772e+12,1.9418098531e+12,1.9365648016e+12,1.9354869122e+12,1.9350445206e+12,7.7364716599e+12,2.4309914038e+12,9.9189376657e+11,6.9611795012e+11,5.8550163987e+11,5.0271221586e+11,4.9746716433e+11,4.9638927488e+11,4.9594688328e+11,7.4406958435e+12,2.1352155874e+12,6.9611795012e+11,4.0034213368e+11,2.8972582343e+11,2.0693639942e+11,2.0169134789e+11,2.0061345844e+11,2.0017106684e+11,7.3300795332e+12,2.0245992772e+12,5.8550163987e+11,2.8972582343e+11,1.7910951318e+11,9.6320089163e+10,9.1075037639e+10,8.9997148183e+10,8.9554756588e+10,7.2472901092e+12,1.9418098531e+12,5.0271221586e+11,2.0693639942e+11,9.6320089163e+10,1.3530665149e+10,8.2856136248e+09,7.2077241696e+09,6.7653325745e+09,7.2420450577e+12,1.9365648016e+12,4.9746716433e+11,2.0169134789e+11,9.1075037639e+10,8.2856136248e+09,3.0405621006e+09,1.9626726455e+09,1.5202810503e+09,7.2409671682e+12,1.9354869122e+12,4.9638927488e+11,2.0061345844e+11,8.9997148183e+10,7.2077241696e+09,1.9626726455e+09,8.8478319038e+08,4.4239159519e+08
248,7000,80,1.3749625323e+13,8.7143503223e+12,7.3466218459e+12,7.0652961829e+12,6.9600567423e+12,6.8812560300e+12,6.8762615989e+12,6.8752357996e+12,6.8748126614e+12,8.7143503223e+12,3.6790753216e+12,2.3113468453e+12,2.0300211823e+12,1.9247817417e+12,1.8459810293e+12,1.8409865982e+12,1.8399607990e+12,1.8395376608e+12,7.3466218459e+12,2.3113468453e+12,9.4361836902e+11,6.6229270596e+11,5.5705326538e+11,4.7825255304e+11,4.7325812193e+11,4.7223232267e+11,4.7180918451e+11,7.0652961829e+12,2.0300211823e+12,6.6229270596e+11,3.8096704291e+11,2.7572760233e+11,1.9692688998e+11,1.9193245887e+11,1.9090665962e+11,1.9048352145e+11,6.9600567423e+12,1.9247817417e+12,5.5705326538e+11,2.7572760233e+11,1.7048816175e+11,9.1687449401e+10,8.6693018289e+10,8.5667219035e+10,8.5244080873e+10,6.8812560300e+12,1.8459810293e+12,4.7825255304e+11,1.9692688998e+11,9.1687449401e+10,1.2886737057e+10,7.8923059446e+09,6.8665066907e+09,6.4433685284e+09,6.8762615989e+12,1.8409865982e+12,4.7325812193e+11,1.9193245887e+11,8.6693018289e+10,7.8923059446e+09,2.8978748325e+09,1.8720755786e+09,1.4489374163e+09,6.8752357996e+12,1.8399607990e+12,4.7223232267e+11,1.9090665962e+11,8.5667219035e+10,6.8665066907e+09,1.8720755786e+09,8.4627632467e+08,4.2313816234e+08
249,7000,90,1.3522421211e+13,8.5710776067e+12,7.2255318261e+12,6.9486910510e+12,6.8451197105e+12,6.7675551101e+12,6.7626378726e+12,6.7616278959e+12,6.7612106057e+12,8.5710776067e+12,3.6197340021e+12,2.2741882215e+12,1.9973474464e+12,1.8937761059e+12,1.8162115055e+12,1.8112942680e+12,1.8102842913e+12,1.8098670011e+12,7.2255318261e+12,2.2741882215e+12,9.2864244089e+11,6.5180166580e+11,5.4823032525e+11,4.7066572486e+11,4.6574848737e+11,4.6473851072e+11,4.6432122044e+11,6.9486910510e+12,1.9973474464e+12,6.5180166580e+11,3.7496089071e+11,2.7138955017e+11,1.9382494978e+11,1.8890771228e+11,1.8789773564e+11,1.8748044536e+11,6.8451197105e+12,1.8937761059e+12,5.4823032525e+11,2.7138955017e+11,1.6781820962e+11,9.0253609229e+10,8.5336371734e+10,8.4326395088e+10,8.3909104809e+10,6.7675551101e+12,1.8162115055e+12,4.7066572486e+11,1.9382494978e+11,9.0253609229e+10,1.2689008839e+10,7.7717713446e+09,6.7617946990e+09,6.3445044196e+09,6.7626378726e+12,1.8112942680e+12,4.6574848737e+11,1.8890771228e+11,8.5336371734e+10,7.7717713446e+09,2.8545338498e+09,1.8445572043e+09,1.4272669249e+09,6.7616278959e+12,1.8102842913e+12,4.6473851072e+11,1.8789773564e+11,8.4326395088e+10,6.7617946990e+09,1.8445572043e+09,8.3458055874e+08,4.1729027937e+08
250,8000,0,7.9568802536e+13,5.0200929719e+13,4.2236318620e+13,4.0710694862e+13,4.0164703770e+13,3.9804981247e+13,3.9788296625e+13,3.9785467393e+13,3.9784401268e+13,5.0200929719e+13,2.0833056903e+13,1.2868445804e+13,1.1342822046e+13,1.0796830953e+13,1.0437108430e+13,1.0420423809e+13,1.0417594577e+13,1.0416528452e+13,4.2236318620e+13,1.2868445804e+13,4.9038347043e+12,3.3782109462e+12,2.8322198539e+12,2.4724973309e+12,2.4558127096e+12,2.4529834775e+12,2.4519173521e+12,4.0710694862e+13,1.1342822046e+13,3.3782109462e+12,1.8525871882e+12,1.3065960959e+12,9.4687357289e+11,9.3018895154e+11,9.2735971948e+11,9.2629359411e+11,4.0164703770e+13,1.0796830953e+13,2.8322198539e+12,1.3065960959e+12,7.6060500348e+11,4.0088248051e+11,3.8419785917e+11,3.8136862711e+11,3.8030250174e+11,3.9804981247e+13,1.0437108430e+13,2.4724973309e+12,9.4687357289e+11,4.0088248051e+11,4.1159957549e+10,2.4475336202e+10,2.1646104140e+10,2.0579978774e+10,3.9788296625e+13,1.0420423809e+13,2.4558127096e+12,9.3018895154e+11,3.8419785917e+11,2.4475336202e+10,7.7907148563e+09,4.9614827940e+09,3.8953574281e+09,3.9785467393e+13,1.0417594577e+13,2.4529834775e+12,9.2735971948e+11,3.8136862711e+11,2.1646104140e+10,4.9614827940e+09,2.1322507317e+09,1.0661253658e+09
251,8000,10,7.2536786497e+13,4.5473091747e+13,3.8384881784e+13,3.7061500988e+13,3.6592005237e+13,3.6285932687e+13,3.6271738451e+13,3.6269312330e+13,3.6268393248e+13,4.5473091747e+13,1.8409396997e+13,1.1321187034e+13,9.9978062382e+12,9.5283104871e+12,9.2222379374e+12,9.2080437006e+12,9.2056175801e+12,9.2046984983e+12,3.8384881784e+13,1.1321187034e+13,4.2329770720e+12,2.9095962759e+12,2.4401005248e+12,2.1340279751e+12,2.1198337383e+12,2.1174076178e+12,2.1164885360e+12,3.7061500988e+13,9.9978062382e+12,2.9095962759e+12,1.5862154797e+12,1.1167197287e+12,8.1064717893e+11,7.9645294221e+11,7.9402682166e+11,7.9310773987e+11,3.6592005237e+13,9.5283104871e+12,2.4401005248e+12,1.1167197287e+12,6.4722397765e+11,3.4115142788e+11,3.2695719116e+11,3.2453107061e+11,3.2361198882e+11,3.6285932687e+13,9.2222379374e+12,2.1340279751e+12,8.1064717893e+11,3.4115142788e+11,3.5078878124e+10,2.0884641400e+10,1.8458520847e+10,1.7539439062e+10,3.6271738451e+13,9.2080437006e+12,2.1198337383e+12,7.9645294221e+11,3.2695719116e+11,2.0884641400e+10,6.6904046771e+09,4.2642841235e+09,3.3452023386e+09,3.6269312330e+13,9.2056175801e+12,2.1174076178e+12,7.9402682166e+11,3.2453107061e+11,1.8458520847e+10,4.2642841235e+09,1.8381635698e+09,9.1908178489e+08
252,8000,20,5.6307251290e+13,3.4849338620e+13,2.9623047721e+13,2.8694221775e+13,2.8370674488e+13,2.8165201763e+13,2.8155870168e+13,2.8154251683e+13,2.8153625645e+13,3.4849338620e+13,1.3391425950e+13,8.1651350515e+12,7.2363091052e+12,6.9127618175e+12,6.7072890935e+12,6.6979574982e+12,6.6963390130e+12,6.6957129750e+12,2.9623047721e+13,8.1651350515e+12,2.9388441528e+12,2.0100182066e+12,1.6864709189e+12,1.4809981948e+12,1.4716665996e+12,1.4700481144e+12,1.4694220764e+12,2.8694221775e+13,7.2363091052e+12,2.0100182066e+12,1.0811922604e+12,7.5764497262e+11,5.5217224860e+11,5.4284065338e+11,5.4122216813e+11,5.4059613019e+11,2.8370674488e+13,6.9127618175e+12,1.6864709189e+12,7.5764497262e+11,4.3409768487e+11,2.2862496085e+11,2.1929336563e+11,2.1767488038e+11,2.1704884243e+11,2.8165201763e+13,6.7072890935e+12,1.4809981948e+12,5.5217224860e+11,2.2862496085e+11,2.3152236833e+10,1.3820641613e+10,1.2202156363e+10,1.1576118416e+10,2.8155870168e+13,6.6979574982e+12,1.4716665996e+12,5.4284065338e+11,2.1929336563e+11,1.3820641613e+10,4.4890463939e+09,2.8705611435e+09,2.2445231970e+09,2.8154251683e+13,6.6963390130e+12,1.4700481144e+12,5.4122216813e+11,2.1767488038e+11,1.2202156363e+10,2.8705611435e+09,1.2520758931e+09,6.2603794655e+08
253,8000,30,3.9878640456e+13,2.4445636470e+13,2.0899279015e+13,2.0289144571e+13,2.0078956554e+13,1.9946997151e+13,1.9940914250e+13,1.9939775352e+13,1.9939320228e+13,2.4445636470e+13,9.0126324830e+12,5.4662750286e+12,4.8561405842e+12,4.6459525677e+12,4.5139931647e+12,4.5079102638e+12,4.5067713652e+12,4.5063162415e+12,2.0899279015e+13,5.4662750286e+12,1.9199175741e+12,1.3097831297e+12,1.0995951133e+12,9.6763571026e+11,9.6155280930e+11,9.6041391071e+11,9.5995878705e+11,2.0289144571e+13,4.8561405842e+12,1.3097831297e+12,6.9964868538e+11,4.8946066889e+11,3.5750126590e+11,3.5141836495e+11,3.5027946635e+11,3.4982434269e+11,2.0078956554e+13,4.6459525677e+12,1.0995951133e+12,4.8946066889e+11,2.7927265240e+11,1.4731324941e+11,1.4123034846e+11,1.4009144986e+11,1.3963632620e+11,1.9946997151e+13,4.5139931647e+12,9.6763571026e+11,3.5750126590e+11,1.4731324941e+11,1.5353846414e+10,9.2709454634e+09,8.1320468690e+09,7.6769232070e+09,1.9940914250e+13,4.5079102638e+12,9.6155280930e+11,3.5141836495e+11,1.4123034846e+11,9.2709454634e+09,3.1880445127e+09,2.0491459183e+09,1.5940222563e+09,1.9939775352e+13,4.5067713652e+12,9.6041391071e+11,3.5027946635e+11,1.4009144986e+11,8.1320468690e+09,2.0491459183e+09,9.1024732390e+08,4.5512366195e+08
254,8000,40,2.8992368713e+13,1.7769029128e+13,1.5198750943e+13,1.4753566744e+13,1.4599679992e+13,1.4502254652e+13,1.4497548721e+13,1.4496576532e+13,1.4496184356e+13,1.7769029128e+13,6.5456895425e+12,3.9754113578e+12,3.5302271593e+12,3.3763404072e+12,3.2789150670e+12,3.2742091360e+12,3.2732369472e+12,3.2728447713e+12,1.5198750943e+13,3.9754113578e+12,1.4051331731e+12,9.5994897456e+11,8.0606222247e+11,7.0863688233e+11,7.0393095127e+11,7.0295876247e+11,7.0256658654e+11,1.4753566744e+13,3.5302271593e+12,9.5994897456e+11,5.1476477604e+11,3.6087802395e+11,2.6345268381e+11,2.5874675275e+11,2.5777456395e+11,2.5738238802e+11,1.4599679992e+13,3.3763404072e+12,8.0606222247e+11,3.6087802395e+11,2.0699127187e+11,1.0956593172e+11,1.0486000066e+11,1.0388781186e+11,1.0349563593e+11,1.4502254652e+13,3.2789150670e+12,7.0863688233e+11,2.6345268381e+11,1.0956593172e+11,1.2140591577e+10,7.4346605182e+09,6.4624717161e+09,6.0702957887e+09,1.4497548721e+13,3.2742091360e+12,7.0393095127e+11,2.5874675275e+11,1.0486000066e+11,7.4346605182e+09,2.7287294590e+09,1.7565406568e+09,1.3643647295e+09,1.4496576532e+13,3.2732369472e+12,7.0295876247e+11,2.5777456395e+11,1.0388781186e+11,6.4624717161e+09,1.7565406568e+09,7.8435185473e+08,3.9217592737e+08
255,8000,50,2.3285346796e+13,1.4306559748e+13,1.2218797895e+13,1.1854479863e+13,1.1728204027e+13,1.1647881227e+13,1.1643888543e+13,1.1643024219e+13,1.1642673398e+13,1.4306559748e+13,5.3277726995e+12,3.2400108473e+12,2.8756928155e+12,2.7494169785e+12,2.6690941791e+12,2.6651014949e+12,2.6642371711e+12,2.6638863498e+12,1.2218797895e+13,3.2400108473e+12,1.1522489951e+12,7.8793096324e+11,6.6165512632e+11,5.8133232690e+11,5.7733964264e+11,5.7647531887e+11,5.7612449754e+11,1.1854479863e+13,2.8756928155e+12,7.8793096324e+11,4.2361293140e+11,2.9733709448e+11,2.1701429506e+11,2.1302161080e+11,2.1215728703e+11,2.1180646570e+11,1.1728204027e+13,2.7494169785e+12,6.6165512632e+11,2.9733709448e+11,1.7106125757e+11,9.0738458147e+10,8.6745773882e+10,8.5881450114e+10,8.5530628784e+10,1.1647881227e+13,2.6690941791e+12,5.8133232690e+11,2.1701429506e+11,9.0738458147e+10,1.0415658727e+10,6.4229744622e+09,5.5586506937e+09,5.2078293635e+09,1.1643888543e+13,2.6651014949e+12,5.7733964264e+11,2.1302161080e+11,8.6745773882e+10,6.4229744622e+09,2.4302901973e+09,1.5659664288e+09,1.2151450986e+09,1.1643024219e+13,2.6642371711e+12,5.7647531887e+11,2.1215728703e+11,8.5881450114e+10,5.5586506937e+09,1.5659664288e+09,7.0164266031e+08,3.5082133015e+08
256,8000,60,2.0231855564e+13,1.2441967254e+13,1.0620249308e+13,1.0301498305e+13,1.0190916398e+13,1.0120481653e+13,1.0116982959e+13,1.0116236208e+13,1.0115927782e+13,1.2441967254e+13,4.6520789436e+12,2.8303609975e+12,2.5116099950e+12,2.4010280881e+12,2.3305933431e+12,2.3270946484e+12,2.3263478979e+12,2.3260394718e+12,1.0620249308e+13,2.8303609975e+12,1.0086430513e+12,6.8989204881e+11,5.7931014197e+11,5.0887539688e+11,5.0537670228e+11,5.0462995168e+11,5.0432152564e+11,1.0301498305e+13,2.5116099950e+12,6.8989204881e+11,3.7114104633e+11,2.6055913949e+11,1.9012439441e+11,1.8662569980e+11,1.8587894921e+11,1.8557052317e+11,1.0190916398e+13,2.4010280881e+12,5.7931014197e+11,2.6055913949e+11,1.4997723265e+11,7.9542487568e+10,7.6043792964e+10,7.5297042367e+10,7.4988616327e+10,1.0120481653e+13,2.3305933431e+12,5.0887539688e+11,1.9012439441e+11,7.9542487568e+10,9.1077424835e+09,5.6090478793e+09,4.8622972819e+09,4.5538712418e+09,1.0116982959e+13,2.3270946484e+12,5.0537670228e+11,1.8662569980e+11,7.6043792964e+10,5.6090478793e+09,2.1103532750e+09,1.3636026777e+09,1.0551766375e+09,1.0116236208e+13,2.3263478979e+12,5.0462995168e+11,1.8587894921e+11,7.5297042367e+10,4.8622972819e+09,1.3636026777e+09,6.1685208031e+08,3.0842604016e+08
257,8000,70,1.8484549076e+13,1.1371634437e+13,9.7044296642e+12,9.4123717412e+12,9.3110129009e+12,9.2464290340e+12,9.2432331491e+12,9.2425578059e+12,9.2422745381e+12,1.1371634437e+13,4.2587197987e+12,2.5915150255e+12,2.2994571025e+12,2.1980982622e+12,2.1335143952e+12,2.1303185103e+12,2.1296431672e+12,2.1293598993e+12,9.7044296642e+12,2.5915150255e+12,9.2431025233e+11,6.3225232931e+11,5.3089348898e+11,4.6630962205e+11,4.6311373715e+11,4.6243839398e+11,4.6215512616e+11,9.4123717412e+12,2.2994571025e+12,6.3225232931e+11,3.4019440628e+11,2.3883556596e+11,1.7425169902e+11,1.7105581413e+11,1.7038047095e+11,1.7009720314e+11,9.3110129009e+12,2.1980982622e+12,5.3089348898e+11,2.3883556596e+11,1.3747672563e+11,7.2892858696e+10,6.9696973803e+10,6.9021630629e+10,6.8738362815e+10,9.2464290340e+12,2.1335143952e+12,4.6630962205e+11,1.7425169902e+11,7.2892858696e+10,8.3089917613e+09,5.1131068683e+09,4.4377636945e+09,4.1544958806e+09,9.2432331491e+12,2.1303185103e+12,4.6311373715e+11,1.7105581413e+11,6.9696973803e+10,5.1131068683e+09,1.9172219753e+09,1.2418788015e+09,9.5861098763e+08,9.2425578059e+12,2.1296431672e+12,4.6243839398e+11,1.7038047095e+11,6.9021630629e+10,4.4377636945e+09,1.2418788015e+09,5.6653562779e+08,2.8326781389e+08
258,8000,80,1.7566030379e+13,1.0808521634e+13,9.2228701778e+12,8.9449378820e+12,8.8484625906e+12,8.7869717772e+12,8.7839287141e+12,8.7832865933e+12,8.7830151895e+12,1.0808521634e+13,4.0510128889e+12,2.4653614327e+12,2.1874291370e+12,2.0909538456e+12,2.0294630322e+12,2.0264199691e+12,2.0257778483e+12,2.0255064444e+12,9.2228701778e+12,2.4653614327e+12,8.7970997660e+11,6.0177768086e+11,5.0530238942e+11,4.4381157608e+11,4.4076851295e+11,4.4012639217e+11,4.3985498830e+11,8.9449378820e+12,2.1874291370e+12,6.0177768086e+11,3.2384538511e+11,2.2737009368e+11,1.6587928034e+11,1.6283621720e+11,1.6219409643e+11,1.6192269256e+11,8.8484625906e+12,2.0909538456e+12,5.0530238942e+11,2.2737009368e+11,1.3089480225e+11,6.9403988903e+10,6.6360925770e+10,6.5718804995e+10,6.5447401123e+10,8.7869717772e+12,2.0294630322e+12,4.4381157608e+11,1.6587928034e+11,6.9403988903e+10,7.9131755603e+09,4.8701124271e+09,4.2279916529e+09,3.9565877801e+09,8.7839287141e+12,2.0264199691e+12,4.4076851295e+11,1.6283621720e+11,6.6360925770e+10,4.8701124271e+09,1.8270492939e+09,1.1849285197e+09,9.1352464694e+08,8.7832865933e+12,2.0257778483e+12,4.4012639217e+11,1.6219409643e+11,6.5718804995e+10,4.2279916529e+09,1.1849285197e+09,5.4280774544e+08,2.7140387272e+08
259,8000,90,1.7279403593e+13,1.0632769432e+13,9.0725961189e+12,8.7990761192e+12,8.7041259843e+12,8.6435981382e+12,8.6406018497e+12,8.6399696615e+12,8.6397017965e+12,1.0632769432e+13,3.9861352716e+12,2.4259619582e+12,2.1524419585e+12,2.0574918237e+12,1.9969639776e+12,1.9939676891e+12,1.9933355009e+12,1.9930676358e+12,9.0725961189e+12,2.4259619582e+12,8.6578864479e+11,5.9226864512e+11,4.9731851027e+11,4.3679066414e+11,4.3379437565e+11,4.3316218744e+11,4.3289432239e+11,8.7990761192e+12,2.1524419585e+12,5.9226864512e+11,3.1874864545e+11,2.2379851060e+11,1.6327066447e+11,1.6027437598e+11,1.5964218777e+11,1.5937432273e+11,8.7041259843e+12,2.0574918237e+12,4.9731851027e+11,2.2379851060e+11,1.2884837576e+11,6.8320529622e+10,6.5324241133e+10,6.4692052922e+10,6.4424187879e+10,8.6435981382e+12,1.9969639776e+12,4.3679066414e+11,1.6327066447e+11,6.8320529622e+10,7.7926834870e+09,4.7963949974e+09,4.1642067868e+09,3.8963417435e+09,8.6406018497e+12,1.9939676891e+12,4.3379437565e+11,1.6027437598e+11,6.5324241133e+10,4.7963949974e+09,1.8001065079e+09,1.1679182972e+09,9.0005325396e+08,8.6399696615e+12,1.9933355009e+12,4.3316218744e+11,1.5964218777e+11,6.4692052922e+10,4.1642067868e+09,1.1679182972e+09,5.3573008655e+08,2.6786504327e+08
260,9000,0,9.2416723363e+13,5.6268832705e+13,4.8158230647e+13,4.6876775804e+13,4.6455312919e+13,4.6218972297e+13,4.6210357215e+13,4.6208918601e+13,4.6208361681e+13,5.6268832705e+13,2.0120942047e+13,1.2010339989e+13,1.0728885146e+13,1.0307422261e+13,1.0071081639e+13,1.0062466557e+13,1.0061027943e+13,1.0060471023e+13,4.8158230647e+13,1.2010339989e+13,3.8997379313e+12,2.6182830884e+12,2.1968202029e+12,1.9604795816e+12,1.9518644991e+12,1.9504258852e+12,1.9498689657e+12,4.6876775804e+13,1.0728885146e+13,2.6182830884e+12,1.3368282455e+12,9.1536536003e+11,6.7902473867e+11,6.7040965621e+11,6.6897104228e+11,6.6841412277e+11,4.6455312919e+13,1.0307422261e+13,2.1968202029e+12,9.1536536003e+11,4.9390247452e+11,2.5756185316e+11,2.4894677070e+11,2.4750815677e+11,2.4695123726e+11,4.6218972297e+13,1.0071081639e+13,1.9604795816e+12,6.7902473867e+11,2.5756185316e+11,2.1221231801e+10,1.2606149337e+10,1.1167535407e+10,1.0610615901e+10,4.6210357215e+13,1.0062466557e+13,1.9518644991e+12,6.7040965621e+11,2.4894677070e+11,1.2606149337e+10,3.9910668736e+09,2.5524529437e+09,1.9955334368e+09,4.6208918601e+13,1.0061027943e+13,1.9504258852e+12,6.6897104228e+11,2.4750815677e+11,1.1167535407e+10,2.5524529437e+09,1.1138390137e+09,5.5691950683e+08
261,9000,10,8.3023946805e+13,5.0288313450e+13,4.3180992427e+13,4.2080658335e+13,4.1721376406e+13,4.1521055774e+13,4.1513703887e+13,4.1512458217e+13,4.1511973403e+13,5.0288313450e+13,1.7552680094e+13,1.0445359072e+13,9.3450249791e+12,8.9857430499e+12,8.7854224179e+12,8.7780705312e+12,8.7768248613e+12,8.7763400470e+12,4.3180992427e+13,1.0445359072e+13,3.3380380493e+12,2.2377039567e+12,1.8784220275e+12,1.6781013955e+12,1.6707495088e+12,1.6695038389e+12,1.6690190246e+12,4.2080658335e+13,9.3450249791e+12,2.2377039567e+12,1.1373698641e+12,7.7808793493e+11,5.7776730290e+11,5.7041541625e+11,5.6916974634e+11,5.6868493207e+11,4.1721376406e+13,8.9857430499e+12,1.8784220275e+12,7.7808793493e+11,4.1880600572e+11,2.1848537370e+11,2.1113348705e+11,2.0988781714e+11,2.0940300286e+11,4.1521055774e+13,8.7854224179e+12,1.6781013955e+12,5.7776730290e+11,2.1848537370e+11,1.8164741675e+10,1.0812855023e+10,9.5671851121e+09,9.0823708373e+09,4.1513703887e+13,8.7780705312e+12,1.6707495088e+12,5.7041541625e+11,2.1113348705e+11,1.0812855023e+10,3.4609683717e+09,2.2152984606e+09,1.7304841859e+09,4.1512458217e+13,8.7768248613e+12,1.6695038389e+12,5.6916974634e+11,2.0988781714e+11,9.5671851121e+09,2.2152984606e+09,9.6962854947e+08,4.8481427474e+08
262,9000,20,6.2170570341e+13,3.7253225815e+13,3.2209834458e+13,3.1462412944e+13,3.1222573754e+13,3.1091389042e+13,3.1086533391e+13,3.1085647602e+13,3.1085285170e+13,3.7253225815e+13,1.2335881290e+13,7.2924899326e+12,6.5450684183e+12,6.3052292287e+12,6.1740445168e+12,6.1691888657e+12,6.1683030768e+12,6.1679406449e+12,3.2209834458e+13,7.2924899326e+12,2.2490985752e+12,1.5016770610e+12,1.2618378714e+12,1.1306531595e+12,1.1257975084e+12,1.1249117195e+12,1.1245492876e+12,3.1462412944e+13,6.5450684183e+12,1.5016770610e+12,7.5425554673e+11,5.1441635717e+11,3.8323164523e+11,3.7837599414e+11,3.7749020523e+11,3.7712777337e+11,3.1222573754e+13,6.3052292287e+12,1.2618378714e+12,5.1441635717e+11,2.7457716761e+11,1.4339245567e+11,1.3853680458e+11,1.3765101567e+11,1.3728858380e+11,3.1091389042e+13,6.1740445168e+12,1.1306531595e+12,3.8323164523e+11,1.4339245567e+11,1.2207743732e+10,7.3520926429e+09,6.4663037331e+09,6.1038718658e+09,3.1086533391e+13,6.1691888657e+12,1.1257975084e+12,3.7837599414e+11,1.3853680458e+11,7.3520926429e+09,2.4964415542e+09,1.6106526444e+09,1.2482207771e+09,3.1085647602e+13,6.1683030768e+12,1.1249117195e+12,3.7749020523e+11,1.3765101567e+11,6.4663037331e+09,1.6106526444e+09,7.2486373459e+08,3.6243186729e+08
263,9000,30,4.2872869001e+13,2.5502623154e+13,2.2160421153e+13,2.1677746359e+13,2.1524328927e+13,2.1440811577e+13,2.1437490628e+13,2.1436752871e+13,2.1436434500e+13,2.5502623154e+13,8.1323773076e+12,4.7901753066e+12,4.3075005125e+12,4.1540830808e+12,4.0705657309e+12,4.0672447810e+12,4.0665070241e+12,4.0661886538e+12,2.2160421153e+13,4.7901753066e+12,1.4479733056e+12,9.6529851155e+11,8.1188107984e+11,7.2836372997e+11,7.2504278000e+11,7.2430502314e+11,7.2398665282e+11,2.1677746359e+13,4.3075005125e+12,9.6529851155e+11,4.8262371746e+11,3.2920628575e+11,2.4568893588e+11,2.4236798591e+11,2.4163022905e+11,2.4131185873e+11,2.1524328927e+13,4.1540830808e+12,8.1188107984e+11,3.2920628575e+11,1.7578885404e+11,9.2271504168e+10,8.8950554199e+10,8.8212797340e+10,8.7894427018e+10,2.1440811577e+13,4.0705657309e+12,7.2836372997e+11,2.4568893588e+11,9.2271504168e+10,8.7541542988e+09,5.4332043299e+09,4.6954474710e+09,4.3770771494e+09,2.1437490628e+13,4.0672447810e+12,7.2504278000e+11,2.4236798591e+11,8.8950554199e+10,5.4332043299e+09,2.1122543611e+09,1.3744975021e+09,1.0561271805e+09,2.1436752871e+13,4.0665070241e+12,7.2430502314e+11,2.4163022905e+11,8.8212797340e+10,4.6954474710e+09,1.3744975021e+09,6.3674064315e+08,3.1837032158e+08
264,9000,40,3.1115047300e+13,1.8521725387e+13,1.6090014106e+13,1.5736157680e+13,1.5623257745e+13,1.5561226425e+13,1.5558525381e+13,1.5557824718e+13,1.5557523650e+13,1.8521725387e+13,5.9284034734e+12,3.4966921924e+12,3.1428357665e+12,3.0299358313e+12,2.9679045120e+12,2.9652034676e+12,2.9645028041e+12,2.9642017367e+12,1.6090014106e+13,3.4966921924e+12,1.0649809115e+12,7.1112448551e+11,5.9822455029e+11,5.3619323100e+11,5.3349218663e+11,5.3279152316e+11,5.3249045573e+11,1.5736157680e+13,3.1428357665e+12,7.1112448551e+11,3.5726805956e+11,2.4436812434e+11,1.8233680505e+11,1.7963576068e+11,1.7893509721e+11,1.7863402978e+11,1.5623257745e+13,3.0299358313e+12,5.9822455029e+11,2.4436812434e+11,1.3146818911e+11,6.9436869827e+10,6.6735825457e+10,6.6035161987e+10,6.5734094557e+10,1.5561226425e+13,2.9679045120e+12,5.3619323100e+11,1.8233680505e+11,6.9436869827e+10,7.4055505402e+09,4.7045061698e+09,4.0038427004e+09,3.7027752701e+09,1.5558525381e+13,2.9652034676e+12,5.3349218663e+11,1.7963576068e+11,6.6735825457e+10,4.7045061698e+09,2.0034617994e+09,1.3027983300e+09,1.0017308997e+09,1.5557824718e+13,2.9645028041e+12,5.3279152316e+11,1.7893509721e+11,6.6035161987e+10,4.0038427004e+09,1.3027983300e+09,6.0213486061e+08,3.0106743030e+08
265,9000,50,2.5138271305e+13,1.4990729385e+13,1.3006973327e+13,1.2716574872e+13,1.2623683572e+13,1.2572369646e+13,1.2570036650e+13,1.2569407011e+13,1.2569135653e+13,1.4990729385e+13,4.8431874647e+12,2.8594314069e+12,2.5690329514e+12,2.4761416523e+12,2.4248277260e+12,2.4224947294e+12,2.4218650905e+12,2.4215937324e+12,1.3006973327e+13,2.8594314069e+12,8.7567534910e+11,5.8527689356e+11,4.9238559450e+11,4.4107166819e+11,4.3873867156e+11,4.3810903269e+11,4.3783767455e+11,1.2716574872e+13,2.5690329514e+12,5.8527689356e+11,2.9487843803e+11,2.0198713897e+11,1.5067321266e+11,1.4834021602e+11,1.4771057715e+11,1.4743921901e+11,1.2623683572e+13,2.4761416523e+12,4.9238559450e+11,2.0198713897e+11,1.0909583991e+11,5.7781913596e+10,5.5448916957e+10,5.4819278094e+10,5.4547919953e+10,1.2572369646e+13,2.4248277260e+12,4.4107166819e+11,1.5067321266e+11,5.7781913596e+10,6.4679872863e+09,4.1349906480e+09,3.5053517842e+09,3.2339936431e+09,1.2570036650e+13,2.4224947294e+12,4.3873867156e+11,1.4834021602e+11,5.5448916957e+10,4.1349906480e+09,1.8019940096e+09,1.1723551459e+09,9.0099700482e+08,1.2569407011e+13,2.4218650905e+12,4.3810903269e+11,1.4771057715e+11,5.4819278094e+10,3.5053517842e+09,1.1723551459e+09,5.4271628216e+08,2.7135814108e+08
266,9000,60,2.1884046531e+13,1.3058588978e+13,1.1325492510e+13,1.1071217612e+13,1.0989813978e+13,1.0944810060e+13,1.0942787057e+13,1.0942257467e+13,1.0942023266e+13,1.3058588978e+13,4.2331314247e+12,2.5000349566e+12,2.2457600590e+12,2.1643564246e+12,2.1193525071e+12,2.1173295035e+12,2.1167999140e+12,2.1165657124e+12,1.1325492510e+13,2.5000349566e+12,7.6693848840e+11,5.1266359088e+11,4.3125995645e+11,3.8625603891e+11,3.8423303533e+11,3.8370344583e+11,3.8346924420e+11,1.1071217612e+13,2.2457600590e+12,5.1266359088e+11,2.5838869335e+11,1.7698505893e+11,1.3198114139e+11,1.2995813781e+11,1.2942854830e+11,1.2919434668e+11,1.0989813978e+13,2.1643564246e+12,4.3125995645e+11,1.7698505893e+11,9.5581424507e+10,5.0577506966e+10,4.8554503386e+10,4.8024913882e+10,4.7790712253e+10,1.0944810060e+13,2.1193525071e+12,3.8625603891e+11,1.3198114139e+11,5.0577506966e+10,5.5735894260e+09,3.5505858458e+09,3.0209963411e+09,2.7867947130e+09,1.0942787057e+13,2.1173295035e+12,3.8423303533e+11,1.2995813781e+11,4.8554503386e+10,3.5505858458e+09,1.5275822656e+09,9.9799276088e+08,7.6379113278e+08,1.0942257467e+13,2.1167999140e+12,3.8370344583e+11,1.2942854830e+11,4.8024913882e+10,3.0209963411e+09,9.9799276088e+08,4.6840325620e+08,2.3420162810e+08
267,9000,70,2.0006560945e+13,1.1941595729e+13,1.0354780892e+13,1.0121725022e+13,1.0047087361e+13,1.0005813667e+13,1.0003971425e+13,1.0003495375e+13,1.0003280472e+13,1.1941595729e+13,3.8766305127e+12,2.2898156756e+12,2.0567598056e+12,1.9821221451e+12,1.9408484513e+12,1.9390062093e+12,1.9385301588e+12,1.9383152563e+12,1.0354780892e+13,2.2898156756e+12,7.0300083852e+11,4.6994496849e+11,3.9530730803e+11,3.5403361421e+11,3.5219137224e+11,3.5171532175e+11,3.5150041926e+11,1.0121725022e+13,2.0567598056e+12,4.6994496849e+11,2.3688909845e+11,1.6225143799e+11,1.2097774418e+11,1.1913550220e+11,1.1865945171e+11,1.1844454923e+11,1.0047087361e+13,1.9821221451e+12,3.9530730803e+11,1.6225143799e+11,8.7613777535e+10,4.6340083718e+10,4.4497841745e+10,4.4021791254e+10,4.3806888768e+10,1.0005813667e+13,1.9408484513e+12,3.5403361421e+11,1.2097774418e+11,4.6340083718e+10,5.0663899005e+09,3.2241479278e+09,2.7480974369e+09,2.5331949502e+09,1.0003971425e+13,1.9390062093e+12,3.5219137224e+11,1.1913550220e+11,4.4497841745e+10,3.2241479278e+09,1.3819059552e+09,9.0585546426e+08,6.9095297758e+08,1.0003495375e+13,1.9385301588e+12,3.5171532175e+11,1.1865945171e+11,4.4021791254e+10,2.7480974369e+09,9.0585546426e+08,4.2980497336e+08,2.1490248668e+08
268,9000,80,1.9013737218e+13,1.1350502054e+13,9.8413844993e+12,9.6196184123e+12,9.5485806901e+12,9.5092809946e+12,9.5075269093e+12,9.5070747926e+12,9.5068686090e+12,1.1350502054e+13,3.6872668895e+12,2.1781493351e+12,1.9563832480e+12,1.8853455258e+12,1.8460458303e+12,1.8442917450e+12,1.8438396284e+12,1.8436334447e+12,9.8413844993e+12,2.1781493351e+12,6.6903178062e+11,4.4726569360e+11,3.7622797140e+11,3.3692827590e+11,3.3517419057e+11,3.3472207392e+11,3.3451589031e+11,9.6196184123e+12,1.9563832480e+12,4.4726569360e+11,2.2549960659e+11,1.5446188439e+11,1.1516218889e+11,1.1340810356e+11,1.1295598691e+11,1.1274980330e+11,9.5485806901e+12,1.8853455258e+12,3.7622797140e+11,1.5446188439e+11,8.3424162190e+10,4.4124466690e+10,4.2370381361e+10,4.1918264712e+10,4.1712081095e+10,9.5092809946e+12,1.8460458303e+12,3.3692827590e+11,1.1516218889e+11,4.4124466690e+10,4.8247711899e+09,3.0706858615e+09,2.6185692118e+09,2.4123855950e+09,9.5075269093e+12,1.8442917450e+12,3.3517419057e+11,1.1340810356e+11,4.2370381361e+10,3.0706858615e+09,1.3166005330e+09,8.6448388336e+08,6.5830026652e+08,9.5070747926e+12,1.8438396284e+12,3.3472207392e+11,1.1295598691e+11,4.1918264712e+10,2.6185692118e+09,8.6448388336e+08,4.1236723368e+08,2.0618361684e+08
269,9000,90,1.8701434294e+13,1.1164595925e+13,9.6798900984e+12,9.4616743981e+12,9.3917696139e+12,9.3530919832e+12,9.3513654154e+12,9.3509206122e+12,9.3507171469e+12,1.1164595925e+13,3.6277575552e+12,2.1430517291e+12,1.9248360287e+12,1.8549312445e+12,1.8162536139e+12,1.8145270461e+12,1.8140822429e+12,1.8138787776e+12,9.6798900984e+12,2.1430517291e+12,6.5834590298e+11,4.4013020261e+11,3.7022541841e+11,3.3154778778e+11,3.2982122000e+11,3.2937641672e+11,3.2917295149e+11,9.4616743981e+12,1.9248360287e+12,4.4013020261e+11,2.2191450224e+11,1.5200971804e+11,1.1333208741e+11,1.1160551963e+11,1.1116071635e+11,1.1095725112e+11,9.3917696139e+12,1.8549312445e+12,3.7022541841e+11,1.5200971804e+11,8.2104933836e+10,4.3427303212e+10,4.1700735431e+10,4.1255932154e+10,4.1052466918e+10,9.3530919832e+12,1.8162536139e+12,3.3154778778e+11,1.1333208741e+11,4.3427303212e+10,4.7496725877e+09,3.0231048069e+09,2.5783015294e+09,2.3748362939e+09,9.3513654154e+12,1.8145270461e+12,3.2982122000e+11,1.1160551963e+11,4.1700735431e+10,3.0231048069e+09,1.2965370261e+09,8.5173374862e+08,6.4826851304e+08,9.3509206122e+12,1.8140822429e+12,3.2937641672e+11,1.1116071635e+11,4.1255932154e+10,2.5783015294e+09,8.5173374862e+08,4.0693047115e+08,2.0346523558e+08
270,10000,0,9.1789578582e+13,5.4025243634e+13,4.7177644107e+13,4.6293357569e+13,4.6028585317e+13,4.5899945534e+13,4.5895842331e+13,4.5895095848e+13,4.5894789291e+13,5.4025243634e+13,1.6260908686e+13,9.4133091590e+12,8.5290226216e+12,8.2642503689e+12,8.1356105859e+12,8.1315073834e+12,8.1307609003e+12,8.1304543432e+12,4.7177644107e+13,9.4133091590e+12,2.5657096316e+12,1.6814230942e+12,1.4166508415e+12,1.2880110586e+12,1.2839078560e+12,1.2831613729e+12,1.2828548158e+12,4.6293357569e+13,8.5290226216e+12,1.6814230942e+12,7.9713655679e+11,5.3236430409e+11,4.0372452116e+11,3.9962131862e+11,3.9887483554e+11,3.9856827840e+11,4.6028585317e+13,8.2642503689e+12,1.4166508415e+12,5.3236430409e+11,2.6759205140e+11,1.3895226846e+11,1.3484906592e+11,1.3410258284e+11,1.3379602570e+11,4.5899945534e+13,8.1356105859e+12,1.2880110586e+12,4.0372452116e+11,1.3895226846e+11,1.0312485525e+10,6.2092829874e+09,5.4627999032e+09,5.1562427625e+09,4.5895842331e+13,8.1315073834e+12,1.2839078560e+12,3.9962131862e+11,1.3484906592e+11,6.2092829874e+09,2.1060804498e+09,1.3595973656e+09,1.0530402249e+09,4.5895095848e+13,8.1307609003e+12,1.2831613729e+12,3.9887483554e+11,1.3410258284e+11,5.4627999032e+09,1.3595973656e+09,6.1311428133e+08,3.0655714067e+08
271,10000,10,8.1883837306e+13,4.7997582829e+13,4.2038183988e+13,4.1280800144e+13,4.1055518764e+13,4.0946411860e+13,4.0942874668e+13,4.0942201913e+13,4.0941918653e+13,4.7997582829e+13,1.4111328352e+13,8.1519295116e+12,7.3945456673e+12,7.1692642869e+12,7.0601573836e+12,7.0566201917e+12,7.0559474364e+12,7.0556641762e+12,4.2038183988e+13,8.1519295116e+12,2.1925306707e+12,1.4351468264e+12,1.2098654459e+12,1.1007585427e+12,1.0972213507e+12,1.0965485955e+12,1.0962653353e+12,4.1280800144e+13,7.3945456673e+12,1.4351468264e+12,6.7776298220e+11,4.5248160171e+11,3.4337469848e+11,3.3983750650e+11,3.3916475125e+11,3.3888149110e+11,4.1055518764e+13,7.1692642869e+12,1.2098654459e+12,4.5248160171e+11,2.2720022121e+11,1.1809331799e+11,1.1455612601e+11,1.1388337076e+11,1.1360011061e+11,4.0946411860e+13,7.0601573836e+12,1.1007585427e+12,3.4337469848e+11,1.1809331799e+11,8.9864147729e+09,5.4492227935e+09,4.7764675411e+09,4.4932073864e+09,4.0942874668e+13,7.0566201917e+12,1.0972213507e+12,3.3983750650e+11,1.1455612601e+11,5.4492227935e+09,1.9120308142e+09,1.2392755617e+09,9.5601540708e+08,4.0942201913e+13,7.0559474364e+12,1.0965485955e+12,3.3916475125e+11,1.1388337076e+11,4.7764675411e+09,1.2392755617e+09,5.6652030925e+08,2.8326015463e+08
272,10000,20,5.9824979725e+13,3.4759593468e+13,3.0638332528e+13,3.0133970612e+13,2.9986491256e+13,2.9915841861e+13,2.9913351479e+13,2.9912761511e+13,2.9912489862e+13,3.4759593468e+13,9.6942072119e+12,5.5729462715e+12,5.0685843554e+12,4.9211049992e+12,4.8504556049e+12,4.8479652224e+12,4.8473752543e+12,4.8471036059e+12,3.0638332528e+13,5.5729462715e+12,1.4516853310e+12,9.4732341494e+11,7.9984405873e+11,7.2919466443e+11,7.2670428194e+11,7.2611431387e+11,7.2584266551e+11,3.0133970612e+13,5.0685843554e+12,9.4732341494e+11,4.4296149885e+11,2.9548214264e+11,2.2483274834e+11,2.2234236585e+11,2.2175239778e+11,2.2148074942e+11,2.9986491256e+13,4.9211049992e+12,7.9984405873e+11,2.9548214264e+11,1.4800278644e+11,7.7353392132e+10,7.4863009640e+10,7.4273041578e+10,7.4001393218e+10,2.9915841861e+13,4.8504556049e+12,7.2919466443e+11,2.2483274834e+11,7.7353392132e+10,6.7039978275e+09,4.2136153358e+09,3.6236472739e+09,3.3519989137e+09,2.9913351479e+13,4.8479652224e+12,7.2670428194e+11,2.2234236585e+11,7.4863009640e+10,4.2136153358e+09,1.7232328441e+09,1.1332647821e+09,8.6161642203e+08,2.9912761511e+13,4.8473752543e+12,7.2611431387e+11,2.2175239778e+11,7.4273041578e+10,3.6236472739e+09,1.1332647821e+09,5.4329672024e+08,2.7164836012e+08
273,10000,30,4.0490205397e+13,2.3399363482e+13,2.0709551904e+13,2.0386721301e+13,2.0293065106e+13,2.0247968872e+13,2.0246027927e+13,2.0245398997e+13,2.0245102699e+13,2.3399363482e+13,6.3085215668e+12,3.6187099886e+12,3.2958793856e+12,3.2022231911e+12,3.1571269570e+12,3.1551860121e+12,3.1545570815e+12,3.1542607834e+12,2.0709551904e+13,3.6187099886e+12,9.2889841039e+11,6.0606780735e+11,5.1241161288e+11,4.6731537878e+11,4.6537443388e+11,4.6474550326e+11,4.6444920520e+11,2.0386721301e+13,3.2958793856e+12,6.0606780735e+11,2.8323720430e+11,1.8958100983e+11,1.4448477574e+11,1.4254383083e+11,1.4191490022e+11,1.4161860215e+11,2.0293065106e+13,3.2022231911e+12,5.1241161288e+11,1.8958100983e+11,9.5924815360e+10,5.0828581268e+10,4.8887636364e+10,4.8258705747e+10,4.7962407680e+10,2.0247968872e+13,3.1571269570e+12,4.6731537878e+11,1.4448477574e+11,5.0828581268e+10,5.7323471757e+09,3.7914022720e+09,3.1624716549e+09,2.8661735879e+09,2.0246027927e+13,3.1551860121e+12,4.6537443388e+11,1.4254383083e+11,4.8887636364e+10,3.7914022720e+09,1.8504573683e+09,1.2215267512e+09,9.2522868413e+08,2.0245398997e+13,3.1545570815e+12,4.6474550326e+11,1.4191490022e+11,4.8258705747e+10,3.1624716549e+09,1.2215267512e+09,5.9259613408e+08,2.9629806704e+08
274,10000,40,2.9380712300e+13,1.6999102641e+13,1.5033737561e+13,1.4796063869e+13,1.4726799883e+13,1.4692993091e+13,1.4691283651e+13,1.4690645911e+13,1.4690356150e+13,1.6999102641e+13,4.6174929823e+12,2.6521279015e+12,2.4144542094e+12,2.3451902240e+12,2.3113834323e+12,2.3096739919e+12,2.3090362521e+12,2.3087464911e+12,1.5033737561e+13,2.6521279015e+12,6.8676282071e+11,4.4908912864e+11,3.7982514326e+11,3.4601835150e+11,3.4430891114e+11,3.4367117136e+11,3.4338141035e+11,1.4796063869e+13,2.4144542094e+12,4.4908912864e+11,2.1141543658e+11,1.4215145119e+11,1.0834465943e+11,1.0663521907e+11,1.0599747929e+11,1.0570771829e+11,1.4726799883e+13,2.3451902240e+12,3.7982514326e+11,1.4215145119e+11,7.2887465805e+10,3.9080674044e+10,3.7371233684e+10,3.6733493904e+10,3.6443732902e+10,1.4692993091e+13,2.3113834323e+12,3.4601835150e+11,1.0834465943e+11,3.9080674044e+10,5.2738822830e+09,3.5644419229e+09,2.9267021436e+09,2.6369411415e+09,1.4691283651e+13,2.3096739919e+12,3.4430891114e+11,1.0663521907e+11,3.7371233684e+10,3.5644419229e+09,1.8550015629e+09,1.2172617836e+09,9.2750078147e+08,1.4690645911e+13,2.3090362521e+12,3.4367117136e+11,1.0599747929e+11,3.6733493904e+10,2.9267021436e+09,1.2172617836e+09,5.7952200427e+08,2.8976100214e+08
275,10000,50,2.3860775953e+13,1.3822870123e+13,1.2213553052e+13,1.2017961887e+13,1.1960806772e+13,1.1932699364e+13,1.1931203352e+13,1.1930643076e+13,1.1930387977e+13,1.3822870123e+13,3.7849642928e+12,2.1756472214e+12,1.9800560568e+12,1.9229009419e+12,1.8947935341e+12,1.8932975222e+12,1.8927372462e+12,1.8924821464e+12,1.2213553052e+13,2.1756472214e+12,5.6633015003e+11,3.7073898541e+11,3.1358387048e+11,2.8547646269e+11,2.8398045078e+11,2.8342017477e+11,2.8316507501e+11,1.2017961887e+13,1.9800560568e+12,3.7073898541e+11,1.7514782080e+11,1.1799270587e+11,8.9885298077e+10,8.8389286162e+10,8.7829010159e+10,8.7573910398e+10,1.1960806772e+13,1.9229009419e+12,3.1358387048e+11,1.1799270587e+11,6.0837590938e+10,3.2730183148e+10,3.1234171233e+10,3.0673895230e+10,3.0418795469e+10,1.1932699364e+13,1.8947935341e+12,2.8547646269e+11,8.9885298077e+10,3.2730183148e+10,4.6227753590e+09,3.1267634431e+09,2.5664874404e+09,2.3113876795e+09,1.1931203352e+13,1.8932975222e+12,2.8398045078e+11,8.8389286162e+10,3.1234171233e+10,3.1267634431e+09,1.6307515273e+09,1.0704755246e+09,8.1537576367e+08,1.1930643076e+13,1.8927372462e+12,2.8342017477e+11,8.7829010159e+10,3.0673895230e+10,2.5664874404e+09,1.0704755246e+09,5.1019952179e+08,2.5509976090e+08
276,10000,60,2.0816683165e+13,1.2064837860e+13,1.0656561050e+13,1.0485084969e+13,1.0434940714e+13,1.0410290491e+13,1.0409018313e+13,1.0408558370e+13,1.0408341582e+13,1.2064837860e+13,3.3129925550e+12,1.9047157453e+12,1.7332396641e+12,1.6830954092e+12,1.6584451859e+12,1.6571730078e+12,1.6567130653e+12,1.6564962775e+12,1.0656561050e+13,1.9047157453e+12,4.9643893560e+11,3.2496285444e+11,2.7481859954e+11,2.5016837618e+11,2.4889619809e+11,2.4843625561e+11,2.4821946780e+11,1.0485084969e+13,1.7332396641e+12,3.2496285444e+11,1.5348677329e+11,1.0334251838e+11,7.8692295027e+10,7.7420116933e+10,7.6960174459e+10,7.6743386644e+10,1.0434940714e+13,1.6830954092e+12,2.7481859954e+11,1.0334251838e+11,5.3198263476e+10,2.8548040120e+10,2.7275862027e+10,2.6815919553e+10,2.6599131738e+10,1.0410290491e+13,1.6584451859e+12,2.5016837618e+11,7.8692295027e+10,2.8548040120e+10,3.8978167647e+09,2.6256386715e+09,2.1656961973e+09,1.9489083824e+09,1.0409018313e+13,1.6571730078e+12,2.4889619809e+11,7.7420116933e+10,2.7275862027e+10,2.6256386715e+09,1.3534605783e+09,8.9351810409e+08,6.7673028913e+08,1.0408558370e+13,1.6567130653e+12,2.4843625561e+11,7.6960174459e+10,2.6815919553e+10,2.1656961973e+09,8.9351810409e+08,4.3357562993e+08,2.1678781496e+08
277,10000,70,1.9048326282e+13,1.1042161341e+13,9.7518041196e+12,9.5945447987e+12,9.5485418557e+12,9.5259273227e+12,9.5247738316e+12,9.5243617156e+12,9.5241631411e+12,1.1042161341e+13,3.0359964007e+12,1.7456391789e+12,1.5883798579e+12,1.5423769150e+12,1.5197623820e+12,1.5186088908e+12,1.5181967748e+12,1.5179982003e+12,9.7518041196e+12,1.7456391789e+12,4.5528195704e+11,2.9802263607e+11,2.5201969314e+11,2.2940516013e+11,2.2825166902e+11,2.2783955301e+11,2.2764097852e+11,9.5945447987e+12,1.5883798579e+12,2.9802263607e+11,1.4076331509e+11,9.4760372167e+10,7.2145839158e+10,7.0992348045e+10,7.0580232029e+10,7.0381657546e+10,9.5485418557e+12,1.5423769150e+12,2.5201969314e+11,9.4760372167e+10,4.8757429242e+10,2.6142896233e+10,2.4989405120e+10,2.4577289104e+10,2.4378714621e+10,9.5259273227e+12,1.5197623820e+12,2.2940516013e+11,7.2145839158e+10,2.6142896233e+10,3.5283632235e+09,2.3748721104e+09,1.9627560951e+09,1.7641816117e+09,9.5247738316e+12,1.5186088908e+12,2.2825166902e+11,7.0992348045e+10,2.4989405120e+10,2.3748721104e+09,1.2213809974e+09,8.0926498210e+08,6.1069049870e+08,9.5243617156e+12,1.5181967748e+12,2.2783955301e+11,7.0580232029e+10,2.4577289104e+10,1.9627560951e+09,8.0926498210e+08,3.9714896679e+08,1.9857448339e+08
278,10000,80,1.8110462708e+13,1.0499471155e+13,9.2719192656e+12,9.1222468521e+12,9.0784537596e+12,9.0569126228e+12,9.0558136447e+12,9.0554221866e+12,9.0552313542e+12,1.0499471155e+13,2.8884796023e+12,1.6609277126e+12,1.5112552991e+12,1.4674622065e+12,1.4459210698e+12,1.4448220917e+12,1.4444306336e+12,1.4442398012e+12,9.2719192656e+12,1.6609277126e+12,4.3337582283e+11,2.8370340934e+11,2.3991031679e+11,2.1836918001e+11,2.1727020191e+11,2.1687874381e+11,2.1668791142e+11,9.1222468521e+12,1.5112552991e+12,2.8370340934e+11,1.3403099584e+11,9.0237903299e+10,6.8696766513e+10,6.7597788414e+10,6.7206330314e+10,6.7015497922e+10,9.0784537596e+12,1.4674622065e+12,2.3991031679e+11,9.0237903299e+10,4.6444810753e+10,2.4903673967e+10,2.3804695868e+10,2.3413237768e+10,2.3222405376e+10,9.0569126228e+12,1.4459210698e+12,2.1836918001e+11,6.8696766513e+10,2.4903673967e+10,3.3625371806e+09,2.2635590819e+09,1.8721009821e+09,1.6812685903e+09,9.0558136447e+12,1.4448220917e+12,2.1727020191e+11,6.7597788414e+10,2.3804695868e+10,2.2635590819e+09,1.1645809833e+09,7.7312288350e+08,5.8229049164e+08,9.0554221866e+12,1.4444306336e+12,2.1687874381e+11,6.7206330314e+10,2.3413237768e+10,1.8721009821e+09,7.7312288350e+08,3.8166478372e+08,1.9083239186e+08
279,10000,90,1.7813342418e+13,1.0327478033e+13,9.1198767678e+12,8.9726167646e+12,8.9295264760e+12,8.9083264550e+12,8.9072446265e+12,8.9068595827e+12,8.9066712092e+12,1.0327478033e+13,2.8416136476e+12,1.6340123824e+12,1.4867523792e+12,1.4436620906e+12,1.4224620697e+12,1.4213802411e+12,1.4209951973e+12,1.4208068238e+12,9.1198767678e+12,1.6340123824e+12,4.2641111721e+11,2.7915111403e+11,2.3606082541e+11,2.1486080449e+11,2.1377897594e+11,2.1339393216e+11,2.1320555861e+11,8.9726167646e+12,1.4867523792e+12,2.7915111403e+11,1.3189111084e+11,8.8800822222e+10,6.7600801300e+10,6.6518972752e+10,6.6133928976e+10,6.5945555421e+10,8.9295264760e+12,1.4436620906e+12,2.3606082541e+11,8.8800822222e+10,4.5710533602e+10,2.4510512679e+10,2.3428684132e+10,2.3043640356e+10,2.2855266801e+10,8.9083264550e+12,1.4224620697e+12,2.1486080449e+11,6.7600801300e+10,2.4510512679e+10,3.3104917567e+09,2.2286632092e+09,1.8436194331e+09,1.6552458783e+09,8.9072446265e+12,1.4213802411e+12,2.1377897594e+11,6.6518972752e+10,2.3428684132e+10,2.2286632092e+09,1.1468346617e+09,7.6179088562e+08,5.7341733084e+08,8.9068595827e+12,1.4209951973e+12,2.1339393216e+11,6.6133928976e+10,2.3043640356e+10,1.8436194331e+09,7.6179088562e+08,3.7674710956e+08,1.8837355478e+08
280,12500,0,6.1172947208e+13,3.3667200041e+13,3.0898768224e+13,3.0664907255e+13,3.0610440766e+13,3.0588684670e+13,3.0587399439e+13,3.0586803022e+13,3.0586473604e+13,3.3667200041e+13,6.1614528743e+12,3.3930210571e+12,3.1591600883e+12,3.1046935996e+12,3.0829375036e+12,3.0816522722e+12,3.0810558549e+12,3.0807264372e+12,3.0898768224e+13,3.3930210571e+12,6.2458923987e+11,3.9072827106e+11,3.3626178242e+11,3.1450568637e+11,3.1322045492e+11,3.1262403770e+11,3.1229461993e+11,3.0664907255e+13,3.1591600883e+12,3.9072827106e+11,1.5686730226e+11,1.0240081362e+11,8.0644717565e+10,7.9359486120e+10,7.8763068898e+10,7.8433651130e+10,3.0610440766e+13,3.1046935996e+12,3.3626178242e+11,1.0240081362e+11,4.7934324972e+10,2.6178228921e+10,2.4892997475e+10,2.4296580254e+10,2.3967162486e+10,3.0588684670e+13,3.0829375036e+12,3.1450568637e+11,8.0644717565e+10,2.6178228921e+10,4.4221328701e+09,3.1369014246e+09,2.5404842030e+09,2.2110664351e+09,3.0587399439e+13,3.0816522722e+12,3.1322045492e+11,7.9359486120e+10,2.4892997475e+10,3.1369014246e+09,1.8516699790e+09,1.2552527575e+09,9.2583498950e+08,3.0586803022e+13,3.0810558549e+12,3.1262403770e+11,7.8763068898e+10,2.4296580254e+10,2.5404842030e+09,1.2552527575e+09,6.5883553590e+08,3.2941776795e+08
281,12500,10,5.3251609286e+13,2.9264227301e+13,2.6893015155e+13,2.6693436619e+13,2.6647013951e+13,2.6628165839e+13,2.6626842898e+13,2.6626172033e+13,2.6625804643e+13,2.9264227301e+13,5.2768453157e+12,2.9056331704e+12,2.7060546343e+12,2.6596319657e+12,2.6407838543e+12,2.6394609126e+12,2.6387900480e+12,2.6384226579e+12,2.6893015155e+13,2.9056331704e+12,5.3442102501e+11,3.3484248891e+11,2.8841982040e+11,2.6957170892e+11,2.6824876723e+11,2.6757790268e+11,2.6721051250e+11,2.6693436619e+13,2.7060546343e+12,3.3484248891e+11,1.3526395281e+11,8.8841284295e+10,6.9993172821e+10,6.8670231132e+10,6.7999366582e+10,6.7631976403e+10,2.6647013951e+13,2.6596319657e+12,2.8841982040e+11,8.8841284295e+10,4.2418615785e+10,2.3570504311e+10,2.2247562622e+10,2.1576698072e+10,2.1209307893e+10,2.6628165839e+13,2.6407838543e+12,2.6957170892e+11,6.9993172821e+10,2.3570504311e+10,4.7223928372e+09,3.3994511485e+09,2.7285865980e+09,2.3611964186e+09,2.6626842898e+13,2.6394609126e+12,2.6824876723e+11,6.8670231132e+10,2.2247562622e+10,3.3994511485e+09,2.0765094597e+09,1.4056449093e+09,1.0382547299e+09,2.6626172033e+13,2.6387900480e+12,2.6757790268e+11,6.7999366582e+10,2.1576698072e+10,2.7285865980e+09,1.4056449093e+09,7.3478035888e+08,3.6739017944e+08
282,12500,20,3.7029977174e+13,2.0264679405e+13,1.8689448364e+13,1.8560129099e+13,1.8530477713e+13,1.8517754853e+13,1.8516299870e+13,1.8515438641e+13,1.8514988587e+13,2.0264679405e+13,3.4993816370e+12,1.9241505960e+12,1.7948313308e+12,1.7651799450e+12,1.7524570843e+12,1.7510021016e+12,1.7501408730e+12,1.7496908185e+12,1.8689448364e+13,1.9241505960e+12,3.4891955499e+11,2.1960028984e+11,1.8994890405e+11,1.7722604332e+11,1.7577106065e+11,1.7490983198e+11,1.7445977749e+11,1.8560129099e+13,1.7948313308e+12,2.1960028984e+11,9.0281024686e+10,6.0629638898e+10,4.7906778163e+10,4.6451795495e+10,4.5590566830e+10,4.5140512343e+10,1.8530477713e+13,1.7651799450e+12,1.8994890405e+11,6.0629638898e+10,3.0978253110e+10,1.8255392375e+10,1.6800409707e+10,1.5939181042e+10,1.5489126555e+10,1.8517754853e+13,1.7524570843e+12,1.7722604332e+11,4.7906778163e+10,1.8255392375e+10,5.5325316402e+09,4.0775489720e+09,3.2163203067e+09,2.7662658201e+09,1.8516299870e+13,1.7510021016e+12,1.7577106065e+11,4.6451795495e+10,1.6800409707e+10,4.0775489720e+09,2.6225663039e+09,1.7613376386e+09,1.3112831519e+09,1.8515438641e+13,1.7501408730e+12,1.7490983198e+11,4.5590566830e+10,1.5939181042e+10,3.2163203067e+09,1.7613376386e+09,9.0010897323e+08,4.5005448661e+08
283,12500,30,2.4217044228e+13,1.3230556855e+13,1.2221580493e+13,1.2139330549e+13,1.2120431432e+13,1.2111519230e+13,1.2109966141e+13,1.2108995514e+13,1.2108522114e+13,1.3230556855e+13,2.2440694820e+12,1.2350931205e+12,1.1528431761e+12,1.1339440594e+12,1.1250318573e+12,1.1234787678e+12,1.1225081414e+12,1.1220347410e+12,1.2221580493e+13,1.2350931205e+12,2.2611675891e+11,1.4386681456e+11,1.2496769784e+11,1.1605549575e+11,1.1450240619e+11,1.1353177985e+11,1.1305837945e+11,1.2139330549e+13,1.1528431761e+12,1.4386681456e+11,6.1616870201e+10,4.2717753489e+10,3.3805551393e+10,3.2252461839e+10,3.1281835491e+10,3.0808435101e+10,1.2120431432e+13,1.1339440594e+12,1.2496769784e+11,4.2717753489e+10,2.3818636778e+10,1.4906434682e+10,1.3353345128e+10,1.2382718779e+10,1.1909318389e+10,1.2111519230e+13,1.1250318573e+12,1.1605549575e+11,3.3805551393e+10,1.4906434682e+10,5.9942325857e+09,4.4411430318e+09,3.4705166831e+09,2.9971162929e+09,1.2109966141e+13,1.1234787678e+12,1.1450240619e+11,3.2252461839e+10,1.3353345128e+10,4.4411430318e+09,2.8880534778e+09,1.9174271291e+09,1.4440267389e+09,1.2108995514e+13,1.1225081414e+12,1.1353177985e+11,3.1281835491e+10,1.2382718779e+10,3.4705166831e+09,1.9174271291e+09,9.4680078045e+08,4.7340039022e+08
284,12500,40,1.7685444102e+13,9.6713779608e+12,8.9277213092e+12,8.8666359814e+12,8.8524545107e+12,8.8454056016e+12,8.8439988147e+12,8.8431284022e+12,8.8427220511e+12,9.6713779608e+12,1.6573118193e+12,9.1365516774e+11,8.5256983997e+11,8.3838836923e+11,8.3133946016e+11,8.2993267324e+11,8.2906226073e+11,8.2865590966e+11,8.9277213092e+12,9.1365516774e+11,1.6999851616e+11,1.0891318839e+11,9.4731717654e+10,8.7682808581e+10,8.6276021659e+10,8.5405609152e+10,8.4999258081e+10,8.8666359814e+12,8.5256983997e+11,1.0891318839e+11,4.7827860615e+10,3.3646389880e+10,2.6597480807e+10,2.5190693885e+10,2.4320281379e+10,2.3913930307e+10,8.8524545107e+12,8.3838836923e+11,9.4731717654e+10,3.3646389880e+10,1.9464919146e+10,1.2416010073e+10,1.1009223150e+10,1.0138810644e+10,9.7324595729e+09,8.8454056016e+12,8.3133946016e+11,8.7682808581e+10,2.6597480807e+10,1.2416010073e+10,5.3671009995e+09,3.9603140771e+09,3.0899015709e+09,2.6835504997e+09,8.8439988147e+12,8.2993267324e+11,8.6276021659e+10,2.5190693885e+10,1.1009223150e+10,3.9603140771e+09,2.5535271547e+09,1.6831146485e+09,1.2767635773e+09,8.8431284022e+12,8.2906226073e+11,8.5405609152e+10,2.4320281379e+10,1.0138810644e+10,3.0899015709e+09,1.6831146485e+09,8.1270214232e+08,4.0635107116e+08
285,12500,50,1.4475068081e+13,7.9199004785e+12,7.3080896803e+12,7.2575223275e+12,7.2457130990e+12,7.2397440303e+12,7.2385719188e+12,7.2378695293e+12,7.2375340406e+12,7.9199004785e+12,1.3647328757e+12,7.5292207749e+11,7.0235472474e+11,6.9054549616e+11,6.8457642755e+11,6.8340431602e+11,6.8270192647e+11,6.8236643783e+11,7.3080896803e+12,7.5292207749e+11,1.4111127931e+11,9.0543926570e+10,7.8734697987e+10,7.2765629377e+10,7.1593517842e+10,7.0891128293e+10,7.0555639655e+10,7.2575223275e+12,7.0235472474e+11,9.0543926570e+10,3.9976573830e+10,2.8167345246e+10,2.2198276637e+10,2.1026165102e+10,2.0323775553e+10,1.9988286915e+10,7.2457130990e+12,6.9054549616e+11,7.8734697987e+10,2.8167345246e+10,1.6358116663e+10,1.0389048054e+10,9.2169365186e+09,8.5145469698e+09,8.1790583317e+09,7.2397440303e+12,6.8457642755e+11,7.2765629377e+10,2.2198276637e+10,1.0389048054e+10,4.4199794441e+09,3.2478679089e+09,2.5454783601e+09,2.2099897221e+09,7.2385719188e+12,6.8340431602e+11,7.1593517842e+10,2.1026165102e+10,9.2169365186e+09,3.2478679089e+09,2.0757563736e+09,1.3733668249e+09,1.0378781868e+09,7.2378695293e+12,6.8270192647e+11,7.0891128293e+10,2.0323775553e+10,8.5145469698e+09,2.5454783601e+09,1.3733668249e+09,6.7097727608e+08,3.3548863804e+08
286,12500,60,1.2662333212e+13,6.9292404401e+12,6.3929885845e+12,6.3485853722e+12,6.3382114053e+12,6.3330115957e+12,6.3320345113e+12,6.3314531685e+12,6.3311666059e+12,6.9292404401e+12,1.1961476683e+12,6.5989581272e+11,6.1549260048e+11,6.0511863356e+11,5.9991882396e+11,5.9894173960e+11,5.9836039678e+11,5.9807383417e+11,6.3929885845e+12,6.5989581272e+11,1.2364395709e+11,7.9240744853e+10,6.8866777930e+10,6.3666968329e+10,6.2689883969e+10,6.2108541151e+10,6.1821978545e+10,6.3485853722e+12,6.1549260048e+11,7.9240744853e+10,3.4837532617e+10,2.4463565694e+10,1.9263756092e+10,1.8286671732e+10,1.7705328914e+10,1.7418766308e+10,6.3382114053e+12,6.0511863356e+11,6.8866777930e+10,2.4463565694e+10,1.4089598770e+10,8.8897891689e+09,7.9127048093e+09,7.3313619912e+09,7.0447993852e+09,6.3330115957e+12,5.9991882396e+11,6.3666968329e+10,1.9263756092e+10,8.8897891689e+09,3.6899795672e+09,2.7128952076e+09,2.1315523896e+09,1.8449897836e+09,6.3320345113e+12,5.9894173960e+11,6.2689883969e+10,1.8286671732e+10,7.9127048093e+09,2.7128952076e+09,1.7358108480e+09,1.1544680300e+09,8.6790542402e+08,6.3314531685e+12,5.9836039678e+11,6.2108541151e+10,1.7705328914e+10,7.3313619912e+09,2.1315523896e+09,1.1544680300e+09,5.7312521196e+08,2.8656260598e+08
287,12500,70,1.1603297854e+13,6.3504943418e+12,5.8584732364e+12,5.8176651473e+12,5.8081199311e+12,5.8033297549e+12,5.8024402300e+12,5.8019133141e+12,5.8016489268e+12,6.3504943418e+12,1.0976908300e+12,6.0566972454e+11,5.6486163548e+11,5.5531641927e+11,5.5052624304e+11,5.4963671816e+11,5.4910980230e+11,5.4884541499e+11,5.8584732364e+12,6.0566972454e+11,1.1364861910e+11,7.2840530047e+10,6.3295313836e+10,5.8505137601e+10,5.7615612721e+10,5.7088696859e+10,5.6824309550e+10,5.8176651473e+12,5.6486163548e+11,7.2840530047e+10,3.2032440994e+10,2.2487224784e+10,1.7697048548e+10,1.6807523668e+10,1.6280607806e+10,1.6016220497e+10,5.8081199311e+12,5.5531641927e+11,6.3295313836e+10,2.2487224784e+10,1.2942008573e+10,8.1518323376e+09,7.2623074573e+09,6.7353915955e+09,6.4710042865e+09,5.8033297549e+12,5.5052624304e+11,5.8505137601e+10,1.7697048548e+10,8.1518323376e+09,3.3616561023e+09,2.4721312219e+09,1.9452153601e+09,1.6808280511e+09,5.8024402300e+12,5.4963671816e+11,5.7615612721e+10,1.6807523668e+10,7.2623074573e+09,2.4721312219e+09,1.5826063415e+09,1.0556904798e+09,7.9130317077e+08,5.8019133141e+12,5.4910980230e+11,5.7088696859e+10,1.6280607806e+10,6.7353915955e+09,1.9452153601e+09,1.0556904798e+09,5.2877461804e+08,2.6438730902e+08
288,12500,80,1.1039862811e+13,6.0422518997e+12,5.5740397643e+12,5.5351889278e+12,5.5260980582e+12,5.5215293321e+12,5.5206836670e+12,5.5201839545e+12,5.5199314055e+12,6.0422518997e+12,1.0446409884e+12,5.7642885297e+11,5.3757801653e+11,5.2848714690e+11,5.2391842078e+11,5.2307275569e+11,5.2257304323e+11,5.2232049422e+11,5.5740397643e+12,5.7642885297e+11,1.0821671751e+11,6.9365881065e+10,6.0275011436e+10,5.5706285324e+10,5.4860620233e+10,5.4360907766e+10,5.4108358755e+10,5.5351889278e+12,5.3757801653e+11,6.9365881065e+10,3.0515044621e+10,2.1424174992e+10,1.6855448880e+10,1.6009783789e+10,1.5510071322e+10,1.5257522310e+10,5.5260980582e+12,5.2848714690e+11,6.0275011436e+10,2.1424174992e+10,1.2333305362e+10,7.7645792506e+09,6.9189141592e+09,6.4192016924e+09,6.1666526812e+09,5.5215293321e+12,5.2391842078e+11,5.5706285324e+10,1.6855448880e+10,7.7645792506e+09,3.1958531389e+09,2.3501880475e+09,1.8504755807e+09,1.5979265694e+09,5.5206836670e+12,5.2307275569e+11,5.4860620233e+10,1.6009783789e+10,6.9189141592e+09,2.3501880475e+09,1.5045229561e+09,1.0048104893e+09,7.5226147805e+08,5.5201839545e+12,5.2257304323e+11,5.4360907766e+10,1.5510071322e+10,6.4192016924e+09,1.8504755807e+09,1.0048104893e+09,5.0509802248e+08,2.5254901124e+08
289,12500,90,1.0863172954e+13,5.9456463075e+12,5.4848552776e+12,5.4466111267e+12,5.4376603859e+12,5.4331592946e+12,5.4323269116e+12,5.4318354730e+12,5.4315864771e+12,5.9456463075e+12,1.0281196607e+12,5.6732863076e+11,5.2908447989e+11,5.2013373914e+11,5.1563264778e+11,5.1480026482e+11,5.1430882624e+11,5.1405983035e+11,5.4848552776e+12,5.6732863076e+11,1.0653760082e+11,6.8293449946e+10,5.9342709202e+10,5.4841617839e+10,5.4009234883e+10,5.3517796303e+10,5.3268800409e+10,5.4466111267e+12,5.2908447989e+11,6.8293449946e+10,3.0049299074e+10,2.1098558330e+10,1.6597466967e+10,1.5765084011e+10,1.5273645431e+10,1.5024649537e+10,5.4376603859e+12,5.2013373914e+11,5.9342709202e+10,2.1098558330e+10,1.2147817586e+10,7.6467262229e+09,6.8143432675e+09,6.3229046868e+09,6.0739087930e+09,5.4331592946e+12,5.1563264778e+11,5.4841617839e+10,1.6597466967e+10,7.6467262229e+09,3.1456348596e+09,2.3132519043e+09,1.8218133236e+09,1.5728174298e+09,5.4323269116e+12,5.1480026482e+11,5.4009234883e+10,1.5765084011e+10,6.8143432675e+09,2.3132519043e+09,1.4808689489e+09,9.8943036819e+08,7.4043447443e+08,5.4318354730e+12,5.1430882624e+11,5.3517796303e+10,1.5273645431e+10,6.3229046868e+09,1.8218133236e+09,9.8943036819e+08,4.9799178752e+08,2.4899589376e+08
290,15000,0,2.7014765561e+13,1.4341218240e+13,1.3573427415e+13,1.3525558372e+13,1.3516916506e+13,1.3511595037e+13,1.3509527789e+13,1.3508111787e+13,1.3507382780e+13,1.4341218240e+13,1.6676709190e+12,8.9988009464e+11,8.5201105092e+11,8.4336918507e+11,8.3804771617e+11,8.3598046783e+11,8.3456446653e+11,8.3383545949e+11,1.3573427415e+13,8.9988009464e+11,1.3208927031e+11,8.4220226589e+10,7.5578360740e+10,7.0256891836e+10,6.8189643497e+10,6.6773642200e+10,6.6044635155e+10,1.3525558372e+13,8.5201105092e+11,8.4220226589e+10,3.6351182868e+10,2.7709317020e+10,2.2387848115e+10,2.0320599777e+10,1.8904598480e+10,1.8175591434e+10,1.3516916506e+13,8.4336918507e+11,7.5578360740e+10,2.7709317020e+10,1.9067451171e+10,1.3745982267e+10,1.1678733928e+10,1.0262732631e+10,9.5337255857e+09,1.3511595037e+13,8.3804771617e+11,7.0256891836e+10,2.2387848115e+10,1.3745982267e+10,8.4245133623e+09,6.3572650236e+09,4.9412637266e+09,4.2122566812e+09,1.3509527789e+13,8.3598046783e+11,6.8189643497e+10,2.0320599777e+10,1.1678733928e+10,6.3572650236e+09,4.2900166849e+09,2.8740153880e+09,2.1450083425e+09,1.3508111787e+13,8.3456446653e+11,6.6773642200e+10,1.8904598480e+10,1.0262732631e+10,4.9412637266e+09,2.8740153880e+09,1.4580140910e+09,7.2900704548e+08
291,15000,10,2.3291313391e+13,1.2370265497e+13,1.1704688225e+13,1.1662986070e+13,1.1655326114e+13,1.1650137280e+13,1.1647938335e+13,1.1646421966e+13,1.1645656696e+13,1.2370265497e+13,1.4492176036e+12,7.8364033083e+11,7.4193817596e+11,7.3427821999e+11,7.2908938584e+11,7.2689044131e+11,7.2537407186e+11,7.2460880181e+11,1.1704688225e+13,7.8364033083e+11,1.1806305803e+11,7.6360903162e+10,6.8700947189e+10,6.3512113036e+10,6.1313168507e+10,5.9796799062e+10,5.9031529014e+10,1.1662986070e+13,7.4193817596e+11,7.6360903162e+10,3.4658748297e+10,2.6998792323e+10,2.1809958171e+10,1.9611013641e+10,1.8094644197e+10,1.7329374148e+10,1.1655326114e+13,7.3427821999e+11,6.8700947189e+10,2.6998792323e+10,1.9338836349e+10,1.4150002197e+10,1.1951057668e+10,1.0434688223e+10,9.6694181747e+09,1.1650137280e+13,7.2908938584e+11,6.3512113036e+10,2.1809958171e+10,1.4150002197e+10,8.9611680449e+09,6.7622235154e+09,5.2458540707e+09,4.4805840225e+09,1.1647938335e+13,7.2689044131e+11,6.1313168507e+10,1.9611013641e+10,1.1951057668e+10,6.7622235154e+09,4.5632789858e+09,3.0469095411e+09,2.2816394929e+09,1.1646421966e+13,7.2537407186e+11,5.9796799062e+10,1.8094644197e+10,1.0434688223e+10,5.2458540707e+09,3.0469095411e+09,1.5305400965e+09,7.6527004824e+08
292,15000,20,1.5691916839e+13,8.3286263928e+12,7.8881985540e+12,7.8606502369e+12,7.8554004160e+12,7.8507346522e+12,7.8483697197e+12,7.8467414204e+12,7.8459584196e+12,8.3286263928e+12,9.6533594633e+11,5.2490810748e+11,4.9735979045e+11,4.9210996953e+11,4.8744420569e+11,4.8507927326e+11,4.8345097392e+11,4.8266797317e+11,7.8881985540e+12,5.2490810748e+11,8.4480268628e+10,5.6931951596e+10,5.1682130673e+10,4.7016366840e+10,4.4651434403e+10,4.3023135062e+10,4.2240134314e+10,7.8606502369e+12,4.9735979045e+11,5.6931951596e+10,2.9383634563e+10,2.4133813641e+10,1.9468049807e+10,1.7103117371e+10,1.5474818030e+10,1.4691817282e+10,7.8554004160e+12,4.9210996953e+11,5.1682130673e+10,2.4133813641e+10,1.8883992718e+10,1.4218228885e+10,1.1853296448e+10,1.0224997107e+10,9.4419963589e+09,7.8507346522e+12,4.8744420569e+11,4.7016366840e+10,1.9468049807e+10,1.4218228885e+10,9.5524650513e+09,7.1875326147e+09,5.5592332736e+09,4.7762325256e+09,7.8483697197e+12,4.8507927326e+11,4.4651434403e+10,1.7103117371e+10,1.1853296448e+10,7.1875326147e+09,4.8226001781e+09,3.1943008370e+09,2.4113000891e+09,7.8467414204e+12,4.8345097392e+11,4.3023135062e+10,1.5474818030e+10,1.0224997107e+10,5.5592332736e+09,3.1943008370e+09,1.5660014959e+09,7.8300074793e+08
293,15000,30,1.0074261261e+13,5.3487545691e+12,5.0671069279e+12,5.0492418739e+12,5.0456195527e+12,5.0415715609e+12,5.0393356454e+12,5.0378243114e+12,5.0371306306e+12,5.3487545691e+12,6.2324787708e+11,3.4160023585e+11,3.2373518191e+11,3.2011286064e+11,3.1606486890e+11,3.1382895338e+11,3.1231761938e+11,3.1162393854e+11,5.0671069279e+12,3.4160023585e+11,5.9952594626e+10,4.2087540682e+10,3.8465219416e+10,3.4417227679e+10,3.2181312155e+10,3.0669978157e+10,2.9976297313e+10,5.0492418739e+12,3.2373518191e+11,4.2087540682e+10,2.4222486739e+10,2.0600165472e+10,1.6552173735e+10,1.4316258211e+10,1.2804924213e+10,1.2111243369e+10,5.0456195527e+12,3.2011286064e+11,3.8465219416e+10,2.0600165472e+10,1.6977844206e+10,1.2929852469e+10,1.0693936945e+10,9.1826029466e+09,8.4889221028e+09,5.0415715609e+12,3.1606486890e+11,3.4417227679e+10,1.6552173735e+10,1.2929852469e+10,8.8818607316e+09,6.6459452079e+09,5.1346112097e+09,4.4409303658e+09,5.0393356454e+12,3.1382895338e+11,3.2181312155e+10,1.4316258211e+10,1.0693936945e+10,6.6459452079e+09,4.4100296842e+09,2.8986956860e+09,2.2050148421e+09,5.0378243114e+12,3.1231761938e+11,3.0669978157e+10,1.2804924213e+10,9.1826029466e+09,5.1346112097e+09,2.8986956860e+09,1.3873616877e+09,6.9368084386e+08
294,15000,40,7.4142010239e+12,3.9391205900e+12,3.7305928522e+12,3.7170435655e+12,3.7141710273e+12,3.7107356024e+12,3.7088778747e+12,3.7076570227e+12,3.7071005120e+12,3.9391205900e+12,4.6404015611e+11,2.5551241824e+11,2.4196313158e+11,2.3909059336e+11,2.3565516846e+11,2.3379744074e+11,2.3257658878e+11,2.3202007806e+11,3.7305928522e+12,2.5551241824e+11,4.6984680374e+10,3.3435393711e+10,3.0562855488e+10,2.7127430586e+10,2.5269702873e+10,2.4048850913e+10,2.3492340187e+10,3.7170435655e+12,2.4196313158e+11,3.3435393711e+10,1.9886107048e+10,1.7013568826e+10,1.3578143924e+10,1.1720416210e+10,1.0499564250e+10,9.9430535242e+09,3.7141710273e+12,2.3909059336e+11,3.0562855488e+10,1.7013568826e+10,1.4141030603e+10,1.0705605701e+10,8.8478779872e+09,7.6270260272e+09,7.0705153014e+09,3.7107356024e+12,2.3565516846e+11,2.7127430586e+10,1.3578143924e+10,1.0705605701e+10,7.2701807990e+09,5.4124530853e+09,4.1916011253e+09,3.6350903995e+09,3.7088778747e+12,2.3379744074e+11,2.5269702873e+10,1.1720416210e+10,8.8478779872e+09,5.4124530853e+09,3.5547253716e+09,2.3338734115e+09,1.7773626858e+09,3.7076570227e+12,2.3257658878e+11,2.4048850913e+10,1.0499564250e+10,7.6270260272e+09,4.1916011253e+09,2.3338734115e+09,1.1130214515e+09,5.5651072575e+08
295,15000,50,6.0876517940e+12,3.2349815929e+12,3.0632001876e+12,3.0519258948e+12,3.0495193396e+12,3.0466951340e+12,3.0452253090e+12,3.0442707857e+12,3.0438258970e+12,3.2349815929e+12,3.8231139176e+11,2.1052998642e+11,1.9925569370e+11,1.9684913849e+11,1.9402493288e+11,1.9255510790e+11,1.9160058460e+11,1.9115569588e+11,3.0632001876e+12,2.1052998642e+11,3.8748581091e+10,2.7474288363e+10,2.5067733157e+10,2.2243527542e+10,2.0773702571e+10,1.9819179267e+10,1.9374290546e+10,3.0519258948e+12,1.9925569370e+11,2.7474288363e+10,1.6199995635e+10,1.3793440429e+10,1.0969234814e+10,9.4994098425e+09,8.5448865391e+09,8.0999978174e+09,3.0495193396e+12,1.9684913849e+11,2.5067733157e+10,1.3793440429e+10,1.1386885223e+10,8.5626796083e+09,7.0928546367e+09,6.1383313334e+09,5.6934426117e+09,3.0466951340e+12,1.9402493288e+11,2.2243527542e+10,1.0969234814e+10,8.5626796083e+09,5.7384739933e+09,4.2686490217e+09,3.3141257183e+09,2.8692369966e+09,3.0452253090e+12,1.9255510790e+11,2.0773702571e+10,9.4994098425e+09,7.0928546367e+09,4.2686490217e+09,2.7988240501e+09,1.8443007468e+09,1.3994120251e+09,3.0442707857e+12,1.9160058460e+11,1.9819179267e+10,8.5448865391e+09,6.1383313334e+09,3.3141257183e+09,1.8443007468e+09,8.8977744341e+08,4.4488872170e+08
296,15000,60,5.3326797556e+12,2.8340784074e+12,2.6833172360e+12,2.6733717746e+12,2.6712467033e+12,2.6687918493e+12,2.6675391343e+12,2.6667263608e+12,2.6663398778e+12,2.8340784074e+12,3.3547705925e+11,1.8471588785e+11,1.7477042647e+11,1.7264535519e+11,1.7019050110e+11,1.6893778617e+11,1.6812501266e+11,1.6773852962e+11,2.6833172360e+12,1.8471588785e+11,3.3954716454e+10,2.4009255070e+10,2.1884183795e+10,1.9429329703e+10,1.8176614778e+10,1.7363841261e+10,1.6977358227e+10,2.6733717746e+12,1.7477042647e+11,2.4009255070e+10,1.4063793685e+10,1.1938722411e+10,9.4838683188e+09,8.2311533935e+09,7.4183798769e+09,7.0318968426e+09,2.6712467033e+12,1.7264535519e+11,2.1884183795e+10,1.1938722411e+10,9.8136511367e+09,7.3587970446e+09,6.1060821192e+09,5.2933086026e+09,4.9068255683e+09,2.6687918493e+12,1.7019050110e+11,1.9429329703e+10,9.4838683188e+09,7.3587970446e+09,4.9039429525e+09,3.6512280271e+09,2.8384545106e+09,2.4519714762e+09,2.6675391343e+12,1.6893778617e+11,1.8176614778e+10,8.2311533935e+09,6.1060821192e+09,3.6512280271e+09,2.3985131018e+09,1.5857395852e+09,1.1992565509e+09,2.6667263608e+12,1.6812501266e+11,1.7363841261e+10,7.4183798769e+09,5.2933086026e+09,2.8384545106e+09,1.5857395852e+09,7.7296606864e+08,3.8648303432e+08
297,15000,70,4.8907754151e+12,2.5995091490e+12,2.4610495512e+12,2.4518715898e+12,2.4499020415e+12,2.4476311058e+12,2.4464854971e+12,2.4457441211e+12,2.4453877076e+12,2.5995091490e+12,3.0824288292e+11,1.6978328507e+11,1.6060532368e+11,1.5863577537e+11,1.5636483967e+11,1.5521923095e+11,1.5447785499e+11,1.5412144146e+11,2.4610495512e+12,1.6978328507e+11,3.1323687230e+10,2.2145725830e+10,2.0176177522e+10,1.7905241828e+10,1.6759633105e+10,1.6018257149e+10,1.5661843615e+10,2.4518715898e+12,1.6060532368e+11,2.2145725830e+10,1.2967764431e+10,1.0998216122e+10,8.7272804284e+09,7.5816717054e+09,6.8402957500e+09,6.4838822155e+09,2.4499020415e+12,1.5863577537e+11,2.0176177522e+10,1.0998216122e+10,9.0286678136e+09,6.7577321197e+09,5.6121233967e+09,4.8707474413e+09,4.5143339068e+09,2.4476311058e+12,1.5636483967e+11,1.7905241828e+10,8.7272804284e+09,6.7577321197e+09,4.4867964258e+09,3.3411877028e+09,2.5998117474e+09,2.2433982129e+09,2.4464854971e+12,1.5521923095e+11,1.6759633105e+10,7.5816717054e+09,5.6121233967e+09,3.3411877028e+09,2.1955789798e+09,1.4542030244e+09,1.0977894899e+09,2.4457441211e+12,1.5447785499e+11,1.6018257149e+10,6.8402957500e+09,4.8707474413e+09,2.5998117474e+09,1.4542030244e+09,7.1282706898e+08,3.5641353449e+08
298,15000,80,4.6539722186e+12,2.4737940584e+12,2.3419557360e+12,2.3331900997e+12,2.3313028412e+12,2.3291244439e+12,2.3280324848e+12,2.3273271783e+12,2.3269861093e+12,2.4737940584e+12,2.9361589814e+11,1.6177757574e+11,1.5301193945e+11,1.5112468099e+11,1.4894628368e+11,1.4785432460e+11,1.4714901803e+11,1.4680794907e+11,2.3419557360e+12,1.6177757574e+11,2.9939253337e+10,2.1173617051e+10,1.9286358593e+10,1.7107961278e+10,1.6016002197e+10,1.5310695634e+10,1.4969626668e+10,2.3331900997e+12,1.5301193945e+11,2.1173617051e+10,1.2407980764e+10,1.0520722306e+10,8.3423249917e+09,7.2503659107e+09,6.5450593478e+09,6.2039903821e+09,2.3313028412e+12,1.5112468099e+11,1.9286358593e+10,1.0520722306e+10,8.6334638484e+09,6.4550665338e+09,5.3631074528e+09,4.6578008899e+09,4.3167319242e+09,2.3291244439e+12,1.4894628368e+11,1.7107961278e+10,8.3423249917e+09,6.4550665338e+09,4.2766692193e+09,3.1847101382e+09,2.4794035753e+09,2.1383346096e+09,2.3280324848e+12,1.4785432460e+11,1.6016002197e+10,7.2503659107e+09,5.3631074528e+09,3.1847101382e+09,2.0927510572e+09,1.3874444943e+09,1.0463755286e+09,2.3273271783e+12,1.4714901803e+11,1.5310695634e+10,6.5450593478e+09,4.6578008899e+09,2.4794035753e+09,1.3874444943e+09,6.8213793138e+08,3.4106896569e+08
299,15000,90,4.5791118918e+12,2.4340508734e+12,2.3043066182e+12,2.2956715956e+12,2.2938104327e+12,2.2916613125e+12,2.2905861991e+12,2.2898922015e+12,2.2895559459e+12,2.4340508734e+12,2.8898985507e+11,1.5924559978e+11,1.5061057720e+11,1.4874941434e+11,1.4660029415e+11,1.4552518073e+11,1.4483118314e+11,1.4449492754e+11,2.3043066182e+12,1.5924559978e+11,2.9501344484e+10,2.0866321906e+10,1.9005159044e+10,1.6856038859e+10,1.5780925434e+10,1.5086927847e+10,1.4750672242e+10,2.2956715956e+12,1.5061057720e+11,2.0866321906e+10,1.2231299328e+10,1.0370136467e+10,8.2210162813e+09,7.1459028559e+09,6.4519052692e+09,6.1156496642e+09,2.2938104327e+12,1.4874941434e+11,1.9005159044e+10,1.0370136467e+10,8.5089736051e+09,6.3598534196e+09,5.2847399943e+09,4.5907424076e+09,4.2544868026e+09,2.2916613125e+12,1.4660029415e+11,1.6856038859e+10,8.2210162813e+09,6.3598534196e+09,4.2107332341e+09,3.1356198088e+09,2.4416222221e+09,2.1053666171e+09,2.2905861991e+12,1.4552518073e+11,1.5780925434e+10,7.1459028559e+09,5.2847399943e+09,3.1356198088e+09,2.0605063835e+09,1.3665087968e+09,1.0302531917e+09,2.2898922015e+12,1.4483118314e+11,1.5086927847e+10,6.4519052692e+09,4.5907424076e+09,2.4416222221e+09,1.3665087968e+09,6.7251121006e+08,3.3625560503e+08
300,17500,0,9.5493293107e+12,5.0310591725e+12,4.8026657810e+12,4.7895080151e+12,4.7867615996e+12,4.7815865992e+12,4.7781653634e+12,4.7757737771e+12,4.7746646554e+12,5.0310591725e+12,5.1278903432e+11,2.8439564279e+11,2.7123787688e+11,2.6849146142e+11,2.6331646096e+11,2.5989522520e+11,2.5750363887e+11,2.5639451716e+11,4.8026657810e+12,2.8439564279e+11,5.6002251252e+10,4.2844485344e+10,4.0098069884e+10,3.4923069425e+10,3.1501833667e+10,2.9110247334e+10,2.8001125626e+10,4.7895080151e+12,2.7123787688e+11,4.2844485344e+10,2.9686719436e+10,2.6940303976e+10,2.1765303517e+10,1.8344067759e+10,1.5952481426e+10,1.4843359718e+10,4.7867615996e+12,2.6849146142e+11,4.0098069884e+10,2.6940303976e+10,2.4193888516e+10,1.9018888057e+10,1.5597652299e+10,1.3206065966e+10,1.2096944258e+10,4.7815865992e+12,2.6331646096e+11,3.4923069425e+10,2.1765303517e+10,1.9018888057e+10,1.3843887598e+10,1.0422651840e+10,8.0310655070e+09,6.9219437991e+09,4.7781653634e+12,2.5989522520e+11,3.1501833667e+10,1.8344067759e+10,1.5597652299e+10,1.0422651840e+10,7.0014160822e+09,4.6098297490e+09,3.5007080411e+09,4.7757737771e+12,2.5750363887e+11,2.9110247334e+10,1.5952481426e+10,1.3206065966e+10,8.0310655070e+09,4.6098297490e+09,2.2182434159e+09,1.1091217079e+09
301,17500,10,8.1901569526e+12,4.3173496441e+12,4.1211232498e+12,4.1096268756e+12,4.1070880752e+12,4.1019603730e+12,4.0985397997e+12,4.0961635936e+12,4.0950784763e+12,4.3173496441e+12,4.4454233568e+11,2.4831594141e+11,2.3681956716e+11,2.3428076676e+11,2.2915306458e+11,2.2573249128e+11,2.2335628515e+11,2.2227116784e+11,4.1211232498e+12,2.4831594141e+11,5.2089547148e+10,4.0593172897e+10,3.8054372498e+10,3.2926670318e+10,2.9506097011e+10,2.7129890884e+10,2.6044773574e+10,4.1096268756e+12,2.3681956716e+11,4.0593172897e+10,2.9096798645e+10,2.6557998247e+10,2.1430296067e+10,1.8009722759e+10,1.5633516633e+10,1.4548399323e+10,4.1070880752e+12,2.3428076676e+11,3.8054372498e+10,2.6557998247e+10,2.4019197849e+10,1.8891495668e+10,1.5470922361e+10,1.3094716235e+10,1.2009598924e+10,4.1019603730e+12,2.2915306458e+11,3.2926670318e+10,2.1430296067e+10,1.8891495668e+10,1.3763793488e+10,1.0343220181e+10,7.9670140544e+09,6.8818967441e+09,4.0985397997e+12,2.2573249128e+11,2.9506097011e+10,1.8009722759e+10,1.5470922361e+10,1.0343220181e+10,6.9226468730e+09,4.5464407467e+09,3.4613234365e+09,4.0961635936e+12,2.2335628515e+11,2.7129890884e+10,1.5633516633e+10,1.3094716235e+10,7.9670140544e+09,4.5464407467e+09,2.1702346205e+09,1.0851173103e+09
302,17500,20,5.4358455672e+12,2.8695567510e+12,2.7392073450e+12,2.7311792570e+12,2.7291246346e+12,2.7243291063e+12,2.7211010292e+12,2.7188976049e+12,2.7179227836e+12,2.8695567510e+12,3.0326793475e+11,1.7291852880e+11,1.6489044075e+11,1.6283581835e+11,1.5804029003e+11,1.5481221299e+11,1.5260878864e+11,1.5163396737e+11,2.7392073450e+12,1.7291852880e+11,4.2569122854e+10,3.4541034800e+10,3.2486412407e+10,2.7690884083e+10,2.4462807048e+10,2.2259382698e+10,2.1284561427e+10,2.7311792570e+12,1.6489044075e+11,3.4541034800e+10,2.6512946745e+10,2.4458324353e+10,1.9662796028e+10,1.6434718994e+10,1.4231294644e+10,1.3256473373e+10,2.7291246346e+12,1.6283581835e+11,3.2486412407e+10,2.4458324353e+10,2.2403701960e+10,1.7608173636e+10,1.4380096601e+10,1.2176672251e+10,1.1201850980e+10,2.7243291063e+12,1.5804029003e+11,2.7690884083e+10,1.9662796028e+10,1.7608173636e+10,1.2812645312e+10,9.5845682770e+09,7.3811439270e+09,6.4063226559e+09,2.7211010292e+12,1.5481221299e+11,2.4462807048e+10,1.6434718994e+10,1.4380096601e+10,9.5845682770e+09,6.3564912422e+09,4.1530668922e+09,3.1782456211e+09,2.7188976049e+12,1.5260878864e+11,2.2259382698e+10,1.4231294644e+10,1.2176672251e+10,7.3811439270e+09,4.1530668922e+09,1.9496425423e+09,9.7482127115e+08
303,17500,30,3.4972355392e+12,1.8495209397e+12,1.7651334524e+12,1.7595832139e+12,1.7579644025e+12,1.7538968176e+12,1.7511973554e+12,1.7493957981e+12,1.7486177696e+12,1.8495209397e+12,2.0180634018e+11,1.1741885286e+11,1.1186861437e+11,1.1024980299e+11,1.0618221803e+11,1.0348275592e+11,1.0168119857e+11,1.0090317009e+11,1.7651334524e+12,1.1741885286e+11,3.3031365538e+10,2.7481127046e+10,2.5862315669e+10,2.1794730708e+10,1.9095268597e+10,1.7293711253e+10,1.6515682769e+10,1.7595832139e+12,1.1186861437e+11,2.7481127046e+10,2.1930888554e+10,2.0312077177e+10,1.6244492216e+10,1.3545030105e+10,1.1743472761e+10,1.0965444277e+10,1.7579644025e+12,1.1024980299e+11,2.5862315669e+10,2.0312077177e+10,1.8693265799e+10,1.4625680838e+10,1.1926218728e+10,1.0124661384e+10,9.3466328997e+09,1.7538968176e+12,1.0618221803e+11,2.1794730708e+10,1.6244492216e+10,1.4625680838e+10,1.0558095877e+10,7.8586337666e+09,6.0570764230e+09,5.2790479387e+09,1.7511973554e+12,1.0348275592e+11,1.9095268597e+10,1.3545030105e+10,1.1926218728e+10,7.8586337666e+09,5.1591716558e+09,3.3576143122e+09,2.5795858279e+09,1.7493957981e+12,1.0168119857e+11,1.7293711253e+10,1.1743472761e+10,1.0124661384e+10,6.0570764230e+09,3.3576143122e+09,1.5560569687e+09,7.7802848434e+08
304,17500,40,2.5870681160e+12,1.3700194487e+12,1.3068349571e+12,1.3023776109e+12,1.3010033006e+12,1.2976456366e+12,1.2955250063e+12,1.2941404454e+12,1.2935340580e+12,1.3700194487e+12,1.5297078148e+11,8.9786289830e+10,8.5328943683e+10,8.3954633333e+10,8.0596969383e+10,7.8476339016e+10,7.7091778160e+10,7.6485390739e+10,1.3068349571e+12,8.9786289830e+10,2.6601798182e+10,2.2144452035e+10,2.0770141685e+10,1.7412477735e+10,1.5291847368e+10,1.3907286513e+10,1.3300899091e+10,1.3023776109e+12,8.5328943683e+10,2.2144452035e+10,1.7687105888e+10,1.6312795538e+10,1.2955131588e+10,1.0834501221e+10,9.4499403657e+09,8.8435529442e+09,1.3010033006e+12,8.3954633333e+10,2.0770141685e+10,1.6312795538e+10,1.4938485188e+10,1.1580821238e+10,9.4601908710e+09,8.0756300158e+09,7.4692425942e+09,1.2976456366e+12,8.0596969383e+10,1.7412477735e+10,1.2955131588e+10,1.1580821238e+10,8.2231572878e+09,6.1025269207e+09,4.7179660654e+09,4.1115786439e+09,1.2955250063e+12,7.8476339016e+10,1.5291847368e+10,1.0834501221e+10,9.4601908710e+09,6.1025269207e+09,3.9818965536e+09,2.5973356983e+09,1.9909482768e+09,1.2941404454e+12,7.7091778160e+10,1.3907286513e+10,9.4499403657e+09,8.0756300158e+09,4.7179660654e+09,2.5973356983e+09,1.2127748431e+09,6.0638742153e+08
305,17500,50,2.1280137511e+12,1.1272079698e+12,1.0749223792e+12,1.0711610670e+12,1.0700056205e+12,1.0672736601e+12,1.0655903456e+12,1.0644959311e+12,1.0640068756e+12,1.1272079698e+12,1.2640218859e+11,7.4116597939e+10,7.0355285722e+10,6.9199839230e+10,6.6467878816e+10,6.4784564313e+10,6.3690149862e+10,6.3201094297e+10,1.0749223792e+12,7.4116597939e+10,2.1831007283e+10,1.8069695067e+10,1.6914248574e+10,1.4182288160e+10,1.2498973657e+10,1.1404559206e+10,1.0915503642e+10,1.0711610670e+12,7.0355285722e+10,1.8069695067e+10,1.4308382850e+10,1.3152936357e+10,1.0420975944e+10,8.7376614408e+09,7.6432469894e+09,7.1541914250e+09,1.0700056205e+12,6.9199839230e+10,1.6914248574e+10,1.3152936357e+10,1.1997489864e+10,9.2655294508e+09,7.5822149480e+09,6.4878004966e+09,5.9987449321e+09,1.0672736601e+12,6.6467878816e+10,1.4182288160e+10,1.0420975944e+10,9.2655294508e+09,6.5335690374e+09,4.8502545345e+09,3.7558400831e+09,3.2667845187e+09,1.0655903456e+12,6.4784564313e+10,1.2498973657e+10,8.7376614408e+09,7.5822149480e+09,4.8502545345e+09,3.1669400317e+09,2.0725255803e+09,1.5834700158e+09,1.0644959311e+12,6.3690149862e+10,1.1404559206e+10,7.6432469894e+09,6.4878004966e+09,3.7558400831e+09,2.0725255803e+09,9.7811112888e+08,4.8905556444e+08
306,17500,60,1.8664244216e+12,9.8892810397e+11,9.4285561262e+11,9.3948938103e+11,9.3845454828e+11,9.3605105015e+11,9.3459046934e+11,9.3364213465e+11,9.3321221079e+11,9.8892810397e+11,1.1143178636e+11,6.5359295010e+10,6.1993063426e+10,6.0958230678e+10,5.8554732542e+10,5.7094151738e+10,5.6145817042e+10,5.5715893182e+10,9.4285561262e+11,6.5359295010e+10,1.9286803656e+10,1.5920572072e+10,1.4885739323e+10,1.2482241188e+10,1.1021660384e+10,1.0073325688e+10,9.6434018279e+09,9.3948938103e+11,6.1993063426e+10,1.5920572072e+10,1.2554340488e+10,1.1519507739e+10,9.1160096036e+09,7.6554287999e+09,6.7070941037e+09,6.2771702439e+09,9.3845454828e+11,6.0958230678e+10,1.4885739323e+10,1.1519507739e+10,1.0484674990e+10,8.0811768549e+09,6.6205960512e+09,5.6722613551e+09,5.2423374952e+09,9.3605105015e+11,5.8554732542e+10,1.2482241188e+10,9.1160096036e+09,8.0811768549e+09,5.6776787194e+09,4.2170979157e+09,3.2687632196e+09,2.8388393597e+09,9.3459046934e+11,5.7094151738e+10,1.1021660384e+10,7.6554287999e+09,6.6205960512e+09,4.2170979157e+09,2.7565171120e+09,1.8081824159e+09,1.3782585560e+09,9.3364213465e+11,5.6145817042e+10,1.0073325688e+10,6.7070941037e+09,5.6722613551e+09,3.2687632196e+09,1.8081824159e+09,8.5984771972e+08,4.2992385986e+08
307,17500,70,1.7131543809e+12,9.0796979133e+11,8.6553218796e+11,8.6238932141e+11,8.6141853277e+11,8.5918645096e+11,8.5784428509e+11,8.5697482581e+11,8.5657719043e+11,9.0796979133e+11,1.0278520180e+11,6.0347598427e+10,5.7204731879e+10,5.6233943234e+10,5.4001861421e+10,5.2659695556e+10,5.1790236271e+10,5.1392600899e+10,8.6553218796e+11,6.0347598427e+10,1.7909995057e+10,1.4767128509e+10,1.3796339864e+10,1.1564258050e+10,1.0222092186e+10,9.3526329006e+09,8.9549975283e+09,8.6238932141e+11,5.7204731879e+10,1.4767128509e+10,1.1624261962e+10,1.0653473316e+10,8.4213915030e+09,7.0792256388e+09,6.2097663533e+09,5.8121309810e+09,8.6141853277e+11,5.6233943234e+10,1.3796339864e+10,1.0653473316e+10,9.6826846711e+09,7.4506028576e+09,6.1084369934e+09,5.2389777079e+09,4.8413423355e+09,8.5918645096e+11,5.4001861421e+10,1.1564258050e+10,8.4213915030e+09,7.4506028576e+09,5.2185210441e+09,3.8763551799e+09,3.0068958944e+09,2.6092605220e+09,8.5784428509e+11,5.2659695556e+10,1.0222092186e+10,7.0792256388e+09,6.1084369934e+09,3.8763551799e+09,2.5341893157e+09,1.6647300302e+09,1.2670946579e+09,8.5697482581e+11,5.1790236271e+10,9.3526329006e+09,6.2097663533e+09,5.2389777079e+09,3.0068958944e+09,1.6647300302e+09,7.9527074471e+08,3.9763537235e+08
308,17500,80,1.6319439820e+12,8.6508122478e+11,8.2456884049e+11,8.2154351289e+11,8.2060589811e+11,8.1846214765e+11,8.1718126770e+11,8.1635279281e+11,8.1597199099e+11,8.6508122478e+11,9.8218467577e+10,5.7706083288e+10,5.4680755693e+10,5.3743140913e+10,5.1599390450e+10,5.0318510503e+10,4.9490035605e+10,4.9109233788e+10,8.2456884049e+11,5.7706083288e+10,1.7193698999e+10,1.4168371404e+10,1.3230756624e+10,1.1087006161e+10,9.8061262145e+09,8.9776513165e+09,8.5968494996e+09,8.2154351289e+11,5.4680755693e+10,1.4168371404e+10,1.1143043809e+10,1.0205429029e+10,8.0616785658e+09,6.7807986191e+09,5.9523237212e+09,5.5715219043e+09,8.2060589811e+11,5.3743140913e+10,1.3230756624e+10,1.0205429029e+10,9.2678142497e+09,7.1240637864e+09,5.8431838397e+09,5.0147089417e+09,4.6339071249e+09,8.1846214765e+11,5.1599390450e+10,1.1087006161e+10,8.0616785658e+09,7.1240637864e+09,4.9803133230e+09,3.6994333763e+09,2.8709584784e+09,2.4901566615e+09,8.1718126770e+11,5.0318510503e+10,9.8061262145e+09,6.7807986191e+09,5.8431838397e+09,3.6994333763e+09,2.4185534297e+09,1.5900785317e+09,1.2092767148e+09,8.1635279281e+11,4.9490035605e+10,8.9776513165e+09,5.9523237212e+09,5.0147089417e+09,2.8709584784e+09,1.5900785317e+09,7.6160363373e+08,3.8080181687e+08
309,17500,90,1.6061879508e+12,8.5147218143e+11,8.1157442780e+11,8.0858785562e+11,8.0766135394e+11,8.0554633411e+11,8.0428489588e+11,8.0346935810e+11,8.0309397540e+11,8.5147218143e+11,9.6756412066e+10,5.6858658439e+10,5.3872086255e+10,5.2945584576e+10,5.0830564747e+10,4.9569126516e+10,4.8753588742e+10,4.8378206033e+10,8.1157442780e+11,5.6858658439e+10,1.6960904812e+10,1.3974332629e+10,1.3047830950e+10,1.0932811120e+10,9.6713728893e+09,8.8558351155e+09,8.4804524060e+09,8.0858785562e+11,5.3872086255e+10,1.3974332629e+10,1.0987760445e+10,1.0061258766e+10,7.9462389368e+09,6.6848007059e+09,5.8692629321e+09,5.4938802225e+09,8.0766135394e+11,5.2945584576e+10,1.3047830950e+10,1.0061258766e+10,9.1347570874e+09,7.0197372580e+09,5.7582990271e+09,4.9427612532e+09,4.5673785437e+09,8.0554633411e+11,5.0830564747e+10,1.0932811120e+10,7.9462389368e+09,7.0197372580e+09,4.9047174285e+09,3.6432791976e+09,2.8277414238e+09,2.4523587142e+09,8.0428489588e+11,4.9569126516e+10,9.6713728893e+09,6.6848007059e+09,5.7582990271e+09,3.6432791976e+09,2.3818409667e+09,1.5663031929e+09,1.1909204833e+09,8.0346935810e+11,4.8753588742e+10,8.8558351155e+09,5.8692629321e+09,4.9427612532e+09,2.8277414238e+09,1.5663031929e+09,7.5076541904e+08,3.7538270952e+08
310,20000,0,3.3666209631e+12,1.7829011690e+12,1.7040787161e+12,1.6986664650e+12,1.6967739833e+12,1.6910785727e+12,1.6871205524e+12,1.6844485876e+12,1.6833104815e+12,1.7829011690e+12,1.9918137488e+11,1.2035892201e+11,1.1494667091e+11,1.1305418921e+11,1.0735877861e+11,1.0340075824e+11,1.0072879347e+11,9.9590687441e+10,1.7040787161e+12,1.2035892201e+11,4.1536469146e+10,3.6124218037e+10,3.4231736343e+10,2.8536325742e+10,2.4578305377e+10,2.1906340599e+10,2.0768234573e+10,1.6986664650e+12,1.1494667091e+11,3.6124218037e+10,3.0711966929e+10,2.8819485234e+10,2.3124074633e+10,1.9166054268e+10,1.6494089490e+10,1.5355983464e+10,1.6967739833e+12,1.1305418921e+11,3.4231736343e+10,2.8819485234e+10,2.6927003540e+10,2.1231592939e+10,1.7273572573e+10,1.4601607796e+10,1.3463501770e+10,1.6910785727e+12,1.0735877861e+11,2.8536325742e+10,2.3124074633e+10,2.1231592939e+10,1.5536182337e+10,1.1578161972e+10,8.9061971950e+09,7.7680911687e+09,1.6871205524e+12,1.0340075824e+11,2.4578305377e+10,1.9166054268e+10,1.7273572573e+10,1.1578161972e+10,7.6201416073e+09,4.9481768299e+09,3.8100708036e+09,1.6844485876e+12,1.0072879347e+11,2.1906340599e+10,1.6494089490e+10,1.4601607796e+10,8.9061971950e+09,4.9481768299e+09,2.2762120524e+09,1.1381060262e+09
311,20000,10,2.8871830934e+12,1.5311870239e+12,1.4632332842e+12,1.4583642474e+12,1.4565605704e+12,1.4510484272e+12,1.4472320327e+12,1.4446728748e+12,1.4435915467e+12,1.5311870239e+12,1.7519095442e+11,1.0723721472e+11,1.0236817789e+11,1.0056450090e+11,9.5052357703e+10,9.1235963215e+10,8.8676805312e+10,8.7595477212e+10,1.4632332842e+12,1.0723721472e+11,3.9283475013e+10,3.4414438180e+10,3.2610761190e+10,2.7098617998e+10,2.3282223509e+10,2.0723065606e+10,1.9641737507e+10,1.4583642474e+12,1.0236817789e+11,3.4414438180e+10,2.9545401346e+10,2.7741724356e+10,2.2229581164e+10,1.8413186675e+10,1.5854028772e+10,1.4772700673e+10,1.4565605704e+12,1.0056450090e+11,3.2610761190e+10,2.7741724356e+10,2.5938047367e+10,2.0425904174e+10,1.6609509686e+10,1.4050351783e+10,1.2969023683e+10,1.4510484272e+12,9.5052357703e+10,2.7098617998e+10,2.2229581164e+10,2.0425904174e+10,1.4913760982e+10,1.1097366493e+10,8.5382085902e+09,7.4568804909e+09,1.4472320327e+12,9.1235963215e+10,2.3282223509e+10,1.8413186675e+10,1.6609509686e+10,1.1097366493e+10,7.2809720044e+09,4.7218141015e+09,3.6404860022e+09,1.4446728748e+12,8.8676805312e+10,2.0723065606e+10,1.5854028772e+10,1.4050351783e+10,8.5382085902e+09,4.7218141015e+09,2.1626561987e+09,1.0813280993e+09
312,20000,20,1.9240279080e+12,1.0244140670e+12,9.7853656290e+11,9.7485380653e+11,9.7330288660e+11,9.6843791465e+11,9.6511525506e+11,9.6292440012e+11,9.6201395402e+11,1.0244140670e+12,1.2480022605e+11,7.8922721908e+10,7.5239965537e+10,7.3689045610e+10,6.8824073660e+10,6.5501414073e+10,6.3310559126e+10,6.2400113026e+10,9.7853656290e+11,7.8922721908e+10,3.3045217764e+10,2.9362461393e+10,2.7811541466e+10,2.2946569516e+10,1.9623909929e+10,1.7433054982e+10,1.6522608882e+10,9.7485380653e+11,7.5239965537e+10,2.9362461393e+10,2.5679705022e+10,2.4128785095e+10,1.9263813145e+10,1.5941153558e+10,1.3750298611e+10,1.2839852511e+10,9.7330288660e+11,7.3689045610e+10,2.7811541466e+10,2.4128785095e+10,2.2577865167e+10,1.7712893217e+10,1.4390233630e+10,1.2199378684e+10,1.1288932584e+10,9.6843791465e+11,6.8824073660e+10,2.2946569516e+10,1.9263813145e+10,1.7712893217e+10,1.2847921267e+10,9.5252616802e+09,7.3344067336e+09,6.4239606336e+09,9.6511525506e+11,6.5501414073e+10,1.9623909929e+10,1.5941153558e+10,1.4390233630e+10,9.5252616802e+09,6.2026020932e+09,4.0117471466e+09,3.1013010466e+09,9.6292440012e+11,6.3310559126e+10,1.7433054982e+10,1.3750298611e+10,1.2199378684e+10,7.3344067336e+09,4.0117471466e+09,1.8208921999e+09,9.1044609997e+08
313,20000,30,1.2508218220e+12,6.6964050269e+11,6.3883016934e+11,6.3588612591e+11,6.3453906418e+11,6.3047154379e+11,6.2782529182e+11,6.2612291229e+11,6.2541091101e+11,6.6964050269e+11,8.8459183361e+10,5.7648850012e+10,5.4704806585e+10,5.3357744854e+10,4.9290224457e+10,4.6643972494e+10,4.4941592961e+10,4.4229591681e+10,6.3883016934e+11,5.7648850012e+10,2.6838516663e+10,2.3894473236e+10,2.2547411505e+10,1.8479891108e+10,1.5833639145e+10,1.4131259612e+10,1.3419258332e+10,6.3588612591e+11,5.4704806585e+10,2.3894473236e+10,2.0950429809e+10,1.9603368078e+10,1.5535847681e+10,1.2889595718e+10,1.1187216185e+10,1.0475214905e+10,6.3453906418e+11,5.3357744854e+10,2.2547411505e+10,1.9603368078e+10,1.8256306346e+10,1.4188785949e+10,1.1542533987e+10,9.8401544532e+09,9.1281531730e+09,6.3047154379e+11,4.9290224457e+10,1.8479891108e+10,1.5535847681e+10,1.4188785949e+10,1.0121265552e+10,7.4750135896e+09,5.7726340562e+09,5.0606327760e+09,6.2782529182e+11,4.6643972494e+10,1.5833639145e+10,1.2889595718e+10,1.1542533987e+10,7.4750135896e+09,4.8287616272e+09,3.1263820938e+09,2.4143808136e+09,6.2612291229e+11,4.4941592961e+10,1.4131259612e+10,1.1187216185e+10,9.8401544532e+09,5.7726340562e+09,3.1263820938e+09,1.4240025604e+09,7.1200128021e+08
314,20000,40,9.3069152311e+11,4.9931821900e+11,4.7588033147e+11,4.7346675837e+11,4.7236015991e+11,4.6916188591e+11,4.6715735990e+11,4.6588589101e+11,4.6534576155e+11,4.9931821900e+11,6.7944914891e+10,4.4507027366e+10,4.2093454257e+10,4.0986855799e+10,3.7788581798e+10,3.5784055791e+10,3.4512586902e+10,3.3972457445e+10,4.7588033147e+11,4.4507027366e+10,2.1069139842e+10,1.8655566733e+10,1.7548968275e+10,1.4350694274e+10,1.2346168266e+10,1.1074699378e+10,1.0534569921e+10,4.7346675837e+11,4.2093454257e+10,1.8655566733e+10,1.6241993624e+10,1.5135395166e+10,1.1937121165e+10,9.9325951573e+09,8.6611262687e+09,8.1209968118e+09,4.7236015991e+11,4.0986855799e+10,1.7548968275e+10,1.5135395166e+10,1.4028796707e+10,1.0830522707e+10,8.8259966991e+09,7.5545278106e+09,7.0143983537e+09,4.6916188591e+11,3.7788581798e+10,1.4350694274e+10,1.1937121165e+10,1.0830522707e+10,7.6322487057e+09,5.6277226983e+09,4.3562538097e+09,3.8161243528e+09,4.6715735990e+11,3.5784055791e+10,1.2346168266e+10,9.9325951573e+09,8.8259966991e+09,5.6277226983e+09,3.6231966909e+09,2.3517278023e+09,1.8115983454e+09,4.6588589101e+11,3.4512586902e+10,1.1074699378e+10,8.6611262687e+09,7.5545278106e+09,4.3562538097e+09,2.3517278023e+09,1.0802589137e+09,5.4012945687e+08
315,20000,50,7.6759887346e+11,4.1213307383e+11,3.9251311918e+11,3.9043512449e+11,3.8949801625e+11,3.8687377375e+11,3.8526130872e+11,3.8424119253e+11,3.8379943673e+11,4.1213307383e+11,5.6667274209e+10,3.7047319556e+10,3.4969324862e+10,3.4032216625e+10,3.1407974121e+10,2.9795509092e+10,2.8775392903e+10,2.8333637104e+10,3.9251311918e+11,3.7047319556e+10,1.7427364904e+10,1.5349370210e+10,1.4412261973e+10,1.1788019469e+10,1.0175554440e+10,9.1554382507e+09,8.7136824520e+09,3.9043512449e+11,3.4969324862e+10,1.5349370210e+10,1.3271375516e+10,1.2334267278e+10,9.7100247747e+09,8.0975597460e+09,7.0774435566e+09,6.6356877579e+09,3.8949801625e+11,3.4032216625e+10,1.4412261973e+10,1.2334267278e+10,1.1397159041e+10,8.7729165374e+09,7.1604515087e+09,6.1403353193e+09,5.6985795206e+09,3.8687377375e+11,3.1407974121e+10,1.1788019469e+10,9.7100247747e+09,8.7729165374e+09,6.1486740335e+09,4.5362090049e+09,3.5160928155e+09,3.0743370168e+09,3.8526130872e+11,2.9795509092e+10,1.0175554440e+10,8.0975597460e+09,7.1604515087e+09,4.5362090049e+09,2.9237439762e+09,1.9036277868e+09,1.4618719881e+09,3.8424119253e+11,2.8775392903e+10,9.1554382507e+09,7.0774435566e+09,6.1403353193e+09,3.5160928155e+09,1.9036277868e+09,8.8351159740e+08,4.4175579870e+08
316,20000,60,6.7483849468e+11,3.6265933585e+11,3.4519734514e+11,3.4329903475e+11,3.4244917731e+11,3.4011684528e+11,3.3870327355e+11,3.3781097499e+11,3.3741924734e+11,3.6265933585e+11,5.0480177020e+10,3.3018186309e+10,3.1119875914e+10,3.0270018477e+10,2.7937686452e+10,2.6524114719e+10,2.5631816164e+10,2.5240088510e+10,3.4519734514e+11,3.3018186309e+10,1.5556195597e+10,1.3657885203e+10,1.2808027765e+10,1.0475695740e+10,9.0621240073e+09,8.1698254525e+09,7.7780977986e+09,3.4329903475e+11,3.1119875914e+10,1.3657885203e+10,1.1759574808e+10,1.0909717371e+10,8.5773853458e+09,7.1638136127e+09,6.2715150579e+09,5.8797874040e+09,3.4244917731e+11,3.0270018477e+10,1.2808027765e+10,1.0909717371e+10,1.0059859934e+10,7.7275279087e+09,6.3139561756e+09,5.4216576208e+09,5.0299299669e+09,3.4011684528e+11,2.7937686452e+10,1.0475695740e+10,8.5773853458e+09,7.7275279087e+09,5.3951958836e+09,3.9816241506e+09,3.0893255957e+09,2.6975979418e+09,3.3870327355e+11,2.6524114719e+10,9.0621240073e+09,7.1638136127e+09,6.3139561756e+09,3.9816241506e+09,2.5680524175e+09,1.6757538627e+09,1.2840262087e+09,3.3781097499e+11,2.5631816164e+10,8.1698254525e+09,6.2715150579e+09,5.4216576208e+09,3.0893255957e+09,1.6757538627e+09,7.8345530783e+08,3.9172765392e+08
317,20000,70,6.2068085668e+11,3.3381329053e+11,3.1760547465e+11,3.1580632421e+11,3.1500314362e+11,3.1282903582e+11,3.1152518415e+11,3.1070413739e+11,3.1034042834e+11,3.3381329053e+11,4.6945724391e+10,3.0737908506e+10,2.8938758071e+10,2.8135577475e+10,2.5961469676e+10,2.4657618004e+10,2.3836571249e+10,2.3472862195e+10,3.1760547465e+11,3.0737908506e+10,1.4530092622e+10,1.2730942186e+10,1.1927761590e+10,9.7536537913e+09,8.4498021192e+09,7.6287553640e+09,7.2650463108e+09,3.1580632421e+11,2.8938758071e+10,1.2730942186e+10,1.0931791751e+10,1.0128611155e+10,7.9545033560e+09,6.6506516839e+09,5.8296049288e+09,5.4658958756e+09,3.1500314362e+11,2.8135577475e+10,1.1927761590e+10,1.0128611155e+10,9.3254305585e+09,7.1513227597e+09,5.8474710876e+09,5.0264243325e+09,4.6627152792e+09,3.1282903582e+11,2.5961469676e+10,9.7536537913e+09,7.9545033560e+09,7.1513227597e+09,4.9772149609e+09,3.6733632888e+09,2.8523165337e+09,2.4886074804e+09,3.1152518415e+11,2.4657618004e+10,8.4498021192e+09,6.6506516839e+09,5.8474710876e+09,3.6733632888e+09,2.3695116168e+09,1.5484648616e+09,1.1847558084e+09,3.1070413739e+11,2.3836571249e+10,7.6287553640e+09,5.8296049288e+09,5.0264243325e+09,2.8523165337e+09,1.5484648616e+09,7.2741810645e+08,3.6370905322e+08
318,20000,80,5.9176191942e+11,3.1841134762e+11,3.0287545269e+11,3.0112942129e+11,3.0035089844e+11,2.9825979565e+11,2.9701347977e+11,2.9622986747e+11,2.9588095971e+11,3.1841134762e+11,4.5060775821e+10,2.9524880894e+10,2.7778849489e+10,2.7000326647e+10,2.4909223852e+10,2.3662907978e+10,2.2879295670e+10,2.2530387911e+10,3.0287545269e+11,2.9524880894e+10,1.3988985966e+10,1.2242954562e+10,1.1464431719e+10,9.3733289243e+09,8.1270130502e+09,7.3434007428e+09,6.9944929830e+09,3.0112942129e+11,2.7778849489e+10,1.2242954562e+10,1.0496923157e+10,9.7184003151e+09,7.6272975200e+09,6.3809816459e+09,5.5973693385e+09,5.2484615787e+09,3.0035089844e+11,2.7000326647e+10,1.1464431719e+10,9.7184003151e+09,8.9398774728e+09,6.8487746777e+09,5.6024588036e+09,4.8188464962e+09,4.4699387364e+09,2.9825979565e+11,2.4909223852e+10,9.3733289243e+09,7.6272975200e+09,6.8487746777e+09,4.7576718826e+09,3.5113560085e+09,2.7277437011e+09,2.3788359413e+09,2.9701347977e+11,2.3662907978e+10,8.1270130502e+09,6.3809816459e+09,5.6024588036e+09,3.5113560085e+09,2.2650401345e+09,1.4814278270e+09,1.1325200672e+09,2.9622986747e+11,2.2879295670e+10,7.3434007428e+09,5.5973693385e+09,4.8188464962e+09,2.7277437011e+09,1.4814278270e+09,6.9781551962e+08,3.4890775981e+08
319,20000,90,5.8274029199e+11,3.1360952720e+11,2.9828146962e+11,2.9655135732e+11,2.9578026816e+11,2.9371474502e+11,2.9248637125e+11,2.9171446457e+11,2.9137014599e+11,3.1360952720e+11,4.4478762421e+10,2.9150704836e+10,2.7420592538e+10,2.6649503376e+10,2.4583980239e+10,2.3355606464e+10,2.2583699791e+10,2.2239381210e+10,2.9828146962e+11,2.9150704836e+10,1.3822647252e+10,1.2092534954e+10,1.1321445792e+10,9.2559226547e+09,8.0275488801e+09,7.2556422067e+09,6.9113236261e+09,2.9655135732e+11,2.7420592538e+10,1.2092534954e+10,1.0362422655e+10,9.5913334934e+09,7.5258103561e+09,6.2974365815e+09,5.5255299081e+09,5.1812113275e+09,2.9578026816e+11,2.6649503376e+10,1.1321445792e+10,9.5913334934e+09,8.8202443318e+09,6.7547211945e+09,5.5263474199e+09,4.7544407465e+09,4.4101221659e+09,2.9371474502e+11,2.4583980239e+10,9.2559226547e+09,7.5258103561e+09,6.7547211945e+09,4.6891980572e+09,3.4608242826e+09,2.6889176092e+09,2.3445990286e+09,2.9248637125e+11,2.3355606464e+10,8.0275488801e+09,6.2974365815e+09,5.5263474199e+09,3.4608242826e+09,2.2324505080e+09,1.4605438346e+09,1.1162252540e+09,2.9171446457e+11,2.2583699791e+10,7.2556422067e+09,5.5255299081e+09,4.7544407465e+09,2.6889176092e+09,1.4605438346e+09,6.8863716124e+08,3.4431858062e+08
320,22500,0,1.2195454256e+12,6.5752994780e+11,6.2724351813e+11,6.2409343989e+11,6.2244039726e+11,6.1695813970e+11,6.1321228465e+11,6.1077354634e+11,6.0977271281e+11,6.5752994780e+11,9.5514469981e+10,6.5228040311e+10,6.2077962067e+10,6.0424919439e+10,5.4942661878e+10,5.1196806828e+10,4.8758068515e+10,4.7757234991e+10,6.2724351813e+11,6.5228040311e+10,3.4941610640e+10,3.1791532397e+10,3.0138489769e+10,2.4656232207e+10,2.0910377158e+10,1.8471638845e+10,1.7470805320e+10,6.2409343989e+11,6.2077962067e+10,3.1791532397e+10,2.8641454154e+10,2.6988411525e+10,2.1506153964e+10,1.7760298914e+10,1.5321560602e+10,1.4320727077e+10,6.2244039726e+11,6.0424919439e+10,3.0138489769e+10,2.6988411525e+10,2.5335368897e+10,1.9853111336e+10,1.6107256286e+10,1.3668517973e+10,1.2667684449e+10,6.1695813970e+11,5.4942661878e+10,2.4656232207e+10,2.1506153964e+10,1.9853111336e+10,1.4370853774e+10,1.0624998725e+10,8.1862604119e+09,7.1854268871e+09,6.1321228465e+11,5.1196806828e+10,2.0910377158e+10,1.7760298914e+10,1.6107256286e+10,1.0624998725e+10,6.8791436749e+09,4.4404053623e+09,3.4395718374e+09,6.1077354634e+11,4.8758068515e+10,1.8471638845e+10,1.5321560602e+10,1.3668517973e+10,8.1862604119e+09,4.4404053623e+09,2.0016670497e+09,1.0008335248e+09
321,22500,10,1.0513344949e+12,5.6820914163e+11,5.4198530737e+11,5.3910328432e+11,5.3754492064e+11,5.3237687773e+11,5.2886878396e+11,5.2659721725e+11,5.2566724743e+11,5.6820914163e+11,8.5083788413e+10,5.8859954149e+10,5.5977931101e+10,5.4419567414e+10,4.9251524507e+10,4.5743430740e+10,4.3471864032e+10,4.2541894206e+10,5.4198530737e+11,5.8859954149e+10,3.2636119885e+10,2.9754096838e+10,2.8195733150e+10,2.3027690244e+10,1.9519596476e+10,1.7248029768e+10,1.6318059943e+10,5.3910328432e+11,5.5977931101e+10,2.9754096838e+10,2.6872073790e+10,2.5313710102e+10,2.0145667196e+10,1.6637573429e+10,1.4366006720e+10,1.3436036895e+10,5.3754492064e+11,5.4419567414e+10,2.8195733150e+10,2.5313710102e+10,2.3755346415e+10,1.8587303509e+10,1.5079209741e+10,1.2807643033e+10,1.1877673207e+10,5.3237687773e+11,4.9251524507e+10,2.3027690244e+10,2.0145667196e+10,1.8587303509e+10,1.3419260602e+10,9.9111668349e+09,7.6396001267e+09,6.7096303012e+09,5.2886878396e+11,4.5743430740e+10,1.9519596476e+10,1.6637573429e+10,1.5079209741e+10,9.9111668349e+09,6.4030730675e+09,4.1315063593e+09,3.2015365338e+09,5.2659721725e+11,4.3471864032e+10,1.7248029768e+10,1.4366006720e+10,1.2807643033e+10,7.6396001267e+09,4.1315063593e+09,1.8599396510e+09,9.2996982549e+08
322,22500,20,7.1064221238e+11,3.8766732223e+11,3.6917949693e+11,3.6672751060e+11,3.6533689496e+11,3.6087086032e+11,3.5794450291e+11,3.5608488147e+11,3.5532110619e+11,3.8766732223e+11,6.4692432087e+10,4.6204606787e+10,4.3752620451e+10,4.2362004818e+10,3.7895970173e+10,3.4969612764e+10,3.3109991320e+10,3.2346216044e+10,3.6917949693e+11,4.6204606787e+10,2.7716781487e+10,2.5264795151e+10,2.3874179518e+10,1.9408144874e+10,1.6481787464e+10,1.4622166020e+10,1.3858390744e+10,3.6672751060e+11,4.3752620451e+10,2.5264795151e+10,2.2812808814e+10,2.1422193182e+10,1.6956158537e+10,1.4029801127e+10,1.2170179684e+10,1.1406404407e+10,3.6533689496e+11,4.2362004818e+10,2.3874179518e+10,2.1422193182e+10,2.0031577549e+10,1.5565542904e+10,1.2639185495e+10,1.0779564051e+10,1.0015788775e+10,3.6087086032e+11,3.7895970173e+10,1.9408144874e+10,1.6956158537e+10,1.5565542904e+10,1.1099508260e+10,8.1731508500e+09,6.3135294063e+09,5.5497541298e+09,3.5794450291e+11,3.4969612764e+10,1.6481787464e+10,1.4029801127e+10,1.2639185495e+10,8.1731508500e+09,5.2467934403e+09,3.3871719966e+09,2.6233967202e+09,3.5608488147e+11,3.3109991320e+10,1.4622166020e+10,1.2170179684e+10,1.0779564051e+10,6.3135294063e+09,3.3871719966e+09,1.5275505529e+09,7.6377527646e+08
323,22500,30,4.7482351628e+11,2.6176477548e+11,2.4850267619e+11,2.4639371067e+11,2.4520116038e+11,2.4160763339e+11,2.3937694240e+11,2.3799143848e+11,2.3741175814e+11,2.6176477548e+11,4.8706034678e+10,3.5443935393e+10,3.3334969869e+10,3.2142419578e+10,2.8548892593e+10,2.6318201603e+10,2.4932697677e+10,2.4353017339e+10,2.4850267619e+11,3.5443935393e+10,2.2181836108e+10,2.0072870584e+10,1.8880320293e+10,1.5286793308e+10,1.3056102318e+10,1.1670598392e+10,1.1090918054e+10,2.4639371067e+11,3.3334969869e+10,2.0072870584e+10,1.7963905061e+10,1.6771354769e+10,1.3177827784e+10,1.0947136794e+10,9.5616328684e+09,8.9819525304e+09,2.4520116038e+11,3.2142419578e+10,1.8880320293e+10,1.6771354769e+10,1.5578804478e+10,1.1985277492e+10,9.7545865025e+09,8.3690825767e+09,7.7894022388e+09,2.4160763339e+11,2.8548892593e+10,1.5286793308e+10,1.3177827784e+10,1.1985277492e+10,8.3917505073e+09,6.1610595174e+09,4.7755555916e+09,4.1958752537e+09,2.3937694240e+11,2.6318201603e+10,1.3056102318e+10,1.0947136794e+10,9.7545865025e+09,6.1610595174e+09,3.9303685275e+09,2.5448646017e+09,1.9651842637e+09,2.3799143848e+11,2.4932697677e+10,1.1670598392e+10,9.5616328684e+09,8.3690825767e+09,4.7755555916e+09,2.5448646017e+09,1.1593606758e+09,5.7968033792e+08
324,22500,40,3.5698672927e+11,1.9759621384e+11,1.8716579337e+11,1.8540255289e+11,1.8443099411e+11,1.8163503013e+11,1.7995999506e+11,1.7893204257e+11,1.7849336464e+11,1.9759621384e+11,3.8205698406e+10,2.7775277936e+10,2.6012037455e+10,2.5040478679e+10,2.2244514694e+10,2.0569479630e+10,1.9541527135e+10,1.9102849203e+10,1.8716579337e+11,2.7775277936e+10,1.7344857467e+10,1.5581616986e+10,1.4610058210e+10,1.1814094225e+10,1.0139059160e+10,9.1111066651e+09,8.6724287334e+09,1.8540255289e+11,2.6012037455e+10,1.5581616986e+10,1.3818376505e+10,1.2846817729e+10,1.0050853744e+10,8.3758186794e+09,7.3478661842e+09,6.9091882525e+09,1.8443099411e+11,2.5040478679e+10,1.4610058210e+10,1.2846817729e+10,1.1875258953e+10,9.0792949678e+09,7.4042599033e+09,6.3763074081e+09,5.9376294763e+09,1.8163503013e+11,2.2244514694e+10,1.1814094225e+10,1.0050853744e+10,9.0792949678e+09,6.2833309830e+09,4.6082959184e+09,3.5803434232e+09,3.1416654915e+09,1.7995999506e+11,2.0569479630e+10,1.0139059160e+10,8.3758186794e+09,7.4042599033e+09,4.6082959184e+09,2.9332608539e+09,1.9053083587e+09,1.4666304269e+09,1.7893204257e+11,1.9541527135e+10,9.1111066651e+09,7.3478661842e+09,6.3763074081e+09,3.5803434232e+09,1.9053083587e+09,8.7735586349e+08,4.3867793174e+08
325,22500,50,2.9626546087e+11,1.6436655120e+11,1.5542282865e+11,1.5386982247e+11,1.5303492975e+11,1.5070483194e+11,1.4933582827e+11,1.4849796655e+11,1.4813273043e+11,1.6436655120e+11,3.2467641538e+10,2.3523918983e+10,2.1970912809e+10,2.1136020083e+10,1.8805922274e+10,1.7436918602e+10,1.6599056880e+10,1.6233820769e+10,1.5542282865e+11,2.3523918983e+10,1.4580196429e+10,1.3027190255e+10,1.2192297529e+10,9.8621997203e+09,8.4931960475e+09,7.6553343262e+09,7.2900982146e+09,1.5386982247e+11,2.1970912809e+10,1.3027190255e+10,1.1474184081e+10,1.0639291355e+10,8.3091935459e+09,6.9401898731e+09,6.1023281519e+09,5.7370920403e+09,1.5303492975e+11,2.1136020083e+10,1.2192297529e+10,1.0639291355e+10,9.8043986287e+09,7.4743008200e+09,6.1052971472e+09,5.2674354260e+09,4.9021993144e+09,1.5070483194e+11,1.8805922274e+10,9.8621997203e+09,8.3091935459e+09,7.4743008200e+09,5.1442030113e+09,3.7751993385e+09,2.9373376173e+09,2.5721015057e+09,1.4933582827e+11,1.7436918602e+10,8.4931960475e+09,6.9401898731e+09,6.1052971472e+09,3.7751993385e+09,2.4061956658e+09,1.5683339445e+09,1.2030978329e+09,1.4849796655e+11,1.6599056880e+10,7.6553343262e+09,6.1023281519e+09,5.2674354260e+09,2.9373376173e+09,1.5683339445e+09,7.3047222326e+08,3.6523611163e+08
326,22500,60,2.6211129851e+11,1.4574597942e+11,1.3762991943e+11,1.3618635052e+11,1.3542149103e+11,1.3333100045e+11,1.3212078144e+11,1.3138235118e+11,1.3105564926e+11,1.4574597942e+11,2.9380660330e+10,2.1264600334e+10,1.9821031428e+10,1.9056171933e+10,1.6965681362e+10,1.5755462351e+10,1.5017032085e+10,1.4690330165e+10,1.3762991943e+11,2.1264600334e+10,1.3148540338e+10,1.1704971432e+10,1.0940111937e+10,8.8496213666e+09,7.6394023550e+09,6.9009720895e+09,6.5742701692e+09,1.3618635052e+11,1.9821031428e+10,1.1704971432e+10,1.0261402526e+10,9.4965430310e+09,7.4060524603e+09,6.1958334488e+09,5.4574031833e+09,5.1307012630e+09,1.3542149103e+11,1.9056171933e+10,1.0940111937e+10,9.4965430310e+09,8.7316835361e+09,6.6411929654e+09,5.4309739538e+09,4.6925436883e+09,4.3658417680e+09,1.3333100045e+11,1.6965681362e+10,8.8496213666e+09,7.4060524603e+09,6.6411929654e+09,4.5507023946e+09,3.3404833831e+09,2.6020531176e+09,2.2753511973e+09,1.3212078144e+11,1.5755462351e+10,7.6394023550e+09,6.1958334488e+09,5.4309739538e+09,3.3404833831e+09,2.1302643715e+09,1.3918341060e+09,1.0651321858e+09,1.3138235118e+11,1.5017032085e+10,6.9009720895e+09,5.4574031833e+09,4.6925436883e+09,2.6020531176e+09,1.3918341060e+09,6.5340384053e+08,3.2670192026e+08
327,22500,70,2.4224521960e+11,1.3493424823e+11,1.2729657278e+11,1.2591346433e+11,1.2518706027e+11,1.2322996715e+11,1.2210931543e+11,1.2142736884e+11,1.2112260980e+11,1.3493424823e+11,2.7623276851e+10,1.9985601403e+10,1.8602492954e+10,1.7876088891e+10,1.5918995770e+10,1.4798344055e+10,1.4116397461e+10,1.3811638425e+10,1.2729657278e+11,1.9985601403e+10,1.2347925956e+10,1.0964817507e+10,1.0238413444e+10,8.2813203222e+09,7.1606686074e+09,6.4787220136e+09,6.1739629778e+09,1.2591346433e+11,1.8602492954e+10,1.0964817507e+10,9.5817090581e+09,8.8553049951e+09,6.8982118735e+09,5.7775601586e+09,5.0956135649e+09,4.7908545290e+09,1.2518706027e+11,1.7876088891e+10,1.0238413444e+10,8.8553049951e+09,8.1289009322e+09,6.1718078105e+09,5.0511560957e+09,4.3692095019e+09,4.0644504661e+09,1.2322996715e+11,1.5918995770e+10,8.2813203222e+09,6.8982118735e+09,6.1718078105e+09,4.2147146889e+09,3.0940629740e+09,2.4121163803e+09,2.1073573444e+09,1.2210931543e+11,1.4798344055e+10,7.1606686074e+09,5.7775601586e+09,5.0511560957e+09,3.0940629740e+09,1.9734112592e+09,1.2914646654e+09,9.8670562960e+08,1.2142736884e+11,1.4116397461e+10,6.4787220136e+09,5.0956135649e+09,4.3692095019e+09,2.4121163803e+09,1.2914646654e+09,6.0951807165e+08,3.0475903582e+08
328,22500,80,2.3171496214e+11,1.2921434179e+11,1.2182593127e+11,1.2047284613e+11,1.1976576893e+11,1.1787722167e+11,1.1680322604e+11,1.1615083002e+11,1.1585748107e+11,1.2921434179e+11,2.6713721441e+10,1.9325310917e+10,1.7972225782e+10,1.7265148578e+10,1.5376601315e+10,1.4302605683e+10,1.3650209664e+10,1.3356860720e+10,1.2182593127e+11,1.9325310917e+10,1.1936900393e+10,1.0583815259e+10,9.8767380547e+09,7.9881907917e+09,6.9141951595e+09,6.2617991399e+09,5.9684501966e+09,1.2047284613e+11,1.7972225782e+10,1.0583815259e+10,9.2307301244e+09,8.5236529202e+09,6.6351056572e+09,5.5611100251e+09,4.9087140055e+09,4.6153650622e+09,1.1976576893e+11,1.7265148578e+10,9.8767380547e+09,8.5236529202e+09,7.8165757161e+09,5.9280284531e+09,4.8540328209e+09,4.2016368013e+09,3.9082878580e+09,1.1787722167e+11,1.5376601315e+10,7.9881907917e+09,6.6351056572e+09,5.9280284531e+09,4.0394811901e+09,2.9654855579e+09,2.3130895383e+09,2.0197405951e+09,1.1680322604e+11,1.4302605683e+10,6.9141951595e+09,5.5611100251e+09,4.8540328209e+09,2.9654855579e+09,1.8914899257e+09,1.2390939061e+09,9.4574496287e+08,1.1615083002e+11,1.3650209664e+10,6.2617991399e+09,4.9087140055e+09,4.2016368013e+09,2.3130895383e+09,1.2390939061e+09,5.8669788655e+08,2.9334894327e+08
329,22500,90,2.2839121476e+11,1.2740330519e+11,1.2009614032e+11,1.1875357896e+11,1.1805309251e+11,1.1618709604e+11,1.1512815255e+11,1.1448524242e+11,1.1419560738e+11,1.2740330519e+11,2.6415395614e+10,1.9108230750e+10,1.7765669387e+10,1.7065182936e+10,1.5199186468e+10,1.4140242980e+10,1.3497332850e+10,1.3207697807e+10,1.2009614032e+11,1.9108230750e+10,1.1801065887e+10,1.0458504523e+10,9.7580180727e+09,7.8920216046e+09,6.8330781168e+09,6.1901679871e+09,5.9005329437e+09,1.1875357896e+11,1.7765669387e+10,1.0458504523e+10,9.1159431595e+09,8.4154567088e+09,6.5494602407e+09,5.4905167528e+09,4.8476066232e+09,4.5579715797e+09,1.1805309251e+11,1.7065182936e+10,9.7580180727e+09,8.4154567088e+09,7.7149702580e+09,5.8489737899e+09,4.7900303021e+09,4.1471201724e+09,3.8574851290e+09,1.1618709604e+11,1.5199186468e+10,7.8920216046e+09,6.5494602407e+09,5.8489737899e+09,3.9829773218e+09,2.9240338340e+09,2.2811237043e+09,1.9914886609e+09,1.1512815255e+11,1.4140242980e+10,6.8330781168e+09,5.4905167528e+09,4.7900303021e+09,2.9240338340e+09,1.8650903461e+09,1.2221802165e+09,9.3254517304e+08,1.1448524242e+11,1.3497332850e+10,6.1901679871e+09,4.8476066232e+09,4.1471201724e+09,2.2811237043e+09,1.2221802165e+09,5.7927008684e+08,2.8963504342e+08
330,25000,0,4.8282100353e+11,2.6792419393e+11,2.5518807146e+11,2.5305171387e+11,2.5168385395e+11,2.4712182861e+11,2.4410599735e+11,2.4219627136e+11,2.4141050176e+11,2.6792419393e+11,5.3027384335e+10,4.0291261867e+10,3.8154904273e+10,3.6787044354e+10,3.2225019009e+10,2.9209187751e+10,2.7299461761e+10,2.6513692167e+10,2.5518807146e+11,4.0291261867e+10,2.7555139400e+10,2.5418781806e+10,2.4050921886e+10,1.9488896542e+10,1.6473065284e+10,1.4563339293e+10,1.3777569700e+10,2.5305171387e+11,3.8154904273e+10,2.5418781806e+10,2.3282424212e+10,2.1914564292e+10,1.7352538948e+10,1.4336707690e+10,1.2426981699e+10,1.1641212106e+10,2.5168385395e+11,3.6787044354e+10,2.4050921886e+10,2.1914564292e+10,2.0546704373e+10,1.5984679029e+10,1.2968847770e+10,1.1059121780e+10,1.0273352187e+10,2.4712182861e+11,3.2225019009e+10,1.9488896542e+10,1.7352538948e+10,1.5984679029e+10,1.1422653684e+10,8.4068224258e+09,6.4970964353e+09,5.7113268420e+09,2.4410599735e+11,2.9209187751e+10,1.6473065284e+10,1.4336707690e+10,1.2968847770e+10,8.4068224258e+09,5.3909911676e+09,3.4812651771e+09,2.6954955838e+09,2.4219627136e+11,2.7299461761e+10,1.4563339293e+10,1.2426981699e+10,1.1059121780e+10,6.4970964353e+09,3.4812651771e+09,1.5715391867e+09,7.8576959333e+08
331,25000,10,4.3373540602e+11,2.4263333478e+11,2.3041731775e+11,2.2814176737e+11,2.2673048658e+11,2.2225600289e+11,2.1940062434e+11,2.1761466195e+11,2.1686770301e+11,2.4263333478e+11,5.1531263534e+10,3.9315246509e+10,3.7039696130e+10,3.5628415333e+10,3.1153931645e+10,2.8298553093e+10,2.6512590702e+10,2.5765631767e+10,2.3041731775e+11,3.9315246509e+10,2.7099229484e+10,2.4823679104e+10,2.3412398308e+10,1.8937914619e+10,1.6082536067e+10,1.4296573677e+10,1.3549614742e+10,2.2814176737e+11,3.7039696130e+10,2.4823679104e+10,2.2548128725e+10,2.1136847928e+10,1.6662364240e+10,1.3806985688e+10,1.2021023297e+10,1.1274064362e+10,2.2673048658e+11,3.5628415333e+10,2.3412398308e+10,2.1136847928e+10,1.9725567132e+10,1.5251083444e+10,1.2395704891e+10,1.0609742501e+10,9.8627835660e+09,2.2225600289e+11,3.1153931645e+10,1.8937914619e+10,1.6662364240e+10,1.5251083444e+10,1.0776599755e+10,7.9212212029e+09,6.1352588123e+09,5.3882998775e+09,2.1940062434e+11,2.8298553093e+10,1.6082536067e+10,1.3806985688e+10,1.2395704891e+10,7.9212212029e+09,5.0658426508e+09,3.2798802601e+09,2.5329213254e+09,2.1761466195e+11,2.6512590702e+10,1.4296573677e+10,1.2021023297e+10,1.0609742501e+10,6.1352588123e+09,3.2798802601e+09,1.4939178694e+09,7.4695893471e+08
332,25000,20,3.1245354631e+11,1.7776966218e+11,1.6794584702e+11,1.6578398316e+11,1.6447864031e+11,1.6060350036e+11,1.5826436032e+11,1.5683576698e+11,1.5622677315e+11,1.7776966218e+11,4.3085778057e+10,3.3261962896e+10,3.1100099031e+10,2.9794756189e+10,2.5919616239e+10,2.3580476200e+10,2.2151882851e+10,2.1542889029e+10,1.6794584702e+11,3.3261962896e+10,2.3438147735e+10,2.1276283870e+10,1.9970941028e+10,1.6095801078e+10,1.3756661039e+10,1.2328067689e+10,1.1719073867e+10,1.6578398316e+11,3.1100099031e+10,2.1276283870e+10,1.9114420006e+10,1.7809077163e+10,1.3933937214e+10,1.1594797174e+10,1.0166203825e+10,9.5572100028e+09,1.6447864031e+11,2.9794756189e+10,1.9970941028e+10,1.7809077163e+10,1.6503734321e+10,1.2628594371e+10,1.0289454332e+10,8.8608609823e+09,8.2518671603e+09,1.6060350036e+11,2.5919616239e+10,1.6095801078e+10,1.3933937214e+10,1.2628594371e+10,8.7534544218e+09,6.4143143824e+09,4.9857210328e+09,4.3767272109e+09,1.5826436032e+11,2.3580476200e+10,1.3756661039e+10,1.1594797174e+10,1.0289454332e+10,6.4143143824e+09,4.0751743431e+09,2.6465809935e+09,2.0375871716e+09,1.5683576698e+11,2.2151882851e+10,1.2328067689e+10,1.0166203825e+10,8.8608609823e+09,4.9857210328e+09,2.6465809935e+09,1.2179876439e+09,6.0899382195e+08
333,25000,30,2.1578009780e+11,1.2440615354e+11,1.1696602746e+11,1.1516050170e+11,1.1409680527e+11,1.1109771890e+11,1.0937087506e+11,1.0833803631e+11,1.0789004890e+11,1.2440615354e+11,3.3032209290e+10,2.5592083210e+10,2.3786557450e+10,2.2722861022e+10,1.9723774647e+10,1.7996930804e+10,1.6964092056e+10,1.6516104645e+10,1.1696602746e+11,2.5592083210e+10,1.8151957131e+10,1.6346431371e+10,1.5282734942e+10,1.2283648568e+10,1.0556804725e+10,9.5239659761e+09,9.0759785653e+09,1.1516050170e+11,2.3786557450e+10,1.6346431371e+10,1.4540905611e+10,1.3477209182e+10,1.0478122808e+10,8.7512789646e+09,7.7184402161e+09,7.2704528053e+09,1.1409680527e+11,2.2722861022e+10,1.5282734942e+10,1.3477209182e+10,1.2413512753e+10,9.4144263788e+09,7.6875825358e+09,6.6547437874e+09,6.2067563766e+09,1.1109771890e+11,1.9723774647e+10,1.2283648568e+10,1.0478122808e+10,9.4144263788e+09,6.4153400044e+09,4.6884961614e+09,3.6556574130e+09,3.2076700022e+09,1.0937087506e+11,1.7996930804e+10,1.0556804725e+10,8.7512789646e+09,7.6875825358e+09,4.6884961614e+09,2.9616523185e+09,1.9288135701e+09,1.4808261592e+09,1.0833803631e+11,1.6964092056e+10,9.5239659761e+09,7.7184402161e+09,6.6547437874e+09,3.6556574130e+09,1.9288135701e+09,8.9597482164e+08,4.4798741082e+08
334,25000,40,1.6519326960e+11,9.5871216468e+10,8.9756108401e+10,8.8226308314e+10,8.7356150722e+10,8.5011736645e+10,8.3709755636e+10,8.2939727049e+10,8.2596634802e+10,9.5871216468e+10,2.6549163334e+10,2.0434055267e+10,1.8904255179e+10,1.8034097587e+10,1.5689683510e+10,1.4387702502e+10,1.3617673914e+10,1.3274581667e+10,8.9756108401e+10,2.0434055267e+10,1.4318947200e+10,1.2789147112e+10,1.1918989520e+10,9.5745754431e+09,8.2725944344e+09,7.5025658472e+09,7.1594735998e+09,8.8226308314e+10,1.8904255179e+10,1.2789147112e+10,1.1259347024e+10,1.0389189432e+10,8.0447753554e+09,6.7427943467e+09,5.9727657595e+09,5.6296735121e+09,8.7356150722e+10,1.8034097587e+10,1.1918989520e+10,1.0389189432e+10,9.5190318400e+09,7.1746177632e+09,5.8726367545e+09,5.1026081674e+09,4.7595159200e+09,8.5011736645e+10,1.5689683510e+10,9.5745754431e+09,8.0447753554e+09,7.1746177632e+09,4.8302036865e+09,3.5282226778e+09,2.7581940907e+09,2.4151018433e+09,8.3709755636e+10,1.4387702502e+10,8.2725944344e+09,6.7427943467e+09,5.8726367545e+09,3.5282226778e+09,2.2262416691e+09,1.4562130820e+09,1.1131208346e+09,8.2939727049e+10,1.3617673914e+10,7.5025658472e+09,5.9727657595e+09,5.1026081674e+09,2.7581940907e+09,1.4562130820e+09,6.8618449476e+08,3.4309224738e+08
335,25000,50,1.3897454252e+11,8.1034833468e+10,7.5618902327e+10,7.4246785300e+10,7.3486671704e+10,7.1497830562e+10,7.0416028440e+10,6.9778444404e+10,6.9487271262e+10,8.1034833468e+10,2.3095124411e+10,1.7679193271e+10,1.6307076244e+10,1.5546962648e+10,1.3558121506e+10,1.2476319384e+10,1.1838735348e+10,1.1547562206e+10,7.5618902327e+10,1.7679193271e+10,1.2263262131e+10,1.0891145104e+10,1.0131031508e+10,8.1421903660e+09,7.0603882440e+09,6.4228042079e+09,6.1316310657e+09,7.4246785300e+10,1.6307076244e+10,1.0891145104e+10,9.5190280774e+09,8.7589144811e+09,6.7700733391e+09,5.6882712170e+09,5.0506871809e+09,4.7595140387e+09,7.3486671704e+10,1.5546962648e+10,1.0131031508e+10,8.7589144811e+09,7.9988008848e+09,6.0099597428e+09,4.9281576207e+09,4.2905735846e+09,3.9994004424e+09,7.1497830562e+10,1.3558121506e+10,8.1421903660e+09,6.7700733391e+09,6.0099597428e+09,4.0211186008e+09,2.9393164787e+09,2.3017324426e+09,2.0105593004e+09,7.0416028440e+10,1.2476319384e+10,7.0603882440e+09,5.6882712170e+09,4.9281576207e+09,2.9393164787e+09,1.8575143566e+09,1.2199303205e+09,9.2875717832e+08,6.9778444404e+10,1.1838735348e+10,6.4228042079e+09,5.0506871809e+09,4.2905735846e+09,2.3017324426e+09,1.2199303205e+09,5.8234628441e+08,2.9117314220e+08
336,25000,60,1.2442806276e+11,7.2835328484e+10,6.7803168046e+10,6.6513520174e+10,6.5810722848e+10,6.4008492298e+10,6.3043663571e+10,6.2477158571e+10,6.2214031379e+10,7.2835328484e+10,2.1242594211e+10,1.6210433772e+10,1.4920785901e+10,1.4217988575e+10,1.2415758025e+10,1.1450929297e+10,1.0884424298e+10,1.0621297105e+10,6.7803168046e+10,1.6210433772e+10,1.1178273334e+10,9.8886254626e+09,9.1858281369e+09,7.3835975869e+09,6.4187688589e+09,5.8522638592e+09,5.5891366670e+09,6.6513520174e+10,1.4920785901e+10,9.8886254626e+09,8.5989775913e+09,7.8961802656e+09,6.0939497155e+09,5.1291209876e+09,4.5626159879e+09,4.2994887957e+09,6.5810722848e+10,1.4217988575e+10,9.1858281369e+09,7.8961802656e+09,7.1933829398e+09,5.3911523898e+09,4.4263236618e+09,3.8598186621e+09,3.5966914699e+09,6.4008492298e+10,1.2415758025e+10,7.3835975869e+09,6.0939497155e+09,5.3911523898e+09,3.5889218398e+09,2.6240931118e+09,2.0575881121e+09,1.7944609199e+09,6.3043663571e+10,1.1450929297e+10,6.4187688589e+09,5.1291209876e+09,4.4263236618e+09,2.6240931118e+09,1.6592643839e+09,1.0927593842e+09,8.2963219195e+08,6.2477158571e+10,1.0884424298e+10,5.8522638592e+09,4.5626159879e+09,3.8598186621e+09,2.0575881121e+09,1.0927593842e+09,5.2625438448e+08,2.6312719224e+08
337,25000,70,1.1602321806e+11,6.8110763033e+10,6.3296140782e+10,6.2051572270e+10,6.1380374636e+10,5.9682815791e+10,5.8784520233e+10,5.8258699114e+10,5.8011609031e+10,6.8110763033e+10,2.0198308005e+10,1.5383685754e+10,1.4139117242e+10,1.3467919608e+10,1.1770360763e+10,1.0872065205e+10,1.0346244085e+10,1.0099154003e+10,6.3296140782e+10,1.5383685754e+10,1.0569063503e+10,9.3244949911e+09,8.6532973570e+09,6.9557385123e+09,6.0574429544e+09,5.5316218346e+09,5.2845317516e+09,6.2051572270e+10,1.4139117242e+10,9.3244949911e+09,8.0799264790e+09,7.4087288449e+09,5.7111700002e+09,4.8128744423e+09,4.2870533224e+09,4.0399632395e+09,6.1380374636e+10,1.3467919608e+10,8.6532973570e+09,7.4087288449e+09,6.7375312109e+09,5.0399723661e+09,4.1416768082e+09,3.6158556884e+09,3.3687656054e+09,5.9682815791e+10,1.1770360763e+10,6.9557385123e+09,5.7111700002e+09,5.0399723661e+09,3.3424135214e+09,2.4441179635e+09,1.9182968437e+09,1.6712067607e+09,5.8784520233e+10,1.0872065205e+10,6.0574429544e+09,4.8128744423e+09,4.1416768082e+09,2.4441179635e+09,1.5458224056e+09,1.0200012858e+09,7.7291120280e+08,5.8258699114e+10,1.0346244085e+10,5.5316218346e+09,4.2870533224e+09,3.6158556884e+09,1.9182968437e+09,1.0200012858e+09,4.9418016592e+08,2.4709008296e+08
338,25000,80,1.1151604499e+11,6.5571723611e+10,6.0877419040e+10,5.9658158292e+10,5.9004289720e+10,5.7363186853e+10,5.6500499317e+10,5.5996441622e+10,5.5758022494e+10,6.5571723611e+10,1.9627402235e+10,1.4933097664e+10,1.3713836916e+10,1.3059968344e+10,1.1418865477e+10,1.0556177940e+10,1.0052120246e+10,9.8137011173e+09,6.0877419040e+10,1.4933097664e+10,1.0238793093e+10,9.0195323450e+09,8.3656637729e+09,6.7245609063e+09,5.8618733693e+09,5.3578156751e+09,5.1193965465e+09,5.9658158292e+10,1.3713836916e+10,9.0195323450e+09,7.8002715970e+09,7.1464030249e+09,5.5053001583e+09,4.6426126214e+09,4.1385549272e+09,3.9001357985e+09,5.9004289720e+10,1.3059968344e+10,8.3656637729e+09,7.1464030249e+09,6.4925344528e+09,4.8514315862e+09,3.9887440492e+09,3.4846863550e+09,3.2462672264e+09,5.7363186853e+10,1.1418865477e+10,6.7245609063e+09,5.5053001583e+09,4.8514315862e+09,3.2103287196e+09,2.3476411827e+09,1.8435834885e+09,1.6051643598e+09,5.6500499317e+10,1.0556177940e+10,5.8618733693e+09,4.6426126214e+09,3.9887440492e+09,2.3476411827e+09,1.4849536457e+09,9.8089595153e+08,7.4247682287e+08,5.5996441622e+10,1.0052120246e+10,5.3578156751e+09,4.1385549272e+09,3.4846863550e+09,1.8435834885e+09,9.8089595153e+08,4.7683825733e+08,2.3841912867e+08
339,25000,90,1.1010761573e+11,6.4777029530e+10,6.0120621192e+10,5.8909481440e+10,5.8261162068e+10,5.6638048711e+10,5.5786656205e+10,5.5289482620e+10,5.5053807867e+10,6.4777029530e+10,1.9446443326e+10,1.4790034988e+10,1.3578895236e+10,1.2930575864e+10,1.1307462507e+10,1.0456070000e+10,9.9588964162e+09,9.7232216631e+09,6.0120621192e+10,1.4790034988e+10,1.0133626649e+10,8.9224868973e+09,8.2741675254e+09,6.6510541680e+09,5.7996616619e+09,5.3024880777e+09,5.0668133246e+09,5.8909481440e+10,1.3578895236e+10,8.9224868973e+09,7.7113471454e+09,7.0630277736e+09,5.4399144161e+09,4.5885219100e+09,4.0913483259e+09,3.8556735727e+09,5.8261162068e+10,1.2930575864e+10,8.2741675254e+09,7.0630277736e+09,6.4147084017e+09,4.7915950443e+09,3.9402025381e+09,3.4430289540e+09,3.2073542008e+09,5.6638048711e+10,1.1307462507e+10,6.6510541680e+09,5.4399144161e+09,4.7915950443e+09,3.1684816868e+09,2.3170891807e+09,1.8199155966e+09,1.5842408434e+09,5.5786656205e+10,1.0456070000e+10,5.7996616619e+09,4.5885219100e+09,3.9402025381e+09,2.3170891807e+09,1.4656966746e+09,9.6852309044e+08,7.3284833730e+08,5.5289482620e+10,9.9588964162e+09,5.3024880777e+09,4.0913483259e+09,3.4430289540e+09,1.8199155966e+09,9.6852309044e+08,4.7134950627e+08,2.3567475314e+08
340,27500,0,2.6061051565e+11,1.5176745331e+11,1.4272285546e+11,1.4036976796e+11,1.3894150425e+11,1.3481851002e+11,1.3240261200e+11,1.3094505163e+11,1.3030525783e+11,1.5176745331e+11,4.2924390973e+10,3.3879793121e+10,3.1526705625e+10,3.0098441914e+10,2.5975447682e+10,2.3559549661e+10,2.2101989293e+10,2.1462195487e+10,1.4272285546e+11,3.3879793121e+10,2.4835195269e+10,2.2482107773e+10,2.1053844062e+10,1.6930849830e+10,1.4514951809e+10,1.3057391441e+10,1.2417597635e+10,1.4036976796e+11,3.1526705625e+10,2.2482107773e+10,2.0129020277e+10,1.8700756566e+10,1.4577762335e+10,1.2161864313e+10,1.0704303945e+10,1.0064510139e+10,1.3894150425e+11,3.0098441914e+10,2.1053844062e+10,1.8700756566e+10,1.7272492855e+10,1.3149498624e+10,1.0733600602e+10,9.2760402343e+09,8.6362464276e+09,1.3481851002e+11,2.5975447682e+10,1.6930849830e+10,1.4577762335e+10,1.3149498624e+10,9.0265043918e+09,6.6106063705e+09,5.1530460026e+09,4.5132521959e+09,1.3240261200e+11,2.3559549661e+10,1.4514951809e+10,1.2161864313e+10,1.0733600602e+10,6.6106063705e+09,4.1947083492e+09,2.7371479813e+09,2.0973541746e+09,1.3094505163e+11,2.2101989293e+10,1.3057391441e+10,1.0704303945e+10,9.2760402343e+09,5.1530460026e+09,2.7371479813e+09,1.2795876134e+09,6.3979380671e+08
341,27500,10,2.3192588096e+11,1.3583434727e+11,1.2752427942e+11,1.2528963442e+11,1.2393893937e+11,1.2009344565e+11,1.1787437191e+11,1.1654666206e+11,1.1596294048e+11,1.3583434727e+11,3.9742813593e+10,3.1432745733e+10,2.9198100736e+10,2.7847405690e+10,2.4001911966e+10,2.1782838226e+10,2.0455128379e+10,1.9871406796e+10,1.2752427942e+11,3.1432745733e+10,2.3122677874e+10,2.0888032876e+10,1.9537337831e+10,1.5691844106e+10,1.3472770366e+10,1.2145060520e+10,1.1561338937e+10,1.2528963442e+11,2.9198100736e+10,2.0888032876e+10,1.8653387879e+10,1.7302692834e+10,1.3457199109e+10,1.1238125369e+10,9.9104155220e+09,9.3266939394e+09,1.2393893937e+11,2.7847405690e+10,1.9537337831e+10,1.7302692834e+10,1.5951997788e+10,1.2106504064e+10,9.8874303237e+09,8.5597204768e+09,7.9759988942e+09,1.2009344565e+11,2.4001911966e+10,1.5691844106e+10,1.3457199109e+10,1.2106504064e+10,8.2610103387e+09,6.0419365989e+09,4.7142267520e+09,4.1305051694e+09,1.1787437191e+11,2.1782838226e+10,1.3472770366e+10,1.1238125369e+10,9.8874303237e+09,6.0419365989e+09,3.8228628590e+09,2.4951530122e+09,1.9114314295e+09,1.1654666206e+11,2.0455128379e+10,1.2145060520e+10,9.9104155220e+09,8.5597204768e+09,4.7142267520e+09,2.4951530122e+09,1.1674431653e+09,5.8372158266e+08
342,27500,20,1.7190547047e+11,1.0215418505e+11,9.5421600413e+10,9.3481486610e+10,9.2329165297e+10,8.9175295130e+10,8.7429179865e+10,8.6406567824e+10,8.5952735234e+10,1.0215418505e+11,3.2402899642e+10,2.5670315000e+10,2.3730201197e+10,2.2577879884e+10,1.9424009717e+10,1.7677894452e+10,1.6655282411e+10,1.6201449821e+10,9.5421600413e+10,2.5670315000e+10,1.8937730358e+10,1.6997616556e+10,1.5845295243e+10,1.2691425075e+10,1.0945309810e+10,9.9226977690e+09,9.4688651792e+09,9.3481486610e+10,2.3730201197e+10,1.6997616556e+10,1.5057502753e+10,1.3905181440e+10,1.0751311273e+10,9.0051960073e+09,7.9825839661e+09,7.5287513763e+09,9.2329165297e+10,2.2577879884e+10,1.5845295243e+10,1.3905181440e+10,1.2752860127e+10,9.5989899599e+09,7.8528746947e+09,6.8302626534e+09,6.3764300637e+09,8.9175295130e+10,1.9424009717e+10,1.2691425075e+10,1.0751311273e+10,9.5989899599e+09,6.4451197925e+09,4.6990045272e+09,3.6763924860e+09,3.2225598962e+09,8.7429179865e+10,1.7677894452e+10,1.0945309810e+10,9.0051960073e+09,7.8528746947e+09,4.6990045272e+09,2.9528892620e+09,1.9302772208e+09,1.4764446310e+09,8.6406567824e+10,1.6655282411e+10,9.9226977690e+09,7.9825839661e+09,6.8302626534e+09,3.6763924860e+09,1.9302772208e+09,9.0766517952e+08,4.5383258976e+08
343,27500,30,1.2365031644e+11,7.4545085639e+10,6.9149674900e+10,6.7525936770e+10,6.6592923908e+10,6.4167340156e+10,6.2889908481e+10,6.2158141785e+10,6.1825158218e+10,7.4545085639e+10,2.5439854843e+10,2.0044444104e+10,1.8420705973e+10,1.7487693112e+10,1.5062109360e+10,1.3784677684e+10,1.3052910988e+10,1.2719927421e+10,6.9149674900e+10,2.0044444104e+10,1.4649033365e+10,1.3025295234e+10,1.2092282373e+10,9.6666986207e+09,8.3892669457e+09,7.6575002496e+09,7.3245166826e+09,6.7525936770e+10,1.8420705973e+10,1.3025295234e+10,1.1401557103e+10,1.0468544242e+10,8.0429604898e+09,6.7655288148e+09,6.0337621187e+09,5.7007785517e+09,6.6592923908e+10,1.7487693112e+10,1.2092282373e+10,1.0468544242e+10,9.5355313803e+09,7.1099476283e+09,5.8325159532e+09,5.1007492572e+09,4.7677656901e+09,6.4167340156e+10,1.5062109360e+10,9.6666986207e+09,8.0429604898e+09,7.1099476283e+09,4.6843638762e+09,3.4069322012e+09,2.6751655052e+09,2.3421819381e+09,6.2889908481e+10,1.3784677684e+10,8.3892669457e+09,6.7655288148e+09,5.8325159532e+09,3.4069322012e+09,2.1295005262e+09,1.3977338301e+09,1.0647502631e+09,6.2158141785e+10,1.3052910988e+10,7.6575002496e+09,6.0337621187e+09,5.1007492572e+09,2.6751655052e+09,1.3977338301e+09,6.6596713409e+08,3.3298356705e+08
344,27500,40,9.7165677758e+10,5.9082572578e+10,5.4471557121e+10,5.3075336300e+10,5.2301495143e+10,5.0375555976e+10,4.9398205892e+10,4.8844229842e+10,4.8582838879e+10,5.9082572578e+10,2.0999467399e+10,1.6388451942e+10,1.4992231121e+10,1.4218389964e+10,1.2292450797e+10,1.1315100712e+10,1.0761124663e+10,1.0499733700e+10,5.4471557121e+10,1.6388451942e+10,1.1777436484e+10,1.0381215663e+10,9.6073745068e+09,7.6814353396e+09,6.7040852550e+09,6.1501092054e+09,5.8887182422e+09,5.3075336300e+10,1.4992231121e+10,1.0381215663e+10,8.9849948425e+09,8.2111536859e+09,6.2852145187e+09,5.3078644341e+09,4.7538883845e+09,4.4924974213e+09,5.2301495143e+10,1.4218389964e+10,9.6073745068e+09,8.2111536859e+09,7.4373125292e+09,5.5113733620e+09,4.5340232774e+09,3.9800472278e+09,3.7186562646e+09,5.0375555976e+10,1.2292450797e+10,7.6814353396e+09,6.2852145187e+09,5.5113733620e+09,3.5854341948e+09,2.6080841102e+09,2.0541080606e+09,1.7927170974e+09,4.9398205892e+10,1.1315100712e+10,6.7040852550e+09,5.3078644341e+09,4.5340232774e+09,2.6080841102e+09,1.6307340256e+09,1.0767579760e+09,8.1536701281e+08,4.8844229842e+10,1.0761124663e+10,6.1501092054e+09,4.7538883845e+09,3.9800472278e+09,2.0541080606e+09,1.0767579760e+09,5.2278192643e+08,2.6139096321e+08
345,27500,50,8.3471187877e+10,5.1077531695e+10,4.6879194795e+10,4.5607716941e+10,4.4920225764e+10,4.3255157837e+10,4.2428585434e+10,4.1962093440e+10,4.1735593939e+10,5.1077531695e+10,1.8683875512e+10,1.4485538612e+10,1.3214060759e+10,1.2526569582e+10,1.0861501655e+10,1.0034929251e+10,9.5684372580e+09,9.3419377561e+09,4.6879194795e+10,1.4485538612e+10,1.0287201712e+10,9.0157238588e+09,8.3282326818e+09,6.6631647547e+09,5.8365923511e+09,5.3701003580e+09,5.1436008561e+09,4.5607716941e+10,1.3214060759e+10,9.0157238588e+09,7.7442460053e+09,7.0567548284e+09,5.3916869013e+09,4.5651144976e+09,4.0986225046e+09,3.8721230027e+09,4.4920225764e+10,1.2526569582e+10,8.3282326818e+09,7.0567548284e+09,6.3692636514e+09,4.7041957243e+09,3.8776233207e+09,3.4111313276e+09,3.1846318257e+09,4.3255157837e+10,1.0861501655e+10,6.6631647547e+09,5.3916869013e+09,4.7041957243e+09,3.0391277972e+09,2.2125553936e+09,1.7460634005e+09,1.5195638986e+09,4.2428585434e+10,1.0034929251e+10,5.8365923511e+09,4.5651144976e+09,3.8776233207e+09,2.2125553936e+09,1.3859829900e+09,9.1949099692e+08,6.9299149499e+08,4.1962093440e+10,9.5684372580e+09,5.3701003580e+09,4.0986225046e+09,3.4111313276e+09,1.7460634005e+09,9.1949099692e+08,4.5299900385e+08,2.2649950193e+08
346,27500,60,7.5939602349e+10,4.6687125440e+10,4.2713778181e+10,4.1508355492e+10,4.0866559941e+10,3.9340765621e+10,3.8595757511e+10,3.8177087301e+10,3.7969801174e+10,4.6687125440e+10,1.7434648532e+10,1.3461301273e+10,1.2255878584e+10,1.1614083033e+10,1.0088288712e+10,9.3432806020e+09,8.9246103925e+09,8.7173242658e+09,4.2713778181e+10,1.3461301273e+10,9.4879540141e+09,8.2825313248e+09,7.6407357742e+09,6.1149414533e+09,5.3699333433e+09,4.9512631338e+09,4.7439770071e+09,4.1508355492e+10,1.2255878584e+10,8.2825313248e+09,7.0771086354e+09,6.4353130848e+09,4.9095187639e+09,4.1645106539e+09,3.7458404444e+09,3.5385543177e+09,4.0866559941e+10,1.1614083033e+10,7.6407357742e+09,6.4353130848e+09,5.7935175342e+09,4.2677232133e+09,3.5227151033e+09,3.1040448938e+09,2.8967587671e+09,3.9340765621e+10,1.0088288712e+10,6.1149414533e+09,4.9095187639e+09,4.2677232133e+09,2.7419288924e+09,1.9969207824e+09,1.5782505729e+09,1.3709644462e+09,3.8595757511e+10,9.3432806020e+09,5.3699333433e+09,4.1645106539e+09,3.5227151033e+09,1.9969207824e+09,1.2519126724e+09,8.3324246291e+08,6.2595633622e+08,3.8177087301e+10,8.9246103925e+09,4.9512631338e+09,3.7458404444e+09,3.1040448938e+09,1.5782505729e+09,8.3324246291e+08,4.1457225338e+08,2.0728612669e+08
347,27500,70,7.1576309881e+10,4.4147345304e+10,4.0303456490e+10,3.9135439773e+10,3.8519543844e+10,3.7073307300e+10,3.6375284460e+10,3.5984293139e+10,3.5788154941e+10,4.4147345304e+10,1.6718380726e+10,1.2874491913e+10,1.1706475195e+10,1.1090579266e+10,9.6443427225e+09,8.9463198827e+09,8.5553285617e+09,8.3591903632e+09,4.0303456490e+10,1.2874491913e+10,9.0306030990e+09,7.8625863814e+09,7.2466904524e+09,5.8004539088e+09,5.1024310690e+09,4.7114397479e+09,4.5153015495e+09,3.9135439773e+10,1.1706475195e+10,7.8625863814e+09,6.6945696638e+09,6.0786737348e+09,4.6324371911e+09,3.9344143514e+09,3.5434230303e+09,3.3472848319e+09,3.8519543844e+10,1.1090579266e+10,7.2466904524e+09,6.0786737348e+09,5.4627778057e+09,4.0165412621e+09,3.3185184223e+09,2.9275271013e+09,2.7313889029e+09,3.7073307300e+10,9.6443427225e+09,5.8004539088e+09,4.6324371911e+09,4.0165412621e+09,2.5703047185e+09,1.8722818787e+09,1.4812905577e+09,1.2851523592e+09,3.6375284460e+10,8.9463198827e+09,5.1024310690e+09,3.9344143514e+09,3.3185184223e+09,1.8722818787e+09,1.1742590389e+09,7.8326771789e+08,5.8712951946e+08,3.5984293139e+10,8.5553285617e+09,4.7114397479e+09,3.5434230303e+09,2.9275271013e+09,1.4812905577e+09,7.8326771789e+08,3.9227639686e+08,1.9613819843e+08
348,27500,80,6.9268694982e+10,4.2804731221e+10,3.9029152735e+10,3.7880780575e+10,3.7278491184e+10,3.5874156161e+10,3.5200942168e+10,3.4824586146e+10,3.4634347491e+10,4.2804731221e+10,1.6340767461e+10,1.2565188974e+10,1.1416816814e+10,1.0814527423e+10,9.4101924003e+09,8.7369784080e+09,8.3606223854e+09,8.1703837305e+09,3.9029152735e+10,1.2565188974e+10,8.7896104874e+09,7.6412383276e+09,7.0389489365e+09,5.6346139136e+09,4.9613999212e+09,4.5850438986e+09,4.3948052437e+09,3.7880780575e+10,1.1416816814e+10,7.6412383276e+09,6.4928661677e+09,5.8905767767e+09,4.4862417537e+09,3.8130277613e+09,3.4366717388e+09,3.2464330839e+09,3.7278491184e+10,1.0814527423e+10,7.0389489365e+09,5.8905767767e+09,5.2882873856e+09,3.8839523627e+09,3.2107383703e+09,2.8343823477e+09,2.6441436928e+09,3.5874156161e+10,9.4101924003e+09,5.6346139136e+09,4.4862417537e+09,3.8839523627e+09,2.4796173397e+09,1.8064033473e+09,1.4300473247e+09,1.2398086698e+09,3.5200942168e+10,8.7369784080e+09,4.9613999212e+09,3.8130277613e+09,3.2107383703e+09,1.8064033473e+09,1.1331893550e+09,7.5683333236e+08,5.6659467748e+08,3.4824586146e+10,8.3606223854e+09,4.5850438986e+09,3.4366717388e+09,2.8343823477e+09,1.4300473247e+09,7.5683333236e+08,3.8047730977e+08,1.9023865489e+08
349,27500,90,6.8546781141e+10,4.2384092534e+10,3.8629959388e+10,3.7487826149e+10,3.6889863149e+10,3.5498833536e+10,3.4833483686e+10,3.4461761834e+10,3.4273390570e+10,4.2384092534e+10,1.6221403927e+10,1.2467270781e+10,1.1325137542e+10,1.0727174543e+10,9.3361449296e+09,8.6707950797e+09,8.2990732271e+09,8.1107019635e+09,3.8629959388e+10,1.2467270781e+10,8.7131376349e+09,7.5710043963e+09,6.9730413966e+09,5.5820117835e+09,4.9166619336e+09,4.5449400811e+09,4.3565688175e+09,3.7487826149e+10,1.1325137542e+10,7.5710043963e+09,6.4288711576e+09,5.8309081580e+09,4.4398785448e+09,3.7745286949e+09,3.4028068424e+09,3.2144355788e+09,3.6889863149e+10,1.0727174543e+10,6.9730413966e+09,5.8309081580e+09,5.2329451583e+09,3.8419155452e+09,3.1765656953e+09,2.8048438427e+09,2.6164725791e+09,3.5498833536e+10,9.3361449296e+09,5.5820117835e+09,4.4398785448e+09,3.8419155452e+09,2.4508859321e+09,1.7855360822e+09,1.4138142296e+09,1.2254429660e+09,3.4833483686e+10,8.6707950797e+09,4.9166619336e+09,3.7745286949e+09,3.1765656953e+09,1.7855360822e+09,1.1201862323e+09,7.4846437973e+08,5.6009311613e+08,3.4461761834e+10,8.2990732271e+09,4.5449400811e+09,3.4028068424e+09,2.8048438427e+09,1.4138142296e+09,7.4846437973e+08,3.7674252721e+08,1.8837126360e+08
350,30000,0,1.5332263666e+11,9.2596283344e+10,8.6278683454e+10,8.4309643624e+10,8.3125714957e+10,7.9902602931e+10,7.8143183846e+10,7.7120473238e+10,7.6661318332e+10,9.2596283344e+10,3.1869930022e+10,2.5552330133e+10,2.3583290303e+10,2.2399361636e+10,1.9176249609e+10,1.7416830525e+10,1.6394119917e+10,1.5934965011e+10,8.6278683454e+10,2.5552330133e+10,1.9234730244e+10,1.7265690414e+10,1.6081761747e+10,1.2858649720e+10,1.1099230635e+10,1.0076520028e+10,9.6173651219e+09,8.4309643624e+10,2.3583290303e+10,1.7265690414e+10,1.5296650584e+10,1.4112721917e+10,1.0889609890e+10,9.1301908055e+09,8.1074801978e+09,7.6483252920e+09,8.3125714957e+10,2.2399361636e+10,1.6081761747e+10,1.4112721917e+10,1.2928793249e+10,9.7056812228e+09,7.9462621383e+09,6.9235515306e+09,6.4643966247e+09,7.9902602931e+10,1.9176249609e+10,1.2858649720e+10,1.0889609890e+10,9.7056812228e+09,6.4825691961e+09,4.7231501117e+09,3.7004395040e+09,3.2412845981e+09,7.8143183846e+10,1.7416830525e+10,1.1099230635e+10,9.1301908055e+09,7.9462621383e+09,4.7231501117e+09,2.9637310272e+09,1.9410204195e+09,1.4818655136e+09,7.7120473238e+10,1.6394119917e+10,1.0076520028e+10,8.1074801978e+09,6.9235515306e+09,3.7004395040e+09,1.9410204195e+09,9.1830981177e+08,4.5915490589e+08
351,30000,10,1.3896509109e+11,8.4357088381e+10,7.8426268383e+10,7.6548180198e+10,7.5428658510e+10,7.2430028531e+10,7.0822790303e+10,6.9898504233e+10,6.9482545547e+10,8.4357088381e+10,2.9749085667e+10,2.3818265669e+10,2.1940177484e+10,2.0820655797e+10,1.7822025817e+10,1.6214787589e+10,1.5290501519e+10,1.4874542834e+10,7.8426268383e+10,2.3818265669e+10,1.7887445671e+10,1.6009357486e+10,1.4889835799e+10,1.1891205820e+10,1.0283967592e+10,9.3596815213e+09,8.9437228357e+09,7.6548180198e+10,2.1940177484e+10,1.6009357486e+10,1.4131269301e+10,1.3011747614e+10,1.0013117634e+10,8.4058794064e+09,7.4815933361e+09,7.0656346505e+09,7.5428658510e+10,2.0820655797e+10,1.4889835799e+10,1.3011747614e+10,1.1892225926e+10,8.8935959471e+09,7.2863577190e+09,6.3620716488e+09,5.9461129632e+09,7.2430028531e+10,1.7822025817e+10,1.1891205820e+10,1.0013117634e+10,8.8935959471e+09,5.8949659678e+09,4.2877277397e+09,3.3634416695e+09,2.9474829839e+09,7.0822790303e+10,1.6214787589e+10,1.0283967592e+10,8.4058794064e+09,7.2863577190e+09,4.2877277397e+09,2.6804895117e+09,1.7562034414e+09,1.3402447558e+09,6.9898504233e+10,1.5290501519e+10,9.3596815213e+09,7.4815933361e+09,6.3620716488e+09,3.3634416695e+09,1.7562034414e+09,8.3191737117e+08,4.1595868558e+08
352,30000,20,1.0753237479e+11,6.6147747468e+10,6.1098057928e+10,5.9449733913e+10,5.8493194581e+10,5.6042284055e+10,5.4789909300e+10,5.4087552588e+10,5.3766187396e+10,6.6147747468e+10,2.4763120145e+10,1.9713430605e+10,1.8065106590e+10,1.7108567257e+10,1.4657656731e+10,1.3405281977e+10,1.2702925264e+10,1.2381560072e+10,6.1098057928e+10,1.9713430605e+10,1.4663741065e+10,1.3015417050e+10,1.2058877717e+10,9.6079671914e+09,8.3555924369e+09,7.6532357241e+09,7.3318705324e+09,5.9449733913e+10,1.8065106590e+10,1.3015417050e+10,1.1367093035e+10,1.0410553702e+10,7.9596431767e+09,6.7072684222e+09,6.0049117093e+09,5.6835465176e+09,5.8493194581e+10,1.7108567257e+10,1.2058877717e+10,1.0410553702e+10,9.4540143697e+09,7.0031038439e+09,5.7507290894e+09,5.0483723765e+09,4.7270071848e+09,5.6042284055e+10,1.4657656731e+10,9.6079671914e+09,7.9596431767e+09,7.0031038439e+09,4.5521933181e+09,3.2998185636e+09,2.5974618507e+09,2.2760966590e+09,5.4789909300e+10,1.3405281977e+10,8.3555924369e+09,6.7072684222e+09,5.7507290894e+09,3.2998185636e+09,2.0474438091e+09,1.3450870962e+09,1.0237219046e+09,5.4087552588e+10,1.2702925264e+10,7.6532357241e+09,6.0049117093e+09,5.0483723765e+09,2.5974618507e+09,1.3450870962e+09,6.4273038337e+08,3.2136519169e+08
353,30000,30,8.0823668288e+10,5.0418422169e+10,4.6164216579e+10,4.4760111212e+10,4.3976665882e+10,4.2074885121e+10,4.1154921028e+10,4.0651218638e+10,4.0411834144e+10,5.0418422169e+10,2.0013176049e+10,1.5758970460e+10,1.4354865093e+10,1.3571419763e+10,1.1669639002e+10,1.0749674909e+10,1.0245972519e+10,1.0006588025e+10,4.6164216579e+10,1.5758970460e+10,1.1504764870e+10,1.0100659503e+10,9.3172141730e+09,7.4154334122e+09,6.4954693189e+09,5.9917669292e+09,5.7523824351e+09,4.4760111212e+10,1.4354865093e+10,1.0100659503e+10,8.6965541362e+09,7.9131088060e+09,6.0113280452e+09,5.0913639519e+09,4.5876615622e+09,4.3482770681e+09,4.3976665882e+10,1.3571419763e+10,9.3172141730e+09,7.9131088060e+09,7.1296634758e+09,5.2278827149e+09,4.3079186217e+09,3.8042162320e+09,3.5648317379e+09,4.2074885121e+10,1.1669639002e+10,7.4154334122e+09,6.0113280452e+09,5.2278827149e+09,3.3261019541e+09,2.4061378608e+09,1.9024354712e+09,1.6630509770e+09,4.1154921028e+10,1.0749674909e+10,6.4954693189e+09,5.0913639519e+09,4.3079186217e+09,2.4061378608e+09,1.4861737676e+09,9.8247137792e+08,7.4308688379e+08,4.0651218638e+10,1.0245972519e+10,5.9917669292e+09,4.5876615622e+09,3.8042162320e+09,1.9024354712e+09,9.8247137792e+08,4.7876898826e+08,2.3938449413e+08
354,30000,40,6.5516251478e+10,4.1274312014e+10,3.7506513460e+10,3.6272548879e+10,3.5608618541e+10,3.4063263180e+10,3.3343268202e+10,3.2952695722e+10,3.2758125739e+10,4.1274312014e+10,1.7032372551e+10,1.3264573996e+10,1.2030609415e+10,1.1366679077e+10,9.8213237161e+09,9.1013287382e+09,8.7107562581e+09,8.5161862753e+09,3.7506513460e+10,1.3264573996e+10,9.4967754423e+09,8.2628108614e+09,7.5988805226e+09,6.0535251620e+09,5.3335301841e+09,4.9429577040e+09,4.7483877212e+09,3.6272548879e+10,1.2030609415e+10,8.2628108614e+09,7.0288462804e+09,6.3649159417e+09,4.8195605810e+09,4.0995656031e+09,3.7089931230e+09,3.5144231402e+09,3.5608618541e+10,1.1366679077e+10,7.5988805226e+09,6.3649159417e+09,5.7009856029e+09,4.1556302423e+09,3.4356352643e+09,3.0450627842e+09,2.8504928014e+09,3.4063263180e+10,9.8213237161e+09,6.0535251620e+09,4.8195605810e+09,4.1556302423e+09,2.6102748816e+09,1.8902799037e+09,1.4997074236e+09,1.3051374408e+09,3.3343268202e+10,9.1013287382e+09,5.3335301841e+09,4.0995656031e+09,3.4356352643e+09,1.8902799037e+09,1.1702849258e+09,7.7971244567e+08,5.8514246289e+08,3.2952695722e+10,8.7107562581e+09,4.9429577040e+09,3.7089931230e+09,3.0450627842e+09,1.4997074236e+09,7.7971244567e+08,3.8913996556e+08,1.9456998278e+08
355,30000,50,5.7753409144e+10,3.6631005612e+10,3.3114393489e+10,3.1970785666e+10,3.1369700187e+10,3.0005960033e+10,2.9384833262e+10,2.9049450492e+10,2.8876704572e+10,3.6631005612e+10,1.5508602081e+10,1.1991989958e+10,1.0848382134e+10,1.0247296655e+10,8.8835565014e+09,8.2624297305e+09,7.9270469606e+09,7.7543010406e+09,3.3114393489e+10,1.1991989958e+10,8.4753778346e+09,7.3317700110e+09,6.7306845321e+09,5.3669443781e+09,4.7458176073e+09,4.4104348374e+09,4.2376889173e+09,3.1970785666e+10,1.0848382134e+10,7.3317700110e+09,6.1881621874e+09,5.5870767085e+09,4.2233365545e+09,3.6022097837e+09,3.2668270138e+09,3.0940810937e+09,3.1369700187e+10,1.0247296655e+10,6.7306845321e+09,5.5870767085e+09,4.9859912296e+09,3.6222510756e+09,3.0011243048e+09,2.6657415349e+09,2.4929956148e+09,3.0005960033e+10,8.8835565014e+09,5.3669443781e+09,4.2233365545e+09,3.6222510756e+09,2.2585109216e+09,1.6373841508e+09,1.3020013809e+09,1.1292554608e+09,2.9384833262e+10,8.2624297305e+09,4.7458176073e+09,3.6022097837e+09,3.0011243048e+09,1.6373841508e+09,1.0162573800e+09,6.8087461007e+08,5.0812868999e+08,2.9049450492e+10,7.9270469606e+09,4.4104348374e+09,3.2668270138e+09,2.6657415349e+09,1.3020013809e+09,6.8087461007e+08,3.4549184016e+08,1.7274592008e+08
356,30000,60,5.3492295625e+10,3.4086797606e+10,3.0706939448e+10,2.9611550273e+10,2.9044060240e+10,2.7778438512e+10,2.7211508392e+10,2.6906711711e+10,2.6746147813e+10,3.4086797606e+10,1.4681299586e+10,1.1301441428e+10,1.0206052254e+10,9.6385622204e+09,8.3729404919e+09,7.8060103720e+09,7.5012136908e+09,7.3406497929e+09,3.0706939448e+10,1.1301441428e+10,7.9215832699e+09,6.8261940956e+09,6.2587040624e+09,4.9930823339e+09,4.4261522140e+09,4.1213555328e+09,3.9607916349e+09,2.9611550273e+10,1.0206052254e+10,6.8261940956e+09,5.7308049212e+09,5.1633148881e+09,3.8976931596e+09,3.3307630397e+09,3.0259663585e+09,2.8654024606e+09,2.9044060240e+10,9.6385622204e+09,6.2587040624e+09,5.1633148881e+09,4.5958248550e+09,3.3302031265e+09,2.7632730065e+09,2.4584763254e+09,2.2979124275e+09,2.7778438512e+10,8.3729404919e+09,4.9930823339e+09,3.8976931596e+09,3.3302031265e+09,2.0645813980e+09,1.4976512781e+09,1.1928545969e+09,1.0322906990e+09,2.7211508392e+10,7.8060103720e+09,4.4261522140e+09,3.3307630397e+09,2.7632730065e+09,1.4976512781e+09,9.3072115812e+08,6.2592447694e+08,4.6536057906e+08,2.6906711711e+10,7.5012136908e+09,4.1213555328e+09,3.0259663585e+09,2.4584763254e+09,1.1928545969e+09,6.2592447694e+08,3.2112779576e+08,1.6056389788e+08
357,30000,70,5.1026548233e+10,3.2616217331e+10,2.9314951058e+10,2.8246982515e+10,2.7698636104e+10,2.6489342507e+10,2.5953767330e+10,2.5666743395e+10,2.5513274116e+10,3.2616217331e+10,1.4205886428e+10,1.0904620156e+10,9.8366516130e+09,9.2883052019e+09,8.0790116048e+09,7.5434364282e+09,7.2564124930e+09,7.1029432141e+09,2.9314951058e+10,1.0904620156e+10,7.6033538829e+09,6.5353853403e+09,5.9870389292e+09,4.7777453321e+09,4.2421701555e+09,3.9551462204e+09,3.8016769414e+09,2.8246982515e+10,9.8366516130e+09,6.5353853403e+09,5.4674167978e+09,4.9190703866e+09,3.7097767895e+09,3.1742016130e+09,2.8871776778e+09,2.7337083989e+09,2.7698636104e+10,9.2883052019e+09,5.9870389292e+09,4.9190703866e+09,4.3707239755e+09,3.1614303784e+09,2.6258552018e+09,2.3388312667e+09,2.1853619877e+09,2.6489342507e+10,8.0790116048e+09,4.7777453321e+09,3.7097767895e+09,3.1614303784e+09,1.9521367812e+09,1.4165616047e+09,1.1295376695e+09,9.7606839061e+08,2.5953767330e+10,7.5434364282e+09,4.2421701555e+09,3.1742016130e+09,2.6258552018e+09,1.4165616047e+09,8.8098642814e+08,5.9396249298e+08,4.4049321407e+08,2.5666743395e+10,7.2564124930e+09,3.9551462204e+09,2.8871776778e+09,2.3388312667e+09,1.1295376695e+09,5.9396249298e+08,3.0693855782e+08,1.5346927891e+08
358,30000,80,4.9720637616e+10,3.1837582145e+10,2.8577839478e+10,2.7524331935e+10,2.6986085709e+10,2.5806572348e+10,2.5287613174e+10,2.5010019946e+10,2.4860318808e+10,3.1837582145e+10,1.3954526673e+10,1.0694784006e+10,9.6412764635e+09,9.1030302377e+09,7.9235168760e+09,7.4045577029e+09,7.1269644741e+09,6.9772633367e+09,2.8577839478e+10,1.0694784006e+10,7.4350413391e+09,6.3815337964e+09,5.8432875706e+09,4.6637742089e+09,4.1448150358e+09,3.8672218070e+09,3.7175206696e+09,2.7524331935e+10,9.6412764635e+09,6.3815337964e+09,5.3280262537e+09,4.7897800279e+09,3.6102666661e+09,3.0913074931e+09,2.8137142643e+09,2.6640131268e+09,2.6986085709e+10,9.1030302377e+09,5.8432875706e+09,4.7897800279e+09,4.2515338021e+09,3.0720204403e+09,2.5530612673e+09,2.2754680385e+09,2.1257669010e+09,2.5806572348e+10,7.9235168760e+09,4.6637742089e+09,3.6102666661e+09,3.0720204403e+09,1.8925070786e+09,1.3735479056e+09,1.0959546767e+09,9.4625353930e+08,2.5287613174e+10,7.4045577029e+09,4.1448150358e+09,3.0913074931e+09,2.5530612673e+09,1.3735479056e+09,8.5458873252e+08,5.7699550369e+08,4.2729436626e+08,2.5010019946e+10,7.1269644741e+09,3.8672218070e+09,2.8137142643e+09,2.2754680385e+09,1.0959546767e+09,5.7699550369e+08,2.9940227486e+08,1.4970113743e+08
359,30000,90,4.9312137952e+10,3.1593677027e+10,2.8346976176e+10,2.7298048499e+10,2.6763002400e+10,2.5592912181e+10,2.5079200740e+10,2.4804582137e+10,2.4656068976e+10,3.1593677027e+10,1.3875216102e+10,1.0628515250e+10,9.5795875733e+09,9.0445414747e+09,7.8744512556e+09,7.3607398147e+09,7.0861212116e+09,6.9376080510e+09,2.8346976176e+10,1.0628515250e+10,7.3818143988e+09,6.3328867217e+09,5.7978406231e+09,4.6277504040e+09,4.1140389631e+09,3.8394203600e+09,3.6909071994e+09,2.7298048499e+10,9.5795875733e+09,6.3328867217e+09,5.2839590446e+09,4.7489129460e+09,3.5788227269e+09,3.0651112860e+09,2.7904926829e+09,2.6419795223e+09,2.6763002400e+10,9.0445414747e+09,5.7978406231e+09,4.7489129460e+09,4.2138668474e+09,3.0437766283e+09,2.5300651874e+09,2.2554465842e+09,2.1069334237e+09,2.5592912181e+10,7.8744512556e+09,4.6277504040e+09,3.5788227269e+09,3.0437766283e+09,1.8736864092e+09,1.3599749682e+09,1.0853563651e+09,9.3684320458e+08,2.5079200740e+10,7.3607398147e+09,4.1140389631e+09,3.0651112860e+09,2.5300651874e+09,1.3599749682e+09,8.4626352734e+08,5.7164492422e+08,4.2313176367e+08,2.4804582137e+10,7.0861212116e+09,3.8394203600e+09,2.7904926829e+09,2.2554465842e+09,1.0853563651e+09,5.7164492422e+08,2.9702632110e+08,1.4851316055e+08
360,35800,0,7.2478033328e+10,4.5855935402e+10,4.1764382592e+10,4.0331879665e+10,3.9533188208e+10,3.7675799033e+10,3.6852874171e+10,3.6436214317e+10,3.6239016664e+10,4.5855935402e+10,1.9233837476e+10,1.5142284665e+10,1.3709781739e+10,1.2911090282e+10,1.1053701107e+10,1.0230776245e+10,9.8141163912e+09,9.6169187381e+09,4.1764382592e+10,1.5142284665e+10,1.1050731855e+10,9.6182289282e+09,8.8195374712e+09,6.9621482965e+09,6.1392234347e+09,5.7225635806e+09,5.5253659274e+09,4.0331879665e+10,1.3709781739e+10,9.6182289282e+09,8.1857260015e+09,7.3870345445e+09,5.5296453698e+09,4.7067205080e+09,4.2900606539e+09,4.0928630007e+09,3.9533188208e+10,1.2911090282e+10,8.8195374712e+09,7.3870345445e+09,6.5883430876e+09,4.7309539129e+09,3.9080290511e+09,3.4913691970e+09,3.2941715438e+09,3.7675799033e+10,1.1053701107e+10,6.9621482965e+09,5.5296453698e+09,4.7309539129e+09,2.8735647382e+09,2.0506398764e+09,1.6339800223e+09,1.4367823691e+09,3.6852874171e+10,1.0230776245e+10,6.1392234347e+09,4.7067205080e+09,3.9080290511e+09,2.0506398764e+09,1.2277150146e+09,8.1105516047e+08,6.1385750728e+08,3.6436214317e+10,9.8141163912e+09,5.7225635806e+09,4.2900606539e+09,3.4913691970e+09,1.6339800223e+09,8.1105516047e+08,3.9439530638e+08,1.9719765319e+08
361,35800,10,6.6486205256e+10,4.2306939564e+10,3.8394195942e+10,3.7019559321e+10,3.6262300614e+10,3.4536692812e+10,3.3792351948e+10,3.3421623895e+10,3.3243102628e+10,4.2306939564e+10,1.8127673872e+10,1.4214930250e+10,1.2840293629e+10,1.2083034922e+10,1.0357427120e+10,9.6130862563e+09,9.2423582033e+09,9.0638369360e+09,3.8394195942e+10,1.4214930250e+10,1.0302186628e+10,8.9275500068e+09,8.1702912998e+09,6.4446834976e+09,5.7003426341e+09,5.3296145811e+09,5.1510933138e+09,3.7019559321e+10,1.2840293629e+10,8.9275500068e+09,7.5529133859e+09,6.7956546789e+09,5.0700468768e+09,4.3257060132e+09,3.9549779602e+09,3.7764566930e+09,3.6262300614e+10,1.2083034922e+10,8.1702912998e+09,6.7956546789e+09,6.0383959719e+09,4.3127881698e+09,3.5684473062e+09,3.1977192532e+09,3.0191979859e+09,3.4536692812e+10,1.0357427120e+10,6.4446834976e+09,5.0700468768e+09,4.3127881698e+09,2.5871803676e+09,1.8428395041e+09,1.4721114511e+09,1.2935901838e+09,3.3792351948e+10,9.6130862563e+09,5.7003426341e+09,4.3257060132e+09,3.5684473062e+09,1.8428395041e+09,1.0984986406e+09,7.2777058754e+08,5.4924932029e+08,3.3421623895e+10,9.2423582033e+09,5.3296145811e+09,3.9549779602e+09,3.1977192532e+09,1.4721114511e+09,7.2777058754e+08,3.5704253452e+08,1.7852126726e+08
362,35800,20,5.3133801156e+10,3.4330987049e+10,3.0836118623e+10,2.9611581823e+10,2.8960454607e+10,2.7552317890e+10,2.6982737329e+10,2.6708045949e+10,2.6566900578e+10,3.4330987049e+10,1.5528172942e+10,1.2033304516e+10,1.0808767716e+10,1.0157640500e+10,8.7495037833e+09,8.1799232223e+09,7.9052318422e+09,7.7640864712e+09,3.0836118623e+10,1.2033304516e+10,8.5384360901e+09,7.3138992900e+09,6.6627720742e+09,5.2546353572e+09,4.6850547962e+09,4.4103634161e+09,4.2692180451e+09,2.9611581823e+10,1.0808767716e+10,7.3138992900e+09,6.0893624900e+09,5.4382352741e+09,4.0300985571e+09,3.4605179961e+09,3.1858266160e+09,3.0446812450e+09,2.8960454607e+10,1.0157640500e+10,6.6627720742e+09,5.4382352741e+09,4.7871080583e+09,3.3789713413e+09,2.8093907803e+09,2.5346994002e+09,2.3935540291e+09,2.7552317890e+10,8.7495037833e+09,5.2546353572e+09,4.0300985571e+09,3.3789713413e+09,1.9708346243e+09,1.4012540633e+09,1.1265626832e+09,9.8541731216e+08,2.6982737329e+10,8.1799232223e+09,4.6850547962e+09,3.4605179961e+09,2.8093907803e+09,1.4012540633e+09,8.3167350227e+08,5.5698212220e+08,4.1583675114e+08,2.6708045949e+10,7.9052318422e+09,4.4103634161e+09,3.1858266160e+09,2.5346994002e+09,1.1265626832e+09,5.5698212220e+08,2.8229074212e+08,1.4114537106e+08
363,35800,30,4.2991134299e+10,2.8186534494e+10,2.5036973731e+10,2.3954212554e+10,2.3401220548e+10,2.2260971243e+10,2.1822195672e+10,2.1612912934e+10,2.1495567149e+10,2.8186534494e+10,1.3381934688e+10,1.0232373926e+10,9.1496127484e+09,8.5966207423e+09,7.4563714375e+09,7.0175958664e+09,6.8083131286e+09,6.6909673441e+09,2.5036973731e+10,1.0232373926e+10,7.0828131641e+09,6.0000519864e+09,5.4470599803e+09,4.3068106755e+09,3.8680351044e+09,3.6587523665e+09,3.5414065821e+09,2.3954212554e+10,9.1496127484e+09,6.0000519864e+09,4.9172908087e+09,4.3642988026e+09,3.2240494978e+09,2.7852739267e+09,2.5759911888e+09,2.4586454043e+09,2.3401220548e+10,8.5966207423e+09,5.4470599803e+09,4.3642988026e+09,3.8113067965e+09,2.6710574917e+09,2.2322819206e+09,2.0229991828e+09,1.9056533983e+09,2.2260971243e+10,7.4563714375e+09,4.3068106755e+09,3.2240494978e+09,2.6710574917e+09,1.5308081869e+09,1.0920326158e+09,8.8274987794e+08,7.6540409345e+08,2.1822195672e+10,7.0175958664e+09,3.8680351044e+09,2.7852739267e+09,2.2322819206e+09,1.0920326158e+09,6.5325704461e+08,4.4397430680e+08,3.2662852230e+08,2.1612912934e+10,6.8083131286e+09,3.6587523665e+09,2.5759911888e+09,2.0229991828e+09,8.8274987794e+08,4.4397430680e+08,2.3469156899e+08,1.1734578450e+08
364,35800,40,3.7933890857e+10,2.5083738028e+10,2.2119856696e+10,2.1119513699e+10,2.0622685014e+10,1.9626377722e+10,1.9252300024e+10,1.9073516642e+10,1.8966945428e+10,2.5083738028e+10,1.2233585200e+10,9.2697038676e+09,8.2693608702e+09,7.7725321855e+09,6.7762248934e+09,6.4021471952e+09,6.2233638135e+09,6.1167925999e+09,2.2119856696e+10,9.2697038676e+09,6.3058225354e+09,5.3054795380e+09,4.8086508533e+09,3.8123435613e+09,3.4382658631e+09,3.2594824813e+09,3.1529112677e+09,2.1119513699e+10,8.2693608702e+09,5.3054795380e+09,4.3051365406e+09,3.8083078559e+09,2.8120005639e+09,2.4379228657e+09,2.2591394839e+09,2.1525682703e+09,2.0622685014e+10,7.7725321855e+09,4.8086508533e+09,3.8083078559e+09,3.3114791712e+09,2.3151718792e+09,1.9410941810e+09,1.7623107992e+09,1.6557395856e+09,1.9626377722e+10,6.7762248934e+09,3.8123435613e+09,2.8120005639e+09,2.3151718792e+09,1.3188645871e+09,9.4478688893e+08,7.6600350719e+08,6.5943229357e+08,1.9252300024e+10,6.4021471952e+09,3.4382658631e+09,2.4379228657e+09,1.9410941810e+09,9.4478688893e+08,5.7070919073e+08,3.9192580899e+08,2.8535459537e+08,1.9073516642e+10,6.2233638135e+09,3.2594824813e+09,2.2591394839e+09,1.7623107992e+09,7.6600350719e+08,3.9192580899e+08,2.1314242724e+08,1.0657121362e+08
365,35800,50,3.5488861703e+10,2.3576433764e+10,2.0705114260e+10,1.9746152752e+10,1.9277395923e+10,1.8352064738e+10,1.8009567393e+10,1.7845695029e+10,1.7744430851e+10,2.3576433764e+10,1.1664005826e+10,8.7926863215e+09,7.8337248138e+09,7.3649679847e+09,6.4396367999e+09,6.0971394550e+09,5.9332670904e+09,5.8320029130e+09,2.0705114260e+10,8.7926863215e+09,5.9213668170e+09,4.9624053093e+09,4.4936484802e+09,3.5683172954e+09,3.2258199506e+09,3.0619475860e+09,2.9606834085e+09,1.9746152752e+10,7.8337248138e+09,4.9624053093e+09,4.0034438017e+09,3.5346869725e+09,2.6093557878e+09,2.2668584429e+09,2.1029860783e+09,2.0017219008e+09,1.9277395923e+10,7.3649679847e+09,4.4936484802e+09,3.5346869725e+09,3.0659301434e+09,2.1405989586e+09,1.7981016138e+09,1.6342292492e+09,1.5329650717e+09,1.8352064738e+10,6.4396367999e+09,3.5683172954e+09,2.6093557878e+09,2.1405989586e+09,1.2152677739e+09,8.7277042898e+08,7.0889806437e+08,6.0763388693e+08,1.8009567393e+10,6.0971394550e+09,3.2258199506e+09,2.2668584429e+09,1.7981016138e+09,8.7277042898e+08,5.3027308411e+08,3.6640071950e+08,2.6513654206e+08,1.7845695029e+10,5.9332670904e+09,3.0619475860e+09,2.1029860783e+09,1.6342292492e+09,7.0889806437e+08,3.6640071950e+08,2.0252835488e+08,1.0126417744e+08
366,35800,60,3.4134745929e+10,2.2743873409e+10,1.9923016434e+10,1.8986355679e+10,1.8532767062e+10,1.7646198060e+10,1.7321192914e+10,1.7165658103e+10,1.7067372965e+10,2.2743873409e+10,1.1353000889e+10,8.5321439137e+09,7.5954831588e+09,7.1418945420e+09,6.2553255402e+09,5.9303203943e+09,5.7747855829e+09,5.6765004447e+09,1.9923016434e+10,8.5321439137e+09,5.7112869380e+09,4.7746261832e+09,4.3210375663e+09,3.4344685645e+09,3.1094634187e+09,2.9539286073e+09,2.8556434690e+09,1.8986355679e+10,7.5954831588e+09,4.7746261832e+09,3.8379654283e+09,3.3843768115e+09,2.4978078097e+09,2.1728026638e+09,2.0172678524e+09,1.9189827142e+09,1.8532767062e+10,7.1418945420e+09,4.3210375663e+09,3.3843768115e+09,2.9307881946e+09,2.0442191928e+09,1.7192140470e+09,1.5636792356e+09,1.4653940973e+09,1.7646198060e+10,6.2553255402e+09,3.4344685645e+09,2.4978078097e+09,2.0442191928e+09,1.1576501910e+09,8.3264504516e+08,6.7711023374e+08,5.7882509550e+08,1.7321192914e+10,5.9303203943e+09,3.1094634187e+09,2.1728026638e+09,1.7192140470e+09,8.3264504516e+08,5.0763989932e+08,3.5210508790e+08,2.5381994966e+08,1.7165658103e+10,5.7747855829e+09,2.9539286073e+09,2.0172678524e+09,1.5636792356e+09,6.7711023374e+08,3.5210508790e+08,1.9657027648e+08,9.8285138242e+07
367,35800,70,3.3368585970e+10,2.2273337634e+10,1.9480834362e+10,1.8556661760e+10,1.8111577604e+10,1.7246830526e+10,1.6931711996e+10,1.6780894405e+10,1.6684292985e+10,2.2273337634e+10,1.1178089297e+10,8.3855860254e+09,7.4614134236e+09,7.0163292671e+09,6.1515821894e+09,5.8364636593e+09,5.6856460686e+09,5.5890446486e+09,1.9480834362e+10,8.3855860254e+09,5.5930827537e+09,4.6689101519e+09,4.2238259953e+09,3.3590789176e+09,3.0439603875e+09,2.8931427968e+09,2.7965413768e+09,1.8556661760e+10,7.4614134236e+09,4.6689101519e+09,3.7447375501e+09,3.2996533935e+09,2.4349063158e+09,2.1197877857e+09,1.9689701950e+09,1.8723687750e+09,1.8111577604e+10,7.0163292671e+09,4.2238259953e+09,3.2996533935e+09,2.8545692370e+09,1.9898221593e+09,1.6747036292e+09,1.5238860385e+09,1.4272846185e+09,1.7246830526e+10,6.1515821894e+09,3.3590789176e+09,2.4349063158e+09,1.9898221593e+09,1.1250750816e+09,8.0995655145e+08,6.5913896079e+08,5.6253754078e+08,1.6931711996e+10,5.8364636593e+09,3.0439603875e+09,2.1197877857e+09,1.6747036292e+09,8.0995655145e+08,4.9483802135e+08,3.4402043068e+08,2.4741901067e+08,1.6780894405e+10,5.6856460686e+09,2.8931427968e+09,1.9689701950e+09,1.5238860385e+09,6.5913896079e+08,3.4402043068e+08,1.9320284001e+08,9.6601420006e+07
368,35800,80,3.2994978508e+10,2.2043622316e+10,1.9265019090e+10,1.8346999663e+10,1.7906104524e+10,1.7052076905e+10,1.6741793333e+10,1.6593273430e+10,1.6497489254e+10,2.2043622316e+10,1.1092266123e+10,8.3136628973e+09,7.3956434710e+09,6.9547483317e+09,6.1007207123e+09,5.7904371404e+09,5.6419172372e+09,5.5461330617e+09,1.9265019090e+10,8.3136628973e+09,5.5350596713e+09,4.6170402449e+09,4.1761451057e+09,3.3221174863e+09,3.0118339143e+09,2.8633140112e+09,2.7675298356e+09,1.8346999663e+10,7.3956434710e+09,4.6170402449e+09,3.6990208185e+09,3.2581256793e+09,2.4040980599e+09,2.0938144879e+09,1.9452945848e+09,1.8495104093e+09,1.7906104524e+10,6.9547483317e+09,4.1761451057e+09,3.2581256793e+09,2.8172305401e+09,1.9632029206e+09,1.6529193487e+09,1.5043994456e+09,1.4086152700e+09,1.7052076905e+10,6.1007207123e+09,3.3221174863e+09,2.4040980599e+09,1.9632029206e+09,1.1091753012e+09,7.9889172930e+08,6.5037182616e+08,5.5458765062e+08,1.6741793333e+10,5.7904371404e+09,3.0118339143e+09,2.0938144879e+09,1.6529193487e+09,7.9889172930e+08,4.8860815735e+08,3.4008825421e+08,2.4430407868e+08,1.6593273430e+10,5.6419172372e+09,2.8633140112e+09,1.9452945848e+09,1.5043994456e+09,6.5037182616e+08,3.4008825421e+08,1.9156835107e+08,9.5784175534e+07
369,35800,90,3.2939128292e+10,2.2008555552e+10,1.9232270383e+10,1.8315381281e+10,1.7875244453e+10,1.7023025294e+10,1.6713465053e+10,1.6565249858e+10,1.6469564146e+10,2.2008555552e+10,1.1077982811e+10,8.3016976420e+09,7.3848085398e+09,6.9446717119e+09,6.0924525528e+09,5.7828923119e+09,5.6346771170e+09,5.5389914053e+09,1.9232270383e+10,8.3016976420e+09,5.5254124734e+09,4.6085233711e+09,4.1683865432e+09,3.3161673842e+09,3.0066071433e+09,2.8583919484e+09,2.7627062367e+09,1.8315381281e+10,7.3848085398e+09,4.6085233711e+09,3.6916342689e+09,3.2514974410e+09,2.3992782819e+09,2.0897180410e+09,1.9415028461e+09,1.8458171344e+09,1.7875244453e+10,6.9446717119e+09,4.1683865432e+09,3.2514974410e+09,2.8113606131e+09,1.9591414540e+09,1.6495812131e+09,1.5013660182e+09,1.4056803065e+09,1.7023025294e+10,6.0924525528e+09,3.3161673842e+09,2.3992782819e+09,1.9591414540e+09,1.1069222949e+09,7.9736205407e+08,6.4914685915e+08,5.5346114747e+08,1.6713465053e+10,5.7828923119e+09,3.0066071433e+09,2.0897180410e+09,1.6495812131e+09,7.9736205407e+08,4.8780181320e+08,3.3958661828e+08,2.4390090660e+08,1.6565249858e+10,5.6346771170e+09,2.8583919484e+09,1.9415028461e+09,1.5013660182e+09,6.4914685915e+08,3.3958661828e+08,1.9137142335e+08,9.5685711677e+07
370,384399,0,2.4543672931e+10,1.6881198637e+10,1.4400277460e+10,1.3612866170e+10,1.3262271933e+10,1.2644811245e+10,1.2444202054e+10,1.2348759320e+10,1.2271836466e+10,1.6881198637e+10,9.2187243426e+09,6.7378031657e+09,5.9503918756e+09,5.5997976382e+09,4.9823369509e+09,4.7817277601e+09,4.6862850252e+09,4.6093621713e+09,1.4400277460e+10,6.7378031657e+09,4.2568819887e+09,3.4694706986e+09,3.1188764612e+09,2.5014157740e+09,2.3008065831e+09,2.2053638483e+09,2.1284409944e+09,1.3612866170e+10,5.9503918756e+09,3.4694706986e+09,2.6820594085e+09,2.3314651712e+09,1.7140044839e+09,1.5133952931e+09,1.4179525582e+09,1.3410297043e+09,1.3262271933e+10,5.5997976382e+09,3.1188764612e+09,2.3314651712e+09,1.9808709338e+09,1.3634102465e+09,1.1628010557e+09,1.0673583208e+09,9.9043546688e+08,1.2644811245e+10,4.9823369509e+09,2.5014157740e+09,1.7140044839e+09,1.3634102465e+09,7.4594955922e+08,5.4534036840e+08,4.4989763355e+08,3.7297477961e+08,1.2444202054e+10,4.7817277601e+09,2.3008065831e+09,1.5133952931e+09,1.1628010557e+09,5.4534036840e+08,3.4473117757e+08,2.4928844272e+08,1.7236558879e+08,1.2348759320e+10,4.6862850252e+09,2.2053638483e+09,1.4179525582e+09,1.0673583208e+09,4.4989763355e+08,2.4928844272e+08,1.5384570788e+08,7.6922853938e+07
371,384399,10,2.4543672931e+10,1.6881198637e+10,1.4400277460e+10,1.3612866170e+10,1.3262271933e+10,1.2644811245e+10,1.2444202054e+10,1.2348759320e+10,1.2271836466e+10,1.6881198637e+10,9.2187243426e+09,6.7378031657e+09,5.9503918756e+09,5.5997976382e+09,4.9823369509e+09,4.7817277601e+09,4.6862850252e+09,4.6093621713e+09,1.4400277460e+10,6.7378031657e+09,4.2568819887e+09,3.4694706986e+09,3.1188764612e+09,2.5014157740e+09,2.3008065831e+09,2.2053638483e+09,2.1284409944e+09,1.3612866170e+10,5.9503918756e+09,3.4694706986e+09,2.6820594085e+09,2.3314651712e+09,1.7140044839e+09,1.5133952931e+09,1.4179525582e+09,1.3410297043e+09,1.3262271933e+10,5.5997976382e+09,3.1188764612e+09,2.3314651712e+09,1.9808709338e+09,1.3634102465e+09,1.1628010557e+09,1.0673583208e+09,9.9043546688e+08,1.2644811245e+10,4.9823369509e+09,2.5014157740e+09,1.7140044839e+09,1.3634102465e+09,7.4594955922e+08,5.4534036840e+08,4.4989763355e+08,3.7297477961e+08,1.2444202054e+10,4.7817277601e+09,2.3008065831e+09,1.5133952931e+09,1.1628010557e+09,5.4534036840e+08,3.4473117757e+08,2.4928844272e+08,1.7236558879e+08,1.2348759320e+10,4.6862850252e+09,2.2053638483e+09,1.4179525582e+09,1.0673583208e+09,4.4989763355e+08,2.4928844272e+08,1.5384570788e+08,7.6922853938e+07
372,384399,20,2.4543672931e+10,1.6881198637e+10,1.4400277460e+10,1.3612866170e+10,1.3262271933e+10,1.2644811245e+10,1.2444202054e+10,1.2348759320e+10,1.2271836466e+10,1.6881198637e+10,9.2187243426e+09,6.7378031657e+09,5.9503918756e+09,5.5997976382e+09,4.9823369509e+09,4.7817277601e+09,4.6862850252e+09,4.6093621713e+09,1.4400277460e+10,6.7378031657e+09,4.2568819887e+09,3.4694706986e+09,3.1188764612e+09,2.5014157740e+09,2.3008065831e+09,2.2053638483e+09,2.1284409944e+09,1.3612866170e+10,5.9503918756e+09,3.4694706986e+09,2.6820594085e+09,2.3314651712e+09,1.7140044839e+09,1.5133952931e+09,1.4179525582e+09,1.3410297043e+09,1.3262271933e+10,5.5997976382e+09,3.1188764612e+09,2.3314651712e+09,1.9808709338e+09,1.3634102465e+09,1.1628010557e+09,1.0673583208e+09,9.9043546688e+08,1.2644811245e+10,4.9823369509e+09,2.5014157740e+09,1.7140044839e+09,1.3634102465e+09,7.4594955922e+08,5.4534036840e+08,4.4989763355e+08,3.7297477961e+08,1.2444202054e+10,4.7817277601e+09,2.3008065831e+09,1.5133952931e+09,1.1628010557e+09,5.4534036840e+08,3.4473117757e+08,2.4928844272e+08,1.7236558879e+08,1.2348759320e+10,4.6862850252e+09,2.2053638483e+09,1.4179525582e+09,1.0673583208e+09,4.4989763355e+08,2.4928844272e+08,1.5384570788e+08,7.6922853938e+07
373,384399,30,2.4543672931e+10,1.6881198637e+10,1.4400277460e+10,1.3612866170e+10,1.3262271933e+10,1.2644811245e+10,1.2444202054e+10,1.2348759320e+10,1.2271836466e+10,1.6881198637e+10,9.2187243426e+09,6.7378031657e+09,5.9503918756e+09,5.5997976382e+09,4.9823369509e+09,4.7817277601e+09,4.6862850252e+09,4.6093621713e+09,1.4400277460e+10,6.7378031657e+09,4.2568819887e+09,3.4694706986e+09,3.1188764612e+09,2.5014157740e+09,2.3008065831e+09,2.2053638483e+09,2.1284409944e+09,1.3612866170e+10,5.9503918756e+09,3.4694706986e+09,2.6820594085e+09,2.3314651712e+09,1.7140044839e+09,1.5133952931e+09,1.4179525582e+09,1.3410297043e+09,1.3262271933e+10,5.5997976382e+09,3.1188764612e+09,2.3314651712e+09,1.9808709338e+09,1.3634102465e+09,1.1628010557e+09,1.0673583208e+09,9.9043546688e+08,1.2644811245e+10,4.9823369509e+09,2.5014157740e+09,1.7140044839e+09,1.3634102465e+09,7.4594955922e+08,5.4534036840e+08,4.4989763355e+08,3.7297477961e+08,1.2444202054e+10,4.7817277601e+09,2.3008065831e+09,1.5133952931e+09,1.1628010557e+09,5.4534036840e+08,3.4473117757e+08,2.4928844272e+08,1.7236558879e+08,1.2348759320e+10,4.6862850252e+09,2.2053638483e+09,1.4179525582e+09,1.0673583208e+09,4.4989763355e+08,2.4928844272e+08,1.5384570788e+08,7.6922853938e+07
374,384399,40,2.4543672931e+10,1.6881198637e+10,1.4400277460e+10,1.3612866170e+10,1.3262271933e+10,1.2644811245e+10,1.2444202054e+10,1.2348759320e+10,1.2271836466e+10,1.6881198637e+10,9.2187243426e+09,6.7378031657e+09,5.9503918756e+09,5.5997976382e+09,4.9823369509e+09,4.7817277601e+09,4.6862850252e+09,4.6093621713e+09,1.4400277460e+10,6.7378031657e+09,4.2568819887e+09,3.4694706986e+09,3.1188764612e+09,2.5014157740e+09,2.3008065831e+09,2.2053638483e+09,2.1284409944e+09,1.3612866170e+10,5.9503918756e+09,3.4694706986e+09,2.6820594085e+09,2.3314651712e+09,1.7140044839e+09,1.5133952931e+09,1.4179525582e+09,1.3410297043e+09,1.3262271933e+10,5.5997976382e+09,3.1188764612e+09,2.3314651712e+09,1.9808709338e+09,1.3634102465e+09,1.1628010557e+09,1.0673583208e+09,9.9043546688e+08,1.2644811245e+10,4.9823369509e+09,2.5014157740e+09,1.7140044839e+09,1.3634102465e+09,7.4594955922e+08,5.4534036840e+08,4.4989763355e+08,3.7297477961e+08,1.2444202054e+10,4.7817277601e+09,2.3008065831e+09,1.5133952931e+09,1.1628010557e+09,5.4534036840e+08,3.4473117757e+08,2.4928844272e+08,1.7236558879e+08,1.2348759320e+10,4.6862850252e+09,2.2053638483e+09,1.4179525582e+09,1.0673583208e+09,4.4989763355e+08,2.4928844272e+08,1.5384570788e+08,7.6922853938e+07
375,384399,50,2.4543672931e+10,1.6881198637e+10,1.4400277460e+10,1.3612866170e+10,1.3262271933e+10,1.2644811245e+10,1.2444202054e+10,1.2348759320e+10,1.2271836466e+10,1.6881198637e+10,9.2187243426e+09,6.7378031657e+09,5.9503918756e+09,5.5997976382e+09,4.9823369509e+09,4.7817277601e+09,4.6862850252e+09,4.6093621713e+09,1.4400277460e+10,6.7378031657e+09,4.2568819887e+09,3.4694706986e+09,3.1188764612e+09,2.5014157740e+09,2.3008065831e+09,2.2053638483e+09,2.1284409944e+09,1.3612866170e+10,5.9503918756e+09,3.4694706986e+09,2.6820594085e+09,2.3314651712e+09,1.7140044839e+09,1.5133952931e+09,1.4179525582e+09,1.3410297043e+09,1.3262271933e+10,5.5997976382e+09,3.1188764612e+09,2.3314651712e+09,1.9808709338e+09,1.3634102465e+09,1.1628010557e+09,1.0673583208e+09,9.9043546688e+08,1.2644811245e+10,4.9823369509e+09,2.5014157740e+09,1.7140044839e+09,1.3634102465e+09,7.4594955922e+08,5.4534036840e+08,4.4989763355e+08,3.7297477961e+08,1.2444202054e+10,4.7817277601e+09,2.3008065831e+09,1.5133952931e+09,1.1628010557e+09,5.4534036840e+08,3.4473117757e+08,2.4928844272e+08,1.7236558879e+08,1.2348759320e+10,4.6862850252e+09,2.2053638483e+09,1.4179525582e+09,1.0673583208e+09,4.4989763355e+08,2.4928844272e+08,1.5384570788e+08,7.6922853938e+07
376,384399,60,2.4543672931e+10,1.6881198637e+10,1.4400277460e+10,1.3612866170e+10,1.3262271933e+10,1.2644811245e+10,1.2444202054e+10,1.2348759320e+10,1.2271836466e+10,1.6881198637e+10,9.2187243426e+09,6.7378031657e+09,5.9503918756e+09,5.5997976382e+09,4.9823369509e+09,4.7817277601e+09,4.6862850252e+09,4.6093621713e+09,1.4400277460e+10,6.7378031657e+09,4.2568819887e+09,3.4694706986e+09,3.1188764612e+09,2.5014157740e+09,2.3008065831e+09,2.2053638483e+09,2.1284409944e+09,1.3612866170e+10,5.9503918756e+09,3.4694706986e+09,2.6820594085e+09,2.3314651712e+09,1.7140044839e+09,1.5133952931e+09,1.4179525582e+09,1.3410297043e+09,1.3262271933e+10,5.5997976382e+09,3.1188764612e+09,2.3314651712e+09,1.9808709338e+09,1.3634102465e+09,1.1628010557e+09,1.0673583208e+09,9.9043546688e+08,1.2644811245e+10,4.9823369509e+09,2.5014157740e+09,1.7140044839e+09,1.3634102465e+09,7.4594955922e+08,5.4534036840e+08,4.4989763355e+08,3.7297477961e+08,1.2444202054e+10,4.7817277601e+09,2.3008065831e+09,1.5133952931e+09,1.1628010557e+09,5.4534036840e+08,3.4473117757e+08,2.4928844272e+08,1.7236558879e+08,1.2348759320e+10,4.6862850252e+09,2.2053638483e+09,1.4179525582e+09,1.0673583208e+09,4.4989763355e+08,2.4928844272e+08,1.5384570788e+08,7.6922853938e+07
377,384399,70,2.4543672931e+10,1.6881198637e+10,1.4400277460e+10,1.3612866170e+10,1.3262271933e+10,1.2644811245e+10,1.2444202054e+10,1.2348759320e+10,1.2271836466e+10,1.6881198637e+10,9.2187243426e+09,6.7378031657e+09,5.9503918756e+09,5.5997976382e+09,4.9823369509e+09,4.7817277601e+09,4.6862850252e+09,4.6093621713e+09,1.4400277460e+10,6.7378031657e+09,4.2568819887e+09,3.4694706986e+09,3.1188764612e+09,2.5014157740e+09,2.3008065831e+09,2.2053638483e+09,2.1284409944e+09,1.3612866170e+10,5.9503918756e+09,3.4694706986e+09,2.6820594085e+09,2.3314651712e+09,1.7140044839e+09,1.5133952931e+09,1.4179525582e+09,1.3410297043e+09,1.3262271933e+10,5.5997976382e+09,3.1188764612e+09,2.3314651712e+09,1.9808709338e+09,1.3634102465e+09,1.1628010557e+09,1.0673583208e+09,9.9043546688e+08,1.2644811245e+10,4.9823369509e+09,2.5014157740e+09,1.7140044839e+09,1.3634102465e+09,7.4594955922e+08,5.4534036840e+08,4.4989763355e+08,3.7297477961e+08,1.2444202054e+10,4.7817277601e+09,2.3008065831e+09,1.5133952931e+09,1.1628010557e+09,5.4534036840e+08,3.4473117757e+08,2.4928844272e+08,1.7236558879e+08,1.2348759320e+10,4.6862850252e+09,2.2053638483e+09,1.4179525582e+09,1.0673583208e+09,4.4989763355e+08,2.4928844272e+08,1.5384570788e+08,7.6922853938e+07
378,384399,80,2.4543672931e+10,1.6881198637e+10,1.4400277460e+10,1.3612866170e+10,1.3262271933e+10,1.2644811245e+10,1.2444202054e+10,1.2348759320e+10,1.2271836466e+10,1.6881198637e+10,9.2187243426e+09,6.7378031657e+09,5.9503918756e+09,5.5997976382e+09,4.9823369509e+09,4.7817277601e+09,4.6862850252e+09,4.6093621713e+09,1.4400277460e+10,6.7378031657e+09,4.2568819887e+09,3.4694706986e+09,3.1188764612e+09,2.5014157740e+09,2.3008065831e+09,2.2053638483e+09,2.1284409944e+09,1.3612866170e+10,5.9503918756e+09,3.4694706986e+09,2.6820594085e+09,2.3314651712e+09,1.7140044839e+09,1.5133952931e+09,1.4179525582e+09,1.3410297043e+09,1.3262271933e+10,5.5997976382e+09,3.1188764612e+09,2.3314651712e+09,1.9808709338e+09,1.3634102465e+09,1.1628010557e+09,1.0673583208e+09,9.9043546688e+08,1.2644811245e+10,4.9823369509e+09,2.5014157740e+09,1.7140044839e+09,1.3634102465e+09,7.4594955922e+08,5.4534036840e+08,4.4989763355e+08,3.7297477961e+08,1.2444202054e+10,4.7817277601e+09,2.3008065831e+09,1.5133952931e+09,1.1628010557e+09,5.4534036840e+08,3.4473117757e+08,2.4928844272e+08,1.7236558879e+08,1.2348759320e+10,4.6862850252e+09,2.2053638483e+09,1.4179525582e+09,1.0673583208e+09,4.4989763355e+08,2.4928844272e+08,1.5384570788e+08,7.6922853938e+07
379,384399,90,2.4543672931e+10,1.6881198637e+10,1.4400277460e+10,1.3612866170e+10,1.3262271933e+10,1.2644811245e+10,1.2444202054e+10,1.2348759320e+10,1.2271836466e+10,1.6881198637e+10,9.2187243426e+09,6.7378031657e+09,5.9503918756e+09,5.5997976382e+09,4.9823369509e+09,4.7817277601e+09,4.6862850252e+09,4.6093621713e+09,1.4400277460e+10,6.7378031657e+09,4.2568819887e+09,3.4694706986e+09,3.1188764612e+09,2.5014157740e+09,2.3008065831e+09,2.2053638483e+09,2.1284409944e+09,1.3612866170e+10,5.9503918756e+09,3.4694706986e+09,2.6820594085e+09,2.3314651712e+09,1.7140044839e+09,1.5133952931e+09,1.4179525582e+09,1.3410297043e+09,1.3262271933e+10,5.5997976382e+09,3.1188764612e+09,2.3314651712e+09,1.9808709338e+09,1.3634102465e+09,1.1628010557e+09,1.0673583208e+09,9.9043546688e+08,1.2644811245e+10,4.9823369509e+09,2.5014157740e+09,1.7140044839e+09,1.3634102465e+09,7.4594955922e+08,5.4534036840e+08,4.4989763355e+08,3.7297477961e+08,1.2444202054e+10,4.7817277601e+09,2.3008065831e+09,1.5133952931e+09,1.1628010557e+09,5.4534036840e+08,3.4473117757e+08,2.4928844272e+08,1.7236558879e+08,1.2348759320e+10,4.6862850252e+09,2.2053638483e+09,1.4179525582e+09,1.0673583208e+09,4.4989763355e+08,2.4928844272e+08,1.5384570788e+08,7.6922853938e+07
