,Altitude_km,Inclination_deg,F20_B20_umGlass_DDD_MeV_g,F20_B50_umGlass_DDD_MeV_g,F20_B100_umGlass_DDD_MeV_g,F20_B150_umGlass_DDD_MeV_g,F20_B200_umGlass_DDD_MeV_g,F20_B500_umGlass_DDD_MeV_g,F20_B1000_umGlass_DDD_MeV_g,F20_B2000_umGlass_DDD_MeV_g,F20_Binf_umGlass_DDD_MeV_g,F50_B20_umGlass_DDD_MeV_g,F50_B50_umGlass_DDD_MeV_g,F50_B100_umGlass_DDD_MeV_g,F50_B150_umGlass_DDD_MeV_g,F50_B200_umGlass_DDD_MeV_g,F50_B500_umGlass_DDD_MeV_g,F50_B1000_umGlass_DDD_MeV_g,F50_B2000_umGlass_DDD_MeV_g,F50_Binf_umGlass_DDD_MeV_g,F100_B20_umGlass_DDD_MeV_g,F100_B50_umGlass_DDD_MeV_g,F100_B100_umGlass_DDD_MeV_g,F100_B150_umGlass_DDD_MeV_g,F100_B200_umGlass_DDD_MeV_g,F100_B500_umGlass_DDD_MeV_g,F100_B1000_umGlass_DDD_MeV_g,F100_B2000_umGlass_DDD_MeV_g,F100_Binf_umGlass_DDD_MeV_g,F150_B20_umGlass_DDD_MeV_g,F150_B50_umGlass_DDD_MeV_g,F150_B100_umGlass_DDD_MeV_g,F150_B150_umGlass_DDD_MeV_g,F150_B200_umGlass_DDD_MeV_g,F150_B500_umGlass_DDD_MeV_g,F150_B1000_umGlass_DDD_MeV_g,F150_B2000_umGlass_DDD_MeV_g,F150_Binf_umGlass_DDD_MeV_g,F200_B20_umGlass_DDD_MeV_g,F200_B50_umGlass_DDD_MeV_g,F200_B100_umGlass_DDD_MeV_g,F200_B150_umGlass_DDD_MeV_g,F200_B200_umGlass_DDD_MeV_g,F200_B500_umGlass_DDD_MeV_g,F200_B1000_umGlass_DDD_MeV_g,F200_B2000_umGlass_DDD_MeV_g,F200_Binf_umGlass_DDD_MeV_g,F500_B20_umGlass_DDD_MeV_g,F500_B50_umGlass_DDD_MeV_g,F500_B100_umGlass_DDD_MeV_g,F500_B150_umGlass_DDD_MeV_g,F500_B200_umGlass_DDD_MeV_g,F500_B500_umGlass_DDD_MeV_g,F500_B1000_umGlass_DDD_MeV_g,F500_B2000_umGlass_DDD_MeV_g,F500_Binf_umGlass_DDD_MeV_g,F1000_B20_umGlass_DDD_MeV_g,F1000_B50_umGlass_DDD_MeV_g,F1000_B100_umGlass_DDD_MeV_g,F1000_B150_umGlass_DDD_MeV_g,F1000_B200_umGlass_DDD_MeV_g,F1000_B500_umGlass_DDD_MeV_g,F1000_B1000_umGlass_DDD_MeV_g,F1000_B2000_umGlass_DDD_MeV_g,F1000_Binf_umGlass_DDD_MeV_g,F2000_B20_umGlass_DDD_MeV_g,F2000_B50_umGlass_DDD_MeV_g,F2000_B100_umGlass_DDD_MeV_g,F2000_B150_umGlass_DDD_MeV_g,F2000_B200_umGlass_DDD_MeV_g,F2000_B500_umGlass_DDD_MeV_g,F2000_B1000_umGlass_DDD_MeV_g,F2000_B2000_umGlass_DDD_MeV_g,F2000_Binf_umGlass_DDD_MeV_g
0,200,0,1.2949364059e+02,1.1352677348e+02,9.7574664994e+01,8.7808663279e+01,8.1369903202e+01,6.7843843601e+01,6.4960022809e+01,6.4750125747e+01,6.4746820293e+01,1.1352677348e+02,9.7559906368e+01,8.1607797886e+01,7.1841796171e+01,6.5403036094e+01,5.1876976493e+01,4.8993155701e+01,4.8783258638e+01,4.8779953184e+01,9.7574664994e+01,8.1607797886e+01,6.5655689403e+01,5.5889687688e+01,4.9450927611e+01,3.5924868010e+01,3.3041047218e+01,3.2831150156e+01,3.2827844702e+01,8.7808663279e+01,7.1841796171e+01,5.5889687688e+01,4.6123685973e+01,3.9684925896e+01,2.6158866295e+01,2.3275045503e+01,2.3065148441e+01,2.3061842987e+01,8.1369903202e+01,6.5403036094e+01,4.9450927611e+01,3.9684925896e+01,3.3246165819e+01,1.9720106218e+01,1.6836285427e+01,1.6626388364e+01,1.6623082910e+01,6.7843843601e+01,5.1876976493e+01,3.5924868010e+01,2.6158866295e+01,1.9720106218e+01,6.1940466170e+00,3.3102258253e+00,3.1003287625e+00,3.0970233085e+00,6.4960022809e+01,4.8993155701e+01,3.3041047218e+01,2.3275045503e+01,1.6836285427e+01,3.3102258253e+00,4.2640503356e-01,2.1650797076e-01,2.1320251678e-01,6.4750125747e+01,4.8783258638e+01,3.2831150156e+01,2.3065148441e+01,1.6626388364e+01,3.1003287625e+00,2.1650797076e-01,6.6109079612e-03,3.3054539806e-03
1,200,10,7.7479685166e+05,5.3226281703e+05,4.4037617522e+05,4.1557294795e+05,4.0521240782e+05,3.9470369587e+05,3.9296680761e+05,3.9204656589e+05,3.8739842583e+05,5.3226281703e+05,2.8972878239e+05,1.9784214058e+05,1.7303891332e+05,1.6267837318e+05,1.5216966123e+05,1.5043277298e+05,1.4951253126e+05,1.4486439120e+05,4.4037617522e+05,1.9784214058e+05,1.0595549877e+05,8.1152271507e+04,7.0791731370e+04,6.0283019422e+04,5.8546131164e+04,5.7625889447e+04,5.2977749385e+04,4.1557294795e+05,1.7303891332e+05,8.1152271507e+04,5.6349044245e+04,4.5988504107e+04,3.5479792159e+04,3.3742903902e+04,3.2822662184e+04,2.8174522122e+04,4.0521240782e+05,1.6267837318e+05,7.0791731370e+04,4.5988504107e+04,3.5627963970e+04,2.5119252022e+04,2.3382363764e+04,2.2462122047e+04,1.7813981985e+04,3.9470369587e+05,1.5216966123e+05,6.0283019422e+04,3.5479792159e+04,2.5119252022e+04,1.4610540074e+04,1.2873651816e+04,1.1953410098e+04,7.3052700369e+03,3.9296680761e+05,1.5043277298e+05,5.8546131164e+04,3.3742903902e+04,2.3382363764e+04,1.2873651816e+04,1.1136763559e+04,1.0216521841e+04,5.5683817794e+03,3.9204656589e+05,1.4951253126e+05,5.7625889447e+04,3.2822662184e+04,2.2462122047e+04,1.1953410098e+04,1.0216521841e+04,9.2962801231e+03,4.6481400616e+03
2,200,20,7.0751852850e+06,4.9251993104e+06,4.0829737956e+06,3.8437021290e+06,3.7401946639e+06,3.6244039405e+06,3.6021489571e+06,3.5902372213e+06,3.5375926425e+06,4.9251993104e+06,2.7752133358e+06,1.9329878209e+06,1.6937161544e+06,1.5902086893e+06,1.4744179659e+06,1.4521629825e+06,1.4402512467e+06,1.3876066679e+06,4.0829737956e+06,1.9329878209e+06,1.0907623061e+06,8.5149063957e+05,7.4798317445e+05,6.3219245104e+05,6.0993746764e+05,5.9802573187e+05,5.4538115304e+05,3.8437021290e+06,1.6937161544e+06,8.5149063957e+05,6.1221897306e+05,5.0871150794e+05,3.9292078453e+05,3.7066580113e+05,3.5875406536e+05,3.0610948653e+05,3.7401946639e+06,1.5902086893e+06,7.4798317445e+05,5.0871150794e+05,4.0520404282e+05,2.8941331941e+05,2.6715833601e+05,2.5524660024e+05,2.0260202141e+05,3.6244039405e+06,1.4744179659e+06,6.3219245104e+05,3.9292078453e+05,2.8941331941e+05,1.7362259599e+05,1.5136761259e+05,1.3945587682e+05,8.6811297996e+04,3.6021489571e+06,1.4521629825e+06,6.0993746764e+05,3.7066580113e+05,2.6715833601e+05,1.5136761259e+05,1.2911262919e+05,1.1720089342e+05,6.4556314594e+04,3.5902372213e+06,1.4402512467e+06,5.9802573187e+05,3.5875406536e+05,2.5524660024e+05,1.3945587682e+05,1.1720089342e+05,1.0528915765e+05,5.2644578826e+04
3,200,30,1.7206862752e+07,1.2242322116e+07,1.0156282871e+07,9.5073609919e+06,9.2126543453e+06,8.8481226725e+06,8.7715053055e+06,8.7307474308e+06,8.6034313758e+06,1.2242322116e+07,7.2777814809e+06,5.1917422353e+06,4.5428203565e+06,4.2481137099e+06,3.8835820371e+06,3.8069646701e+06,3.7662067954e+06,3.6388907404e+06,1.0156282871e+07,5.1917422353e+06,3.1057029897e+06,2.4567811109e+06,2.1620744644e+06,1.7975427915e+06,1.7209254245e+06,1.6801675498e+06,1.5528514949e+06,9.5073609919e+06,4.5428203565e+06,2.4567811109e+06,1.8078592321e+06,1.5131525855e+06,1.1486209127e+06,1.0720035457e+06,1.0312456710e+06,9.0392961603e+05,9.2126543453e+06,4.2481137099e+06,2.1620744644e+06,1.5131525855e+06,1.2184459390e+06,8.5391426613e+05,7.7729689913e+05,7.3653902446e+05,6.0922296950e+05,8.8481226725e+06,3.8835820371e+06,1.7975427915e+06,1.1486209127e+06,8.5391426613e+05,4.8938259326e+05,4.1276522625e+05,3.7200735158e+05,2.4469129663e+05,8.7715053055e+06,3.8069646701e+06,1.7209254245e+06,1.0720035457e+06,7.7729689913e+05,4.1276522625e+05,3.3614785925e+05,2.9538998458e+05,1.6807392963e+05,8.7307474308e+06,3.7662067954e+06,1.6801675498e+06,1.0312456710e+06,7.3653902446e+05,3.7200735158e+05,2.9538998458e+05,2.5463210990e+05,1.2731605495e+05
4,200,40,4.8253374838e+07,3.4537047353e+07,2.8597538775e+07,2.6679369143e+07,2.5791451735e+07,2.4665146997e+07,2.4439237891e+07,2.4331352084e+07,2.4126687419e+07,3.4537047353e+07,2.0820719869e+07,1.4881211290e+07,1.2963041658e+07,1.2075124250e+07,1.0948819512e+07,1.0722910406e+07,1.0615024599e+07,1.0410359934e+07,2.8597538775e+07,1.4881211290e+07,8.9417027122e+06,7.0235330801e+06,6.1356156723e+06,5.0093109338e+06,4.7834018279e+06,4.6755160206e+06,4.4708513561e+06,2.6679369143e+07,1.2963041658e+07,7.0235330801e+06,5.1053634479e+06,4.2174460402e+06,3.0911413016e+06,2.8652321957e+06,2.7573463884e+06,2.5526817239e+06,2.5791451735e+07,1.2075124250e+07,6.1356156723e+06,4.2174460402e+06,3.3295286324e+06,2.2032238938e+06,1.9773147880e+06,1.8694289807e+06,1.6647643162e+06,2.4665146997e+07,1.0948819512e+07,5.0093109338e+06,3.0911413016e+06,2.2032238938e+06,1.0769191553e+06,8.5101004939e+05,7.4312424210e+05,5.3845957764e+05,2.4439237891e+07,1.0722910406e+07,4.7834018279e+06,2.8652321957e+06,1.9773147880e+06,8.5101004939e+05,6.2510094350e+05,5.1721513621e+05,3.1255047175e+05,2.4331352084e+07,1.0615024599e+07,4.6755160206e+06,2.7573463884e+06,1.8694289807e+06,7.4312424210e+05,5.1721513621e+05,4.0932932892e+05,2.0466466446e+05
5,200,50,4.2174507909e+07,3.1454612995e+07,2.6613309996e+07,2.4868095824e+07,2.3945329212e+07,2.2254546912e+07,2.1631005982e+07,2.1312282225e+07,2.1087253954e+07,3.1454612995e+07,2.0734718081e+07,1.5893415082e+07,1.4148200910e+07,1.3225434298e+07,1.1534651998e+07,1.0911111068e+07,1.0592387311e+07,1.0367359040e+07,2.6613309996e+07,1.5893415082e+07,1.1052112082e+07,9.3068979111e+06,8.3841312985e+06,6.6933489989e+06,6.0698080692e+06,5.7510843115e+06,5.5260560412e+06,2.4868095824e+07,1.4148200910e+07,9.3068979111e+06,7.5616837397e+06,6.6389171271e+06,4.9481348275e+06,4.3245938978e+06,4.0058701401e+06,3.7808418699e+06,2.3945329212e+07,1.3225434298e+07,8.3841312985e+06,6.6389171271e+06,5.7161505146e+06,4.0253682150e+06,3.4018272853e+06,3.0831035276e+06,2.8580752573e+06,2.2254546912e+07,1.1534651998e+07,6.6933489989e+06,4.9481348275e+06,4.0253682150e+06,2.3345859154e+06,1.7110449857e+06,1.3923212280e+06,1.1672929577e+06,2.1631005982e+07,1.0911111068e+07,6.0698080692e+06,4.3245938978e+06,3.4018272853e+06,1.7110449857e+06,1.0875040559e+06,7.6878029824e+05,5.4375202797e+05,2.1312282225e+07,1.0592387311e+07,5.7510843115e+06,4.0058701401e+06,3.0831035276e+06,1.3923212280e+06,7.6878029824e+05,4.5005654053e+05,2.2502827027e+05
6,200,60,1.3275711147e+08,1.0104024286e+08,8.8393236933e+07,8.3466637398e+07,8.0680980016e+07,7.3813155512e+07,7.0326017592e+07,6.8276259224e+07,6.6378555735e+07,1.0104024286e+08,6.9323374246e+07,5.6676368321e+07,5.1749768786e+07,4.8964111404e+07,4.2096286900e+07,3.8609148980e+07,3.6559390612e+07,3.4661687123e+07,8.8393236933e+07,5.6676368321e+07,4.4029362397e+07,3.9102762861e+07,3.6317105480e+07,2.9449280975e+07,2.5962143055e+07,2.3912384687e+07,2.2014681198e+07,8.3466637398e+07,5.1749768786e+07,3.9102762861e+07,3.4176163326e+07,3.1390505945e+07,2.4522681440e+07,2.1035543520e+07,1.8985785152e+07,1.7088081663e+07,8.0680980016e+07,4.8964111404e+07,3.6317105480e+07,3.1390505945e+07,2.8604848563e+07,2.1737024058e+07,1.8249886138e+07,1.6200127770e+07,1.4302424281e+07,7.3813155512e+07,4.2096286900e+07,2.9449280975e+07,2.4522681440e+07,2.1737024058e+07,1.4869199553e+07,1.1382061633e+07,9.3323032655e+06,7.4345997765e+06,7.0326017592e+07,3.8609148980e+07,2.5962143055e+07,2.1035543520e+07,1.8249886138e+07,1.1382061633e+07,7.8949237137e+06,5.8451653459e+06,3.9474618569e+06,6.8276259224e+07,3.6559390612e+07,2.3912384687e+07,1.8985785152e+07,1.6200127770e+07,9.3323032655e+06,5.8451653459e+06,3.7954069780e+06,1.8977034890e+06
7,200,70,2.2180236407e+09,1.5627852577e+09,1.3362863589e+09,1.2599850470e+09,1.2239219970e+09,1.1562774344e+09,1.1318564256e+09,1.1195757658e+09,1.1090118204e+09,1.5627852577e+09,9.0754687470e+08,6.8104797591e+08,6.0474666401e+08,5.6868361395e+08,5.0103905137e+08,4.7661804262e+08,4.6433738276e+08,4.5377343735e+08,1.3362863589e+09,6.8104797591e+08,4.5454907712e+08,3.7824776522e+08,3.4218471516e+08,2.7454015258e+08,2.5011914383e+08,2.3783848397e+08,2.2727453856e+08,1.2599850470e+09,6.0474666401e+08,3.7824776522e+08,3.0194645333e+08,2.6588340326e+08,1.9823884069e+08,1.7381783194e+08,1.6153717208e+08,1.5097322666e+08,1.2239219970e+09,5.6868361395e+08,3.4218471516e+08,2.6588340326e+08,2.2982035320e+08,1.6217579062e+08,1.3775478187e+08,1.2547412201e+08,1.1491017660e+08,1.1562774344e+09,5.0103905137e+08,2.7454015258e+08,1.9823884069e+08,1.6217579062e+08,9.4531228046e+07,7.0110219296e+07,5.7829559436e+07,4.7265614023e+07,1.1318564256e+09,4.7661804262e+08,2.5011914383e+08,1.7381783194e+08,1.3775478187e+08,7.0110219296e+07,4.5689210546e+07,3.3408550686e+07,2.2844605273e+07,1.1195757658e+09,4.6433738276e+08,2.3783848397e+08,1.6153717208e+08,1.2547412201e+08,5.7829559436e+07,3.3408550686e+07,2.1127890826e+07,1.0563945413e+07
8,200,80,2.9546045841e+09,2.0775757421e+09,1.7754015125e+09,1.6740620249e+09,1.6264422324e+09,1.5380628412e+09,1.5066668972e+09,1.4909470158e+09,1.4773022921e+09,2.0775757421e+09,1.2005469000e+09,8.9837267043e+08,7.9703318283e+08,7.4941339034e+08,6.6103399908e+08,6.2963805517e+08,6.1391817377e+08,6.0027344999e+08,1.7754015125e+09,8.9837267043e+08,5.9619844086e+08,4.9485895326e+08,4.4723916078e+08,3.5885976952e+08,3.2746382561e+08,3.1174394421e+08,2.9809922043e+08,1.6740620249e+09,7.9703318283e+08,4.9485895326e+08,3.9351946566e+08,3.4589967318e+08,2.5752028192e+08,2.2612433801e+08,2.1040445660e+08,1.9675973283e+08,1.6264422324e+09,7.4941339034e+08,4.4723916078e+08,3.4589967318e+08,2.9827988069e+08,2.0990048943e+08,1.7850454552e+08,1.6278466412e+08,1.4913994035e+08,1.5380628412e+09,6.6103399908e+08,3.5885976952e+08,2.5752028192e+08,2.0990048943e+08,1.2152109817e+08,9.0125154263e+07,7.4405272858e+07,6.0760549085e+07,1.5066668972e+09,6.2963805517e+08,3.2746382561e+08,2.2612433801e+08,1.7850454552e+08,9.0125154263e+07,5.8729210356e+07,4.3009328951e+07,2.9364605178e+07,1.4909470158e+09,6.1391817377e+08,3.1174394421e+08,2.1040445660e+08,1.6278466412e+08,7.4405272858e+07,4.3009328951e+07,2.7289447546e+07,1.3644723773e+07
9,200,90,3.1669288474e+09,2.2260060046e+09,1.9020325422e+09,1.7934746825e+09,1.7425195889e+09,1.6481399299e+09,1.6147148025e+09,1.5979902547e+09,1.5834644237e+09,2.2260060046e+09,1.2850831618e+09,9.6110969940e+08,8.5255183971e+08,8.0159674613e+08,7.0721708713e+08,6.7379195969e+08,6.5706741188e+08,6.4254158090e+08,1.9020325422e+09,9.6110969940e+08,6.3713623700e+08,5.2857837731e+08,4.7762328373e+08,3.8324362474e+08,3.4981849729e+08,3.3309394948e+08,3.1856811850e+08,1.7934746825e+09,8.5255183971e+08,5.2857837731e+08,4.2002051762e+08,3.6906542404e+08,2.7468576504e+08,2.4126063760e+08,2.2453608979e+08,2.1001025881e+08,1.7425195889e+09,8.0159674613e+08,4.7762328373e+08,3.6906542404e+08,3.1811033045e+08,2.2373067146e+08,1.9030554401e+08,1.7358099620e+08,1.5905516522e+08,1.6481399299e+09,7.0721708713e+08,3.8324362474e+08,2.7468576504e+08,2.2373067146e+08,1.2935101247e+08,9.5925885022e+07,7.9201337208e+07,6.4675506233e+07,1.6147148025e+09,6.7379195969e+08,3.4981849729e+08,2.4126063760e+08,1.9030554401e+08,9.5925885022e+07,6.2500757579e+07,4.5776209765e+07,3.1250378789e+07,1.5979902547e+09,6.5706741188e+08,3.3309394948e+08,2.2453608979e+08,1.7358099620e+08,7.9201337208e+07,4.5776209765e+07,2.9051661951e+07,1.4525830976e+07
10,300,0,2.1726287337e+05,1.4861851364e+05,1.2283138398e+05,1.1596052415e+05,1.1311569848e+05,1.1034407522e+05,1.1000870462e+05,1.0981009967e+05,1.0863143668e+05,1.4861851364e+05,7.9974153917e+04,5.4187024258e+04,4.7316164424e+04,4.4471338756e+04,4.1699715497e+04,4.1364344894e+04,4.1165739946e+04,3.9987076959e+04,1.2283138398e+05,5.4187024258e+04,2.8399894598e+04,2.1529034764e+04,1.8684209097e+04,1.5912585838e+04,1.5577215235e+04,1.5378610287e+04,1.4199947299e+04,1.1596052415e+05,4.7316164424e+04,2.1529034764e+04,1.4658174930e+04,1.1813349263e+04,9.0417260041e+03,8.7063554011e+03,8.5077504529e+03,7.3290874652e+03,1.1311569848e+05,4.4471338756e+04,1.8684209097e+04,1.1813349263e+04,8.9685235951e+03,6.1969003365e+03,5.8615297335e+03,5.6629247853e+03,4.4842617975e+03,1.1034407522e+05,4.1699715497e+04,1.5912585838e+04,9.0417260041e+03,6.1969003365e+03,3.4252770778e+03,3.0899064749e+03,2.8913015267e+03,1.7126385389e+03,1.1000870462e+05,4.1364344894e+04,1.5577215235e+04,8.7063554011e+03,5.8615297335e+03,3.0899064749e+03,2.7545358719e+03,2.5559309237e+03,1.3772679359e+03,1.0981009967e+05,4.1165739946e+04,1.5378610287e+04,8.5077504529e+03,5.6629247853e+03,2.8913015267e+03,2.5559309237e+03,2.3573259755e+03,1.1786629878e+03
11,300,10,5.5856796426e+06,3.8819407807e+06,3.2205194878e+06,3.0342189432e+06,2.9536178787e+06,2.8624355951e+06,2.8443593459e+06,2.8347637217e+06,2.7928398213e+06,3.8819407807e+06,2.1782019188e+06,1.5167806259e+06,1.3304800813e+06,1.2498790168e+06,1.1586967332e+06,1.1406204840e+06,1.1310248598e+06,1.0891009594e+06,3.2205194878e+06,1.5167806259e+06,8.5535933306e+05,6.6905878845e+05,5.8845772399e+05,4.9727544038e+05,4.7919919112e+05,4.6960356691e+05,4.2767966653e+05,3.0342189432e+06,1.3304800813e+06,6.6905878845e+05,4.8275824383e+05,4.0215717938e+05,3.1097489576e+05,2.9289864651e+05,2.8330302230e+05,2.4137912192e+05,2.9536178787e+06,1.2498790168e+06,5.8845772399e+05,4.0215717938e+05,3.2155611492e+05,2.3037383131e+05,2.1229758205e+05,2.0270195784e+05,1.6077805746e+05,2.8624355951e+06,1.1586967332e+06,4.9727544038e+05,3.1097489576e+05,2.3037383131e+05,1.3919154769e+05,1.2111529844e+05,1.1151967423e+05,6.9595773846e+04,2.8443593459e+06,1.1406204840e+06,4.7919919112e+05,2.9289864651e+05,2.1229758205e+05,1.2111529844e+05,1.0303904918e+05,9.3443424974e+04,5.1519524590e+04,2.8347637217e+06,1.1310248598e+06,4.6960356691e+05,2.8330302230e+05,2.0270195784e+05,1.1151967423e+05,9.3443424974e+04,8.3847800768e+04,4.1923900384e+04
12,300,20,3.0496702154e+07,2.1561066983e+07,1.7961876802e+07,1.6887406882e+07,1.6401861920e+07,1.5780230757e+07,1.5631945392e+07,1.5551131405e+07,1.5248351077e+07,2.1561066983e+07,1.2625431811e+07,9.0262416303e+06,7.9517717109e+06,7.4662267491e+06,6.8445955858e+06,6.6963102208e+06,6.6154962335e+06,6.3127159057e+06,1.7961876802e+07,9.0262416303e+06,5.4270514494e+06,4.3525815299e+06,3.8670365681e+06,3.2454054049e+06,3.0971200398e+06,3.0163060525e+06,2.7135257247e+06,1.6887406882e+07,7.9517717109e+06,4.3525815299e+06,3.2781116105e+06,2.7925666486e+06,2.1709354854e+06,2.0226501204e+06,1.9418361331e+06,1.6390558052e+06,1.6401861920e+07,7.4662267491e+06,3.8670365681e+06,2.7925666486e+06,2.3070216868e+06,1.6853905236e+06,1.5371051586e+06,1.4562911713e+06,1.1535108434e+06,1.5780230757e+07,6.8445955858e+06,3.2454054049e+06,2.1709354854e+06,1.6853905236e+06,1.0637593603e+06,9.1547399533e+05,8.3466000803e+05,5.3187968017e+05,1.5631945392e+07,6.6963102208e+06,3.0971200398e+06,2.0226501204e+06,1.5371051586e+06,9.1547399533e+05,7.6718863032e+05,6.8637464302e+05,3.8359431516e+05,1.5551131405e+07,6.6154962335e+06,3.0163060525e+06,1.9418361331e+06,1.4562911713e+06,8.3466000803e+05,6.8637464302e+05,6.0556065572e+05,3.0278032786e+05
13,300,30,7.8039497012e+07,5.6432471737e+07,4.7053046975e+07,4.3983338094e+07,4.2531553398e+07,4.0532700177e+07,4.0047213133e+07,3.9785367781e+07,3.9019748506e+07,5.6432471737e+07,3.4825446462e+07,2.5446021700e+07,2.2376312820e+07,2.0924528123e+07,1.8925674902e+07,1.8440187858e+07,1.8178342506e+07,1.7412723231e+07,4.7053046975e+07,2.5446021700e+07,1.6066596938e+07,1.2996888058e+07,1.1545103361e+07,9.5462501398e+06,9.0607630960e+06,8.7989177443e+06,8.0332984690e+06,4.3983338094e+07,2.2376312820e+07,1.2996888058e+07,9.9271791771e+06,8.4753944804e+06,6.4765412593e+06,5.9910542156e+06,5.7292088639e+06,4.9635895886e+06,4.2531553398e+07,2.0924528123e+07,1.1545103361e+07,8.4753944804e+06,7.0236097836e+06,5.0247565626e+06,4.5392695189e+06,4.2774241671e+06,3.5118048918e+06,4.0532700177e+07,1.8925674902e+07,9.5462501398e+06,6.4765412593e+06,5.0247565626e+06,3.0259033416e+06,2.5404162978e+06,2.2785709461e+06,1.5129516708e+06,4.0047213133e+07,1.8440187858e+07,9.0607630960e+06,5.9910542156e+06,4.5392695189e+06,2.5404162978e+06,2.0549292541e+06,1.7930839024e+06,1.0274646271e+06,3.9785367781e+07,1.8178342506e+07,8.7989177443e+06,5.7292088639e+06,4.2774241671e+06,2.2785709461e+06,1.7930839024e+06,1.5312385506e+06,7.6561927531e+05
14,300,40,1.7527298999e+08,1.2695979122e+08,1.0553658318e+08,9.8355984971e+07,9.4931429837e+07,9.0247691108e+07,8.9202867257e+07,8.8685721532e+07,8.7636494995e+07,1.2695979122e+08,7.8646592458e+07,5.7223384413e+07,5.0042786205e+07,4.6618231071e+07,4.1934492343e+07,4.0889668491e+07,4.0372522766e+07,3.9323296229e+07,1.0553658318e+08,5.7223384413e+07,3.5800176368e+07,2.8619578160e+07,2.5195023026e+07,2.0511284298e+07,1.9466460446e+07,1.8949314721e+07,1.7900088184e+07,9.8355984971e+07,5.0042786205e+07,2.8619578160e+07,2.1438979952e+07,1.8014424818e+07,1.3330686090e+07,1.2285862238e+07,1.1768716513e+07,1.0719489976e+07,9.4931429837e+07,4.6618231071e+07,2.5195023026e+07,1.8014424818e+07,1.4589869685e+07,9.9061309562e+06,8.8613071043e+06,8.3441613798e+06,7.2949348424e+06,9.0247691108e+07,4.1934492343e+07,2.0511284298e+07,1.3330686090e+07,9.9061309562e+06,5.2223922276e+06,4.1775683757e+06,3.6604226512e+06,2.6111961138e+06,8.9202867257e+07,4.0889668491e+07,1.9466460446e+07,1.2285862238e+07,8.8613071043e+06,4.1775683757e+06,3.1327445238e+06,2.6155987993e+06,1.5663722619e+06,8.8685721532e+07,4.0372522766e+07,1.8949314721e+07,1.1768716513e+07,8.3441613798e+06,3.6604226512e+06,2.6155987993e+06,2.0984530747e+06,1.0492265374e+06
15,300,50,1.4818042378e+08,1.0832109192e+08,9.0985110447e+07,8.5074926392e+07,8.2102464096e+07,7.7248137164e+07,7.5704094547e+07,7.4927133980e+07,7.4090211891e+07,1.0832109192e+08,6.8461760053e+07,5.1125778582e+07,4.5215594527e+07,4.2243132231e+07,3.7388805299e+07,3.5844762683e+07,3.5067802115e+07,3.4230880027e+07,9.0985110447e+07,5.1125778582e+07,3.3789797111e+07,2.7879613056e+07,2.4907150760e+07,2.0052823828e+07,1.8508781212e+07,1.7731820644e+07,1.6894898556e+07,8.5074926392e+07,4.5215594527e+07,2.7879613056e+07,2.1969429001e+07,1.8996966705e+07,1.4142639773e+07,1.2598597156e+07,1.1821636589e+07,1.0984714500e+07,8.2102464096e+07,4.2243132231e+07,2.4907150760e+07,1.8996966705e+07,1.6024504409e+07,1.1170177477e+07,9.6261348604e+06,8.8491742928e+06,8.0122522045e+06,7.7248137164e+07,3.7388805299e+07,2.0052823828e+07,1.4142639773e+07,1.1170177477e+07,6.3158505448e+06,4.7718079283e+06,3.9948473608e+06,3.1579252724e+06,7.5704094547e+07,3.5844762683e+07,1.8508781212e+07,1.2598597156e+07,9.6261348604e+06,4.7718079283e+06,3.2277653118e+06,2.4508047442e+06,1.6138826559e+06,7.4927133980e+07,3.5067802115e+07,1.7731820644e+07,1.1821636589e+07,8.8491742928e+06,3.9948473608e+06,2.4508047442e+06,1.6738441767e+06,8.3692208834e+05
16,300,60,2.3425562206e+08,1.7494420651e+08,1.5143058728e+08,1.4281589465e+08,1.3809385424e+08,1.2756232788e+08,1.2261051126e+08,1.1977636146e+08,1.1712781103e+08,1.7494420651e+08,1.1563279096e+08,9.2119171735e+07,8.3504479098e+07,7.8782438690e+07,6.8250912328e+07,6.3299095712e+07,6.0464945913e+07,5.7816395480e+07,1.5143058728e+08,9.2119171735e+07,6.8605552510e+07,5.9990859873e+07,5.5268819466e+07,4.4737293104e+07,3.9785476488e+07,3.6951326688e+07,3.4302776255e+07,1.4281589465e+08,8.3504479098e+07,5.9990859873e+07,5.1376167236e+07,4.6654126829e+07,3.6122600467e+07,3.1170783851e+07,2.8336634051e+07,2.5688083618e+07,1.3809385424e+08,7.8782438690e+07,5.5268819466e+07,4.6654126829e+07,4.1932086421e+07,3.1400560059e+07,2.6448743443e+07,2.3614593643e+07,2.0966043211e+07,1.2756232788e+08,6.8250912328e+07,4.4737293104e+07,3.6122600467e+07,3.1400560059e+07,2.0869033697e+07,1.5917217081e+07,1.3083067281e+07,1.0434516848e+07,1.2261051126e+08,6.3299095712e+07,3.9785476488e+07,3.1170783851e+07,2.6448743443e+07,1.5917217081e+07,1.0965400465e+07,8.1312506653e+06,5.4827002324e+06,1.1977636146e+08,6.0464945913e+07,3.6951326688e+07,2.8336634051e+07,2.3614593643e+07,1.3083067281e+07,8.1312506653e+06,5.2971008658e+06,2.6485504329e+06
17,300,70,2.4193674106e+09,1.7075522257e+09,1.4600133509e+09,1.3764412574e+09,1.3367238874e+09,1.2620710478e+09,1.2349716120e+09,1.2213541731e+09,1.2096837053e+09,1.7075522257e+09,9.9573704087e+08,7.4819816606e+08,6.6462607255e+08,6.2490870258e+08,5.5025586299e+08,5.2315642712e+08,5.0953898826e+08,4.9786852044e+08,1.4600133509e+09,7.4819816606e+08,5.0065929125e+08,4.1708719774e+08,3.7736982777e+08,3.0271698818e+08,2.7561755231e+08,2.6200011345e+08,2.5032964562e+08,1.3764412574e+09,6.6462607255e+08,4.1708719774e+08,3.3351510423e+08,2.9379773426e+08,2.1914489467e+08,1.9204545880e+08,1.7842801994e+08,1.6675755211e+08,1.3367238874e+09,6.2490870258e+08,3.7736982777e+08,2.9379773426e+08,2.5408036428e+08,1.7942752470e+08,1.5232808883e+08,1.3871064996e+08,1.2704018214e+08,1.2620710478e+09,5.5025586299e+08,3.0271698818e+08,2.1914489467e+08,1.7942752470e+08,1.0477468511e+08,7.7675249241e+07,6.4057810379e+07,5.2387342556e+07,1.2349716120e+09,5.2315642712e+08,2.7561755231e+08,1.9204545880e+08,1.5232808883e+08,7.7675249241e+07,5.0575813370e+07,3.6958374507e+07,2.5287906685e+07,1.2213541731e+09,5.0953898826e+08,2.6200011345e+08,1.7842801994e+08,1.3871064996e+08,6.4057810379e+07,3.6958374507e+07,2.3340935645e+07,1.1670467822e+07
18,300,80,3.1838885546e+09,2.2412047063e+09,1.9149965984e+09,1.8054610583e+09,1.7538154394e+09,1.6579435631e+09,1.6238179039e+09,1.6067478585e+09,1.5919442773e+09,2.2412047063e+09,1.2985208581e+09,9.7231275017e+08,8.6277721010e+08,8.1113159113e+08,7.1525971489e+08,6.8113405564e+08,6.6406401024e+08,6.4926042905e+08,1.9149965984e+09,9.7231275017e+08,6.4610464224e+08,5.3656910217e+08,4.8492348320e+08,3.8905160696e+08,3.5492594771e+08,3.3785590230e+08,3.2305232112e+08,1.8054610583e+09,8.6277721010e+08,5.3656910217e+08,4.2703356210e+08,3.7538794313e+08,2.7951606689e+08,2.4539040764e+08,2.2832036224e+08,2.1351678105e+08,1.7538154394e+09,8.1113159113e+08,4.8492348320e+08,3.7538794313e+08,3.2374232417e+08,2.2787044793e+08,1.9374478867e+08,1.7667474327e+08,1.6187116208e+08,1.6579435631e+09,7.1525971489e+08,3.8905160696e+08,2.7951606689e+08,2.2787044793e+08,1.3199857168e+08,9.7872912434e+07,8.0802867029e+07,6.5999285842e+07,1.6238179039e+09,6.8113405564e+08,3.5492594771e+08,2.4539040764e+08,1.9374478867e+08,9.7872912434e+07,6.3747253183e+07,4.6677207778e+07,3.1873626592e+07,1.6067478585e+09,6.6406401024e+08,3.3785590230e+08,2.2832036224e+08,1.7667474327e+08,8.0802867029e+07,4.6677207778e+07,2.9607162373e+07,1.4803581187e+07
19,300,90,3.3847516858e+09,2.3815152371e+09,2.0346592914e+09,1.9183002011e+09,1.8635151616e+09,1.7620355409e+09,1.7260320639e+09,1.7080287258e+09,1.6923758429e+09,2.3815152371e+09,1.3782787885e+09,1.0314228427e+09,9.1506375249e+08,8.6027871295e+08,7.5879909229e+08,7.2279561530e+08,7.0479227712e+08,6.8913939424e+08,2.0346592914e+09,1.0314228427e+09,6.8456689695e+08,5.6820780672e+08,5.1342276719e+08,4.1194314652e+08,3.7593966954e+08,3.5793633135e+08,3.4228344848e+08,1.9183002011e+09,9.1506375249e+08,5.6820780672e+08,4.5184871649e+08,3.9706367696e+08,2.9558405629e+08,2.5958057930e+08,2.4157724112e+08,2.2592435824e+08,1.8635151616e+09,8.6027871295e+08,5.1342276719e+08,3.9706367696e+08,3.4227863742e+08,2.4079901676e+08,2.0479553977e+08,1.8679220159e+08,1.7113931871e+08,1.7620355409e+09,7.5879909229e+08,4.1194314652e+08,2.9558405629e+08,2.4079901676e+08,1.3931939609e+08,1.0331591910e+08,8.5312580923e+07,6.9659698046e+07,1.7260320639e+09,7.2279561530e+08,3.7593966954e+08,2.5958057930e+08,2.0479553977e+08,1.0331591910e+08,6.7312442118e+07,4.9309103936e+07,3.3656221059e+07,1.7080287258e+09,7.0479227712e+08,3.5793633135e+08,2.4157724112e+08,1.8679220159e+08,8.5312580923e+07,4.9309103936e+07,3.1305765753e+07,1.5652882877e+07
20,400,0,3.6567411983e+06,2.5145628486e+06,2.0804330962e+06,1.9627553971e+06,1.9135071676e+06,1.8633269818e+06,1.8549222398e+06,1.8504696379e+06,1.8283705992e+06,2.5145628486e+06,1.3723844989e+06,9.3825474646e+05,8.2057704739e+05,7.7132881789e+05,7.2114863204e+05,7.1274389007e+05,7.0829128821e+05,6.8619224946e+05,2.0804330962e+06,9.3825474646e+05,5.0412499401e+05,3.8644729494e+05,3.3719906544e+05,2.8701887959e+05,2.7861413762e+05,2.7416153575e+05,2.5206249701e+05,1.9627553971e+06,8.2057704739e+05,3.8644729494e+05,2.6876959587e+05,2.1952136637e+05,1.6934118052e+05,1.6093643855e+05,1.5648383668e+05,1.3438479794e+05,1.9135071676e+06,7.7132881789e+05,3.3719906544e+05,2.1952136637e+05,1.7027313687e+05,1.2009295101e+05,1.1168820904e+05,1.0723560718e+05,8.5136568433e+04,1.8633269818e+06,7.2114863204e+05,2.8701887959e+05,1.6934118052e+05,1.2009295101e+05,6.9912765164e+04,6.1508023192e+04,5.7055421332e+04,3.4956382582e+04,1.8549222398e+06,7.1274389007e+05,2.7861413762e+05,1.6093643855e+05,1.1168820904e+05,6.1508023192e+04,5.3103281220e+04,4.8650679360e+04,2.6551640610e+04,1.8504696379e+06,7.0829128821e+05,2.7416153575e+05,1.5648383668e+05,1.0723560718e+05,5.7055421332e+04,4.8650679360e+04,4.4198077499e+04,2.2099038750e+04
21,400,10,2.8854414867e+07,2.0340967750e+07,1.6956448853e+07,1.5960539714e+07,1.5512071129e+07,1.4934015607e+07,1.4791044138e+07,1.4713435513e+07,1.4427207434e+07,2.0340967750e+07,1.1827520632e+07,8.4430017351e+06,7.4470925960e+06,6.9986240118e+06,6.4205684897e+06,6.2775970204e+06,6.1999883956e+06,5.9137603161e+06,1.6956448853e+07,8.4430017351e+06,5.0584828380e+06,4.0625736989e+06,3.6141051147e+06,3.0360495926e+06,2.8930781233e+06,2.8154694986e+06,2.5292414190e+06,1.5960539714e+07,7.4470925960e+06,4.0625736989e+06,3.0666645598e+06,2.6181959757e+06,2.0401404536e+06,1.8971689842e+06,1.8195603595e+06,1.5333322799e+06,1.5512071129e+07,6.9986240118e+06,3.6141051147e+06,2.6181959757e+06,2.1697273915e+06,1.5916718694e+06,1.4487004000e+06,1.3710917753e+06,1.0848636957e+06,1.4934015607e+07,6.4205684897e+06,3.0360495926e+06,2.0401404536e+06,1.5916718694e+06,1.0136163473e+06,8.7064487794e+05,7.9303625318e+05,5.0680817363e+05,1.4791044138e+07,6.2775970204e+06,2.8930781233e+06,1.8971689842e+06,1.4487004000e+06,8.7064487794e+05,7.2767340863e+05,6.5006478386e+05,3.6383670431e+05,1.4713435513e+07,6.1999883956e+06,2.8154694986e+06,1.8195603595e+06,1.3710917753e+06,7.9303625318e+05,6.5006478386e+05,5.7245615910e+05,2.8622807955e+05
22,400,20,1.0569600130e+08,7.6036090625e+07,6.3768573941e+07,5.9929787175e+07,5.8120213299e+07,5.5482531528e+07,5.4716493139e+07,5.4284257196e+07,5.2848000650e+07,7.6036090625e+07,4.6376179950e+07,3.4108663266e+07,3.0269876500e+07,2.8460302623e+07,2.5822620853e+07,2.5056582464e+07,2.4624346521e+07,2.3188089975e+07,6.3768573941e+07,3.4108663266e+07,2.1841146581e+07,1.8002359815e+07,1.6192785939e+07,1.3555104168e+07,1.2789065779e+07,1.2356829836e+07,1.0920573290e+07,5.9929787175e+07,3.0269876500e+07,1.8002359815e+07,1.4163573050e+07,1.2353999173e+07,9.7163174024e+06,8.9502790139e+06,8.5180430708e+06,7.0817865250e+06,5.8120213299e+07,2.8460302623e+07,1.6192785939e+07,1.2353999173e+07,1.0544425297e+07,7.9067435258e+06,7.1407051373e+06,6.7084691941e+06,5.2722126484e+06,5.5482531528e+07,2.5822620853e+07,1.3555104168e+07,9.7163174024e+06,7.9067435258e+06,5.2690617548e+06,4.5030233664e+06,4.0707874232e+06,2.6345308774e+06,5.4716493139e+07,2.5056582464e+07,1.2789065779e+07,8.9502790139e+06,7.1407051373e+06,4.5030233664e+06,3.7369849779e+06,3.3047490347e+06,1.8684924889e+06,5.4284257196e+07,2.4624346521e+07,1.2356829836e+07,8.5180430708e+06,6.7084691941e+06,4.0707874232e+06,3.3047490347e+06,2.8725130916e+06,1.4362565458e+06
23,400,30,2.5816895685e+08,1.8949963226e+08,1.5899895850e+08,1.4862663320e+08,1.4355010555e+08,1.3583972126e+08,1.3366993734e+08,1.3245897958e+08,1.2908447843e+08,1.8949963226e+08,1.2083030767e+08,9.0329633907e+07,7.9957308608e+07,7.4880780960e+07,6.7170396671e+07,6.5000612751e+07,6.3789654987e+07,6.0415153837e+07,1.5899895850e+08,9.0329633907e+07,5.9828960139e+07,4.9456634840e+07,4.4380107193e+07,3.6669722904e+07,3.4499938983e+07,3.3288981219e+07,2.9914480070e+07,1.4862663320e+08,7.9957308608e+07,4.9456634840e+07,3.9084309541e+07,3.4007781893e+07,2.6297397604e+07,2.4127613684e+07,2.2916655919e+07,1.9542154770e+07,1.4355010555e+08,7.4880780960e+07,4.4380107193e+07,3.4007781893e+07,2.8931254246e+07,2.1220869957e+07,1.9051086036e+07,1.7840128272e+07,1.4465627123e+07,1.3583972126e+08,6.7170396671e+07,3.6669722904e+07,2.6297397604e+07,2.1220869957e+07,1.3510485668e+07,1.1340701747e+07,1.0129743983e+07,6.7552428338e+06,1.3366993734e+08,6.5000612751e+07,3.4499938983e+07,2.4127613684e+07,1.9051086036e+07,1.1340701747e+07,9.1709178265e+06,7.9599600624e+06,4.5854589133e+06,1.3245897958e+08,6.3789654987e+07,3.3288981219e+07,2.2916655919e+07,1.7840128272e+07,1.0129743983e+07,7.9599600624e+06,6.7490022983e+06,3.3745011492e+06
24,400,40,4.4533215231e+08,3.2574708873e+08,2.7234749468e+08,2.5408136330e+08,2.4513757192e+08,2.3185496201e+08,2.2841268645e+08,2.2659867709e+08,2.2266607616e+08,3.2574708873e+08,2.0616202515e+08,1.5276243110e+08,1.3449629972e+08,1.2555250834e+08,1.1226989843e+08,1.0882762287e+08,1.0701361351e+08,1.0308101258e+08,2.7234749468e+08,1.5276243110e+08,9.9362837041e+07,8.1096705661e+07,7.2152914283e+07,5.8870304370e+07,5.5428028812e+07,5.3614019456e+07,4.9681418520e+07,2.5408136330e+08,1.3449629972e+08,8.1096705661e+07,6.2830574281e+07,5.3886782904e+07,4.0604172991e+07,3.7161897433e+07,3.5347888077e+07,3.1415287141e+07,2.4513757192e+08,1.2555250834e+08,7.2152914283e+07,5.3886782904e+07,4.4942991526e+07,3.1660381613e+07,2.8218106055e+07,2.6404096699e+07,2.2471495763e+07,2.3185496201e+08,1.1226989843e+08,5.8870304370e+07,4.0604172991e+07,3.1660381613e+07,1.8377771700e+07,1.4935496142e+07,1.3121486786e+07,9.1888858498e+06,2.2841268645e+08,1.0882762287e+08,5.5428028812e+07,3.7161897433e+07,2.8218106055e+07,1.4935496142e+07,1.1493220584e+07,9.6792112280e+06,5.7466102919e+06,2.2659867709e+08,1.0701361351e+08,5.3614019456e+07,3.5347888077e+07,2.6404096699e+07,1.3121486786e+07,9.6792112280e+06,7.8652018722e+06,3.9326009361e+06
25,400,50,3.9177598847e+08,2.8520035694e+08,2.3964466123e+08,2.2436014828e+08,2.1673560441e+08,2.0447960181e+08,2.0070551875e+08,1.9875900982e+08,1.9588799423e+08,2.8520035694e+08,1.7862472542e+08,1.3306902971e+08,1.1778451676e+08,1.1015997288e+08,9.7903970280e+07,9.4129887227e+07,9.2183378292e+07,8.9312362708e+07,2.3964466123e+08,1.3306902971e+08,8.7513334001e+07,7.2228821050e+07,6.4604277177e+07,5.2348274572e+07,4.8574191520e+07,4.6627682585e+07,4.3756667000e+07,2.2436014828e+08,1.1778451676e+08,7.2228821050e+07,5.6944308099e+07,4.9319764226e+07,3.7063761621e+07,3.3289678569e+07,3.1343169634e+07,2.8472154049e+07,2.1673560441e+08,1.1015997288e+08,6.4604277177e+07,4.9319764226e+07,4.1695220354e+07,2.9439217749e+07,2.5665134697e+07,2.3718625762e+07,2.0847610177e+07,2.0447960181e+08,9.7903970280e+07,5.2348274572e+07,3.7063761621e+07,2.9439217749e+07,1.7183215144e+07,1.3409132092e+07,1.1462623157e+07,8.5916075720e+06,2.0070551875e+08,9.4129887227e+07,4.8574191520e+07,3.3289678569e+07,2.5665134697e+07,1.3409132092e+07,9.6350490392e+06,7.6885401041e+06,4.8175245196e+06,1.9875900982e+08,9.2183378292e+07,4.6627682585e+07,3.1343169634e+07,2.3718625762e+07,1.1462623157e+07,7.6885401041e+06,5.7420311690e+06,2.8710155845e+06
26,400,60,4.5481468131e+08,3.3213963670e+08,2.8475253405e+08,2.6851254617e+08,2.5999485952e+08,2.4310862370e+08,2.3601357668e+08,2.3197146462e+08,2.2740734065e+08,3.3213963670e+08,2.0946459209e+08,1.6207748944e+08,1.4583750156e+08,1.3731981491e+08,1.2043357909e+08,1.1333853207e+08,1.0929642001e+08,1.0473229604e+08,2.8475253405e+08,1.6207748944e+08,1.1469038680e+08,9.8450398914e+07,8.9932712264e+07,7.3046476449e+07,6.5951429428e+07,6.1909317370e+07,5.7345193400e+07,2.6851254617e+08,1.4583750156e+08,9.8450398914e+07,8.2210411026e+07,7.3692724377e+07,5.6806488562e+07,4.9711441541e+07,4.5669329483e+07,4.1105205513e+07,2.5999485952e+08,1.3731981491e+08,8.9932712264e+07,7.3692724377e+07,6.5175037727e+07,4.8288801912e+07,4.1193754892e+07,3.7151642834e+07,3.2587518864e+07,2.4310862370e+08,1.2043357909e+08,7.3046476449e+07,5.6806488562e+07,4.8288801912e+07,3.1402566097e+07,2.4307519077e+07,2.0265407019e+07,1.5701283049e+07,2.3601357668e+08,1.1333853207e+08,6.5951429428e+07,4.9711441541e+07,4.1193754892e+07,2.4307519077e+07,1.7212472056e+07,1.3170359998e+07,8.6062360279e+06,2.3197146462e+08,1.0929642001e+08,6.1909317370e+07,4.5669329483e+07,3.7151642834e+07,2.0265407019e+07,1.3170359998e+07,9.1282479400e+06,4.5641239700e+06
27,400,70,2.7233336166e+09,1.9242444282e+09,1.6443345552e+09,1.5500091748e+09,1.5050044181e+09,1.4210561607e+09,1.3907605786e+09,1.3754771313e+09,1.3616668083e+09,1.9242444282e+09,1.1251552398e+09,8.4524536676e+08,7.5091998639e+08,7.0591522964e+08,6.2196697233e+08,5.9167139017e+08,5.7638794289e+08,5.6257761989e+08,1.6443345552e+09,8.4524536676e+08,5.6533549374e+08,4.7101011337e+08,4.2600535663e+08,3.4205709932e+08,3.1176151716e+08,2.9647806988e+08,2.8266774687e+08,1.5500091748e+09,7.5091998639e+08,4.7101011337e+08,3.7668473300e+08,3.3167997625e+08,2.4773171894e+08,2.1743613678e+08,2.0215268950e+08,1.8834236650e+08,1.5050044181e+09,7.0591522964e+08,4.2600535663e+08,3.3167997625e+08,2.8667521951e+08,2.0272696220e+08,1.7243138004e+08,1.5714793276e+08,1.4333760976e+08,1.4210561607e+09,6.2196697233e+08,3.4205709932e+08,2.4773171894e+08,2.0272696220e+08,1.1877870489e+08,8.8483122730e+07,7.3199675451e+07,5.9389352445e+07,1.3907605786e+09,5.9167139017e+08,3.1176151716e+08,2.1743613678e+08,1.7243138004e+08,8.8483122730e+07,5.8187540571e+07,4.2904093292e+07,2.9093770285e+07,1.3754771313e+09,5.7638794289e+08,2.9647806988e+08,2.0215268950e+08,1.5714793276e+08,7.3199675451e+07,4.2904093292e+07,2.7620646013e+07,1.3810323006e+07
28,400,80,3.4569035646e+09,2.4359467999e+09,2.0804398266e+09,1.9611846466e+09,1.9047785124e+09,1.8006490093e+09,1.7637357602e+09,1.7452066604e+09,1.7284517823e+09,2.4359467999e+09,1.4149900351e+09,1.0594830618e+09,9.4022788180e+08,8.8382174765e+08,7.7969224455e+08,7.4277899547e+08,7.2424989569e+08,7.0749501755e+08,2.0804398266e+09,1.0594830618e+09,7.0397608849e+08,5.8472090850e+08,5.2831477435e+08,4.2418527125e+08,3.8727202216e+08,3.6874292239e+08,3.5198804425e+08,1.9611846466e+09,9.4022788180e+08,5.8472090850e+08,4.6546572851e+08,4.0905959436e+08,3.0493009125e+08,2.6801684217e+08,2.4948774239e+08,2.3273286425e+08,1.9047785124e+09,8.8382174765e+08,5.2831477435e+08,4.0905959436e+08,3.5265346020e+08,2.4852395710e+08,2.1161070802e+08,1.9308160824e+08,1.7632673010e+08,1.8006490093e+09,7.7969224455e+08,4.2418527125e+08,3.0493009125e+08,2.4852395710e+08,1.4439445400e+08,1.0748120491e+08,8.8952105138e+07,7.2197226999e+07,1.7637357602e+09,7.4277899547e+08,3.8727202216e+08,2.6801684217e+08,2.1161070802e+08,1.0748120491e+08,7.0567955829e+07,5.2038856054e+07,3.5283977915e+07,1.7452066604e+09,7.2424989569e+08,3.6874292239e+08,2.4948774239e+08,1.9308160824e+08,8.8952105138e+07,5.2038856054e+07,3.3509756279e+07,1.6754878140e+07
29,400,90,3.6587575441e+09,2.5768733476e+09,2.2006165614e+09,2.0745026376e+09,2.0149462199e+09,1.9051961918e+09,1.8664109974e+09,1.8469567391e+09,1.8293787721e+09,2.5768733476e+09,1.4949891510e+09,1.1187323649e+09,9.9261844100e+08,9.3306202329e+08,8.2331199520e+08,7.8452680079e+08,7.6507254257e+08,7.4749457550e+08,2.2006165614e+09,1.1187323649e+09,7.4247557873e+08,6.1636165487e+08,5.5680523716e+08,4.4705520906e+08,4.0827001466e+08,3.8881575644e+08,3.7123778936e+08,2.0745026376e+09,9.9261844100e+08,6.1636165487e+08,4.9024773100e+08,4.3069131329e+08,3.2094128520e+08,2.8215609080e+08,2.6270183257e+08,2.4512386550e+08,2.0149462199e+09,9.3306202329e+08,5.5680523716e+08,4.3069131329e+08,3.7113489558e+08,2.6138486749e+08,2.2259967308e+08,2.0314541486e+08,1.8556744779e+08,1.9051961918e+09,8.2331199520e+08,4.4705520906e+08,3.2094128520e+08,2.6138486749e+08,1.5163483939e+08,1.1284964499e+08,9.3395386767e+07,7.5817419696e+07,1.8664109974e+09,7.8452680079e+08,4.0827001466e+08,2.8215609080e+08,2.2259967308e+08,1.1284964499e+08,7.4064450587e+07,5.4610192364e+07,3.7032225293e+07,1.8469567391e+09,7.6507254257e+08,3.8881575644e+08,2.6270183257e+08,2.0314541486e+08,9.3395386767e+07,5.4610192364e+07,3.5155934141e+07,1.7577967070e+07
30,500,0,2.6354806663e+07,1.8358847353e+07,1.5235111727e+07,1.4347369517e+07,1.3961222105e+07,1.3518480931e+07,1.3429112275e+07,1.3381524988e+07,1.3177403331e+07,1.8358847353e+07,1.0362888042e+07,7.2391524166e+06,6.3514102070e+06,5.9652627949e+06,5.5225216209e+06,5.4331529648e+06,5.3855656775e+06,5.1814440211e+06,1.5235111727e+07,7.2391524166e+06,4.1154167910e+06,3.2276745814e+06,2.8415271693e+06,2.3987859954e+06,2.3094173392e+06,2.2618300520e+06,2.0577083955e+06,1.4347369517e+07,6.3514102070e+06,3.2276745814e+06,2.3399323718e+06,1.9537849597e+06,1.5110437858e+06,1.4216751296e+06,1.3740878424e+06,1.1699661859e+06,1.3961222105e+07,5.9652627949e+06,2.8415271693e+06,1.9537849597e+06,1.5676375477e+06,1.1248963737e+06,1.0355277175e+06,9.8794043027e+05,7.8381877383e+05,1.3518480931e+07,5.5225216209e+06,2.3987859954e+06,1.5110437858e+06,1.1248963737e+06,6.8215519973e+05,5.9278654358e+05,5.4519925631e+05,3.4107759986e+05,1.3429112275e+07,5.4331529648e+06,2.3094173392e+06,1.4216751296e+06,1.0355277175e+06,5.9278654358e+05,5.0341788743e+05,4.5583060016e+05,2.5170894372e+05,1.3381524988e+07,5.3855656775e+06,2.2618300520e+06,1.3740878424e+06,9.8794043027e+05,5.4519925631e+05,4.5583060016e+05,4.0824331289e+05,2.0412165644e+05
31,500,10,1.0439413913e+08,7.4736734755e+07,6.2671658550e+07,5.8970481744e+07,5.7241354379e+07,5.4747067401e+07,5.4016861826e+07,5.3603537586e+07,5.2197069567e+07,7.4736734755e+07,4.5079330376e+07,3.3014254171e+07,2.9313077365e+07,2.7583950000e+07,2.5089663022e+07,2.4359457447e+07,2.3946133207e+07,2.2539665188e+07,6.2671658550e+07,3.3014254171e+07,2.0949177967e+07,1.7248001160e+07,1.5518873795e+07,1.3024586817e+07,1.2294381242e+07,1.1881057002e+07,1.0474588983e+07,5.8970481744e+07,2.9313077365e+07,1.7248001160e+07,1.3546824354e+07,1.1817696989e+07,9.3234100103e+06,8.5932044357e+06,8.1798801958e+06,6.7734121768e+06,5.7241354379e+07,2.7583950000e+07,1.5518873795e+07,1.1817696989e+07,1.0088569623e+07,7.5942826451e+06,6.8640770706e+06,6.4507528306e+06,5.0442848117e+06,5.4747067401e+07,2.5089663022e+07,1.3024586817e+07,9.3234100103e+06,7.5942826451e+06,5.0999956668e+06,4.3697900923e+06,3.9564658523e+06,2.5499978334e+06,5.4016861826e+07,2.4359457447e+07,1.2294381242e+07,8.5932044357e+06,6.8640770706e+06,4.3697900923e+06,3.6395845178e+06,3.2262602778e+06,1.8197922589e+06,5.3603537586e+07,2.3946133207e+07,1.1881057002e+07,8.1798801958e+06,6.4507528306e+06,3.9564658523e+06,3.2262602778e+06,2.8129360378e+06,1.4064680189e+06
32,500,20,2.9972681998e+08,2.1882409067e+08,1.8470350904e+08,1.7366386864e+08,1.6831347504e+08,1.5982131179e+08,1.5701467169e+08,1.5534632347e+08,1.4986340999e+08,2.1882409067e+08,1.3792136135e+08,1.0380077972e+08,9.2761139327e+07,8.7410745723e+07,7.8918582476e+07,7.6111942378e+07,7.4443594153e+07,6.8960680677e+07,1.8470350904e+08,1.0380077972e+08,6.9680198094e+07,5.8640557697e+07,5.3290164093e+07,4.4798000847e+07,4.1991360748e+07,4.0323012523e+07,3.4840099047e+07,1.7366386864e+08,9.2761139327e+07,5.8640557697e+07,4.7600917300e+07,4.2250523696e+07,3.3758360450e+07,3.0951720351e+07,2.9283372126e+07,2.3800458650e+07,1.6831347504e+08,8.7410745723e+07,5.3290164093e+07,4.2250523696e+07,3.6900130092e+07,2.8407966846e+07,2.5601326747e+07,2.3932978522e+07,1.8450065046e+07,1.5982131179e+08,7.8918582476e+07,4.4798000847e+07,3.3758360450e+07,2.8407966846e+07,1.9915803599e+07,1.7109163501e+07,1.5440815276e+07,9.9579017996e+06,1.5701467169e+08,7.6111942378e+07,4.1991360748e+07,3.0951720351e+07,2.5601326747e+07,1.7109163501e+07,1.4302523402e+07,1.2634175177e+07,7.1512617009e+06,1.5534632347e+08,7.4443594153e+07,4.0323012523e+07,2.9283372126e+07,2.3932978522e+07,1.5440815276e+07,1.2634175177e+07,1.0965826952e+07,5.4829134761e+06
33,500,30,6.2478498316e+08,4.6325698152e+08,3.9131339881e+08,3.6649466550e+08,3.5410293895e+08,3.3385899096e+08,3.2730961631e+08,3.2341443476e+08,3.1239249158e+08,4.6325698152e+08,3.0172897989e+08,2.2978539717e+08,2.0496666387e+08,1.9257493732e+08,1.7233098933e+08,1.6578161467e+08,1.6188643312e+08,1.5086448994e+08,3.9131339881e+08,2.2978539717e+08,1.5784181446e+08,1.3302308116e+08,1.2063135461e+08,1.0038740661e+08,9.3838031960e+07,8.9942850409e+07,7.8920907231e+07,3.6649466550e+08,2.0496666387e+08,1.3302308116e+08,1.0820434785e+08,9.5812621299e+07,7.5568673307e+07,6.9019298654e+07,6.5124117103e+07,5.4102173924e+07,3.5410293895e+08,1.9257493732e+08,1.2063135461e+08,9.5812621299e+07,8.3420894749e+07,6.3176946757e+07,5.6627572104e+07,5.2732390553e+07,4.1710447375e+07,3.3385899096e+08,1.7233098933e+08,1.0038740661e+08,7.5568673307e+07,6.3176946757e+07,4.2932998765e+07,3.6383624112e+07,3.2488442561e+07,2.1466499382e+07,3.2730961631e+08,1.6578161467e+08,9.3838031960e+07,6.9019298654e+07,5.6627572104e+07,3.6383624112e+07,2.9834249458e+07,2.5939067908e+07,1.4917124729e+07,3.2341443476e+08,1.6188643312e+08,8.9942850409e+07,6.5124117103e+07,5.2732390553e+07,3.2488442561e+07,2.5939067908e+07,2.2043886357e+07,1.1021943178e+07
34,500,40,8.4357487242e+08,6.2295066549e+08,5.2474725650e+08,4.9078004032e+08,4.7374222462e+08,4.4618077191e+08,4.3772953434e+08,4.3292698817e+08,4.2178743621e+08,6.2295066549e+08,4.0232645857e+08,3.0412304958e+08,2.7015583339e+08,2.5311801769e+08,2.2555656498e+08,2.1710532742e+08,2.1230278124e+08,2.0116322928e+08,5.2474725650e+08,3.0412304958e+08,2.0591964059e+08,1.7195242440e+08,1.5491460870e+08,1.2735315599e+08,1.1890191843e+08,1.1409937225e+08,1.0295982029e+08,4.9078004032e+08,2.7015583339e+08,1.7195242440e+08,1.3798520822e+08,1.2094739251e+08,9.3385939808e+07,8.4934702241e+07,8.0132156064e+07,6.8992604108e+07,4.7374222462e+08,2.5311801769e+08,1.5491460870e+08,1.2094739251e+08,1.0390957681e+08,7.6348124105e+07,6.7896886538e+07,6.3094340361e+07,5.1954788405e+07,4.4618077191e+08,2.2555656498e+08,1.2735315599e+08,9.3385939808e+07,7.6348124105e+07,4.8786671399e+07,4.0335433832e+07,3.5532887656e+07,2.4393335700e+07,4.3772953434e+08,2.1710532742e+08,1.1890191843e+08,8.4934702241e+07,6.7896886538e+07,4.0335433832e+07,3.1884196265e+07,2.7081650089e+07,1.5942098133e+07,4.3292698817e+08,2.1230278124e+08,1.1409937225e+08,8.0132156064e+07,6.3094340361e+07,3.5532887656e+07,2.7081650089e+07,2.2279103912e+07,1.1139551956e+07
35,500,50,8.0340615412e+08,5.8509706925e+08,4.9352933566e+08,4.6308759018e+08,4.4782341230e+08,4.2255967151e+08,4.1433379470e+08,4.0986865947e+08,4.0170307706e+08,5.8509706925e+08,3.6678798437e+08,2.7522025079e+08,2.4477850530e+08,2.2951432742e+08,2.0425058663e+08,1.9602470982e+08,1.9155957459e+08,1.8339399218e+08,4.9352933566e+08,2.7522025079e+08,1.8365251720e+08,1.5321077172e+08,1.3794659384e+08,1.1268285305e+08,1.0445697624e+08,9.9991841011e+07,9.1826258602e+07,4.6308759018e+08,2.4477850530e+08,1.5321077172e+08,1.2276902624e+08,1.0750484835e+08,8.2241107568e+07,7.4015230757e+07,6.9550095527e+07,6.1384513118e+07,4.4782341230e+08,2.2951432742e+08,1.3794659384e+08,1.0750484835e+08,9.2240670473e+07,6.6976929687e+07,5.8751052876e+07,5.4285917646e+07,4.6120335237e+07,4.2255967151e+08,2.0425058663e+08,1.1268285305e+08,8.2241107568e+07,6.6976929687e+07,4.1713188901e+07,3.3487312090e+07,2.9022176860e+07,2.0856594450e+07,4.1433379470e+08,1.9602470982e+08,1.0445697624e+08,7.4015230757e+07,5.8751052876e+07,3.3487312090e+07,2.5261435278e+07,2.0796300049e+07,1.2630717639e+07,4.0986865947e+08,1.9155957459e+08,9.9991841011e+07,6.9550095527e+07,5.4285917646e+07,2.9022176860e+07,2.0796300049e+07,1.6331164819e+07,8.1655824096e+06
36,500,60,8.0965136394e+08,5.8404352333e+08,4.9941557598e+08,4.7167329738e+08,4.5741356137e+08,4.3069231653e+08,4.2008215157e+08,4.1394107932e+08,4.0482568197e+08,5.8404352333e+08,3.5843568272e+08,2.7380773537e+08,2.4606545678e+08,2.3180572076e+08,2.0508447592e+08,1.9447431096e+08,1.8833323871e+08,1.7921784136e+08,4.9941557598e+08,2.7380773537e+08,1.8917978802e+08,1.6143750942e+08,1.4717777341e+08,1.2045652857e+08,1.0984636361e+08,1.0370529135e+08,9.4589894008e+07,4.7167329738e+08,2.4606545678e+08,1.6143750942e+08,1.3369523083e+08,1.1943549482e+08,9.2714249977e+07,8.2104085015e+07,7.5963012761e+07,6.6847615414e+07,4.5741356137e+08,2.3180572076e+08,1.4717777341e+08,1.1943549482e+08,1.0517575881e+08,7.8454513966e+07,6.7844349003e+07,6.1703276750e+07,5.2587879403e+07,4.3069231653e+08,2.0508447592e+08,1.2045652857e+08,9.2714249977e+07,7.8454513966e+07,5.1733269126e+07,4.1123104164e+07,3.4982031910e+07,2.5866634563e+07,4.2008215157e+08,1.9447431096e+08,1.0984636361e+08,8.2104085015e+07,6.7844349003e+07,4.1123104164e+07,3.0512939202e+07,2.4371866948e+07,1.5256469601e+07,4.1394107932e+08,1.8833323871e+08,1.0370529135e+08,7.5963012761e+07,6.1703276750e+07,3.4982031910e+07,2.4371866948e+07,1.8230794694e+07,9.1153973469e+06
37,500,70,3.1020569651e+09,2.1946498496e+09,1.8750811983e+09,1.7679622259e+09,1.7165680980e+09,1.6212584729e+09,1.5868333914e+09,1.5691994130e+09,1.5510284825e+09,2.1946498496e+09,1.2872427342e+09,9.6767408289e+08,8.6055511045e+08,8.0916098260e+08,7.1385135748e+08,6.7942627595e+08,6.6179229751e+08,6.4362136709e+08,1.8750811983e+09,9.6767408289e+08,6.4810543160e+08,5.4098645916e+08,4.8959233131e+08,3.9428270618e+08,3.5985762465e+08,3.4222364621e+08,3.2405271580e+08,1.7679622259e+09,8.6055511045e+08,5.4098645916e+08,4.3386748672e+08,3.8247335887e+08,2.8716373374e+08,2.5273865222e+08,2.3510467377e+08,2.1693374336e+08,1.7165680980e+09,8.0916098260e+08,4.8959233131e+08,3.8247335887e+08,3.3107923102e+08,2.3576960589e+08,2.0134452436e+08,1.8371054592e+08,1.6553961551e+08,1.6212584729e+09,7.1385135748e+08,3.9428270618e+08,2.8716373374e+08,2.3576960589e+08,1.4045998077e+08,1.0603489924e+08,8.8400920797e+07,7.0229990384e+07,1.5868333914e+09,6.7942627595e+08,3.5985762465e+08,2.5273865222e+08,2.0134452436e+08,1.0603489924e+08,7.1609817713e+07,5.3975839269e+07,3.5804908857e+07,1.5691994130e+09,6.6179229751e+08,3.4222364621e+08,2.3510467377e+08,1.8371054592e+08,8.8400920797e+07,5.3975839269e+07,3.6341860826e+07,1.8170930413e+07
38,500,80,3.8433648714e+09,2.7117838828e+09,2.3154930769e+09,2.1829865454e+09,2.1200263528e+09,2.0043705759e+09,1.9633998600e+09,1.9426121640e+09,1.9216824357e+09,2.7117838828e+09,1.5802028942e+09,1.1839120883e+09,1.0514055568e+09,9.8844536418e+08,8.7278958730e+08,8.3181887133e+08,8.1103117536e+08,7.9010144709e+08,2.3154930769e+09,1.1839120883e+09,7.8762128237e+08,6.5511475091e+08,5.9215455827e+08,4.7649878140e+08,4.3552806542e+08,4.1474036946e+08,3.9381064118e+08,2.1829865454e+09,1.0514055568e+09,6.5511475091e+08,5.2260821945e+08,4.5964802681e+08,3.4399224994e+08,3.0302153396e+08,2.8223383800e+08,2.6130410972e+08,2.1200263528e+09,9.8844536418e+08,5.9215455827e+08,4.5964802681e+08,3.9668783417e+08,2.8103205730e+08,2.4006134132e+08,2.1927364536e+08,1.9834391708e+08,2.0043705759e+09,8.7278958730e+08,4.7649878140e+08,3.4399224994e+08,2.8103205730e+08,1.6537628042e+08,1.2440556445e+08,1.0361786848e+08,8.2688140211e+07,1.9633998600e+09,8.3181887133e+08,4.3552806542e+08,3.0302153396e+08,2.4006134132e+08,1.2440556445e+08,8.3434848476e+07,6.2647152511e+07,4.1717424238e+07,1.9426121640e+09,8.1103117536e+08,4.1474036946e+08,2.8223383800e+08,2.1927364536e+08,1.0361786848e+08,6.2647152511e+07,4.1859456546e+07,2.0929728273e+07
39,500,90,4.0493345873e+09,2.8556265265e+09,2.4381332729e+09,2.2985948662e+09,2.2324081930e+09,2.1109814052e+09,2.0680919209e+09,2.0463677563e+09,2.0246672936e+09,2.8556265265e+09,1.6619184657e+09,1.2444252121e+09,1.1048868054e+09,1.0387001322e+09,9.1727334445e+08,8.7438386016e+08,8.5265969547e+08,8.3095923285e+08,2.4381332729e+09,1.2444252121e+09,8.2693195852e+08,6.8739355183e+08,6.2120687863e+08,4.9978009086e+08,4.5689060656e+08,4.3516644187e+08,4.1346597926e+08,2.2985948662e+09,1.1048868054e+09,6.8739355183e+08,5.4785514514e+08,4.8166847194e+08,3.6024168417e+08,3.1735219987e+08,2.9562803518e+08,2.7392757257e+08,2.2324081930e+09,1.0387001322e+09,6.2120687863e+08,4.8166847194e+08,4.1548179874e+08,2.9405501097e+08,2.5116552668e+08,2.2944136198e+08,2.0774089937e+08,2.1109814052e+09,9.1727334445e+08,4.9978009086e+08,3.6024168417e+08,2.9405501097e+08,1.7262822320e+08,1.2973873890e+08,1.0801457421e+08,8.6314111600e+07,2.0680919209e+09,8.7438386016e+08,4.5689060656e+08,3.1735219987e+08,2.5116552668e+08,1.2973873890e+08,8.6849254608e+07,6.5125089917e+07,4.3424627304e+07,2.0463677563e+09,8.5265969547e+08,4.3516644187e+08,2.9562803518e+08,2.2944136198e+08,1.0801457421e+08,6.5125089917e+07,4.3400925225e+07,2.1700462612e+07
40,600,0,1.2282604469e+08,8.7058519694e+07,7.2677171827e+07,6.8370016104e+07,6.6404946102e+07,6.3781215078e+07,6.3101778960e+07,6.2730567535e+07,6.1413022343e+07,8.7058519694e+07,5.1290994703e+07,3.6909646836e+07,3.2602491113e+07,3.0637421111e+07,2.8013690087e+07,2.7334253969e+07,2.6963042544e+07,2.5645497351e+07,7.2677171827e+07,3.6909646836e+07,2.2528298969e+07,1.8221143246e+07,1.6256073244e+07,1.3632342220e+07,1.2952906102e+07,1.2581694677e+07,1.1264149485e+07,6.8370016104e+07,3.2602491113e+07,1.8221143246e+07,1.3913987523e+07,1.1948917521e+07,9.3251864968e+06,8.6457503788e+06,8.2745389541e+06,6.9569937616e+06,6.6404946102e+07,3.0637421111e+07,1.6256073244e+07,1.1948917521e+07,9.9838475197e+06,7.3601164951e+06,6.6806803771e+06,6.3094689524e+06,4.9919237598e+06,6.3781215078e+07,2.8013690087e+07,1.3632342220e+07,9.3251864968e+06,7.3601164951e+06,4.7363854705e+06,4.0569493525e+06,3.6857379279e+06,2.3681927353e+06,6.3101778960e+07,2.7334253969e+07,1.2952906102e+07,8.6457503788e+06,6.6806803771e+06,4.0569493525e+06,3.3775132346e+06,3.0063018099e+06,1.6887566173e+06,6.2730567535e+07,2.6963042544e+07,1.2581694677e+07,8.2745389541e+06,6.3094689524e+06,3.6857379279e+06,3.0063018099e+06,2.6350903852e+06,1.3175451926e+06
41,600,10,3.2102663704e+08,2.3312842686e+08,1.9669562421e+08,1.8514294159e+08,1.7959608431e+08,1.7090383897e+08,1.6803341503e+08,1.6632583709e+08,1.6051331852e+08,2.3312842686e+08,1.4523021668e+08,1.0879741403e+08,9.7244731408e+07,9.1697874133e+07,8.3005628787e+07,8.0135204854e+07,7.8427626911e+07,7.2615108342e+07,1.9669562421e+08,1.0879741403e+08,7.2364611371e+07,6.0811928752e+07,5.5265071477e+07,4.6572826131e+07,4.3702402198e+07,4.1994824255e+07,3.6182305686e+07,1.8514294159e+08,9.7244731408e+07,6.0811928752e+07,4.9259246132e+07,4.3712388857e+07,3.5020143511e+07,3.2149719578e+07,3.0442141635e+07,2.4629623066e+07,1.7959608431e+08,9.1697874133e+07,5.5265071477e+07,4.3712388857e+07,3.8165531583e+07,2.9473286237e+07,2.6602862304e+07,2.4895284361e+07,1.9082765792e+07,1.7090383897e+08,8.3005628787e+07,4.6572826131e+07,3.5020143511e+07,2.9473286237e+07,2.0781040890e+07,1.7910616957e+07,1.6203039015e+07,1.0390520445e+07,1.6803341503e+08,8.0135204854e+07,4.3702402198e+07,3.2149719578e+07,2.6602862304e+07,1.7910616957e+07,1.5040193025e+07,1.3332615082e+07,7.5200965123e+06,1.6632583709e+08,7.8427626911e+07,4.1994824255e+07,3.0442141635e+07,2.4895284361e+07,1.6203039015e+07,1.3332615082e+07,1.1625037139e+07,5.8125185693e+06
42,600,20,7.0323349997e+08,5.2010149723e+08,4.4216941647e+08,4.1637007781e+08,4.0361196953e+08,3.8203103559e+08,3.7410595618e+08,3.6907000105e+08,3.5161674998e+08,5.2010149723e+08,3.3696949450e+08,2.5903741373e+08,2.3323807507e+08,2.2047996680e+08,1.9889903286e+08,1.9097395344e+08,1.8593799831e+08,1.6848474725e+08,4.4216941647e+08,2.5903741373e+08,1.8110533297e+08,1.5530599430e+08,1.4254788603e+08,1.2096695209e+08,1.1304187268e+08,1.0800591755e+08,9.0552666483e+07,4.1637007781e+08,2.3323807507e+08,1.5530599430e+08,1.2950665564e+08,1.1674854737e+08,9.5167613429e+07,8.7242534015e+07,8.2206578886e+07,6.4753327821e+07,4.0361196953e+08,2.2047996680e+08,1.4254788603e+08,1.1674854737e+08,1.0399043910e+08,8.2409505156e+07,7.4484425742e+07,6.9448470613e+07,5.1995219548e+07,3.8203103559e+08,1.9889903286e+08,1.2096695209e+08,9.5167613429e+07,8.2409505156e+07,6.0828571215e+07,5.2903491802e+07,4.7867536673e+07,3.0414285608e+07,3.7410595618e+08,1.9097395344e+08,1.1304187268e+08,8.7242534015e+07,7.4484425742e+07,5.2903491802e+07,4.4978412389e+07,3.9942457259e+07,2.2489206194e+07,3.6907000105e+08,1.8593799831e+08,1.0800591755e+08,8.2206578886e+07,6.9448470613e+07,4.7867536673e+07,3.9942457259e+07,3.4906502130e+07,1.7453251065e+07
43,600,30,1.1893149081e+09,8.9195591226e+08,7.6062783991e+08,7.1459777462e+08,6.9104486546e+08,6.4936525259e+08,6.3386020923e+08,6.2398174413e+08,5.9465745407e+08,8.9195591226e+08,5.9459691638e+08,4.6326884403e+08,4.1723877874e+08,3.9368586957e+08,3.5200625671e+08,3.3650121334e+08,3.2662274825e+08,2.9729845819e+08,7.6062783991e+08,4.6326884403e+08,3.3194077168e+08,2.8591070639e+08,2.6235779723e+08,2.2067818436e+08,2.0517314100e+08,1.9529467590e+08,1.6597038584e+08,7.1459777462e+08,4.1723877874e+08,2.8591070639e+08,2.3988064109e+08,2.1632773193e+08,1.7464811907e+08,1.5914307570e+08,1.4926461061e+08,1.1994032055e+08,6.9104486546e+08,3.9368586957e+08,2.6235779723e+08,2.1632773193e+08,1.9277482277e+08,1.5109520991e+08,1.3559016654e+08,1.2571170145e+08,9.6387411386e+07,6.4936525259e+08,3.5200625671e+08,2.2067818436e+08,1.7464811907e+08,1.5109520991e+08,1.0941559705e+08,9.3910553680e+07,8.4032088588e+07,5.4707798524e+07,6.3386020923e+08,3.3650121334e+08,2.0517314100e+08,1.5914307570e+08,1.3559016654e+08,9.3910553680e+07,7.8405510311e+07,6.8527045220e+07,3.9202755156e+07,6.2398174413e+08,3.2662274825e+08,1.9529467590e+08,1.4926461061e+08,1.2571170145e+08,8.4032088588e+07,6.8527045220e+07,5.8648580128e+07,2.9324290064e+07
44,600,40,1.3904274345e+09,1.0400260267e+09,8.8415615193e+08,8.2910463210e+08,8.0066610485e+08,7.5050958220e+08,7.3274446673e+08,7.2198594150e+08,6.9521371726e+08,1.0400260267e+09,6.8962461894e+08,5.3375474415e+08,4.7870322431e+08,4.5026469706e+08,4.0010817441e+08,3.8234305894e+08,3.7158453372e+08,3.4481230947e+08,8.8415615193e+08,5.3375474415e+08,3.7788486935e+08,3.2283334952e+08,2.9439482227e+08,2.4423829962e+08,2.2647318415e+08,2.1571465892e+08,1.8894243468e+08,8.2910463210e+08,4.7870322431e+08,3.2283334952e+08,2.6778182968e+08,2.3934330244e+08,1.8918677979e+08,1.7142166431e+08,1.6066313909e+08,1.3389091484e+08,8.0066610485e+08,4.5026469706e+08,2.9439482227e+08,2.3934330244e+08,2.1090477519e+08,1.6074825254e+08,1.4298313707e+08,1.3222461184e+08,1.0545238759e+08,7.5050958220e+08,4.0010817441e+08,2.4423829962e+08,1.8918677979e+08,1.6074825254e+08,1.1059172989e+08,9.2826614417e+07,8.2068089193e+07,5.5295864945e+07,7.3274446673e+08,3.8234305894e+08,2.2647318415e+08,1.7142166431e+08,1.4298313707e+08,9.2826614417e+07,7.5061498943e+07,6.4302973719e+07,3.7530749472e+07,7.2198594150e+08,3.7158453372e+08,2.1571465892e+08,1.6066313909e+08,1.3222461184e+08,8.2068089193e+07,6.4302973719e+07,5.3544448495e+07,2.6772224247e+07
45,600,50,1.3803981840e+09,1.0086581745e+09,8.5596743613e+08,8.0527537319e+08,7.7950010564e+08,7.3471157569e+08,7.1884331717e+08,7.0970941157e+08,6.9019909200e+08,1.0086581745e+09,6.3691816502e+08,4.8422742664e+08,4.3353536370e+08,4.0776009616e+08,3.6297156621e+08,3.4710330769e+08,3.3796940209e+08,3.1845908251e+08,8.5596743613e+08,4.8422742664e+08,3.3153668827e+08,2.8084462532e+08,2.5506935778e+08,2.1028082783e+08,1.9441256931e+08,1.8527866371e+08,1.6576834413e+08,8.0527537319e+08,4.3353536370e+08,2.8084462532e+08,2.3015256238e+08,2.0437729483e+08,1.5958876489e+08,1.4372050636e+08,1.3458660077e+08,1.1507628119e+08,7.7950010564e+08,4.0776009616e+08,2.5506935778e+08,2.0437729483e+08,1.7860202729e+08,1.3381349734e+08,1.1794523882e+08,1.0881133322e+08,8.9301013646e+07,7.3471157569e+08,3.6297156621e+08,2.1028082783e+08,1.5958876489e+08,1.3381349734e+08,8.9024967394e+07,7.3156708872e+07,6.4022803274e+07,4.4512483697e+07,7.1884331717e+08,3.4710330769e+08,1.9441256931e+08,1.4372050636e+08,1.1794523882e+08,7.3156708872e+07,5.7288450349e+07,4.8154544751e+07,2.8644225174e+07,7.0970941157e+08,3.3796940209e+08,1.8527866371e+08,1.3458660077e+08,1.0881133322e+08,6.4022803274e+07,4.8154544751e+07,3.9020639154e+07,1.9510319577e+07
46,600,60,1.3316486502e+09,9.5688217511e+08,8.2064521878e+08,7.7673518827e+08,7.5413514209e+08,7.1163496797e+08,6.9461371471e+08,6.8450222339e+08,6.6582432512e+08,9.5688217511e+08,5.8211569998e+08,4.4587874365e+08,4.0196871314e+08,3.7936866696e+08,3.3686849284e+08,3.1984723958e+08,3.0973574825e+08,2.9105784999e+08,8.2064521878e+08,4.4587874365e+08,3.0964178732e+08,2.6573175681e+08,2.4313171063e+08,2.0063153651e+08,1.8361028325e+08,1.7349879192e+08,1.5482089366e+08,7.7673518827e+08,4.0196871314e+08,2.6573175681e+08,2.2182172630e+08,1.9922168012e+08,1.5672150600e+08,1.3970025274e+08,1.2958876142e+08,1.1091086315e+08,7.5413514209e+08,3.7936866696e+08,2.4313171063e+08,1.9922168012e+08,1.7662163394e+08,1.3412145982e+08,1.1710020656e+08,1.0698871523e+08,8.8310816970e+07,7.1163496797e+08,3.3686849284e+08,2.0063153651e+08,1.5672150600e+08,1.3412145982e+08,9.1621285707e+07,7.4600032445e+07,6.4488541118e+07,4.5810642854e+07,6.9461371471e+08,3.1984723958e+08,1.8361028325e+08,1.3970025274e+08,1.1710020656e+08,7.4600032445e+07,5.7578779182e+07,4.7467287856e+07,2.8789389591e+07,6.8450222339e+08,3.0973574825e+08,1.7349879192e+08,1.2958876142e+08,1.0698871523e+08,6.4488541118e+07,4.7467287856e+07,3.7355796529e+07,1.8677898265e+07
47,600,70,3.6122067818e+09,2.5626895707e+09,2.1921777483e+09,2.0682584554e+09,2.0081737751e+09,1.8960393109e+09,1.8548199308e+09,1.8331649043e+09,1.8061033909e+09,2.5626895707e+09,1.5131723595e+09,1.1426605372e+09,1.0187412442e+09,9.5865656395e+08,8.4652209976e+08,8.0530271962e+08,7.8364769318e+08,7.5658617975e+08,2.1921777483e+09,1.1426605372e+09,7.7214871482e+08,6.4822942186e+08,5.8814474160e+08,4.7601027741e+08,4.3479089727e+08,4.1313587084e+08,3.8607435741e+08,2.0682584554e+09,1.0187412442e+09,6.4822942186e+08,5.2431012890e+08,4.6422544864e+08,3.5209098446e+08,3.1087160431e+08,2.8921657788e+08,2.6215506445e+08,2.0081737751e+09,9.5865656395e+08,5.8814474160e+08,4.6422544864e+08,4.0414076839e+08,2.9200630420e+08,2.5078692406e+08,2.2913189762e+08,2.0207038419e+08,1.8960393109e+09,8.4652209976e+08,4.7601027741e+08,3.5209098446e+08,2.9200630420e+08,1.7987184001e+08,1.3865245987e+08,1.1699743343e+08,8.9935920007e+07,1.8548199308e+09,8.0530271962e+08,4.3479089727e+08,3.1087160431e+08,2.5078692406e+08,1.3865245987e+08,9.7433079730e+07,7.5778053292e+07,4.8716539865e+07,1.8331649043e+09,7.8364769318e+08,4.1313587084e+08,2.8921657788e+08,2.2913189762e+08,1.1699743343e+08,7.5778053292e+07,5.4123026855e+07,2.7061513428e+07
48,600,80,4.3154147530e+09,3.0532144224e+09,2.6093845651e+09,2.4611642595e+09,2.3901270648e+09,2.2589478216e+09,2.2117245295e+09,2.1871665181e+09,2.1577073765e+09,3.0532144224e+09,1.7910140919e+09,1.3471842345e+09,1.1989639289e+09,1.1279267343e+09,9.9674749106e+08,9.4952419896e+08,9.2496618756e+08,8.9550704593e+08,2.6093845651e+09,1.3471842345e+09,9.0335437724e+08,7.5513407162e+08,6.8409687695e+08,5.5291763375e+08,5.0569434165e+08,4.8113633025e+08,4.5167718862e+08,2.4611642595e+09,1.1989639289e+09,7.5513407162e+08,6.0691376600e+08,5.3587657133e+08,4.0469732813e+08,3.5747403603e+08,3.3291602463e+08,3.0345688300e+08,2.3901270648e+09,1.1279267343e+09,6.8409687695e+08,5.3587657133e+08,4.6483937666e+08,3.3366013346e+08,2.8643684136e+08,2.6187882996e+08,2.3241968833e+08,2.2589478216e+09,9.9674749106e+08,5.5291763375e+08,4.0469732813e+08,3.3366013346e+08,2.0248089026e+08,1.5525759816e+08,1.3069958676e+08,1.0124044513e+08,2.2117245295e+09,9.4952419896e+08,5.0569434165e+08,3.5747403603e+08,2.8643684136e+08,1.5525759816e+08,1.0803430606e+08,8.3476294659e+07,5.4017153032e+07,2.1871665181e+09,9.2496618756e+08,4.8113633025e+08,3.3291602463e+08,2.6187882996e+08,1.3069958676e+08,8.3476294659e+07,5.8918283253e+07,2.9459141627e+07
49,600,90,4.5165902678e+09,3.1936554026e+09,2.7289967064e+09,2.5738757344e+09,2.4996952449e+09,2.3629477316e+09,2.3138964062e+09,2.2884427180e+09,2.2582951339e+09,3.1936554026e+09,1.8707205374e+09,1.4060618412e+09,1.2509408693e+09,1.1767603798e+09,1.0400128665e+09,9.9096154103e+08,9.6550785283e+08,9.3536026872e+08,2.7289967064e+09,1.4060618412e+09,9.4140314504e+08,7.8628217308e+08,7.1210168356e+08,5.7535417026e+08,5.2630284482e+08,5.0084915662e+08,4.7070157252e+08,2.5738757344e+09,1.2509408693e+09,7.8628217308e+08,6.3116120112e+08,5.5698071160e+08,4.2023319830e+08,3.7118187287e+08,3.4572818467e+08,3.1558060056e+08,2.4996952449e+09,1.1767603798e+09,7.1210168356e+08,5.5698071160e+08,4.8280022208e+08,3.4605270878e+08,2.9700138335e+08,2.7154769515e+08,2.4140011104e+08,2.3629477316e+09,1.0400128665e+09,5.7535417026e+08,4.2023319830e+08,3.4605270878e+08,2.0930519548e+08,1.6025387004e+08,1.3480018184e+08,1.0465259774e+08,2.3138964062e+09,9.9096154103e+08,5.2630284482e+08,3.7118187287e+08,2.9700138335e+08,1.6025387004e+08,1.1120254461e+08,8.5748856411e+07,5.5601272305e+07,2.2884427180e+09,9.6550785283e+08,5.0084915662e+08,3.4572818467e+08,2.7154769515e+08,1.3480018184e+08,8.5748856411e+07,6.0295168212e+07,3.0147584106e+07
50,700,0,4.3537914953e+08,3.1399785829e+08,2.6391518392e+08,2.4822078182e+08,2.4077679660e+08,2.2961513503e+08,2.2619441797e+08,2.2423179354e+08,2.1768957476e+08,3.1399785829e+08,1.9261656704e+08,1.4253389268e+08,1.2683949057e+08,1.1939550536e+08,1.0823384379e+08,1.0481312673e+08,1.0285050230e+08,9.6308283522e+07,2.6391518392e+08,1.4253389268e+08,9.2451218313e+07,7.6756816209e+07,6.9312830997e+07,5.8151169427e+07,5.4730452367e+07,5.2767827930e+07,4.6225609156e+07,2.4822078182e+08,1.2683949057e+08,7.6756816209e+07,6.1062414105e+07,5.3618428893e+07,4.2456767323e+07,3.9036050263e+07,3.7073425827e+07,3.0531207053e+07,2.4077679660e+08,1.1939550536e+08,6.9312830997e+07,5.3618428893e+07,4.6174443681e+07,3.5012782111e+07,3.1592065051e+07,2.9629440615e+07,2.3087221841e+07,2.2961513503e+08,1.0823384379e+08,5.8151169427e+07,4.2456767323e+07,3.5012782111e+07,2.3851120541e+07,2.0430403481e+07,1.8467779045e+07,1.1925560270e+07,2.2619441797e+08,1.0481312673e+08,5.4730452367e+07,3.9036050263e+07,3.1592065051e+07,2.0430403481e+07,1.7009686421e+07,1.5047061985e+07,8.5048432103e+06,2.2423179354e+08,1.0285050230e+08,5.2767827930e+07,3.7073425827e+07,2.9629440615e+07,1.8467779045e+07,1.5047061985e+07,1.3084437548e+07,6.5422187742e+06
51,700,10,8.0377615651e+08,5.9114310254e+08,5.0221527994e+08,4.7339271205e+08,4.5928064775e+08,4.3572318940e+08,4.2709285881e+08,4.2161100452e+08,4.0188807825e+08,5.9114310254e+08,3.7851004858e+08,2.8958222598e+08,2.6075965808e+08,2.4664759379e+08,2.2309013543e+08,2.1445980485e+08,2.0897795056e+08,1.8925502429e+08,5.0221527994e+08,2.8958222598e+08,2.0065440338e+08,1.7183183549e+08,1.5771977119e+08,1.3416231283e+08,1.2553198225e+08,1.2005012796e+08,1.0032720169e+08,4.7339271205e+08,2.6075965808e+08,1.7183183549e+08,1.4300926759e+08,1.2889720329e+08,1.0533974494e+08,9.6709414356e+07,9.1227560063e+07,7.1504633795e+07,4.5928064775e+08,2.4664759379e+08,1.5771977119e+08,1.2889720329e+08,1.1478513900e+08,9.1227680640e+07,8.2597350059e+07,7.7115495765e+07,5.7392569498e+07,4.3572318940e+08,2.2309013543e+08,1.3416231283e+08,1.0533974494e+08,9.1227680640e+07,6.7670222285e+07,5.9039891704e+07,5.3558037410e+07,3.3835111142e+07,4.2709285881e+08,2.1445980485e+08,1.2553198225e+08,9.6709414356e+07,8.2597350059e+07,5.9039891704e+07,5.0409561122e+07,4.4927706829e+07,2.5204780561e+07,4.2161100452e+08,2.0897795056e+08,1.2005012796e+08,9.1227560063e+07,7.7115495765e+07,5.3558037410e+07,4.4927706829e+07,3.9445852535e+07,1.9722926267e+07
52,700,20,1.3594913762e+09,1.0203144200e+09,8.7566141860e+08,8.2680443004e+08,8.0204517291e+08,7.5705355431e+08,7.3856792007e+08,7.2594631952e+08,6.7974568809e+08,1.0203144200e+09,6.8113746375e+08,5.3648446238e+08,4.8762747382e+08,4.6286821669e+08,4.1787659809e+08,3.9939096385e+08,3.8676936330e+08,3.4056873188e+08,8.7566141860e+08,5.3648446238e+08,3.9183146101e+08,3.4297447245e+08,3.1821521532e+08,2.7322359672e+08,2.5473796248e+08,2.4211636193e+08,1.9591573050e+08,8.2680443004e+08,4.8762747382e+08,3.4297447245e+08,2.9411748389e+08,2.6935822676e+08,2.2436660816e+08,2.0588097392e+08,1.9325937337e+08,1.4705874195e+08,8.0204517291e+08,4.6286821669e+08,3.1821521532e+08,2.6935822676e+08,2.4459896963e+08,1.9960735103e+08,1.8112171679e+08,1.6850011624e+08,1.2229948482e+08,7.5705355431e+08,4.1787659809e+08,2.7322359672e+08,2.2436660816e+08,1.9960735103e+08,1.5461573243e+08,1.3613009819e+08,1.2350849764e+08,7.7307866214e+07,7.3856792007e+08,3.9939096385e+08,2.5473796248e+08,2.0588097392e+08,1.8112171679e+08,1.3613009819e+08,1.1764446395e+08,1.0502286340e+08,5.8822231974e+07,7.2594631952e+08,3.8676936330e+08,2.4211636193e+08,1.9325937337e+08,1.6850011624e+08,1.2350849764e+08,1.0502286340e+08,9.2401262845e+07,4.6200631423e+07
53,700,30,1.9229622171e+09,1.4642867883e+09,1.2635211642e+09,1.1907611599e+09,1.1521607358e+09,1.0775082883e+09,1.0462964248e+09,1.0253793966e+09,9.6148110855e+08,1.4642867883e+09,1.0056113594e+09,8.0484573533e+08,7.3208573105e+08,6.9348530695e+08,6.1883285947e+08,5.8762099598e+08,5.6670396775e+08,5.0280567972e+08,1.2635211642e+09,8.0484573533e+08,6.0408011121e+08,5.3132010693e+08,4.9271968283e+08,4.1806723535e+08,3.8685537186e+08,3.6593834363e+08,3.0204005560e+08,1.1907611599e+09,7.3208573105e+08,5.3132010693e+08,4.5856010264e+08,4.1995967855e+08,3.4530723107e+08,3.1409536757e+08,2.9317833935e+08,2.2928005132e+08,1.1521607358e+09,6.9348530695e+08,4.9271968283e+08,4.1995967855e+08,3.8135925445e+08,3.0670680697e+08,2.7549494348e+08,2.5457791525e+08,1.9067962723e+08,1.0775082883e+09,6.1883285947e+08,4.1806723535e+08,3.4530723107e+08,3.0670680697e+08,2.3205435950e+08,2.0084249600e+08,1.7992546778e+08,1.1602717975e+08,1.0462964248e+09,5.8762099598e+08,3.8685537186e+08,3.1409536757e+08,2.7549494348e+08,2.0084249600e+08,1.6963063250e+08,1.4871360428e+08,8.4815316252e+07,1.0253793966e+09,5.6670396775e+08,3.6593834363e+08,2.9317833935e+08,2.5457791525e+08,1.7992546778e+08,1.4871360428e+08,1.2779657606e+08,6.3898288028e+07
54,700,40,2.1602050356e+09,1.6395069017e+09,1.4057517040e+09,1.3201001272e+09,1.2743142051e+09,1.1874978499e+09,1.1541527204e+09,1.1333568955e+09,1.0801025178e+09,1.6395069017e+09,1.1188087677e+09,8.8505357011e+08,7.9940199326e+08,7.5361607117e+08,6.6679971597e+08,6.3345458647e+08,6.1265876151e+08,5.5940438386e+08,1.4057517040e+09,8.8505357011e+08,6.5129837249e+08,5.6564679564e+08,5.1986087355e+08,4.3304451835e+08,3.9969938885e+08,3.7890356390e+08,3.2564918624e+08,1.3201001272e+09,7.9940199326e+08,5.6564679564e+08,4.7999521880e+08,4.3420929671e+08,3.4739294151e+08,3.1404781201e+08,2.9325198705e+08,2.3999760940e+08,1.2743142051e+09,7.5361607117e+08,5.1986087355e+08,4.3420929671e+08,3.8842337461e+08,3.0160701941e+08,2.6826188991e+08,2.4746606496e+08,1.9421168731e+08,1.1874978499e+09,6.6679971597e+08,4.3304451835e+08,3.4739294151e+08,3.0160701941e+08,2.1479066421e+08,1.8144553471e+08,1.6064970976e+08,1.0739533211e+08,1.1541527204e+09,6.3345458647e+08,3.9969938885e+08,3.1404781201e+08,2.6826188991e+08,1.8144553471e+08,1.4810040521e+08,1.2730458026e+08,7.4050202606e+07,1.1333568955e+09,6.1265876151e+08,3.7890356390e+08,2.9325198705e+08,2.4746606496e+08,1.6064970976e+08,1.2730458026e+08,1.0650875530e+08,5.3254377652e+07
55,700,50,2.1756283425e+09,1.5989771310e+09,1.3647802456e+09,1.2860317754e+09,1.2451934845e+09,1.1708824537e+09,1.1430299147e+09,1.1264089045e+09,1.0878141712e+09,1.5989771310e+09,1.0223259196e+09,7.8812903411e+08,7.0938056390e+08,6.6854227308e+08,5.9423124224e+08,5.6637870322e+08,5.4975769305e+08,5.1116295978e+08,1.3647802456e+09,7.8812903411e+08,5.5393214867e+08,4.7518367845e+08,4.3434538764e+08,3.6003435680e+08,3.3218181778e+08,3.1556080760e+08,2.7696607434e+08,1.2860317754e+09,7.0938056390e+08,4.7518367845e+08,3.9643520824e+08,3.5559691742e+08,2.8128588658e+08,2.5343334756e+08,2.3681233739e+08,1.9821760412e+08,1.2451934845e+09,6.6854227308e+08,4.3434538764e+08,3.5559691742e+08,3.1475862660e+08,2.4044759577e+08,2.1259505675e+08,1.9597404657e+08,1.5737931330e+08,1.1708824537e+09,5.9423124224e+08,3.6003435680e+08,2.8128588658e+08,2.4044759577e+08,1.6613656493e+08,1.3828402591e+08,1.2166301573e+08,8.3068282466e+07,1.1430299147e+09,5.6637870322e+08,3.3218181778e+08,2.5343334756e+08,2.1259505675e+08,1.3828402591e+08,1.1043148689e+08,9.3810476714e+07,5.5215743445e+07,1.1264089045e+09,5.4975769305e+08,3.1556080760e+08,2.3681233739e+08,1.9597404657e+08,1.2166301573e+08,9.3810476714e+07,7.7189466536e+07,3.8594733268e+07
56,700,60,2.0449980760e+09,1.4726285097e+09,1.2681113932e+09,1.2020217753e+09,1.1675128597e+09,1.1009594639e+09,1.0736654487e+09,1.0571249349e+09,1.0224990380e+09,1.4726285097e+09,9.0025894334e+08,6.9574182689e+08,6.2965220899e+08,5.9514329338e+08,5.2858989753e+08,5.0129588241e+08,4.8475536858e+08,4.5012947167e+08,1.2681113932e+09,6.9574182689e+08,4.9122471045e+08,4.2513509254e+08,3.9062617693e+08,3.2407278109e+08,2.9677876596e+08,2.8023825213e+08,2.4561235522e+08,1.2020217753e+09,6.2965220899e+08,4.2513509254e+08,3.5904547464e+08,3.2453655903e+08,2.5798316318e+08,2.3068914806e+08,2.1414863423e+08,1.7952273732e+08,1.1675128597e+09,5.9514329338e+08,3.9062617693e+08,3.2453655903e+08,2.9002764342e+08,2.2347424757e+08,1.9618023245e+08,1.7963971862e+08,1.4501382171e+08,1.1009594639e+09,5.2858989753e+08,3.2407278109e+08,2.5798316318e+08,2.2347424757e+08,1.5692085173e+08,1.2962683660e+08,1.1308632277e+08,7.8460425865e+07,1.0736654487e+09,5.0129588241e+08,2.9677876596e+08,2.3068914806e+08,1.9618023245e+08,1.2962683660e+08,1.0233282148e+08,8.5792307646e+07,5.1166410738e+07,1.0571249349e+09,4.8475536858e+08,2.8023825213e+08,2.1414863423e+08,1.7963971862e+08,1.1308632277e+08,8.5792307646e+07,6.9251793815e+07,3.4625896907e+07
57,700,70,4.2962891440e+09,3.0595401790e+09,2.6237302412e+09,2.4778372756e+09,2.4059641600e+09,2.2695790146e+09,2.2179715457e+09,2.1899709340e+09,2.1481445720e+09,3.0595401790e+09,1.8227912140e+09,1.3869812762e+09,1.2410883106e+09,1.1692151950e+09,1.0328300496e+09,9.8122258069e+08,9.5322196899e+08,9.1139560699e+08,2.6237302412e+09,1.3869812762e+09,9.5117133836e+08,8.0527837274e+08,7.3340525719e+08,5.9702011180e+08,5.4541264288e+08,5.1741203118e+08,4.7558566918e+08,2.4778372756e+09,1.2410883106e+09,8.0527837274e+08,6.5938540712e+08,5.8751229157e+08,4.5112714618e+08,3.9951967726e+08,3.7151906556e+08,3.2969270356e+08,2.4059641600e+09,1.1692151950e+09,7.3340525719e+08,5.8751229157e+08,5.1563917601e+08,3.7925403062e+08,3.2764656171e+08,2.9964595001e+08,2.5781958801e+08,2.2695790146e+09,1.0328300496e+09,5.9702011180e+08,4.5112714618e+08,3.7925403062e+08,2.4286888524e+08,1.9126141632e+08,1.6326080462e+08,1.2143444262e+08,2.2179715457e+09,9.8122258069e+08,5.4541264288e+08,3.9951967726e+08,3.2764656171e+08,1.9126141632e+08,1.3965394740e+08,1.1165333570e+08,6.9826973701e+07,2.1899709340e+09,9.5322196899e+08,5.1741203118e+08,3.7151906556e+08,2.9964595001e+08,1.6326080462e+08,1.1165333570e+08,8.3652723997e+07,4.1826361999e+07
58,700,80,4.9235637590e+09,3.4981223756e+09,2.9954845351e+09,2.8271531472e+09,2.7453441755e+09,2.5921056177e+09,2.5355044576e+09,2.5051609953e+09,2.4617818795e+09,3.4981223756e+09,2.0726809923e+09,1.5700431518e+09,1.4017117639e+09,1.3199027922e+09,1.1666642344e+09,1.1100630743e+09,1.0797196120e+09,1.0363404962e+09,2.9954845351e+09,1.5700431518e+09,1.0674053112e+09,8.9907392334e+08,8.1726495160e+08,6.6402639383e+08,6.0742523372e+08,5.7708177139e+08,5.3370265559e+08,2.8271531472e+09,1.4017117639e+09,8.9907392334e+08,7.3074253549e+08,6.4893356376e+08,4.9569500598e+08,4.3909384587e+08,4.0875038354e+08,3.6537126774e+08,2.7453441755e+09,1.3199027922e+09,8.1726495160e+08,6.4893356376e+08,5.6712459202e+08,4.1388603425e+08,3.5728487414e+08,3.2694141181e+08,2.8356229601e+08,2.5921056177e+09,1.1666642344e+09,6.6402639383e+08,4.9569500598e+08,4.1388603425e+08,2.6064747647e+08,2.0404631636e+08,1.7370285403e+08,1.3032373824e+08,2.5355044576e+09,1.1100630743e+09,6.0742523372e+08,4.3909384587e+08,3.5728487414e+08,2.0404631636e+08,1.4744515625e+08,1.1710169392e+08,7.3722578123e+07,2.5051609953e+09,1.0797196120e+09,5.7708177139e+08,4.0875038354e+08,3.2694141181e+08,1.7370285403e+08,1.1710169392e+08,8.6758231596e+07,4.3379115798e+07
59,700,90,5.1130068948e+09,3.6305592691e+09,3.1079767468e+09,2.9329789666e+09,2.8481696571e+09,2.6897263891e+09,2.6314984996e+09,2.6003822107e+09,2.5565034474e+09,3.6305592691e+09,2.1481116435e+09,1.6255291211e+09,1.4505313409e+09,1.3657220315e+09,1.2072787635e+09,1.1490508740e+09,1.1179345850e+09,1.0740558217e+09,3.1079767468e+09,1.6255291211e+09,1.1029465987e+09,9.2794881856e+08,8.4313950910e+08,6.8469624112e+08,6.2646835159e+08,5.9535206267e+08,5.5147329937e+08,2.9329789666e+09,1.4505313409e+09,9.2794881856e+08,7.5295103838e+08,6.6814172892e+08,5.0969846094e+08,4.5147057142e+08,4.2035428250e+08,3.7647551919e+08,2.8481696571e+09,1.3657220315e+09,8.4313950910e+08,6.6814172892e+08,5.8333241946e+08,4.2488915148e+08,3.6666126195e+08,3.3554497303e+08,2.9166620973e+08,2.6897263891e+09,1.2072787635e+09,6.8469624112e+08,5.0969846094e+08,4.2488915148e+08,2.6644588350e+08,2.0821799397e+08,1.7710170505e+08,1.3322294175e+08,2.6314984996e+09,1.1490508740e+09,6.2646835159e+08,4.5147057142e+08,3.6666126195e+08,2.0821799397e+08,1.4999010445e+08,1.1887381553e+08,7.4995052224e+07,2.6003822107e+09,1.1179345850e+09,5.9535206267e+08,4.2035428250e+08,3.3554497303e+08,1.7710170505e+08,1.1887381553e+08,8.7757526608e+07,4.3878763304e+07
60,800,0,1.2357937695e+09,9.0399087404e+08,7.6493796970e+08,7.2007363707e+08,6.9827573328e+08,6.6301325850e+08,6.5084996723e+08,6.4342933788e+08,6.1789688476e+08,9.0399087404e+08,5.7218797856e+08,4.3313507421e+08,3.8827074158e+08,3.6647283779e+08,3.3121036302e+08,3.1904707174e+08,3.1162644240e+08,2.8609398928e+08,7.6493796970e+08,4.3313507421e+08,2.9408216986e+08,2.4921783723e+08,2.2741993345e+08,1.9215745867e+08,1.7999416740e+08,1.7257353805e+08,1.4704108493e+08,7.2007363707e+08,3.8827074158e+08,2.4921783723e+08,2.0435350461e+08,1.8255560082e+08,1.4729312604e+08,1.3512983477e+08,1.2770920542e+08,1.0217675230e+08,6.9827573328e+08,3.6647283779e+08,2.2741993345e+08,1.8255560082e+08,1.6075769703e+08,1.2549522225e+08,1.1333193098e+08,1.0591130164e+08,8.0378848515e+07,6.6301325850e+08,3.3121036302e+08,1.9215745867e+08,1.4729312604e+08,1.2549522225e+08,9.0232747474e+07,7.8069456202e+07,7.0648826858e+07,4.5116373737e+07,6.5084996723e+08,3.1904707174e+08,1.7999416740e+08,1.3512983477e+08,1.1333193098e+08,7.8069456202e+07,6.5906164929e+07,5.8485535585e+07,3.2953082465e+07,6.4342933788e+08,3.1162644240e+08,1.7257353805e+08,1.2770920542e+08,1.0591130164e+08,7.0648826858e+07,5.8485535585e+07,5.1064906241e+07,2.5532453120e+07
61,800,10,1.6300462047e+09,1.2133875891e+09,1.0385397805e+09,9.8139998449e+08,9.5291052140e+08,9.0241487224e+08,8.8195783117e+08,8.6803596565e+08,8.1502310233e+08,1.2133875891e+09,7.9672897363e+08,6.2188116497e+08,5.6474136897e+08,5.3625190588e+08,4.8575625672e+08,4.6529921565e+08,4.5137735013e+08,3.9836448681e+08,1.0385397805e+09,6.2188116497e+08,4.4703335632e+08,3.8989356032e+08,3.6140409722e+08,3.1090844807e+08,2.9045140700e+08,2.7652954148e+08,2.2351667816e+08,9.8139998449e+08,5.6474136897e+08,3.8989356032e+08,3.3275376432e+08,3.0426430123e+08,2.5376865207e+08,2.3331161100e+08,2.1938974548e+08,1.6637688216e+08,9.5291052140e+08,5.3625190588e+08,3.6140409722e+08,3.0426430123e+08,2.7577483813e+08,2.2527918897e+08,2.0482214790e+08,1.9090028238e+08,1.3788741907e+08,9.0241487224e+08,4.8575625672e+08,3.1090844807e+08,2.5376865207e+08,2.2527918897e+08,1.7478353982e+08,1.5432649875e+08,1.4040463322e+08,8.7391769908e+07,8.8195783117e+08,4.6529921565e+08,2.9045140700e+08,2.3331161100e+08,2.0482214790e+08,1.5432649875e+08,1.3386945768e+08,1.1994759215e+08,6.6934728838e+07,8.6803596565e+08,4.5137735013e+08,2.7652954148e+08,2.1938974548e+08,1.9090028238e+08,1.4040463322e+08,1.1994759215e+08,1.0602572663e+08,5.3012863316e+07
62,800,20,2.3066187567e+09,1.7575015316e+09,1.5232008830e+09,1.4423889522e+09,1.4002387666e+09,1.3180673467e+09,1.2810450942e+09,1.2542749260e+09,1.1533093784e+09,1.7575015316e+09,1.2083843065e+09,9.7408365785e+08,8.9327172710e+08,8.5112154143e+08,7.6895012157e+08,7.3192786904e+08,7.0515770083e+08,6.0419215323e+08,1.5232008830e+09,9.7408365785e+08,7.3978300923e+08,6.5897107848e+08,6.1682089281e+08,5.3464947295e+08,4.9762722043e+08,4.7085705221e+08,3.6989150462e+08,1.4423889522e+09,8.9327172710e+08,6.5897107848e+08,5.7815914773e+08,5.3600896206e+08,4.5383754220e+08,4.1681528968e+08,3.9004512146e+08,2.8907957387e+08,1.4002387666e+09,8.5112154143e+08,6.1682089281e+08,5.3600896206e+08,4.9385877639e+08,4.1168735653e+08,3.7466510401e+08,3.4789493579e+08,2.4692938820e+08,1.3180673467e+09,7.6895012157e+08,5.3464947295e+08,4.5383754220e+08,4.1168735653e+08,3.2951593667e+08,2.9249368415e+08,2.6572351593e+08,1.6475796834e+08,1.2810450942e+09,7.3192786904e+08,4.9762722043e+08,4.1681528968e+08,3.7466510401e+08,2.9249368415e+08,2.5547143162e+08,2.2870126341e+08,1.2773571581e+08,1.2542749260e+09,7.0515770083e+08,4.7085705221e+08,3.9004512146e+08,3.4789493579e+08,2.6572351593e+08,2.2870126341e+08,2.0193109520e+08,1.0096554760e+08
63,800,30,2.9335315611e+09,2.2711549530e+09,1.9803972035e+09,1.8707218152e+09,1.8102499369e+09,1.6838787433e+09,1.6270504663e+09,1.5878714367e+09,1.4667657806e+09,2.2711549530e+09,1.6087783448e+09,1.3180205953e+09,1.2083452071e+09,1.1478733287e+09,1.0215021352e+09,9.6467385809e+08,9.2549482858e+08,8.0438917241e+08,1.9803972035e+09,1.3180205953e+09,1.0272628458e+09,9.1758745752e+08,8.5711557919e+08,7.3074438564e+08,6.7391610856e+08,6.3473707905e+08,5.1363142288e+08,1.8707218152e+09,1.2083452071e+09,9.1758745752e+08,8.0791206929e+08,7.4744019095e+08,6.2106899740e+08,5.6424072033e+08,5.2506169081e+08,4.0395603465e+08,1.8102499369e+09,1.1478733287e+09,8.5711557919e+08,7.4744019095e+08,6.8696831261e+08,5.6059711907e+08,5.0376884199e+08,4.6458981248e+08,3.4348415631e+08,1.6838787433e+09,1.0215021352e+09,7.3074438564e+08,6.2106899740e+08,5.6059711907e+08,4.3422592552e+08,3.7739764844e+08,3.3821861893e+08,2.1711296276e+08,1.6270504663e+09,9.6467385809e+08,6.7391610856e+08,5.6424072033e+08,5.0376884199e+08,3.7739764844e+08,3.2056937137e+08,2.8139034185e+08,1.6028468568e+08,1.5878714367e+09,9.2549482858e+08,6.3473707905e+08,5.2506169081e+08,4.6458981248e+08,3.3821861893e+08,2.8139034185e+08,2.4221131234e+08,1.2110565617e+08
64,800,40,3.3033342045e+09,2.5394692968e+09,2.1926543474e+09,2.0612767873e+09,1.9890045774e+09,1.8446045471e+09,1.7866643666e+09,1.7497884744e+09,1.6516671022e+09,2.5394692968e+09,1.7756043891e+09,1.4287894397e+09,1.2974118796e+09,1.2251396697e+09,1.0807396394e+09,1.0227994590e+09,9.8592356669e+08,8.8780219457e+08,2.1926543474e+09,1.4287894397e+09,1.0819744903e+09,9.5059693019e+08,8.7832472028e+08,7.3392468998e+08,6.7598450954e+08,6.3910861725e+08,5.4098724513e+08,2.0612767873e+09,1.2974118796e+09,9.5059693019e+08,8.1921937011e+08,7.4694716020e+08,6.0254712991e+08,5.4460694946e+08,5.0773105717e+08,4.0960968505e+08,1.9890045774e+09,1.2251396697e+09,8.7832472028e+08,7.4694716020e+08,6.7467495029e+08,5.3027492000e+08,4.7233473955e+08,4.3545884727e+08,3.3733747515e+08,1.8446045471e+09,1.0807396394e+09,7.3392468998e+08,6.0254712991e+08,5.3027492000e+08,3.8587488970e+08,3.2793470926e+08,2.9105881697e+08,1.9293744485e+08,1.7866643666e+09,1.0227994590e+09,6.7598450954e+08,5.4460694946e+08,4.7233473955e+08,3.2793470926e+08,2.6999452881e+08,2.3311863652e+08,1.3499726440e+08,1.7497884744e+09,9.8592356669e+08,6.3910861725e+08,5.0773105717e+08,4.3545884727e+08,2.9105881697e+08,2.3311863652e+08,1.9624274424e+08,9.8121372119e+07
65,800,50,3.3799741123e+09,2.5018605200e+09,2.1474664791e+09,2.0262251314e+09,1.9620209556e+09,1.8399877008e+09,1.7922358852e+09,1.7628501571e+09,1.6899870562e+09,2.5018605200e+09,1.6237469277e+09,1.2693528868e+09,1.1481115391e+09,1.0839073632e+09,9.6187410847e+08,9.1412229287e+08,8.8473656480e+08,8.1187346384e+08,2.1474664791e+09,1.2693528868e+09,9.1495884588e+08,7.9371749816e+08,7.2951332233e+08,6.0748006757e+08,5.5972825197e+08,5.3034252389e+08,4.5747942294e+08,2.0262251314e+09,1.1481115391e+09,7.9371749816e+08,6.7247615043e+08,6.0827197461e+08,4.8623871985e+08,4.3848690425e+08,4.0910117617e+08,3.3623807522e+08,1.9620209556e+09,1.0839073632e+09,7.2951332233e+08,6.0827197461e+08,5.4406779879e+08,4.2203454403e+08,3.7428272842e+08,3.4489700035e+08,2.7203389940e+08,1.8399877008e+09,9.6187410847e+08,6.0748006757e+08,4.8623871985e+08,4.2203454403e+08,3.0000128927e+08,2.5224947366e+08,2.2286374559e+08,1.5000064463e+08,1.7922358852e+09,9.1412229287e+08,5.5972825197e+08,4.3848690425e+08,3.7428272842e+08,2.5224947366e+08,2.0449765806e+08,1.7511192998e+08,1.0224882903e+08,1.7628501571e+09,8.8473656480e+08,5.3034252389e+08,4.0910117617e+08,3.4489700035e+08,2.2286374559e+08,1.7511192998e+08,1.4572620191e+08,7.2863100955e+07
66,800,60,3.0954879465e+09,2.2466164264e+09,1.9422309029e+09,1.8418793391e+09,1.7884481965e+09,1.6823855256e+09,1.6381153294e+09,1.6107169207e+09,1.5477439733e+09,2.2466164264e+09,1.3977449064e+09,1.0933593828e+09,9.9300781902e+08,9.3957667638e+08,8.3351400555e+08,7.8924380930e+08,7.6184540063e+08,6.9887245318e+08,1.9422309029e+09,1.0933593828e+09,7.8897385934e+08,6.8862229552e+08,6.3519115287e+08,5.2912848205e+08,4.8485828580e+08,4.5745987713e+08,3.9448692967e+08,1.8418793391e+09,9.9300781902e+08,6.8862229552e+08,5.8827073170e+08,5.3483958905e+08,4.2877691823e+08,3.8450672198e+08,3.5710831331e+08,2.9413536585e+08,1.7884481965e+09,9.3957667638e+08,6.3519115287e+08,5.3483958905e+08,4.8140844640e+08,3.7534577558e+08,3.3107557933e+08,3.0367717066e+08,2.4070422320e+08,1.6823855256e+09,8.3351400555e+08,5.2912848205e+08,4.2877691823e+08,3.7534577558e+08,2.6928310476e+08,2.2501290851e+08,1.9761449984e+08,1.3464155238e+08,1.6381153294e+09,7.8924380930e+08,4.8485828580e+08,3.8450672198e+08,3.3107557933e+08,2.2501290851e+08,1.8074271225e+08,1.5334430359e+08,9.0371356127e+07,1.6107169207e+09,7.6184540063e+08,4.5745987713e+08,3.5710831331e+08,3.0367717066e+08,1.9761449984e+08,1.5334430359e+08,1.2594589492e+08,6.2972947459e+07
67,800,70,5.2533746298e+09,3.7655503682e+09,3.2384316137e+09,3.0606917171e+09,2.9713033046e+09,2.7982594480e+09,2.7310238859e+09,2.6931933941e+09,2.6266873149e+09,3.7655503682e+09,2.2777261065e+09,1.7506073520e+09,1.5728674554e+09,1.4834790429e+09,1.3104351864e+09,1.2431996242e+09,1.2053691324e+09,1.1388630533e+09,3.2384316137e+09,1.7506073520e+09,1.2234885975e+09,1.0457487009e+09,9.5636028840e+08,7.8331643185e+08,7.1608086970e+08,6.7825037788e+08,6.1174429874e+08,3.0606917171e+09,1.5728674554e+09,1.0457487009e+09,8.6800880432e+08,7.7862039183e+08,6.0557653527e+08,5.3834097313e+08,5.0051048130e+08,4.3400440216e+08,2.9713033046e+09,1.4834790429e+09,9.5636028840e+08,7.7862039183e+08,6.8923197933e+08,5.1618812278e+08,4.4895256063e+08,4.1112206881e+08,3.4461598967e+08,2.7982594480e+09,1.3104351864e+09,7.8331643185e+08,6.0557653527e+08,5.1618812278e+08,3.4314426623e+08,2.7590870408e+08,2.3807821226e+08,1.7157213311e+08,2.7310238859e+09,1.2431996242e+09,7.1608086970e+08,5.3834097313e+08,4.4895256063e+08,2.7590870408e+08,2.0867314194e+08,1.7084265011e+08,1.0433657097e+08,2.6931933941e+09,1.2053691324e+09,6.7825037788e+08,5.0051048130e+08,4.1112206881e+08,2.3807821226e+08,1.7084265011e+08,1.3301215829e+08,6.6506079143e+07
68,800,80,5.8037059958e+09,4.1465048391e+09,3.5593211647e+09,3.3617058800e+09,3.2639375515e+09,3.0776733171e+09,3.0070922703e+09,2.9679101373e+09,2.9018529979e+09,4.1465048391e+09,2.4893036825e+09,1.9021200080e+09,1.7045047233e+09,1.6067363948e+09,1.4204721604e+09,1.3498911136e+09,1.3107089806e+09,1.2446518412e+09,3.5593211647e+09,1.9021200080e+09,1.3149363335e+09,1.1173210488e+09,1.0195527204e+09,8.3328848592e+08,7.6270743910e+08,7.2352530611e+08,6.5746816675e+08,3.3617058800e+09,1.7045047233e+09,1.1173210488e+09,9.1970576410e+08,8.2193743565e+08,6.3567320122e+08,5.6509215440e+08,5.2591002141e+08,4.5985288205e+08,3.2639375515e+09,1.6067363948e+09,1.0195527204e+09,8.2193743565e+08,7.2416910720e+08,5.3790487277e+08,4.6732382595e+08,4.2814169296e+08,3.6208455360e+08,3.0776733171e+09,1.4204721604e+09,8.3328848592e+08,6.3567320122e+08,5.3790487277e+08,3.5164063834e+08,2.8105959152e+08,2.4187745853e+08,1.7582031917e+08,3.0070922703e+09,1.3498911136e+09,7.6270743910e+08,5.6509215440e+08,4.6732382595e+08,2.8105959152e+08,2.1047854469e+08,1.7129641170e+08,1.0523927235e+08,2.9679101373e+09,1.3107089806e+09,7.2352530611e+08,5.2591002141e+08,4.2814169296e+08,2.4187745853e+08,1.7129641170e+08,1.3211427872e+08,6.6057139358e+07
69,800,90,5.9565853722e+09,4.2523424949e+09,3.6492032250e+09,3.4462736253e+09,3.3462091478e+09,3.1559771527e+09,3.0841901383e+09,3.0444584726e+09,2.9782926861e+09,4.2523424949e+09,2.5480996176e+09,1.9449603478e+09,1.7420307480e+09,1.6419662705e+09,1.4517342754e+09,1.3799472610e+09,1.3402155953e+09,1.2740498088e+09,3.6492032250e+09,1.9449603478e+09,1.3418210779e+09,1.1388914782e+09,1.0388270007e+09,8.4859500557e+08,7.7680799116e+08,7.3707632549e+08,6.7091053896e+08,3.4462736253e+09,1.7420307480e+09,1.1388914782e+09,9.3596187847e+08,8.3589740096e+08,6.4566540585e+08,5.7387839143e+08,5.3414672576e+08,4.6798093924e+08,3.3462091478e+09,1.6419662705e+09,1.0388270007e+09,8.3589740096e+08,7.3583292345e+08,5.4560092834e+08,4.7381391392e+08,4.3408224825e+08,3.6791646173e+08,3.1559771527e+09,1.4517342754e+09,8.4859500557e+08,6.4566540585e+08,5.4560092834e+08,3.5536893323e+08,2.8358191881e+08,2.4385025314e+08,1.7768446662e+08,3.0841901383e+09,1.3799472610e+09,7.7680799116e+08,5.7387839143e+08,4.7381391392e+08,2.8358191881e+08,2.1179490439e+08,1.7206323873e+08,1.0589745220e+08,3.0444584726e+09,1.3402155953e+09,7.3707632549e+08,5.3414672576e+08,4.3408224825e+08,2.4385025314e+08,1.7206323873e+08,1.3233157306e+08,6.6165786528e+07
70,900,0,2.6824970759e+09,1.9875908454e+09,1.6954659810e+09,1.5997040765e+09,1.5523318341e+09,1.4706678443e+09,1.4390932946e+09,1.4182675640e+09,1.3412485380e+09,1.9875908454e+09,1.2926846148e+09,1.0005597504e+09,9.0479784588e+08,8.5742560351e+08,7.7576161372e+08,7.4418706405e+08,7.2336133347e+08,6.4634230740e+08,1.6954659810e+09,1.0005597504e+09,7.0843488603e+08,6.1267298150e+08,5.6530073913e+08,4.8363674934e+08,4.5206219967e+08,4.3123646908e+08,3.5421744302e+08,1.5997040765e+09,9.0479784588e+08,6.1267298150e+08,5.1691107697e+08,4.6953883460e+08,3.8787484481e+08,3.5630029514e+08,3.3547456455e+08,2.5845553849e+08,1.5523318341e+09,8.5742560351e+08,5.6530073913e+08,4.6953883460e+08,4.2216659224e+08,3.4050260244e+08,3.0892805278e+08,2.8810232219e+08,2.1108329612e+08,1.4706678443e+09,7.7576161372e+08,4.8363674934e+08,3.8787484481e+08,3.4050260244e+08,2.5883861265e+08,2.2726406298e+08,2.0643833239e+08,1.2941930632e+08,1.4390932946e+09,7.4418706405e+08,4.5206219967e+08,3.5630029514e+08,3.0892805278e+08,2.2726406298e+08,1.9568951332e+08,1.7486378273e+08,9.7844756658e+07,1.4182675640e+09,7.2336133347e+08,4.3123646908e+08,3.3547456455e+08,2.8810232219e+08,2.0643833239e+08,1.7486378273e+08,1.5403805214e+08,7.7019026069e+07
71,900,10,2.9291581551e+09,2.2086627914e+09,1.9039358790e+09,1.8037847593e+09,1.7528254145e+09,1.6572500545e+09,1.6151806969e+09,1.5848173597e+09,1.4645790775e+09,2.2086627914e+09,1.4881674277e+09,1.1834405154e+09,1.0832893956e+09,1.0323300509e+09,9.3675469085e+08,8.9468533319e+08,8.6432199606e+08,7.4408371385e+08,1.9039358790e+09,1.1834405154e+09,8.7871360304e+08,7.7856248328e+08,7.2760313854e+08,6.3202777851e+08,5.8995842086e+08,5.5959508373e+08,4.3935680152e+08,1.8037847593e+09,1.0832893956e+09,7.7856248328e+08,6.7841136351e+08,6.2745201878e+08,5.3187665875e+08,4.8980730109e+08,4.5944396397e+08,3.3920568176e+08,1.7528254145e+09,1.0323300509e+09,7.2760313854e+08,6.2745201878e+08,5.7649267404e+08,4.8091731401e+08,4.3884795636e+08,4.0848461923e+08,2.8824633702e+08,1.6572500545e+09,9.3675469085e+08,6.3202777851e+08,5.3187665875e+08,4.8091731401e+08,3.8534195399e+08,3.4327259633e+08,3.1290925921e+08,1.9267097699e+08,1.6151806969e+09,8.9468533319e+08,5.8995842086e+08,4.8980730109e+08,4.3884795636e+08,3.4327259633e+08,3.0120323868e+08,2.7083990155e+08,1.5060161934e+08,1.5848173597e+09,8.6432199606e+08,5.5959508373e+08,4.5944396397e+08,4.0848461923e+08,3.1290925921e+08,2.7083990155e+08,2.4047656442e+08,1.2023828221e+08
72,900,20,3.5721931777e+09,2.7650498631e+09,2.4190060805e+09,2.2964548330e+09,2.2304845513e+09,2.0933228875e+09,2.0273500718e+09,1.9775872468e+09,1.7860965888e+09,2.7650498631e+09,1.9579065486e+09,1.6118627659e+09,1.4893115185e+09,1.4233412367e+09,1.2861795730e+09,1.2202067572e+09,1.1704439322e+09,9.7895327429e+08,2.4190060805e+09,1.6118627659e+09,1.2658189833e+09,1.1432677358e+09,1.0772974540e+09,9.4013579030e+08,8.7416297456e+08,8.2440014957e+08,6.3290949163e+08,2.2964548330e+09,1.4893115185e+09,1.1432677358e+09,1.0207164883e+09,9.5474620659e+08,8.1758454284e+08,7.5161172710e+08,7.0184890212e+08,5.1035824417e+08,2.2304845513e+09,1.4233412367e+09,1.0772974540e+09,9.5474620659e+08,8.8877592485e+08,7.5161426109e+08,6.8564144536e+08,6.3587862037e+08,4.4438796242e+08,2.0933228875e+09,1.2861795730e+09,9.4013579030e+08,8.1758454284e+08,7.5161426109e+08,6.1445259734e+08,5.4847978160e+08,4.9871695662e+08,3.0722629867e+08,2.0273500718e+09,1.2202067572e+09,8.7416297456e+08,7.5161172710e+08,6.8564144536e+08,5.4847978160e+08,4.8250696586e+08,4.3274414088e+08,2.4125348293e+08,1.9775872468e+09,1.1704439322e+09,8.2440014957e+08,7.0184890212e+08,6.3587862037e+08,4.9871695662e+08,4.3274414088e+08,3.8298131589e+08,1.9149065795e+08
73,900,30,4.2762976021e+09,3.3618959045e+09,2.9568778240e+09,2.7973919824e+09,2.7061945775e+09,2.5045715011e+09,2.4109026364e+09,2.3450910138e+09,2.1381488011e+09,3.3618959045e+09,2.4474942069e+09,2.0424761264e+09,1.8829902847e+09,1.7917928799e+09,1.5901698035e+09,1.4965009388e+09,1.4306893162e+09,1.2237471035e+09,2.9568778240e+09,2.0424761264e+09,1.6374580458e+09,1.4779722042e+09,1.3867747993e+09,1.1851517229e+09,1.0914828582e+09,1.0256712357e+09,8.1872902291e+08,2.7973919824e+09,1.8829902847e+09,1.4779722042e+09,1.3184863626e+09,1.2272889577e+09,1.0256658813e+09,9.3199701658e+08,8.6618539404e+08,6.5924318129e+08,2.7061945775e+09,1.7917928799e+09,1.3867747993e+09,1.2272889577e+09,1.1360915529e+09,9.3446847643e+08,8.4079961173e+08,7.7498798919e+08,5.6804577643e+08,2.5045715011e+09,1.5901698035e+09,1.1851517229e+09,1.0256658813e+09,9.3446847643e+08,7.3284540000e+08,6.3917653530e+08,5.7336491276e+08,3.6642270000e+08,2.4109026364e+09,1.4965009388e+09,1.0914828582e+09,9.3199701658e+08,8.4079961173e+08,6.3917653530e+08,5.4550767060e+08,4.7969604806e+08,2.7275383530e+08,2.3450910138e+09,1.4306893162e+09,1.0256712357e+09,8.6618539404e+08,7.7498798919e+08,5.7336491276e+08,4.7969604806e+08,4.1388442552e+08,2.0694221276e+08
74,900,40,4.8131624713e+09,3.7354011546e+09,3.2422203313e+09,3.0497713696e+09,2.9417934095e+09,2.7194231060e+09,2.6283456555e+09,2.5692716871e+09,2.4065812356e+09,3.7354011546e+09,2.6576398378e+09,2.1644590146e+09,1.9720100528e+09,1.8640320928e+09,1.6416617892e+09,1.5505843387e+09,1.4915103704e+09,1.3288199189e+09,3.2422203313e+09,2.1644590146e+09,1.6712781913e+09,1.4788292296e+09,1.3708512695e+09,1.1484809660e+09,1.0574035155e+09,9.9832954711e+08,8.3563909565e+08,3.0497713696e+09,1.9720100528e+09,1.4788292296e+09,1.2863802678e+09,1.1784023078e+09,9.5603200425e+08,8.6495455376e+08,8.0588058538e+08,6.4319013392e+08,2.9417934095e+09,1.8640320928e+09,1.3708512695e+09,1.1784023078e+09,1.0704243478e+09,8.4805404421e+08,7.5697659372e+08,6.9790262534e+08,5.3521217388e+08,2.7194231060e+09,1.6416617892e+09,1.1484809660e+09,9.5603200425e+08,8.4805404421e+08,6.2568374066e+08,5.3460629017e+08,4.7553232179e+08,3.1284187033e+08,2.6283456555e+09,1.5505843387e+09,1.0574035155e+09,8.6495455376e+08,7.5697659372e+08,5.3460629017e+08,4.4352883968e+08,3.8445487130e+08,2.2176441984e+08,2.5692716871e+09,1.4915103704e+09,9.9832954711e+08,8.0588058538e+08,6.9790262534e+08,4.7553232179e+08,3.8445487130e+08,3.2538090291e+08,1.6269045146e+08
75,900,50,4.9905249365e+09,3.7126592670e+09,3.1996359853e+09,3.0218232229e+09,2.9263356531e+09,2.7401376975e+09,2.6656643535e+09,2.6186338877e+09,2.4952624682e+09,3.7126592670e+09,2.4347935976e+09,1.9217703158e+09,1.7439575534e+09,1.6484699836e+09,1.4622720280e+09,1.3877986840e+09,1.3407682182e+09,1.2173967988e+09,3.1996359853e+09,1.9217703158e+09,1.4087470341e+09,1.2309342717e+09,1.1354467019e+09,9.4924874629e+08,8.7477540229e+08,8.2774493649e+08,7.0437351705e+08,3.0218232229e+09,1.7439575534e+09,1.2309342717e+09,1.0531215093e+09,9.5763393950e+08,7.7143598390e+08,6.9696263990e+08,6.4993217410e+08,5.2656075466e+08,2.9263356531e+09,1.6484699836e+09,1.1354467019e+09,9.5763393950e+08,8.6214636970e+08,6.7594841409e+08,6.0147507009e+08,5.5444460429e+08,4.3107318485e+08,2.7401376975e+09,1.4622720280e+09,9.4924874629e+08,7.7143598390e+08,6.7594841409e+08,4.8975045848e+08,4.1527711448e+08,3.6824664869e+08,2.4487522924e+08,2.6656643535e+09,1.3877986840e+09,8.7477540229e+08,6.9696263990e+08,6.0147507009e+08,4.1527711448e+08,3.4080377048e+08,2.9377330469e+08,1.7040188524e+08,2.6186338877e+09,1.3407682182e+09,8.2774493649e+08,6.4993217410e+08,5.5444460429e+08,3.6824664869e+08,2.9377330469e+08,2.4674283889e+08,1.2337141945e+08
76,900,60,4.4967412796e+09,3.2878166470e+09,2.8514566727e+09,2.7050480311e+09,2.6259777739e+09,2.4659031402e+09,2.3982892240e+09,2.3554115566e+09,2.2483706398e+09,3.2878166470e+09,2.0788920144e+09,1.6425320401e+09,1.4961233985e+09,1.4170531413e+09,1.2569785076e+09,1.1893645914e+09,1.1464869240e+09,1.0394460072e+09,2.8514566727e+09,1.6425320401e+09,1.2061720657e+09,1.0597634242e+09,9.8069316701e+08,8.2061853329e+08,7.5300461706e+08,7.1012694967e+08,6.0308603286e+08,2.7050480311e+09,1.4961233985e+09,1.0597634242e+09,9.1335478269e+08,8.3428452549e+08,6.7420989178e+08,6.0659597555e+08,5.6371830816e+08,4.5667739135e+08,2.6259777739e+09,1.4170531413e+09,9.8069316701e+08,8.3428452549e+08,7.5521426830e+08,5.9513963459e+08,5.2752571836e+08,4.8464805097e+08,3.7760713415e+08,2.4659031402e+09,1.2569785076e+09,8.2061853329e+08,6.7420989178e+08,5.9513963459e+08,4.3506500088e+08,3.6745108464e+08,3.2457341725e+08,2.1753250044e+08,2.3982892240e+09,1.1893645914e+09,7.5300461706e+08,6.0659597555e+08,5.2752571836e+08,3.6745108464e+08,2.9983716841e+08,2.5695950102e+08,1.4991858421e+08,2.3554115566e+09,1.1464869240e+09,7.1012694967e+08,5.6371830816e+08,4.8464805097e+08,3.2457341725e+08,2.5695950102e+08,2.1408183363e+08,1.0704091682e+08
77,900,70,6.5549251809e+09,4.7344428357e+09,4.0850066697e+09,3.8638638906e+09,3.7504086686e+09,3.5265345458e+09,3.4373814534e+09,3.3850463662e+09,3.2774625904e+09,4.7344428357e+09,2.9139604905e+09,2.2645243244e+09,2.0433815454e+09,1.9299263234e+09,1.7060522006e+09,1.6168991082e+09,1.5645640209e+09,1.4569802452e+09,4.0850066697e+09,2.2645243244e+09,1.6150881584e+09,1.3939453794e+09,1.2804901574e+09,1.0566160346e+09,9.6746294215e+08,9.1512785493e+08,8.0754407921e+08,3.8638638906e+09,2.0433815454e+09,1.3939453794e+09,1.1728026003e+09,1.0593473783e+09,8.3547325553e+08,7.4632016308e+08,6.9398507585e+08,5.8640130014e+08,3.7504086686e+09,1.9299263234e+09,1.2804901574e+09,1.0593473783e+09,9.4589215633e+08,7.2201803356e+08,6.3286494110e+08,5.8052985388e+08,4.7294607816e+08,3.5265345458e+09,1.7060522006e+09,1.0566160346e+09,8.3547325553e+08,7.2201803356e+08,4.9814391079e+08,4.0899081833e+08,3.5665573111e+08,2.4907195539e+08,3.4373814534e+09,1.6168991082e+09,9.6746294215e+08,7.4632016308e+08,6.3286494110e+08,4.0899081833e+08,3.1983772587e+08,2.6750263865e+08,1.5991886294e+08,3.3850463662e+09,1.5645640209e+09,9.1512785493e+08,6.9398507585e+08,5.8052985388e+08,3.5665573111e+08,2.6750263865e+08,2.1516755143e+08,1.0758377572e+08
78,900,80,6.9973843985e+09,5.0405866421e+09,4.3404091178e+09,4.1020892071e+09,3.9816485619e+09,3.7473937360e+09,3.6561787447e+09,3.6033354905e+09,3.4986921992e+09,5.0405866421e+09,3.0837888858e+09,2.3836113614e+09,2.1452914508e+09,2.0248508056e+09,1.7905959797e+09,1.6993809883e+09,1.6465377342e+09,1.5418944429e+09,4.3404091178e+09,2.3836113614e+09,1.6834338370e+09,1.4451139264e+09,1.3246732812e+09,1.0904184553e+09,9.9920346396e+08,9.4636020984e+08,8.4171691852e+08,4.1020892071e+09,2.1452914508e+09,1.4451139264e+09,1.2067940157e+09,1.0863533705e+09,8.5209854460e+08,7.6088355330e+08,7.0804029918e+08,6.0339700786e+08,3.9816485619e+09,2.0248508056e+09,1.3246732812e+09,1.0863533705e+09,9.6591272536e+08,7.3165789942e+08,6.4044290812e+08,5.8759965400e+08,4.8295636268e+08,3.7473937360e+09,1.7905959797e+09,1.0904184553e+09,8.5209854460e+08,7.3165789942e+08,4.9740307348e+08,4.0618808218e+08,3.5334482806e+08,2.4870153674e+08,3.6561787447e+09,1.6993809883e+09,9.9920346396e+08,7.6088355330e+08,6.4044290812e+08,4.0618808218e+08,3.1497309087e+08,2.6212983675e+08,1.5748654543e+08,3.6033354905e+09,1.6465377342e+09,9.4636020984e+08,7.0804029918e+08,5.8759965400e+08,3.5334482806e+08,2.6212983675e+08,2.0928658263e+08,1.0464329132e+08
79,900,90,7.1420991102e+09,5.1380733575e+09,4.4216170110e+09,4.1781165754e+09,4.0555835801e+09,3.8183290315e+09,3.7265994889e+09,3.6737759745e+09,3.5710495551e+09,5.1380733575e+09,3.1340476048e+09,2.4175912583e+09,2.1740908228e+09,2.0515578275e+09,1.8143032788e+09,1.7225737362e+09,1.6697502218e+09,1.5670238024e+09,4.4216170110e+09,2.4175912583e+09,1.7011349118e+09,1.4576344762e+09,1.3351014809e+09,1.0978469323e+09,1.0061173897e+09,9.5329387534e+08,8.5056745590e+08,4.1781165754e+09,2.1740908228e+09,1.4576344762e+09,1.2141340407e+09,1.0916010454e+09,8.5434649676e+08,7.6261695411e+08,7.0979343979e+08,6.0706702035e+08,4.0555835801e+09,2.0515578275e+09,1.3351014809e+09,1.0916010454e+09,9.6906805010e+08,7.3181350146e+08,6.4008395881e+08,5.8726044449e+08,4.8453402505e+08,3.8183290315e+09,1.8143032788e+09,1.0978469323e+09,8.5434649676e+08,7.3181350146e+08,4.9455895281e+08,4.0282941017e+08,3.5000589585e+08,2.4727947641e+08,3.7265994889e+09,1.7225737362e+09,1.0061173897e+09,7.6261695411e+08,6.4008395881e+08,4.0282941017e+08,3.1109986752e+08,2.5827635320e+08,1.5554993376e+08,3.6737759745e+09,1.6697502218e+09,9.5329387534e+08,7.0979343979e+08,5.8726044449e+08,3.5000589585e+08,2.5827635320e+08,2.0545283888e+08,1.0272641944e+08
80,1000,0,4.8337892581e+09,3.6373281903e+09,3.1326460202e+09,2.9658520482e+09,2.8812141644e+09,2.7235935120e+09,2.6550682056e+09,2.6063910262e+09,2.4168946290e+09,3.6373281903e+09,2.4408671226e+09,1.9361849525e+09,1.7693909805e+09,1.6847530967e+09,1.5271324443e+09,1.4586071379e+09,1.4099299584e+09,1.2204335613e+09,3.1326460202e+09,1.9361849525e+09,1.4315027824e+09,1.2647088104e+09,1.1800709266e+09,1.0224502742e+09,9.5392496778e+08,9.0524778834e+08,7.1575139121e+08,2.9658520482e+09,1.7693909805e+09,1.2647088104e+09,1.0979148383e+09,1.0132769546e+09,8.5565630219e+08,7.8713099573e+08,7.3845381630e+08,5.4895741917e+08,2.8812141644e+09,1.6847530967e+09,1.1800709266e+09,1.0132769546e+09,9.2863907080e+08,7.7101841841e+08,7.0249311196e+08,6.5381593252e+08,4.6431953540e+08,2.7235935120e+09,1.5271324443e+09,1.0224502742e+09,8.5565630219e+08,7.7101841841e+08,6.1339776603e+08,5.4487245958e+08,4.9619528014e+08,3.0669888302e+08,2.6550682056e+09,1.4586071379e+09,9.5392496778e+08,7.8713099573e+08,7.0249311196e+08,5.4487245958e+08,4.7634715312e+08,4.2766997368e+08,2.3817357656e+08,2.6063910262e+09,1.4099299584e+09,9.0524778834e+08,7.3845381630e+08,6.5381593252e+08,4.9619528014e+08,4.2766997368e+08,3.7899279425e+08,1.8949639712e+08
81,1000,10,4.9025313238e+09,3.7496091234e+09,3.2563822702e+09,3.0909116225e+09,3.0047226967e+09,2.8346310369e+09,2.7551957481e+09,2.6953045177e+09,2.4512656619e+09,3.7496091234e+09,2.5966869230e+09,2.1034600698e+09,1.9379894221e+09,1.8518004963e+09,1.6817088366e+09,1.6022735477e+09,1.5423823173e+09,1.2983434615e+09,3.2563822702e+09,2.1034600698e+09,1.6102332166e+09,1.4447625689e+09,1.3585736431e+09,1.1884819833e+09,1.1090466945e+09,1.0491554641e+09,8.0511660828e+08,3.0909116225e+09,1.9379894221e+09,1.4447625689e+09,1.2792919211e+09,1.1931029954e+09,1.0230113356e+09,9.4357604677e+08,8.8368481640e+08,6.3964596057e+08,3.0047226967e+09,1.8518004963e+09,1.3585736431e+09,1.1931029954e+09,1.1069140696e+09,9.3682240988e+08,8.5738712101e+08,7.9749589065e+08,5.5345703482e+08,2.8346310369e+09,1.6817088366e+09,1.1884819833e+09,1.0230113356e+09,9.3682240988e+08,7.6673075011e+08,6.8729546124e+08,6.2740423088e+08,3.8336537505e+08,2.7551957481e+09,1.6022735477e+09,1.1090466945e+09,9.4357604677e+08,8.5738712101e+08,6.8729546124e+08,6.0786017238e+08,5.4796894202e+08,3.0393008619e+08,2.6953045177e+09,1.5423823173e+09,1.0491554641e+09,8.8368481640e+08,7.9749589065e+08,6.2740423088e+08,5.4796894202e+08,4.8807771166e+08,2.4403885583e+08
82,1000,20,5.2477180103e+09,4.1250122402e+09,3.6389158824e+09,3.4596911028e+09,3.3601491710e+09,3.1422386752e+09,3.0332235937e+09,2.9490902115e+09,2.6238590052e+09,4.1250122402e+09,3.0023064701e+09,2.5162101123e+09,2.3369853327e+09,2.2374434009e+09,2.0195329051e+09,1.9105178236e+09,1.8263844414e+09,1.5011532350e+09,3.6389158824e+09,2.5162101123e+09,2.0301137546e+09,1.8508889749e+09,1.7513470431e+09,1.5334365473e+09,1.4244214658e+09,1.3402880837e+09,1.0150568773e+09,3.4596911028e+09,2.3369853327e+09,1.8508889749e+09,1.6716641953e+09,1.5721222635e+09,1.3542117677e+09,1.2451966862e+09,1.1610633040e+09,8.3583209765e+08,3.3601491710e+09,2.2374434009e+09,1.7513470431e+09,1.5721222635e+09,1.4725803317e+09,1.2546698359e+09,1.1456547544e+09,1.0615213722e+09,7.3629016585e+08,3.1422386752e+09,2.0195329051e+09,1.5334365473e+09,1.3542117677e+09,1.2546698359e+09,1.0367593400e+09,9.2774425853e+08,8.4361087640e+08,5.1837967001e+08,3.0332235937e+09,1.9105178236e+09,1.4244214658e+09,1.2451966862e+09,1.1456547544e+09,9.2774425853e+08,8.1872917704e+08,7.3459579491e+08,4.0936458852e+08,2.9490902115e+09,1.8263844414e+09,1.3402880837e+09,1.1610633040e+09,1.0615213722e+09,8.4361087640e+08,7.3459579491e+08,6.5046241278e+08,3.2523120639e+08
83,1000,30,6.1908919040e+09,4.9326004570e+09,4.3607347432e+09,4.1243127747e+09,3.9850664668e+09,3.6671721467e+09,3.5197760238e+09,3.4167153503e+09,3.0954459520e+09,4.9326004570e+09,3.6743090101e+09,3.1024432962e+09,2.8660213278e+09,2.7267750198e+09,2.4088806997e+09,2.2614845768e+09,2.1584239033e+09,1.8371545050e+09,4.3607347432e+09,3.1024432962e+09,2.5305775824e+09,2.2941556139e+09,2.1549093060e+09,1.8370149859e+09,1.6896188630e+09,1.5865581895e+09,1.2652887912e+09,4.1243127747e+09,2.8660213278e+09,2.2941556139e+09,2.0577336455e+09,1.9184873375e+09,1.6005930174e+09,1.4531968945e+09,1.3501362210e+09,1.0288668227e+09,3.9850664668e+09,2.7267750198e+09,2.1549093060e+09,1.9184873375e+09,1.7792410296e+09,1.4613467094e+09,1.3139505865e+09,1.2108899130e+09,8.8962051478e+08,3.6671721467e+09,2.4088806997e+09,1.8370149859e+09,1.6005930174e+09,1.4613467094e+09,1.1434523893e+09,9.9605626642e+08,8.9299559292e+08,5.7172619465e+08,3.5197760238e+09,2.2614845768e+09,1.6896188630e+09,1.4531968945e+09,1.3139505865e+09,9.9605626642e+08,8.4866014353e+08,7.4559947003e+08,4.2433007176e+08,3.4167153503e+09,2.1584239033e+09,1.5865581895e+09,1.3501362210e+09,1.2108899130e+09,8.9299559292e+08,7.4559947003e+08,6.4253879653e+08,3.2126939827e+08
84,1000,40,7.5955654594e+09,5.8599465829e+09,5.0817180693e+09,4.7812485681e+09,4.6134920266e+09,4.2722256392e+09,4.1350680882e+09,4.0462026328e+09,3.7977827297e+09,5.8599465829e+09,4.1243277064e+09,3.3460991928e+09,3.0456296916e+09,2.8778731502e+09,2.5366067628e+09,2.3994492117e+09,2.3105837563e+09,2.0621638532e+09,5.0817180693e+09,3.3460991928e+09,2.5678706792e+09,2.2674011780e+09,2.0996446366e+09,1.7583782492e+09,1.6212206981e+09,1.5323552427e+09,1.2839353396e+09,4.7812485681e+09,3.0456296916e+09,2.2674011780e+09,1.9669316768e+09,1.7991751353e+09,1.4579087479e+09,1.3207511969e+09,1.2318857415e+09,9.8346583838e+08,4.6134920266e+09,2.8778731502e+09,2.0996446366e+09,1.7991751353e+09,1.6314185939e+09,1.2901522065e+09,1.1529946554e+09,1.0641292001e+09,8.1570929695e+08,4.2722256392e+09,2.5366067628e+09,1.7583782492e+09,1.4579087479e+09,1.2901522065e+09,9.4888581913e+08,8.1172826805e+08,7.2286281267e+08,4.7444290956e+08,4.1350680882e+09,2.3994492117e+09,1.6212206981e+09,1.3207511969e+09,1.1529946554e+09,8.1172826805e+08,6.7457071697e+08,5.8570526159e+08,3.3728535849e+08,4.0462026328e+09,2.3105837563e+09,1.5323552427e+09,1.2318857415e+09,1.0641292001e+09,7.2286281267e+08,5.8570526159e+08,4.9683980621e+08,2.4841990311e+08
85,1000,50,7.4156624451e+09,5.5231171290e+09,4.7671904839e+09,4.5030564887e+09,4.3603817378e+09,4.0804573506e+09,3.9689282802e+09,3.8980254434e+09,3.7078312226e+09,5.5231171290e+09,3.6305718128e+09,2.8746451677e+09,2.6105111725e+09,2.4678364217e+09,2.1879120345e+09,2.0763829640e+09,2.0054801273e+09,1.8152859064e+09,4.7671904839e+09,2.8746451677e+09,2.1187185226e+09,1.8545845274e+09,1.7119097766e+09,1.4319853894e+09,1.3204563189e+09,1.2495534822e+09,1.0593592613e+09,4.5030564887e+09,2.6105111725e+09,1.8545845274e+09,1.5904505322e+09,1.4477757814e+09,1.1678513942e+09,1.0563223237e+09,9.8541948696e+08,7.9522526610e+08,4.3603817378e+09,2.4678364217e+09,1.7119097766e+09,1.4477757814e+09,1.3051010305e+09,1.0251766433e+09,9.1364757285e+08,8.4274473611e+08,6.5255051526e+08,4.0804573506e+09,2.1879120345e+09,1.4319853894e+09,1.1678513942e+09,1.0251766433e+09,7.4525225614e+08,6.3372318566e+08,5.6282034892e+08,3.7262612807e+08,3.9689282802e+09,2.0763829640e+09,1.3204563189e+09,1.0563223237e+09,9.1364757285e+08,6.3372318566e+08,5.2219411518e+08,4.5129127844e+08,2.6109705759e+08,3.8980254434e+09,2.0054801273e+09,1.2495534822e+09,9.8541948696e+08,8.4274473611e+08,5.6282034892e+08,4.5129127844e+08,3.8038844171e+08,1.9019422085e+08
86,1000,60,6.5752657755e+09,4.8297850042e+09,4.1916333547e+09,3.9742499520e+09,3.8560507279e+09,3.6162251257e+09,3.5160290398e+09,3.4522130027e+09,3.2876328878e+09,4.8297850042e+09,3.0843042328e+09,2.4461525833e+09,2.2287691807e+09,2.1105699565e+09,1.8707443543e+09,1.7705482684e+09,1.7067322314e+09,1.5421521164e+09,4.1916333547e+09,2.4461525833e+09,1.8080009338e+09,1.5906175312e+09,1.4724183070e+09,1.2325927048e+09,1.1323966189e+09,1.0685805819e+09,9.0400046692e+08,3.9742499520e+09,2.2287691807e+09,1.5906175312e+09,1.3732341285e+09,1.2550349044e+09,1.0152093021e+09,9.1501321629e+08,8.5119717922e+08,6.8661706426e+08,3.8560507279e+09,2.1105699565e+09,1.4724183070e+09,1.2550349044e+09,1.1368356802e+09,8.9701007801e+08,7.9681399215e+08,7.3299795508e+08,5.6841784012e+08,3.6162251257e+09,1.8707443543e+09,1.2325927048e+09,1.0152093021e+09,8.9701007801e+08,6.5718447577e+08,5.5698838991e+08,4.9317235284e+08,3.2859223788e+08,3.5160290398e+09,1.7705482684e+09,1.1323966189e+09,9.1501321629e+08,7.9681399215e+08,5.5698838991e+08,4.5679230405e+08,3.9297626698e+08,2.2839615203e+08,3.4522130027e+09,1.7067322314e+09,1.0685805819e+09,8.5119717922e+08,7.3299795508e+08,4.9317235284e+08,3.9297626698e+08,3.2916022991e+08,1.6458011496e+08
87,1000,70,8.4282414269e+09,6.1268304414e+09,5.2964238738e+09,5.0108273052e+09,4.8618603585e+09,4.5653101667e+09,4.4464169422e+09,4.3748762830e+09,4.2141207135e+09,6.1268304414e+09,3.8254194558e+09,2.9950128883e+09,2.7094163196e+09,2.5604493729e+09,2.2638991812e+09,2.1450059566e+09,2.0734652975e+09,1.9127097279e+09,5.2964238738e+09,2.9950128883e+09,2.1646063207e+09,1.8790097521e+09,1.7300428054e+09,1.4334926136e+09,1.3145993891e+09,1.2430587299e+09,1.0823031604e+09,5.0108273052e+09,2.7094163196e+09,1.8790097521e+09,1.5934131834e+09,1.4444462367e+09,1.1478960450e+09,1.0290028204e+09,9.5746216130e+08,7.9670659172e+08,4.8618603585e+09,2.5604493729e+09,1.7300428054e+09,1.4444462367e+09,1.2954792900e+09,9.9892909831e+08,8.8003587373e+08,8.0849521461e+08,6.4773964502e+08,4.5653101667e+09,2.2638991812e+09,1.4334926136e+09,1.1478960450e+09,9.9892909831e+08,7.0237890657e+08,5.8348568199e+08,5.1194502287e+08,3.5118945328e+08,4.4464169422e+09,2.1450059566e+09,1.3145993891e+09,1.0290028204e+09,8.8003587373e+08,5.8348568199e+08,4.6459245741e+08,3.9305179829e+08,2.3229622871e+08,4.3748762830e+09,2.0734652975e+09,1.2430587299e+09,9.5746216130e+08,8.0849521461e+08,5.1194502287e+08,3.9305179829e+08,3.2151113917e+08,1.6075556958e+08
88,1000,80,8.7597474118e+09,6.3567157441e+09,5.4852018656e+09,5.1853546432e+09,5.0309875613e+09,4.7271927240e+09,4.6074754602e+09,4.5361777123e+09,4.3798737059e+09,6.3567157441e+09,3.9536840764e+09,3.0821701979e+09,2.7823229755e+09,2.6279558935e+09,2.3241610563e+09,2.2044437924e+09,2.1331460446e+09,1.9768420382e+09,5.4852018656e+09,3.0821701979e+09,2.2106563194e+09,1.9108090970e+09,1.7564420150e+09,1.4526471778e+09,1.3329299139e+09,1.2616321660e+09,1.1053281597e+09,5.1853546432e+09,2.7823229755e+09,1.9108090970e+09,1.6109618745e+09,1.4565947926e+09,1.1527999553e+09,1.0330826915e+09,9.6178494362e+08,8.0548093727e+08,5.0309875613e+09,2.6279558935e+09,1.7564420150e+09,1.4565947926e+09,1.3022277107e+09,9.9843287339e+08,8.7871560956e+08,8.0741786168e+08,6.5111385533e+08,4.7271927240e+09,2.3241610563e+09,1.4526471778e+09,1.1527999553e+09,9.9843287339e+08,6.9463803611e+08,5.7492077229e+08,5.0362302441e+08,3.4731901806e+08,4.6074754602e+09,2.2044437924e+09,1.3329299139e+09,1.0330826915e+09,8.7871560956e+08,5.7492077229e+08,4.5520350846e+08,3.8390576058e+08,2.2760175423e+08,4.5361777123e+09,2.1331460446e+09,1.2616321660e+09,9.6178494362e+08,8.0741786168e+08,5.0362302441e+08,3.8390576058e+08,3.1260801270e+08,1.5630400635e+08
89,1000,90,8.8902253636e+09,6.4454501868e+09,5.5589720508e+09,5.2543036356e+09,5.0980115364e+09,4.7915695745e+09,4.6714273121e+09,4.6001117005e+09,4.4451126818e+09,6.4454501868e+09,4.0006750099e+09,3.1141968739e+09,2.8095284587e+09,2.6532363595e+09,2.3467943977e+09,2.2266521352e+09,2.1553365237e+09,2.0003375049e+09,5.5589720508e+09,3.1141968739e+09,2.2277187379e+09,1.9230503227e+09,1.7667582235e+09,1.4603162617e+09,1.3401739992e+09,1.2688583876e+09,1.1138593689e+09,5.2543036356e+09,2.8095284587e+09,1.9230503227e+09,1.6183819075e+09,1.4620898083e+09,1.1556478465e+09,1.0355055840e+09,9.6418997247e+08,8.0919095376e+08,5.0980115364e+09,2.6532363595e+09,1.7667582235e+09,1.4620898083e+09,1.3057977091e+09,9.9935574725e+08,8.7921348479e+08,8.0789787325e+08,6.5289885454e+08,4.7915695745e+09,2.3467943977e+09,1.4603162617e+09,1.1556478465e+09,9.9935574725e+08,6.9291378543e+08,5.7277152297e+08,5.0145591143e+08,3.4645689272e+08,4.6714273121e+09,2.2266521352e+09,1.3401739992e+09,1.0355055840e+09,8.7921348479e+08,5.7277152297e+08,4.5262926050e+08,3.8131364896e+08,2.2631463025e+08,4.6001117005e+09,2.1553365237e+09,1.2688583876e+09,9.6418997247e+08,8.0789787325e+08,5.0145591143e+08,3.8131364896e+08,3.0999803742e+08,1.5499901871e+08
90,1100,0,8.0109887330e+09,6.1302615831e+09,5.3306841784e+09,5.0624686373e+09,4.9222879768e+09,4.6417545462e+09,4.5085576384e+09,4.4083961815e+09,4.0054943665e+09,6.1302615831e+09,4.2495344332e+09,3.4499570285e+09,3.1817414874e+09,3.0415608269e+09,2.7610273964e+09,2.6278304885e+09,2.5276690317e+09,2.1247672166e+09,5.3306841784e+09,3.4499570285e+09,2.6503796239e+09,2.3821640827e+09,2.2419834223e+09,1.9614499917e+09,1.8282530839e+09,1.7280916270e+09,1.3251898119e+09,5.0624686373e+09,3.1817414874e+09,2.3821640827e+09,2.1139485415e+09,1.9737678811e+09,1.6932344505e+09,1.5600375427e+09,1.4598760858e+09,1.0569742708e+09,4.9222879768e+09,3.0415608269e+09,2.2419834223e+09,1.9737678811e+09,1.8335872206e+09,1.5530537901e+09,1.4198568823e+09,1.3196954254e+09,9.1679361032e+08,4.6417545462e+09,2.7610273964e+09,1.9614499917e+09,1.6932344505e+09,1.5530537901e+09,1.2725203595e+09,1.1393234517e+09,1.0391619948e+09,6.3626017976e+08,4.5085576384e+09,2.6278304885e+09,1.8282530839e+09,1.5600375427e+09,1.4198568823e+09,1.1393234517e+09,1.0061265439e+09,9.0596508699e+08,5.0306327194e+08,4.4083961815e+09,2.5276690317e+09,1.7280916270e+09,1.4598760858e+09,1.3196954254e+09,1.0391619948e+09,9.0596508699e+08,8.0580363011e+08,4.0290181506e+08
91,1100,10,7.7330689435e+09,6.0145585180e+09,5.2671704960e+09,5.0046327842e+09,4.8634120157e+09,4.5680175650e+09,4.4233016647e+09,4.3120805653e+09,3.8665344717e+09,6.0145585180e+09,4.2960480926e+09,3.5486600706e+09,3.2861223588e+09,3.1449015902e+09,2.8495071395e+09,2.7047912393e+09,2.5935701398e+09,2.1480240463e+09,5.2671704960e+09,3.5486600706e+09,2.8012720486e+09,2.5387343368e+09,2.3975135682e+09,2.1021191175e+09,1.9574032173e+09,1.8461821178e+09,1.4006360243e+09,5.0046327842e+09,3.2861223588e+09,2.5387343368e+09,2.2761966250e+09,2.1349758564e+09,1.8395814057e+09,1.6948655055e+09,1.5836444060e+09,1.1380983125e+09,4.8634120157e+09,3.1449015902e+09,2.3975135682e+09,2.1349758564e+09,1.9937550879e+09,1.6983606372e+09,1.5536447369e+09,1.4424236375e+09,9.9687754394e+08,4.5680175650e+09,2.8495071395e+09,2.1021191175e+09,1.8395814057e+09,1.6983606372e+09,1.4029661865e+09,1.2582502862e+09,1.1470291868e+09,7.0148309324e+08,4.4233016647e+09,2.7047912393e+09,1.9574032173e+09,1.6948655055e+09,1.5536447369e+09,1.2582502862e+09,1.1135343860e+09,1.0023132865e+09,5.5676719299e+08,4.3120805653e+09,2.5935701398e+09,1.8461821178e+09,1.5836444060e+09,1.4424236375e+09,1.1470291868e+09,1.0023132865e+09,8.9109218706e+08,4.4554609353e+08
92,1100,20,8.0286529940e+09,6.4319089395e+09,5.7130251585e+09,5.4262607952e+09,5.2586507282e+09,4.8661362452e+09,4.6677061430e+09,4.5202094441e+09,4.0143264970e+09,6.4319089395e+09,4.8351648851e+09,4.1162811040e+09,3.8295167408e+09,3.6619066737e+09,3.2693921907e+09,3.0709620886e+09,2.9234653897e+09,2.4175824425e+09,5.7130251585e+09,4.1162811040e+09,3.3973973230e+09,3.1106329597e+09,2.9430228926e+09,2.5505084097e+09,2.3520783075e+09,2.2045816086e+09,1.6986986615e+09,5.4262607952e+09,3.8295167408e+09,3.1106329597e+09,2.8238685964e+09,2.6562585294e+09,2.2637440464e+09,2.0653139443e+09,1.9178172454e+09,1.4119342982e+09,5.2586507282e+09,3.6619066737e+09,2.9430228926e+09,2.6562585294e+09,2.4886484623e+09,2.0961339793e+09,1.8977038772e+09,1.7502071783e+09,1.2443242312e+09,4.8661362452e+09,3.2693921907e+09,2.5505084097e+09,2.2637440464e+09,2.0961339793e+09,1.7036194964e+09,1.5051893942e+09,1.3576926953e+09,8.5180974818e+08,4.6677061430e+09,3.0709620886e+09,2.3520783075e+09,2.0653139443e+09,1.8977038772e+09,1.5051893942e+09,1.3067592921e+09,1.1592625932e+09,6.5337964604e+08,4.5202094441e+09,2.9234653897e+09,2.2045816086e+09,1.9178172454e+09,1.7502071783e+09,1.3576926953e+09,1.1592625932e+09,1.0117658943e+09,5.0588294714e+08
93,1100,30,1.0158802902e+10,8.1749305021e+09,7.2192805691e+09,6.8057550456e+09,6.5556783008e+09,5.9743787306e+09,5.7157449246e+09,5.5460846177e+09,5.0794014509e+09,8.1749305021e+09,6.1910581023e+09,5.2354081693e+09,4.8218826458e+09,4.5718059011e+09,3.9905063309e+09,3.7318725248e+09,3.5622122179e+09,3.0955290512e+09,7.2192805691e+09,5.2354081693e+09,4.2797582364e+09,3.8662327128e+09,3.6161559681e+09,3.0348563979e+09,2.7762225918e+09,2.6065622849e+09,2.1398791182e+09,6.8057550456e+09,4.8218826458e+09,3.8662327128e+09,3.4527071893e+09,3.2026304445e+09,2.6213308743e+09,2.3626970683e+09,2.1930367614e+09,1.7263535946e+09,6.5556783008e+09,4.5718059011e+09,3.6161559681e+09,3.2026304445e+09,2.9525536998e+09,2.3712541296e+09,2.1126203235e+09,1.9429600167e+09,1.4762768499e+09,5.9743787306e+09,3.9905063309e+09,3.0348563979e+09,2.6213308743e+09,2.3712541296e+09,1.7899545594e+09,1.5313207533e+09,1.3616604465e+09,8.9497727970e+08,5.7157449246e+09,3.7318725248e+09,2.7762225918e+09,2.3626970683e+09,2.1126203235e+09,1.5313207533e+09,1.2726869472e+09,1.1030266404e+09,6.3634347362e+08,5.5460846177e+09,3.5622122179e+09,2.6065622849e+09,2.1930367614e+09,1.9429600167e+09,1.3616604465e+09,1.1030266404e+09,9.3336633351e+08,4.6668316676e+08
94,1100,40,1.3942709446e+10,1.0562536727e+10,9.1109745935e+09,8.5728333351e+09,8.2767392020e+09,7.6905867479e+09,7.4661037132e+09,7.3274532274e+09,6.9713547231e+09,1.0562536727e+10,7.1823640083e+09,5.7308018745e+09,5.1926606161e+09,4.8965664830e+09,4.3104140289e+09,4.0859309942e+09,3.9472805084e+09,3.5911820042e+09,9.1109745935e+09,5.7308018745e+09,4.2792397408e+09,3.7410984824e+09,3.4450043493e+09,2.8588518951e+09,2.6343688604e+09,2.4957183747e+09,2.1396198704e+09,8.5728333351e+09,5.1926606161e+09,3.7410984824e+09,3.2029572240e+09,2.9068630909e+09,2.3207106367e+09,2.0962276021e+09,1.9575771163e+09,1.6014786120e+09,8.2767392020e+09,4.8965664830e+09,3.4450043493e+09,2.9068630909e+09,2.6107689577e+09,2.0246165036e+09,1.8001334689e+09,1.6614829832e+09,1.3053844789e+09,7.6905867479e+09,4.3104140289e+09,2.8588518951e+09,2.3207106367e+09,2.0246165036e+09,1.4384640495e+09,1.2139810148e+09,1.0753305290e+09,7.1923202474e+08,7.4661037132e+09,4.0859309942e+09,2.6343688604e+09,2.0962276021e+09,1.8001334689e+09,1.2139810148e+09,9.8949798011e+08,8.5084749435e+08,4.9474899006e+08,7.3274532274e+09,3.9472805084e+09,2.4957183747e+09,1.9575771163e+09,1.6614829832e+09,1.0753305290e+09,8.5084749435e+08,7.1219700859e+08,3.5609850429e+08
95,1100,50,1.2786764814e+10,9.4009578483e+09,8.1032614055e+09,7.6595632351e+09,7.4211489879e+09,6.9582174895e+09,6.7791806535e+09,6.6690968763e+09,6.3933824071e+09,9.4009578483e+09,6.0151508823e+09,4.7174544395e+09,4.2737562691e+09,4.0353420219e+09,3.5724105235e+09,3.3933736875e+09,3.2832899103e+09,3.0075754411e+09,8.1032614055e+09,4.7174544395e+09,3.4197579967e+09,2.9760598263e+09,2.7376455791e+09,2.2747140808e+09,2.0956772447e+09,1.9855934675e+09,1.7098789984e+09,7.6595632351e+09,4.2737562691e+09,2.9760598263e+09,2.5323616559e+09,2.2939474087e+09,1.8310159104e+09,1.6519790743e+09,1.5418952971e+09,1.2661808280e+09,7.4211489879e+09,4.0353420219e+09,2.7376455791e+09,2.2939474087e+09,2.0555331615e+09,1.5926016631e+09,1.4135648271e+09,1.3034810499e+09,1.0277665807e+09,6.9582174895e+09,3.5724105235e+09,2.2747140808e+09,1.8310159104e+09,1.5926016631e+09,1.1296701648e+09,9.5063332877e+08,8.4054955157e+08,5.6483508240e+08,6.7791806535e+09,3.3933736875e+09,2.0956772447e+09,1.6519790743e+09,1.4135648271e+09,9.5063332877e+08,7.7159649274e+08,6.6151271554e+08,3.8579824637e+08,6.6690968763e+09,3.2832899103e+09,1.9855934675e+09,1.5418952971e+09,1.3034810499e+09,8.4054955157e+08,6.6151271554e+08,5.5142893834e+08,2.7571446917e+08
96,1100,60,1.0775546682e+10,7.8861651208e+09,6.8282530133e+09,6.4687617554e+09,6.2735898061e+09,5.8820494429e+09,5.7240163310e+09,5.6262775274e+09,5.3877733412e+09,7.8861651208e+09,4.9967835592e+09,3.9388714517e+09,3.5793801938e+09,3.3842082445e+09,2.9926678812e+09,2.8346347694e+09,2.7368959657e+09,2.4983917796e+09,6.8282530133e+09,3.9388714517e+09,2.8809593441e+09,2.5214680863e+09,2.3262961370e+09,1.9347557737e+09,1.7767226618e+09,1.6789838582e+09,1.4404796721e+09,6.4687617554e+09,3.5793801938e+09,2.5214680863e+09,2.1619768284e+09,1.9668048791e+09,1.5752645158e+09,1.4172314040e+09,1.3194926003e+09,1.0809884142e+09,6.2735898061e+09,3.3842082445e+09,2.3262961370e+09,1.9668048791e+09,1.7716329298e+09,1.3800925665e+09,1.2220594547e+09,1.1243206511e+09,8.8581646491e+08,5.8820494429e+09,2.9926678812e+09,1.9347557737e+09,1.5752645158e+09,1.3800925665e+09,9.8855220328e+08,8.3051909142e+08,7.3278028778e+08,4.9427610164e+08,5.7240163310e+09,2.8346347694e+09,1.7767226618e+09,1.4172314040e+09,1.2220594547e+09,8.3051909142e+08,6.7248597955e+08,5.7474717592e+08,3.3624298978e+08,5.6262775274e+09,2.7368959657e+09,1.6789838582e+09,1.3194926003e+09,1.1243206511e+09,7.3278028778e+08,5.7474717592e+08,4.7700837229e+08,2.3850418614e+08
97,1100,70,1.2191076624e+10,8.8716716443e+09,7.6654567620e+09,7.2513316169e+09,7.0325846146e+09,6.5978818159e+09,6.4263394476e+09,6.3238948062e+09,6.0955383119e+09,8.8716716443e+09,5.5522666647e+09,4.3460517824e+09,3.9319266374e+09,3.7131796350e+09,3.2784768363e+09,3.1069344680e+09,3.0044898266e+09,2.7761333323e+09,7.6654567620e+09,4.3460517824e+09,3.1398369001e+09,2.7257117551e+09,2.5069647528e+09,2.0722619540e+09,1.9007195858e+09,1.7982749443e+09,1.5699184501e+09,7.2513316169e+09,3.9319266374e+09,2.7257117551e+09,2.3115866100e+09,2.0928396077e+09,1.6581368090e+09,1.4865944407e+09,1.3841497993e+09,1.1557933050e+09,7.0325846146e+09,3.7131796350e+09,2.5069647528e+09,2.0928396077e+09,1.8740926054e+09,1.4393898067e+09,1.2678474384e+09,1.1654027970e+09,9.3704630270e+08,6.5978818159e+09,3.2784768363e+09,2.0722619540e+09,1.6581368090e+09,1.4393898067e+09,1.0046870079e+09,8.3314463966e+08,7.3069999823e+08,5.0234350396e+08,6.4263394476e+09,3.1069344680e+09,1.9007195858e+09,1.4865944407e+09,1.2678474384e+09,8.3314463966e+08,6.6160227141e+08,5.5915762998e+08,3.3080113570e+08,6.3238948062e+09,3.0044898266e+09,1.7982749443e+09,1.3841497993e+09,1.1654027970e+09,7.3069999823e+08,5.5915762998e+08,4.5671298855e+08,2.2835649428e+08
98,1100,80,1.2266693301e+10,8.9200169381e+09,7.6966520771e+09,7.2760998850e+09,7.0562286247e+09,6.6229616148e+09,6.4540012441e+09,6.3537434816e+09,6.1333466503e+09,8.9200169381e+09,5.5733405756e+09,4.3499757146e+09,3.9294235225e+09,3.7095522622e+09,3.2762852523e+09,3.1073248816e+09,3.0070671191e+09,2.7866702878e+09,7.6966520771e+09,4.3499757146e+09,3.1266108537e+09,2.7060586616e+09,2.4861874012e+09,2.0529203913e+09,1.8839600206e+09,1.7837022582e+09,1.5633054268e+09,7.2760998850e+09,3.9294235225e+09,2.7060586616e+09,2.2855064695e+09,2.0656352091e+09,1.6323681992e+09,1.4634078285e+09,1.3631500661e+09,1.1427532347e+09,7.0562286247e+09,3.7095522622e+09,2.4861874012e+09,2.0656352091e+09,1.8457639488e+09,1.4124969389e+09,1.2435365682e+09,1.1432788058e+09,9.2288197438e+08,6.6229616148e+09,3.2762852523e+09,2.0529203913e+09,1.6323681992e+09,1.4124969389e+09,9.7922992895e+08,8.1026955827e+08,7.1001179584e+08,4.8961496448e+08,6.4540012441e+09,3.1073248816e+09,1.8839600206e+09,1.4634078285e+09,1.2435365682e+09,8.1026955827e+08,6.4130918760e+08,5.4105142517e+08,3.2065459380e+08,6.3537434816e+09,3.0070671191e+09,1.7837022582e+09,1.3631500661e+09,1.1432788058e+09,7.1001179584e+08,5.4105142517e+08,4.4079366273e+08,2.2039683137e+08
99,1100,90,1.2336166056e+10,8.9640514391e+09,7.7326303658e+09,7.3096005896e+09,7.0890444887e+09,6.6551915544e+09,6.4863774586e+09,6.3864060174e+09,6.1680830282e+09,8.9640514391e+09,5.5919368217e+09,4.3605157484e+09,3.9374859722e+09,3.7169298713e+09,3.2830769370e+09,3.1142628412e+09,3.0142914000e+09,2.7959684108e+09,7.7326303658e+09,4.3605157484e+09,3.1290946750e+09,2.7060648989e+09,2.4855087979e+09,2.0516558636e+09,1.8828417679e+09,1.7828703267e+09,1.5645473375e+09,7.3096005896e+09,3.9374859722e+09,2.7060648989e+09,2.2830351228e+09,2.0624790218e+09,1.6286260875e+09,1.4598119917e+09,1.3598405506e+09,1.1415175614e+09,7.0890444887e+09,3.7169298713e+09,2.4855087979e+09,2.0624790218e+09,1.8419229208e+09,1.4080699865e+09,1.2392558908e+09,1.1392844496e+09,9.2096146042e+08,6.6551915544e+09,3.2830769370e+09,2.0516558636e+09,1.6286260875e+09,1.4080699865e+09,9.7421705225e+08,8.0540295647e+08,7.0543151530e+08,4.8710852612e+08,6.4863774586e+09,3.1142628412e+09,1.8828417679e+09,1.4598119917e+09,1.2392558908e+09,8.0540295647e+08,6.3658886070e+08,5.3661741952e+08,3.1829443035e+08,6.3864060174e+09,3.0142914000e+09,1.7828703267e+09,1.3598405506e+09,1.1392844496e+09,7.0543151530e+08,5.3661741952e+08,4.3664597835e+08,2.1832298917e+08
100,1200,0,1.2034370839e+10,9.3941132191e+09,8.2584104391e+09,7.8596387005e+09,7.6439894303e+09,7.1858540505e+09,6.9550746151e+09,6.7735559650e+09,6.0171854193e+09,9.3941132191e+09,6.7538555995e+09,5.6181528196e+09,5.2193810809e+09,5.0037318108e+09,4.5455964309e+09,4.3148169956e+09,4.1332983455e+09,3.3769277998e+09,8.2584104391e+09,5.6181528196e+09,4.4824500396e+09,4.0836783009e+09,3.8680290308e+09,3.4098936509e+09,3.1791142156e+09,2.9975955655e+09,2.2412250198e+09,7.8596387005e+09,5.2193810809e+09,4.0836783009e+09,3.6849065623e+09,3.4692572922e+09,3.0111219123e+09,2.7803424770e+09,2.5988238269e+09,1.8424532812e+09,7.6439894303e+09,5.0037318108e+09,3.8680290308e+09,3.4692572922e+09,3.2536080221e+09,2.7954726422e+09,2.5646932068e+09,2.3831745567e+09,1.6268040110e+09,7.1858540505e+09,4.5455964309e+09,3.4098936509e+09,3.0111219123e+09,2.7954726422e+09,2.3373372623e+09,2.1065578270e+09,1.9250391769e+09,1.1686686312e+09,6.9550746151e+09,4.3148169956e+09,3.1791142156e+09,2.7803424770e+09,2.5646932068e+09,2.1065578270e+09,1.8757783916e+09,1.6942597415e+09,9.3788919579e+08,6.7735559650e+09,4.1332983455e+09,2.9975955655e+09,2.5988238269e+09,2.3831745567e+09,1.9250391769e+09,1.6942597415e+09,1.5127410914e+09,7.5637054570e+08
101,1200,10,1.1918348247e+10,9.4615304622e+09,8.3638020821e+09,7.9499989839e+09,7.7162991484e+09,7.1887140544e+09,6.9200045179e+09,6.7156141813e+09,5.9591741233e+09,9.4615304622e+09,7.0047126779e+09,5.9069842978e+09,5.4931811995e+09,5.2594813641e+09,4.7318962700e+09,4.4631867336e+09,4.2587963970e+09,3.5023563389e+09,8.3638020821e+09,5.9069842978e+09,4.8092559176e+09,4.3954528194e+09,4.1617529839e+09,3.6341678899e+09,3.3654583534e+09,3.1610680169e+09,2.4046279588e+09,7.9499989839e+09,5.4931811995e+09,4.3954528194e+09,3.9816497212e+09,3.7479498857e+09,3.2203647917e+09,2.9516552552e+09,2.7472649187e+09,1.9908248606e+09,7.7162991484e+09,5.2594813641e+09,4.1617529839e+09,3.7479498857e+09,3.5142500502e+09,2.9866649562e+09,2.7179554197e+09,2.5135650832e+09,1.7571250251e+09,7.1887140544e+09,4.7318962700e+09,3.6341678899e+09,3.2203647917e+09,2.9866649562e+09,2.4590798621e+09,2.1903703257e+09,1.9859799891e+09,1.2295399311e+09,6.9200045179e+09,4.4631867336e+09,3.3654583534e+09,2.9516552552e+09,2.7179554197e+09,2.1903703257e+09,1.9216607893e+09,1.7172704527e+09,9.6083039463e+08,6.7156141813e+09,4.2587963970e+09,3.1610680169e+09,2.7472649187e+09,2.5135650832e+09,1.9859799891e+09,1.7172704527e+09,1.5128801161e+09,7.5644005805e+08
102,1200,20,1.2607975569e+10,1.0265533341e+10,9.1531689966e+09,8.6762519407e+09,8.3856264508e+09,7.6749129437e+09,7.3199028101e+09,7.0676062984e+09,6.3039877843e+09,1.0265533341e+10,7.9230911137e+09,6.8107267692e+09,6.3338097133e+09,6.0431842233e+09,5.3324707163e+09,4.9774605827e+09,4.7251640710e+09,3.9615455569e+09,9.1531689966e+09,6.8107267692e+09,5.6983624246e+09,5.2214453687e+09,4.9308198788e+09,4.2201063717e+09,3.8650962382e+09,3.6127997264e+09,2.8491812123e+09,8.6762519407e+09,6.3338097133e+09,5.2214453687e+09,4.7445283128e+09,4.4539028229e+09,3.7431893158e+09,3.3881791823e+09,3.1358826705e+09,2.3722641564e+09,8.3856264508e+09,6.0431842233e+09,4.9308198788e+09,4.4539028229e+09,4.1632773330e+09,3.4525638259e+09,3.0975536923e+09,2.8452571806e+09,2.0816386665e+09,7.6749129437e+09,5.3324707163e+09,4.2201063717e+09,3.7431893158e+09,3.4525638259e+09,2.7418503188e+09,2.3868401852e+09,2.1345436735e+09,1.3709251594e+09,7.3199028101e+09,4.9774605827e+09,3.8650962382e+09,3.3881791823e+09,3.0975536923e+09,2.3868401852e+09,2.0318300517e+09,1.7795335400e+09,1.0159150259e+09,7.0676062984e+09,4.7251640710e+09,3.6127997264e+09,3.1358826705e+09,2.8452571806e+09,2.1345436735e+09,1.7795335400e+09,1.5272370282e+09,7.6361851412e+08
103,1200,30,1.6409982452e+10,1.3186734401e+10,1.1609546887e+10,1.0924657295e+10,1.0509429330e+10,9.5499927624e+09,9.1348161377e+09,8.8713045628e+09,8.2049912258e+09,1.3186734401e+10,9.9634863502e+09,8.3862988367e+09,7.7014092446e+09,7.2861812789e+09,6.3267447117e+09,5.9115680870e+09,5.6480565121e+09,4.9817431751e+09,1.1609546887e+10,8.3862988367e+09,6.8091113232e+09,6.1242217311e+09,5.7089937654e+09,4.7495571982e+09,4.3343805735e+09,4.0708689986e+09,3.4045556616e+09,1.0924657295e+10,7.7014092446e+09,6.1242217311e+09,5.4393321389e+09,5.0241041733e+09,4.0646676061e+09,3.6494909814e+09,3.3859794065e+09,2.7196660695e+09,1.0509429330e+10,7.2861812789e+09,5.7089937654e+09,5.0241041733e+09,4.6088762076e+09,3.6494396404e+09,3.2342630157e+09,2.9707514408e+09,2.3044381038e+09,9.5499927624e+09,6.3267447117e+09,4.7495571982e+09,4.0646676061e+09,3.6494396404e+09,2.6900030732e+09,2.2748264485e+09,2.0113148736e+09,1.3450015366e+09,9.1348161377e+09,5.9115680870e+09,4.3343805735e+09,3.6494909814e+09,3.2342630157e+09,2.2748264485e+09,1.8596498238e+09,1.5961382489e+09,9.2982491192e+08,8.8713045628e+09,5.6480565121e+09,4.0708689986e+09,3.3859794065e+09,2.9707514408e+09,2.0113148736e+09,1.5961382489e+09,1.3326266740e+09,6.6631333701e+08
104,1200,40,2.1465931612e+10,1.6184289104e+10,1.3957668994e+10,1.3139502408e+10,1.2688045772e+10,1.1788041786e+10,1.1444424994e+10,1.1236304546e+10,1.0732965806e+10,1.6184289104e+10,1.0902646596e+10,8.6760264866e+09,7.8578599003e+09,7.4064032644e+09,6.5063992778e+09,6.1627824859e+09,5.9546620385e+09,5.4513232982e+09,1.3957668994e+10,8.6760264866e+09,6.4494063769e+09,5.6312397906e+09,5.1797831546e+09,4.2797791680e+09,3.9361623762e+09,3.7280419288e+09,3.2247031884e+09,1.3139502408e+10,7.8578599003e+09,5.6312397906e+09,4.8130732042e+09,4.3616165683e+09,3.4616125817e+09,3.1179957898e+09,2.9098753424e+09,2.4065366021e+09,1.2688045772e+10,7.4064032644e+09,5.1797831546e+09,4.3616165683e+09,3.9101599324e+09,3.0101559458e+09,2.6665391539e+09,2.4584187065e+09,1.9550799662e+09,1.1788041786e+10,6.5063992778e+09,4.2797791680e+09,3.4616125817e+09,3.0101559458e+09,2.1101519592e+09,1.7665351673e+09,1.5584147199e+09,1.0550759796e+09,1.1444424994e+10,6.1627824859e+09,3.9361623762e+09,3.1179957898e+09,2.6665391539e+09,1.7665351673e+09,1.4229183755e+09,1.2147979281e+09,7.1145918773e+08,1.1236304546e+10,5.9546620385e+09,3.7280419288e+09,2.9098753424e+09,2.4584187065e+09,1.5584147199e+09,1.2147979281e+09,1.0066774806e+09,5.0333874032e+08
105,1200,50,2.0922522499e+10,1.5186012681e+10,1.3083458753e+10,1.2385025575e+10,1.2012712767e+10,1.1295987180e+10,1.1021799666e+10,1.0855732026e+10,1.0461261249e+10,1.5186012681e+10,9.4495028643e+09,7.3469489363e+09,6.6485157580e+09,6.2762029495e+09,5.5594773628e+09,5.2852898490e+09,5.1192222091e+09,4.7247514321e+09,1.3083458753e+10,7.3469489363e+09,5.2443950082e+09,4.5459618300e+09,4.1736490214e+09,3.4569234348e+09,3.1827359210e+09,3.0166682811e+09,2.6221975041e+09,1.2385025575e+10,6.6485157580e+09,4.5459618300e+09,3.8475286517e+09,3.4752158431e+09,2.7584902565e+09,2.4843027427e+09,2.3182351028e+09,1.9237643258e+09,1.2012712767e+10,6.2762029495e+09,4.1736490214e+09,3.4752158431e+09,3.1029030346e+09,2.3861774480e+09,2.1119899342e+09,1.9459222943e+09,1.5514515173e+09,1.1295987180e+10,5.5594773628e+09,3.4569234348e+09,2.7584902565e+09,2.3861774480e+09,1.6694518614e+09,1.3952643476e+09,1.2291967077e+09,8.3472593068e+08,1.1021799666e+10,5.2852898490e+09,3.1827359210e+09,2.4843027427e+09,2.1119899342e+09,1.3952643476e+09,1.1210768338e+09,9.5500919388e+08,5.6053841690e+08,1.0855732026e+10,5.1192222091e+09,3.0166682811e+09,2.3182351028e+09,1.9459222943e+09,1.2291967077e+09,9.5500919388e+08,7.8894155396e+08,3.9447077698e+08
106,1200,60,1.7167674607e+10,1.2492403798e+10,1.0805943396e+10,1.0238217430e+10,9.9304441456e+09,9.3162991764e+09,9.0731289927e+09,8.9256725312e+09,8.5838373034e+09,1.2492403798e+10,7.8171329887e+09,6.1306725867e+09,5.5629466210e+09,5.2551733365e+09,4.6410283674e+09,4.3978581836e+09,4.2504017221e+09,3.9085664944e+09,1.0805943396e+10,6.1306725867e+09,4.4442121847e+09,3.8764862190e+09,3.5687129345e+09,2.9545679654e+09,2.7113977816e+09,2.5639413201e+09,2.2221060924e+09,1.0238217430e+10,5.5629466210e+09,3.8764862190e+09,3.3087602533e+09,3.0009869688e+09,2.3868419996e+09,2.1436718159e+09,1.9962153544e+09,1.6543801266e+09,9.9304441456e+09,5.2551733365e+09,3.5687129345e+09,3.0009869688e+09,2.6932136844e+09,2.0790687152e+09,1.8358985314e+09,1.6884420699e+09,1.3466068422e+09,9.3162991764e+09,4.6410283674e+09,2.9545679654e+09,2.3868419996e+09,2.0790687152e+09,1.4649237460e+09,1.2217535622e+09,1.0742971007e+09,7.3246187300e+08,9.0731289927e+09,4.3978581836e+09,2.7113977816e+09,2.1436718159e+09,1.8358985314e+09,1.2217535622e+09,9.7858337850e+08,8.3112691699e+08,4.8929168925e+08,8.9256725312e+09,4.2504017221e+09,2.5639413201e+09,1.9962153544e+09,1.6884420699e+09,1.0742971007e+09,8.3112691699e+08,6.8367045548e+08,3.4183522774e+08
107,1200,70,1.7631817428e+10,1.2808440629e+10,1.1067410922e+10,1.0474109232e+10,1.0158340176e+10,9.5309274490e+09,9.2849651478e+09,9.1384891449e+09,8.8159087139e+09,1.2808440629e+10,7.9850638308e+09,6.2440341235e+09,5.6507324338e+09,5.3349633773e+09,4.7075506505e+09,4.4615883493e+09,4.3151123464e+09,3.9925319154e+09,1.1067410922e+10,6.2440341235e+09,4.5030044162e+09,3.9097027265e+09,3.5939336700e+09,2.9665209432e+09,2.7205586420e+09,2.5740826391e+09,2.2515022081e+09,1.0474109232e+10,5.6507324338e+09,3.9097027265e+09,3.3164010368e+09,3.0006319803e+09,2.3732192535e+09,2.1272569522e+09,1.9807809494e+09,1.6582005184e+09,1.0158340176e+10,5.3349633773e+09,3.5939336700e+09,3.0006319803e+09,2.6848629238e+09,2.0574501970e+09,1.8114878958e+09,1.6650118929e+09,1.3424314619e+09,9.5309274490e+09,4.7075506505e+09,2.9665209432e+09,2.3732192535e+09,2.0574501970e+09,1.4300374702e+09,1.1840751690e+09,1.0375991661e+09,7.1501873509e+08,9.2849651478e+09,4.4615883493e+09,2.7205586420e+09,2.1272569522e+09,1.8114878958e+09,1.1840751690e+09,9.3811286772e+08,7.9163686486e+08,4.6905643386e+08,9.1384891449e+09,4.3151123464e+09,2.5740826391e+09,1.9807809494e+09,1.6650118929e+09,1.0375991661e+09,7.9163686486e+08,6.4516086200e+08,3.2258043100e+08
108,1200,80,1.7456481923e+10,1.2669777838e+10,1.0934789823e+10,1.0343875353e+10,1.0032193020e+10,9.4178873874e+09,9.1791960163e+09,9.0375649697e+09,8.7282409617e+09,1.2669777838e+10,7.8830737533e+09,6.1480857381e+09,5.5571712683e+09,5.2454889348e+09,4.6311833024e+09,4.3924919313e+09,4.2508608847e+09,3.9415368767e+09,1.0934789823e+10,6.1480857381e+09,4.4130977228e+09,3.8221832530e+09,3.5105009195e+09,2.8961952871e+09,2.6575039160e+09,2.5158728695e+09,2.2065488614e+09,1.0343875353e+10,5.5571712683e+09,3.8221832530e+09,3.2312687832e+09,2.9195864497e+09,2.3052808173e+09,2.0665894462e+09,1.9249583997e+09,1.6156343916e+09,1.0032193020e+10,5.2454889348e+09,3.5105009195e+09,2.9195864497e+09,2.6079041163e+09,1.9935984839e+09,1.7549071128e+09,1.6132760662e+09,1.3039520581e+09,9.4178873874e+09,4.6311833024e+09,2.8961952871e+09,2.3052808173e+09,1.9935984839e+09,1.3792928515e+09,1.1406014804e+09,9.9897043383e+08,6.8964642576e+08,9.1791960163e+09,4.3924919313e+09,2.6575039160e+09,2.0665894462e+09,1.7549071128e+09,1.1406014804e+09,9.0191010925e+08,7.6027906270e+08,4.5095505462e+08,9.0375649697e+09,4.2508608847e+09,2.5158728695e+09,1.9249583997e+09,1.6132760662e+09,9.9897043383e+08,7.6027906270e+08,6.1864801615e+08,3.0932400807e+08
109,1200,90,1.7408962435e+10,1.2634858058e+10,1.0903111551e+10,1.0312560982e+10,1.0001428748e+10,9.3882804786e+09,9.1505520993e+09,9.0098855432e+09,8.7044812173e+09,1.2634858058e+10,7.8607536813e+09,6.1290071748e+09,5.5384566051e+09,5.2273243709e+09,4.6141761020e+09,4.3764477227e+09,4.2357811665e+09,3.9303768406e+09,1.0903111551e+10,6.1290071748e+09,4.3972606684e+09,3.8067100987e+09,3.4955778645e+09,2.8824295956e+09,2.6447012163e+09,2.5040346601e+09,2.1986303342e+09,1.0312560982e+10,5.5384566051e+09,3.8067100987e+09,3.2161595289e+09,2.9050272947e+09,2.2918790258e+09,2.0541506465e+09,1.9134840904e+09,1.6080797645e+09,1.0001428748e+10,5.2273243709e+09,3.4955778645e+09,2.9050272947e+09,2.5938950606e+09,1.9807467916e+09,1.7430184123e+09,1.6023518562e+09,1.2969475303e+09,9.3882804786e+09,4.6141761020e+09,2.8824295956e+09,2.2918790258e+09,1.9807467916e+09,1.3675985227e+09,1.1298701434e+09,9.8920358725e+08,6.8379926135e+08,9.1505520993e+09,4.3764477227e+09,2.6447012163e+09,2.0541506465e+09,1.7430184123e+09,1.1298701434e+09,8.9214176412e+08,7.5147520796e+08,4.4607088206e+08,9.0098855432e+09,4.2357811665e+09,2.5040346601e+09,1.9134840904e+09,1.6023518562e+09,9.8920358725e+08,7.5147520796e+08,6.1080865179e+08,3.0540432590e+08
110,1300,0,1.6258525973e+10,1.2952592343e+10,1.1542561688e+10,1.1026749740e+10,1.0738979411e+10,1.0067420240e+10,9.6863403153e+09,9.3725365133e+09,8.1292629864e+09,1.2952592343e+10,9.6466587133e+09,8.2366280583e+09,7.7208161105e+09,7.4330457817e+09,6.7614866105e+09,6.3804066856e+09,6.0666028836e+09,4.8233293566e+09,1.1542561688e+10,8.2366280583e+09,6.8265974034e+09,6.3107854555e+09,6.0230151268e+09,5.3514559556e+09,4.9703760306e+09,4.6565722286e+09,3.4132987017e+09,1.1026749740e+10,7.7208161105e+09,6.3107854555e+09,5.7949735077e+09,5.5072031789e+09,4.8356440077e+09,4.4545640828e+09,4.1407602807e+09,2.8974867538e+09,1.0738979411e+10,7.4330457817e+09,6.0230151268e+09,5.5072031789e+09,5.2194328502e+09,4.5478736790e+09,4.1667937540e+09,3.8529899520e+09,2.6097164251e+09,1.0067420240e+10,6.7614866105e+09,5.3514559556e+09,4.8356440077e+09,4.5478736790e+09,3.8763145078e+09,3.4952345828e+09,3.1814307808e+09,1.9381572539e+09,9.6863403153e+09,6.3804066856e+09,4.9703760306e+09,4.4545640828e+09,4.1667937540e+09,3.4952345828e+09,3.1141546579e+09,2.8003508558e+09,1.5570773289e+09,9.3725365133e+09,6.0666028836e+09,4.6565722286e+09,4.1407602807e+09,3.8529899520e+09,3.1814307808e+09,2.8003508558e+09,2.4865470538e+09,1.2432735269e+09
111,1300,10,1.7946807195e+10,1.4511992508e+10,1.2931761172e+10,1.2293571309e+10,1.1915824861e+10,1.1008038256e+10,1.0535865809e+10,1.0182356182e+10,8.9734035977e+09,1.4511992508e+10,1.1077177820e+10,9.4969464846e+09,8.8587566214e+09,8.4810101733e+09,7.5732235683e+09,7.1010511219e+09,6.7475414944e+09,5.5385889102e+09,1.2931761172e+10,9.4969464846e+09,7.9167151487e+09,7.2785252855e+09,6.9007788374e+09,5.9929922325e+09,5.5208197860e+09,5.1673101585e+09,3.9583575744e+09,1.2293571309e+10,8.8587566214e+09,7.2785252855e+09,6.6403354223e+09,6.2625889742e+09,5.3548023692e+09,4.8826299228e+09,4.5291202953e+09,3.3201677111e+09,1.1915824861e+10,8.4810101733e+09,6.9007788374e+09,6.2625889742e+09,5.8848425260e+09,4.9770559211e+09,4.5048834747e+09,4.1513738472e+09,2.9424212630e+09,1.1008038256e+10,7.5732235683e+09,5.9929922325e+09,5.3548023692e+09,4.9770559211e+09,4.0692693162e+09,3.5970968697e+09,3.2435872423e+09,2.0346346581e+09,1.0535865809e+10,7.1010511219e+09,5.5208197860e+09,4.8826299228e+09,4.5048834747e+09,3.5970968697e+09,3.1249244233e+09,2.7714147958e+09,1.5624622116e+09,1.0182356182e+10,6.7475414944e+09,5.1673101585e+09,4.5291202953e+09,4.1513738472e+09,3.2435872423e+09,2.7714147958e+09,2.4179051683e+09,1.2089525842e+09
112,1300,20,1.8951252815e+10,1.5554846386e+10,1.3890974356e+10,1.3149239248e+10,1.2687677710e+10,1.1539837630e+10,1.0975466198e+10,1.0584748667e+10,9.4756264077e+09,1.5554846386e+10,1.2158439957e+10,1.0494567927e+10,9.7528328194e+09,9.2912712813e+09,8.1434312013e+09,7.5790597686e+09,7.1883422376e+09,6.0792199787e+09,1.3890974356e+10,1.0494567927e+10,8.8306958966e+09,8.0889607890e+09,7.6273992508e+09,6.4795591709e+09,5.9151877381e+09,5.5244702072e+09,4.4153479483e+09,1.3149239248e+10,9.7528328194e+09,8.0889607890e+09,7.3472256814e+09,6.8856641432e+09,5.7378240633e+09,5.1734526306e+09,4.7827350996e+09,3.6736128407e+09,1.2687677710e+10,9.2912712813e+09,7.6273992508e+09,6.8856641432e+09,6.4241026051e+09,5.2762625252e+09,4.7118910924e+09,4.3211735615e+09,3.2120513025e+09,1.1539837630e+10,8.1434312013e+09,6.4795591709e+09,5.7378240633e+09,5.2762625252e+09,4.1284224452e+09,3.5640510125e+09,3.1733334815e+09,2.0642112226e+09,1.0975466198e+10,7.5790597686e+09,5.9151877381e+09,5.1734526306e+09,4.7118910924e+09,3.5640510125e+09,2.9996795797e+09,2.6089620488e+09,1.4998397899e+09,1.0584748667e+10,7.1883422376e+09,5.5244702072e+09,4.7827350996e+09,4.3211735615e+09,3.1733334815e+09,2.6089620488e+09,2.2182445178e+09,1.1091222589e+09
113,1300,30,2.4527929861e+10,1.9581168825e+10,1.7192413439e+10,1.6167082409e+10,1.5549680597e+10,1.4144193388e+10,1.3549357252e+10,1.3177450864e+10,1.2263964930e+10,1.9581168825e+10,1.4634407790e+10,1.2245652404e+10,1.1220321374e+10,1.0602919562e+10,9.1974323525e+09,8.6025962168e+09,8.2306898285e+09,7.3172038951e+09,1.7192413439e+10,1.2245652404e+10,9.8568970173e+09,8.8315659877e+09,8.2141641757e+09,6.8086769660e+09,6.2138408303e+09,5.8419344420e+09,4.9284485086e+09,1.6167082409e+10,1.1220321374e+10,8.8315659877e+09,7.8062349581e+09,7.1888331461e+09,5.7833459365e+09,5.1885098007e+09,4.8166034124e+09,3.9031174791e+09,1.5549680597e+10,1.0602919562e+10,8.2141641757e+09,7.1888331461e+09,6.5714313341e+09,5.1659441244e+09,4.5711079887e+09,4.1992016004e+09,3.2857156670e+09,1.4144193388e+10,9.1974323525e+09,6.8086769660e+09,5.7833459365e+09,5.1659441244e+09,3.7604569148e+09,3.1656207790e+09,2.7937143908e+09,1.8802284574e+09,1.3549357252e+10,8.6025962168e+09,6.2138408303e+09,5.1885098007e+09,4.5711079887e+09,3.1656207790e+09,2.5707846433e+09,2.1988782550e+09,1.2853923216e+09,1.3177450864e+10,8.2306898285e+09,5.8419344420e+09,4.8166034124e+09,4.1992016004e+09,2.7937143908e+09,2.1988782550e+09,1.8269718668e+09,9.1348593338e+08
114,1300,40,3.0713080486e+10,2.3075992906e+10,1.9901640450e+10,1.8742457253e+10,1.8102567893e+10,1.6824559246e+10,1.6337468149e+10,1.6044937417e+10,1.5356540243e+10,2.3075992906e+10,1.5438905325e+10,1.2264552869e+10,1.1105369672e+10,1.0465480312e+10,9.1874716648e+09,8.7003805677e+09,8.4078498364e+09,7.7194526623e+09,1.9901640450e+10,1.2264552869e+10,9.0902004136e+09,7.9310172167e+09,7.2911278564e+09,6.0131192093e+09,5.5260281122e+09,5.2334973810e+09,4.5451002068e+09,1.8742457253e+10,1.1105369672e+10,7.9310172167e+09,6.7718340198e+09,6.1319446595e+09,4.8539360125e+09,4.3668449153e+09,4.0743141841e+09,3.3859170099e+09,1.8102567893e+10,1.0465480312e+10,7.2911278564e+09,6.1319446595e+09,5.4920552991e+09,4.2140466521e+09,3.7269555550e+09,3.4344248237e+09,2.7460276495e+09,1.6824559246e+10,9.1874716648e+09,6.0131192093e+09,4.8539360125e+09,4.2140466521e+09,2.9360380051e+09,2.4489469079e+09,2.1564161767e+09,1.4680190025e+09,1.6337468149e+10,8.7003805677e+09,5.5260281122e+09,4.3668449153e+09,3.7269555550e+09,2.4489469079e+09,1.9618558108e+09,1.6693250796e+09,9.8092790542e+08,1.6044937417e+10,8.4078498364e+09,5.2334973810e+09,4.0743141841e+09,3.4344248237e+09,2.1564161767e+09,1.6693250796e+09,1.3767943483e+09,6.8839717415e+08
115,1300,50,2.9213502873e+10,2.1185096191e+10,1.8264978783e+10,1.7294111594e+10,1.6774566426e+10,1.5767491263e+10,1.5382134850e+10,1.5149878104e+10,1.4606751437e+10,2.1185096191e+10,1.3156689509e+10,1.0236572101e+10,9.2657049119e+09,8.7461597442e+09,7.7390845807e+09,7.3537281683e+09,7.1214714224e+09,6.5783447546e+09,1.8264978783e+10,1.0236572101e+10,7.3164546925e+09,6.3455875036e+09,5.8260423359e+09,4.8189671723e+09,4.4336107600e+09,4.2013540141e+09,3.6582273463e+09,1.7294111594e+10,9.2657049119e+09,6.3455875036e+09,5.3747203147e+09,4.8551751469e+09,3.8480999834e+09,3.4627435710e+09,3.2304868252e+09,2.6873601574e+09,1.6774566426e+10,8.7461597442e+09,5.8260423359e+09,4.8551751469e+09,4.3356299792e+09,3.3285548157e+09,2.9431984033e+09,2.7109416574e+09,2.1678149896e+09,1.5767491263e+10,7.7390845807e+09,4.8189671723e+09,3.8480999834e+09,3.3285548157e+09,2.3214796522e+09,1.9361232398e+09,1.7038664939e+09,1.1607398261e+09,1.5382134850e+10,7.3537281683e+09,4.4336107600e+09,3.4627435710e+09,2.9431984033e+09,1.9361232398e+09,1.5507668274e+09,1.3185100815e+09,7.7538341369e+08,1.5149878104e+10,7.1214714224e+09,4.2013540141e+09,3.2304868252e+09,2.7109416574e+09,1.7038664939e+09,1.3185100815e+09,1.0862533357e+09,5.4312666785e+08
116,1300,60,2.3394199212e+10,1.7033131432e+10,1.4743780060e+10,1.3970687273e+10,1.3550124094e+10,1.2706425286e+10,1.2371531173e+10,1.2168039439e+10,1.1697099606e+10,1.7033131432e+10,1.0672063653e+10,8.3827122803e+09,7.6096194936e+09,7.1890563150e+09,6.3453575062e+09,6.0104633935e+09,5.8069716593e+09,5.3360318265e+09,1.4743780060e+10,8.3827122803e+09,6.0933609076e+09,5.3202681209e+09,4.8997049423e+09,4.0560061335e+09,3.7211120208e+09,3.5176202866e+09,3.0466804538e+09,1.3970687273e+10,7.6096194936e+09,5.3202681209e+09,4.5471753342e+09,4.1266121556e+09,3.2829133468e+09,2.9480192340e+09,2.7445274999e+09,2.2735876671e+09,1.3550124094e+10,7.1890563150e+09,4.8997049423e+09,4.1266121556e+09,3.7060489770e+09,2.8623501681e+09,2.5274560554e+09,2.3239643213e+09,1.8530244885e+09,1.2706425286e+10,6.3453575062e+09,4.0560061335e+09,3.2829133468e+09,2.8623501681e+09,2.0186513593e+09,1.6837572466e+09,1.4802655125e+09,1.0093256797e+09,1.2371531173e+10,6.0104633935e+09,3.7211120208e+09,2.9480192340e+09,2.5274560554e+09,1.6837572466e+09,1.3488631339e+09,1.1453713997e+09,6.7443156696e+08,1.2168039439e+10,5.8069716593e+09,3.5176202866e+09,2.7445274999e+09,2.3239643213e+09,1.4802655125e+09,1.1453713997e+09,9.4187966558e+08,4.7093983279e+08
117,1300,70,2.3316636629e+10,1.6973163209e+10,1.4680131013e+10,1.3896029795e+10,1.3474905596e+10,1.2631262118e+10,1.2298852863e+10,1.2099854712e+10,1.1658318314e+10,1.6973163209e+10,1.0629689790e+10,8.3366575940e+09,7.5525563760e+09,7.1314321768e+09,6.2877886993e+09,5.9553794434e+09,5.7563812924e+09,5.3148448952e+09,1.4680131013e+10,8.3366575940e+09,6.0436253977e+09,5.2595241796e+09,4.8383999805e+09,3.9947565030e+09,3.6623472471e+09,3.4633490960e+09,3.0218126988e+09,1.3896029795e+10,7.5525563760e+09,5.2595241796e+09,4.4754229616e+09,4.0542987624e+09,3.2106552850e+09,2.8782460290e+09,2.6792478780e+09,2.2377114808e+09,1.3474905596e+10,7.1314321768e+09,4.8383999805e+09,4.0542987624e+09,3.6331745633e+09,2.7895310858e+09,2.4571218299e+09,2.2581236788e+09,1.8165872817e+09,1.2631262118e+10,6.2877886993e+09,3.9947565030e+09,3.2106552850e+09,2.7895310858e+09,1.9458876083e+09,1.6134783524e+09,1.4144802014e+09,9.7294380417e+08,1.2298852863e+10,5.9553794434e+09,3.6623472471e+09,2.8782460290e+09,2.4571218299e+09,1.6134783524e+09,1.2810690964e+09,1.0820709454e+09,6.4053454822e+08,1.2099854712e+10,5.7563812924e+09,3.4633490960e+09,2.6792478780e+09,2.2581236788e+09,1.4144802014e+09,1.0820709454e+09,8.8307279437e+08,4.4153639719e+08
118,1300,80,2.2411025652e+10,1.6347909783e+10,1.4130514236e+10,1.3366743045e+10,1.2958040869e+10,1.2140457269e+10,1.1819877019e+10,1.1628502399e+10,1.1205512826e+10,1.6347909783e+10,1.0284793914e+10,8.0673983673e+09,7.3036271759e+09,6.8949249994e+09,6.0773413995e+09,5.7567611494e+09,5.5653865303e+09,5.1423969570e+09,1.4130514236e+10,8.0673983673e+09,5.8500028206e+09,5.0862316293e+09,4.6775294527e+09,3.8599458528e+09,3.5393656028e+09,3.3479909837e+09,2.9250014103e+09,1.3366743045e+10,7.3036271759e+09,5.0862316293e+09,4.3224604379e+09,3.9137582614e+09,3.0961746615e+09,2.7755944114e+09,2.5842197923e+09,2.1612302190e+09,1.2958040869e+10,6.8949249994e+09,4.6775294527e+09,3.9137582614e+09,3.5050560848e+09,2.6874724849e+09,2.3668922349e+09,2.1755176158e+09,1.7525280424e+09,1.2140457269e+10,6.0773413995e+09,3.8599458528e+09,3.0961746615e+09,2.6874724849e+09,1.8698888851e+09,1.5493086350e+09,1.3579340159e+09,9.3494444253e+08,1.1819877019e+10,5.7567611494e+09,3.5393656028e+09,2.7755944114e+09,2.3668922349e+09,1.5493086350e+09,1.2287283849e+09,1.0373537658e+09,6.1436419244e+08,1.1628502399e+10,5.5653865303e+09,3.3479909837e+09,2.5842197923e+09,2.1755176158e+09,1.3579340159e+09,1.0373537658e+09,8.4597914676e+08,4.2298957338e+08
119,1300,90,2.2397843051e+10,1.6330856006e+10,1.4112850654e+10,1.3349272957e+10,1.2941372633e+10,1.2126287267e+10,1.1807153637e+10,1.1616938112e+10,1.1198921526e+10,1.6330856006e+10,1.0263868961e+10,8.0458636090e+09,7.2822859121e+09,6.8743855877e+09,6.0593002222e+09,5.7401665914e+09,5.5499510671e+09,5.1319344804e+09,1.4112850654e+10,8.0458636090e+09,5.8278582573e+09,5.0642805604e+09,4.6563802360e+09,3.8412948705e+09,3.5221612397e+09,3.3319457154e+09,2.9139291287e+09,1.3349272957e+10,7.2822859121e+09,5.0642805604e+09,4.3007028634e+09,3.8928025390e+09,3.0777171735e+09,2.7585835428e+09,2.5683680185e+09,2.1503514317e+09,1.2941372633e+10,6.8743855877e+09,4.6563802360e+09,3.8928025390e+09,3.4849022146e+09,2.6698168491e+09,2.3506832184e+09,2.1604676941e+09,1.7424511073e+09,1.2126287267e+10,6.0593002222e+09,3.8412948705e+09,3.0777171735e+09,2.6698168491e+09,1.8547314836e+09,1.5355978529e+09,1.3453823286e+09,9.2736574181e+08,1.1807153637e+10,5.7401665914e+09,3.5221612397e+09,2.7585835428e+09,2.3506832184e+09,1.5355978529e+09,1.2164642221e+09,1.0262486978e+09,6.0823211105e+08,1.1616938112e+10,5.5499510671e+09,3.3319457154e+09,2.5683680185e+09,2.1604676941e+09,1.3453823286e+09,1.0262486978e+09,8.3603317357e+08,4.1801658678e+08
120,1400,0,2.5565202526e+10,2.1027443853e+10,1.8879376540e+10,1.7965461273e+10,1.7406669196e+10,1.6001530837e+10,1.5249994164e+10,1.4684113549e+10,1.2782601263e+10,2.1027443853e+10,1.6489685181e+10,1.4341617868e+10,1.3427702601e+10,1.2868910524e+10,1.1463772165e+10,1.0712235492e+10,1.0146354877e+10,8.2448425905e+09,1.8879376540e+10,1.4341617868e+10,1.2193550555e+10,1.1279635287e+10,1.0720843211e+10,9.3157048517e+09,8.5641681787e+09,7.9982875636e+09,6.0967752773e+09,1.7965461273e+10,1.3427702601e+10,1.1279635287e+10,1.0365720020e+10,9.8069279438e+09,8.4017895846e+09,7.6502529116e+09,7.0843722965e+09,5.1828600102e+09,1.7406669196e+10,1.2868910524e+10,1.0720843211e+10,9.8069279438e+09,9.2481358672e+09,7.8429975080e+09,7.0914608350e+09,6.5255802199e+09,4.6240679336e+09,1.6001530837e+10,1.1463772165e+10,9.3157048517e+09,8.4017895846e+09,7.8429975080e+09,6.4378591489e+09,5.6863224759e+09,5.1204418608e+09,3.2189295745e+09,1.5249994164e+10,1.0712235492e+10,8.5641681787e+09,7.6502529116e+09,7.0914608350e+09,5.6863224759e+09,4.9347858029e+09,4.3689051878e+09,2.4673929014e+09,1.4684113549e+10,1.0146354877e+10,7.9982875636e+09,7.0843722965e+09,6.5255802199e+09,5.1204418608e+09,4.3689051878e+09,3.8030245727e+09,1.9015122863e+09
121,1400,10,2.5829282604e+10,2.1217224246e+10,1.9022732736e+10,1.8082180168e+10,1.7503827226e+10,1.6050790699e+10,1.5288633672e+10,1.4726132743e+10,1.2914641302e+10,2.1217224246e+10,1.6605165887e+10,1.4410674378e+10,1.3470121810e+10,1.2891768868e+10,1.1438732341e+10,1.0676575313e+10,1.0114074385e+10,8.3025829437e+09,1.9022732736e+10,1.4410674378e+10,1.2216182868e+10,1.1275630300e+10,1.0697277358e+10,9.2442408313e+09,8.4820838035e+09,7.9195828755e+09,6.1080914339e+09,1.8082180168e+10,1.3470121810e+10,1.1275630300e+10,1.0335077732e+10,9.7567247906e+09,8.3036882633e+09,7.5415312356e+09,6.9790303075e+09,5.1675388660e+09,1.7503827226e+10,1.2891768868e+10,1.0697277358e+10,9.7567247906e+09,9.1783718491e+09,7.7253353219e+09,6.9631782942e+09,6.4006773661e+09,4.5891859246e+09,1.6050790699e+10,1.1438732341e+10,9.2442408313e+09,8.3036882633e+09,7.7253353219e+09,6.2722987947e+09,5.5101417670e+09,4.9476408389e+09,3.1361493973e+09,1.5288633672e+10,1.0676575313e+10,8.4820838035e+09,7.5415312356e+09,6.9631782942e+09,5.5101417670e+09,4.7479847393e+09,4.1854838112e+09,2.3739923696e+09,1.4726132743e+10,1.0114074385e+10,7.9195828755e+09,6.9790303075e+09,6.4006773661e+09,4.9476408389e+09,4.1854838112e+09,3.6229828831e+09,1.8114914416e+09
122,1400,20,2.8000404071e+10,2.3141525912e+10,2.0678527595e+10,1.9545578088e+10,1.8828224583e+10,1.7021123362e+10,1.6146708714e+10,1.5558134646e+10,1.4000202036e+10,2.3141525912e+10,1.8282647754e+10,1.5819649436e+10,1.4686699930e+10,1.3969346424e+10,1.2162245203e+10,1.1287830555e+10,1.0699256487e+10,9.1413238769e+09,2.0678527595e+10,1.5819649436e+10,1.3356651118e+10,1.2223701612e+10,1.1506348106e+10,9.6992468855e+09,8.8248322376e+09,8.2362581692e+09,6.6783255591e+09,1.9545578088e+10,1.4686699930e+10,1.2223701612e+10,1.1090752106e+10,1.0373398600e+10,8.5662973794e+09,7.6918827314e+09,7.1033086631e+09,5.5453760529e+09,1.8828224583e+10,1.3969346424e+10,1.1506348106e+10,1.0373398600e+10,9.6560450949e+09,7.8489438739e+09,6.9745292260e+09,6.3859551576e+09,4.8280225474e+09,1.7021123362e+10,1.2162245203e+10,9.6992468855e+09,8.5662973794e+09,7.8489438739e+09,6.0418426530e+09,5.1674280050e+09,4.5788539367e+09,3.0209213265e+09,1.6146708714e+10,1.1287830555e+10,8.8248322376e+09,7.6918827314e+09,6.9745292260e+09,5.1674280050e+09,4.2930133571e+09,3.7044392888e+09,2.1465066786e+09,1.5558134646e+10,1.0699256487e+10,8.2362581692e+09,7.1033086631e+09,6.3859551576e+09,4.5788539367e+09,3.7044392888e+09,3.1158652204e+09,1.5579326102e+09
123,1400,30,3.5790912184e+10,2.8579819603e+10,2.5058320454e+10,2.3539617550e+10,2.2621322391e+10,2.0528290879e+10,1.9655615342e+10,1.9123620876e+10,1.7895456092e+10,2.8579819603e+10,2.1368727022e+10,1.7847227873e+10,1.6328524969e+10,1.5410229810e+10,1.3317198298e+10,1.2444522761e+10,1.1912528295e+10,1.0684363511e+10,2.5058320454e+10,1.7847227873e+10,1.4325728724e+10,1.2807025820e+10,1.1888730661e+10,9.7956991489e+09,8.9230236120e+09,8.3910291465e+09,7.1628643622e+09,2.3539617550e+10,1.6328524969e+10,1.2807025820e+10,1.1288322915e+10,1.0370027757e+10,8.2769962443e+09,7.4043207074e+09,6.8723262419e+09,5.6441614576e+09,2.2621322391e+10,1.5410229810e+10,1.1888730661e+10,1.0370027757e+10,9.4517325982e+09,7.3587010858e+09,6.4860255489e+09,5.9540310834e+09,4.7258662991e+09,2.0528290879e+10,1.3317198298e+10,9.7956991489e+09,8.2769962443e+09,7.3587010858e+09,5.2656695733e+09,4.3929940365e+09,3.8609995710e+09,2.6328347867e+09,1.9655615342e+10,1.2444522761e+10,8.9230236120e+09,7.4043207074e+09,6.4860255489e+09,4.3929940365e+09,3.5203184996e+09,2.9883240341e+09,1.7601592498e+09,1.9123620876e+10,1.1912528295e+10,8.3910291465e+09,6.8723262419e+09,5.9540310834e+09,3.8609995710e+09,2.9883240341e+09,2.4563295686e+09,1.2281647843e+09
124,1400,40,4.3707485766e+10,3.2793438091e+10,2.8262329927e+10,2.6608971499e+10,2.5693986441e+10,2.3863095173e+10,2.3172533065e+10,2.2765934110e+10,2.1853742883e+10,3.2793438091e+10,2.1879390416e+10,1.7348282252e+10,1.5694923825e+10,1.4779938766e+10,1.2949047498e+10,1.2258485391e+10,1.1851886436e+10,1.0939695208e+10,2.8262329927e+10,1.7348282252e+10,1.2817174087e+10,1.1163815660e+10,1.0248830601e+10,8.4179393337e+09,7.7273772261e+09,7.3207782712e+09,6.4085870436e+09,2.6608971499e+10,1.5694923825e+10,1.1163815660e+10,9.5104572331e+09,8.5954721744e+09,6.7645809066e+09,6.0740187990e+09,5.6674198441e+09,4.7552286165e+09,2.5693986441e+10,1.4779938766e+10,1.0248830601e+10,8.5954721744e+09,7.6804871156e+09,5.8495958479e+09,5.1590337402e+09,4.7524347853e+09,3.8402435578e+09,2.3863095173e+10,1.2949047498e+10,8.4179393337e+09,6.7645809066e+09,5.8495958479e+09,4.0187045802e+09,3.3281424725e+09,2.9215435176e+09,2.0093522901e+09,2.3172533065e+10,1.2258485391e+10,7.7273772261e+09,6.0740187990e+09,5.1590337402e+09,3.3281424725e+09,2.6375803648e+09,2.2309814099e+09,1.3187901824e+09,2.2765934110e+10,1.1851886436e+10,7.3207782712e+09,5.6674198441e+09,4.7524347853e+09,2.9215435176e+09,2.2309814099e+09,1.8243824550e+09,9.1219122751e+08
125,1400,50,4.0308174578e+10,2.9304779670e+10,2.5252692919e+10,2.3891585902e+10,2.3159524004e+10,2.1734480292e+10,2.1193878047e+10,2.0873078302e+10,2.0154087289e+10,2.9304779670e+10,1.8301384761e+10,1.4249298010e+10,1.2888190994e+10,1.2156129096e+10,1.0731085384e+10,1.0190483138e+10,9.8696833931e+09,9.1506923806e+09,2.5252692919e+10,1.4249298010e+10,1.0197211260e+10,8.8361042430e+09,8.1040423453e+09,6.6789986332e+09,6.1383963875e+09,5.8175966423e+09,5.0986056298e+09,2.3891585902e+10,1.2888190994e+10,8.8361042430e+09,7.4749972264e+09,6.7429353287e+09,5.3178916167e+09,4.7772893710e+09,4.4564896258e+09,3.7374986132e+09,2.3159524004e+10,1.2156129096e+10,8.1040423453e+09,6.7429353287e+09,6.0108734310e+09,4.5858297189e+09,4.0452274732e+09,3.7244277280e+09,3.0054367155e+09,2.1734480292e+10,1.0731085384e+10,6.6789986332e+09,5.3178916167e+09,4.5858297189e+09,3.1607860069e+09,2.6201837612e+09,2.2993840160e+09,1.5803930035e+09,2.1193878047e+10,1.0190483138e+10,6.1383963875e+09,4.7772893710e+09,4.0452274732e+09,2.6201837612e+09,2.0795815155e+09,1.7587817703e+09,1.0397907578e+09,2.0873078302e+10,9.8696833931e+09,5.8175966423e+09,4.4564896258e+09,3.7244277280e+09,2.2993840160e+09,1.7587817703e+09,1.4379820251e+09,7.1899101256e+08
126,1400,60,3.2315633380e+10,2.3561995332e+10,2.0385074511e+10,1.9304865538e+10,1.8714664620e+10,1.7526692001e+10,1.7059496999e+10,1.6779808348e+10,1.6157816690e+10,2.3561995332e+10,1.4808357284e+10,1.1631436463e+10,1.0551227490e+10,9.9610265723e+09,8.7730539527e+09,8.3058589508e+09,8.0261702997e+09,7.4041786420e+09,2.0385074511e+10,1.1631436463e+10,8.4545156421e+09,7.3743066694e+09,6.7841057514e+09,5.5961331318e+09,5.1289381299e+09,4.8492494787e+09,4.2272578211e+09,1.9304865538e+10,1.0551227490e+10,7.3743066694e+09,6.2940976966e+09,5.7038967786e+09,4.5159241590e+09,4.0487291571e+09,3.7690405060e+09,3.1470488483e+09,1.8714664620e+10,9.9610265723e+09,6.7841057514e+09,5.7038967786e+09,5.1136958606e+09,3.9257232410e+09,3.4585282391e+09,3.1788395880e+09,2.5568479303e+09,1.7526692001e+10,8.7730539527e+09,5.5961331318e+09,4.5159241590e+09,3.9257232410e+09,2.7377506214e+09,2.2705556195e+09,1.9908669684e+09,1.3688753107e+09,1.7059496999e+10,8.3058589508e+09,5.1289381299e+09,4.0487291571e+09,3.4585282391e+09,2.2705556195e+09,1.8033606176e+09,1.5236719665e+09,9.0168030882e+08,1.6779808348e+10,8.0261702997e+09,4.8492494787e+09,3.7690405060e+09,3.1788395880e+09,1.9908669684e+09,1.5236719665e+09,1.2439833154e+09,6.2199165768e+08
127,1400,70,3.0470540584e+10,2.2274358770e+10,1.9274948489e+10,1.8236820392e+10,1.7672425372e+10,1.6529107448e+10,1.6079346740e+10,1.5812380250e+10,1.5235270292e+10,2.2274358770e+10,1.4078176957e+10,1.1078766676e+10,1.0040638578e+10,9.4762435589e+09,8.3329256342e+09,7.8831649263e+09,7.6161984366e+09,7.0390884783e+09,1.9274948489e+10,1.1078766676e+10,8.0793563948e+09,7.0412282975e+09,6.4768332781e+09,5.3335153533e+09,4.8837546454e+09,4.6167881557e+09,4.0396781974e+09,1.8236820392e+10,1.0040638578e+10,7.0412282975e+09,6.0031002002e+09,5.4387051808e+09,4.2953872561e+09,3.8456265481e+09,3.5786600584e+09,3.0015501001e+09,1.7672425372e+10,9.4762435589e+09,6.4768332781e+09,5.4387051808e+09,4.8743101614e+09,3.7309922366e+09,3.2812315287e+09,3.0142650390e+09,2.4371550807e+09,1.6529107448e+10,8.3329256342e+09,5.3335153533e+09,4.2953872561e+09,3.7309922366e+09,2.5876743119e+09,2.1379136040e+09,1.8709471142e+09,1.2938371559e+09,1.6079346740e+10,7.8831649263e+09,4.8837546454e+09,3.8456265481e+09,3.2812315287e+09,2.1379136040e+09,1.6881528961e+09,1.4211864063e+09,8.4407644803e+08,1.5812380250e+10,7.6161984366e+09,4.6167881557e+09,3.5786600584e+09,3.0142650390e+09,1.8709471142e+09,1.4211864063e+09,1.1542199166e+09,5.7710995829e+08
128,1400,80,2.9056897521e+10,2.1286380115e+10,1.8410127479e+10,1.7408680099e+10,1.6865913454e+10,1.5767322389e+10,1.5336054225e+10,1.5080268014e+10,1.4528448761e+10,2.1286380115e+10,1.3515862709e+10,1.0639610073e+10,9.6381626930e+09,9.0953960483e+09,7.9968049830e+09,7.5655368193e+09,7.3097506075e+09,6.7579313544e+09,1.8410127479e+10,1.0639610073e+10,7.7633574377e+09,6.7619100574e+09,6.2191434127e+09,5.1205523474e+09,4.6892841837e+09,4.4334979719e+09,3.8816787188e+09,1.7408680099e+10,9.6381626930e+09,6.7619100574e+09,5.7604626771e+09,5.2176960324e+09,4.1191049672e+09,3.6878368034e+09,3.4320505916e+09,2.8802313386e+09,1.6865913454e+10,9.0953960483e+09,6.2191434127e+09,5.2176960324e+09,4.6749293878e+09,3.5763383225e+09,3.1450701588e+09,2.8892839470e+09,2.3374646939e+09,1.5767322389e+10,7.9968049830e+09,5.1205523474e+09,4.1191049672e+09,3.5763383225e+09,2.4777472572e+09,2.0464790935e+09,1.7906928817e+09,1.2388736286e+09,1.5336054225e+10,7.5655368193e+09,4.6892841837e+09,3.6878368034e+09,3.1450701588e+09,2.0464790935e+09,1.6152109297e+09,1.3594247179e+09,8.0760546487e+08,1.5080268014e+10,7.3097506075e+09,4.4334979719e+09,3.4320505916e+09,2.8892839470e+09,1.7906928817e+09,1.3594247179e+09,1.1036385061e+09,5.5181925306e+08
129,1400,90,2.8713259973e+10,2.1044052229e+10,1.8198106451e+10,1.7205699899e+10,1.6668237469e+10,1.5580739480e+10,1.5154194662e+10,1.4901346648e+10,1.4356629986e+10,2.1044052229e+10,1.3374844485e+10,1.0528898707e+10,9.5364921549e+09,8.9990297246e+09,7.9115317361e+09,7.4849869177e+09,7.2321389036e+09,6.6874222423e+09,1.8198106451e+10,1.0528898707e+10,7.6829529296e+09,6.6905463775e+09,6.1530839471e+09,5.0655859587e+09,4.6390411402e+09,4.3861931261e+09,3.8414764648e+09,1.7205699899e+10,9.5364921549e+09,6.6905463775e+09,5.6981398253e+09,5.1606773949e+09,4.0731794065e+09,3.6466345880e+09,3.3937865740e+09,2.8490699126e+09,1.6668237469e+10,8.9990297246e+09,6.1530839471e+09,5.1606773949e+09,4.6232149646e+09,3.5357169761e+09,3.1091721577e+09,2.8563241436e+09,2.3116074823e+09,1.5580739480e+10,7.9115317361e+09,5.0655859587e+09,4.0731794065e+09,3.5357169761e+09,2.4482189877e+09,2.0216741692e+09,1.7688261551e+09,1.2241094938e+09,1.5154194662e+10,7.4849869177e+09,4.6390411402e+09,3.6466345880e+09,3.1091721577e+09,2.0216741692e+09,1.5951293508e+09,1.3422813367e+09,7.9756467540e+08,1.4901346648e+10,7.2321389036e+09,4.3861931261e+09,3.3937865740e+09,2.8563241436e+09,1.7688261551e+09,1.3422813367e+09,1.0894333226e+09,5.4471666131e+08
130,1500,0,3.5989130311e+10,3.0021890280e+10,2.7059299553e+10,2.5733703874e+10,2.4896617976e+10,2.2726305937e+10,2.1571913336e+10,2.0717132644e+10,1.7994565156e+10,3.0021890280e+10,2.4054650249e+10,2.1092059521e+10,1.9766463842e+10,1.8929377944e+10,1.6759065905e+10,1.5604673305e+10,1.4749892613e+10,1.2027325124e+10,2.7059299553e+10,2.1092059521e+10,1.8129468794e+10,1.6803873115e+10,1.5966787217e+10,1.3796475178e+10,1.2642082578e+10,1.1787301886e+10,9.0647343971e+09,2.5733703874e+10,1.9766463842e+10,1.6803873115e+10,1.5478277436e+10,1.4641191538e+10,1.2470879499e+10,1.1316486899e+10,1.0461706206e+10,7.7391387179e+09,2.4896617976e+10,1.8929377944e+10,1.5966787217e+10,1.4641191538e+10,1.3804105640e+10,1.1633793601e+10,1.0479401001e+10,9.6246203086e+09,6.9020528201e+09,2.2726305937e+10,1.6759065905e+10,1.3796475178e+10,1.2470879499e+10,1.1633793601e+10,9.4634815619e+09,8.3090889617e+09,7.4543082694e+09,4.7317407809e+09,2.1571913336e+10,1.5604673305e+10,1.2642082578e+10,1.1316486899e+10,1.0479401001e+10,8.3090889617e+09,7.1546963615e+09,6.2999156692e+09,3.5773481807e+09,2.0717132644e+10,1.4749892613e+10,1.1787301886e+10,1.0461706206e+10,9.6246203086e+09,7.4543082694e+09,6.2999156692e+09,5.4451349769e+09,2.7225674885e+09
131,1500,10,3.6491154374e+10,3.0414554070e+10,2.7386830026e+10,2.6006230010e+10,2.5127415194e+10,2.2843464527e+10,2.1650529041e+10,2.0792190833e+10,1.8245577187e+10,3.0414554070e+10,2.4337953766e+10,2.1310229722e+10,1.9929629706e+10,1.9050814890e+10,1.6766864223e+10,1.5573928737e+10,1.4715590529e+10,1.2168976883e+10,2.7386830026e+10,2.1310229722e+10,1.8282505679e+10,1.6901905663e+10,1.6023090847e+10,1.3739140180e+10,1.2546204693e+10,1.1687866485e+10,9.1412528394e+09,2.6006230010e+10,1.9929629706e+10,1.6901905663e+10,1.5521305646e+10,1.4642490830e+10,1.2358540164e+10,1.1165604677e+10,1.0307266469e+10,7.7606528231e+09,2.5127415194e+10,1.9050814890e+10,1.6023090847e+10,1.4642490830e+10,1.3763676014e+10,1.1479725348e+10,1.0286789861e+10,9.4284516531e+09,6.8818380072e+09,2.2843464527e+10,1.6766864223e+10,1.3739140180e+10,1.2358540164e+10,1.1479725348e+10,9.1957746809e+09,8.0028391942e+09,7.1445009864e+09,4.5978873404e+09,2.1650529041e+10,1.5573928737e+10,1.2546204693e+10,1.1165604677e+10,1.0286789861e+10,8.0028391942e+09,6.8099037075e+09,5.9515654997e+09,3.4049518537e+09,2.0792190833e+10,1.4715590529e+10,1.1687866485e+10,1.0307266469e+10,9.4284516531e+09,7.1445009864e+09,5.9515654997e+09,5.0932272919e+09,2.5466136460e+09
132,1500,20,3.8821233972e+10,3.2245836495e+10,2.8833605271e+10,2.7226962701e+10,2.6197221357e+10,2.3580580058e+10,2.2327418261e+10,2.1499190331e+10,1.9410616986e+10,3.2245836495e+10,2.5670439018e+10,2.2258207794e+10,2.0651565224e+10,1.9621823880e+10,1.7005182582e+10,1.5752020784e+10,1.4923792854e+10,1.2835219509e+10,2.8833605271e+10,2.2258207794e+10,1.8845976571e+10,1.7239334001e+10,1.6209592656e+10,1.3592951358e+10,1.2339789560e+10,1.1511561630e+10,9.4229882853e+09,2.7226962701e+10,2.0651565224e+10,1.7239334001e+10,1.5632691431e+10,1.4602950086e+10,1.1986308788e+10,1.0733146990e+10,9.9049190598e+09,7.8163457153e+09,2.6197221357e+10,1.9621823880e+10,1.6209592656e+10,1.4602950086e+10,1.3573208741e+10,1.0956567443e+10,9.7034056458e+09,8.8751777152e+09,6.7866043706e+09,2.3580580058e+10,1.7005182582e+10,1.3592951358e+10,1.1986308788e+10,1.0956567443e+10,8.3399261446e+09,7.0867643474e+09,6.2585364169e+09,4.1699630723e+09,2.2327418261e+10,1.5752020784e+10,1.2339789560e+10,1.0733146990e+10,9.7034056458e+09,7.0867643474e+09,5.8336025503e+09,5.0053746197e+09,2.9168012751e+09,2.1499190331e+10,1.4923792854e+10,1.1511561630e+10,9.9049190598e+09,8.8751777152e+09,6.2585364169e+09,5.0053746197e+09,4.1771466892e+09,2.0885733446e+09
133,1500,30,4.8293935332e+10,3.8543838317e+10,3.3782590567e+10,3.1729098111e+10,3.0485701117e+10,2.7647441461e+10,2.6465378213e+10,2.5749554614e+10,2.4146967666e+10,3.8543838317e+10,2.8793741302e+10,2.4032493552e+10,2.1979001096e+10,2.0735604102e+10,1.7897344446e+10,1.6715281198e+10,1.5999457599e+10,1.4396870651e+10,3.3782590567e+10,2.4032493552e+10,1.9271245802e+10,1.7217753346e+10,1.5974356352e+10,1.3136096696e+10,1.1954033448e+10,1.1238209849e+10,9.6356229009e+09,3.1729098111e+10,2.1979001096e+10,1.7217753346e+10,1.5164260891e+10,1.3920863896e+10,1.1082604240e+10,9.9005409927e+09,9.1847173934e+09,7.5821304453e+09,3.0485701117e+10,2.0735604102e+10,1.5974356352e+10,1.3920863896e+10,1.2677466902e+10,9.8392072460e+09,8.6571439985e+09,7.9413203992e+09,6.3387334511e+09,2.7647441461e+10,1.7897344446e+10,1.3136096696e+10,1.1082604240e+10,9.8392072460e+09,7.0009475898e+09,5.8188843423e+09,5.1030607429e+09,3.5004737949e+09,2.6465378213e+10,1.6715281198e+10,1.1954033448e+10,9.9005409927e+09,8.6571439985e+09,5.8188843423e+09,4.6368210948e+09,3.9209974954e+09,2.3184105474e+09,2.5749554614e+10,1.5999457599e+10,1.1238209849e+10,9.1847173934e+09,7.9413203992e+09,5.1030607429e+09,3.9209974954e+09,3.2051738961e+09,1.6025869480e+09
134,1500,40,5.6836618489e+10,4.2729414147e+10,3.6883126502e+10,3.4734967964e+10,3.3535012652e+10,3.1091724271e+10,3.0157481143e+10,2.9609237180e+10,2.8418309245e+10,4.2729414147e+10,2.8622209804e+10,2.2775922159e+10,2.0627763621e+10,1.9427808310e+10,1.6984519929e+10,1.6050276800e+10,1.5502032838e+10,1.4311104902e+10,3.6883126502e+10,2.2775922159e+10,1.6929634515e+10,1.4781475976e+10,1.3581520665e+10,1.1138232284e+10,1.0203989155e+10,9.6557451931e+09,8.4648172574e+09,3.4734967964e+10,2.0627763621e+10,1.4781475976e+10,1.2633317438e+10,1.1433362127e+10,8.9900737458e+09,8.0558306172e+09,7.5075866549e+09,6.3166587191e+09,3.3535012652e+10,1.9427808310e+10,1.3581520665e+10,1.1433362127e+10,1.0233406816e+10,7.7901184346e+09,6.8558753060e+09,6.3076313437e+09,5.1167034079e+09,3.1091724271e+10,1.6984519929e+10,1.1138232284e+10,8.9900737458e+09,7.7901184346e+09,5.3468300533e+09,4.4125869248e+09,3.8643429624e+09,2.6734150267e+09,3.0157481143e+10,1.6050276800e+10,1.0203989155e+10,8.0558306172e+09,6.8558753060e+09,4.4125869248e+09,3.4783437962e+09,2.9300998339e+09,1.7391718981e+09,2.9609237180e+10,1.5502032838e+10,9.6557451931e+09,7.5075866549e+09,6.3076313437e+09,3.8643429624e+09,2.9300998339e+09,2.3818558715e+09,1.1909279358e+09
135,1500,50,5.2761606994e+10,3.8437210029e+10,3.3167744642e+10,3.1382264499e+10,3.0413037620e+10,2.8495369084e+10,2.7760625930e+10,2.7326289249e+10,2.6380803497e+10,3.8437210029e+10,2.4112813064e+10,1.8843347677e+10,1.7057867534e+10,1.6088640655e+10,1.4170972118e+10,1.3436228965e+10,1.3001892284e+10,1.2056406532e+10,3.3167744642e+10,1.8843347677e+10,1.3573882289e+10,1.1788402147e+10,1.0819175268e+10,8.9015067312e+09,8.1667635779e+09,7.7324268970e+09,6.7869411446e+09,3.1382264499e+10,1.7057867534e+10,1.1788402147e+10,1.0002922005e+10,9.0336951252e+09,7.1160265888e+09,6.3812834356e+09,5.9469467547e+09,5.0014610023e+09,3.0413037620e+10,1.6088640655e+10,1.0819175268e+10,9.0336951252e+09,8.0644682458e+09,6.1467997094e+09,5.4120565561e+09,4.9777198753e+09,4.0322341229e+09,2.8495369084e+10,1.4170972118e+10,8.9015067312e+09,7.1160265888e+09,6.1467997094e+09,4.2291311730e+09,3.4943880198e+09,3.0600513389e+09,2.1145655865e+09,2.7760625930e+10,1.3436228965e+10,8.1667635779e+09,6.3812834356e+09,5.4120565561e+09,3.4943880198e+09,2.7596448665e+09,2.3253081857e+09,1.3798224333e+09,2.7326289249e+10,1.3001892284e+10,7.7324268970e+09,5.9469467547e+09,4.9777198753e+09,3.0600513389e+09,2.3253081857e+09,1.8909715048e+09,9.4548575240e+08
136,1500,60,4.2595335084e+10,3.1129067138e+10,2.6955446017e+10,2.5522968172e+10,2.4733898858e+10,2.3126129811e+10,2.2491543371e+10,2.2113874756e+10,2.1297667542e+10,3.1129067138e+10,1.9662799192e+10,1.5489178071e+10,1.4056700226e+10,1.3267630912e+10,1.1659861865e+10,1.1025275425e+10,1.0647606810e+10,9.8313995958e+09,2.6955446017e+10,1.5489178071e+10,1.1315556950e+10,9.8830791048e+09,9.0940097908e+09,7.4862407444e+09,6.8516543040e+09,6.4739856894e+09,5.6577784749e+09,2.5522968172e+10,1.4056700226e+10,9.8830791048e+09,8.4506012598e+09,7.6615319458e+09,6.0537628993e+09,5.4191764590e+09,5.0415078444e+09,4.2253006299e+09,2.4733898858e+10,1.3267630912e+10,9.0940097908e+09,7.6615319458e+09,6.8724626318e+09,5.2646935854e+09,4.6301071450e+09,4.2524385304e+09,3.4362313159e+09,2.3126129811e+10,1.1659861865e+10,7.4862407444e+09,6.0537628993e+09,5.2646935854e+09,3.6569245389e+09,3.0223380985e+09,2.6446694840e+09,1.8284622695e+09,2.2491543371e+10,1.1025275425e+10,6.8516543040e+09,5.4191764590e+09,4.6301071450e+09,3.0223380985e+09,2.3877516582e+09,2.0100830436e+09,1.1938758291e+09,2.2113874756e+10,1.0647606810e+10,6.4739856894e+09,5.0415078444e+09,4.2524385304e+09,2.6446694840e+09,2.0100830436e+09,1.6324144291e+09,8.1620721453e+08
137,1500,70,3.9627945156e+10,2.9019136949e+10,2.5126690629e+10,2.3772648952e+10,2.3030476882e+10,2.1513997076e+10,2.0916320721e+10,2.0562927021e+10,1.9813972578e+10,2.9019136949e+10,1.8410328742e+10,1.4517882421e+10,1.3163840745e+10,1.2421668675e+10,1.0905188869e+10,1.0307512514e+10,9.9541188140e+09,9.2051643709e+09,2.5126690629e+10,1.4517882421e+10,1.0625436101e+10,9.2713944246e+09,8.5292223550e+09,7.0127425487e+09,6.4150661937e+09,6.0616724937e+09,5.3127180506e+09,2.3772648952e+10,1.3163840745e+10,9.2713944246e+09,7.9173527482e+09,7.1751806786e+09,5.6587008723e+09,5.0610245172e+09,4.7076308172e+09,3.9586763741e+09,2.3030476882e+10,1.2421668675e+10,8.5292223550e+09,7.1751806786e+09,6.4330086090e+09,4.9165288027e+09,4.3188524476e+09,3.9654587476e+09,3.2165043045e+09,2.1513997076e+10,1.0905188869e+10,7.0127425487e+09,5.6587008723e+09,4.9165288027e+09,3.4000489963e+09,2.8023726413e+09,2.4489789413e+09,1.7000244982e+09,2.0916320721e+10,1.0307512514e+10,6.4150661937e+09,5.0610245172e+09,4.3188524476e+09,2.8023726413e+09,2.2046962862e+09,1.8513025863e+09,1.1023481431e+09,2.0562927021e+10,9.9541188140e+09,6.0616724937e+09,4.7076308172e+09,3.9654587476e+09,2.4489789413e+09,1.8513025863e+09,1.4979088863e+09,7.4895444315e+08
138,1500,80,3.7392755726e+10,2.7425043099e+10,2.3736798036e+10,2.2448731776e+10,2.1744841039e+10,2.0308147321e+10,1.9742353512e+10,1.9407501336e+10,1.8696377863e+10,2.7425043099e+10,1.7457330473e+10,1.3769085409e+10,1.2481019150e+10,1.1777128412e+10,1.0340434694e+10,9.7746408852e+09,9.4397887096e+09,8.7286652365e+09,2.3736798036e+10,1.3769085409e+10,1.0080840345e+10,8.7927740858e+09,8.0888833484e+09,6.6521896307e+09,6.0863958215e+09,5.7515436458e+09,5.0404201727e+09,2.2448731776e+10,1.2481019150e+10,8.7927740858e+09,7.5047078262e+09,6.8008170888e+09,5.3641233711e+09,4.7983295618e+09,4.4634773862e+09,3.7523539131e+09,2.1744841039e+10,1.1777128412e+10,8.0888833484e+09,6.8008170888e+09,6.0969263514e+09,4.6602326337e+09,4.0944388244e+09,3.7595866488e+09,3.0484631757e+09,2.0308147321e+10,1.0340434694e+10,6.6521896307e+09,5.3641233711e+09,4.6602326337e+09,3.2235389160e+09,2.6577451067e+09,2.3228929311e+09,1.6117694580e+09,1.9742353512e+10,9.7746408852e+09,6.0863958215e+09,4.7983295618e+09,4.0944388244e+09,2.6577451067e+09,2.0919512975e+09,1.7570991219e+09,1.0459756487e+09,1.9407501336e+10,9.4397887096e+09,5.7515436458e+09,4.4634773862e+09,3.7595866488e+09,2.3228929311e+09,1.7570991219e+09,1.4222469462e+09,7.1112347312e+08
139,1500,90,3.6617461930e+10,2.6863811246e+10,2.3252721616e+10,2.1990608932e+10,2.1301157519e+10,1.9892867745e+10,1.9337573179e+10,1.9008560551e+10,1.8308730965e+10,2.6863811246e+10,1.7110160562e+10,1.3499070932e+10,1.2236958248e+10,1.1547506835e+10,1.0139217061e+10,9.5839224953e+09,9.2549098666e+09,8.5550802809e+09,2.3252721616e+10,1.3499070932e+10,9.8879813014e+09,8.6258686174e+09,7.9364172046e+09,6.5281274304e+09,5.9728328650e+09,5.6438202364e+09,4.9439906507e+09,2.1990608932e+10,1.2236958248e+10,8.6258686174e+09,7.3637559334e+09,6.6743045206e+09,5.2660147464e+09,4.7107201810e+09,4.3817075524e+09,3.6818779667e+09,2.1301157519e+10,1.1547506835e+10,7.9364172046e+09,6.6743045206e+09,5.9848531079e+09,4.5765633336e+09,4.0212687683e+09,3.6922561397e+09,2.9924265539e+09,1.9892867745e+10,1.0139217061e+10,6.5281274304e+09,5.2660147464e+09,4.5765633336e+09,3.1682735594e+09,2.6129789941e+09,2.2839663654e+09,1.5841367797e+09,1.9337573179e+10,9.5839224953e+09,5.9728328650e+09,4.7107201810e+09,4.0212687683e+09,2.6129789941e+09,2.0576844287e+09,1.7286718001e+09,1.0288422143e+09,1.9008560551e+10,9.2549098666e+09,5.6438202364e+09,4.3817075524e+09,3.6922561397e+09,2.2839663654e+09,1.7286718001e+09,1.3996591714e+09,6.9982958572e+08
140,1600,0,5.0014946269e+10,4.2207795070e+10,3.8110954419e+10,3.6183748983e+10,3.4934313694e+10,3.1625420080e+10,2.9890703539e+10,2.8645995657e+10,2.5007473135e+10,4.2207795070e+10,3.4400643870e+10,3.0303803219e+10,2.8376597783e+10,2.7127162495e+10,2.3818268881e+10,2.2083552339e+10,2.0838844457e+10,1.7200321935e+10,3.8110954419e+10,3.0303803219e+10,2.6206962568e+10,2.4279757132e+10,2.3030321844e+10,1.9721428230e+10,1.7986711688e+10,1.6742003806e+10,1.3103481284e+10,3.6183748983e+10,2.8376597783e+10,2.4279757132e+10,2.2352551697e+10,2.1103116408e+10,1.7794222794e+10,1.6059506252e+10,1.4814798371e+10,1.1176275848e+10,3.4934313694e+10,2.7127162495e+10,2.3030321844e+10,2.1103116408e+10,1.9853681120e+10,1.6544787506e+10,1.4810070964e+10,1.3565363082e+10,9.9268405599e+09,3.1625420080e+10,2.3818268881e+10,1.9721428230e+10,1.7794222794e+10,1.6544787506e+10,1.3235893892e+10,1.1501177350e+10,1.0256469468e+10,6.6179469458e+09,2.9890703539e+10,2.2083552339e+10,1.7986711688e+10,1.6059506252e+10,1.4810070964e+10,1.1501177350e+10,9.7664608079e+09,8.5217529262e+09,4.8832304039e+09,2.8645995657e+10,2.0838844457e+10,1.6742003806e+10,1.4814798371e+10,1.3565363082e+10,1.0256469468e+10,8.5217529262e+09,7.2770450444e+09,3.6385225222e+09
141,1600,10,5.0691807297e+10,4.2710790644e+10,3.8528042952e+10,3.6521320138e+10,3.5212264249e+10,3.1747234946e+10,2.9966638664e+10,2.8724610813e+10,2.5345903648e+10,4.2710790644e+10,3.4729773992e+10,3.0547026299e+10,2.8540303485e+10,2.7231247596e+10,2.3766218294e+10,2.1985622012e+10,2.0743594160e+10,1.7364886996e+10,3.8528042952e+10,3.0547026299e+10,2.6364278607e+10,2.4357555793e+10,2.3048499904e+10,1.9583470601e+10,1.7802874319e+10,1.6560846468e+10,1.3182139304e+10,3.6521320138e+10,2.8540303485e+10,2.4357555793e+10,2.2350832978e+10,2.1041777089e+10,1.7576747787e+10,1.5796151505e+10,1.4554123653e+10,1.1175416489e+10,3.5212264249e+10,2.7231247596e+10,2.3048499904e+10,2.1041777089e+10,1.9732721200e+10,1.6267691898e+10,1.4487095616e+10,1.3245067764e+10,9.8663606002e+09,3.1747234946e+10,2.3766218294e+10,1.9583470601e+10,1.7576747787e+10,1.6267691898e+10,1.2802662596e+10,1.1022066314e+10,9.7800384620e+09,6.4013312979e+09,2.9966638664e+10,2.1985622012e+10,1.7802874319e+10,1.5796151505e+10,1.4487095616e+10,1.1022066314e+10,9.2414700313e+09,7.9994421798e+09,4.6207350157e+09,2.8724610813e+10,2.0743594160e+10,1.6560846468e+10,1.4554123653e+10,1.3245067764e+10,9.7800384620e+09,7.9994421798e+09,6.7574143282e+09,3.3787071641e+09
142,1600,20,5.1740017091e+10,4.3149388892e+10,3.8603602080e+10,3.6418705419e+10,3.5004473964e+10,3.1388629968e+10,2.9674318890e+10,2.8559534003e+10,2.5870008546e+10,4.3149388892e+10,3.4558760692e+10,3.0012973880e+10,2.7828077220e+10,2.6413845764e+10,2.2798001769e+10,2.1083690691e+10,1.9968905804e+10,1.7279380346e+10,3.8603602080e+10,3.0012973880e+10,2.5467187069e+10,2.3282290408e+10,2.1868058952e+10,1.8252214957e+10,1.6537903879e+10,1.5423118992e+10,1.2733593534e+10,3.6418705419e+10,2.7828077220e+10,2.3282290408e+10,2.1097393748e+10,1.9683162292e+10,1.6067318297e+10,1.4353007218e+10,1.3238222332e+10,1.0548696874e+10,3.5004473964e+10,2.6413845764e+10,2.1868058952e+10,1.9683162292e+10,1.8268930836e+10,1.4653086841e+10,1.2938775763e+10,1.1823990876e+10,9.1344654182e+09,3.1388629968e+10,2.2798001769e+10,1.8252214957e+10,1.6067318297e+10,1.4653086841e+10,1.1037242846e+10,9.3229317672e+09,8.2081468805e+09,5.5186214228e+09,2.9674318890e+10,2.1083690691e+10,1.6537903879e+10,1.4353007218e+10,1.2938775763e+10,9.3229317672e+09,7.6086206888e+09,6.4938358021e+09,3.8043103444e+09,2.8559534003e+10,1.9968905804e+10,1.5423118992e+10,1.3238222332e+10,1.1823990876e+10,8.2081468805e+09,6.4938358021e+09,5.3790509154e+09,2.6895254577e+09
143,1600,30,6.2236561578e+10,4.9697700216e+10,4.3562725780e+10,4.0906683614e+10,3.9293439086e+10,3.5596102427e+10,3.4055930175e+10,3.3129154300e+10,3.1118280789e+10,4.9697700216e+10,3.7158838853e+10,3.1023864417e+10,2.8367822251e+10,2.6754577723e+10,2.3057241064e+10,2.1517068812e+10,2.0590292937e+10,1.8579419426e+10,4.3562725780e+10,3.1023864417e+10,2.4888889981e+10,2.2232847815e+10,2.0619603287e+10,1.6922266628e+10,1.5382094377e+10,1.4455318502e+10,1.2444444991e+10,4.0906683614e+10,2.8367822251e+10,2.2232847815e+10,1.9576805649e+10,1.7963561121e+10,1.4266224462e+10,1.2726052211e+10,1.1799276336e+10,9.7884028246e+09,3.9293439086e+10,2.6754577723e+10,2.0619603287e+10,1.7963561121e+10,1.6350316593e+10,1.2652979934e+10,1.1112807682e+10,1.0186031807e+10,8.1751582963e+09,3.5596102427e+10,2.3057241064e+10,1.6922266628e+10,1.4266224462e+10,1.2652979934e+10,8.9556432747e+09,7.4154710234e+09,6.4886951484e+09,4.4778216374e+09,3.4055930175e+10,2.1517068812e+10,1.5382094377e+10,1.2726052211e+10,1.1112807682e+10,7.4154710234e+09,5.8752987720e+09,4.9485228970e+09,2.9376493860e+09,3.3129154300e+10,2.0590292937e+10,1.4455318502e+10,1.1799276336e+10,1.0186031807e+10,6.4886951484e+09,4.9485228970e+09,4.0217470221e+09,2.0108735110e+09
144,1600,40,7.0506727779e+10,5.3163617761e+10,4.5953576372e+10,4.3276208065e+10,4.1767021994e+10,3.8648725276e+10,3.7445336743e+10,3.6741416200e+10,3.5253363890e+10,5.3163617761e+10,3.5820507743e+10,2.8610466354e+10,2.5933098047e+10,2.4423911976e+10,2.1305615258e+10,2.0102226725e+10,1.9398306182e+10,1.7910253872e+10,4.5953576372e+10,2.8610466354e+10,2.1400424964e+10,1.8723056658e+10,1.7213870586e+10,1.4095573869e+10,1.2892185335e+10,1.2188264792e+10,1.0700212482e+10,4.3276208065e+10,2.5933098047e+10,1.8723056658e+10,1.6045688351e+10,1.4536502279e+10,1.1418205562e+10,1.0214817028e+10,9.5108964856e+09,8.0228441754e+09,4.1767021994e+10,2.4423911976e+10,1.7213870586e+10,1.4536502279e+10,1.3027316208e+10,9.9090194906e+09,8.7056309571e+09,8.0017104143e+09,6.5136581041e+09,3.8648725276e+10,2.1305615258e+10,1.4095573869e+10,1.1418205562e+10,9.9090194906e+09,6.7907227731e+09,5.5873342395e+09,4.8834136968e+09,3.3953613866e+09,3.7445336743e+10,2.0102226725e+10,1.2892185335e+10,1.0214817028e+10,8.7056309571e+09,5.5873342395e+09,4.3839457060e+09,3.6800251632e+09,2.1919728530e+09,3.6741416200e+10,1.9398306182e+10,1.2188264792e+10,9.5108964856e+09,8.0017104143e+09,4.8834136968e+09,3.6800251632e+09,2.9761046204e+09,1.4880523102e+09
145,1600,50,6.4970171469e+10,4.7522304661e+10,4.1061749549e+10,3.8842663978e+10,3.7625977079e+10,3.5180034922e+10,3.4233804673e+10,3.3675265448e+10,3.2485085734e+10,4.7522304661e+10,3.0074437852e+10,2.3613882740e+10,2.1394797170e+10,2.0178110271e+10,1.7732168113e+10,1.6785937865e+10,1.6227398639e+10,1.5037218926e+10,4.1061749549e+10,2.3613882740e+10,1.7153327628e+10,1.4934242057e+10,1.3717555159e+10,1.1271613001e+10,1.0325382753e+10,9.7668435273e+09,8.5766638141e+09,3.8842663978e+10,2.1394797170e+10,1.4934242057e+10,1.2715156487e+10,1.1498469588e+10,9.0525274305e+09,8.1062971818e+09,7.5477579566e+09,6.3575782433e+09,3.7625977079e+10,2.0178110271e+10,1.3717555159e+10,1.1498469588e+10,1.0281782689e+10,7.8358405317e+09,6.8896102830e+09,6.3310710578e+09,5.1408913445e+09,3.5180034922e+10,1.7732168113e+10,1.1271613001e+10,9.0525274305e+09,7.8358405317e+09,5.3898983744e+09,4.4436681257e+09,3.8851289005e+09,2.6949491872e+09,3.4233804673e+10,1.6785937865e+10,1.0325382753e+10,8.1062971818e+09,6.8896102830e+09,4.4436681257e+09,3.4974378770e+09,2.9388986518e+09,1.7487189385e+09,3.3675265448e+10,1.6227398639e+10,9.7668435273e+09,7.5477579566e+09,6.3310710578e+09,3.8851289005e+09,2.9388986518e+09,2.3803594266e+09,1.1901797133e+09
146,1600,60,5.2847559701e+10,3.8789179226e+10,3.3636679545e+10,3.1840706766e+10,3.0841171036e+10,2.8771989007e+10,2.7948540247e+10,2.7459194199e+10,2.6423779851e+10,3.8789179226e+10,2.4730798750e+10,1.9578299070e+10,1.7782326291e+10,1.6782790561e+10,1.4713608531e+10,1.3890159772e+10,1.3400813724e+10,1.2365399375e+10,3.3636679545e+10,1.9578299070e+10,1.4425799389e+10,1.2629826610e+10,1.1630290880e+10,9.5611088508e+09,8.7376600909e+09,8.2483140430e+09,7.2128996945e+09,3.1840706766e+10,1.7782326291e+10,1.2629826610e+10,1.0833853831e+10,9.8343181012e+09,7.7651360717e+09,6.9416873118e+09,6.4523412639e+09,5.4169269155e+09,3.0841171036e+10,1.6782790561e+10,1.1630290880e+10,9.8343181012e+09,8.8347823715e+09,6.7656003419e+09,5.9421515821e+09,5.4528055342e+09,4.4173911857e+09,2.8771989007e+10,1.4713608531e+10,9.5611088508e+09,7.7651360717e+09,6.7656003419e+09,4.6964183124e+09,3.8729695526e+09,3.3836235047e+09,2.3482091562e+09,2.7948540247e+10,1.3890159772e+10,8.7376600909e+09,6.9416873118e+09,5.9421515821e+09,3.8729695526e+09,3.0495207927e+09,2.5601747448e+09,1.5247603963e+09,2.7459194199e+10,1.3400813724e+10,8.2483140430e+09,6.4523412639e+09,5.4528055342e+09,3.3836235047e+09,2.5601747448e+09,2.0708286969e+09,1.0354143485e+09
147,1600,70,4.8740744751e+10,3.5887744082e+10,3.1122848191e+10,2.9437932652e+10,2.8502262445e+10,2.6556875467e+10,2.5782327367e+10,2.5324151287e+10,2.4370372375e+10,3.5887744082e+10,2.3034743413e+10,1.8269847523e+10,1.6584931984e+10,1.5649261776e+10,1.3703874798e+10,1.2929326698e+10,1.2471150618e+10,1.1517371707e+10,3.1122848191e+10,1.8269847523e+10,1.3504951632e+10,1.1820036093e+10,1.0884365885e+10,8.9389789073e+09,8.1644308069e+09,7.7062547272e+09,6.7524758158e+09,2.9437932652e+10,1.6584931984e+10,1.1820036093e+10,1.0135120554e+10,9.1994503465e+09,7.2540633683e+09,6.4795152679e+09,6.0213391882e+09,5.0675602768e+09,2.8502262445e+10,1.5649261776e+10,1.0884365885e+10,9.1994503465e+09,8.2637801392e+09,6.3183931611e+09,5.5438450607e+09,5.0856689810e+09,4.1318900696e+09,2.6556875467e+10,1.3703874798e+10,8.9389789073e+09,7.2540633683e+09,6.3183931611e+09,4.3730061829e+09,3.5984580826e+09,3.1402820029e+09,2.1865030915e+09,2.5782327367e+10,1.2929326698e+10,8.1644308069e+09,6.4795152679e+09,5.5438450607e+09,3.5984580826e+09,2.8239099822e+09,2.3657339025e+09,1.4119549911e+09,2.5324151287e+10,1.2471150618e+10,7.7062547272e+09,6.0213391882e+09,5.0856689810e+09,3.1402820029e+09,2.3657339025e+09,1.9075578228e+09,9.5377891140e+08
148,1600,80,4.6074584325e+10,3.3998467602e+10,2.9473946569e+10,2.7864802304e+10,2.6972405283e+10,2.5117257696e+10,2.4379970636e+10,2.3944176436e+10,2.3037292163e+10,3.3998467602e+10,2.1922350879e+10,1.7397829846e+10,1.5788685581e+10,1.4896288560e+10,1.3041140974e+10,1.2303853913e+10,1.1868059713e+10,1.0961175440e+10,2.9473946569e+10,1.7397829846e+10,1.2873308812e+10,1.1264164548e+10,1.0371767526e+10,8.5166199400e+09,7.7793328799e+09,7.3435386798e+09,6.4366544061e+09,2.7864802304e+10,1.5788685581e+10,1.1264164548e+10,9.6550202832e+09,8.7626232617e+09,6.9074756756e+09,6.1701886155e+09,5.7343944154e+09,4.8275101416e+09,2.6972405283e+10,1.4896288560e+10,1.0371767526e+10,8.7626232617e+09,7.8702262401e+09,6.0150786540e+09,5.2777915939e+09,4.8419973938e+09,3.9351131201e+09,2.5117257696e+10,1.3041140974e+10,8.5166199400e+09,6.9074756756e+09,6.0150786540e+09,4.1599310679e+09,3.4226440078e+09,2.9868498077e+09,2.0799655340e+09,2.4379970636e+10,1.2303853913e+10,7.7793328799e+09,6.1701886155e+09,5.2777915939e+09,3.4226440078e+09,2.6853569477e+09,2.2495627476e+09,1.3426784738e+09,2.3944176436e+10,1.1868059713e+10,7.3435386798e+09,5.7343944154e+09,4.8419973938e+09,2.9868498077e+09,2.2495627476e+09,1.8137685475e+09,9.0688427375e+08
149,1600,90,4.5436896880e+10,3.3527100946e+10,2.9062243379e+10,2.7473967079e+10,2.6593882029e+10,2.4765253914e+10,2.4039029929e+10,2.3610006446e+10,2.2718448440e+10,3.3527100946e+10,2.1617305011e+10,1.7152447445e+10,1.5564171144e+10,1.4684086094e+10,1.2855457980e+10,1.2129233995e+10,1.1700210511e+10,1.0808652506e+10,2.9062243379e+10,1.7152447445e+10,1.2687589879e+10,1.1099313578e+10,1.0219228528e+10,8.3906004133e+09,7.6643764289e+09,7.2353529452e+09,6.3437949395e+09,2.7473967079e+10,1.5564171144e+10,1.1099313578e+10,9.5110372772e+09,8.6309522273e+09,6.8023241124e+09,6.0761001281e+09,5.6470766443e+09,4.7555186386e+09,2.6593882029e+10,1.4684086094e+10,1.0219228528e+10,8.6309522273e+09,7.7508671775e+09,5.9222390626e+09,5.1960150782e+09,4.7669915945e+09,3.8754335887e+09,2.4765253914e+10,1.2855457980e+10,8.3906004133e+09,6.8023241124e+09,5.9222390626e+09,4.0936109477e+09,3.3673869633e+09,2.9383634796e+09,2.0468054738e+09,2.4039029929e+10,1.2129233995e+10,7.6643764289e+09,6.0761001281e+09,5.1960150782e+09,3.3673869633e+09,2.6411629790e+09,2.2121394952e+09,1.3205814895e+09,2.3610006446e+10,1.1700210511e+10,7.2353529452e+09,5.6470766443e+09,4.7669915945e+09,2.9383634796e+09,2.2121394952e+09,1.7831160115e+09,8.9155800574e+08
150,1700,0,6.8626339154e+10,5.8476029995e+10,5.2849550741e+10,5.0068669844e+10,4.8225404292e+10,4.3264363790e+10,4.0703586870e+10,3.8931744136e+10,3.4313169577e+10,5.8476029995e+10,4.8325720835e+10,4.2699241581e+10,3.9918360684e+10,3.8075095132e+10,3.3114054630e+10,3.0553277710e+10,2.8781434976e+10,2.4162860417e+10,5.2849550741e+10,4.2699241581e+10,3.7072762327e+10,3.4291881430e+10,3.2448615878e+10,2.7487575376e+10,2.4926798456e+10,2.3154955722e+10,1.8536381163e+10,5.0068669844e+10,3.9918360684e+10,3.4291881430e+10,3.1511000534e+10,2.9667734981e+10,2.4706694480e+10,2.2145917560e+10,2.0374074825e+10,1.5755500267e+10,4.8225404292e+10,3.8075095132e+10,3.2448615878e+10,2.9667734981e+10,2.7824469429e+10,2.2863428927e+10,2.0302652007e+10,1.8530809273e+10,1.3912234714e+10,4.3264363790e+10,3.3114054630e+10,2.7487575376e+10,2.4706694480e+10,2.2863428927e+10,1.7902388426e+10,1.5341611506e+10,1.3569768771e+10,8.9511942128e+09,4.0703586870e+10,3.0553277710e+10,2.4926798456e+10,2.2145917560e+10,2.0302652007e+10,1.5341611506e+10,1.2780834586e+10,1.1008991851e+10,6.3904172930e+09,3.8931744136e+10,2.8781434976e+10,2.3154955722e+10,2.0374074825e+10,1.8530809273e+10,1.3569768771e+10,1.1008991851e+10,9.2371491169e+09,4.6185745584e+09
151,1700,10,6.7903581519e+10,5.7592235150e+10,5.1970436986e+10,4.9180100994e+10,4.7332653350e+10,4.2404359418e+10,3.9918845892e+10,3.8231358175e+10,3.3951790759e+10,5.7592235150e+10,4.7280888782e+10,4.1659090618e+10,3.8868754626e+10,3.7021306981e+10,3.2093013049e+10,2.9607499523e+10,2.7920011807e+10,2.3640444391e+10,5.1970436986e+10,4.1659090618e+10,3.6037292454e+10,3.3246956462e+10,3.1399508817e+10,2.6471214885e+10,2.3985701359e+10,2.2298213643e+10,1.8018646227e+10,4.9180100994e+10,3.8868754626e+10,3.3246956462e+10,3.0456620470e+10,2.8609172825e+10,2.3680878893e+10,2.1195365367e+10,1.9507877651e+10,1.5228310235e+10,4.7332653350e+10,3.7021306981e+10,3.1399508817e+10,2.8609172825e+10,2.6761725181e+10,2.1833431249e+10,1.9347917723e+10,1.7660430007e+10,1.3380862591e+10,4.2404359418e+10,3.2093013049e+10,2.6471214885e+10,2.3680878893e+10,2.1833431249e+10,1.6905137317e+10,1.4419623791e+10,1.2732136074e+10,8.4525686584e+09,3.9918845892e+10,2.9607499523e+10,2.3985701359e+10,2.1195365367e+10,1.9347917723e+10,1.4419623791e+10,1.1934110265e+10,1.0246622548e+10,5.9670551324e+09,3.8231358175e+10,2.7920011807e+10,2.2298213643e+10,1.9507877651e+10,1.7660430007e+10,1.2732136074e+10,1.0246622548e+10,8.5591348322e+09,4.2795674161e+09
152,1700,20,6.7485289325e+10,5.6403813248e+10,5.0453058755e+10,4.7548213531e+10,4.5656088477e+10,4.0812585776e+10,3.8548289398e+10,3.7100279101e+10,3.3742644663e+10,5.6403813248e+10,4.5322337171e+10,3.9371582677e+10,3.6466737454e+10,3.4574612399e+10,2.9731109699e+10,2.7466813320e+10,2.6018803024e+10,2.2661168585e+10,5.0453058755e+10,3.9371582677e+10,3.3420828184e+10,3.0515982960e+10,2.8623857906e+10,2.3780355206e+10,2.1516058827e+10,2.0068048530e+10,1.6710414092e+10,4.7548213531e+10,3.6466737454e+10,3.0515982960e+10,2.7611137737e+10,2.5719012682e+10,2.0875509982e+10,1.8611213604e+10,1.7163203307e+10,1.3805568868e+10,4.5656088477e+10,3.4574612399e+10,2.8623857906e+10,2.5719012682e+10,2.3826887628e+10,1.8983384928e+10,1.6719088549e+10,1.5271078252e+10,1.1913443814e+10,4.0812585776e+10,2.9731109699e+10,2.3780355206e+10,2.0875509982e+10,1.8983384928e+10,1.4139882227e+10,1.1875585849e+10,1.0427575552e+10,7.0699411137e+09,3.8548289398e+10,2.7466813320e+10,2.1516058827e+10,1.8611213604e+10,1.6719088549e+10,1.1875585849e+10,9.6112894703e+09,8.1632791735e+09,4.8056447352e+09,3.7100279101e+10,2.6018803024e+10,2.0068048530e+10,1.7163203307e+10,1.5271078252e+10,1.0427575552e+10,8.1632791735e+09,6.7152688766e+09,3.3576344383e+09
153,1700,30,7.8005764752e+10,6.2375919009e+10,5.4698094932e+10,5.1350601677e+10,4.9308388468e+10,4.4603950445e+10,4.2644598297e+10,4.1473093946e+10,3.9002882376e+10,6.2375919009e+10,4.6746073266e+10,3.9068249190e+10,3.5720755934e+10,3.3678542725e+10,2.8974104702e+10,2.7014752554e+10,2.5843248204e+10,2.3373036633e+10,5.4698094932e+10,3.9068249190e+10,3.1390425113e+10,2.8042931858e+10,2.6000718648e+10,2.1296280626e+10,1.9336928478e+10,1.8165424127e+10,1.5695212557e+10,5.1350601677e+10,3.5720755934e+10,2.8042931858e+10,2.4695438602e+10,2.2653225393e+10,1.7948787370e+10,1.5989435222e+10,1.4817930872e+10,1.2347719301e+10,4.9308388468e+10,3.3678542725e+10,2.6000718648e+10,2.2653225393e+10,2.0611012184e+10,1.5906574161e+10,1.3947222013e+10,1.2775717662e+10,1.0305506092e+10,4.4603950445e+10,2.8974104702e+10,2.1296280626e+10,1.7948787370e+10,1.5906574161e+10,1.1202136138e+10,9.2427839904e+09,8.0712796396e+09,5.6010680690e+09,4.2644598297e+10,2.7014752554e+10,1.9336928478e+10,1.5989435222e+10,1.3947222013e+10,9.2427839904e+09,7.2834318429e+09,6.1119274921e+09,3.6417159215e+09,4.1473093946e+10,2.5843248204e+10,1.8165424127e+10,1.4817930872e+10,1.2775717662e+10,8.0712796396e+09,6.1119274921e+09,4.9404231413e+09,2.4702115706e+09
154,1700,40,8.5329334999e+10,6.4606011107e+10,5.5925790674e+10,5.2655798057e+10,5.0793772414e+10,4.6887979276e+10,4.5368840684e+10,4.4483796634e+10,4.2664667499e+10,6.4606011107e+10,4.3882687216e+10,3.5202466782e+10,3.1932474166e+10,3.0070448522e+10,2.6164655385e+10,2.4645516793e+10,2.3760472743e+10,2.1941343608e+10,5.5925790674e+10,3.5202466782e+10,2.6522246349e+10,2.3252253732e+10,2.1390228089e+10,1.7484434951e+10,1.5965296359e+10,1.5080252309e+10,1.3261123174e+10,5.2655798057e+10,3.1932474166e+10,2.3252253732e+10,1.9982261116e+10,1.8120235472e+10,1.4214442335e+10,1.2695303743e+10,1.1810259693e+10,9.9911305579e+09,5.0793772414e+10,3.0070448522e+10,2.1390228089e+10,1.8120235472e+10,1.6258209829e+10,1.2352416691e+10,1.0833278099e+10,9.9482340491e+09,8.1291049143e+09,4.6887979276e+10,2.6164655385e+10,1.7484434951e+10,1.4214442335e+10,1.2352416691e+10,8.4466235538e+09,6.9274849619e+09,6.0424409117e+09,4.2233117769e+09,4.5368840684e+10,2.4645516793e+10,1.5965296359e+10,1.2695303743e+10,1.0833278099e+10,6.9274849619e+09,5.4083463701e+09,4.5233023199e+09,2.7041731851e+09,4.4483796634e+10,2.3760472743e+10,1.5080252309e+10,1.1810259693e+10,9.9482340491e+09,6.0424409117e+09,4.5233023199e+09,3.6382582697e+09,1.8191291349e+09
155,1700,50,7.8597437395e+10,5.7774702456e+10,4.9977494629e+10,4.7254342771e+10,4.5745234935e+10,4.2663512996e+10,4.1462610930e+10,4.0757030492e+10,3.9298718697e+10,5.7774702456e+10,3.6951967518e+10,2.9154759690e+10,2.6431607832e+10,2.4922499997e+10,2.1840778058e+10,2.0639875991e+10,1.9934295553e+10,1.8475983759e+10,4.9977494629e+10,2.9154759690e+10,2.1357551862e+10,1.8634400004e+10,1.7125292169e+10,1.4043570230e+10,1.2842668163e+10,1.2137087725e+10,1.0678775931e+10,4.7254342771e+10,2.6431607832e+10,1.8634400004e+10,1.5911248146e+10,1.4402140311e+10,1.1320418372e+10,1.0119516306e+10,9.4139358672e+09,7.9556240732e+09,4.5745234935e+10,2.4922499997e+10,1.7125292169e+10,1.4402140311e+10,1.2893032476e+10,9.8113105366e+09,8.6104084704e+09,7.9048280320e+09,6.4465162379e+09,4.2663512996e+10,2.1840778058e+10,1.4043570230e+10,1.1320418372e+10,9.8113105366e+09,6.7295885974e+09,5.5286865311e+09,4.8231060927e+09,3.3647942987e+09,4.1462610930e+10,2.0639875991e+10,1.2842668163e+10,1.0119516306e+10,8.6104084704e+09,5.5286865311e+09,4.3277844649e+09,3.6222040265e+09,2.1638922324e+09,4.0757030492e+10,1.9934295553e+10,1.2137087725e+10,9.4139358672e+09,7.9048280320e+09,4.8231060927e+09,3.6222040265e+09,2.9166235881e+09,1.4583117940e+09
156,1700,60,6.4870332884e+10,4.7759155181e+10,4.1459318824e+10,3.9235054814e+10,3.7986422539e+10,3.5368740841e+10,3.4322954510e+10,3.3704920921e+10,3.2435166442e+10,4.7759155181e+10,3.0647977478e+10,2.4348141121e+10,2.2123877110e+10,2.0875244836e+10,1.8257563137e+10,1.7211776807e+10,1.6593743218e+10,1.5323988739e+10,4.1459318824e+10,2.4348141121e+10,1.8048304764e+10,1.5824040754e+10,1.4575408479e+10,1.1957726781e+10,1.0911940450e+10,1.0293906861e+10,9.0241523822e+09,3.9235054814e+10,2.2123877110e+10,1.5824040754e+10,1.3599776743e+10,1.2351144468e+10,9.7334627699e+09,8.6876764392e+09,8.0696428503e+09,6.7998883714e+09,3.7986422539e+10,2.0875244836e+10,1.4575408479e+10,1.2351144468e+10,1.1102512194e+10,8.4848304956e+09,7.4390441648e+09,6.8210105760e+09,5.5512560971e+09,3.5368740841e+10,1.8257563137e+10,1.1957726781e+10,9.7334627699e+09,8.4848304956e+09,5.8671487970e+09,4.8213624663e+09,4.2033288775e+09,2.9335743985e+09,3.4322954510e+10,1.7211776807e+10,1.0911940450e+10,8.6876764392e+09,7.4390441648e+09,4.8213624663e+09,3.7755761355e+09,3.1575425467e+09,1.8877880678e+09,3.3704920921e+10,1.6593743218e+10,1.0293906861e+10,8.0696428503e+09,6.8210105760e+09,4.2033288775e+09,3.1575425467e+09,2.5395089579e+09,1.2697544789e+09
157,1700,70,5.8586395979e+10,4.3354679435e+10,3.7649122134e+10,3.5598175773e+10,3.4445537833e+10,3.2012816376e+10,3.1038260726e+10,3.0463401364e+10,2.9293197990e+10,4.3354679435e+10,2.8122962890e+10,2.2417405589e+10,2.0366459228e+10,1.9213821288e+10,1.6781099831e+10,1.5806544181e+10,1.5231684819e+10,1.4061481445e+10,3.7649122134e+10,2.2417405589e+10,1.6711848288e+10,1.4660901928e+10,1.3508263988e+10,1.1075542530e+10,1.0100986880e+10,9.5261275187e+09,8.3559241442e+09,3.5598175773e+10,2.0366459228e+10,1.4660901928e+10,1.2609955567e+10,1.1457317627e+10,9.0245961696e+09,8.0500405195e+09,7.4751811581e+09,6.3049777835e+09,3.4445537833e+10,1.9213821288e+10,1.3508263988e+10,1.1457317627e+10,1.0304679687e+10,7.8719582297e+09,6.8974025796e+09,6.3225432181e+09,5.1523398436e+09,3.2012816376e+10,1.6781099831e+10,1.1075542530e+10,9.0245961696e+09,7.8719582297e+09,5.4392367723e+09,4.4646811221e+09,3.8898217607e+09,2.7196183862e+09,3.1038260726e+10,1.5806544181e+10,1.0100986880e+10,8.0500405195e+09,6.8974025796e+09,4.4646811221e+09,3.4901254720e+09,2.9152661106e+09,1.7450627360e+09,3.0463401364e+10,1.5231684819e+10,9.5261275187e+09,7.4751811581e+09,6.3225432181e+09,3.8898217607e+09,2.9152661106e+09,2.3404067491e+09,1.1702033746e+09
158,1700,80,5.5327870643e+10,4.1048198780e+10,3.5638810369e+10,3.3681482256e+10,3.2581761709e+10,3.0258334587e+10,2.9328210523e+10,2.8779767167e+10,2.7663935321e+10,4.1048198780e+10,2.6768526917e+10,2.1359138506e+10,1.9401810393e+10,1.8302089846e+10,1.5978662724e+10,1.5048538660e+10,1.4500095304e+10,1.3384263458e+10,3.5638810369e+10,2.1359138506e+10,1.5949750096e+10,1.3992421983e+10,1.2892701436e+10,1.0569274314e+10,9.6391502496e+09,9.0907068938e+09,7.9748750482e+09,3.3681482256e+10,1.9401810393e+10,1.3992421983e+10,1.2035093869e+10,1.0935373322e+10,8.6119462009e+09,7.6818221362e+09,7.1333787804e+09,6.0175469347e+09,3.2581761709e+10,1.8302089846e+10,1.2892701436e+10,1.0935373322e+10,9.8356527751e+09,7.5122256537e+09,6.5821015890e+09,6.0336582332e+09,4.9178263875e+09,3.0258334587e+10,1.5978662724e+10,1.0569274314e+10,8.6119462009e+09,7.5122256537e+09,5.1887985323e+09,4.2586744677e+09,3.7102311118e+09,2.5943992662e+09,2.9328210523e+10,1.5048538660e+10,9.6391502496e+09,7.6818221362e+09,6.5821015890e+09,4.2586744677e+09,3.3285504030e+09,2.7801070471e+09,1.6642752015e+09,2.8779767167e+10,1.4500095304e+10,9.0907068938e+09,7.1333787804e+09,6.0336582332e+09,3.7102311118e+09,2.7801070471e+09,2.2316636913e+09,1.1158318456e+09
159,1700,90,5.4577411820e+10,4.0495299003e+10,3.5157353728e+10,3.3225131990e+10,3.2140032324e+10,2.9847286278e+10,2.8929407541e+10,2.8388305210e+10,2.7288705910e+10,4.0495299003e+10,2.6413186186e+10,2.1075240911e+10,1.9143019173e+10,1.8057919507e+10,1.5765173462e+10,1.4847294724e+10,1.4306192393e+10,1.3206593093e+10,3.5157353728e+10,2.1075240911e+10,1.5737295636e+10,1.3805073899e+10,1.2719974232e+10,1.0427228187e+10,9.5093494490e+09,8.9682471183e+09,7.8686478181e+09,3.3225131990e+10,1.9143019173e+10,1.3805073899e+10,1.1872852161e+10,1.0787752495e+10,8.4950064493e+09,7.5771277114e+09,7.0360253808e+09,5.9364260806e+09,3.2140032324e+10,1.8057919507e+10,1.2719974232e+10,1.0787752495e+10,9.7026528282e+09,7.4099067827e+09,6.4920280449e+09,5.9509257143e+09,4.8513264141e+09,2.9847286278e+10,1.5765173462e+10,1.0427228187e+10,8.4950064493e+09,7.4099067827e+09,5.1171607373e+09,4.1992819995e+09,3.6581796689e+09,2.5585803687e+09,2.8929407541e+10,1.4847294724e+10,9.5093494490e+09,7.5771277114e+09,6.4920280449e+09,4.1992819995e+09,3.2814032617e+09,2.7403009310e+09,1.6407016308e+09,2.8388305210e+10,1.4306192393e+10,8.9682471183e+09,7.0360253808e+09,5.9509257143e+09,3.6581796689e+09,2.7403009310e+09,2.1991986004e+09,1.0995993002e+09
160,1800,0,8.9935016949e+10,7.7097580414e+10,6.9700980723e+10,6.5921993350e+10,6.3384513076e+10,5.6505389550e+10,5.3004686900e+10,5.0643538481e+10,4.4967508474e+10,7.7097580414e+10,6.4260143880e+10,5.6863544188e+10,5.3084556816e+10,5.0547076541e+10,4.3667953016e+10,4.0167250366e+10,3.7806101946e+10,3.2130071940e+10,6.9700980723e+10,5.6863544188e+10,4.9466944497e+10,4.5687957124e+10,4.3150476850e+10,3.6271353325e+10,3.2770650675e+10,3.0409502255e+10,2.4733472249e+10,6.5921993350e+10,5.3084556816e+10,4.5687957124e+10,4.1908969751e+10,3.9371489477e+10,3.2492365952e+10,2.8991663302e+10,2.6630514882e+10,2.0954484876e+10,6.3384513076e+10,5.0547076541e+10,4.3150476850e+10,3.9371489477e+10,3.6834009202e+10,2.9954885677e+10,2.6454183027e+10,2.4093034608e+10,1.8417004601e+10,5.6505389550e+10,4.3667953016e+10,3.6271353325e+10,3.2492365952e+10,2.9954885677e+10,2.3075762152e+10,1.9575059502e+10,1.7213911082e+10,1.1537881076e+10,5.3004686900e+10,4.0167250366e+10,3.2770650675e+10,2.8991663302e+10,2.6454183027e+10,1.9575059502e+10,1.6074356852e+10,1.3713208432e+10,8.0371784260e+09,5.0643538481e+10,3.7806101946e+10,3.0409502255e+10,2.6630514882e+10,2.4093034608e+10,1.7213911082e+10,1.3713208432e+10,1.1352060013e+10,5.6760300064e+09
161,1800,10,8.8759941404e+10,7.5566251602e+10,6.8162302950e+10,6.4402741772e+10,6.1889879731e+10,5.5165404104e+10,5.1833364641e+10,4.9626281331e+10,4.4379970702e+10,7.5566251602e+10,6.2372561799e+10,5.4968613148e+10,5.1209051969e+10,4.8696189928e+10,4.1971714301e+10,3.8639674839e+10,3.6432591529e+10,3.1186280899e+10,6.8162302950e+10,5.4968613148e+10,4.7564664497e+10,4.3805103318e+10,4.1292241277e+10,3.4567765650e+10,3.1235726188e+10,2.9028642878e+10,2.3782332248e+10,6.4402741772e+10,5.1209051969e+10,4.3805103318e+10,4.0045542140e+10,3.7532680098e+10,3.0808204472e+10,2.7476165009e+10,2.5269081699e+10,2.0022771070e+10,6.1889879731e+10,4.8696189928e+10,4.1292241277e+10,3.7532680098e+10,3.5019818057e+10,2.8295342430e+10,2.4963302968e+10,2.2756219658e+10,1.7509909028e+10,5.5165404104e+10,4.1971714301e+10,3.4567765650e+10,3.0808204472e+10,2.8295342430e+10,2.1570866804e+10,1.8238827341e+10,1.6031744031e+10,1.0785433402e+10,5.1833364641e+10,3.8639674839e+10,3.1235726188e+10,2.7476165009e+10,2.4963302968e+10,1.8238827341e+10,1.4906787879e+10,1.2699704569e+10,7.4533939393e+09,4.9626281331e+10,3.6432591529e+10,2.9028642878e+10,2.5269081699e+10,2.2756219658e+10,1.6031744031e+10,1.2699704569e+10,1.0492621258e+10,5.2463106292e+09
162,1800,20,8.8475691831e+10,7.4081452982e+10,6.6202299671e+10,6.2306741323e+10,5.9756289146e+10,5.3231612037e+10,5.0234049834e+10,4.8358094571e+10,4.4237845915e+10,7.4081452982e+10,5.9687214134e+10,5.1808060822e+10,4.7912502475e+10,4.5362050298e+10,3.8837373189e+10,3.5839810985e+10,3.3963855722e+10,2.9843607067e+10,6.6202299671e+10,5.1808060822e+10,4.3928907511e+10,4.0033349163e+10,3.7482896986e+10,3.0958219877e+10,2.7960657674e+10,2.6084702410e+10,2.1964453755e+10,6.2306741323e+10,4.7912502475e+10,4.0033349163e+10,3.6137790816e+10,3.3587338638e+10,2.7062661530e+10,2.4065099326e+10,2.2189144063e+10,1.8068895408e+10,5.9756289146e+10,4.5362050298e+10,3.7482896986e+10,3.3587338638e+10,3.1036886461e+10,2.4512209353e+10,2.1514647149e+10,1.9638691886e+10,1.5518443231e+10,5.3231612037e+10,3.8837373189e+10,3.0958219877e+10,2.7062661530e+10,2.4512209353e+10,1.7987532244e+10,1.4989970041e+10,1.3114014777e+10,8.9937661220e+09,5.0234049834e+10,3.5839810985e+10,2.7960657674e+10,2.4065099326e+10,2.1514647149e+10,1.4989970041e+10,1.1992407837e+10,1.0116452574e+10,5.9962039186e+09,4.8358094571e+10,3.3963855722e+10,2.6084702410e+10,2.2189144063e+10,1.9638691886e+10,1.3114014777e+10,1.0116452574e+10,8.2404973105e+09,4.1202486552e+09
163,1800,30,9.8141502391e+10,7.8586873398e+10,6.8914190035e+10,6.4663838852e+10,6.2058837723e+10,5.6033446368e+10,5.3536086032e+10,5.2060487641e+10,4.9070751195e+10,7.8586873398e+10,5.9032244406e+10,4.9359561042e+10,4.5109209860e+10,4.2504208731e+10,3.6478817376e+10,3.3981457040e+10,3.2505858649e+10,2.9516122203e+10,6.8914190035e+10,4.9359561042e+10,3.9686877679e+10,3.5436526496e+10,3.2831525367e+10,2.6806134012e+10,2.4308773676e+10,2.2833175285e+10,1.9843438839e+10,6.4663838852e+10,4.5109209860e+10,3.5436526496e+10,3.1186175314e+10,2.8581174185e+10,2.2555782830e+10,2.0058422494e+10,1.8582824103e+10,1.5593087657e+10,6.2058837723e+10,4.2504208731e+10,3.2831525367e+10,2.8581174185e+10,2.5976173055e+10,1.9950781701e+10,1.7453421364e+10,1.5977822973e+10,1.2988086528e+10,5.6033446368e+10,3.6478817376e+10,2.6806134012e+10,2.2555782830e+10,1.9950781701e+10,1.3925390346e+10,1.1428030010e+10,9.9524316185e+09,6.9626951730e+09,5.3536086032e+10,3.3981457040e+10,2.4308773676e+10,2.0058422494e+10,1.7453421364e+10,1.1428030010e+10,8.9306696731e+09,7.4550712821e+09,4.4653348366e+09,5.2060487641e+10,3.2505858649e+10,2.2833175285e+10,1.8582824103e+10,1.5977822973e+10,9.9524316185e+09,7.4550712821e+09,5.9794728910e+09,2.9897364455e+09
164,1800,40,1.0431800157e+11,7.9283189345e+10,6.8693544094e+10,6.4647898111e+10,6.2322981093e+10,5.7387517825e+10,5.5463980874e+10,5.4353726095e+10,5.2159000784e+10,7.9283189345e+10,5.4248377122e+10,4.3658731871e+10,3.9613085888e+10,3.7288168871e+10,3.2352705603e+10,3.0429168651e+10,2.9318913873e+10,2.7124188561e+10,6.8693544094e+10,4.3658731871e+10,3.3069086621e+10,2.9023440637e+10,2.6698523620e+10,2.1763060352e+10,1.9839523401e+10,1.8729268622e+10,1.6534543311e+10,6.4647898111e+10,3.9613085888e+10,2.9023440637e+10,2.4977794654e+10,2.2652877636e+10,1.7717414369e+10,1.5793877417e+10,1.4683622638e+10,1.2488897327e+10,6.2322981093e+10,3.7288168871e+10,2.6698523620e+10,2.2652877636e+10,2.0327960619e+10,1.5392497351e+10,1.3468960400e+10,1.2358705621e+10,1.0163980310e+10,5.7387517825e+10,3.2352705603e+10,2.1763060352e+10,1.7717414369e+10,1.5392497351e+10,1.0457034083e+10,8.5334971318e+09,7.4232423534e+09,5.2285170417e+09,5.5463980874e+10,3.0429168651e+10,1.9839523401e+10,1.5793877417e+10,1.3468960400e+10,8.5334971318e+09,6.6099601802e+09,5.4997054017e+09,3.3049800901e+09,5.4353726095e+10,2.9318913873e+10,1.8729268622e+10,1.4683622638e+10,1.2358705621e+10,7.4232423534e+09,5.4997054017e+09,4.3894506233e+09,2.1947253116e+09
165,1800,50,9.5428336314e+10,7.0498453394e+10,6.1040471653e+10,5.7678698648e+10,5.5795059325e+10,5.1891451640e+10,5.0365890343e+10,4.9478043653e+10,4.7714168157e+10,7.0498453394e+10,4.5568570475e+10,3.6110588733e+10,3.2748815728e+10,3.0865176406e+10,2.6961568720e+10,2.5436007423e+10,2.4548160733e+10,2.2784285237e+10,6.1040471653e+10,3.6110588733e+10,2.6652606992e+10,2.3290833987e+10,2.1407194664e+10,1.7503586979e+10,1.5978025681e+10,1.5090178992e+10,1.3326303496e+10,5.7678698648e+10,3.2748815728e+10,2.3290833987e+10,1.9929060981e+10,1.8045421659e+10,1.4141813974e+10,1.2616252676e+10,1.1728405987e+10,9.9645304907e+09,5.5795059325e+10,3.0865176406e+10,2.1407194664e+10,1.8045421659e+10,1.6161782336e+10,1.2258174651e+10,1.0732613354e+10,9.8447666640e+09,8.0808911682e+09,5.1891451640e+10,2.6961568720e+10,1.7503586979e+10,1.4141813974e+10,1.2258174651e+10,8.3545669661e+09,6.8290056686e+09,5.9411589789e+09,4.1772834830e+09,5.0365890343e+10,2.5436007423e+10,1.5978025681e+10,1.2616252676e+10,1.0732613354e+10,6.8290056686e+09,5.3034443712e+09,4.4155976814e+09,2.6517221856e+09,4.9478043653e+10,2.4548160733e+10,1.5090178992e+10,1.1728405987e+10,9.8447666640e+09,5.9411589789e+09,4.4155976814e+09,3.5277509916e+09,1.7638754958e+09
166,1800,60,7.9439477575e+10,5.8723208908e+10,5.1018790579e+10,4.8255331036e+10,4.6688654949e+10,4.3364007123e+10,4.2035795628e+10,4.1258403653e+10,3.9719738788e+10,5.8723208908e+10,3.8006940240e+10,3.0302521911e+10,2.7539062368e+10,2.5972386281e+10,2.2647738455e+10,2.1319526961e+10,2.0542134986e+10,1.9003470120e+10,5.1018790579e+10,3.0302521911e+10,2.2598103582e+10,1.9834644039e+10,1.8267967952e+10,1.4943320126e+10,1.3615108632e+10,1.2837716657e+10,1.1299051791e+10,4.8255331036e+10,2.7539062368e+10,1.9834644039e+10,1.7071184496e+10,1.5504508409e+10,1.2179860583e+10,1.0851649089e+10,1.0074257114e+10,8.5355922480e+09,4.6688654949e+10,2.5972386281e+10,1.8267967952e+10,1.5504508409e+10,1.3937832323e+10,1.0613184496e+10,9.2849730021e+09,8.5075810268e+09,6.9689161613e+09,4.3364007123e+10,2.2647738455e+10,1.4943320126e+10,1.2179860583e+10,1.0613184496e+10,7.2885366703e+09,5.9603251760e+09,5.1829332007e+09,3.6442683351e+09,4.2035795628e+10,2.1319526961e+10,1.3615108632e+10,1.0851649089e+10,9.2849730021e+09,5.9603251760e+09,4.6321136817e+09,3.8547217064e+09,2.3160568408e+09,4.1258403653e+10,2.0542134986e+10,1.2837716657e+10,1.0074257114e+10,8.5075810268e+09,5.1829332007e+09,3.8547217064e+09,3.0773297312e+09,1.5386648656e+09
167,1800,70,7.1213884999e+10,5.2946282583e+10,4.6015387227e+10,4.3484005683e+10,4.2045858870e+10,3.8973927418e+10,3.7743086751e+10,3.7023413543e+10,3.5606942499e+10,5.2946282583e+10,3.4678680167e+10,2.7747784811e+10,2.5216403267e+10,2.3778256454e+10,2.0706325002e+10,1.9475484335e+10,1.8755811127e+10,1.7339340083e+10,4.6015387227e+10,2.7747784811e+10,2.0816889455e+10,1.8285507911e+10,1.6847361098e+10,1.3775429646e+10,1.2544588979e+10,1.1824915771e+10,1.0408444728e+10,4.3484005683e+10,2.5216403267e+10,1.8285507911e+10,1.5754126367e+10,1.4315979555e+10,1.1244048102e+10,1.0013207435e+10,9.2935342274e+09,7.8770631836e+09,4.2045858870e+10,2.3778256454e+10,1.6847361098e+10,1.4315979555e+10,1.2877832742e+10,9.8059012896e+09,8.5750606222e+09,7.8553874146e+09,6.4389163709e+09,3.8973927418e+10,2.0706325002e+10,1.3775429646e+10,1.1244048102e+10,9.8059012896e+09,6.7339698374e+09,5.5031291700e+09,4.7834559625e+09,3.3669849187e+09,3.7743086751e+10,1.9475484335e+10,1.2544588979e+10,1.0013207435e+10,8.5750606222e+09,5.5031291700e+09,4.2722885027e+09,3.5526152951e+09,2.1361442513e+09,3.7023413543e+10,1.8755811127e+10,1.1824915771e+10,9.2935342274e+09,7.8553874146e+09,4.7834559625e+09,3.5526152951e+09,2.8329420875e+09,1.4164710438e+09
168,1800,80,6.7187953078e+10,5.0072402507e+10,4.3509839344e+10,4.1099264080e+10,3.9730055623e+10,3.6802754679e+10,3.5630036040e+10,3.4944265889e+10,3.3593976539e+10,5.0072402507e+10,3.2956851936e+10,2.6394288773e+10,2.3983713509e+10,2.2614505052e+10,1.9687204108e+10,1.8514485469e+10,1.7828715318e+10,1.6478425968e+10,4.3509839344e+10,2.6394288773e+10,1.9831725610e+10,1.7421150346e+10,1.6051941889e+10,1.3124640945e+10,1.1951922306e+10,1.1266152155e+10,9.9158628052e+09,4.1099264080e+10,2.3983713509e+10,1.7421150346e+10,1.5010575081e+10,1.3641366624e+10,1.0714065680e+10,9.5413470419e+09,8.8555768902e+09,7.5052875406e+09,3.9730055623e+10,2.2614505052e+10,1.6051941889e+10,1.3641366624e+10,1.2272158167e+10,9.3448572235e+09,8.1721385849e+09,7.4863684332e+09,6.1360790837e+09,3.6802754679e+10,1.9687204108e+10,1.3124640945e+10,1.0714065680e+10,9.3448572235e+09,6.4175562796e+09,5.2448376410e+09,4.5590674894e+09,3.2087781398e+09,3.5630036040e+10,1.8514485469e+10,1.1951922306e+10,9.5413470419e+09,8.1721385849e+09,5.2448376410e+09,4.0721190025e+09,3.3863488508e+09,2.0360595012e+09,3.4944265889e+10,1.7828715318e+10,1.1266152155e+10,8.8555768902e+09,7.4863684332e+09,4.5590674894e+09,3.3863488508e+09,2.7005786991e+09,1.3502893496e+09
169,1800,90,6.6261694837e+10,4.9383629758e+10,4.2906380813e+10,4.0526829371e+10,3.9176226558e+10,3.6290627557e+10,3.5135354186e+10,3.4459968997e+10,3.3130847418e+10,4.9383629758e+10,3.2505564680e+10,2.6028315734e+10,2.3648764292e+10,2.2298161480e+10,1.9412562478e+10,1.8257289108e+10,1.7581903919e+10,1.6252782340e+10,4.2906380813e+10,2.6028315734e+10,1.9551066789e+10,1.7171515347e+10,1.5820912534e+10,1.2935313533e+10,1.1780040163e+10,1.1104654973e+10,9.7755333945e+09,4.0526829371e+10,2.3648764292e+10,1.7171515347e+10,1.4791963905e+10,1.3441361092e+10,1.0555762091e+10,9.4004887205e+09,8.7251035312e+09,7.3959819524e+09,3.9176226558e+10,2.2298161480e+10,1.5820912534e+10,1.3441361092e+10,1.2090758280e+10,9.2051592783e+09,8.0498859079e+09,7.3745007186e+09,6.0453791398e+09,3.6290627557e+10,1.9412562478e+10,1.2935313533e+10,1.0555762091e+10,9.2051592783e+09,6.3195602770e+09,5.1642869067e+09,4.4889017173e+09,3.1597801385e+09,3.5135354186e+10,1.8257289108e+10,1.1780040163e+10,9.4004887205e+09,8.0498859079e+09,5.1642869067e+09,4.0090135363e+09,3.3336283469e+09,2.0045067681e+09,3.4459968997e+10,1.7581903919e+10,1.1104654973e+10,8.7251035312e+09,7.3745007186e+09,4.4889017173e+09,3.3336283469e+09,2.6582431576e+09,1.3291215788e+09
170,1900,0,1.1252637873e+11,9.6748928470e+10,8.7446931851e+10,8.2606310554e+10,7.9332388031e+10,7.0441486530e+10,6.5982304360e+10,6.3029908373e+10,5.6263189365e+10,9.6748928470e+10,8.0971478208e+10,7.1669481589e+10,6.6828860293e+10,6.3554937769e+10,5.4664036269e+10,5.0204854099e+10,4.7252458112e+10,4.0485739104e+10,8.7446931851e+10,7.1669481589e+10,6.2367484970e+10,5.7526863674e+10,5.4252941150e+10,4.5362039650e+10,4.0902857480e+10,3.7950461493e+10,3.1183742485e+10,8.2606310554e+10,6.6828860293e+10,5.7526863674e+10,5.2686242377e+10,4.9412319854e+10,4.0521418353e+10,3.6062236183e+10,3.3109840196e+10,2.6343121189e+10,7.9332388031e+10,6.3554937769e+10,5.4252941150e+10,4.9412319854e+10,4.6138397330e+10,3.7247495830e+10,3.2788313660e+10,2.9835917673e+10,2.3069198665e+10,7.0441486530e+10,5.4664036269e+10,4.5362039650e+10,4.0521418353e+10,3.7247495830e+10,2.8356594329e+10,2.3897412159e+10,2.0945016172e+10,1.4178297164e+10,6.5982304360e+10,5.0204854099e+10,4.0902857480e+10,3.6062236183e+10,3.2788313660e+10,2.3897412159e+10,1.9438229989e+10,1.6485834002e+10,9.7191149946e+09,6.3029908373e+10,4.7252458112e+10,3.7950461493e+10,3.3109840196e+10,2.9835917673e+10,2.0945016172e+10,1.6485834002e+10,1.3533438015e+10,6.7667190076e+09
171,1900,10,1.1613965635e+11,9.9142367118e+10,8.9303392756e+10,8.4226704257e+10,8.0809686481e+10,7.1662300840e+10,6.7221431265e+10,6.4362913053e+10,5.8069828175e+10,9.9142367118e+10,8.2145077886e+10,7.2306103524e+10,6.7229415025e+10,6.3812397249e+10,5.4665011608e+10,5.0224142033e+10,4.7365623821e+10,4.1072538943e+10,8.9303392756e+10,7.2306103524e+10,6.2467129161e+10,5.7390440663e+10,5.3973422887e+10,4.4826037246e+10,4.0385167671e+10,3.7526649458e+10,3.1233564581e+10,8.4226704257e+10,6.7229415025e+10,5.7390440663e+10,5.2313752165e+10,4.8896734388e+10,3.9749348748e+10,3.5308479172e+10,3.2449960960e+10,2.6156876082e+10,8.0809686481e+10,6.3812397249e+10,5.3973422887e+10,4.8896734388e+10,4.5479716612e+10,3.6332330971e+10,3.1891461396e+10,2.9032943184e+10,2.2739858306e+10,7.1662300840e+10,5.4665011608e+10,4.4826037246e+10,3.9749348748e+10,3.6332330971e+10,2.7184945331e+10,2.2744075755e+10,1.9885557543e+10,1.3592472665e+10,6.7221431265e+10,5.0224142033e+10,4.0385167671e+10,3.5308479172e+10,3.1891461396e+10,2.2744075755e+10,1.8303206180e+10,1.5444687968e+10,9.1516030900e+09,6.4362913053e+10,4.7365623821e+10,3.7526649458e+10,3.2449960960e+10,2.9032943184e+10,1.9885557543e+10,1.5444687968e+10,1.2586169755e+10,6.2930848777e+09
172,1900,20,1.1626762322e+11,9.7299776428e+10,8.6758629864e+10,8.1523676181e+10,7.8093105912e+10,6.9372106768e+10,6.5456561393e+10,6.3068072278e+10,5.8133811611e+10,9.7299776428e+10,7.8331929632e+10,6.7790783069e+10,6.2555829386e+10,5.9125259116e+10,5.0404259973e+10,4.6488714597e+10,4.4100225483e+10,3.9165964816e+10,8.6758629864e+10,6.7790783069e+10,5.7249636506e+10,5.2014682822e+10,4.8584112553e+10,3.9863113410e+10,3.5947568034e+10,3.3559078920e+10,2.8624818253e+10,8.1523676181e+10,6.2555829386e+10,5.2014682822e+10,4.6779729139e+10,4.3349158869e+10,3.4628159726e+10,3.0712614351e+10,2.8324125236e+10,2.3389864569e+10,7.8093105912e+10,5.9125259116e+10,4.8584112553e+10,4.3349158869e+10,3.9918588600e+10,3.1197589457e+10,2.7282044081e+10,2.4893554967e+10,1.9959294300e+10,6.9372106768e+10,5.0404259973e+10,3.9863113410e+10,3.4628159726e+10,3.1197589457e+10,2.2476590314e+10,1.8561044938e+10,1.6172555824e+10,1.1238295157e+10,6.5456561393e+10,4.6488714597e+10,3.5947568034e+10,3.0712614351e+10,2.7282044081e+10,1.8561044938e+10,1.4645499562e+10,1.2257010448e+10,7.3227497812e+09,6.3068072278e+10,4.4100225483e+10,3.3559078920e+10,2.8324125236e+10,2.4893554967e+10,1.6172555824e+10,1.2257010448e+10,9.8685213332e+09,4.9342606666e+09
173,1900,30,1.2523374761e+11,1.0014104653e+11,8.7702788510e+10,8.2237259403e+10,7.8886935500e+10,7.1161178137e+10,6.7999653863e+10,6.6162918961e+10,6.2616873804e+10,1.0014104653e+11,7.5048345455e+10,6.2610087434e+10,5.7144558326e+10,5.3794234424e+10,4.6068477061e+10,4.2906952787e+10,4.1070217884e+10,3.7524172727e+10,8.7702788510e+10,6.2610087434e+10,5.0171829412e+10,4.4706300305e+10,4.1355976402e+10,3.3630219040e+10,3.0468694765e+10,2.8631959863e+10,2.5085914706e+10,8.2237259403e+10,5.7144558326e+10,4.4706300305e+10,3.9240771198e+10,3.5890447295e+10,2.8164689933e+10,2.5003165658e+10,2.3166430756e+10,1.9620385599e+10,7.8886935500e+10,5.3794234424e+10,4.1355976402e+10,3.5890447295e+10,3.2540123392e+10,2.4814366030e+10,2.1652841755e+10,1.9816106853e+10,1.6270061696e+10,7.1161178137e+10,4.6068477061e+10,3.3630219040e+10,2.8164689933e+10,2.4814366030e+10,1.7088608667e+10,1.3927084393e+10,1.2090349491e+10,8.5443043337e+09,6.7999653863e+10,4.2906952787e+10,3.0468694765e+10,2.5003165658e+10,2.1652841755e+10,1.3927084393e+10,1.0765560118e+10,8.9288252160e+09,5.3827800592e+09,6.6162918961e+10,4.1070217884e+10,2.8631959863e+10,2.3166430756e+10,1.9816106853e+10,1.2090349491e+10,8.9288252160e+09,7.0920903137e+09,3.5460451568e+09
174,1900,40,1.3074091427e+11,9.9312523750e+10,8.6015106353e+10,8.0923703599e+10,7.7990116115e+10,7.1751236092e+10,6.9337560526e+10,6.7963862068e+10,6.5370457137e+10,9.9312523750e+10,6.7884133225e+10,5.4586715829e+10,4.9495313075e+10,4.6561725591e+10,4.0322845567e+10,3.7909170002e+10,3.6535471543e+10,3.3942066613e+10,8.6015106353e+10,5.4586715829e+10,4.1289298432e+10,3.6197895678e+10,3.3264308194e+10,2.7025428171e+10,2.4611752605e+10,2.3238054146e+10,2.0644649216e+10,8.0923703599e+10,4.9495313075e+10,3.6197895678e+10,3.1106492924e+10,2.8172905440e+10,2.1934025417e+10,1.9520349851e+10,1.8146651392e+10,1.5553246462e+10,7.7990116115e+10,4.6561725591e+10,3.3264308194e+10,2.8172905440e+10,2.5239317956e+10,1.9000437933e+10,1.6586762367e+10,1.5213063908e+10,1.2619658978e+10,7.1751236092e+10,4.0322845567e+10,2.7025428171e+10,2.1934025417e+10,1.9000437933e+10,1.2761557909e+10,1.0347882344e+10,8.9741838850e+09,6.3807789547e+09,6.9337560526e+10,3.7909170002e+10,2.4611752605e+10,1.9520349851e+10,1.6586762367e+10,1.0347882344e+10,7.9342067778e+09,6.5605083192e+09,3.9671033889e+09,6.7963862068e+10,3.6535471543e+10,2.3238054146e+10,1.8146651392e+10,1.5213063908e+10,8.9741838850e+09,6.5605083192e+09,5.1868098606e+09,2.5934049303e+09
175,1900,50,1.1737747614e+11,8.6951159901e+10,7.5295821370e+10,7.1105303519e+10,6.8740569932e+10,6.3801731460e+10,6.1880702852e+10,6.0778346254e+10,5.8688738071e+10,8.6951159901e+10,5.6524843660e+10,4.4869505129e+10,4.0678987278e+10,3.8314253691e+10,3.3375415219e+10,3.1454386611e+10,3.0352030013e+10,2.8262421830e+10,7.5295821370e+10,4.4869505129e+10,3.3214166599e+10,2.9023648748e+10,2.6658915161e+10,2.1720076688e+10,1.9799048081e+10,1.8696691482e+10,1.6607083299e+10,7.1105303519e+10,4.0678987278e+10,2.9023648748e+10,2.4833130897e+10,2.2468397310e+10,1.7529558838e+10,1.5608530230e+10,1.4506173631e+10,1.2416565449e+10,6.8740569932e+10,3.8314253691e+10,2.6658915161e+10,2.2468397310e+10,2.0103663723e+10,1.5164825250e+10,1.3243796643e+10,1.2141440044e+10,1.0051831861e+10,6.3801731460e+10,3.3375415219e+10,2.1720076688e+10,1.7529558838e+10,1.5164825250e+10,1.0225986778e+10,8.3049581705e+09,7.2026015718e+09,5.1129933890e+09,6.1880702852e+10,3.1454386611e+10,1.9799048081e+10,1.5608530230e+10,1.3243796643e+10,8.3049581705e+09,6.3839295629e+09,5.2815729643e+09,3.1919647815e+09,6.0778346254e+10,3.0352030013e+10,1.8696691482e+10,1.4506173631e+10,1.2141440044e+10,7.2026015718e+09,5.2815729643e+09,4.1792163656e+09,2.0896081828e+09
176,1900,60,9.7903948337e+10,7.2592408321e+10,6.3074100406e+10,5.9616036323e+10,5.7641026685e+10,5.3420171679e+10,5.1744534874e+10,5.0777817870e+10,4.8951974168e+10,7.2592408321e+10,4.7280868305e+10,3.7762560390e+10,3.4304496307e+10,3.2329486669e+10,2.8108631663e+10,2.6432994858e+10,2.5466277854e+10,2.3640434152e+10,6.3074100406e+10,3.7762560390e+10,2.8244252476e+10,2.4786188393e+10,2.2811178755e+10,1.8590323749e+10,1.6914686944e+10,1.5947969939e+10,1.4122126238e+10,5.9616036323e+10,3.4304496307e+10,2.4786188393e+10,2.1328124309e+10,1.9353114672e+10,1.5132259665e+10,1.3456622860e+10,1.2489905856e+10,1.0664062155e+10,5.7641026685e+10,3.2329486669e+10,2.2811178755e+10,1.9353114672e+10,1.7378105034e+10,1.3157250028e+10,1.1481613223e+10,1.0514896219e+10,8.6890525170e+09,5.3420171679e+10,2.8108631663e+10,1.8590323749e+10,1.5132259665e+10,1.3157250028e+10,8.9363950212e+09,7.2607582162e+09,6.2940412121e+09,4.4681975106e+09,5.1744534874e+10,2.6432994858e+10,1.6914686944e+10,1.3456622860e+10,1.1481613223e+10,7.2607582162e+09,5.5851214112e+09,4.6184044071e+09,2.7925607056e+09,5.0777817870e+10,2.5466277854e+10,1.5947969939e+10,1.2489905856e+10,1.0514896219e+10,6.2940412121e+09,4.6184044071e+09,3.6516874029e+09,1.8258437015e+09
177,1900,70,8.7223935473e+10,6.5091395301e+10,5.6574407898e+10,5.3422086008e+10,5.1616279648e+10,4.7731636389e+10,4.6184577474e+10,4.5292280138e+10,4.3611967737e+10,6.5091395301e+10,4.2958855128e+10,3.4441867726e+10,3.1289545836e+10,2.9483739475e+10,2.5599096217e+10,2.4052037301e+10,2.3159739966e+10,2.1479427564e+10,5.6574407898e+10,3.4441867726e+10,2.5924880323e+10,2.2772558433e+10,2.0966752073e+10,1.7082108814e+10,1.5535049899e+10,1.4642752563e+10,1.2962440162e+10,5.3422086008e+10,3.1289545836e+10,2.2772558433e+10,1.9620236543e+10,1.7814430183e+10,1.3929786924e+10,1.2382728009e+10,1.1490430673e+10,9.8101182716e+09,5.1616279648e+10,2.9483739475e+10,2.0966752073e+10,1.7814430183e+10,1.6008623822e+10,1.2123980564e+10,1.0576921648e+10,9.6846243127e+09,8.0043119110e+09,4.7731636389e+10,2.5599096217e+10,1.7082108814e+10,1.3929786924e+10,1.2123980564e+10,8.2393373056e+09,6.6922783900e+09,5.7999810546e+09,4.1196686528e+09,4.6184577474e+10,2.4052037301e+10,1.5535049899e+10,1.2382728009e+10,1.0576921648e+10,6.6922783900e+09,5.1452194744e+09,4.2529221390e+09,2.5726097372e+09,4.5292280138e+10,2.3159739966e+10,1.4642752563e+10,1.1490430673e+10,9.6846243127e+09,5.7999810546e+09,4.2529221390e+09,3.3606248035e+09,1.6803124018e+09
178,1900,80,7.9829983156e+10,5.9397419365e+10,5.1606110159e+10,4.8770409193e+10,4.7162903300e+10,4.3722561928e+10,4.2333124925e+10,4.1509971375e+10,3.9914991578e+10,5.9397419365e+10,3.8964855575e+10,3.1173546368e+10,2.8337845402e+10,2.6730339509e+10,2.3289998137e+10,2.1900561134e+10,2.1077407584e+10,1.9482427787e+10,5.1606110159e+10,3.1173546368e+10,2.3382237161e+10,2.0546536195e+10,1.8939030302e+10,1.5498688930e+10,1.4109251927e+10,1.3286098377e+10,1.1691118581e+10,4.8770409193e+10,2.8337845402e+10,2.0546536195e+10,1.7710835229e+10,1.6103329336e+10,1.2662987964e+10,1.1273550962e+10,1.0450397411e+10,8.8554176147e+09,4.7162903300e+10,2.6730339509e+10,1.8939030302e+10,1.6103329336e+10,1.4495823444e+10,1.1055482071e+10,9.6660450687e+09,8.8428915185e+09,7.2479117218e+09,4.3722561928e+10,2.3289998137e+10,1.5498688930e+10,1.2662987964e+10,1.1055482071e+10,7.6151406992e+09,6.2257036964e+09,5.4025501463e+09,3.8075703496e+09,4.2333124925e+10,2.1900561134e+10,1.4109251927e+10,1.1273550962e+10,9.6660450687e+09,6.2257036964e+09,4.8362666937e+09,4.0131131436e+09,2.4181333469e+09,4.1509971375e+10,2.1077407584e+10,1.3286098377e+10,1.0450397411e+10,8.8428915185e+09,5.4025501463e+09,4.0131131436e+09,3.1899595935e+09,1.5949797967e+09
179,1900,90,8.0930630052e+10,6.0559284854e+10,5.2627700061e+10,4.9672929876e+10,4.7980352929e+10,4.4334697715e+10,4.2882454452e+10,4.2044562846e+10,4.0465315026e+10,6.0559284854e+10,4.0187939657e+10,3.2256354863e+10,2.9301584678e+10,2.7609007732e+10,2.3963352517e+10,2.2511109254e+10,2.1673217648e+10,2.0093969828e+10,5.2627700061e+10,3.2256354863e+10,2.4324770069e+10,2.1369999884e+10,1.9677422938e+10,1.6031767724e+10,1.4579524460e+10,1.3741632854e+10,1.2162385035e+10,4.9672929876e+10,2.9301584678e+10,2.1369999884e+10,1.8415229699e+10,1.6722652753e+10,1.3076997539e+10,1.1624754275e+10,1.0786862669e+10,9.2076148495e+09,4.7980352929e+10,2.7609007732e+10,1.9677422938e+10,1.6722652753e+10,1.5030075807e+10,1.1384420592e+10,9.9321773290e+09,9.0942857231e+09,7.5150379033e+09,4.4334697715e+10,2.3963352517e+10,1.6031767724e+10,1.3076997539e+10,1.1384420592e+10,7.7387653782e+09,6.2865221148e+09,5.4486305088e+09,3.8693826891e+09,4.2882454452e+10,2.2511109254e+10,1.4579524460e+10,1.1624754275e+10,9.9321773290e+09,6.2865221148e+09,4.8342788513e+09,3.9963872454e+09,2.4171394257e+09,4.2044562846e+10,2.1673217648e+10,1.3741632854e+10,1.0786862669e+10,9.0942857231e+09,5.4486305088e+09,3.9963872454e+09,3.1584956395e+09,1.5792478197e+09
180,2000,0,1.4010235581e+11,1.2062425248e+11,1.0891971373e+11,1.0275241473e+11,9.8560463655e+10,8.7185737285e+10,8.1575616767e+10,7.7939378948e+10,7.0051177906e+10,1.2062425248e+11,1.0114614915e+11,8.9441610397e+10,8.3274311397e+10,7.9082360323e+10,6.7707633953e+10,6.2097513435e+10,5.8461275616e+10,5.0573074574e+10,1.0891971373e+11,8.9441610397e+10,7.7737071646e+10,7.1569772646e+10,6.7377821572e+10,5.6003095202e+10,5.0392974684e+10,4.6756736865e+10,3.8868535823e+10,1.0275241473e+11,8.3274311397e+10,7.1569772646e+10,6.5402473645e+10,6.1210522572e+10,4.9835796202e+10,4.4225675684e+10,4.0589437865e+10,3.2701236822e+10,9.8560463655e+10,7.9082360323e+10,6.7377821572e+10,6.1210522572e+10,5.7018571498e+10,4.5643845128e+10,4.0033724610e+10,3.6397486791e+10,2.8509285749e+10,8.7185737285e+10,6.7707633953e+10,5.6003095202e+10,4.9835796202e+10,4.5643845128e+10,3.4269118758e+10,2.8658998240e+10,2.5022760421e+10,1.7134559379e+10,8.1575616767e+10,6.2097513435e+10,5.0392974684e+10,4.4225675684e+10,4.0033724610e+10,2.8658998240e+10,2.3048877722e+10,1.9412639903e+10,1.1524438861e+10,7.7939378948e+10,5.8461275616e+10,4.6756736865e+10,4.0589437865e+10,3.6397486791e+10,2.5022760421e+10,1.9412639903e+10,1.5776402084e+10,7.8882010422e+09
181,2000,10,1.4473545250e+11,1.2369303703e+11,1.1130594168e+11,1.0485387192e+11,1.0049480536e+11,8.8839930475e+10,8.3266505425e+10,7.9746478889e+10,7.2367726248e+10,1.2369303703e+11,1.0265062157e+11,9.0263526212e+10,8.3811456452e+10,7.9452389895e+10,6.7797515010e+10,6.2224089960e+10,5.8704063424e+10,5.1325310783e+10,1.1130594168e+11,9.0263526212e+10,7.7876430860e+10,7.1424361100e+10,6.7065294542e+10,5.5410419657e+10,4.9836994607e+10,4.6316968071e+10,3.8938215430e+10,1.0485387192e+11,8.3811456452e+10,7.1424361100e+10,6.4972291340e+10,6.0613224782e+10,4.8958349897e+10,4.3384924847e+10,3.9864898311e+10,3.2486145670e+10,1.0049480536e+11,7.9452389895e+10,6.7065294542e+10,6.0613224782e+10,5.6254158225e+10,4.4599283340e+10,3.9025858290e+10,3.5505831754e+10,2.8127079112e+10,8.8839930475e+10,6.7797515010e+10,5.5410419657e+10,4.8958349897e+10,4.4599283340e+10,3.2944408455e+10,2.7370983405e+10,2.3850956869e+10,1.6472204227e+10,8.3266505425e+10,6.2224089960e+10,4.9836994607e+10,4.3384924847e+10,3.9025858290e+10,2.7370983405e+10,2.1797558355e+10,1.8277531819e+10,1.0898779177e+10,7.9746478889e+10,5.8704063424e+10,4.6316968071e+10,3.9864898311e+10,3.5505831754e+10,2.3850956869e+10,1.8277531819e+10,1.4757505283e+10,7.3787526414e+09
182,2000,20,1.5025430940e+11,1.2549994645e+11,1.1163026463e+11,1.0475138669e+11,1.0025038097e+11,8.8899089265e+10,8.3909788570e+10,8.0935900151e+10,7.5127154702e+10,1.2549994645e+11,1.0074558350e+11,8.6875901674e+10,7.9997023733e+10,7.5496018015e+10,6.4144726312e+10,5.9155425617e+10,5.6181537199e+10,5.0372791750e+10,1.1163026463e+11,8.6875901674e+10,7.3006219850e+10,6.6127341908e+10,6.1626336191e+10,5.0275044487e+10,4.5285743793e+10,4.2311855374e+10,3.6503109925e+10,1.0475138669e+11,7.9997023733e+10,6.6127341908e+10,5.9248463967e+10,5.4747458249e+10,4.3396166546e+10,3.8406865851e+10,3.5432977432e+10,2.9624231983e+10,1.0025038097e+11,7.5496018015e+10,6.1626336191e+10,5.4747458249e+10,5.0246452531e+10,3.8895160828e+10,3.3905860133e+10,3.0931971715e+10,2.5123226266e+10,8.8899089265e+10,6.4144726312e+10,5.0275044487e+10,4.3396166546e+10,3.8895160828e+10,2.7543869125e+10,2.2554568430e+10,1.9580680012e+10,1.3771934562e+10,8.3909788570e+10,5.9155425617e+10,4.5285743793e+10,3.8406865851e+10,3.3905860133e+10,2.2554568430e+10,1.7565267735e+10,1.4591379317e+10,8.7826338677e+09,8.0935900151e+10,5.6181537199e+10,4.2311855374e+10,3.5432977432e+10,3.0931971715e+10,1.9580680012e+10,1.4591379317e+10,1.1617490898e+10,5.8087454491e+09
183,2000,30,1.5851513455e+11,1.2656248410e+11,1.1067508525e+11,1.0369720107e+11,9.9422760466e+10,8.9615343761e+10,8.5665016858e+10,8.3411677386e+10,7.9257567275e+10,1.2656248410e+11,9.4609833648e+10,7.8722434798e+10,7.1744550619e+10,6.7470110015e+10,5.7662693310e+10,5.3712366407e+10,5.1459026935e+10,4.7304916824e+10,1.1067508525e+11,7.8722434798e+10,6.2835035948e+10,5.5857151769e+10,5.1582711166e+10,4.1775294460e+10,3.7824967558e+10,3.5571628085e+10,3.1417517974e+10,1.0369720107e+11,7.1744550619e+10,5.5857151769e+10,4.8879267591e+10,4.4604826987e+10,3.4797410282e+10,3.0847083379e+10,2.8593743907e+10,2.4439633795e+10,9.9422760466e+10,6.7470110015e+10,5.1582711166e+10,4.4604826987e+10,4.0330386383e+10,3.0522969678e+10,2.6572642775e+10,2.4319303303e+10,2.0165193191e+10,8.9615343761e+10,5.7662693310e+10,4.1775294460e+10,3.4797410282e+10,3.0522969678e+10,2.0715552973e+10,1.6765226070e+10,1.4511886598e+10,1.0357776486e+10,8.5665016858e+10,5.3712366407e+10,3.7824967558e+10,3.0847083379e+10,2.6572642775e+10,1.6765226070e+10,1.2814899167e+10,1.0561559695e+10,6.4074495834e+09,8.3411677386e+10,5.1459026935e+10,3.5571628085e+10,2.8593743907e+10,2.4319303303e+10,1.4511886598e+10,1.0561559695e+10,8.3082202228e+09,4.1541101114e+09
184,2000,40,1.6295873083e+11,1.2366876840e+11,1.0702733156e+11,1.0064812477e+11,9.6969357438e+10,8.9161562120e+10,8.6176634723e+10,8.4504021737e+10,8.1479365415e+10,1.2366876840e+11,8.4378805980e+10,6.7737369133e+10,6.1358162350e+10,5.7679395014e+10,4.9871599696e+10,4.6886672298e+10,4.5214059313e+10,4.2189402990e+10,1.0702733156e+11,6.7737369133e+10,5.1095932287e+10,4.4716725504e+10,4.1037958167e+10,3.3230162849e+10,3.0245235451e+10,2.8572622466e+10,2.5547966143e+10,1.0064812477e+11,6.1358162350e+10,4.4716725504e+10,3.8337518720e+10,3.4658751384e+10,2.6850956066e+10,2.3866028668e+10,2.2193415683e+10,1.9168759360e+10,9.6969357438e+10,5.7679395014e+10,4.1037958167e+10,3.4658751384e+10,3.0979984047e+10,2.3172188729e+10,2.0187261331e+10,1.8514648346e+10,1.5489992023e+10,8.9161562120e+10,4.9871599696e+10,3.3230162849e+10,2.6850956066e+10,2.3172188729e+10,1.5364393411e+10,1.2379466013e+10,1.0706853028e+10,7.6821967055e+09,8.6176634723e+10,4.6886672298e+10,3.0245235451e+10,2.3866028668e+10,2.0187261331e+10,1.2379466013e+10,9.3945386158e+09,7.7219256305e+09,4.6972693079e+09,8.4504021737e+10,4.5214059313e+10,2.8572622466e+10,2.2193415683e+10,1.8514648346e+10,1.0706853028e+10,7.7219256305e+09,6.0493126451e+09,3.0246563225e+09
185,2000,50,1.4509586223e+11,1.0739823385e+11,9.2960232469e+10,8.7762740355e+10,8.4824216790e+10,7.8684425264e+10,7.6318761633e+10,7.4980758462e+10,7.2547931116e+10,1.0739823385e+11,6.9700605459e+10,5.5262604082e+10,5.0065111968e+10,4.7126588404e+10,4.0986796878e+10,3.8621133247e+10,3.7283130076e+10,3.4850302729e+10,9.2960232469e+10,5.5262604082e+10,4.0824602706e+10,3.5627110592e+10,3.2688587027e+10,2.6548795501e+10,2.4183131870e+10,2.2845128699e+10,2.0412301353e+10,8.7762740355e+10,5.0065111968e+10,3.5627110592e+10,3.0429618478e+10,2.7491094913e+10,2.1351303387e+10,1.8985639756e+10,1.7647636585e+10,1.5214809239e+10,8.4824216790e+10,4.7126588404e+10,3.2688587027e+10,2.7491094913e+10,2.4552571349e+10,1.8412779823e+10,1.6047116192e+10,1.4709113021e+10,1.2276285674e+10,7.8684425264e+10,4.0986796878e+10,2.6548795501e+10,2.1351303387e+10,1.8412779823e+10,1.2272988297e+10,9.9073246654e+09,8.5693214944e+09,6.1364941483e+09,7.6318761633e+10,3.8621133247e+10,2.4183131870e+10,1.8985639756e+10,1.6047116192e+10,9.9073246654e+09,7.5416610343e+09,6.2036578633e+09,3.7708305172e+09,7.4980758462e+10,3.7283130076e+10,2.2845128699e+10,1.7647636585e+10,1.4709113021e+10,8.5693214944e+09,6.2036578633e+09,4.8656546923e+09,2.4328273461e+09
186,2000,60,1.2000607654e+11,8.8996385457e+10,7.7305205900e+10,7.3036801409e+10,7.0590548411e+10,6.5353896086e+10,6.3294652562e+10,6.2123794192e+10,6.0003038272e+10,8.8996385457e+10,5.7986694372e+10,4.6295514814e+10,4.2027110323e+10,3.9580857325e+10,3.4344205000e+10,3.2284961476e+10,3.1114103106e+10,2.8993347186e+10,7.7305205900e+10,4.6295514814e+10,3.4604335257e+10,3.0335930766e+10,2.7889677768e+10,2.2653025443e+10,2.0593781919e+10,1.9422923549e+10,1.7302167629e+10,7.3036801409e+10,4.2027110323e+10,3.0335930766e+10,2.6067526274e+10,2.3621273276e+10,1.8384620951e+10,1.6325377428e+10,1.5154519058e+10,1.3033763137e+10,7.0590548411e+10,3.9580857325e+10,2.7889677768e+10,2.3621273276e+10,2.1175020278e+10,1.5938367953e+10,1.3879124430e+10,1.2708266059e+10,1.0587510139e+10,6.5353896086e+10,3.4344205000e+10,2.2653025443e+10,1.8384620951e+10,1.5938367953e+10,1.0701715628e+10,8.6424721047e+09,7.4716137344e+09,5.3508578140e+09,6.3294652562e+10,3.2284961476e+10,2.0593781919e+10,1.6325377428e+10,1.3879124430e+10,8.6424721047e+09,6.5832285814e+09,5.4123702111e+09,3.2916142907e+09,6.2123794192e+10,3.1114103106e+10,1.9422923549e+10,1.5154519058e+10,1.2708266059e+10,7.4716137344e+09,5.4123702111e+09,4.2415118408e+09,2.1207559204e+09
187,2000,70,1.0542258869e+11,7.8795165821e+10,6.8468823072e+10,6.4617867664e+10,6.2400740636e+10,5.7617779591e+10,5.5729362762e+10,5.4655124364e+10,5.2711294343e+10,7.8795165821e+10,5.2167742956e+10,4.1841400208e+10,3.7990444799e+10,3.5773317772e+10,3.0990356727e+10,2.9101939898e+10,2.8027701500e+10,2.6083871478e+10,6.8468823072e+10,4.1841400208e+10,3.1515057459e+10,2.7664102051e+10,2.5446975023e+10,2.0664013978e+10,1.8775597149e+10,1.7701358751e+10,1.5757528729e+10,6.4617867664e+10,3.7990444799e+10,2.7664102051e+10,2.3813146642e+10,2.1596019615e+10,1.6813058570e+10,1.4924641741e+10,1.3850403343e+10,1.1906573321e+10,6.2400740636e+10,3.5773317772e+10,2.5446975023e+10,2.1596019615e+10,1.9378892587e+10,1.4595931542e+10,1.2707514713e+10,1.1633276315e+10,9.6894462933e+09,5.7617779591e+10,3.0990356727e+10,2.0664013978e+10,1.6813058570e+10,1.4595931542e+10,9.8129704968e+09,7.9245536680e+09,6.8503152698e+09,4.9064852484e+09,5.5729362762e+10,2.9101939898e+10,1.8775597149e+10,1.4924641741e+10,1.2707514713e+10,7.9245536680e+09,6.0361368392e+09,4.9618984409e+09,3.0180684196e+09,5.4655124364e+10,2.8027701500e+10,1.7701358751e+10,1.3850403343e+10,1.1633276315e+10,6.8503152698e+09,4.9618984409e+09,3.8876600427e+09,1.9438300213e+09
188,2000,80,9.8743057462e+10,7.4033700650e+10,6.4334617004e+10,6.0689983548e+10,5.8588480222e+10,5.4042455209e+10,5.2245500087e+10,5.1222913853e+10,4.9371528731e+10,7.4033700650e+10,4.9324343838e+10,3.9625260192e+10,3.5980626736e+10,3.3879123410e+10,2.9333098397e+10,2.7536143275e+10,2.6513557041e+10,2.4662171919e+10,6.4334617004e+10,3.9625260192e+10,2.9926176547e+10,2.6281543091e+10,2.4180039765e+10,1.9634014752e+10,1.7837059630e+10,1.6814473396e+10,1.4963088274e+10,6.0689983548e+10,3.5980626736e+10,2.6281543091e+10,2.2636909634e+10,2.0535406308e+10,1.5989381295e+10,1.4192426173e+10,1.3169839939e+10,1.1318454817e+10,5.8588480222e+10,3.3879123410e+10,2.4180039765e+10,2.0535406308e+10,1.8433902982e+10,1.3887877969e+10,1.2090922847e+10,1.1068336613e+10,9.2169514910e+09,5.4042455209e+10,2.9333098397e+10,1.9634014752e+10,1.5989381295e+10,1.3887877969e+10,9.3418529565e+09,7.5448978343e+09,6.5223116002e+09,4.6709264782e+09,5.2245500087e+10,2.7536143275e+10,1.7837059630e+10,1.4192426173e+10,1.2090922847e+10,7.5448978343e+09,5.7479427121e+09,4.7253564781e+09,2.8739713561e+09,5.1222913853e+10,2.6513557041e+10,1.6814473396e+10,1.3169839939e+10,1.1068336613e+10,6.5223116002e+09,4.7253564781e+09,3.7027702440e+09,1.8513851220e+09
189,2000,90,9.7015379890e+10,7.2767581695e+10,6.3234841988e+10,5.9648892704e+10,5.7581230757e+10,5.3107003407e+10,5.1338050283e+10,5.0331219258e+10,4.8507689945e+10,7.2767581695e+10,4.8519783500e+10,3.8987043793e+10,3.5401094509e+10,3.3333432562e+10,2.8859205212e+10,2.7090252088e+10,2.6083421063e+10,2.4259891750e+10,6.3234841988e+10,3.8987043793e+10,2.9454304086e+10,2.5868354801e+10,2.3800692855e+10,1.9326465505e+10,1.7557512381e+10,1.6550681356e+10,1.4727152043e+10,5.9648892704e+10,3.5401094509e+10,2.5868354801e+10,2.2282405517e+10,2.0214743570e+10,1.5740516221e+10,1.3971563097e+10,1.2964732071e+10,1.1141202759e+10,5.7581230757e+10,3.3333432562e+10,2.3800692855e+10,2.0214743570e+10,1.8147081623e+10,1.3672854274e+10,1.1903901150e+10,1.0897070125e+10,9.0735408117e+09,5.3107003407e+10,2.8859205212e+10,1.9326465505e+10,1.5740516221e+10,1.3672854274e+10,9.1986269238e+09,7.4296737998e+09,6.4228427747e+09,4.5993134619e+09,5.1338050283e+10,2.7090252088e+10,1.7557512381e+10,1.3971563097e+10,1.1903901150e+10,7.4296737998e+09,5.6607206758e+09,4.6538896507e+09,2.8303603379e+09,5.0331219258e+10,2.6083421063e+10,1.6550681356e+10,1.2964732071e+10,1.0897070125e+10,6.4228427747e+09,4.6538896507e+09,3.6470586257e+09,1.8235293128e+09
190,2500,0,3.5273265730e+11,3.0106544924e+11,2.6908628819e+11,2.5215412131e+11,2.4068636812e+11,2.1059900668e+11,1.9717815704e+11,1.8939056816e+11,1.7636632865e+11,3.0106544924e+11,2.4939824119e+11,2.1741908013e+11,2.0048691326e+11,1.8901916006e+11,1.5893179862e+11,1.4551094898e+11,1.3772336010e+11,1.2469912059e+11,2.6908628819e+11,2.1741908013e+11,1.8543991908e+11,1.6850775221e+11,1.5703999901e+11,1.2695263757e+11,1.1353178793e+11,1.0574419905e+11,9.2719959542e+10,2.5215412131e+11,2.0048691326e+11,1.6850775221e+11,1.5157558533e+11,1.4010783214e+11,1.1002047070e+11,9.6599621054e+10,8.8812032173e+10,7.5787792666e+10,2.4068636812e+11,1.8901916006e+11,1.5703999901e+11,1.4010783214e+11,1.2864007894e+11,9.8552717501e+10,8.5131867859e+10,7.7344278978e+10,6.4320039470e+10,2.1059900668e+11,1.5893179862e+11,1.2695263757e+11,1.1002047070e+11,9.8552717501e+10,6.8465356061e+10,5.5044506419e+10,4.7256917538e+10,3.4232678031e+10,1.9717815704e+11,1.4551094898e+11,1.1353178793e+11,9.6599621054e+10,8.5131867859e+10,5.5044506419e+10,4.1623656777e+10,3.3836067896e+10,2.0811828389e+10,1.8939056816e+11,1.3772336010e+11,1.0574419905e+11,8.8812032173e+10,7.7344278978e+10,4.7256917538e+10,3.3836067896e+10,2.6048479016e+10,1.3024239508e+10
191,2500,10,3.6515306170e+11,3.0888901566e+11,2.7489813238e+11,2.5724241021e+11,2.4541944717e+11,2.1502827052e+11,2.0191715613e+11,1.9451040192e+11,1.8257653085e+11,3.0888901566e+11,2.5262496963e+11,2.1863408634e+11,2.0097836417e+11,1.8915540114e+11,1.5876422448e+11,1.4565311010e+11,1.3824635588e+11,1.2631248481e+11,2.7489813238e+11,2.1863408634e+11,1.8464320305e+11,1.6698748088e+11,1.5516451785e+11,1.2477334120e+11,1.1166222681e+11,1.0425547260e+11,9.2321601526e+10,2.5724241021e+11,2.0097836417e+11,1.6698748088e+11,1.4933175872e+11,1.3750879568e+11,1.0711761903e+11,9.4006504641e+10,8.6599750428e+10,7.4665879358e+10,2.4541944717e+11,1.8915540114e+11,1.5516451785e+11,1.3750879568e+11,1.2568583264e+11,9.5294655991e+10,8.2183541605e+10,7.4776787392e+10,6.2842916322e+10,2.1502827052e+11,1.5876422448e+11,1.2477334120e+11,1.0711761903e+11,9.5294655991e+10,6.4903479338e+10,5.1792364952e+10,4.4385610739e+10,3.2451739669e+10,2.0191715613e+11,1.4565311010e+11,1.1166222681e+11,9.4006504641e+10,8.2183541605e+10,5.1792364952e+10,3.8681250565e+10,3.1274496352e+10,1.9340625283e+10,1.9451040192e+11,1.3824635588e+11,1.0425547260e+11,8.6599750428e+10,7.4776787392e+10,4.4385610739e+10,3.1274496352e+10,2.3867742139e+10,1.1933871070e+10
192,2500,20,3.9666000194e+11,3.2520092688e+11,2.8547000305e+11,2.6643199984e+11,2.5426589163e+11,2.2520776976e+11,2.1372547401e+11,2.0758815158e+11,1.9833000097e+11,3.2520092688e+11,2.5374185181e+11,2.1401092798e+11,1.9497292477e+11,1.8280681657e+11,1.5374869469e+11,1.4226639894e+11,1.3612907651e+11,1.2687092590e+11,2.8547000305e+11,2.1401092798e+11,1.7428000415e+11,1.5524200094e+11,1.4307589274e+11,1.1401777086e+11,1.0253547511e+11,9.6398152680e+10,8.7140002075e+10,2.6643199984e+11,1.9497292477e+11,1.5524200094e+11,1.3620399774e+11,1.2403788953e+11,9.4979767652e+10,8.3497471903e+10,7.7360149473e+10,6.8101998869e+10,2.5426589163e+11,1.8280681657e+11,1.4307589274e+11,1.2403788953e+11,1.1187178132e+11,8.2813659445e+10,7.1331363697e+10,6.5194041267e+10,5.5935890662e+10,2.2520776976e+11,1.5374869469e+11,1.1401777086e+11,9.4979767652e+10,8.2813659445e+10,5.3755537567e+10,4.2273241818e+10,3.6135919388e+10,2.6877768783e+10,2.1372547401e+11,1.4226639894e+11,1.0253547511e+11,8.3497471903e+10,7.1331363697e+10,4.2273241818e+10,3.0790946069e+10,2.4653623639e+10,1.5395473034e+10,2.0758815158e+11,1.3612907651e+11,9.6398152680e+10,7.7360149473e+10,6.5194041267e+10,3.6135919388e+10,2.4653623639e+10,1.8516301209e+10,9.2581506047e+09
193,2500,30,4.3395353449e+11,3.3735155178e+11,2.9148246625e+11,2.7245088122e+11,2.6115857359e+11,2.3681277649e+11,2.2799981051e+11,2.2347978158e+11,2.1697676725e+11,3.3735155178e+11,2.4074956907e+11,1.9488048354e+11,1.7584889851e+11,1.6455659088e+11,1.4021079378e+11,1.3139782780e+11,1.2687779887e+11,1.2037478454e+11,2.9148246625e+11,1.9488048354e+11,1.4901139801e+11,1.2997981298e+11,1.1868750535e+11,9.4341708255e+10,8.5528742273e+10,8.1008713346e+10,7.4505699007e+10,2.7245088122e+11,1.7584889851e+11,1.2997981298e+11,1.1094822794e+11,9.9655920318e+10,7.5310123220e+10,6.6497157237e+10,6.1977128311e+10,5.5474113972e+10,2.6115857359e+11,1.6455659088e+11,1.1868750535e+11,9.9655920318e+10,8.8363612693e+10,6.4017815595e+10,5.5204849612e+10,5.0684820686e+10,4.4181806347e+10,2.3681277649e+11,1.4021079378e+11,9.4341708255e+10,7.5310123220e+10,6.4017815595e+10,3.9672018496e+10,3.0859052514e+10,2.6339023587e+10,1.9836009248e+10,2.2799981051e+11,1.3139782780e+11,8.5528742273e+10,6.6497157237e+10,5.5204849612e+10,3.0859052514e+10,2.2046086531e+10,1.7526057605e+10,1.1023043266e+10,2.2347978158e+11,1.2687779887e+11,8.1008713346e+10,6.1977128311e+10,5.0684820686e+10,2.6339023587e+10,1.7526057605e+10,1.3006028678e+10,6.5030143390e+09
194,2500,40,4.1988423377e+11,3.1237979347e+11,2.6834048730e+11,2.5207705628e+11,2.4291120252e+11,2.2440199674e+11,2.1794770731e+11,2.1465653282e+11,2.0994211688e+11,3.1237979347e+11,2.0487535317e+11,1.6083604700e+11,1.4457261598e+11,1.3540676223e+11,1.1689755644e+11,1.1044326701e+11,1.0715209253e+11,1.0243767659e+11,2.6834048730e+11,1.6083604700e+11,1.1679674083e+11,1.0053330981e+11,9.1367456056e+10,7.2858250274e+10,6.6403960843e+10,6.3112786356e+10,5.8398370416e+10,2.5207705628e+11,1.4457261598e+11,1.0053330981e+11,8.4269878796e+10,7.5104025038e+10,5.6594819256e+10,5.0140529825e+10,4.6849355338e+10,4.2134939398e+10,2.4291120252e+11,1.3540676223e+11,9.1367456056e+10,7.5104025038e+10,6.5938171280e+10,4.7428965498e+10,4.0974676067e+10,3.7683501580e+10,3.2969085640e+10,2.2440199674e+11,1.1689755644e+11,7.2858250274e+10,5.6594819256e+10,4.7428965498e+10,2.8919759716e+10,2.2465470285e+10,1.9174295798e+10,1.4459879858e+10,2.1794770731e+11,1.1044326701e+11,6.6403960843e+10,5.0140529825e+10,4.0974676067e+10,2.2465470285e+10,1.6011180854e+10,1.2720006367e+10,8.0055904270e+09,2.1465653282e+11,1.0715209253e+11,6.3112786356e+10,4.6849355338e+10,3.7683501580e+10,1.9174295798e+10,1.2720006367e+10,9.4288318802e+09,4.7144159401e+09
195,2500,50,3.5451007234e+11,2.5957305557e+11,2.2339627204e+11,2.1055233283e+11,2.0336766736e+11,1.8885188638e+11,1.8371047079e+11,1.8106361306e+11,1.7725503617e+11,2.5957305557e+11,1.6463603881e+11,1.2845925528e+11,1.1561531606e+11,1.0843065059e+11,9.3914869619e+10,8.8773454030e+10,8.6126596292e+10,8.2318019405e+10,2.2339627204e+11,1.2845925528e+11,9.2282471751e+10,7.9438532534e+10,7.2253867066e+10,5.7738086089e+10,5.2596670501e+10,4.9949812763e+10,4.6141235876e+10,2.1055233283e+11,1.1561531606e+11,7.9438532534e+10,6.6594593316e+10,5.9409927848e+10,4.4894146872e+10,3.9752731283e+10,3.7105873545e+10,3.3297296658e+10,2.0336766736e+11,1.0843065059e+11,7.2253867066e+10,5.9409927848e+10,5.2225262380e+10,3.7709481404e+10,3.2568065815e+10,2.9921208077e+10,2.6112631190e+10,1.8885188638e+11,9.3914869619e+10,5.7738086089e+10,4.4894146872e+10,3.7709481404e+10,2.3193700428e+10,1.8052284839e+10,1.5405427101e+10,1.1596850214e+10,1.8371047079e+11,8.8773454030e+10,5.2596670501e+10,3.9752731283e+10,3.2568065815e+10,1.8052284839e+10,1.2910869251e+10,1.0264011513e+10,6.4554346254e+09,1.8106361306e+11,8.6126596292e+10,4.9949812763e+10,3.7105873545e+10,2.9921208077e+10,1.5405427101e+10,1.0264011513e+10,7.6171537743e+09,3.8085768871e+09
196,2500,60,2.8911364895e+11,2.1295230365e+11,1.8375619469e+11,1.7314019249e+11,1.6711590198e+11,1.5467721282e+11,1.5020032121e+11,1.4788454140e+11,1.4455682447e+11,2.1295230365e+11,1.3679095835e+11,1.0759484939e+11,9.6978847191e+10,9.0954556682e+10,7.8515867517e+10,7.4038975910e+10,7.1723196096e+10,6.8395479174e+10,1.8375619469e+11,1.0759484939e+11,7.8398740436e+10,6.7782738234e+10,6.1758447726e+10,4.9319758560e+10,4.4842866953e+10,4.2527087140e+10,3.9199370218e+10,1.7314019249e+11,9.6978847191e+10,6.7782738234e+10,5.7166736032e+10,5.1142445524e+10,3.8703756358e+10,3.4226864751e+10,3.1911084938e+10,2.8583368016e+10,1.6711590198e+11,9.0954556682e+10,6.1758447726e+10,5.1142445524e+10,4.5118155015e+10,3.2679465850e+10,2.8202574243e+10,2.5886794430e+10,2.2559077508e+10,1.5467721282e+11,7.8515867517e+10,4.9319758560e+10,3.8703756358e+10,3.2679465850e+10,2.0240776684e+10,1.5763885077e+10,1.3448105264e+10,1.0120388342e+10,1.5020032121e+11,7.4038975910e+10,4.4842866953e+10,3.4226864751e+10,2.8202574243e+10,1.5763885077e+10,1.1286993470e+10,8.9712136569e+09,5.6434967351e+09,1.4788454140e+11,7.1723196096e+10,4.2527087140e+10,3.1911084938e+10,2.5886794430e+10,1.3448105264e+10,8.9712136569e+09,6.6554338436e+09,3.3277169218e+09
197,2500,70,2.5427019946e+11,1.8860684231e+11,1.6276848684e+11,1.5320657399e+11,1.4775159165e+11,1.3640746981e+11,1.3230866535e+11,1.3018678426e+11,1.2713509973e+11,1.8860684231e+11,1.2294348517e+11,9.7105129696e+10,8.7543216845e+10,8.2088234503e+10,7.0744112664e+10,6.6645308205e+10,6.4523427114e+10,6.1471742584e+10,1.6276848684e+11,9.7105129696e+10,7.1266774225e+10,6.1704861374e+10,5.6249879031e+10,4.4905757193e+10,4.0806952733e+10,3.8685071643e+10,3.5633387112e+10,1.5320657399e+11,8.7543216845e+10,6.1704861374e+10,5.2142948523e+10,4.6687966181e+10,3.5343844342e+10,3.1245039882e+10,2.9123158792e+10,2.6071474262e+10,1.4775159165e+11,8.2088234503e+10,5.6249879031e+10,4.6687966181e+10,4.1232983838e+10,2.9888862000e+10,2.5790057540e+10,2.3668176450e+10,2.0616491919e+10,1.3640746981e+11,7.0744112664e+10,4.4905757193e+10,3.5343844342e+10,2.9888862000e+10,1.8544740162e+10,1.4445935702e+10,1.2324054611e+10,9.2723700808e+09,1.3230866535e+11,6.6645308205e+10,4.0806952733e+10,3.1245039882e+10,2.5790057540e+10,1.4445935702e+10,1.0347131242e+10,8.2252501514e+09,5.1735656209e+09,1.3018678426e+11,6.4523427114e+10,3.8685071643e+10,2.9123158792e+10,2.3668176450e+10,1.2324054611e+10,8.2252501514e+09,6.1033690610e+09,3.0516845305e+09
198,2500,80,7.9364466472e+09,5.6952228532e+09,4.8974756194e+09,4.6268808840e+09,4.4917184919e+09,4.2313055259e+09,4.1314848619e+09,4.0746011084e+09,3.9682233236e+09,5.6952228532e+09,3.4539990593e+09,2.6562518254e+09,2.3856570900e+09,2.2504946979e+09,1.9900817319e+09,1.8902610679e+09,1.8333773145e+09,1.7269995296e+09,4.8974756194e+09,2.6562518254e+09,1.8585045916e+09,1.5879098562e+09,1.4527474641e+09,1.1923344981e+09,1.0925138341e+09,1.0356300806e+09,9.2925229580e+08,4.6268808840e+09,2.3856570900e+09,1.5879098562e+09,1.3173151208e+09,1.1821527287e+09,9.2173976269e+08,8.2191909866e+08,7.6503534523e+08,6.5865756039e+08,4.4917184919e+09,2.2504946979e+09,1.4527474641e+09,1.1821527287e+09,1.0469903366e+09,7.8657737059e+08,6.8675670656e+08,6.2987295314e+08,5.2349516829e+08,4.2313055259e+09,1.9900817319e+09,1.1923344981e+09,9.2173976269e+08,7.8657737059e+08,5.2616440460e+08,4.2634374056e+08,3.6945998714e+08,2.6308220230e+08,4.1314848619e+09,1.8902610679e+09,1.0925138341e+09,8.2191909866e+08,6.8675670656e+08,4.2634374056e+08,3.2652307653e+08,2.6963932311e+08,1.6326153826e+08,4.0746011084e+09,1.8333773145e+09,1.0356300806e+09,7.6503534523e+08,6.2987295314e+08,3.6945998714e+08,2.6963932311e+08,2.1275556968e+08,1.0637778484e+08
199,2500,90,2.3477892348e+11,1.7459174169e+11,1.5067830182e+11,1.4177390562e+11,1.3668564627e+11,1.2607749870e+11,1.2223957123e+11,1.2025167680e+11,1.1738946174e+11,1.7459174169e+11,1.1440455990e+11,9.0491120029e+10,8.1586723833e+10,7.6498464479e+10,6.5890316912e+10,6.2052389434e+10,6.0064495010e+10,5.7202279948e+10,1.5067830182e+11,9.0491120029e+10,6.6577680162e+10,5.7673283966e+10,5.2585024612e+10,4.1976877045e+10,3.8138949567e+10,3.6151055143e+10,3.3288840081e+10,1.4177390562e+11,8.1586723833e+10,5.7673283966e+10,4.8768887769e+10,4.3680628416e+10,3.3072480848e+10,2.9234553370e+10,2.7246658946e+10,2.4384443884e+10,1.3668564627e+11,7.6498464479e+10,5.2585024612e+10,4.3680628416e+10,3.8592369062e+10,2.7984221495e+10,2.4146294017e+10,2.2158399593e+10,1.9296184531e+10,1.2607749870e+11,6.5890316912e+10,4.1976877045e+10,3.3072480848e+10,2.7984221495e+10,1.7376073928e+10,1.3538146450e+10,1.1550252026e+10,8.6880369638e+09,1.2223957123e+11,6.2052389434e+10,3.8138949567e+10,2.9234553370e+10,2.4146294017e+10,1.3538146450e+10,9.7002189715e+09,7.7123245476e+09,4.8501094857e+09,1.2025167680e+11,6.0064495010e+10,3.6151055143e+10,2.7246658946e+10,2.2158399593e+10,1.1550252026e+10,7.7123245476e+09,5.7244301238e+09,2.8622150619e+09
200,3000,0,7.6329707911e+11,6.3493874862e+11,5.5820618850e+11,5.1960612434e+11,4.9441963809e+11,4.3323029769e+11,4.0945203894e+11,3.9731405652e+11,3.8164853956e+11,6.3493874862e+11,5.0658041814e+11,4.2984785802e+11,3.9124779385e+11,3.6606130761e+11,3.0487196720e+11,2.8109370846e+11,2.6895572604e+11,2.5329020907e+11,5.5820618850e+11,4.2984785802e+11,3.5311529789e+11,3.1451523373e+11,2.8932874748e+11,2.2813940708e+11,2.0436114833e+11,1.9222316591e+11,1.7655764895e+11,5.1960612434e+11,3.9124779385e+11,3.1451523373e+11,2.7591516957e+11,2.5072868332e+11,1.8953934291e+11,1.6576108417e+11,1.5362310175e+11,1.3795758478e+11,4.9441963809e+11,3.6606130761e+11,2.8932874748e+11,2.5072868332e+11,2.2554219707e+11,1.6435285667e+11,1.4057459792e+11,1.2843661550e+11,1.1277109854e+11,4.3323029769e+11,3.0487196720e+11,2.2813940708e+11,1.8953934291e+11,1.6435285667e+11,1.0316351626e+11,7.9385257516e+10,6.7247275097e+10,5.1581758130e+10,4.0945203894e+11,2.8109370846e+11,2.0436114833e+11,1.6576108417e+11,1.4057459792e+11,7.9385257516e+10,5.5606998771e+10,4.3469016352e+10,2.7803499385e+10,3.9731405652e+11,2.6895572604e+11,1.9222316591e+11,1.5362310175e+11,1.2843661550e+11,6.7247275097e+10,4.3469016352e+10,3.1331033933e+10,1.5665516966e+10
201,3000,10,7.7541076967e+11,6.3878321336e+11,5.5920002070e+11,5.2013455800e+11,4.9501394172e+11,4.3540965444e+11,4.1295199205e+11,4.0174576495e+11,3.8770538484e+11,6.3878321336e+11,5.0215565705e+11,4.2257246439e+11,3.8350700169e+11,3.5838638541e+11,2.9878209813e+11,2.7632443574e+11,2.6511820864e+11,2.5107782852e+11,5.5920002070e+11,4.2257246439e+11,3.4298927174e+11,3.0392380904e+11,2.7880319275e+11,2.1919890547e+11,1.9674124308e+11,1.8553501599e+11,1.7149463587e+11,5.2013455800e+11,3.8350700169e+11,3.0392380904e+11,2.6485834634e+11,2.3973773005e+11,1.8013344278e+11,1.5767578038e+11,1.4646955329e+11,1.3242917317e+11,4.9501394172e+11,3.5838638541e+11,2.7880319275e+11,2.3973773005e+11,2.1461711376e+11,1.5501282649e+11,1.3255516410e+11,1.2134893700e+11,1.0730855688e+11,4.3540965444e+11,2.9878209813e+11,2.1919890547e+11,1.8013344278e+11,1.5501282649e+11,9.5408539214e+10,7.2950876822e+10,6.1744649725e+10,4.7704269607e+10,4.1295199205e+11,2.7632443574e+11,1.9674124308e+11,1.5767578038e+11,1.3255516410e+11,7.2950876822e+10,5.0493214429e+10,3.9286987333e+10,2.5246607215e+10,4.0174576495e+11,2.6511820864e+11,1.8553501599e+11,1.4646955329e+11,1.2134893700e+11,6.1744649725e+10,3.9286987333e+10,2.8080760237e+10,1.4040380118e+10
202,3000,20,8.3349616402e+11,6.6346162506e+11,5.7348832161e+11,5.3320970082e+11,5.0864167486e+11,4.5481214687e+11,4.3616000277e+11,4.2728035696e+11,4.1674808201e+11,6.6346162506e+11,4.9342708610e+11,4.0345378265e+11,3.6317516186e+11,3.3860713590e+11,2.8477760791e+11,2.6612546382e+11,2.5724581800e+11,2.4671354305e+11,5.7348832161e+11,4.0345378265e+11,3.1348047920e+11,2.7320185841e+11,2.4863383245e+11,1.9480430446e+11,1.7615216036e+11,1.6727251455e+11,1.5674023960e+11,5.3320970082e+11,3.6317516186e+11,2.7320185841e+11,2.3292323761e+11,2.0835521165e+11,1.5452568366e+11,1.3587353957e+11,1.2699389376e+11,1.1646161881e+11,5.0864167486e+11,3.3860713590e+11,2.4863383245e+11,2.0835521165e+11,1.8378718570e+11,1.2995765770e+11,1.1130551361e+11,1.0242586780e+11,9.1893592848e+10,4.5481214687e+11,2.8477760791e+11,1.9480430446e+11,1.5452568366e+11,1.2995765770e+11,7.6128129712e+10,5.7475985619e+10,4.8596339808e+10,3.8064064856e+10,4.3616000277e+11,2.6612546382e+11,1.7615216036e+11,1.3587353957e+11,1.1130551361e+11,5.7475985619e+10,3.8823841526e+10,2.9944195716e+10,1.9411920763e+10,4.2728035696e+11,2.5724581800e+11,1.6727251455e+11,1.2699389376e+11,1.0242586780e+11,4.8596339808e+10,2.9944195716e+10,2.1064549905e+10,1.0532274952e+10
203,3000,30,9.0105523896e+11,6.8001676515e+11,5.8100101349e+11,5.4267630072e+11,5.2093171161e+11,4.7783633760e+11,4.6406929820e+11,4.5774137551e+11,4.5052761948e+11,6.8001676515e+11,4.5897829133e+11,3.5996253967e+11,3.2163782690e+11,2.9989323780e+11,2.5679786378e+11,2.4303082439e+11,2.3670290169e+11,2.2948914567e+11,5.8100101349e+11,3.5996253967e+11,2.6094678801e+11,2.2262207525e+11,2.0087748614e+11,1.5778211212e+11,1.4401507273e+11,1.3768715004e+11,1.3047339401e+11,5.4267630072e+11,3.2163782690e+11,2.2262207525e+11,1.8429736248e+11,1.6255277337e+11,1.1945739935e+11,1.0569035996e+11,9.9362437266e+10,9.2148681238e+10,5.2093171161e+11,2.9989323780e+11,2.0087748614e+11,1.6255277337e+11,1.4080818426e+11,9.7712810243e+10,8.3945770852e+10,7.7617848158e+10,7.0404092130e+10,4.7783633760e+11,2.5679786378e+11,1.5778211212e+11,1.1945739935e+11,9.7712810243e+10,5.4617436227e+10,4.0850396836e+10,3.4522474141e+10,2.7308718113e+10,4.6406929820e+11,2.4303082439e+11,1.4401507273e+11,1.0569035996e+11,8.3945770852e+10,4.0850396836e+10,2.7083357444e+10,2.0755434750e+10,1.3541678722e+10,4.5774137551e+11,2.3670290169e+11,1.3768715004e+11,9.9362437266e+10,7.7617848158e+10,3.4522474141e+10,2.0755434750e+10,1.4427512056e+10,7.2137560279e+09
204,3000,40,8.4296027585e+11,6.1269403642e+11,5.2221891078e+11,4.9057280712e+11,4.7340058092e+11,4.4126040754e+11,4.3129095468e+11,4.2671142747e+11,4.2148013793e+11,6.1269403642e+11,3.8242779699e+11,2.9195267134e+11,2.6030656769e+11,2.4313434149e+11,2.1099416810e+11,2.0102471524e+11,1.9644518803e+11,1.9121389849e+11,5.2221891078e+11,2.9195267134e+11,2.0147754570e+11,1.6983144204e+11,1.5265921585e+11,1.2051904246e+11,1.1054958960e+11,1.0597006239e+11,1.0073877285e+11,4.9057280712e+11,2.6030656769e+11,1.6983144204e+11,1.3818533839e+11,1.2101311219e+11,8.8872938807e+10,7.8903485947e+10,7.4323958736e+10,6.9092669195e+10,4.7340058092e+11,2.4313434149e+11,1.5265921585e+11,1.2101311219e+11,1.0384088599e+11,7.1700712607e+10,6.1731259747e+10,5.7151732537e+10,5.1920442996e+10,4.4126040754e+11,2.1099416810e+11,1.2051904246e+11,8.8872938807e+10,7.1700712607e+10,3.9560539222e+10,2.9591086362e+10,2.5011559152e+10,1.9780269611e+10,4.3129095468e+11,2.0102471524e+11,1.1054958960e+11,7.8903485947e+10,6.1731259747e+10,2.9591086362e+10,1.9621633502e+10,1.5042106292e+10,9.8108167511e+09,4.2671142747e+11,1.9644518803e+11,1.0597006239e+11,7.4323958736e+10,5.7151732537e+10,2.5011559152e+10,1.5042106292e+10,1.0462579082e+10,5.2312895408e+09
205,3000,50,6.8748769622e+11,4.9445162735e+11,4.2279734368e+11,3.9826747177e+11,3.8493479477e+11,3.5968291584e+11,3.5169387647e+11,3.4799048130e+11,3.4374384811e+11,4.9445162735e+11,3.0141555848e+11,2.2976127481e+11,2.0523140290e+11,1.9189872590e+11,1.6664684697e+11,1.5865780760e+11,1.5495441243e+11,1.5070777924e+11,4.2279734368e+11,2.2976127481e+11,1.5810699115e+11,1.3357711923e+11,1.2024444223e+11,9.4992563307e+10,8.7003523932e+10,8.3300128767e+10,7.9053495575e+10,3.9826747177e+11,2.0523140290e+11,1.3357711923e+11,1.0904724731e+11,9.5714570312e+10,7.0462691388e+10,6.2473652013e+10,5.8770256848e+10,5.4523623656e+10,3.8493479477e+11,1.9189872590e+11,1.2024444223e+11,9.5714570312e+10,8.2381893313e+10,5.7130014389e+10,4.9140975014e+10,4.5437579849e+10,4.1190946656e+10,3.5968291584e+11,1.6664684697e+11,9.4992563307e+10,7.0462691388e+10,5.7130014389e+10,3.1878135464e+10,2.3889096090e+10,2.0185700925e+10,1.5939067732e+10,3.5169387647e+11,1.5865780760e+11,8.7003523932e+10,6.2473652013e+10,4.9140975014e+10,2.3889096090e+10,1.5900056715e+10,1.2196661550e+10,7.9500283573e+09,3.4799048130e+11,1.5495441243e+11,8.3300128767e+10,5.8770256848e+10,4.5437579849e+10,2.0185700925e+10,1.2196661550e+10,8.4932663846e+09,4.2466331923e+09
206,3000,60,5.5601951055e+11,4.0334920292e+11,3.4533576492e+11,3.2490494605e+11,3.1365074316e+11,2.9192922296e+11,2.8496526388e+11,2.8172349330e+11,2.7800975528e+11,4.0334920292e+11,2.5067889529e+11,1.9266545729e+11,1.7223463842e+11,1.6098043553e+11,1.3925891533e+11,1.3229495625e+11,1.2905318567e+11,1.2533944765e+11,3.4533576492e+11,1.9266545729e+11,1.3465201929e+11,1.1422120042e+11,1.0296699753e+11,8.1245477328e+10,7.4281518253e+10,7.1039747667e+10,6.7326009647e+10,3.2490494605e+11,1.7223463842e+11,1.1422120042e+11,9.3790381555e+10,8.2536178663e+10,6.0814658459e+10,5.3850699384e+10,5.0608928797e+10,4.6895190778e+10,3.1365074316e+11,1.6098043553e+11,1.0296699753e+11,8.2536178663e+10,7.1281975771e+10,4.9560455567e+10,4.2596496492e+10,3.9354725906e+10,3.5640987886e+10,2.9192922296e+11,1.3925891533e+11,8.1245477328e+10,6.0814658459e+10,4.9560455567e+10,2.7838935363e+10,2.0874976288e+10,1.7633205702e+10,1.3919467682e+10,2.8496526388e+11,1.3229495625e+11,7.4281518253e+10,5.3850699384e+10,4.2596496492e+10,2.0874976288e+10,1.3911017213e+10,1.0669246626e+10,6.9555086066e+09,2.8172349330e+11,1.2905318567e+11,7.1039747667e+10,5.0608928797e+10,3.9354725906e+10,1.7633205702e+10,1.0669246626e+10,7.4274760399e+09,3.7137380199e+09
207,3000,70,4.9168198470e+11,3.5858068618e+11,3.0696219396e+11,2.8854361026e+11,2.7835349817e+11,2.5857092920e+11,2.5220764304e+11,2.4924330086e+11,2.4584099235e+11,3.5858068618e+11,2.2547938766e+11,1.7386089544e+11,1.5544231174e+11,1.4525219965e+11,1.2546963069e+11,1.1910634452e+11,1.1614200235e+11,1.1273969383e+11,3.0696219396e+11,1.7386089544e+11,1.2224240322e+11,1.0382381952e+11,9.3633707431e+10,7.3851138468e+10,6.7487852301e+10,6.4523510128e+10,6.1121201612e+10,2.8854361026e+11,1.5544231174e+11,1.0382381952e+11,8.5405235821e+10,7.5215123730e+10,5.5432554767e+10,4.9069268600e+10,4.6104926426e+10,4.2702617910e+10,2.7835349817e+11,1.4525219965e+11,9.3633707431e+10,7.5215123730e+10,6.5025011638e+10,4.5242442675e+10,3.8879156509e+10,3.5914814335e+10,3.2512505819e+10,2.5857092920e+11,1.2546963069e+11,7.3851138468e+10,5.5432554767e+10,4.5242442675e+10,2.5459873712e+10,1.9096587545e+10,1.6132245372e+10,1.2729936856e+10,2.5220764304e+11,1.1910634452e+11,6.7487852301e+10,4.9069268600e+10,3.8879156509e+10,1.9096587545e+10,1.2733301379e+10,9.7689592050e+09,6.3666506893e+09,2.4924330086e+11,1.1614200235e+11,6.4523510128e+10,4.6104926426e+10,3.5914814335e+10,1.6132245372e+10,9.7689592050e+09,6.8046170315e+09,3.4023085157e+09
208,3000,80,4.6164416574e+11,3.3731573848e+11,2.8875686910e+11,2.7134636012e+11,2.6169809813e+11,2.4292456757e+11,2.3687809294e+11,2.3406006973e+11,2.3082208287e+11,3.3731573848e+11,2.1298731122e+11,1.6442844184e+11,1.4701793286e+11,1.3736967087e+11,1.1859614031e+11,1.1254966568e+11,1.0973164247e+11,1.0649365561e+11,2.8875686910e+11,1.6442844184e+11,1.1586957245e+11,9.8459063474e+10,8.8810801492e+10,7.0037270928e+10,6.3990796299e+10,6.1172773092e+10,5.7934786227e+10,2.7134636012e+11,1.4701793286e+11,9.8459063474e+10,8.1048554494e+10,7.1400292512e+10,5.2626761948e+10,4.6580287318e+10,4.3762264112e+10,4.0524277247e+10,2.6169809813e+11,1.3736967087e+11,8.8810801492e+10,7.1400292512e+10,6.1752030529e+10,4.2978499966e+10,3.6932025336e+10,3.4114002129e+10,3.0876015265e+10,2.4292456757e+11,1.1859614031e+11,7.0037270928e+10,5.2626761948e+10,4.2978499966e+10,2.4204969402e+10,1.8158494772e+10,1.5340471566e+10,1.2102484701e+10,2.3687809294e+11,1.1254966568e+11,6.3990796299e+10,4.6580287318e+10,3.6932025336e+10,1.8158494772e+10,1.2112020142e+10,9.2939969358e+09,6.0560100712e+09,2.3406006973e+11,1.0973164247e+11,6.1172773092e+10,4.3762264112e+10,3.4114002129e+10,1.5340471566e+10,9.2939969358e+09,6.4759737291e+09,3.2379868645e+09
209,3000,90,4.5297602645e+11,3.3111120328e+11,2.8344599780e+11,2.6633858140e+11,2.5685522417e+11,2.3839388419e+11,2.3244645142e+11,2.2967429015e+11,2.2648801322e+11,3.3111120328e+11,2.0924638011e+11,1.6158117463e+11,1.4447375823e+11,1.3499040100e+11,1.1652906102e+11,1.1058162825e+11,1.0780946698e+11,1.0462319005e+11,2.8344599780e+11,1.6158117463e+11,1.1391596915e+11,9.6808552748e+10,8.7325195516e+10,6.8863855543e+10,6.2916422769e+10,6.0144261500e+10,5.6957984573e+10,2.6633858140e+11,1.4447375823e+11,9.6808552748e+10,7.9701136350e+10,7.0217779118e+10,5.1756439145e+10,4.5809006371e+10,4.3036845102e+10,3.9850568175e+10,2.5685522417e+11,1.3499040100e+11,8.7325195516e+10,7.0217779118e+10,6.0734421886e+10,4.2273081912e+10,3.6325649138e+10,3.3553487870e+10,3.0367210943e+10,2.3839388419e+11,1.1652906102e+11,6.8863855543e+10,5.1756439145e+10,4.2273081912e+10,2.3811741939e+10,1.7864309165e+10,1.5092147897e+10,1.1905870970e+10,2.3244645142e+11,1.1058162825e+11,6.2916422769e+10,4.5809006371e+10,3.6325649138e+10,1.7864309165e+10,1.1916876391e+10,9.1447151227e+09,5.9584381956e+09,2.2967429015e+11,1.0780946698e+11,6.0144261500e+10,4.3036845102e+10,3.3553487870e+10,1.5092147897e+10,9.1447151227e+09,6.3725538544e+09,3.1862769272e+09
210,4000,0,2.8363427415e+12,2.1992291422e+12,1.8658889907e+12,1.7248683048e+12,1.6441432966e+12,1.4905799570e+12,1.4484695474e+12,1.4318521388e+12,1.4181713707e+12,2.1992291422e+12,1.5621155430e+12,1.2287753914e+12,1.0877547056e+12,1.0070296973e+12,8.5346635773e+11,8.1135594818e+11,7.9473853951e+11,7.8105777150e+11,1.8658889907e+12,1.2287753914e+12,8.9543523988e+11,7.5441455401e+11,6.7368954578e+11,5.2012620618e+11,4.7801579662e+11,4.6139838796e+11,4.4771761994e+11,1.7248683048e+12,1.0877547056e+12,7.5441455401e+11,6.1339386814e+11,5.3266885991e+11,3.7910552030e+11,3.3699511075e+11,3.2037770209e+11,3.0669693407e+11,1.6441432966e+12,1.0070296973e+12,6.7368954578e+11,5.3266885991e+11,4.5194385168e+11,2.9838051208e+11,2.5627010252e+11,2.3965269386e+11,2.2597192584e+11,1.4905799570e+12,8.5346635773e+11,5.2012620618e+11,3.7910552030e+11,2.9838051208e+11,1.4481717247e+11,1.0270676291e+11,8.6089354251e+10,7.2408586235e+10,1.4484695474e+12,8.1135594818e+11,4.7801579662e+11,3.3699511075e+11,2.5627010252e+11,1.0270676291e+11,6.0596353355e+10,4.3978944693e+10,3.0298176677e+10,1.4318521388e+12,7.9473853951e+11,4.6139838796e+11,3.2037770209e+11,2.3965269386e+11,8.6089354251e+10,4.3978944693e+10,2.7361536031e+10,1.3680768016e+10
211,4000,10,2.8029891847e+12,2.1531192512e+12,1.8215138678e+12,1.6849321857e+12,1.6080537836e+12,1.4659131405e+12,1.4281218202e+12,1.4134341431e+12,1.4014945924e+12,2.1531192512e+12,1.5032493176e+12,1.1716439342e+12,1.0350622521e+12,9.5818385000e+11,8.1604320695e+11,7.7825188665e+11,7.6356420950e+11,7.5162465878e+11,1.8215138678e+12,1.1716439342e+12,8.4003855077e+11,7.0345686867e+11,6.2657846660e+11,4.8443782355e+11,4.4664650326e+11,4.3195882610e+11,4.2001927538e+11,1.6849321857e+12,1.0350622521e+12,7.0345686867e+11,5.6687518657e+11,4.8999678450e+11,3.4785614145e+11,3.1006482116e+11,2.9537714400e+11,2.8343759328e+11,1.6080537836e+12,9.5818385000e+11,6.2657846660e+11,4.8999678450e+11,4.1311838244e+11,2.7097773939e+11,2.3318641909e+11,2.1849874193e+11,2.0655919122e+11,1.4659131405e+12,8.1604320695e+11,4.8443782355e+11,3.4785614145e+11,2.7097773939e+11,1.2883709634e+11,9.1045776043e+10,7.6358098886e+10,6.4418548170e+10,1.4281218202e+12,7.7825188665e+11,4.4664650326e+11,3.1006482116e+11,2.3318641909e+11,9.1045776043e+10,5.3254455746e+10,3.8566778589e+10,2.6627227873e+10,1.4134341431e+12,7.6356420950e+11,4.3195882610e+11,2.9537714400e+11,2.1849874193e+11,7.6358098886e+10,3.8566778589e+10,2.3879101432e+10,1.1939550716e+10
212,4000,20,2.7712809349e+12,2.0658093004e+12,1.7372474459e+12,1.6133164126e+12,1.5468389952e+12,1.4329303088e+12,1.4047341264e+12,1.3940873314e+12,1.3856404674e+12,2.0658093004e+12,1.3603376659e+12,1.0317758115e+12,9.0784477810e+11,8.4136736072e+11,7.2745867437e+11,6.9926249194e+11,6.8861569696e+11,6.8016883297e+11,1.7372474459e+12,1.0317758115e+12,7.0321395702e+11,5.7928292365e+11,5.1280550627e+11,3.9889681992e+11,3.7070063749e+11,3.6005384251e+11,3.5160697851e+11,1.6133164126e+12,9.0784477810e+11,5.7928292365e+11,4.5535189027e+11,3.8887447289e+11,2.7496578654e+11,2.4676960411e+11,2.3612280914e+11,2.2767594514e+11,1.5468389952e+12,8.4136736072e+11,5.1280550627e+11,3.8887447289e+11,3.2239705551e+11,2.0848836916e+11,1.8029218673e+11,1.6964539175e+11,1.6119852776e+11,1.4329303088e+12,7.2745867437e+11,3.9889681992e+11,2.7496578654e+11,2.0848836916e+11,9.4579682816e+10,6.6383500384e+10,5.5736705406e+10,4.7289841408e+10,1.4047341264e+12,6.9926249194e+11,3.7070063749e+11,2.4676960411e+11,1.8029218673e+11,6.6383500384e+10,3.8187317952e+10,2.7540522974e+10,1.9093658976e+10,1.3940873314e+12,6.8861569696e+11,3.6005384251e+11,2.3612280914e+11,1.6964539175e+11,5.5736705406e+10,2.7540522974e+10,1.6893727997e+10,8.4468639984e+09
213,4000,30,2.6407315430e+12,1.8949765025e+12,1.5908448714e+12,1.4880244710e+12,1.4355937503e+12,1.3523962144e+12,1.3330810322e+12,1.3259398915e+12,1.3203657715e+12,1.8949765025e+12,1.1492214619e+12,8.4508983084e+11,7.4226943049e+11,6.8983870976e+11,6.0664117391e+11,5.8732599166e+11,5.8018485096e+11,5.7461073097e+11,1.5908448714e+12,8.4508983084e+11,5.4095819976e+11,4.3813779940e+11,3.8570707868e+11,3.0250954283e+11,2.8319436057e+11,2.7605321987e+11,2.7047909988e+11,1.4880244710e+12,7.4226943049e+11,4.3813779940e+11,3.3531739904e+11,2.8288667832e+11,1.9968914247e+11,1.8037396021e+11,1.7323281951e+11,1.6765869952e+11,1.4355937503e+12,6.8983870976e+11,3.8570707868e+11,2.8288667832e+11,2.3045595759e+11,1.4725842174e+11,1.2794323949e+11,1.2080209879e+11,1.1522797880e+11,1.3523962144e+12,6.0664117391e+11,3.0250954283e+11,1.9968914247e+11,1.4725842174e+11,6.4060885895e+10,4.4745703636e+10,3.7604562940e+10,3.2030442948e+10,1.3330810322e+12,5.8732599166e+11,2.8319436057e+11,1.8037396021e+11,1.2794323949e+11,4.4745703636e+10,2.5430521377e+10,1.8289380680e+10,1.2715260688e+10,1.3259398915e+12,5.8018485096e+11,2.7605321987e+11,1.7323281951e+11,1.2080209879e+11,3.7604562940e+10,1.8289380680e+10,1.1148239984e+10,5.5741199921e+09
214,4000,40,2.2484347519e+12,1.5768967480e+12,1.3272277523e+12,1.2479872113e+12,1.2084897531e+12,1.1475323830e+12,1.1335020807e+12,1.1282890448e+12,1.1242173760e+12,1.5768967480e+12,9.0535874412e+11,6.5568974842e+11,5.7644920741e+11,5.3695174917e+11,4.7599437907e+11,4.6196407676e+11,4.5675104089e+11,4.5267937206e+11,1.3272277523e+12,6.5568974842e+11,4.0602075272e+11,3.2678021171e+11,2.8728275346e+11,2.2632538337e+11,2.1229508106e+11,2.0708204519e+11,2.0301037636e+11,1.2479872113e+12,5.7644920741e+11,3.2678021171e+11,2.4753967069e+11,2.0804221245e+11,1.4708484236e+11,1.3305454005e+11,1.2784150418e+11,1.2376983535e+11,1.2084897531e+12,5.3695174917e+11,2.8728275346e+11,2.0804221245e+11,1.6854475421e+11,1.0758738412e+11,9.3557081808e+10,8.8344045938e+10,8.4272377105e+10,1.1475323830e+12,4.7599437907e+11,2.2632538337e+11,1.4708484236e+11,1.0758738412e+11,4.6630014027e+10,3.2599711717e+10,2.7386675847e+10,2.3315007014e+10,1.1335020807e+12,4.6196407676e+11,2.1229508106e+11,1.3305454005e+11,9.3557081808e+10,3.2599711717e+10,1.8569409406e+10,1.3356373537e+10,9.2847047030e+09,1.1282890448e+12,4.5675104089e+11,2.0708204519e+11,1.2784150418e+11,8.8344045938e+10,2.7386675847e+10,1.3356373537e+10,8.1433376675e+09,4.0716688337e+09
215,4000,50,1.7547206011e+12,1.2292153125e+12,1.0373524145e+12,9.7595043584e+11,9.4503558767e+11,8.9638246065e+11,8.8496715050e+11,8.8069606075e+11,8.7736030057e+11,1.2292153125e+12,7.0371002391e+11,5.1184712591e+11,4.5044514723e+11,4.1953029906e+11,3.7087717203e+11,3.5946186189e+11,3.5519077214e+11,3.5185501195e+11,1.0373524145e+12,5.1184712591e+11,3.1998422792e+11,2.5858224923e+11,2.2766740107e+11,1.7901427404e+11,1.6759896390e+11,1.6332787415e+11,1.5999211396e+11,9.7595043584e+11,4.5044514723e+11,2.5858224923e+11,1.9718027054e+11,1.6626542238e+11,1.1761229535e+11,1.0619698521e+11,1.0192589546e+11,9.8590135272e+10,9.4503558767e+11,4.1953029906e+11,2.2766740107e+11,1.6626542238e+11,1.3535057421e+11,8.6697447187e+10,7.5282137043e+10,7.1011047295e+10,6.7675287107e+10,8.9638246065e+11,3.7087717203e+11,1.7901427404e+11,1.1761229535e+11,8.6697447187e+10,3.8044320160e+10,2.6629010016e+10,2.2357920268e+10,1.9022160080e+10,8.8496715050e+11,3.5946186189e+11,1.6759896390e+11,1.0619698521e+11,7.5282137043e+10,2.6629010016e+10,1.5213699872e+10,1.0942610124e+10,7.6068499360e+09,8.8069606075e+11,3.5519077214e+11,1.6332787415e+11,1.0192589546e+11,7.1011047295e+10,2.2357920268e+10,1.0942610124e+10,6.6715203761e+09,3.3357601880e+09
216,4000,60,1.4492765681e+12,1.0225580096e+12,8.6238416071e+11,8.1007979472e+11,7.8354626892e+11,7.4132622381e+11,7.3132683369e+11,7.2757082648e+11,7.2463828403e+11,1.0225580096e+12,5.9583945106e+11,4.3566560222e+11,3.8336123622e+11,3.5682771043e+11,3.1460766532e+11,3.0460827519e+11,3.0085226798e+11,2.9791972553e+11,8.6238416071e+11,4.3566560222e+11,2.7549175337e+11,2.2318738738e+11,1.9665386158e+11,1.5443381647e+11,1.4443442635e+11,1.4067841914e+11,1.3774587669e+11,8.1007979472e+11,3.8336123622e+11,2.2318738738e+11,1.7088302138e+11,1.4434949558e+11,1.0212945048e+11,9.2130060350e+10,8.8374053142e+10,8.5441510690e+10,7.8354626892e+11,3.5682771043e+11,1.9665386158e+11,1.4434949558e+11,1.1781596979e+11,7.5595924681e+10,6.5596534555e+10,6.1840527346e+10,5.8907984895e+10,7.4132622381e+11,3.1460766532e+11,1.5443381647e+11,1.0212945048e+11,7.5595924681e+10,3.3375879574e+10,2.3376489447e+10,1.9620482239e+10,1.6687939787e+10,7.3132683369e+11,3.0460827519e+11,1.4443442635e+11,9.2130060350e+10,6.5596534555e+10,2.3376489447e+10,1.3377099321e+10,9.6210921122e+09,6.6885496603e+09,7.2757082648e+11,3.0085226798e+11,1.4067841914e+11,8.8374053142e+10,6.1840527346e+10,1.9620482239e+10,9.6210921122e+09,5.8650849038e+09,2.9325424519e+09
217,4000,70,1.2978051030e+12,9.1838304021e+11,7.7420488520e+11,7.2678042274e+11,7.0266406580e+11,6.6415928859e+11,6.5502207813e+11,6.5158953850e+11,6.4890255151e+11,9.1838304021e+11,5.3896097740e+11,3.9478282240e+11,3.4735835993e+11,3.2324200300e+11,2.8473722578e+11,2.7560001532e+11,2.7216747570e+11,2.6948048870e+11,7.7420488520e+11,3.9478282240e+11,2.5060466739e+11,2.0318020493e+11,1.7906384800e+11,1.4055907078e+11,1.3142186032e+11,1.2798932069e+11,1.2530233370e+11,7.2678042274e+11,3.4735835993e+11,2.0318020493e+11,1.5575574246e+11,1.3163938553e+11,9.3134608315e+10,8.3997397855e+10,8.0564858227e+10,7.7877871230e+10,7.0266406580e+11,3.2324200300e+11,1.7906384800e+11,1.3163938553e+11,1.0752302860e+11,6.9018251384e+10,5.9881040924e+10,5.6448501296e+10,5.3761514299e+10,6.6415928859e+11,2.8473722578e+11,1.4055907078e+11,9.3134608315e+10,6.9018251384e+10,3.0513474169e+10,2.1376263709e+10,1.7943724081e+10,1.5256737084e+10,6.5502207813e+11,2.7560001532e+11,1.3142186032e+11,8.3997397855e+10,5.9881040924e+10,2.1376263709e+10,1.2239053250e+10,8.8065136217e+09,6.1195266248e+09,6.5158953850e+11,2.7216747570e+11,1.2798932069e+11,8.0564858227e+10,5.6448501296e+10,1.7943724081e+10,8.8065136217e+09,5.3739739938e+09,2.6869869969e+09
218,4000,80,1.2228831998e+12,8.6629892999e+11,7.3021419441e+11,6.8532567432e+11,6.6247583429e+11,6.2593845463e+11,6.1725916665e+11,6.1399769073e+11,6.1144159989e+11,8.6629892999e+11,5.0971466021e+11,3.7362992463e+11,3.2874140454e+11,3.0589156450e+11,2.6935418485e+11,2.6067489687e+11,2.5741342095e+11,2.5485733010e+11,7.3021419441e+11,3.7362992463e+11,2.3754518905e+11,1.9265666896e+11,1.6980682893e+11,1.3326944927e+11,1.2459016129e+11,1.2132868537e+11,1.1877259453e+11,6.8532567432e+11,3.2874140454e+11,1.9265666896e+11,1.4776814887e+11,1.2491830883e+11,8.8380929181e+10,7.9701641196e+10,7.6440165281e+10,7.3884074433e+10,6.6247583429e+11,3.0589156450e+11,1.6980682893e+11,1.2491830883e+11,1.0206846880e+11,6.5531089148e+10,5.6851801163e+10,5.3590325248e+10,5.1034234400e+10,6.2593845463e+11,2.6935418485e+11,1.3326944927e+11,8.8380929181e+10,6.5531089148e+10,2.8993709495e+10,2.0314421510e+10,1.7052945595e+10,1.4496854748e+10,6.1725916665e+11,2.6067489687e+11,1.2459016129e+11,7.9701641196e+10,5.6851801163e+10,2.0314421510e+10,1.1635133526e+10,8.3736576105e+09,5.8175667628e+09,6.1399769073e+11,2.5741342095e+11,1.2132868537e+11,7.6440165281e+10,5.3590325248e+10,1.7052945595e+10,8.3736576105e+09,5.1121816954e+09,2.5560908477e+09
219,4000,90,1.2002288590e+12,8.5047110709e+11,7.1684924227e+11,6.7274494647e+11,6.5028977337e+11,6.1437152350e+11,6.0583680603e+11,6.0262918376e+11,6.0011442949e+11,8.5047110709e+11,5.0071335520e+11,3.6709149038e+11,3.2298719458e+11,3.0053202148e+11,2.6461377161e+11,2.5607905414e+11,2.5287143187e+11,2.5035667760e+11,7.1684924227e+11,3.6709149038e+11,2.3346962555e+11,1.8936532976e+11,1.6691015666e+11,1.3099190679e+11,1.2245718932e+11,1.1924956705e+11,1.1673481278e+11,6.7274494647e+11,3.2298719458e+11,1.8936532976e+11,1.4526103396e+11,1.2280586086e+11,8.6887610997e+10,7.8352893525e+10,7.5145271251e+10,7.2630516982e+10,6.5028977337e+11,3.0053202148e+11,1.6691015666e+11,1.2280586086e+11,1.0035068776e+11,6.4432437893e+10,5.5897720421e+10,5.2690098147e+10,5.0175343878e+10,6.1437152350e+11,2.6461377161e+11,1.3099190679e+11,8.6887610997e+10,6.4432437893e+10,2.8514188030e+10,1.9979470558e+10,1.6771848283e+10,1.4257094015e+10,6.0583680603e+11,2.5607905414e+11,1.2245718932e+11,7.8352893525e+10,5.5897720421e+10,1.9979470558e+10,1.1444753085e+10,8.2371308111e+09,5.7223765426e+09,6.0262918376e+11,2.5287143187e+11,1.1924956705e+11,7.5145271251e+10,5.2690098147e+10,1.6771848283e+10,8.2371308111e+09,5.0295085370e+09,2.5147542685e+09
220,5000,0,8.3507999044e+12,6.0557901422e+12,5.0188659940e+12,4.6602480187e+12,4.4839813909e+12,4.2388833555e+12,4.1962112465e+12,4.1832212898e+12,4.1753999522e+12,6.0557901422e+12,3.7607803800e+12,2.7238562317e+12,2.3652382565e+12,2.1889716287e+12,1.9438735933e+12,1.9012014843e+12,1.8882115276e+12,1.8803901900e+12,5.0188659940e+12,2.7238562317e+12,1.6869320835e+12,1.3283141083e+12,1.1520474805e+12,9.0694944506e+11,8.6427733609e+11,8.5128737938e+11,8.4346604175e+11,4.6602480187e+12,2.3652382565e+12,1.3283141083e+12,9.6969613307e+11,7.9342950523e+11,5.4833146985e+11,5.0565936087e+11,4.9266940417e+11,4.8484806654e+11,4.4839813909e+12,2.1889716287e+12,1.1520474805e+12,7.9342950523e+11,6.1716287740e+11,3.7206484201e+11,3.2939273303e+11,3.1640277633e+11,3.0858143870e+11,4.2388833555e+12,1.9438735933e+12,9.0694944506e+11,5.4833146985e+11,3.7206484201e+11,1.2696680662e+11,8.4294697645e+10,7.1304740940e+10,6.3483403310e+10,4.1962112465e+12,1.9012014843e+12,8.6427733609e+11,5.0565936087e+11,3.2939273303e+11,8.4294697645e+10,4.1622588670e+10,2.8632631965e+10,2.0811294335e+10,4.1832212898e+12,1.8882115276e+12,8.5128737938e+11,4.9266940417e+11,3.1640277633e+11,7.1304740940e+10,2.8632631965e+10,1.5642675259e+10,7.8213376295e+09
221,5000,10,8.1536894662e+12,5.8615965670e+12,4.8543694019e+12,4.5163584016e+12,4.3529124535e+12,4.1322018635e+12,4.0948848000e+12,4.0836236236e+12,4.0768447331e+12,5.8615965670e+12,3.5695036677e+12,2.5622765027e+12,2.2242655024e+12,2.0608195543e+12,1.8401089643e+12,1.8027919008e+12,1.7915307244e+12,1.7847518339e+12,4.8543694019e+12,2.5622765027e+12,1.5550493376e+12,1.2170383373e+12,1.0535923892e+12,8.3288179924e+11,7.9556473570e+11,7.8430355934e+11,7.7752466879e+11,4.5163584016e+12,2.2242655024e+12,1.2170383373e+12,8.7902733705e+11,7.1558138892e+11,4.9487079898e+11,4.5755373543e+11,4.4629255908e+11,4.3951366852e+11,4.3529124535e+12,2.0608195543e+12,1.0535923892e+12,7.1558138892e+11,5.5213544080e+11,3.3142485085e+11,2.9410778731e+11,2.8284661095e+11,2.7606772040e+11,4.1322018635e+12,1.8401089643e+12,8.3288179924e+11,4.9487079898e+11,3.3142485085e+11,1.1071426091e+11,7.3397197365e+10,6.2136021006e+10,5.5357130453e+10,4.0948848000e+12,1.8027919008e+12,7.9556473570e+11,4.5755373543e+11,2.9410778731e+11,7.3397197365e+10,3.6080133823e+10,2.4818957464e+10,1.8040066912e+10,4.0836236236e+12,1.7915307244e+12,7.8430355934e+11,4.4629255908e+11,2.8284661095e+11,6.2136021006e+10,2.4818957464e+10,1.3557781105e+10,6.7788905524e+09
222,5000,20,7.5918200162e+12,5.3316119378e+12,4.4173807045e+12,4.1337330047e+12,4.0016670641e+12,3.8347906133e+12,3.8083719469e+12,3.8005683712e+12,3.7959100081e+12,5.3316119378e+12,3.0714038595e+12,2.1571726262e+12,1.8735249263e+12,1.7414589858e+12,1.5745825349e+12,1.5481638685e+12,1.5403602929e+12,1.5357019297e+12,4.4173807045e+12,2.1571726262e+12,1.2429413929e+12,9.5929369305e+11,8.2722775248e+11,6.6035130167e+11,6.3393263526e+11,6.2612905958e+11,6.2147069647e+11,4.1337330047e+12,1.8735249263e+12,9.5929369305e+11,6.7564599316e+11,5.4358005260e+11,3.7670360178e+11,3.5028493537e+11,3.4248135969e+11,3.3782299658e+11,4.0016670641e+12,1.7414589858e+12,8.2722775248e+11,5.4358005260e+11,4.1151411204e+11,2.4463766122e+11,2.1821899481e+11,2.1041541913e+11,2.0575705602e+11,3.8347906133e+12,1.5745825349e+12,6.6035130167e+11,3.7670360178e+11,2.4463766122e+11,7.7761210403e+10,5.1342543991e+10,4.3538968313e+10,3.8880605202e+10,3.8083719469e+12,1.5481638685e+12,6.3393263526e+11,3.5028493537e+11,2.1821899481e+11,5.1342543991e+10,2.4923877580e+10,1.7120301901e+10,1.2461938790e+10,3.8005683712e+12,1.5403602929e+12,6.2612905958e+11,3.4248135969e+11,2.1041541913e+11,4.3538968313e+10,1.7120301901e+10,9.3167262230e+09,4.6583631115e+09
223,5000,30,6.4786780992e+12,4.4402860245e+12,3.6928418660e+12,3.4779357178e+12,3.3810022872e+12,3.2649305536e+12,3.2474631204e+12,3.2423672206e+12,3.2393390496e+12,4.4402860245e+12,2.4018939499e+12,1.6544497913e+12,1.4395436431e+12,1.3426102125e+12,1.2265384790e+12,1.2090710457e+12,1.2039751460e+12,1.2009469749e+12,3.6928418660e+12,1.6544497913e+12,9.0700563277e+11,6.9209948457e+11,5.9516605398e+11,4.7909432042e+11,4.6162688715e+11,4.5653098741e+11,4.5350281638e+11,3.4779357178e+12,1.4395436431e+12,6.9209948457e+11,4.7719333637e+11,3.8025990578e+11,2.6418817222e+11,2.4672073895e+11,2.4162483921e+11,2.3859666818e+11,3.3810022872e+12,1.3426102125e+12,5.9516605398e+11,3.8025990578e+11,2.8332647520e+11,1.6725474163e+11,1.4978730837e+11,1.4469140863e+11,1.4166323760e+11,3.2649305536e+12,1.2265384790e+12,4.7909432042e+11,2.6418817222e+11,1.6725474163e+11,5.1183008065e+10,3.3715574799e+10,2.8619675063e+10,2.5591504033e+10,3.2474631204e+12,1.2090710457e+12,4.6162688715e+11,2.4672073895e+11,1.4978730837e+11,3.3715574799e+10,1.6248141533e+10,1.1152241797e+10,8.1240707667e+09,3.2423672206e+12,1.2039751460e+12,4.5653098741e+11,2.4162483921e+11,1.4469140863e+11,2.8619675063e+10,1.1152241797e+10,6.0563420614e+09,3.0281710307e+09
224,5000,40,5.0702874156e+12,3.4343526035e+12,2.8674685388e+12,2.7092700262e+12,2.6383976480e+12,2.5539498336e+12,2.5411507498e+12,2.5373796370e+12,2.5351437078e+12,3.4343526035e+12,1.7984177914e+12,1.2315337267e+12,1.0733352141e+12,1.0024628359e+12,9.1801502154e+11,9.0521593773e+11,9.0144482495e+11,8.9920889571e+11,2.8674685388e+12,1.2315337267e+12,6.6464966205e+11,5.0645114946e+11,4.3557877120e+11,3.5113095685e+11,3.3833187304e+11,3.3456076027e+11,3.3232483102e+11,2.7092700262e+12,1.0733352141e+12,5.0645114946e+11,3.4825263687e+11,2.7738025861e+11,1.9293244427e+11,1.8013336046e+11,1.7636224768e+11,1.7412631844e+11,2.6383976480e+12,1.0024628359e+12,4.3557877120e+11,2.7738025861e+11,2.0650788035e+11,1.2206006600e+11,1.0926098219e+11,1.0548986942e+11,1.0325394017e+11,2.5539498336e+12,9.1801502154e+11,3.5113095685e+11,1.9293244427e+11,1.2206006600e+11,3.7612251658e+10,2.4813167849e+10,2.1042055071e+10,1.8806125829e+10,2.5411507498e+12,9.0521593773e+11,3.3833187304e+11,1.8013336046e+11,1.0926098219e+11,2.4813167849e+10,1.2014084040e+10,8.2429712625e+09,6.0070420202e+09,2.5373796370e+12,9.0144482495e+11,3.3456076027e+11,1.7636224768e+11,1.0548986942e+11,2.1042055071e+10,8.2429712625e+09,4.4718584846e+09,2.2359292423e+09
225,5000,50,3.9330899595e+12,2.6712231344e+12,2.2312125994e+12,2.1064644556e+12,2.0501297493e+12,1.9820092951e+12,1.9715117108e+12,1.9683911964e+12,1.9665449798e+12,2.6712231344e+12,1.4093563092e+12,9.6934577422e+11,8.4459763048e+11,7.8826292414e+11,7.2014246998e+11,7.0964488570e+11,7.0652437127e+11,7.0467815461e+11,2.2312125994e+12,9.6934577422e+11,5.2933523921e+11,4.0458709548e+11,3.4825238914e+11,2.8013193498e+11,2.6963435069e+11,2.6651383626e+11,2.6466761960e+11,2.1064644556e+12,8.4459763048e+11,4.0458709548e+11,2.7983895174e+11,2.2350424540e+11,1.5538379124e+11,1.4488620696e+11,1.4176569253e+11,1.3991947587e+11,2.0501297493e+12,7.8826292414e+11,3.4825238914e+11,2.2350424540e+11,1.6716953907e+11,9.9049084906e+10,8.8551500623e+10,8.5430986190e+10,8.3584769533e+10,1.9820092951e+12,7.2014246998e+11,2.8013193498e+11,1.5538379124e+11,9.9049084906e+10,3.0928630746e+10,2.0431046463e+10,1.7310532030e+10,1.5464315373e+10,1.9715117108e+12,7.0964488570e+11,2.6963435069e+11,1.4488620696e+11,8.8551500623e+10,2.0431046463e+10,9.9334621798e+09,6.8129477472e+09,4.9667310899e+09,1.9683911964e+12,7.0652437127e+11,2.6651383626e+11,1.4176569253e+11,8.5430986190e+10,1.7310532030e+10,6.8129477472e+09,3.6924333146e+09,1.8462166573e+09
226,5000,60,3.3216681368e+12,2.2655029134e+12,1.8901596992e+12,1.7825560818e+12,1.7337823866e+12,1.6744371429e+12,1.6652189702e+12,1.6624655782e+12,1.6608340684e+12,2.2655029134e+12,1.2093376900e+12,8.3399447576e+11,7.2639085842e+11,6.7761716324e+11,6.1827191951e+11,6.0905374683e+11,6.0630035481e+11,6.0466884502e+11,1.8901596992e+12,8.3399447576e+11,4.5865126149e+11,3.5104764415e+11,3.0227394897e+11,2.4292870524e+11,2.3371053256e+11,2.3095714054e+11,2.2932563075e+11,1.7825560818e+12,7.2639085842e+11,3.5104764415e+11,2.4344402681e+11,1.9467033163e+11,1.3532508790e+11,1.2610691522e+11,1.2335352319e+11,1.2172201341e+11,1.7337823866e+12,6.7761716324e+11,3.0227394897e+11,1.9467033163e+11,1.4589663644e+11,8.6551392717e+10,7.7333220039e+10,7.4579828011e+10,7.2948318222e+10,1.6744371429e+12,6.1827191951e+11,2.4292870524e+11,1.3532508790e+11,8.6551392717e+10,2.7206148990e+10,1.7987976312e+10,1.5234584283e+10,1.3603074495e+10,1.6652189702e+12,6.0905374683e+11,2.3371053256e+11,1.2610691522e+11,7.7333220039e+10,1.7987976312e+10,8.7698036345e+09,6.0164116056e+09,4.3849018172e+09,1.6624655782e+12,6.0630035481e+11,2.3095714054e+11,1.2335352319e+11,7.4579828011e+10,1.5234584283e+10,6.0164116056e+09,3.2630195768e+09,1.6315097884e+09
227,5000,70,3.0008209894e+12,2.0498181108e+12,1.7094940172e+12,1.6115331166e+12,1.5670702075e+12,1.5128547506e+12,1.5044237566e+12,1.5019075179e+12,1.5004104947e+12,2.0498181108e+12,1.0988152323e+12,7.5849113861e+11,6.6053023801e+11,6.1606732890e+11,5.6185187202e+11,5.5342087804e+11,5.5090463930e+11,5.4940761613e+11,1.7094940172e+12,7.5849113861e+11,4.1816704497e+11,3.2020614437e+11,2.7574323526e+11,2.2152777838e+11,2.1309678439e+11,2.1058054565e+11,2.0908352249e+11,1.6115331166e+12,6.6053023801e+11,3.2020614437e+11,2.2224524376e+11,1.7778233465e+11,1.2356687778e+11,1.1513588379e+11,1.1261964505e+11,1.1112262188e+11,1.5670702075e+12,6.1606732890e+11,2.7574323526e+11,1.7778233465e+11,1.3331942554e+11,7.9103968669e+10,7.0672974681e+10,6.8156735940e+10,6.6659712772e+10,1.5128547506e+12,5.6185187202e+11,2.2152777838e+11,1.2356687778e+11,7.9103968669e+10,2.4888511794e+10,1.6457517806e+10,1.3941279065e+10,1.2444255897e+10,1.5044237566e+12,5.5342087804e+11,2.1309678439e+11,1.1513588379e+11,7.0672974681e+10,1.6457517806e+10,8.0265238173e+09,5.5102850771e+09,4.0132619086e+09,1.5019075179e+12,5.5090463930e+11,2.1058054565e+11,1.1261964505e+11,6.8156735940e+10,1.3941279065e+10,5.5102850771e+09,2.9940463368e+09,1.4970231684e+09
228,5000,80,2.8372634438e+12,1.9393755162e+12,1.6171355186e+12,1.5242052294e+12,1.4819974161e+12,1.4304727730e+12,1.4224525441e+12,1.4200584509e+12,1.4186317219e+12,1.9393755162e+12,1.0414875885e+12,7.1924759097e+11,6.2631730177e+11,5.8410948851e+11,5.3258484539e+11,5.2456461652e+11,5.2217052330e+11,5.2074379427e+11,1.6171355186e+12,7.1924759097e+11,3.9700759340e+11,3.0407730420e+11,2.6186949094e+11,2.1034484782e+11,2.0232461896e+11,1.9993052573e+11,1.9850379670e+11,1.5242052294e+12,6.2631730177e+11,3.0407730420e+11,2.1114701500e+11,1.6893920174e+11,1.1741455862e+11,1.0939432975e+11,1.0700023653e+11,1.0557350750e+11,1.4819974161e+12,5.8410948851e+11,2.6186949094e+11,1.6893920174e+11,1.2673138848e+11,7.5206745362e+10,6.7186516496e+10,6.4792423268e+10,6.3365694240e+10,1.4304727730e+12,5.3258484539e+11,2.1034484782e+11,1.1741455862e+11,7.5206745362e+10,2.3682102244e+10,1.5661873379e+10,1.3267780150e+10,1.1841051122e+10,1.4224525441e+12,5.2456461652e+11,2.0232461896e+11,1.0939432975e+11,6.7186516496e+10,1.5661873379e+10,7.6416445131e+09,5.2475512847e+09,3.8208222565e+09,1.4200584509e+12,5.2217052330e+11,1.9993052573e+11,1.0700023653e+11,6.4792423268e+10,1.3267780150e+10,5.2475512847e+09,2.8534580562e+09,1.4267290281e+09
229,5000,90,2.7866396908e+12,1.9051189596e+12,1.5885145547e+12,1.4971592959e+12,1.4556574964e+12,1.4049736862e+12,1.3970810773e+12,1.3947247498e+12,1.3933198454e+12,1.9051189596e+12,1.0235982284e+12,7.0699382353e+11,6.1563856471e+11,5.7413676522e+11,5.2345295495e+11,5.1556034614e+11,5.1320401864e+11,5.1179911419e+11,1.5885145547e+12,7.0699382353e+11,3.9038941869e+11,2.9903415987e+11,2.5753236038e+11,2.0684855011e+11,1.9895594130e+11,1.9659961380e+11,1.9519470935e+11,1.4971592959e+12,6.1563856471e+11,2.9903415987e+11,2.0767890104e+11,1.6617710156e+11,1.1549329128e+11,1.0760068247e+11,1.0524435497e+11,1.0383945052e+11,1.4556574964e+12,5.7413676522e+11,2.5753236038e+11,1.6617710156e+11,1.2467530207e+11,7.3991491799e+10,6.6098882989e+10,6.3742555489e+10,6.2337651037e+10,1.4049736862e+12,5.2345295495e+11,2.0684855011e+11,1.1549329128e+11,7.3991491799e+10,2.3307681524e+10,1.5415072714e+10,1.3058745214e+10,1.1653840762e+10,1.3970810773e+12,5.1556034614e+11,1.9895594130e+11,1.0760068247e+11,6.6098882989e+10,1.5415072714e+10,7.5224639043e+09,5.1661364044e+09,3.7612319522e+09,1.3947247498e+12,5.1320401864e+11,1.9659961380e+11,1.0524435497e+11,6.3742555489e+10,1.3058745214e+10,5.1661364044e+09,2.8098089044e+09,1.4049044522e+09
230,6000,0,1.9824947764e+13,1.3633957085e+13,1.1227931995e+13,1.0549622900e+13,1.0257441588e+13,9.9564005222e+12,9.9240372478e+12,9.9163330124e+12,9.9124738820e+12,1.3633957085e+13,7.4429664055e+12,5.0369413157e+12,4.3586322204e+12,4.0664509090e+12,3.7654098430e+12,3.7330465685e+12,3.7253423331e+12,3.7214832027e+12,1.1227931995e+13,5.0369413157e+12,2.6309162260e+12,1.9526071307e+12,1.6604258193e+12,1.3593847532e+12,1.3270214788e+12,1.3193172434e+12,1.3154581130e+12,1.0549622900e+13,4.3586322204e+12,1.9526071307e+12,1.2742980354e+12,9.8211672403e+11,6.8107565795e+11,6.4871238355e+11,6.4100814811e+11,6.3714901772e+11,1.0257441588e+13,4.0664509090e+12,1.6604258193e+12,9.8211672403e+11,6.8993541261e+11,3.8889434653e+11,3.5653107213e+11,3.4882683669e+11,3.4496770630e+11,9.9564005222e+12,3.7654098430e+12,1.3593847532e+12,6.8107565795e+11,3.8889434653e+11,8.7853280449e+10,5.5490006047e+10,4.7785770616e+10,4.3926640225e+10,9.9240372478e+12,3.7330465685e+12,1.3270214788e+12,6.4871238355e+11,3.5653107213e+11,5.5490006047e+10,2.3126731645e+10,1.5422496214e+10,1.1563365823e+10,9.9163330124e+12,3.7253423331e+12,1.3193172434e+12,6.4100814811e+11,3.4882683669e+11,4.7785770616e+10,1.5422496214e+10,7.7182607831e+09,3.8591303916e+09
231,6000,10,1.8894052794e+13,1.2907368256e+13,1.0639622415e+13,1.0016716077e+13,9.7516240553e+12,9.4848677965e+12,9.4569476328e+12,9.4503418329e+12,9.4470263970e+12,1.2907368256e+13,6.9206837176e+12,4.6529378763e+12,4.0300315389e+12,3.7649395171e+12,3.4981832582e+12,3.4702630945e+12,3.4636572947e+12,3.4603418588e+12,1.0639622415e+13,4.6529378763e+12,2.3851920351e+12,1.7622856977e+12,1.4971936758e+12,1.2304374170e+12,1.2025172533e+12,1.1959114534e+12,1.1925960175e+12,1.0016716077e+13,4.0300315389e+12,1.7622856977e+12,1.1393793603e+12,8.7428733840e+11,6.0753107957e+11,5.7961091586e+11,5.7300511599e+11,5.6968968013e+11,9.7516240553e+12,3.7649395171e+12,1.4971936758e+12,8.7428733840e+11,6.0919531653e+11,3.4243905771e+11,3.1451889399e+11,3.0791309412e+11,3.0459765826e+11,9.4848677965e+12,3.4981832582e+12,1.2304374170e+12,6.0753107957e+11,3.4243905771e+11,7.5682798882e+10,4.7762635167e+10,4.1156835294e+10,3.7841399441e+10,9.4569476328e+12,3.4702630945e+12,1.2025172533e+12,5.7961091586e+11,3.1451889399e+11,4.7762635167e+10,1.9842471451e+10,1.3236671579e+10,9.9212357257e+09,9.4503418329e+12,3.4636572947e+12,1.1959114534e+12,5.7300511599e+11,3.0791309412e+11,4.1156835294e+10,1.3236671579e+10,6.6308717060e+09,3.3154358530e+09
232,6000,20,1.6320870020e+13,1.0957702881e+13,9.0682261228e+12,8.5813177539e+12,8.3795227630e+12,8.1862922119e+12,8.1671486288e+12,8.1626815997e+12,8.1604350100e+12,1.0957702881e+13,5.5945357421e+12,3.7050589839e+12,3.2181506149e+12,3.0163556240e+12,2.8231250729e+12,2.8039814899e+12,2.7995144607e+12,2.7972678710e+12,9.0682261228e+12,3.7050589839e+12,1.8155822257e+12,1.3286738567e+12,1.1268788658e+12,9.3364831470e+11,9.1450473167e+11,9.1003770257e+11,9.0779111285e+11,8.5813177539e+12,3.2181506149e+12,1.3286738567e+12,8.4176548775e+11,6.3997049686e+11,4.4673994573e+11,4.2759636270e+11,4.2312933360e+11,4.2088274388e+11,8.3795227630e+12,3.0163556240e+12,1.1268788658e+12,6.3997049686e+11,4.3817550597e+11,2.4494495484e+11,2.2580137181e+11,2.2133434270e+11,2.1908775298e+11,8.1862922119e+12,2.8231250729e+12,9.3364831470e+11,4.4673994573e+11,2.4494495484e+11,5.1714403708e+10,3.2570820676e+10,2.8103791573e+10,2.5857201854e+10,8.1671486288e+12,2.8039814899e+12,9.1450473167e+11,4.2759636270e+11,2.2580137181e+11,3.2570820676e+10,1.3427237645e+10,8.9602085418e+09,6.7136188225e+09,8.1626815997e+12,2.7995144607e+12,9.1003770257e+11,4.2312933360e+11,2.2133434270e+11,2.8103791573e+10,8.9602085418e+09,4.4931794387e+09,2.2465897193e+09
233,6000,30,1.2732131016e+13,8.4128349117e+12,6.9992981923e+12,6.6536413011e+12,6.5131063325e+12,6.3829196858e+12,6.3704367232e+12,6.3675287751e+12,6.3660655081e+12,8.4128349117e+12,4.0935388073e+12,2.6800020878e+12,2.3343451967e+12,2.1938102280e+12,2.0636235813e+12,2.0511406187e+12,2.0482326707e+12,2.0467694036e+12,6.9992981923e+12,2.6800020878e+12,1.2664653684e+12,9.2080847722e+11,7.8027350857e+11,6.5008686190e+11,6.3760389929e+11,6.3469595124e+11,6.3323268418e+11,6.6536413011e+12,2.3343451967e+12,9.2080847722e+11,5.7515158607e+11,4.3461661742e+11,3.0442997075e+11,2.9194700814e+11,2.8903906009e+11,2.8757579303e+11,6.5131063325e+12,2.1938102280e+12,7.8027350857e+11,4.3461661742e+11,2.9408164878e+11,1.6389500211e+11,1.5141203949e+11,1.4850409144e+11,1.4704082439e+11,6.3829196858e+12,2.0636235813e+12,6.5008686190e+11,3.0442997075e+11,1.6389500211e+11,3.3708355432e+10,2.1225392820e+10,1.8317444771e+10,1.6854177716e+10,6.3704367232e+12,2.0511406187e+12,6.3760389929e+11,2.9194700814e+11,1.5141203949e+11,2.1225392820e+10,8.7424302086e+09,5.8344821587e+09,4.3712151043e+09,6.3675287751e+12,2.0482326707e+12,6.3469595124e+11,2.8903906009e+11,1.4850409144e+11,1.8317444771e+10,5.8344821587e+09,2.9265341089e+09,1.4632670545e+09
234,6000,40,9.4913014788e+12,6.2367578026e+12,5.2044618811e+12,4.9544790055e+12,4.8528452270e+12,4.7581920899e+12,4.7489504852e+12,4.7467518135e+12,4.7456507394e+12,6.2367578026e+12,2.9822141265e+12,1.9499182049e+12,1.6999353293e+12,1.5983015509e+12,1.5036484138e+12,1.4944068090e+12,1.4922081374e+12,1.4911070632e+12,5.2044618811e+12,1.9499182049e+12,9.1762228342e+11,6.6763940779e+11,5.6600562935e+11,4.7135249223e+11,4.6211088749e+11,4.5991221585e+11,4.5881114171e+11,4.9544790055e+12,1.6999353293e+12,6.6763940779e+11,4.1765653216e+11,3.1602275373e+11,2.2136961660e+11,2.1212801187e+11,2.0992934023e+11,2.0882826608e+11,4.8528452270e+12,1.5983015509e+12,5.6600562935e+11,3.1602275373e+11,2.1438897529e+11,1.1973583816e+11,1.1049423343e+11,1.0829556179e+11,1.0719448764e+11,4.7581920899e+12,1.5036484138e+12,4.7135249223e+11,2.2136961660e+11,1.1973583816e+11,2.5082701035e+10,1.5841096303e+10,1.3642424662e+10,1.2541350517e+10,4.7489504852e+12,1.4944068090e+12,4.6211088749e+11,2.1212801187e+11,1.1049423343e+11,1.5841096303e+10,6.5994915703e+09,4.4008199298e+09,3.2997457852e+09,4.7467518135e+12,1.4922081374e+12,4.5991221585e+11,2.0992934023e+11,1.0829556179e+11,1.3642424662e+10,4.4008199298e+09,2.2021482894e+09,1.1010741447e+09
235,6000,50,7.4608430654e+12,4.9190219011e+12,4.1007479008e+12,3.8999427591e+12,3.8179044299e+12,3.7408293464e+12,3.7331898179e+12,3.7313434761e+12,3.7304215327e+12,4.9190219011e+12,2.3772007367e+12,1.5589267364e+12,1.3581215948e+12,1.2760832655e+12,1.1990081821e+12,1.1913686535e+12,1.1895223117e+12,1.1886003684e+12,4.1007479008e+12,1.5589267364e+12,7.4065273613e+11,5.3984759447e+11,4.5780926521e+11,3.8073418180e+11,3.7309465321e+11,3.7124831146e+11,3.7032636807e+11,3.8999427591e+12,1.3581215948e+12,5.3984759447e+11,3.3904245282e+11,2.5700412355e+11,1.7992904014e+11,1.7228951155e+11,1.7044316980e+11,1.6952122641e+11,3.8179044299e+12,1.2760832655e+12,4.5780926521e+11,2.5700412355e+11,1.7496579429e+11,9.7890710877e+10,9.0251182286e+10,8.8404840540e+10,8.7482897146e+10,3.7408293464e+12,1.1990081821e+12,3.8073418180e+11,1.7992904014e+11,9.7890710877e+10,2.0815627462e+10,1.3176098872e+10,1.1329757125e+10,1.0407813731e+10,3.7331898179e+12,1.1913686535e+12,3.7309465321e+11,1.7228951155e+11,9.0251182286e+10,1.3176098872e+10,5.5365702807e+09,3.6902285342e+09,2.7682851403e+09,3.7313434761e+12,1.1895223117e+12,3.7124831146e+11,1.7044316980e+11,8.8404840540e+10,1.1329757125e+10,3.6902285342e+09,1.8438867878e+09,9.2194339390e+08
236,6000,60,6.4015467225e+12,4.2304131228e+12,3.5233888055e+12,3.3488060345e+12,3.2773420195e+12,3.2099568049e+12,3.2032296748e+12,3.2015949625e+12,3.2007733613e+12,4.2304131228e+12,2.0592795231e+12,1.3522552058e+12,1.1776724348e+12,1.1062084198e+12,1.0388232052e+12,1.0320960751e+12,1.0304613628e+12,1.0296397616e+12,3.5233888055e+12,1.3522552058e+12,6.4523088839e+11,4.7064811739e+11,3.9918410246e+11,3.3179888781e+11,3.2507175768e+11,3.2343704545e+11,3.2261544419e+11,3.3488060345e+12,1.1776724348e+12,4.7064811739e+11,2.9606534640e+11,2.2460133147e+11,1.5721611682e+11,1.5048898669e+11,1.4885427445e+11,1.4803267320e+11,3.2773420195e+12,1.1062084198e+12,3.9918410246e+11,2.2460133147e+11,1.5313731653e+11,8.5752101885e+10,7.9024971754e+10,7.7390259522e+10,7.6568658267e+10,3.2099568049e+12,1.0388232052e+12,3.3179888781e+11,1.5721611682e+11,8.5752101885e+10,1.8366887235e+10,1.1639757104e+10,1.0005044872e+10,9.1834436176e+09,3.2032296748e+12,1.0320960751e+12,3.2507175768e+11,1.5048898669e+11,7.9024971754e+10,1.1639757104e+10,4.9126269730e+09,3.2779147412e+09,2.4563134865e+09,3.2015949625e+12,1.0304613628e+12,3.2343704545e+11,1.4885427445e+11,7.7390259522e+10,1.0005044872e+10,3.2779147412e+09,1.6432025094e+09,8.2160125469e+08
237,6000,70,5.8203746557e+12,3.8495946420e+12,3.2051253822e+12,3.0456134572e+12,2.9802717090e+12,2.9185905197e+12,2.9124343258e+12,2.9109423821e+12,2.9101873279e+12,3.8495946420e+12,1.8788146283e+12,1.2343453685e+12,1.0748334435e+12,1.0094916952e+12,9.4781050600e+11,9.4165431211e+11,9.4016236842e+11,9.3940731415e+11,3.2051253822e+12,1.2343453685e+12,5.8987610862e+11,4.3036418364e+11,3.6502243540e+11,3.0334124615e+11,2.9718505227e+11,2.9569310858e+11,2.9493805431e+11,3.0456134572e+12,1.0748334435e+12,4.3036418364e+11,2.7085225867e+11,2.0551051043e+11,1.4382932118e+11,1.3767312730e+11,1.3618118360e+11,1.3542612934e+11,2.9802717090e+12,1.0094916952e+12,3.6502243540e+11,2.0551051043e+11,1.4016876219e+11,7.8487572934e+10,7.2331379053e+10,7.0839435363e+10,7.0084381093e+10,2.9185905197e+12,9.4781050600e+11,3.0334124615e+11,1.4382932118e+11,7.8487572934e+10,1.6806383683e+10,1.0650189801e+10,9.1582461109e+09,8.4031918413e+09,2.9124343258e+12,9.4165431211e+11,2.9718505227e+11,1.3767312730e+11,7.2331379053e+10,1.0650189801e+10,4.4939959201e+09,3.0020522296e+09,2.2469979601e+09,2.9109423821e+12,9.4016236842e+11,2.9569310858e+11,1.3618118360e+11,7.0839435363e+10,9.1582461109e+09,3.0020522296e+09,1.5101085390e+09,7.5505426950e+08
238,6000,80,5.5188523917e+12,3.6515405208e+12,3.0398081328e+12,2.8882252086e+12,2.8261074616e+12,2.7674281725e+12,2.7615674815e+12,2.7601471732e+12,2.7594261958e+12,3.6515405208e+12,1.7842286499e+12,1.1724962619e+12,1.0209133377e+12,9.5879559072e+11,9.0011630155e+11,8.9425561060e+11,8.9283530227e+11,8.9211432493e+11,3.0398081328e+12,1.1724962619e+12,5.6076387391e+11,4.0918094970e+11,3.4706320275e+11,2.8838391358e+11,2.8252322263e+11,2.8110291430e+11,2.8038193696e+11,2.8882252086e+12,1.0209133377e+12,4.0918094970e+11,2.5759802548e+11,1.9548027854e+11,1.3680098936e+11,1.3094029842e+11,1.2951999009e+11,1.2879901274e+11,2.8261074616e+12,9.5879559072e+11,3.4706320275e+11,1.9548027854e+11,1.3336253159e+11,7.4683242416e+10,6.8822551468e+10,6.7402243140e+10,6.6681265794e+10,2.7674281725e+12,9.0011630155e+11,2.8838391358e+11,1.3680098936e+11,7.4683242416e+10,1.6003953244e+10,1.0143262296e+10,8.7229539680e+09,8.0019766219e+09,2.7615674815e+12,8.9425561060e+11,2.8252322263e+11,1.3094029842e+11,6.8822551468e+10,1.0143262296e+10,4.2825713476e+09,2.8622630199e+09,2.1412856738e+09,2.7601471732e+12,8.9283530227e+11,2.8110291430e+11,1.2951999009e+11,6.7402243140e+10,8.7229539680e+09,2.8622630199e+09,1.4419546922e+09,7.2097734608e+08
239,6000,90,5.4259317738e+12,3.5904567682e+12,2.9888313879e+12,2.8397054497e+12,2.7785885413e+12,2.7208434181e+12,2.7150745045e+12,2.7136762893e+12,2.7129658869e+12,3.5904567682e+12,1.7549817626e+12,1.1533563823e+12,1.0042304441e+12,9.4311353577e+11,8.8536841253e+11,8.7959949896e+11,8.7820128368e+11,8.7749088130e+11,2.9888313879e+12,1.1533563823e+12,5.5173100200e+11,4.0260506382e+11,3.4148815547e+11,2.8374303222e+11,2.7797411866e+11,2.7657590338e+11,2.7586550100e+11,2.8397054497e+12,1.0042304441e+12,4.0260506382e+11,2.5347912564e+11,1.9236221729e+11,1.3461709404e+11,1.2884818048e+11,1.2744996520e+11,1.2673956282e+11,2.7785885413e+12,9.4311353577e+11,3.4148815547e+11,1.9236221729e+11,1.3124530894e+11,7.3500185694e+10,6.7731272133e+10,6.6333056848e+10,6.5622654470e+10,2.7208434181e+12,8.8536841253e+11,2.8374303222e+11,1.3461709404e+11,7.3500185694e+10,1.5755062447e+10,9.9861488866e+09,8.5879336013e+09,7.8775312235e+09,2.7150745045e+12,8.7959949896e+11,2.7797411866e+11,1.2884818048e+11,6.7731272133e+10,9.9861488866e+09,4.2172353262e+09,2.8190200409e+09,2.1086176631e+09,2.7136762893e+12,8.7820128368e+11,2.7657590338e+11,1.2744996520e+11,6.6333056848e+10,8.5879336013e+09,2.8190200409e+09,1.4208047555e+09,7.1040237775e+08
240,7000,0,3.5502017585e+13,2.3478698549e+13,1.9417508984e+13,1.8459037235e+13,1.8084289646e+13,1.7778749261e+13,1.7757190498e+13,1.7752945783e+13,1.7751008793e+13,2.3478698549e+13,1.1455379513e+13,7.3941899481e+12,6.4357181986e+12,6.0609706098e+12,5.7554302242e+12,5.7338714614e+12,5.7296267463e+12,5.7276897564e+12,1.9417508984e+13,7.3941899481e+12,3.3330003835e+12,2.3745286340e+12,1.9997810452e+12,1.6942406595e+12,1.6726818968e+12,1.6684371817e+12,1.6665001917e+12,1.8459037235e+13,6.4357181986e+12,2.3745286340e+12,1.4160568845e+12,1.0413092957e+12,7.3576891005e+11,7.1421014731e+11,7.0996543222e+11,7.0802844226e+11,1.8084289646e+13,6.0609706098e+12,1.9997810452e+12,1.0413092957e+12,6.6656170685e+11,3.6102132122e+11,3.3946255848e+11,3.3521784339e+11,3.3328085343e+11,1.7778749261e+13,5.7554302242e+12,1.6942406595e+12,7.3576891005e+11,3.6102132122e+11,5.5480935587e+10,3.3922172844e+10,2.9677457757e+10,2.7740467794e+10,1.7757190498e+13,5.7338714614e+12,1.6726818968e+12,7.1421014731e+11,3.3946255848e+11,3.3922172844e+10,1.2363410101e+10,8.1186950140e+09,6.1817050507e+09,1.7752945783e+13,5.7296267463e+12,1.6684371817e+12,7.0996543222e+11,3.3521784339e+11,2.9677457757e+10,8.1186950140e+09,3.8739799266e+09,1.9369899633e+09
241,7000,10,3.3023103719e+13,2.1701262166e+13,1.7986157340e+13,1.7131645363e+13,1.6800699688e+13,1.6535304108e+13,1.6516850173e+13,1.6513214939e+13,1.6511551860e+13,2.1701262166e+13,1.0379420613e+13,6.6643157867e+12,5.8098038103e+12,5.4788581354e+12,5.2134625552e+12,5.1950086198e+12,5.1913733862e+12,5.1897103065e+12,1.7986157340e+13,6.6643157867e+12,2.9492109603e+12,2.0946989839e+12,1.7637533090e+12,1.4983577289e+12,1.4799037934e+12,1.4762685598e+12,1.4746054802e+12,1.7131645363e+13,5.8098038103e+12,2.0946989839e+12,1.2401870075e+12,9.0924133262e+11,6.4384575247e+11,6.2539181701e+11,6.2175658339e+11,6.2009350377e+11,1.6800699688e+13,5.4788581354e+12,1.7637533090e+12,9.0924133262e+11,5.7829565770e+11,3.1290007756e+11,2.9444614210e+11,2.9081090847e+11,2.8914782885e+11,1.6535304108e+13,5.2134625552e+12,1.4983577289e+12,6.4384575247e+11,3.1290007756e+11,4.7504497415e+10,2.9050561956e+10,2.5415328331e+10,2.3752248707e+10,1.6516850173e+13,5.1950086198e+12,1.4799037934e+12,6.2539181701e+11,2.9444614210e+11,2.9050561956e+10,1.0596626496e+10,6.9613928720e+09,5.2983132482e+09,1.6513214939e+13,5.1913733862e+12,1.4762685598e+12,6.2175658339e+11,2.9081090847e+11,2.5415328331e+10,6.9613928720e+09,3.3261592476e+09,1.6630796238e+09
242,7000,20,2.6713868830e+13,1.7307444968e+13,1.4424224562e+13,1.3796118935e+13,1.3557587379e+13,1.3372850804e+13,1.3360481689e+13,1.3358053606e+13,1.3356934415e+13,1.7307444968e+13,7.9010211055e+12,5.0178006996e+12,4.3896950731e+12,4.1511635173e+12,3.9664269417e+12,3.9540578273e+12,3.9516297438e+12,3.9505105527e+12,1.4424224562e+13,5.0178006996e+12,2.1345802938e+12,1.5064746673e+12,1.2679431114e+12,1.0832065358e+12,1.0708374215e+12,1.0684093380e+12,1.0672901469e+12,1.3796118935e+13,4.3896950731e+12,1.5064746673e+12,8.7836904072e+11,6.3983748491e+11,4.5510090931e+11,4.4273179492e+11,4.4030371147e+11,4.3918452036e+11,1.3557587379e+13,4.1511635173e+12,1.2679431114e+12,6.3983748491e+11,4.0130592909e+11,2.1656935349e+11,2.0420023910e+11,2.0177215566e+11,2.0065296454e+11,1.3372850804e+13,3.9664269417e+12,1.0832065358e+12,4.5510090931e+11,2.1656935349e+11,3.1832777891e+10,1.9463663505e+10,1.7035580057e+10,1.5916388946e+10,1.3360481689e+13,3.9540578273e+12,1.0708374215e+12,4.4273179492e+11,2.0420023910e+11,1.9463663505e+10,7.0945491183e+09,4.6664656704e+09,3.5472745591e+09,1.3358053606e+13,3.9516297438e+12,1.0684093380e+12,4.4030371147e+11,2.0177215566e+11,1.7035580057e+10,4.6664656704e+09,2.2383822225e+09,1.1191911113e+09
243,7000,30,1.9604948035e+13,1.2553087803e+13,1.0519010539e+13,1.0093425341e+13,9.9339097236e+12,9.8128337565e+12,9.8048250859e+12,9.8032192906e+12,9.8024740174e+12,1.2553087803e+13,5.5012275719e+12,3.4671503075e+12,3.0415651096e+12,2.8820494922e+12,2.7609735250e+12,2.7529648544e+12,2.7513590591e+12,2.7506137859e+12,1.0519010539e+13,3.4671503075e+12,1.4330730432e+12,1.0074878453e+12,8.4797222785e+11,7.2689626067e+11,7.1888759007e+11,7.1728179480e+11,7.1653652159e+11,1.0093425341e+13,3.0415651096e+12,1.0074878453e+12,5.8190264742e+11,4.2238702997e+11,3.0131106278e+11,2.9330239219e+11,2.9169659691e+11,2.9095132371e+11,9.9339097236e+12,2.8820494922e+12,8.4797222785e+11,4.2238702997e+11,2.6287141252e+11,1.4179544533e+11,1.3378677473e+11,1.3218097946e+11,1.3143570626e+11,9.8128337565e+12,2.7609735250e+12,7.2689626067e+11,3.0131106278e+11,1.4179544533e+11,2.0719478144e+10,1.2710807546e+10,1.1105012275e+10,1.0359739072e+10,9.8048250859e+12,2.7529648544e+12,7.1888759007e+11,2.9330239219e+11,1.3378677473e+11,1.2710807546e+10,4.7021369480e+09,3.0963416771e+09,2.3510684740e+09,9.8032192906e+12,2.7513590591e+12,7.1728179480e+11,2.9169659691e+11,1.3218097946e+11,1.1105012275e+10,3.0963416771e+09,1.4905464062e+09,7.4527320308e+08
244,7000,40,1.4334318797e+13,9.1591675962e+12,7.6875520799e+12,7.3793673288e+12,7.2635979140e+12,7.1750334198e+12,7.1690098598e+12,7.1677435150e+12,7.1671593985e+12,9.1591675962e+12,3.9840163953e+12,2.5124008790e+12,2.2042161279e+12,2.0884467131e+12,1.9998822189e+12,1.9938586589e+12,1.9925923141e+12,1.9920081976e+12,7.6875520799e+12,2.5124008790e+12,1.0407853628e+12,7.3260061164e+11,6.1683119691e+11,5.2826670271e+11,5.2224314270e+11,5.2097679785e+11,5.2039268141e+11,7.3793673288e+12,2.2042161279e+12,7.3260061164e+11,4.2441586046e+11,3.0864644573e+11,2.2008195153e+11,2.1405839152e+11,2.1279204667e+11,2.1220793023e+11,7.2635979140e+12,2.0884467131e+12,6.1683119691e+11,3.0864644573e+11,1.9287703099e+11,1.0431253679e+11,9.8288976785e+10,9.7022631933e+10,9.6438515497e+10,7.1750334198e+12,1.9998822189e+12,5.2826670271e+11,2.2008195153e+11,1.0431253679e+11,1.5748042596e+10,9.7244825868e+09,8.4581377345e+09,7.8740212981e+09,7.1690098598e+12,1.9938586589e+12,5.2224314270e+11,2.1405839152e+11,9.8288976785e+10,9.7244825868e+09,3.7009225775e+09,2.4345777251e+09,1.8504612887e+09,7.1677435150e+12,1.9925923141e+12,5.2097679785e+11,2.1279204667e+11,9.7022631933e+10,8.4581377345e+09,2.4345777251e+09,1.1682328727e+09,5.8411643637e+08
245,7000,50,1.1419014085e+13,7.3177341618e+12,6.1335580374e+12,5.8831145892e+12,5.7887354252e+12,5.7161252490e+12,5.7110964994e+12,5.7100077650e+12,5.7095070427e+12,7.3177341618e+12,3.2164542382e+12,2.0322781138e+12,1.7818346656e+12,1.6874555016e+12,1.6148453254e+12,1.6098165758e+12,1.6087278414e+12,1.6082271191e+12,6.1335580374e+12,2.0322781138e+12,8.4810198946e+11,5.9765854126e+11,5.0327937726e+11,4.3066920102e+11,4.2564045144e+11,4.2455171704e+11,4.2405099473e+11,5.8831145892e+12,1.7818346656e+12,5.9765854126e+11,3.4721509306e+11,2.5283592906e+11,1.8022575281e+11,1.7519700324e+11,1.7410826884e+11,1.7360754653e+11,5.7887354252e+12,1.6874555016e+12,5.0327937726e+11,2.5283592906e+11,1.5845676505e+11,8.5846588808e+10,8.0817839233e+10,7.9729104835e+10,7.9228382524e+10,5.7161252490e+12,1.6148453254e+12,4.3066920102e+11,1.8022575281e+11,8.5846588808e+10,1.3236412567e+10,8.2076629919e+09,7.1189285938e+09,6.6182062833e+09,5.7110964994e+12,1.6098165758e+12,4.2564045144e+11,1.7519700324e+11,8.0817839233e+10,8.2076629919e+09,3.1789134173e+09,2.0901790192e+09,1.5894567087e+09,5.7100077650e+12,1.6087278414e+12,4.2455171704e+11,1.7410826884e+11,7.9729104835e+10,7.1189285938e+09,2.0901790192e+09,1.0014446211e+09,5.0072231053e+08
246,7000,60,9.8806080219e+12,6.3405664446e+12,5.3108754190e+12,5.0922485174e+12,5.0097597680e+12,4.9461462697e+12,4.9417145425e+12,4.9407530428e+12,4.9403040109e+12,6.3405664446e+12,2.8005248673e+12,1.7708338417e+12,1.5522069401e+12,1.4697181907e+12,1.4061046923e+12,1.4016729652e+12,1.4007114655e+12,1.4002624336e+12,5.3108754190e+12,1.7708338417e+12,7.4114281605e+11,5.2251591451e+11,4.4002716509e+11,3.7641366673e+11,3.7198193955e+11,3.7102043985e+11,3.7057140802e+11,5.0922485174e+12,1.5522069401e+12,5.2251591451e+11,3.0388901298e+11,2.2140026356e+11,1.5778676520e+11,1.5335503802e+11,1.5239353832e+11,1.5194450649e+11,5.0097597680e+12,1.4697181907e+12,4.4002716509e+11,2.2140026356e+11,1.3891151414e+11,7.5298015780e+10,7.0866288595e+10,6.9904788894e+10,6.9455757068e+10,4.9461462697e+12,1.4061046923e+12,3.7641366673e+11,1.5778676520e+11,7.5298015780e+10,1.1684517423e+10,7.2527902380e+09,6.2912905373e+09,5.8422587114e+09,4.9417145425e+12,1.4016729652e+12,3.7198193955e+11,1.5335503802e+11,7.0866288595e+10,7.2527902380e+09,2.8210630532e+09,1.8595633525e+09,1.4105315266e+09,4.9407530428e+12,1.4007114655e+12,3.7102043985e+11,1.5239353832e+11,6.9904788894e+10,6.2912905373e+09,1.8595633525e+09,8.9806365183e+08,4.4903182592e+08
247,7000,70,9.0125998633e+12,5.7865869866e+12,4.8455812046e+12,4.6454680767e+12,4.5699306949e+12,4.5116415338e+12,4.5075877445e+12,4.5067131832e+12,4.5062999317e+12,5.7865869866e+12,2.5605741098e+12,1.6195683278e+12,1.4194551999e+12,1.3439178181e+12,1.2856286570e+12,1.2815748678e+12,1.2807003064e+12,1.2802870549e+12,4.8455812046e+12,1.6195683278e+12,6.7856254577e+11,4.7844941790e+11,4.0291203608e+11,3.4462287498e+11,3.4056908575e+11,3.3969452443e+11,3.3928127289e+11,4.6454680767e+12,1.4194551999e+12,4.7844941790e+11,2.7833629003e+11,2.0279890821e+11,1.4450974711e+11,1.4045595788e+11,1.3958139656e+11,1.3916814502e+11,4.5699306949e+12,1.3439178181e+12,4.0291203608e+11,2.0279890821e+11,1.2726152638e+11,6.8972365289e+10,6.4918576052e+10,6.4044014733e+10,6.3630763192e+10,4.5116415338e+12,1.2856286570e+12,3.4462287498e+11,1.4450974711e+11,6.8972365289e+10,1.0683204194e+10,6.6294149566e+09,5.7548536377e+09,5.3416020969e+09,4.5075877445e+12,1.2815748678e+12,3.4056908575e+11,1.4045595788e+11,6.4918576052e+10,6.6294149566e+09,2.5756257194e+09,1.7010644005e+09,1.2878128597e+09,4.5067131832e+12,1.2807003064e+12,3.3969452443e+11,1.3958139656e+11,6.4044014733e+10,5.7548536377e+09,1.7010644005e+09,8.2650308166e+08,4.1325154083e+08
248,7000,80,8.5588772985e+12,5.4966106280e+12,4.6022245968e+12,4.4118784414e+12,4.3400101766e+12,4.2845271491e+12,4.2806667119e+12,4.2798341693e+12,4.2794386493e+12,5.4966106280e+12,2.4343439575e+12,1.5399579263e+12,1.3496117708e+12,1.2777435061e+12,1.2222604786e+12,1.2184000413e+12,1.2175674988e+12,1.2171719788e+12,4.6022245968e+12,1.5399579263e+12,6.4557189513e+11,4.5522573966e+11,3.8335747491e+11,3.2787444744e+11,3.2401401016e+11,3.2318146762e+11,3.2278594756e+11,4.4118784414e+12,1.3496117708e+12,4.5522573966e+11,2.6487958419e+11,1.9301131944e+11,1.3752829197e+11,1.3366785469e+11,1.3283531215e+11,1.3243979210e+11,4.3400101766e+12,1.2777435061e+12,3.8335747491e+11,1.9301131944e+11,1.2114305470e+11,6.5660027226e+10,6.1799589945e+10,6.0967047404e+10,6.0571527349e+10,4.2845271491e+12,1.2222604786e+12,3.2787444744e+11,1.3752829197e+11,6.5660027226e+10,1.0176999756e+10,6.3165624739e+09,5.4840199333e+09,5.0884998778e+09,4.2806667119e+12,1.2184000413e+12,3.2401401016e+11,1.3366785469e+11,6.1799589945e+10,6.3165624739e+09,2.4561251921e+09,1.6235826515e+09,1.2280625960e+09,4.2798341693e+12,1.2175674988e+12,3.2318146762e+11,1.3283531215e+11,6.0967047404e+10,5.4840199333e+09,1.6235826515e+09,7.9104011090e+08,3.9552005545e+08
249,7000,90,8.4179295758e+12,5.4065313975e+12,4.5266340855e+12,4.3393190819e+12,4.2685890422e+12,4.2139755774e+12,4.2101746856e+12,4.2093549067e+12,4.2089647879e+12,5.4065313975e+12,2.3951332192e+12,1.5152359072e+12,1.3279209036e+12,1.2571908639e+12,1.2025773991e+12,1.1987765073e+12,1.1979567284e+12,1.1975666096e+12,4.5266340855e+12,1.5152359072e+12,6.3533859522e+11,4.4802359159e+11,3.7729355195e+11,3.2268008708e+11,3.1887919531e+11,3.1805941644e+11,3.1766929761e+11,4.3393190819e+12,1.3279209036e+12,4.4802359159e+11,2.6070858797e+11,1.8997854832e+11,1.3536508345e+11,1.3156419168e+11,1.3074441281e+11,1.3035429398e+11,4.2685890422e+12,1.2571908639e+12,3.7729355195e+11,1.8997854832e+11,1.1924850868e+11,6.4635043809e+10,6.0834152040e+10,6.0014373169e+10,5.9624254341e+10,4.2139755774e+12,1.2025773991e+12,3.2268008708e+11,1.3536508345e+11,6.4635043809e+10,1.0021578936e+10,6.2206871666e+09,5.4009082957e+09,5.0107894680e+09,4.2101746856e+12,1.1987765073e+12,3.1887919531e+11,1.3156419168e+11,6.0834152040e+10,6.2206871666e+09,2.4197953972e+09,1.6000165264e+09,1.2098976986e+09,4.2093549067e+12,1.1979567284e+12,3.1805941644e+11,1.3074441281e+11,6.0014373169e+10,5.4009082957e+09,1.6000165264e+09,7.8023765551e+08,3.9011882775e+08
250,8000,0,4.9444052044e+13,3.1565925779e+13,2.6383425856e+13,2.5358420664e+13,2.4988625061e+13,2.4738097564e+13,2.4725314454e+13,2.4723032791e+13,2.4722026022e+13,3.1565925779e+13,1.3687799514e+13,8.5052995910e+12,7.4802943986e+12,7.1104987957e+12,6.8599712993e+12,6.8471881891e+12,6.8449065262e+12,6.8438997569e+12,2.6383425856e+13,8.5052995910e+12,3.3227996681e+12,2.2977944758e+12,1.9279988729e+12,1.6774713765e+12,1.6646882662e+12,1.6624066033e+12,1.6613998341e+12,2.5358420664e+13,7.4802943986e+12,2.2977944758e+12,1.2727892834e+12,9.0299368049e+11,6.5246618414e+11,6.3968307389e+11,6.3740141096e+11,6.3639464170e+11,2.4988625061e+13,7.1104987957e+12,1.9279988729e+12,9.0299368049e+11,5.3319807758e+11,2.8267058123e+11,2.6988747097e+11,2.6760580805e+11,2.6659903879e+11,2.4738097564e+13,6.8599712993e+12,1.6774713765e+12,6.5246618414e+11,2.8267058123e+11,3.2143084881e+10,1.9359974626e+10,1.7078311698e+10,1.6071542440e+10,2.4725314454e+13,6.8471881891e+12,1.6646882662e+12,6.3968307389e+11,2.6988747097e+11,1.9359974626e+10,6.5768643715e+09,4.2952014436e+09,3.2884321857e+09,2.4723032791e+13,6.8449065262e+12,1.6624066033e+12,6.3740141096e+11,2.6760580805e+11,1.7078311698e+10,4.2952014436e+09,2.0135385158e+09,1.0067692579e+09
251,8000,10,4.4883890756e+13,2.8478929001e+13,2.3874186097e+13,2.2986455370e+13,2.2668712110e+13,2.2455646694e+13,2.2444769704e+13,2.2442812465e+13,2.2441945378e+13,2.8478929001e+13,1.2073967246e+13,7.4692243422e+12,6.5814936148e+12,6.2637503557e+12,6.0506849390e+12,6.0398079496e+12,6.0378507102e+12,6.0369836231e+12,2.3874186097e+13,7.4692243422e+12,2.8644814382e+12,1.9767507108e+12,1.6590074516e+12,1.4459420350e+12,1.4350650456e+12,1.4331078062e+12,1.4322407191e+12,2.2986455370e+13,6.5814936148e+12,1.9767507108e+12,1.0890199834e+12,7.7127672426e+11,5.5821130758e+11,5.4733431823e+11,5.4537707878e+11,5.4450999171e+11,2.2668712110e+13,6.2637503557e+12,1.6590074516e+12,7.7127672426e+11,4.5353346510e+11,2.4046804843e+11,2.2959105907e+11,2.2763381963e+11,2.2676673255e+11,2.2455646694e+13,6.0506849390e+12,1.4459420350e+12,5.5821130758e+11,2.4046804843e+11,2.7402631754e+10,1.6525642400e+10,1.4568402951e+10,1.3701315877e+10,2.2444769704e+13,6.0398079496e+12,1.4350650456e+12,5.4733431823e+11,2.2959105907e+11,1.6525642400e+10,5.6486530458e+09,3.6914135968e+09,2.8243265229e+09,2.2442812465e+13,6.0378507102e+12,1.4331078062e+12,5.4537707878e+11,2.2763381963e+11,1.4568402951e+10,3.6914135968e+09,1.7341741477e+09,8.6708707387e+08
252,8000,20,3.4542194515e+13,2.1647507490e+13,1.8262585915e+13,1.7641535851e+13,1.7422957864e+13,1.7280140440e+13,1.7272991522e+13,1.7271684649e+13,1.7271097257e+13,2.1647507490e+13,8.7528204646e+12,5.3678988904e+12,4.7468488260e+12,4.5282708393e+12,4.3854534153e+12,4.3783044966e+12,4.3769976239e+12,4.3764102323e+12,1.8262585915e+13,5.3678988904e+12,1.9829773161e+12,1.3619272517e+12,1.1433492651e+12,1.0005318410e+12,9.9338292237e+11,9.9207604966e+11,9.9148865805e+11,1.7641535851e+13,4.7468488260e+12,1.3619272517e+12,7.4087718734e+11,5.2229920069e+11,3.7948177661e+11,3.7233285799e+11,3.7102598529e+11,3.7043859367e+11,1.7422957864e+13,4.5282708393e+12,1.1433492651e+12,5.2229920069e+11,3.0372121404e+11,1.6090378995e+11,1.5375487134e+11,1.5244799863e+11,1.5186060702e+11,1.7280140440e+13,4.3854534153e+12,1.0005318410e+12,3.7948177661e+11,1.6090378995e+11,1.8086365873e+10,1.0937447254e+10,9.6305745507e+09,9.0431829367e+09,1.7272991522e+13,4.3783044966e+12,9.9338292237e+11,3.7233285799e+11,1.5375487134e+11,1.0937447254e+10,3.7885286354e+09,2.4816559317e+09,1.8942643177e+09,1.7271684649e+13,4.3769976239e+12,9.9207604966e+11,3.7102598529e+11,1.5244799863e+11,9.6305745507e+09,2.4816559317e+09,1.1747832279e+09,5.8739161397e+08
253,8000,30,2.4302543501e+13,1.5090470855e+13,1.2797967657e+13,1.2390835634e+13,1.2248956193e+13,1.2157280177e+13,1.2152613696e+13,1.2151691979e+13,1.2151271750e+13,1.5090470855e+13,5.8783982085e+12,3.5858950112e+12,3.1787629882e+12,3.0368835471e+12,2.9452075311e+12,2.9405410504e+12,2.9396193324e+12,2.9391991043e+12,1.2797967657e+13,3.5858950112e+12,1.2933918138e+12,8.8625979079e+11,7.4438034974e+11,6.5270433368e+11,6.4803785299e+11,6.4711613508e+11,6.4669590691e+11,1.2390835634e+13,3.1787629882e+12,8.8625979079e+11,4.7912776776e+11,3.3724832671e+11,2.4557231065e+11,2.4090582996e+11,2.3998411205e+11,2.3956388388e+11,1.2248956193e+13,3.0368835471e+12,7.4438034974e+11,3.3724832671e+11,1.9536888566e+11,1.0369286961e+11,9.9026388908e+10,9.8104670999e+10,9.7684442830e+10,1.2157280177e+13,2.9452075311e+12,6.5270433368e+11,2.4557231065e+11,1.0369286961e+11,1.2016853551e+10,7.3503728536e+09,6.4286549446e+09,6.0084267756e+09,1.2152613696e+13,2.9405410504e+12,6.4803785299e+11,2.4090582996e+11,9.9026388908e+10,7.3503728536e+09,2.6838921559e+09,1.7621742469e+09,1.3419460779e+09,1.2151691979e+13,2.9396193324e+12,6.4711613508e+11,2.3998411205e+11,9.8104670999e+10,6.4286549446e+09,1.7621742469e+09,8.4045633795e+08,4.2022816897e+08
254,8000,40,1.7663509147e+13,1.0967588617e+13,9.3054048165e+12,9.0081781318e+12,8.9042538145e+12,8.8365163881e+12,8.8328985531e+12,8.8321108779e+12,8.8317545735e+12,1.0967588617e+13,4.2716680868e+12,2.6094842864e+12,2.3122576017e+12,2.2083332844e+12,2.1405958580e+12,2.1369780230e+12,2.1361903478e+12,2.1358340434e+12,9.3054048165e+12,2.6094842864e+12,9.4730048605e+11,6.5007380132e+11,5.4614948404e+11,4.7841205759e+11,4.7479422262e+11,4.7400654745e+11,4.7365024302e+11,9.0081781318e+12,2.3122576017e+12,6.5007380132e+11,3.5284711660e+11,2.4892279932e+11,1.8118537286e+11,1.7756753790e+11,1.7677986273e+11,1.7642355830e+11,8.9042538145e+12,2.2083332844e+12,5.4614948404e+11,2.4892279932e+11,1.4499848204e+11,7.7261055585e+10,7.3643220619e+10,7.2855545446e+10,7.2499241020e+10,8.8365163881e+12,2.1405958580e+12,4.7841205759e+11,1.8118537286e+11,7.7261055585e+10,9.5236291307e+09,5.9057941650e+09,5.1181189917e+09,4.7618145653e+09,8.8328985531e+12,2.1369780230e+12,4.7479422262e+11,1.7756753790e+11,7.3643220619e+10,5.9057941650e+09,2.2879591993e+09,1.5002840260e+09,1.1439795997e+09,8.8321108779e+12,2.1361903478e+12,4.7400654745e+11,1.7677986273e+11,7.2855545446e+10,5.1181189917e+09,1.5002840260e+09,7.1260885266e+08,3.5630442633e+08
255,8000,50,1.4210951017e+13,8.8448266501e+12,7.4940974473e+12,7.2507415966e+12,7.1654412061e+12,7.1095672193e+12,7.1064937248e+12,7.1057929936e+12,7.1054755087e+12,8.8448266501e+12,3.4787022827e+12,2.1279730800e+12,1.8846172293e+12,1.7993168388e+12,1.7434428519e+12,1.7403693575e+12,1.7396686263e+12,1.7393511414e+12,7.4940974473e+12,2.1279730800e+12,7.7724387722e+11,5.3388802656e+11,4.4858763606e+11,3.9271364919e+11,3.8964015471e+11,3.8893942352e+11,3.8862193861e+11,7.2507415966e+12,1.8846172293e+12,5.3388802656e+11,2.9053217589e+11,2.0523178539e+11,1.4935779852e+11,1.4628430404e+11,1.4558357285e+11,1.4526608794e+11,7.1654412061e+12,1.7993168388e+12,4.4858763606e+11,2.0523178539e+11,1.1993139490e+11,6.4057408023e+10,6.0983913544e+10,6.0283182355e+10,5.9965697449e+10,7.1095672193e+12,1.7434428519e+12,3.9271364919e+11,1.4935779852e+11,6.4057408023e+10,8.1834211479e+09,5.1099266689e+09,4.4091954804e+09,4.0917105740e+09,7.1064937248e+12,1.7403693575e+12,3.8964015471e+11,1.4628430404e+11,6.0983913544e+10,5.1099266689e+09,2.0364321898e+09,1.3357010014e+09,1.0182160949e+09,7.1057929936e+12,1.7396686263e+12,3.8893942352e+11,1.4558357285e+11,6.0283182355e+10,4.4091954804e+09,1.3357010014e+09,6.3496981290e+08,3.1748490645e+08
256,8000,60,1.2355435527e+13,7.6967486804e+12,6.5179592864e+12,6.3050043147e+12,6.2302982439e+12,6.1812975387e+12,6.1786043235e+12,6.1779984272e+12,6.1777177636e+12,7.6967486804e+12,3.0380618337e+12,1.8592724396e+12,1.6463174679e+12,1.5716113971e+12,1.5226106920e+12,1.5199174767e+12,1.5193115804e+12,1.5190309168e+12,6.5179592864e+12,1.8592724396e+12,6.8048304556e+11,4.6752807387e+11,3.9282200308e+11,3.4382129792e+11,3.4112808267e+11,3.4052218633e+11,3.4024152278e+11,6.3050043147e+12,1.6463174679e+12,4.6752807387e+11,2.5457310219e+11,1.7986703140e+11,1.3086632624e+11,1.2817311098e+11,1.2756721465e+11,1.2728655109e+11,6.2302982439e+12,1.5716113971e+12,3.9282200308e+11,1.7986703140e+11,1.0516096060e+11,5.6160255445e+10,5.3467040193e+10,5.2861143856e+10,5.2580480302e+10,6.1812975387e+12,1.5226106920e+12,3.4382129792e+11,1.3086632624e+11,5.6160255445e+10,7.1595502862e+09,4.4663350343e+09,3.8604386966e+09,3.5797751431e+09,6.1786043235e+12,1.5199174767e+12,3.4112808267e+11,1.2817311098e+11,5.3467040193e+10,4.4663350343e+09,1.7731197825e+09,1.1672234448e+09,8.8655989125e+08,6.1779984272e+12,1.5193115804e+12,3.4052218633e+11,1.2756721465e+11,5.2861143856e+10,3.8604386966e+09,1.1672234448e+09,5.6132710702e+08,2.8066355351e+08
257,8000,70,1.1291312443e+13,7.0363506675e+12,5.9574693767e+12,5.7623331077e+12,5.6938551283e+12,5.6489237002e+12,5.6464633159e+12,5.6459148747e+12,5.6456562214e+12,7.0363506675e+12,2.7813888921e+12,1.7025076013e+12,1.5073713323e+12,1.4388933529e+12,1.3939619248e+12,1.3915015405e+12,1.3909530993e+12,1.3906944460e+12,5.9574693767e+12,1.7025076013e+12,6.2362631045e+11,4.2849004151e+11,3.6001206206e+11,3.1508063399e+11,3.1262024971e+11,3.1207180848e+11,3.1181315523e+11,5.7623331077e+12,1.5073713323e+12,4.2849004151e+11,2.3335377257e+11,1.6487579312e+11,1.1994436504e+11,1.1748398076e+11,1.1693553953e+11,1.1667688628e+11,5.6938551283e+12,1.4388933529e+12,3.6001206206e+11,1.6487579312e+11,9.6397813675e+10,5.1466385597e+10,4.9006001318e+10,4.8457560086e+10,4.8198906837e+10,5.6489237002e+12,1.3939619248e+12,3.1508063399e+11,1.1994436504e+11,5.1466385597e+10,6.5349575199e+09,4.0745732408e+09,3.5261320090e+09,3.2674787600e+09,5.6464633159e+12,1.3915015405e+12,3.1262024971e+11,1.1748398076e+11,4.9006001318e+10,4.0745732408e+09,1.6141889616e+09,1.0657477298e+09,8.0709448081e+08,5.6459148747e+12,1.3909530993e+12,3.1207180848e+11,1.1693553953e+11,4.8457560086e+10,3.5261320090e+09,1.0657477298e+09,5.1730649800e+08,2.5865324900e+08
258,8000,80,1.0731599437e+13,6.6887201412e+12,5.6625792863e+12,5.4768737584e+12,5.4116935478e+12,5.3689125676e+12,5.3665695404e+12,5.3660478455e+12,5.3657997186e+12,6.6887201412e+12,2.6458408452e+12,1.6196999903e+12,1.4339944625e+12,1.3688142519e+12,1.3260332716e+12,1.3236902444e+12,1.3231685496e+12,1.3229204226e+12,5.6625792863e+12,1.6196999903e+12,5.9355913540e+11,4.0785360755e+11,3.4267339693e+11,2.9989241672e+11,2.9754938950e+11,2.9702769467e+11,2.9677956770e+11,5.4768737584e+12,1.4339944625e+12,4.0785360755e+11,2.2214807969e+11,1.5696786908e+11,1.1418688886e+11,1.1184386164e+11,1.1132216682e+11,1.1107403985e+11,5.4116935478e+12,1.3688142519e+12,3.4267339693e+11,1.5696786908e+11,9.1787658469e+10,4.9006678253e+10,4.6663651033e+10,4.6141956205e+10,4.5893829234e+10,5.3689125676e+12,1.3260332716e+12,2.9989241672e+11,1.1418688886e+11,4.9006678253e+10,6.2256980374e+09,3.8826708171e+09,3.3609759891e+09,3.1128490187e+09,5.3665695404e+12,1.3236902444e+12,2.9754938950e+11,1.1184386164e+11,4.6663651033e+10,3.8826708171e+09,1.5396435968e+09,1.0179487688e+09,7.6982179840e+08,5.3660478455e+12,1.3231685496e+12,2.9702769467e+11,1.1132216682e+11,4.6141956205e+10,3.3609759891e+09,1.0179487688e+09,4.9625394079e+08,2.4812697039e+08
259,8000,90,1.0556913572e+13,6.5802090672e+12,5.5705445234e+12,5.3877847448e+12,5.3236342882e+12,5.2815225909e+12,5.2792154617e+12,5.2787017607e+12,5.2784567858e+12,6.5802090672e+12,2.6035045626e+12,1.5938400189e+12,1.4110802403e+12,1.3469297837e+12,1.3048180864e+12,1.3025109571e+12,1.3019972561e+12,1.3017522813e+12,5.5705445234e+12,1.5938400189e+12,5.8417547510e+11,4.0141569655e+11,3.3726523991e+11,2.9515354259e+11,2.9284641337e+11,2.9233271237e+11,2.9208773755e+11,5.3877847448e+12,1.4110802403e+12,4.0141569655e+11,2.1865591800e+11,1.5450546136e+11,1.1239376404e+11,1.1008663482e+11,1.0957293382e+11,1.0932795900e+11,5.3236342882e+12,1.3469297837e+12,3.3726523991e+11,1.5450546136e+11,9.0355004716e+10,4.8243307392e+10,4.5936178176e+10,4.5422477180e+10,4.5177502358e+10,5.2815225909e+12,1.3048180864e+12,2.9515354259e+11,1.1239376404e+11,4.8243307392e+10,6.1316100673e+09,3.8244808518e+09,3.3107798560e+09,3.0658050337e+09,5.2792154617e+12,1.3025109571e+12,2.9284641337e+11,1.1008663482e+11,4.5936178176e+10,3.8244808518e+09,1.5173516363e+09,1.0036506405e+09,7.5867581815e+08,5.2787017607e+12,1.3019972561e+12,2.9233271237e+11,1.0957293382e+11,4.5422477180e+10,3.3107798560e+09,1.0036506405e+09,4.8994964478e+08,2.4497482239e+08
260,9000,0,5.6118808226e+13,3.4579549202e+13,2.9361796201e+13,2.8513002960e+13,2.8230389143e+13,2.8067657633e+13,2.8061085760e+13,2.8059924754e+13,2.8059404113e+13,3.4579549202e+13,1.3040290177e+13,7.8225371768e+12,6.9737439356e+12,6.6911301188e+12,6.5283986084e+12,6.5218267355e+12,6.5206657293e+12,6.5201450887e+12,2.9361796201e+13,7.8225371768e+12,2.6047841763e+12,1.7559909350e+12,1.4733771183e+12,1.3106456078e+12,1.3040737349e+12,1.3029127287e+12,1.3023920881e+12,2.8513002960e+13,6.9737439356e+12,1.7559909350e+12,9.0719769375e+11,6.2458387700e+11,4.6185236654e+11,4.5528049364e+11,4.5411948746e+11,4.5359884688e+11,2.8230389143e+13,6.6911301188e+12,1.4733771183e+12,6.2458387700e+11,3.4197006025e+11,1.7923854979e+11,1.7266667689e+11,1.7150567071e+11,1.7098503013e+11,2.8067657633e+13,6.5283986084e+12,1.3106456078e+12,4.6185236654e+11,1.7923854979e+11,1.6507039325e+10,9.9351664291e+09,8.7741602485e+09,8.2535196623e+09,2.8061085760e+13,6.5218267355e+12,1.3040737349e+12,4.5528049364e+11,1.7266667689e+11,9.9351664291e+09,3.3632935337e+09,2.2022873531e+09,1.6816467668e+09,2.8059924754e+13,6.5206657293e+12,1.3029127287e+12,4.5411948746e+11,1.7150567071e+11,8.7741602485e+09,2.2022873531e+09,1.0412811724e+09,5.2064058622e+08
261,9000,10,5.0233653534e+13,3.0797935692e+13,2.6230484101e+13,2.5502620405e+13,2.5261795959e+13,2.5123894242e+13,2.5118284381e+13,2.5117278667e+13,2.5116826767e+13,3.0797935692e+13,1.1362217851e+13,6.7947662596e+12,6.0669025642e+12,5.8260781175e+12,5.6881764003e+12,5.6825665397e+12,5.6815608261e+12,5.6811089256e+12,2.6230484101e+13,6.7947662596e+12,2.2273146682e+12,1.4994509727e+12,1.2586265260e+12,1.1207248088e+12,1.1151149482e+12,1.1141092347e+12,1.1136573341e+12,2.5502620405e+13,6.0669025642e+12,1.4994509727e+12,7.7158727722e+11,5.3076283055e+11,3.9286111332e+11,3.8725125272e+11,3.8624553920e+11,3.8579363861e+11,2.5261795959e+13,5.8260781175e+12,1.2586265260e+12,5.3076283055e+11,2.8993838387e+11,1.5203666665e+11,1.4642680605e+11,1.4542109252e+11,1.4496919194e+11,2.5123894242e+13,5.6881764003e+12,1.1207248088e+12,3.9286111332e+11,1.5203666665e+11,1.4134949427e+10,8.5250888270e+09,7.5193753011e+09,7.0674747135e+09,2.5118284381e+13,5.6825665397e+12,1.1151149482e+12,3.8725125272e+11,1.4642680605e+11,8.5250888270e+09,2.9152282271e+09,1.9095147012e+09,1.4576141136e+09,2.5117278667e+13,5.6815608261e+12,1.1141092347e+12,3.8624553920e+11,1.4542109252e+11,7.5193753011e+09,1.9095147012e+09,9.0380117520e+08,4.5190058760e+08
262,9000,20,3.7334277623e+13,2.2649457180e+13,1.9415582177e+13,1.8922682023e+13,1.8762115053e+13,1.8671897438e+13,1.8668188429e+13,1.8667471274e+13,1.8667138812e+13,2.2649457180e+13,7.9646367371e+12,4.7307617343e+12,4.2378615803e+12,4.0772946101e+12,3.9870769945e+12,3.9833679856e+12,3.9826508313e+12,3.9823183686e+12,1.9415582177e+13,4.7307617343e+12,1.4968867314e+12,1.0039865774e+12,8.4341960726e+11,7.5320199161e+11,7.4949298274e+11,7.4877582838e+11,7.4844336570e+11,1.8922682023e+13,4.2378615803e+12,1.0039865774e+12,5.1108642340e+11,3.5051945326e+11,2.6030183761e+11,2.5659282874e+11,2.5587567438e+11,2.5554321170e+11,1.8762115053e+13,4.0772946101e+12,8.4341960726e+11,3.5051945326e+11,1.8995248312e+11,9.9734867470e+10,9.6025858602e+10,9.5308704244e+10,9.4976241561e+10,1.8671897438e+13,3.9870769945e+12,7.5320199161e+11,2.6030183761e+11,9.9734867470e+10,9.5172518179e+09,5.8082429502e+09,5.0910885920e+09,4.7586259090e+09,1.8668188429e+13,3.9833679856e+12,7.4949298274e+11,2.5659282874e+11,9.6025858602e+10,5.8082429502e+09,2.0992340826e+09,1.3820797243e+09,1.0496170413e+09,1.8667471274e+13,3.9826508313e+12,7.4877582838e+11,2.5587567438e+11,9.5308704244e+10,5.0910885920e+09,1.3820797243e+09,6.6492536599e+08,3.3246268300e+08
263,9000,30,2.5612103357e+13,1.5427690408e+13,1.3287352979e+13,1.2969599717e+13,1.2866931956e+13,1.2809483920e+13,1.2806935183e+13,1.2806335155e+13,1.2806051678e+13,1.5427690408e+13,5.2432774589e+12,3.1029400301e+12,2.7851867684e+12,2.6825190070e+12,2.6250709708e+12,2.6225222345e+12,2.6219222065e+12,2.6216387294e+12,1.3287352979e+13,3.1029400301e+12,9.6260260134e+11,6.4484933960e+11,5.4218157827e+11,4.8473354202e+11,4.8218480578e+11,4.8158477771e+11,4.8130130067e+11,1.2969599717e+13,2.7851867684e+12,6.4484933960e+11,3.2709607787e+11,2.2442831653e+11,1.6698028028e+11,1.6443154405e+11,1.6383151597e+11,1.6354803893e+11,1.2866931956e+13,2.6825190070e+12,5.4218157827e+11,2.2442831653e+11,1.2176055520e+11,6.4312518950e+10,6.1763782714e+10,6.1163754638e+10,6.0880277600e+10,1.2809483920e+13,2.6250709708e+12,4.8473354202e+11,1.6698028028e+11,6.4312518950e+10,6.8644827009e+09,4.3157464651e+09,3.7157183888e+09,3.4322413504e+09,1.2806935183e+13,2.6225222345e+12,4.8218480578e+11,1.6443154405e+11,6.1763782714e+10,4.3157464651e+09,1.7670102293e+09,1.1669821530e+09,8.8350511466e+08,1.2806335155e+13,2.6219222065e+12,4.8158477771e+11,1.6383151597e+11,6.1163754638e+10,3.7157183888e+09,1.1669821530e+09,5.6695407678e+08,2.8347703839e+08
264,9000,40,1.8595926547e+13,1.1210114837e+13,9.6522746892e+12,9.4191807427e+12,9.3435962178e+12,9.3008788524e+12,9.2987968675e+12,9.2982265570e+12,9.2979632734e+12,1.1210114837e+13,3.8243031274e+12,2.2664629795e+12,2.0333690330e+12,1.9577845080e+12,1.9150671426e+12,1.9129851577e+12,1.9124148472e+12,1.9121515637e+12,9.6522746892e+12,2.2664629795e+12,7.0862283154e+11,4.7552888504e+11,3.9994436014e+11,3.5722699468e+11,3.5514500978e+11,3.5457469933e+11,3.5431141577e+11,9.4191807427e+12,2.0333690330e+12,4.7552888504e+11,2.4243493854e+11,1.6685041364e+11,1.2413304818e+11,1.2205106328e+11,1.2148075283e+11,1.2121746927e+11,9.3435962178e+12,1.9577845080e+12,3.9994436014e+11,1.6685041364e+11,9.1265888735e+10,4.8548523281e+10,4.6466538379e+10,4.5896227930e+10,4.5632944368e+10,9.3008788524e+12,1.9150671426e+12,3.5722699468e+11,1.2413304818e+11,4.8548523281e+10,5.8311578256e+09,3.7491729243e+09,3.1788624753e+09,2.9155789128e+09,9.2987968675e+12,1.9129851577e+12,3.5514500978e+11,1.2205106328e+11,4.6466538379e+10,3.7491729243e+09,1.6671880230e+09,1.0968775740e+09,8.3359401151e+08,9.2982265570e+12,1.9124148472e+12,3.5457469933e+11,1.2148075283e+11,4.5896227930e+10,3.1788624753e+09,1.0968775740e+09,5.2656712499e+08,2.6328356249e+08
265,9000,50,1.5043102356e+13,9.0842812312e+12,7.8130477214e+12,7.6216688247e+12,7.5594639731e+12,7.5241028500e+12,7.5223015082e+12,7.5217888285e+12,7.5215511778e+12,9.0842812312e+12,3.1254601070e+12,1.8542265971e+12,1.6628477005e+12,1.6006428488e+12,1.5652817257e+12,1.5634803839e+12,1.5629677043e+12,1.5627300535e+12,7.8130477214e+12,1.8542265971e+12,5.8299308729e+11,3.9161419060e+11,3.2940933897e+11,2.9404821585e+11,2.9224687405e+11,2.9173419442e+11,2.9149654364e+11,7.6216688247e+12,1.6628477005e+12,3.9161419060e+11,2.0023529392e+11,1.3803044229e+11,1.0266931917e+11,1.0086797736e+11,1.0035529774e+11,1.0011764696e+11,7.5594639731e+12,1.6006428488e+12,3.2940933897e+11,1.3803044229e+11,7.5825590649e+10,4.0464467533e+10,3.8663125728e+10,3.8150446101e+10,3.7912795325e+10,7.5241028500e+12,1.5652817257e+12,2.9404821585e+11,1.0266931917e+11,4.0464467533e+10,5.1033444159e+09,3.3020026110e+09,2.7893229839e+09,2.5516722079e+09,7.5223015082e+12,1.5634803839e+12,2.9224687405e+11,1.0086797736e+11,3.8663125728e+10,3.3020026110e+09,1.5006608062e+09,9.8798117902e+08,7.5033040310e+08,7.5217888285e+12,1.5629677043e+12,2.9173419442e+11,1.0035529774e+11,3.8150446101e+10,2.7893229839e+09,9.8798117902e+08,4.7530155185e+08,2.3765077592e+08
266,9000,60,1.3101829140e+13,7.9169692097e+12,6.8062432064e+12,6.6386439035e+12,6.5841279965e+12,6.5531145668e+12,6.5515531592e+12,6.5511214068e+12,6.5509145700e+12,7.9169692097e+12,2.7321092794e+12,1.6213832761e+12,1.4537839733e+12,1.3992680662e+12,1.3682546366e+12,1.3666932290e+12,1.3662614766e+12,1.3660546397e+12,6.8062432064e+12,1.6213832761e+12,5.1065727281e+11,3.4305796997e+11,2.8854206292e+11,2.5752863326e+11,2.5596722568e+11,2.5553547328e+11,2.5532863640e+11,6.6386439035e+12,1.4537839733e+12,3.4305796997e+11,1.7545866713e+11,1.2094276008e+11,8.9929330421e+10,8.8367922847e+10,8.7936170445e+10,8.7729333567e+10,6.5841279965e+12,1.3992680662e+12,2.8854206292e+11,1.2094276008e+11,6.6426853029e+10,3.5413423368e+10,3.3852015794e+10,3.3420263392e+10,3.3213426514e+10,6.5531145668e+12,1.3682546366e+12,2.5752863326e+11,8.9929330421e+10,3.5413423368e+10,4.3999937073e+09,2.8385861334e+09,2.4068337313e+09,2.1999968537e+09,6.5515531592e+12,1.3666932290e+12,2.5596722568e+11,8.8367922847e+10,3.3852015794e+10,2.8385861334e+09,1.2771785595e+09,8.4542615745e+08,6.3858927976e+08,6.5511214068e+12,1.3662614766e+12,2.5553547328e+11,8.7936170445e+10,3.3420263392e+10,2.4068337313e+09,8.4542615745e+08,4.1367375537e+08,2.0683687769e+08
267,9000,70,1.1980202162e+13,7.2411843629e+12,6.2241572046e+12,6.0705323588e+12,6.0205457659e+12,5.9921024653e+12,5.9906803353e+12,5.9902917470e+12,5.9901010808e+12,7.2411843629e+12,2.5021665643e+12,1.4851394060e+12,1.3315145602e+12,1.2815279673e+12,1.2530846667e+12,1.2516625367e+12,1.2512739484e+12,1.2510832822e+12,6.2241572046e+12,1.4851394060e+12,4.6811224766e+11,3.1448740185e+11,2.6450080899e+11,2.3605750836e+11,2.3463537839e+11,2.3424679005e+11,2.3405612383e+11,6.0705323588e+12,1.3315145602e+12,3.1448740185e+11,1.6086255603e+11,1.1087596318e+11,8.2432662543e+10,8.1010532569e+10,8.0621944236e+10,8.0431278014e+10,6.0205457659e+12,1.2815279673e+12,2.6450080899e+11,1.1087596318e+11,6.0889370323e+10,3.2446069691e+10,3.1023939716e+10,3.0635351384e+10,3.0444685161e+10,5.9921024653e+12,1.2530846667e+12,2.3605750836e+11,8.2432662543e+10,3.2446069691e+10,4.0027690588e+09,2.5806390839e+09,2.1920507517e+09,2.0013845294e+09,5.9906803353e+12,1.2516625367e+12,2.3463537839e+11,8.1010532569e+10,3.1023939716e+10,2.5806390839e+09,1.1585091090e+09,7.6992077678e+08,5.7925455450e+08,5.9902917470e+12,1.2512739484e+12,2.3424679005e+11,8.0621944236e+10,3.0635351384e+10,2.1920507517e+09,7.6992077678e+08,3.8133244456e+08,1.9066622228e+08
268,9000,80,1.1386765189e+13,6.8833950305e+12,5.9161400474e+12,5.7699509148e+12,5.7223738737e+12,5.6952895181e+12,5.6939351698e+12,5.6935658849e+12,5.6933825945e+12,6.8833950305e+12,2.3800248719e+12,1.4127698888e+12,1.2665807562e+12,1.2190037152e+12,1.1919193595e+12,1.1905650112e+12,1.1901957263e+12,1.1900124360e+12,5.9161400474e+12,1.4127698888e+12,4.4551490566e+11,2.9932577311e+11,2.5174873203e+11,2.2466437640e+11,2.2331002812e+11,2.2294074315e+11,2.2275745283e+11,5.7699509148e+12,1.2665807562e+12,2.9932577311e+11,1.5313664057e+11,1.0555959948e+11,7.8475243848e+10,7.7120895573e+10,7.6751610602e+10,7.6568320283e+10,5.7223738737e+12,1.2190037152e+12,2.5174873203e+11,1.0555959948e+11,5.7982558399e+10,3.0898202764e+10,2.9543854489e+10,2.9174569518e+10,2.8991279200e+10,5.6952895181e+12,1.1919193595e+12,2.2466437640e+11,7.8475243848e+10,3.0898202764e+10,3.8138471296e+09,2.4594988545e+09,2.0902138834e+09,1.9069235648e+09,5.6939351698e+12,1.1905650112e+12,2.2331002812e+11,7.7120895573e+10,2.9543854489e+10,2.4594988545e+09,1.1051505793e+09,7.3586560823e+08,5.5257528967e+08,5.6935658849e+12,1.1901957263e+12,2.2294074315e+11,7.6751610602e+10,2.9174569518e+10,2.0902138834e+09,7.3586560823e+08,3.6658063712e+08,1.8329031856e+08
269,9000,90,1.1200116501e+13,6.7708774201e+12,5.8192610158e+12,5.6754105342e+12,5.6285918807e+12,5.6019358031e+12,5.6006026090e+12,5.6002392267e+12,5.6000582506e+12,6.7708774201e+12,2.3416383390e+12,1.3900219347e+12,1.2461714531e+12,1.1993527996e+12,1.1726967220e+12,1.1713635279e+12,1.1710001456e+12,1.1708191695e+12,5.8192610158e+12,1.3900219347e+12,4.3840553036e+11,2.9455504877e+11,2.4773639531e+11,2.2108031766e+11,2.1974712362e+11,2.1938374131e+11,2.1920276518e+11,5.6754105342e+12,1.2461714531e+12,2.9455504877e+11,1.5070456718e+11,1.0388591372e+11,7.7229836067e+10,7.5896642026e+10,7.5533259715e+10,7.5352283590e+10,5.6285918807e+12,1.1993527996e+12,2.4773639531e+11,1.0388591372e+11,5.7067260257e+10,3.0411182606e+10,2.9077988565e+10,2.8714606254e+10,2.8533630129e+10,5.6019358031e+12,1.1726967220e+12,2.2108031766e+11,7.7229836067e+10,3.0411182606e+10,3.7551049543e+09,2.4219109131e+09,2.0585286020e+09,1.8775524771e+09,5.6006026090e+12,1.1713635279e+12,2.1974712362e+11,7.5896642026e+10,2.9077988565e+10,2.4219109131e+09,1.0887168720e+09,7.2533456089e+08,5.4435843599e+08,5.6002392267e+12,1.1710001456e+12,2.1938374131e+11,7.5533259715e+10,2.8714606254e+10,2.0585286020e+09,7.2533456089e+08,3.6195224980e+08,1.8097612490e+08
270,10000,0,5.4474885585e+13,3.2444276962e+13,2.8081847016e+13,2.7505276850e+13,2.7329171710e+13,2.7241453999e+13,2.7238327721e+13,2.7237723386e+13,2.7237442793e+13,3.2444276962e+13,1.0413668339e+13,6.0512383930e+12,5.4746682268e+12,5.2985630865e+12,5.2108453760e+12,5.2077190974e+12,5.2071147626e+12,5.2068341693e+12,2.8081847016e+13,6.0512383930e+12,1.6888084473e+12,1.1122382811e+12,9.3613314087e+11,8.4841543034e+11,8.4528915173e+11,8.4468481697e+11,8.4440422365e+11,2.7505276850e+13,5.4746682268e+12,1.1122382811e+12,5.3566811495e+11,3.5956297469e+11,2.7184526416e+11,2.6871898555e+11,2.6811465079e+11,2.6783405747e+11,2.7329171710e+13,5.2985630865e+12,9.3613314087e+11,3.5956297469e+11,1.8345783443e+11,9.5740123906e+10,9.2613845295e+10,9.2009510530e+10,9.1728917216e+10,2.7241453999e+13,5.2108453760e+12,8.4841543034e+11,2.7184526416e+11,9.5740123906e+10,8.0224133807e+09,4.8961347700e+09,4.2918000045e+09,4.0112066904e+09,2.7238327721e+13,5.2077190974e+12,8.4528915173e+11,2.6871898555e+11,9.2613845295e+10,4.8961347700e+09,1.7698561593e+09,1.1655213939e+09,8.8492807967e+08,2.7237723386e+13,5.2071147626e+12,8.4468481697e+11,2.6811465079e+11,9.2009510530e+10,4.2918000045e+09,1.1655213939e+09,5.6118662839e+08,2.8059331419e+08
271,10000,10,4.8452223140e+13,2.8741025562e+13,2.4947053003e+13,2.4453810888e+13,2.4304003035e+13,2.4229611563e+13,2.4226914174e+13,2.4226368728e+13,2.4226111570e+13,2.8741025562e+13,9.0298279850e+12,5.2358554261e+12,4.7426133106e+12,4.5928054579e+12,4.5184139856e+12,4.5157165972e+12,4.5151711506e+12,4.5149139925e+12,2.4947053003e+13,5.2358554261e+12,1.4418828672e+12,9.4864075166e+11,7.9883289894e+11,7.2444142668e+11,7.2174403824e+11,7.2119859164e+11,7.2094143360e+11,2.4453810888e+13,4.7426133106e+12,9.4864075166e+11,4.5539863612e+11,3.0559078340e+11,2.3119931114e+11,2.2850192271e+11,2.2795647610e+11,2.2769931806e+11,2.4304003035e+13,4.5928054579e+12,7.9883289894e+11,3.0559078340e+11,1.5578293068e+11,8.1391458418e+10,7.8694069984e+10,7.8148623381e+10,7.7891465339e+10,2.4229611563e+13,4.5184139856e+12,7.2444142668e+11,2.3119931114e+11,8.1391458418e+10,6.9999861582e+09,4.3025977243e+09,3.7571511208e+09,3.4999930791e+09,2.4226914174e+13,4.5157165972e+12,7.2174403824e+11,2.2850192271e+11,7.8694069984e+10,4.3025977243e+09,1.6052092904e+09,1.0597626869e+09,8.0260464518e+08,2.4226368728e+13,4.5151711506e+12,7.2119859164e+11,2.2795647610e+11,7.8148623381e+10,3.7571511208e+09,1.0597626869e+09,5.1431608342e+08,2.5715804171e+08
272,10000,20,3.5175127989e+13,2.0683432579e+13,1.8063845438e+13,1.7736356487e+13,1.7638357356e+13,1.7590194323e+13,1.7588284666e+13,1.7587803334e+13,1.7587563994e+13,2.0683432579e+13,6.1917371702e+12,3.5721500285e+12,3.2446610777e+12,3.1466619465e+12,3.0984989141e+12,3.0965892564e+12,3.0961079252e+12,3.0958685851e+12,1.8063845438e+13,3.5721500285e+12,9.5256288685e+11,6.2507393601e+11,5.2707480485e+11,4.7891177248e+11,4.7700211475e+11,4.7652078352e+11,4.7628144342e+11,1.7736356487e+13,3.2446610777e+12,6.2507393601e+11,2.9758498517e+11,1.9958585401e+11,1.5142282164e+11,1.4951316391e+11,1.4903183268e+11,1.4879249258e+11,1.7638357356e+13,3.1466619465e+12,5.2707480485e+11,1.9958585401e+11,1.0158672285e+11,5.3423690486e+10,5.1514032748e+10,5.1032701526e+10,5.0793361426e+10,1.7590194323e+13,3.0984989141e+12,4.7891177248e+11,1.5142282164e+11,5.3423690486e+10,5.2606581209e+09,3.3510003825e+09,2.8696691608e+09,2.6303290604e+09,1.7588284666e+13,3.0965892564e+12,4.7700211475e+11,1.4951316391e+11,5.1514032748e+10,3.3510003825e+09,1.4413426442e+09,9.6001142241e+08,7.2067132209e+08,1.7587803334e+13,3.0961079252e+12,4.7652078352e+11,1.4903183268e+11,5.1032701526e+10,2.8696691608e+09,9.6001142241e+08,4.7868020063e+08,2.3934010032e+08
273,10000,30,2.3713038536e+13,1.3869499512e+13,1.2161136108e+13,1.1951821917e+13,1.1889587826e+13,1.1858792894e+13,1.1857287915e+13,1.1856772830e+13,1.1856519268e+13,1.3869499512e+13,4.0259604885e+12,2.3175970844e+12,2.1082828933e+12,2.0460488026e+12,2.0152538704e+12,2.0137488908e+12,2.0132338065e+12,2.0129802443e+12,1.2161136108e+13,2.3175970844e+12,6.0923368038e+11,3.9991948924e+11,3.3768539853e+11,3.0689046635e+11,3.0538548678e+11,3.0487040248e+11,3.0461684019e+11,1.1951821917e+13,2.1082828933e+12,3.9991948924e+11,1.9060529810e+11,1.2837120739e+11,9.7576275211e+10,9.6071295638e+10,9.5556211345e+10,9.5302649051e+10,1.1889587826e+13,2.0460488026e+12,3.3768539853e+11,1.2837120739e+11,6.6137116684e+10,3.5342184503e+10,3.3837204930e+10,3.3322120637e+10,3.3068558342e+10,1.1858792894e+13,2.0152538704e+12,3.0689046635e+11,9.7576275211e+10,3.5342184503e+10,4.5472523214e+09,3.0422727485e+09,2.5271884553e+09,2.2736261607e+09,1.1857287915e+13,2.0137488908e+12,3.0538548678e+11,9.6071295638e+10,3.3837204930e+10,3.0422727485e+09,1.5372931756e+09,1.0222088824e+09,7.6864658781e+08,1.1856772830e+13,2.0132338065e+12,3.0487040248e+11,9.5556211345e+10,3.3322120637e+10,2.5271884553e+09,1.0222088824e+09,5.0712458917e+08,2.5356229458e+08
274,10000,40,1.7220801111e+13,1.0084526833e+13,8.8358925059e+12,8.6816825403e+12,8.6356352060e+12,8.6125005748e+12,8.6111673403e+12,8.6106456839e+12,8.6104005553e+12,1.0084526833e+13,2.9482525556e+12,1.6996182284e+12,1.5454082628e+12,1.4993609285e+12,1.4762262974e+12,1.4748930628e+12,1.4743714064e+12,1.4741262778e+12,8.8358925059e+12,1.6996182284e+12,4.5098390125e+11,2.9677393565e+11,2.5072660136e+11,2.2759197018e+11,2.2625873562e+11,2.2573707922e+11,2.2549195062e+11,8.6816825403e+12,1.5454082628e+12,2.9677393565e+11,1.4256397004e+11,9.6516635755e+10,7.3382004578e+10,7.2048770014e+10,7.1527113620e+10,7.1281985022e+10,8.6356352060e+12,1.4993609285e+12,2.5072660136e+11,9.6516635755e+10,5.0469301465e+10,2.7334670289e+10,2.6001435725e+10,2.5479779330e+10,2.5234650733e+10,8.6125005748e+12,1.4762262974e+12,2.2759197018e+11,7.3382004578e+10,2.7334670289e+10,4.2000391125e+09,2.8668045484e+09,2.3451481537e+09,2.1000195562e+09,8.6111673403e+12,1.4748930628e+12,2.2625873562e+11,7.2048770014e+10,2.6001435725e+10,2.8668045484e+09,1.5335699843e+09,1.0119135896e+09,7.6678499213e+08,8.6106456839e+12,1.4743714064e+12,2.2573707922e+11,7.1527113620e+10,2.5479779330e+10,2.3451481537e+09,1.0119135896e+09,4.9025719499e+08,2.4512859749e+08
275,10000,50,1.3998355728e+13,8.2078841363e+12,7.1852482997e+12,7.0582850403e+12,7.0202761092e+12,7.0010214138e+12,6.9998534872e+12,6.9993952061e+12,6.9991778638e+12,8.2078841363e+12,2.4174125450e+12,1.3947767084e+12,1.2678134490e+12,1.2298045179e+12,1.2105498225e+12,1.2093818959e+12,1.2089236148e+12,1.2087062725e+12,7.1852482997e+12,1.3947767084e+12,3.7214087186e+11,2.4517761244e+11,2.0716868127e+11,1.8791398596e+11,1.8674605935e+11,1.8628777822e+11,1.8607043593e+11,7.0582850403e+12,1.2678134490e+12,2.4517761244e+11,1.1821435302e+11,8.0205421847e+10,6.0950726542e+10,5.9782799932e+10,5.9324518798e+10,5.9107176509e+10,7.0202761092e+12,1.2298045179e+12,2.0716868127e+11,8.0205421847e+10,4.2196490676e+10,2.2941795371e+10,2.1773868761e+10,2.1315587627e+10,2.1098245338e+10,7.0010214138e+12,1.2105498225e+12,1.8791398596e+11,6.0950726542e+10,2.2941795371e+10,3.6871000656e+09,2.5191734559e+09,2.0608923214e+09,1.8435500328e+09,6.9998534872e+12,1.2093818959e+12,1.8674605935e+11,5.9782799932e+10,2.1773868761e+10,2.5191734559e+09,1.3512468462e+09,8.9296571176e+08,6.7562342311e+08,6.9993952061e+12,1.2089236148e+12,1.8628777822e+11,5.9324518798e+10,2.1315587627e+10,2.0608923214e+09,8.9296571176e+08,4.3468457730e+08,2.1734228865e+08
276,10000,60,1.2216567565e+13,7.1663483041e+12,6.2713966767e+12,6.1600709463e+12,6.1267229913e+12,6.1098397145e+12,6.1088471123e+12,6.1084701828e+12,6.1082837824e+12,7.1663483041e+12,2.1161290435e+12,1.2211774161e+12,1.1098516857e+12,1.0765037307e+12,1.0596204539e+12,1.0586278517e+12,1.0582509222e+12,1.0580645217e+12,6.2713966767e+12,1.2211774161e+12,3.2622578865e+11,2.1490005828e+11,1.8155210327e+11,1.6466882647e+11,1.6367622424e+11,1.6329929473e+11,1.6311289432e+11,6.1600709463e+12,1.1098516857e+12,2.1490005828e+11,1.0357432791e+11,7.0226372902e+10,5.3343096104e+10,5.2350493872e+10,5.1973564362e+10,5.1787163953e+10,6.1267229913e+12,1.0765037307e+12,1.8155210327e+11,7.0226372902e+10,3.6878417898e+10,1.9995141100e+10,1.9002538867e+10,1.8625609357e+10,1.8439208949e+10,6.1098397145e+12,1.0596204539e+12,1.6466882647e+11,5.3343096104e+10,1.9995141100e+10,3.1118643019e+09,2.1192620693e+09,1.7423325591e+09,1.5559321510e+09,6.1088471123e+12,1.0586278517e+12,1.6367622424e+11,5.2350493872e+10,1.9002538867e+10,2.1192620693e+09,1.1266598367e+09,7.4973032650e+08,5.6332991835e+08,6.1084701828e+12,1.0582509222e+12,1.6329929473e+11,5.1973564362e+10,1.8625609357e+10,1.7423325591e+09,7.4973032650e+08,3.7280081629e+08,1.8640040815e+08
277,10000,70,1.1180447839e+13,6.5598656139e+12,5.7398214019e+12,5.6377177684e+12,5.6071228551e+12,5.5916339786e+12,5.5907337040e+12,5.5903954897e+12,5.5902239193e+12,6.5598656139e+12,1.9392833892e+12,1.1192391772e+12,1.0171355437e+12,9.8654063040e+11,9.7105175392e+11,9.7015147934e+11,9.6981326507e+11,9.6964169462e+11,5.7398214019e+12,1.1192391772e+12,2.9919496514e+11,1.9709133169e+11,1.6649641835e+11,1.5100754187e+11,1.5010726729e+11,1.4976905302e+11,1.4959748257e+11,5.6377177684e+12,1.0171355437e+12,1.9709133169e+11,9.4987698239e+10,6.4392784898e+10,4.8903908420e+10,4.8003633841e+10,4.7665419564e+10,4.7493849120e+10,5.6071228551e+12,9.8654063040e+11,1.6649641835e+11,6.4392784898e+10,3.3797871556e+10,1.8308995079e+10,1.7408720499e+10,1.7070506222e+10,1.6898935778e+10,5.5916339786e+12,9.7105175392e+11,1.5100754187e+11,4.8903908420e+10,1.8308995079e+10,2.8201186015e+09,1.9198440218e+09,1.5816297449e+09,1.4100593008e+09,5.5907337040e+12,9.7015147934e+11,1.5010726729e+11,4.8003633841e+10,1.7408720499e+10,1.9198440218e+09,1.0195694420e+09,6.8135516518e+08,5.0978472102e+08,5.5903954897e+12,9.6981326507e+11,1.4976905302e+11,4.7665419564e+10,1.7070506222e+10,1.5816297449e+09,6.8135516518e+08,3.4314088832e+08,1.7157044416e+08
278,10000,80,1.0630701979e+13,6.2379034619e+12,5.4577591309e+12,5.3605772700e+12,5.3314509295e+12,5.3166958166e+12,5.3158377979e+12,5.3155162867e+12,5.3153509896e+12,6.2379034619e+12,1.8451049446e+12,1.0649606137e+12,9.6777875276e+11,9.3865241224e+11,9.2389729931e+11,9.2303928066e+11,9.2271776941e+11,9.2255247230e+11,5.4577591309e+12,1.0649606137e+12,2.8481628273e+11,1.8763442182e+11,1.5850808130e+11,1.4375296837e+11,1.4289494972e+11,1.4257343847e+11,1.4240814136e+11,5.3605772700e+12,9.6777875276e+11,1.8763442182e+11,9.0452560918e+10,6.1326220392e+10,4.6571107465e+10,4.5713088815e+10,4.5391577564e+10,4.5226280459e+10,5.3314509295e+12,9.3865241224e+11,1.5850808130e+11,6.1326220392e+10,3.2199879865e+10,1.7444766939e+10,1.6586748288e+10,1.6265237037e+10,1.6099939933e+10,5.3166958166e+12,9.2389729931e+11,1.4375296837e+11,4.6571107465e+10,1.7444766939e+10,2.6896540124e+09,1.8316353620e+09,1.5101241108e+09,1.3448270062e+09,5.3158377979e+12,9.2303928066e+11,1.4289494972e+11,4.5713088815e+10,1.6586748288e+10,1.8316353620e+09,9.7361671163e+08,6.5210546044e+08,4.8680835582e+08,5.3155162867e+12,9.2271776941e+11,1.4257343847e+11,4.5391577564e+10,1.6265237037e+10,1.5101241108e+09,6.5210546044e+08,3.3059420925e+08,1.6529710462e+08
279,10000,90,1.0456488717e+13,6.1358360046e+12,5.3683666779e+12,5.2727498982e+12,5.2440906141e+12,5.2295686835e+12,5.2287239656e+12,5.2284076484e+12,5.2282443585e+12,6.1358360046e+12,1.8151832922e+12,1.0477139655e+12,9.5209718587e+11,9.2343790173e+11,9.0891597110e+11,9.0807125328e+11,9.0775493605e+11,9.0759164611e+11,5.3683666779e+12,1.0477139655e+12,2.8024463883e+11,1.8462785917e+11,1.5596857503e+11,1.4144664440e+11,1.4060192658e+11,1.4028560935e+11,1.4012231942e+11,5.2727498982e+12,9.5209718587e+11,1.8462785917e+11,8.9011079503e+10,6.0351795368e+10,4.5829864740e+10,4.4985146918e+10,4.4668829682e+10,4.4505539751e+10,5.2440906141e+12,9.2343790173e+11,1.5596857503e+11,6.0351795368e+10,3.1692511234e+10,1.7170580605e+10,1.6325862783e+10,1.6009545547e+10,1.5846255617e+10,5.2295686835e+12,9.0891597110e+11,1.4144664440e+11,4.5829864740e+10,1.7170580605e+10,2.6486499767e+09,1.8039321546e+09,1.4876149186e+09,1.3243249884e+09,5.2287239656e+12,9.0807125328e+11,1.4060192658e+11,4.4985146918e+10,1.6325862783e+10,1.8039321546e+09,9.5921433240e+08,6.4289709646e+08,4.7960716620e+08,5.2284076484e+12,9.0775493605e+11,1.4028560935e+11,4.4668829682e+10,1.6009545547e+10,1.4876149186e+09,6.4289709646e+08,3.2657986052e+08,1.6328993026e+08
280,12500,0,3.4584959726e+13,1.9228489221e+13,1.7491243899e+13,1.7344787021e+13,1.7308954549e+13,1.7294257388e+13,1.7293249036e+13,1.7292756805e+13,1.7292479863e+13,1.9228489221e+13,3.8720187148e+12,2.1347733930e+12,1.9883165155e+12,1.9524840433e+12,1.9377868820e+12,1.9367785299e+12,1.9362862997e+12,1.9360093574e+12,1.7491243899e+13,2.1347733930e+12,3.9752807129e+11,2.5107119378e+11,2.1523872155e+11,2.0054156020e+11,1.9953320819e+11,1.9904097798e+11,1.9876403565e+11,1.7344787021e+13,1.9883165155e+12,2.5107119378e+11,1.0461431627e+11,6.8781844036e+10,5.4084682687e+10,5.3076330678e+10,5.2584100469e+10,5.2307158134e+10,1.7308954549e+13,1.9524840433e+12,2.1523872155e+11,6.8781844036e+10,3.2949371803e+10,1.8252210454e+10,1.7243858445e+10,1.6751628236e+10,1.6474685902e+10,1.7294257388e+13,1.9377868820e+12,2.0054156020e+11,5.4084682687e+10,1.8252210454e+10,3.5550491053e+09,2.5466970958e+09,2.0544668868e+09,1.7775245526e+09,1.7293249036e+13,1.9367785299e+12,1.9953320819e+11,5.3076330678e+10,1.7243858445e+10,2.5466970958e+09,1.5383450864e+09,1.0461148774e+09,7.6917254320e+08,1.7292756805e+13,1.9362862997e+12,1.9904097798e+11,5.2584100469e+10,1.6751628236e+10,2.0544668868e+09,1.0461148774e+09,5.5388466830e+08,2.7694233415e+08
281,12500,10,3.0071950975e+13,1.6693987828e+13,1.5206158865e+13,1.5081208409e+13,1.5050655214e+13,1.5037882015e+13,1.5036837228e+13,1.5036283089e+13,1.5035975487e+13,1.6693987828e+13,3.3160246819e+12,1.8281957190e+12,1.7032452622e+12,1.6726920678e+12,1.6599188689e+12,1.6588740821e+12,1.6583199427e+12,1.6580123410e+12,1.5206158865e+13,1.8281957190e+12,3.4036675601e+11,2.1541629921e+11,1.8486310481e+11,1.7208990595e+11,1.7104511915e+11,1.7049097972e+11,1.7018337800e+11,1.5081208409e+13,1.7032452622e+12,2.1541629921e+11,9.0465842413e+10,5.9912648014e+10,4.7139449154e+10,4.6094662352e+10,4.5540522917e+10,4.5232921206e+10,1.5050655214e+13,1.6726920678e+12,1.8486310481e+11,5.9912648014e+10,2.9359453615e+10,1.6586254755e+10,1.5541467952e+10,1.4987328518e+10,1.4679726807e+10,1.5037882015e+13,1.6599188689e+12,1.7208990595e+11,4.7139449154e+10,1.6586254755e+10,3.8130558962e+09,2.7682690932e+09,2.2141296590e+09,1.9065279481e+09,1.5036837228e+13,1.6588740821e+12,1.7104511915e+11,4.6094662352e+10,1.5541467952e+10,2.7682690932e+09,1.7234822902e+09,1.1693428560e+09,8.6174114512e+08,1.5036283089e+13,1.6583199427e+12,1.7049097972e+11,4.5540522917e+10,1.4987328518e+10,2.2141296590e+09,1.1693428560e+09,6.1520342181e+08,3.0760171091e+08
282,12500,20,2.0845014851e+13,1.1521483235e+13,1.0533785913e+13,1.0453021390e+13,1.0433482007e+13,1.0424756403e+13,1.0423592073e+13,1.0422880979e+13,1.0422507426e+13,1.1521483235e+13,2.1979516194e+12,1.2102542973e+12,1.1294897737e+12,1.1099503912e+12,1.1012247869e+12,1.1000604567e+12,1.0993493630e+12,1.0989758097e+12,1.0533785913e+13,1.2102542973e+12,2.2255697512e+11,1.4179245153e+11,1.2225306907e+11,1.1352746481e+11,1.1236313452e+11,1.1165204085e+11,1.1127848756e+11,1.0453021390e+13,1.1294897737e+12,1.4179245153e+11,6.1027927948e+10,4.1488545483e+10,3.2762941219e+10,3.1598610937e+10,3.0887517266e+10,3.0513963974e+10,1.0433482007e+13,1.1099503912e+12,1.2225306907e+11,4.1488545483e+10,2.1949163018e+10,1.3223558753e+10,1.2059228471e+10,1.1348134801e+10,1.0974581509e+10,1.0424756403e+13,1.1012247869e+12,1.1352746481e+11,3.2762941219e+10,1.3223558753e+10,4.4979544893e+09,3.3336242072e+09,2.6225305363e+09,2.2489772446e+09,1.0423592073e+13,1.1000604567e+12,1.1236313452e+11,3.1598610937e+10,1.2059228471e+10,3.3336242072e+09,2.1692939252e+09,1.4582002543e+09,1.0846469626e+09,1.0422880979e+13,1.0993493630e+12,1.1165204085e+11,3.0887517266e+10,1.1348134801e+10,2.6225305363e+09,1.4582002543e+09,7.4710658340e+08,3.7355329170e+08
283,12500,30,1.3614410268e+13,7.5122309883e+12,6.8797045399e+12,6.8283456847e+12,6.8158589014e+12,6.8096434893e+12,6.8083944309e+12,6.8075955326e+12,6.8072051341e+12,7.5122309883e+12,1.4100517084e+12,7.7752525996e+11,7.2616640477e+11,7.1367962146e+11,7.0746420942e+11,7.0621515096e+11,7.0541625269e+11,7.0502585420e+11,6.8797045399e+12,7.7752525996e+11,1.4499881152e+11,9.3639956323e+10,8.1153173018e+10,7.4937760974e+10,7.3688702512e+10,7.2889804243e+10,7.2499405760e+10,6.8283456847e+12,7.2616640477e+11,9.3639956323e+10,4.2281101125e+10,2.9794317819e+10,2.3578905776e+10,2.2329847314e+10,2.1530949045e+10,2.1140550562e+10,6.8158589014e+12,7.1367962146e+11,8.1153173018e+10,2.9794317819e+10,1.7307534514e+10,1.1092122471e+10,9.8430640087e+09,9.0441657394e+09,8.6537672571e+09,6.8096434893e+12,7.0746420942e+11,7.4937760974e+10,2.3578905776e+10,1.1092122471e+10,4.8767104278e+09,3.6276519654e+09,2.8287536962e+09,2.4383552139e+09,6.8083944309e+12,7.0621515096e+11,7.3688702512e+10,2.2329847314e+10,9.8430640087e+09,3.6276519654e+09,2.3785935031e+09,1.5796952338e+09,1.1892967515e+09,6.8075955326e+12,7.0541625269e+11,7.2889804243e+10,2.1530949045e+10,9.0441657394e+09,2.8287536962e+09,1.5796952338e+09,7.8079696453e+08,3.9039848227e+08
284,12500,40,9.9493697330e+12,5.4956881437e+12,5.0293916629e+12,4.9912013001e+12,4.9818161672e+12,4.9768638886e+12,4.9757339615e+12,4.9750195243e+12,4.9746848665e+12,5.4956881437e+12,1.0420065545e+12,5.7571007361e+11,5.3751971086e+11,5.2813457795e+11,5.2318229936e+11,5.2205237223e+11,5.2133793502e+11,5.2100327723e+11,5.0293916629e+12,5.7571007361e+11,1.0941359277e+11,7.1223230016e+10,6.1838097104e+10,5.6885818508e+10,5.5755891379e+10,5.5041454172e+10,5.4706796383e+10,4.9912013001e+12,5.3751971086e+11,7.1223230016e+10,3.3032867266e+10,2.3647734355e+10,1.8695455758e+10,1.7565528630e+10,1.6851091422e+10,1.6516433633e+10,4.9818161672e+12,5.2813457795e+11,6.1838097104e+10,2.3647734355e+10,1.4262601443e+10,9.3103228469e+09,8.1803957180e+09,7.4659585103e+09,7.1313007215e+09,4.9768638886e+12,5.2318229936e+11,5.6885818508e+10,1.8695455758e+10,9.3103228469e+09,4.3580442507e+09,3.2281171218e+09,2.5136799141e+09,2.1790221254e+09,4.9757339615e+12,5.2205237223e+11,5.5755891379e+10,1.7565528630e+10,8.1803957180e+09,3.2281171218e+09,2.0981899929e+09,1.3837527852e+09,1.0490949965e+09,4.9750195243e+12,5.2133793502e+11,5.5041454172e+10,1.6851091422e+10,7.4659585103e+09,2.5136799141e+09,1.3837527852e+09,6.6931557753e+08,3.3465778877e+08
285,12500,50,8.1464606945e+12,4.5023765152e+12,4.1186894627e+12,4.0870474782e+12,4.0792254538e+12,4.0750269139e+12,4.0740864341e+12,4.0735092864e+12,4.0732303472e+12,4.5023765152e+12,8.5829233587e+11,4.7460528343e+11,4.4296329886e+11,4.3514127450e+11,4.3094273464e+11,4.3000225475e+11,4.2942510708e+11,4.2914616793e+11,4.1186894627e+12,4.7460528343e+11,9.0918230991e+10,5.9276246423e+10,5.1454222059e+10,4.7255682201e+10,4.6315202312e+10,4.5738054640e+10,4.5459115496e+10,4.0870474782e+12,4.4296329886e+11,5.9276246423e+10,2.7634261855e+10,1.9812237491e+10,1.5613697633e+10,1.4673217744e+10,1.4096070071e+10,1.3817130927e+10,4.0792254538e+12,4.3514127450e+11,5.1454222059e+10,1.9812237491e+10,1.1990213128e+10,7.7916732692e+09,6.8511933807e+09,6.2740457079e+09,5.9951065639e+09,4.0750269139e+12,4.3094273464e+11,4.7255682201e+10,1.5613697633e+10,7.7916732692e+09,3.5931334107e+09,2.6526535222e+09,2.0755058494e+09,1.7965667053e+09,4.0740864341e+12,4.3000225475e+11,4.6315202312e+10,1.4673217744e+10,6.8511933807e+09,2.6526535222e+09,1.7121736337e+09,1.1350259609e+09,8.5608681687e+08,4.0735092864e+12,4.2942510708e+11,4.5738054640e+10,1.4096070071e+10,6.2740457079e+09,2.0755058494e+09,1.1350259609e+09,5.5787828814e+08,2.7893914407e+08
286,12500,60,7.1272236731e+12,3.9397458529e+12,3.6034284382e+12,3.5756386597e+12,3.5687676713e+12,3.5651149729e+12,3.5643302224e+12,3.5638515735e+12,3.5636118365e+12,3.9397458529e+12,7.5226803280e+11,4.1595061808e+11,3.8816083952e+11,3.8128985114e+11,3.7763715271e+11,3.7685240222e+11,3.7637375336e+11,3.7613401640e+11,3.6034284382e+12,4.1595061808e+11,7.9633203359e+10,5.1843424795e+10,4.4972436415e+10,4.1319737992e+10,4.0534987499e+10,4.0056338643e+10,3.9816601679e+10,3.5756386597e+12,3.8816083952e+11,5.1843424795e+10,2.4053646231e+10,1.7182657851e+10,1.3529959429e+10,1.2745208936e+10,1.2266560079e+10,1.2026823116e+10,3.5687676713e+12,3.8128985114e+11,4.4972436415e+10,1.7182657851e+10,1.0311669472e+10,6.6589710487e+09,5.8742205558e+09,5.3955716994e+09,5.1558347358e+09,3.5651149729e+12,3.7763715271e+11,4.1319737992e+10,1.3529959429e+10,6.6589710487e+09,3.0062726258e+09,2.2215221328e+09,1.7428732764e+09,1.5031363129e+09,3.5643302224e+12,3.7685240222e+11,4.0534987499e+10,1.2745208936e+10,5.8742205558e+09,2.2215221328e+09,1.4367716399e+09,9.5812278348e+08,7.1838581994e+08,3.5638515735e+12,3.7637375336e+11,4.0056338643e+10,1.2266560079e+10,5.3955716994e+09,1.7428732764e+09,9.5812278348e+08,4.7947392709e+08,2.3973696354e+08
287,12500,70,6.5317523960e+12,3.6110731494e+12,3.3024818584e+12,3.2769363634e+12,3.2706130100e+12,3.2672475675e+12,3.2665326152e+12,3.2660982706e+12,3.2658761980e+12,3.6110731494e+12,6.9039390282e+11,3.8180261176e+11,3.5625711678e+11,3.4993376341e+11,3.4656832092e+11,3.4585336855e+11,3.4541902404e+11,3.4519695141e+11,3.3024818584e+12,3.8180261176e+11,7.3211320700e+10,4.7665825719e+10,4.1342472351e+10,3.7977029861e+10,3.7262077490e+10,3.6827732978e+10,3.6605660350e+10,3.2769363634e+12,3.5625711678e+11,4.7665825719e+10,2.2120330738e+10,1.5796977370e+10,1.2431534880e+10,1.1716582509e+10,1.1282237997e+10,1.1060165369e+10,3.2706130100e+12,3.4993376341e+11,4.1342472351e+10,1.5796977370e+10,9.4736240024e+09,6.1081815123e+09,5.3932291414e+09,4.9588846287e+09,4.7368120012e+09,3.2672475675e+12,3.4656832092e+11,3.7977029861e+10,1.2431534880e+10,6.1081815123e+09,2.7427390221e+09,2.0277866513e+09,1.5934421386e+09,1.3713695111e+09,3.2665326152e+12,3.4585336855e+11,3.7262077490e+10,1.1716582509e+10,5.3932291414e+09,2.0277866513e+09,1.3128342804e+09,8.7848976777e+08,6.5641714022e+08,3.2660982706e+12,3.4541902404e+11,3.6827732978e+10,1.1282237997e+10,4.9588846287e+09,1.5934421386e+09,8.7848976777e+08,4.4414525510e+08,2.2207262755e+08
288,12500,80,6.2146865087e+12,3.4358652963e+12,3.1422033707e+12,3.1178813112e+12,3.1118582415e+12,3.1086477787e+12,3.1079678760e+12,3.1075557485e+12,3.1073432544e+12,3.4358652963e+12,6.5704408384e+11,3.6338215830e+11,3.3906009874e+11,3.3303702903e+11,3.2982656627e+11,3.2914666359e+11,3.2873453604e+11,3.2852204192e+11,3.1422033707e+12,3.6338215830e+11,6.9720232749e+10,4.5398173191e+10,3.9375103479e+10,3.6164640719e+10,3.5484738045e+10,3.5072610492e+10,3.4860116374e+10,3.1178813112e+12,3.3906009874e+11,4.5398173191e+10,2.1076113633e+10,1.5053043921e+10,1.1842581161e+10,1.1162678487e+10,1.0750550934e+10,1.0538056816e+10,3.1118582415e+12,3.3303702903e+11,3.9375103479e+10,1.5053043921e+10,9.0299742096e+09,5.8195114498e+09,5.1396087758e+09,4.7274812226e+09,4.5149871048e+09,3.1086477787e+12,3.2982656627e+11,3.6164640719e+10,1.1842581161e+10,5.8195114498e+09,2.6090486899e+09,1.9291460159e+09,1.5170184627e+09,1.3045243450e+09,3.1079678760e+12,3.2914666359e+11,3.5484738045e+10,1.1162678487e+10,5.1396087758e+09,1.9291460159e+09,1.2492433420e+09,8.3711578874e+08,6.2462167099e+08,3.1075557485e+12,3.2873453604e+11,3.5072610492e+10,1.0750550934e+10,4.7274812226e+09,1.5170184627e+09,8.3711578874e+08,4.2498823548e+08,2.1249411774e+08
289,12500,90,6.1152996733e+12,3.3809801609e+12,3.0919709091e+12,3.0680278063e+12,3.0620973112e+12,3.0589341315e+12,3.0582648417e+12,3.0578594685e+12,3.0576498367e+12,3.3809801609e+12,6.4666064855e+11,3.5765139672e+11,3.3370829393e+11,3.2777779877e+11,3.2461461917e+11,3.2394532935e+11,3.2353995616e+11,3.2333032428e+11,3.0919709091e+12,3.5765139672e+11,6.8642144894e+10,4.4699042099e+10,3.8768546942e+10,3.5605367339e+10,3.4936077522e+10,3.4530704332e+10,3.4321072447e+10,3.0680278063e+12,3.3370829393e+11,4.4699042099e+10,2.0755939303e+10,1.4825444146e+10,1.1662264543e+10,1.0992974726e+10,1.0587601537e+10,1.0377969651e+10,3.0620973112e+12,3.2777779877e+11,3.8768546942e+10,1.4825444146e+10,8.8949489894e+09,5.7317693864e+09,5.0624795695e+09,4.6571063800e+09,4.4474744947e+09,3.0589341315e+12,3.2461461917e+11,3.5605367339e+10,1.1662264543e+10,5.7317693864e+09,2.5685897834e+09,1.8992999664e+09,1.4939267770e+09,1.2842948917e+09,3.0582648417e+12,3.2394532935e+11,3.4936077522e+10,1.0992974726e+10,5.0624795695e+09,1.8992999664e+09,1.2300101495e+09,8.2463696005e+08,6.1500507477e+08,3.0578594685e+12,3.2353995616e+11,3.4530704332e+10,1.0587601537e+10,4.6571063800e+09,1.4939267770e+09,8.2463696005e+08,4.1926377056e+08,2.0963188528e+08
290,15000,0,1.4860780922e+13,7.9505611095e+12,7.4723568559e+12,7.4434761127e+12,7.4377366351e+12,7.4338375092e+12,7.4321616514e+12,7.4309918237e+12,7.4303904612e+12,7.9505611095e+12,1.0403412965e+12,5.6213704297e+11,5.3325629973e+11,5.2751682214e+11,5.2361769621e+11,5.2194183844e+11,5.2077201074e+11,5.2017064826e+11,7.4723568559e+12,5.6213704297e+11,8.3932789426e+10,5.5052046186e+10,4.9312568586e+10,4.5413442664e+10,4.3737584892e+10,4.2567757194e+10,4.1966394713e+10,7.4434761127e+12,5.3325629973e+11,5.5052046186e+10,2.6171302946e+10,2.0431825346e+10,1.6532699423e+10,1.4856841652e+10,1.3687013954e+10,1.3085651473e+10,7.4377366351e+12,5.2751682214e+11,4.9312568586e+10,2.0431825346e+10,1.4692347746e+10,1.0793221824e+10,9.1173640525e+09,7.9475363540e+09,7.3461738732e+09,7.4338375092e+12,5.2361769621e+11,4.5413442664e+10,1.6532699423e+10,1.0793221824e+10,6.8940959012e+09,5.2182381299e+09,4.0484104314e+09,3.4470479506e+09,7.4321616514e+12,5.2194183844e+11,4.3737584892e+10,1.4856841652e+10,9.1173640525e+09,5.2182381299e+09,3.5423803586e+09,2.3725526602e+09,1.7711901793e+09,7.4309918237e+12,5.2077201074e+11,4.2567757194e+10,1.3687013954e+10,7.9475363540e+09,4.0484104314e+09,2.3725526602e+09,1.2027249617e+09,6.0136248084e+08
291,15000,10,1.2816770281e+13,6.8607948374e+12,6.4462040572e+12,6.4210037832e+12,6.4158950997e+12,6.4120523831e+12,6.4102672812e+12,6.4090154615e+12,6.4083851405e+12,6.8607948374e+12,9.0481939379e+11,4.9022861352e+11,4.6502833951e+11,4.5991965602e+11,4.5607693949e+11,4.5429183751e+11,4.5304001784e+11,4.5240969689e+11,6.4462040572e+12,4.9022861352e+11,7.5637833242e+10,5.0437559239e+10,4.5328875749e+10,4.1486159215e+10,3.9701057235e+10,3.8449237568e+10,3.7818916621e+10,6.4210037832e+12,4.6502833951e+11,5.0437559239e+10,2.5237285236e+10,2.0128601746e+10,1.6285885212e+10,1.4500783232e+10,1.3248963565e+10,1.2618642618e+10,6.4158950997e+12,4.5991965602e+11,4.5328875749e+10,2.0128601746e+10,1.5019918255e+10,1.1177201721e+10,9.3920997409e+09,8.1402800737e+09,7.5099591274e+09,6.4120523831e+12,4.5607693949e+11,4.1486159215e+10,1.6285885212e+10,1.1177201721e+10,7.3344851871e+09,5.5493832071e+09,4.2975635399e+09,3.6672425936e+09,6.4102672812e+12,4.5429183751e+11,3.9701057235e+10,1.4500783232e+10,9.3920997409e+09,5.5493832071e+09,3.7642812270e+09,2.5124615598e+09,1.8821406135e+09,6.4090154615e+12,4.5304001784e+11,3.8449237568e+10,1.3248963565e+10,8.1402800737e+09,4.2975635399e+09,2.5124615598e+09,1.2606418927e+09,6.3032094633e+08
292,15000,20,8.6298659358e+12,4.6169610031e+12,4.3426173531e+12,4.3259264087e+12,4.3223769689e+12,4.3188376075e+12,4.3169167349e+12,4.3155757880e+12,4.3149329679e+12,4.6169610031e+12,6.0405607043e+11,3.2971242038e+11,3.1302147604e+11,3.0947203620e+11,3.0593267479e+11,3.0401180218e+11,3.0267085531e+11,3.0202803522e+11,4.3426173531e+12,3.2971242038e+11,5.5368770328e+10,3.8677825990e+10,3.5128386143e+10,3.1589024735e+10,2.9668152129e+10,2.8327205253e+10,2.7684385164e+10,4.3259264087e+12,3.1302147604e+11,3.8677825990e+10,2.1986881651e+10,1.8437441805e+10,1.4898080397e+10,1.2977207791e+10,1.1636260915e+10,1.0993440826e+10,4.3223769689e+12,3.0947203620e+11,3.5128386143e+10,1.8437441805e+10,1.4888001958e+10,1.1348640550e+10,9.4277679439e+09,8.0868210683e+09,7.4440009788e+09,4.3188376075e+12,3.0593267479e+11,3.1589024735e+10,1.4898080397e+10,1.1348640550e+10,7.8092791417e+09,5.8884065359e+09,4.5474596603e+09,3.9046395709e+09,4.3169167349e+12,3.0401180218e+11,2.9668152129e+10,1.2977207791e+10,9.4277679439e+09,5.8884065359e+09,3.9675339302e+09,2.6265870545e+09,1.9837669651e+09,4.3155757880e+12,3.0267085531e+11,2.8327205253e+10,1.1636260915e+10,8.0868210683e+09,4.5474596603e+09,2.6265870545e+09,1.2856401789e+09,6.4282008944e+08
293,15000,30,5.5411195396e+12,2.9661585888e+12,2.7906615114e+12,2.7797772117e+12,2.7772927018e+12,2.7741811134e+12,2.7723688732e+12,2.7711277263e+12,2.7705597698e+12,2.9661585888e+12,3.9119763790e+11,2.1570056054e+11,2.0481626081e+11,2.0233175092e+11,1.9922016257e+11,1.9740792232e+11,1.9616677548e+11,1.9559881895e+11,2.7906615114e+12,2.1570056054e+11,4.0203483186e+10,2.9319183450e+10,2.6834673564e+10,2.3723085209e+10,2.1910844966e+10,2.0669698120e+10,2.0101741593e+10,2.7797772117e+12,2.0481626081e+11,2.9319183450e+10,1.8434883714e+10,1.5950373828e+10,1.2838785473e+10,1.1026545230e+10,9.7853983835e+09,9.2174418568e+09,2.7772927018e+12,2.0233175092e+11,2.6834673564e+10,1.5950373828e+10,1.3465863942e+10,1.0354275587e+10,8.5420353439e+09,7.3008884977e+09,6.7329319710e+09,2.7741811134e+12,1.9922016257e+11,2.3723085209e+10,1.2838785473e+10,1.0354275587e+10,7.2426872315e+09,5.4304469886e+09,4.1893001424e+09,3.6213436158e+09,2.7723688732e+12,1.9740792232e+11,2.1910844966e+10,1.1026545230e+10,8.5420353439e+09,5.4304469886e+09,3.6182067456e+09,2.3770598995e+09,1.8091033728e+09,2.7711277263e+12,1.9616677548e+11,2.0669698120e+10,9.7853983835e+09,7.3008884977e+09,4.1893001424e+09,2.3770598995e+09,1.1359130533e+09,5.6795652667e+08
294,15000,40,4.0798543300e+12,2.1858099326e+12,2.0558094647e+12,2.0475122763e+12,2.0455304984e+12,2.0428891306e+12,2.0413866341e+12,2.0403847718e+12,2.0399271650e+12,2.1858099326e+12,2.9176553515e+11,1.6176506730e+11,1.5346787889e+11,1.5148610095e+11,1.4884473317e+11,1.4734223665e+11,1.4634037442e+11,1.4588276757e+11,2.0558094647e+12,1.6176506730e+11,3.1764599453e+10,2.3467411037e+10,2.1485633102e+10,1.8844265320e+10,1.7341768804e+10,1.6339906572e+10,1.5882299727e+10,2.0475122763e+12,1.5346787889e+11,2.3467411037e+10,1.5170222622e+10,1.3188444686e+10,1.0547076904e+10,9.0445803887e+09,8.0427181561e+09,7.5851113108e+09,2.0455304984e+12,1.5148610095e+11,2.1485633102e+10,1.3188444686e+10,1.1206666751e+10,8.5652989685e+09,7.0628024532e+09,6.0609402206e+09,5.6033333753e+09,2.0428891306e+12,1.4884473317e+11,1.8844265320e+10,1.0547076904e+10,8.5652989685e+09,5.9239311864e+09,4.4214346710e+09,3.4195724385e+09,2.9619655932e+09,2.0413866341e+12,1.4734223665e+11,1.7341768804e+10,9.0445803887e+09,7.0628024532e+09,4.4214346710e+09,2.9189381557e+09,1.9170759231e+09,1.4594690778e+09,2.0403847718e+12,1.4634037442e+11,1.6339906572e+10,8.0427181561e+09,6.0609402206e+09,3.4195724385e+09,1.9170759231e+09,9.1521369059e+08,4.5760684530e+08
295,15000,50,3.3504188719e+12,1.7954008093e+12,1.6882884210e+12,1.6813753654e+12,1.6797157576e+12,1.6775501968e+12,1.6763615589e+12,1.6755773292e+12,1.6752094359e+12,1.7954008093e+12,2.4038274671e+11,1.3327035840e+11,1.2635730286e+11,1.2469769508e+11,1.2253213427e+11,1.2134349633e+11,1.2055926667e+11,1.2019137336e+11,1.6882884210e+12,1.3327035840e+11,2.6157970096e+10,1.9244914555e+10,1.7585306766e+10,1.5419745965e+10,1.4231108016e+10,1.3446878362e+10,1.3078985048e+10,1.6813753654e+12,1.2635730286e+11,1.9244914555e+10,1.2331859015e+10,1.0672251226e+10,8.5066904245e+09,7.3180524759e+09,6.5338228220e+09,6.1659295074e+09,1.6797157576e+12,1.2469769508e+11,1.7585306766e+10,1.0672251226e+10,9.0126434363e+09,6.8470826352e+09,5.6584446867e+09,4.8742150328e+09,4.5063217182e+09,1.6775501968e+12,1.2253213427e+11,1.5419745965e+10,8.5066904245e+09,6.8470826352e+09,4.6815218342e+09,3.4928838856e+09,2.7086542317e+09,2.3407609171e+09,1.6763615589e+12,1.2134349633e+11,1.4231108016e+10,7.3180524759e+09,5.6584446867e+09,3.4928838856e+09,2.3042459370e+09,1.5200162831e+09,1.1521229685e+09,1.6755773292e+12,1.2055926667e+11,1.3446878362e+10,6.5338228220e+09,4.8742150328e+09,2.7086542317e+09,1.5200162831e+09,7.3578662919e+08,3.6789331460e+08
296,15000,60,2.9351819273e+12,1.5730588633e+12,1.4790433931e+12,1.4729410608e+12,1.4714757580e+12,1.4695947269e+12,1.4685805254e+12,1.4679118755e+12,1.4675909637e+12,1.5730588633e+12,2.1093579935e+11,1.1692032911e+11,1.1081799684e+11,1.0935269405e+11,1.0747166296e+11,1.0645746139e+11,1.0578881147e+11,1.0546789967e+11,1.4790433931e+12,1.1692032911e+11,2.2904858872e+10,1.6802526598e+10,1.5337223815e+10,1.3456192723e+10,1.2441991147e+10,1.1773341235e+10,1.1452429436e+10,1.4729410608e+12,1.1081799684e+11,1.6802526598e+10,1.0700194325e+10,9.2348915417e+09,7.3538604492e+09,6.3396588732e+09,5.6710089618e+09,5.3500971623e+09,1.4714757580e+12,1.0935269405e+11,1.5337223815e+10,9.2348915417e+09,7.7695887589e+09,5.8885576663e+09,4.8743560904e+09,4.2057061789e+09,3.8847943795e+09,1.4695947269e+12,1.0747166296e+11,1.3456192723e+10,7.3538604492e+09,5.8885576663e+09,4.0075265738e+09,2.9933249978e+09,2.3246750864e+09,2.0037632869e+09,1.4685805254e+12,1.0645746139e+11,1.2441991147e+10,6.3396588732e+09,4.8743560904e+09,2.9933249978e+09,1.9791234218e+09,1.3104735104e+09,9.8956171092e+08,1.4679118755e+12,1.0578881147e+11,1.1773341235e+10,5.6710089618e+09,4.2057061789e+09,2.3246750864e+09,1.3104735104e+09,6.4182359899e+08,3.2091179950e+08
297,15000,70,2.6921807870e+12,1.4430128696e+12,1.3566598680e+12,1.3510238921e+12,1.3496651334e+12,1.3479254103e+12,1.3469974591e+12,1.3463871152e+12,1.3460903935e+12,1.4430128696e+12,1.9384495222e+11,1.0749195055e+11,1.0185597471e+11,1.0049721602e+11,9.8757492902e+10,9.7829541715e+10,9.7219197821e+10,9.6922476109e+10,1.3566598680e+12,1.0749195055e+11,2.1138948873e+10,1.5502973038e+10,1.4144214345e+10,1.2404491230e+10,1.1476540042e+10,1.0866196148e+10,1.0569474436e+10,1.3510238921e+12,1.0185597471e+11,1.5502973038e+10,9.8669972024e+09,8.5082385101e+09,6.7685153945e+09,5.8405642072e+09,5.2302203125e+09,4.9334986012e+09,1.3496651334e+12,1.0049721602e+11,1.4144214345e+10,8.5082385101e+09,7.1494798178e+09,5.4097567022e+09,4.4818055149e+09,3.8714616203e+09,3.5747399089e+09,1.3479254103e+12,9.8757492902e+10,1.2404491230e+10,6.7685153945e+09,5.4097567022e+09,3.6700335866e+09,2.7420823993e+09,2.1317385047e+09,1.8350167933e+09,1.3469974591e+12,9.7829541715e+10,1.1476540042e+10,5.8405642072e+09,4.4818055149e+09,2.7420823993e+09,1.8141312120e+09,1.2037873174e+09,9.0706560602e+08,1.3463871152e+12,9.7219197821e+10,1.0866196148e+10,5.2302203125e+09,3.8714616203e+09,2.1317385047e+09,1.2037873174e+09,5.9344342273e+08,2.9672171137e+08
298,15000,80,2.5619459664e+12,1.3733087320e+12,1.2910799016e+12,1.2856942014e+12,1.2843916360e+12,1.2827229223e+12,1.2818382173e+12,1.2812573446e+12,1.2809729832e+12,1.3733087320e+12,1.8467149748e+11,1.0244266713e+11,9.7056966895e+10,9.5754401513e+10,9.4085687831e+10,9.3200982793e+10,9.2620110164e+10,9.2335748740e+10,1.2910799016e+12,1.0244266713e+11,2.0213836789e+10,1.4828136550e+10,1.3525571168e+10,1.1856857485e+10,1.0972152448e+10,1.0391279819e+10,1.0106918394e+10,1.2856942014e+12,9.7056966895e+10,1.4828136550e+10,9.4424363115e+09,8.1398709290e+09,6.4711572466e+09,5.5864522092e+09,5.0055795804e+09,4.7212181557e+09,1.2843916360e+12,9.5754401513e+10,1.3525571168e+10,8.1398709290e+09,6.8373055464e+09,5.1685918641e+09,4.2838868267e+09,3.7030141979e+09,3.4186527732e+09,1.2827229223e+12,9.4085687831e+10,1.1856857485e+10,6.4711572466e+09,5.1685918641e+09,3.4998781818e+09,2.6151731444e+09,2.0343005155e+09,1.7499390909e+09,1.2818382173e+12,9.3200982793e+10,1.0972152448e+10,5.5864522092e+09,4.2838868267e+09,2.6151731444e+09,1.7304681070e+09,1.1495954781e+09,8.6523405349e+08,1.2812573446e+12,9.2620110164e+10,1.0391279819e+10,5.0055795804e+09,3.7030141979e+09,2.0343005155e+09,1.1495954781e+09,5.6872284932e+08,2.8436142466e+08
299,15000,90,2.5207739001e+12,1.3512720451e+12,1.2703475798e+12,1.2650411841e+12,1.2637564436e+12,1.2621101899e+12,1.2612390665e+12,1.2606674368e+12,1.2603869500e+12,1.3512720451e+12,1.8177019016e+11,1.0084572481e+11,9.5539329140e+10,9.4254588617e+10,9.2608334952e+10,9.1737211535e+10,9.1165581824e+10,9.0885095082e+10,1.2703475798e+12,1.0084572481e+11,1.9921259455e+10,1.4614863786e+10,1.3330123263e+10,1.1683869598e+10,1.0812746181e+10,1.0241116470e+10,9.9606297273e+09,1.2650411841e+12,9.5539329140e+10,1.4614863786e+10,9.3084681165e+09,8.0237275934e+09,6.3774739284e+09,5.5063505117e+09,4.9347208006e+09,4.6542340583e+09,1.2637564436e+12,9.4254588617e+10,1.3330123263e+10,8.0237275934e+09,6.7389870703e+09,5.0927334053e+09,4.2216099886e+09,3.6499802775e+09,3.3694935352e+09,1.2621101899e+12,9.2608334952e+10,1.1683869598e+10,6.3774739284e+09,5.0927334053e+09,3.4464797403e+09,2.5753563236e+09,2.0037266125e+09,1.7232398702e+09,1.2612390665e+12,9.1737211535e+10,1.0812746181e+10,5.5063505117e+09,4.2216099886e+09,2.5753563236e+09,1.7042329069e+09,1.1326031958e+09,8.5211645343e+08,1.2606674368e+12,9.1165581824e+10,1.0241116470e+10,4.9347208006e+09,3.6499802775e+09,2.0037266125e+09,1.1326031958e+09,5.6097348469e+08,2.8048674234e+08
300,17500,0,5.2206318962e+12,2.7720940035e+12,2.6300387865e+12,2.6220498303e+12,2.6200739109e+12,2.6159777453e+12,2.6131908022e+12,2.6112237831e+12,2.6103159481e+12,2.7720940035e+12,3.2355611093e+11,1.8150089385e+11,1.7351193773e+11,1.7153601827e+11,1.6743985270e+11,1.6465290955e+11,1.6268589045e+11,1.6177805547e+11,2.6300387865e+12,1.8150089385e+11,3.9445676763e+10,3.1456720641e+10,2.9480801188e+10,2.5384635617e+10,2.2597692469e+10,2.0630673361e+10,1.9722838381e+10,2.6220498303e+12,1.7351193773e+11,3.1456720641e+10,2.3467764519e+10,2.1491845066e+10,1.7395679495e+10,1.4608736347e+10,1.2641717239e+10,1.1733882259e+10,2.6200739109e+12,1.7153601827e+11,2.9480801188e+10,2.1491845066e+10,1.9515925613e+10,1.5419760042e+10,1.2632816894e+10,1.0665797786e+10,9.7579628064e+09,2.6159777453e+12,1.6743985270e+11,2.5384635617e+10,1.7395679495e+10,1.5419760042e+10,1.1323594472e+10,8.5366513231e+09,6.5696322154e+09,5.6617972359e+09,2.6131908022e+12,1.6465290955e+11,2.2597692469e+10,1.4608736347e+10,1.2632816894e+10,8.5366513231e+09,5.7497081745e+09,3.7826890667e+09,2.8748540872e+09,2.6112237831e+12,1.6268589045e+11,2.0630673361e+10,1.2641717239e+10,1.0665797786e+10,6.5696322154e+09,3.7826890667e+09,1.8156699590e+09,9.0783497949e+08
301,17500,10,4.4790437958e+12,2.3801714625e+12,2.2580769746e+12,2.2510546170e+12,2.2492126401e+12,2.2451462715e+12,2.2423617612e+12,2.2404093055e+12,2.2395218979e+12,2.3801714625e+12,2.8129912921e+11,1.5920464129e+11,1.5218228368e+11,1.5034030686e+11,1.4627393824e+11,1.4348942788e+11,1.4153697222e+11,1.4064956461e+11,2.2580769746e+12,1.5920464129e+11,3.7110153368e+10,3.0087795759e+10,2.8245818935e+10,2.4179450319e+10,2.1394939961e+10,1.9442484298e+10,1.8555076684e+10,2.2510546170e+12,1.5218228368e+11,3.0087795759e+10,2.3065438150e+10,2.1223461326e+10,1.7157092710e+10,1.4372582352e+10,1.2420126689e+10,1.1532719075e+10,2.2492126401e+12,1.5034030686e+11,2.8245818935e+10,2.1223461326e+10,1.9381484502e+10,1.5315115886e+10,1.2530605528e+10,1.0578149865e+10,9.6907422510e+09,2.2451462715e+12,1.4627393824e+11,2.4179450319e+10,1.7157092710e+10,1.5315115886e+10,1.1248747271e+10,8.4642369122e+09,6.5117812488e+09,5.6243736353e+09,2.2423617612e+12,1.4348942788e+11,2.1394939961e+10,1.4372582352e+10,1.2530605528e+10,8.4642369122e+09,5.6797265538e+09,3.7272708904e+09,2.8398632769e+09,2.2404093055e+12,1.4153697222e+11,1.9442484298e+10,1.2420126689e+10,1.0578149865e+10,6.5117812488e+09,3.7272708904e+09,1.7748152270e+09,8.8740761348e+08
302,17500,20,2.9751634767e+12,1.5843209539e+12,1.5031234862e+12,1.4981362539e+12,1.4966174204e+12,1.4928063184e+12,1.4901842618e+12,1.4883775352e+12,1.4875817383e+12,1.5843209539e+12,1.9347843120e+11,1.1228096346e+11,1.0729373118e+11,1.0577489762e+11,1.0196379561e+11,9.9341739057e+10,9.7535012447e+10,9.6739215598e+10,1.5031234862e+12,1.1228096346e+11,3.1083495721e+10,2.6096263438e+10,2.4577429884e+10,2.0766327876e+10,1.8144271319e+10,1.6337544709e+10,1.5541747860e+10,1.4981362539e+12,1.0729373118e+11,2.6096263438e+10,2.1109031156e+10,1.9590197601e+10,1.5779095594e+10,1.3157039037e+10,1.1350312427e+10,1.0554515578e+10,1.4966174204e+12,1.0577489762e+11,2.4577429884e+10,1.9590197601e+10,1.8071364047e+10,1.4260262040e+10,1.1638205482e+10,9.8314788725e+09,9.0356820235e+09,1.4928063184e+12,1.0196379561e+11,2.0766327876e+10,1.5779095594e+10,1.4260262040e+10,1.0449160032e+10,7.8271034749e+09,6.0203768652e+09,5.2245800161e+09,1.4901842618e+12,9.9341739057e+10,1.8144271319e+10,1.3157039037e+10,1.1638205482e+10,7.8271034749e+09,5.2050469174e+09,3.3983203078e+09,2.6025234587e+09,1.4883775352e+12,9.7535012447e+10,1.6337544709e+10,1.1350312427e+10,9.8314788725e+09,6.0203768652e+09,3.3983203078e+09,1.5915936981e+09,7.9579684904e+08
303,17500,30,1.9161251886e+12,1.0229451059e+12,9.7030129814e+11,9.6679438300e+11,9.6558576006e+11,9.6235857547e+11,9.6017209598e+11,9.5869747830e+11,9.5806259430e+11,1.0229451059e+12,1.2976502326e+11,7.7121215476e+10,7.3614300327e+10,7.2405677390e+10,6.9178492803e+10,6.6992013314e+10,6.5517395634e+10,6.4882511630e+10,9.7030129814e+11,7.7121215476e+10,2.4477407693e+10,2.0970492544e+10,1.9761869606e+10,1.6534685020e+10,1.4348205531e+10,1.2873587851e+10,1.2238703846e+10,9.6679438300e+11,7.3614300327e+10,2.0970492544e+10,1.7463577395e+10,1.6254954458e+10,1.3027769871e+10,1.0841290382e+10,9.3666727020e+09,8.7317886976e+09,9.6558576006e+11,7.2405677390e+10,1.9761869606e+10,1.6254954458e+10,1.5046331520e+10,1.1819146933e+10,9.6326674447e+09,8.1580497645e+09,7.5231657600e+09,9.6235857547e+11,6.9178492803e+10,1.6534685020e+10,1.3027769871e+10,1.1819146933e+10,8.5919623464e+09,6.4054828579e+09,4.9308651777e+09,4.2959811732e+09,9.6017209598e+11,6.6992013314e+10,1.4348205531e+10,1.0841290382e+10,9.6326674447e+09,6.4054828579e+09,4.2190033693e+09,2.7443856891e+09,2.1095016846e+09,9.5869747830e+11,6.5517395634e+10,1.2873587851e+10,9.3666727020e+09,8.1580497645e+09,4.9308651777e+09,2.7443856891e+09,1.2697680089e+09,6.3488400444e+08
304,17500,40,1.4187054339e+12,7.5869804511e+11,7.1922285022e+11,7.1637700582e+11,7.1535255163e+11,7.1270020697e+11,7.1098462068e+11,7.0985069886e+11,7.0935271693e+11,7.5869804511e+11,9.8690656373e+10,5.9215461478e+10,5.6369617085e+10,5.5345162887e+10,5.2692818234e+10,5.0977231942e+10,4.9843310119e+10,4.9345328186e+10,7.1922285022e+11,5.9215461478e+10,1.9740266583e+10,1.6894422190e+10,1.5869967992e+10,1.3217623339e+10,1.1502037047e+10,1.0368115224e+10,9.8701332913e+09,7.1637700582e+11,5.6369617085e+10,1.6894422190e+10,1.4048577797e+10,1.3024123600e+10,1.0371778946e+10,8.6561926537e+09,7.5222708308e+09,7.0242888984e+09,7.1535255163e+11,5.5345162887e+10,1.5869967992e+10,1.3024123600e+10,1.1999669402e+10,9.3473247490e+09,7.6317384564e+09,6.4978166335e+09,5.9998347011e+09,7.1270020697e+11,5.2692818234e+10,1.3217623339e+10,1.0371778946e+10,9.3473247490e+09,6.6949800958e+09,4.9793938032e+09,3.8454719803e+09,3.3474900479e+09,7.1098462068e+11,5.0977231942e+10,1.1502037047e+10,8.6561926537e+09,7.6317384564e+09,4.9793938032e+09,3.2638075106e+09,2.1298856877e+09,1.6319037553e+09,7.0985069886e+11,4.9843310119e+10,1.0368115224e+10,7.5222708308e+09,6.4978166335e+09,3.8454719803e+09,2.1298856877e+09,9.9596386474e+08,4.9798193237e+08
305,17500,50,1.1672420835e+12,6.2438156216e+11,5.9170274382e+11,5.8929845253e+11,5.8843940095e+11,5.8628461621e+11,5.8492190828e+11,5.8402454490e+11,5.8362104176e+11,6.2438156216e+11,8.1521040798e+10,4.8842222454e+10,4.6437931166e+10,4.5578879587e+10,4.3424094850e+10,4.2061386914e+10,4.1164023541e+10,4.0760520399e+10,5.9170274382e+11,4.8842222454e+10,1.6163404110e+10,1.3759112822e+10,1.2900061243e+10,1.0745276506e+10,9.3825685704e+09,8.4852051971e+09,8.0817020549e+09,5.8929845253e+11,4.6437931166e+10,1.3759112822e+10,1.1354821534e+10,1.0495769955e+10,8.3409852183e+09,6.9782772827e+09,6.0809139093e+09,5.6774107671e+09,5.8843940095e+11,4.5578879587e+10,1.2900061243e+10,1.0495769955e+10,9.6367183752e+09,7.4819336388e+09,6.1192257031e+09,5.2218623298e+09,4.8183591876e+09,5.8628461621e+11,4.3424094850e+10,1.0745276506e+10,8.3409852183e+09,7.4819336388e+09,5.3271489024e+09,3.9644409667e+09,3.0670775933e+09,2.6635744512e+09,5.8492190828e+11,4.2061386914e+10,9.3825685704e+09,6.9782772827e+09,6.1192257031e+09,3.9644409667e+09,2.6017330310e+09,1.7043696577e+09,1.3008665155e+09,5.8402454490e+11,4.1164023541e+10,8.4852051971e+09,6.0809139093e+09,5.2218623298e+09,3.0670775933e+09,1.7043696577e+09,8.0700628430e+08,4.0350314215e+08
306,17500,60,1.0240066832e+12,5.4794619383e+11,5.1914010827e+11,5.1698484062e+11,5.1621596965e+11,5.1432091715e+11,5.1313754302e+11,5.1235924119e+11,5.1200334162e+11,5.4794619383e+11,7.1885704412e+10,4.3079618855e+10,4.0924351198e+10,4.0155480230e+10,3.8260427730e+10,3.7077053606e+10,3.6298751774e+10,3.5942852206e+10,5.1914010827e+11,4.3079618855e+10,1.4273533298e+10,1.2118265641e+10,1.1349394673e+10,9.4543421736e+09,8.2709680495e+09,7.4926662170e+09,7.1367666492e+09,5.1698484062e+11,4.0924351198e+10,1.2118265641e+10,9.9629979831e+09,9.1941270155e+09,7.2990745159e+09,6.1157003918e+09,5.3373985593e+09,4.9814989916e+09,5.1621596965e+11,4.0155480230e+10,1.1349394673e+10,9.1941270155e+09,8.4252560479e+09,6.5302035483e+09,5.3468294242e+09,4.5685275917e+09,4.2126280240e+09,5.1432091715e+11,3.8260427730e+10,9.4543421736e+09,7.2990745159e+09,6.5302035483e+09,4.6351510487e+09,3.4517769246e+09,2.6734750921e+09,2.3175755244e+09,5.1313754302e+11,3.7077053606e+10,8.2709680495e+09,6.1157003918e+09,5.3468294242e+09,3.4517769246e+09,2.2684028006e+09,1.4901009680e+09,1.1342014003e+09,5.1235924119e+11,3.6298751774e+10,7.4926662170e+09,5.3373985593e+09,4.5685275917e+09,2.6734750921e+09,1.4901009680e+09,7.1179913545e+08,3.5589956772e+08
307,17500,70,9.4011519436e+11,5.0322698386e+11,4.7668507933e+11,4.7466950321e+11,4.7394843139e+11,4.7218928989e+11,4.7110145248e+11,4.7038749635e+11,4.7005759718e+11,5.0322698386e+11,6.6338773357e+10,3.9796868832e+10,3.7781292713e+10,3.7060220895e+10,3.5301079386e+10,3.4213241984e+10,3.3499285850e+10,3.3169386679e+10,4.7668507933e+11,3.9796868832e+10,1.3254964306e+10,1.1239388187e+10,1.0518316369e+10,8.7591748606e+09,7.6713374589e+09,6.9573813248e+09,6.6274821531e+09,4.7466950321e+11,3.7781292713e+10,1.1239388187e+10,9.2238120683e+09,8.5027402502e+09,6.7435987417e+09,5.6557613399e+09,4.9418052058e+09,4.6119060342e+09,4.7394843139e+11,3.7060220895e+10,1.0518316369e+10,8.5027402502e+09,7.7816684322e+09,6.0225269236e+09,4.9346895218e+09,4.2207333877e+09,3.8908342161e+09,4.7218928989e+11,3.5301079386e+10,8.7591748606e+09,6.7435987417e+09,6.0225269236e+09,4.2633854150e+09,3.1755480132e+09,2.4615918791e+09,2.1316927075e+09,4.7110145248e+11,3.4213241984e+10,7.6713374589e+09,5.6557613399e+09,4.9346895218e+09,3.1755480132e+09,2.0877106115e+09,1.3737544774e+09,1.0438553057e+09,4.7038749635e+11,3.3499285850e+10,6.9573813248e+09,4.9418052058e+09,4.2207333877e+09,2.4615918791e+09,1.3737544774e+09,6.5979834333e+08,3.2989917166e+08
308,17500,80,8.9566865676e+11,4.7953988829e+11,4.5419707959e+11,4.5225490139e+11,4.5155858732e+11,4.4986954463e+11,4.4883118623e+11,4.4815067523e+11,4.4783432838e+11,4.7953988829e+11,6.3411119820e+10,3.8068311115e+10,3.6126132918e+10,3.5429818851e+10,3.3740776161e+10,3.2702417762e+10,3.2021906763e+10,3.1705559910e+10,4.5419707959e+11,3.8068311115e+10,1.2725502410e+10,1.0783324213e+10,1.0087010146e+10,8.3979674560e+09,7.3596090568e+09,6.6790980578e+09,6.3627512051e+09,4.5225490139e+11,3.6126132918e+10,1.0783324213e+10,8.8411460156e+09,8.1448319482e+09,6.4557892587e+09,5.4174308595e+09,4.7369198605e+09,4.4205730078e+09,4.5155858732e+11,3.5429818851e+10,1.0087010146e+10,8.1448319482e+09,7.4485178809e+09,5.7594751914e+09,4.7211167922e+09,4.0406057932e+09,3.7242589405e+09,4.4986954463e+11,3.3740776161e+10,8.3979674560e+09,6.4557892587e+09,5.7594751914e+09,4.0704325018e+09,3.0320741027e+09,2.3515631037e+09,2.0352162509e+09,4.4883118623e+11,3.2702417762e+10,7.3596090568e+09,5.4174308595e+09,4.7211167922e+09,3.0320741027e+09,1.9937157035e+09,1.3132047045e+09,9.9685785177e+08,4.4815067523e+11,3.2021906763e+10,6.6790980578e+09,4.7369198605e+09,4.0406057932e+09,2.3515631037e+09,1.3132047045e+09,6.3269370549e+08,3.1634685275e+08
309,17500,90,8.8156698499e+11,4.7201997070e+11,4.4706021661e+11,4.4514235262e+11,4.4445432101e+11,4.4278804564e+11,4.4176539243e+11,4.4109544948e+11,4.4078349250e+11,4.7201997070e+11,6.2472956411e+10,3.7513202319e+10,3.5595338324e+10,3.4907306722e+10,3.3241031348e+10,3.2218378137e+10,3.1548435193e+10,3.1236478206e+10,4.4706021661e+11,3.7513202319e+10,1.2553448227e+10,1.0635584233e+10,9.9475526302e+09,8.2812772561e+09,7.2586240454e+09,6.5886811008e+09,6.2767241137e+09,4.4514235262e+11,3.5595338324e+10,1.0635584233e+10,8.7177202378e+09,8.0296886353e+09,6.3634132613e+09,5.3407600505e+09,4.6708171060e+09,4.3588601189e+09,4.4445432101e+11,3.4907306722e+10,9.9475526302e+09,8.0296886353e+09,7.3416570329e+09,5.6753816589e+09,4.6527284481e+09,3.9827855036e+09,3.6708285164e+09,4.4278804564e+11,3.3241031348e+10,8.2812772561e+09,6.3634132613e+09,5.6753816589e+09,4.0091062849e+09,2.9864530741e+09,2.3165101295e+09,2.0045531424e+09,4.4176539243e+11,3.2218378137e+10,7.2586240454e+09,5.3407600505e+09,4.6527284481e+09,2.9864530741e+09,1.9637998633e+09,1.2938569188e+09,9.8189993164e+08,4.4109544948e+11,3.1548435193e+10,6.5886811008e+09,4.6708171060e+09,3.9827855036e+09,2.3165101295e+09,1.2938569188e+09,6.2391397423e+08,3.1195698711e+08
310,20000,0,1.8455722835e+12,9.8787845724e+11,9.3863361202e+11,9.3512338156e+11,9.3366645314e+11,9.2911080114e+11,9.2589880362e+11,9.2371332076e+11,9.2278614173e+11,9.8787845724e+11,1.3018463104e+11,8.0939785810e+10,7.7429555357e+10,7.5972626933e+10,7.1416974929e+10,6.8204977418e+10,6.6019494551e+10,6.5092315519e+10,9.3863361202e+11,8.0939785810e+10,3.1694940583e+10,2.8184710129e+10,2.6727781705e+10,2.2172129702e+10,1.8960132190e+10,1.6774649323e+10,1.5847470291e+10,9.3512338156e+11,7.7429555357e+10,2.8184710129e+10,2.4674479676e+10,2.3217551252e+10,1.8661899248e+10,1.5449901737e+10,1.3264418870e+10,1.2337239838e+10,9.3366645314e+11,7.5972626933e+10,2.6727781705e+10,2.3217551252e+10,2.1760622828e+10,1.7204970824e+10,1.3992973313e+10,1.1807490446e+10,1.0880311414e+10,9.2911080114e+11,7.1416974929e+10,2.2172129702e+10,1.8661899248e+10,1.7204970824e+10,1.2649318821e+10,9.4373213094e+09,7.2518384423e+09,6.3246594105e+09,9.2589880362e+11,6.8204977418e+10,1.8960132190e+10,1.5449901737e+10,1.3992973313e+10,9.4373213094e+09,6.2253237977e+09,4.0398409306e+09,3.1126618989e+09,9.2371332076e+11,6.6019494551e+10,1.6774649323e+10,1.3264418870e+10,1.1807490446e+10,7.2518384423e+09,4.0398409306e+09,1.8543580636e+09,9.2717903178e+08
311,20000,10,1.5840793530e+12,8.4959471576e+11,8.0709336005e+11,8.0390460956e+11,8.0251275477e+11,7.9810647075e+11,7.9501222171e+11,7.9292023981e+11,7.9203967648e+11,8.4959471576e+11,1.1511007856e+11,7.2608722857e+10,6.9419972366e+10,6.8028117576e+10,6.3621833549e+10,6.0527584516e+10,5.8435602616e+10,5.7555039281e+10,8.0709336005e+11,7.2608722857e+10,3.0107367153e+10,2.6918616662e+10,2.5526761872e+10,2.1120477845e+10,1.8026228812e+10,1.5934246912e+10,1.5053683577e+10,8.0390460956e+11,6.9419972366e+10,2.6918616662e+10,2.3729866171e+10,2.2338011381e+10,1.7931727354e+10,1.4837478321e+10,1.2745496421e+10,1.1864933086e+10,8.0251275477e+11,6.8028117576e+10,2.5526761872e+10,2.2338011381e+10,2.0946156591e+10,1.6539872564e+10,1.3445623531e+10,1.1353641630e+10,1.0473078295e+10,7.9810647075e+11,6.3621833549e+10,2.1120477845e+10,1.7931727354e+10,1.6539872564e+10,1.2133588537e+10,9.0393395039e+09,6.9473576033e+09,6.0667942683e+09,7.9501222171e+11,6.0527584516e+10,1.8026228812e+10,1.4837478321e+10,1.3445623531e+10,9.0393395039e+09,5.9450904713e+09,3.8531085707e+09,2.9725452356e+09,7.9292023981e+11,5.8435602616e+10,1.5934246912e+10,1.2745496421e+10,1.1353641630e+10,6.9473576033e+09,3.8531085707e+09,1.7611266701e+09,8.8056333506e+08
312,20000,20,1.0580396595e+12,5.7056695689e+11,5.4178453075e+11,5.3931740056e+11,5.3811656500e+11,5.3423688104e+11,5.3154933851e+11,5.2976066444e+11,5.2901982977e+11,5.7056695689e+11,8.3094254241e+10,5.4311828097e+10,5.1844697910e+10,5.0643862344e+10,4.6764178393e+10,4.4076635860e+10,4.2287961787e+10,4.1547127121e+10,5.4178453075e+11,5.4311828097e+10,2.5529401953e+10,2.3062271766e+10,2.1861436200e+10,1.7981752249e+10,1.5294209716e+10,1.3505535643e+10,1.2764700977e+10,5.3931740056e+11,5.1844697910e+10,2.3062271766e+10,2.0595141579e+10,1.9394306013e+10,1.5514622062e+10,1.2827079529e+10,1.1038405456e+10,1.0297570790e+10,5.3811656500e+11,5.0643862344e+10,2.1861436200e+10,1.9394306013e+10,1.8193470447e+10,1.4313786496e+10,1.1626243963e+10,9.8375698898e+09,9.0967352234e+09,5.3423688104e+11,4.6764178393e+10,1.7981752249e+10,1.5514622062e+10,1.4313786496e+10,1.0434102545e+10,7.7465600118e+09,5.9578859388e+09,5.2170512725e+09,5.3154933851e+11,4.4076635860e+10,1.5294209716e+10,1.2827079529e+10,1.1626243963e+10,7.7465600118e+09,5.0590174786e+09,3.2703434056e+09,2.5295087393e+09,5.2976066444e+11,4.2287961787e+10,1.3505535643e+10,1.1038405456e+10,9.8375698898e+09,5.9578859388e+09,3.2703434056e+09,1.4816693327e+09,7.4083466634e+08
313,20000,30,6.9016378675e+11,3.7489123059e+11,3.5546595723e+11,3.5345506935e+11,3.5241727022e+11,3.4919031002e+11,3.4705415202e+11,3.4566426539e+11,3.4508189338e+11,3.7489123059e+11,5.9618674418e+10,4.0193401066e+10,3.8182513178e+10,3.7144714049e+10,3.3917753851e+10,3.1781595854e+10,3.0391709220e+10,2.9809337209e+10,3.5546595723e+11,4.0193401066e+10,2.0768127713e+10,1.8757239825e+10,1.7719440696e+10,1.4492480499e+10,1.2356322501e+10,1.0966435868e+10,1.0384063857e+10,3.5345506935e+11,3.8182513178e+10,1.8757239825e+10,1.6746351937e+10,1.5708552808e+10,1.2481592611e+10,1.0345434614e+10,8.9555479802e+09,8.3731759686e+09,3.5241727022e+11,3.7144714049e+10,1.7719440696e+10,1.5708552808e+10,1.4670753680e+10,1.1443793482e+10,9.3076354847e+09,7.9177488513e+09,7.3353768398e+09,3.4919031002e+11,3.3917753851e+10,1.4492480499e+10,1.2481592611e+10,1.1443793482e+10,8.2168332847e+09,6.0806752872e+09,4.6907886539e+09,4.1084166423e+09,3.4705415202e+11,3.1781595854e+10,1.2356322501e+10,1.0345434614e+10,9.3076354847e+09,6.0806752872e+09,3.9445172898e+09,2.5546306565e+09,1.9722586449e+09,3.4566426539e+11,3.0391709220e+10,1.0966435868e+10,8.9555479802e+09,7.9177488513e+09,4.6907886539e+09,2.5546306565e+09,1.1647440231e+09,5.8237201156e+08
314,20000,40,5.1427152909e+11,2.8007518820e+11,2.6526623169e+11,2.6361258343e+11,2.6276472175e+11,2.6023595026e+11,2.5861874749e+11,2.5757991789e+11,2.5713576454e+11,2.8007518820e+11,4.5878847307e+10,3.1069890803e+10,2.9416242544e+10,2.8568380858e+10,2.6039609373e+10,2.4422406597e+10,2.3383577003e+10,2.2939423654e+10,2.6526623169e+11,3.1069890803e+10,1.6260934299e+10,1.4607286039e+10,1.3759424354e+10,1.1230652869e+10,9.6134500928e+09,8.5746204987e+09,8.1304671495e+09,2.6361258343e+11,2.9416242544e+10,1.4607286039e+10,1.2953637780e+10,1.2105776094e+10,9.5770046092e+09,7.9598018333e+09,6.9209722392e+09,6.4768188900e+09,2.6276472175e+11,2.8568380858e+10,1.3759424354e+10,1.2105776094e+10,1.1257914408e+10,8.7291429234e+09,7.1119401475e+09,6.0731105534e+09,5.6289572042e+09,2.6023595026e+11,2.6039609373e+10,1.1230652869e+10,9.5770046092e+09,8.7291429234e+09,6.2003714384e+09,4.5831686625e+09,3.5443390684e+09,3.1001857192e+09,2.5861874749e+11,2.4422406597e+10,9.6134500928e+09,7.9598018333e+09,7.1119401475e+09,4.5831686625e+09,2.9659658866e+09,1.9271362925e+09,1.4829829433e+09,2.5757991789e+11,2.3383577003e+10,8.5746204987e+09,6.9209722392e+09,6.0731105534e+09,3.5443390684e+09,1.9271362925e+09,8.8830669842e+08,4.4415334921e+08
315,20000,50,4.2444399009e+11,2.3134328623e+11,2.1893602935e+11,2.1751286604e+11,2.1679674696e+11,2.1472347942e+11,2.1342137506e+11,2.1258694797e+11,2.1222199505e+11,2.3134328623e+11,3.8242582371e+10,2.5835325490e+10,2.4412162178e+10,2.3696043102e+10,2.1622775559e+10,2.0320671201e+10,1.9486244106e+10,1.9121291186e+10,2.1893602935e+11,2.5835325490e+10,1.3428068609e+10,1.2004905297e+10,1.1288786222e+10,9.2155186779e+09,7.9134143202e+09,7.0789872251e+09,6.7140343047e+09,2.1751286604e+11,2.4412162178e+10,1.2004905297e+10,1.0581741984e+10,9.8656229089e+09,7.7923553653e+09,6.4902510076e+09,5.6558239125e+09,5.2908709921e+09,2.1679674696e+11,2.3696043102e+10,1.1288786222e+10,9.8656229089e+09,9.1495038337e+09,7.0762362901e+09,5.7741319324e+09,4.9397048373e+09,4.5747519168e+09,2.1472347942e+11,2.1622775559e+10,9.2155186779e+09,7.7923553653e+09,7.0762362901e+09,5.0029687464e+09,3.7008643887e+09,2.8664372937e+09,2.5014843732e+09,2.1342137506e+11,2.0320671201e+10,7.9134143202e+09,6.4902510076e+09,5.7741319324e+09,3.7008643887e+09,2.3987600310e+09,1.5643329360e+09,1.1993800155e+09,2.1258694797e+11,1.9486244106e+10,7.0789872251e+09,5.6558239125e+09,4.9397048373e+09,2.8664372937e+09,1.5643329360e+09,7.2990584093e+08,3.6495292047e+08
316,20000,60,3.7342554260e+11,2.0375442731e+11,1.9270194033e+11,1.9140077027e+11,1.9075216100e+11,1.8891026611e+11,1.8776798195e+11,1.8703749438e+11,1.8671277130e+11,2.0375442731e+11,3.4083312017e+10,2.3030825033e+10,2.1729654981e+10,2.1081045706e+10,1.9239150813e+10,1.8096866656e+10,1.7366379088e+10,1.7041656008e+10,1.9270194033e+11,2.3030825033e+10,1.1978338050e+10,1.0677167998e+10,1.0028558723e+10,8.1866638296e+09,7.0443796729e+09,6.3138921046e+09,5.9891690252e+09,1.9140077027e+11,2.1729654981e+10,1.0677167998e+10,9.3759979463e+09,8.7273886710e+09,6.8854937775e+09,5.7432096208e+09,5.0127220525e+09,4.6879989732e+09,1.9075216100e+11,2.1081045706e+10,1.0028558723e+10,8.7273886710e+09,8.0787793957e+09,6.2368845022e+09,5.0946003455e+09,4.3641127772e+09,4.0393896978e+09,1.8891026611e+11,1.9239150813e+10,8.1866638296e+09,6.8854937775e+09,6.2368845022e+09,4.3949896087e+09,3.2527054520e+09,2.5222178837e+09,2.1974948044e+09,1.8776798195e+11,1.8096866656e+10,7.0443796729e+09,5.7432096208e+09,5.0946003455e+09,3.2527054520e+09,2.1104212953e+09,1.3799337270e+09,1.0552106477e+09,1.8703749438e+11,1.7366379088e+10,6.3138921046e+09,5.0127220525e+09,4.3641127772e+09,2.5222178837e+09,1.3799337270e+09,6.4944615869e+08,3.2472307934e+08
317,20000,70,3.4365915345e+11,1.8768709240e+11,1.7742103365e+11,1.7618681239e+11,1.7557443759e+11,1.7385828745e+11,1.7280429135e+11,1.7213177047e+11,1.7182957672e+11,1.8768709240e+11,3.1715031358e+10,2.1448972602e+10,2.0214751343e+10,1.9602376541e+10,1.7886226405e+10,1.6832230309e+10,1.6159709423e+10,1.5857515679e+10,1.7742103365e+11,2.1448972602e+10,1.1182913845e+10,9.9486925867e+09,9.3363177849e+09,7.6201676492e+09,6.5661715527e+09,5.8936506671e+09,5.5914569226e+09,1.7618681239e+11,2.0214751343e+10,9.9486925867e+09,8.7144713281e+09,8.1020965263e+09,6.3859463906e+09,5.3319502941e+09,4.6594294085e+09,4.3572356641e+09,1.7557443759e+11,1.9602376541e+10,9.3363177849e+09,8.1020965263e+09,7.4897217245e+09,5.7735715888e+09,4.7195754923e+09,4.0470546067e+09,3.7448608622e+09,1.7385828745e+11,1.7886226405e+10,7.6201676492e+09,6.3859463906e+09,5.7735715888e+09,4.0574214530e+09,3.0034253566e+09,2.3309044710e+09,2.0287107265e+09,1.7280429135e+11,1.6832230309e+10,6.5661715527e+09,5.3319502941e+09,4.7195754923e+09,3.0034253566e+09,1.9494292602e+09,1.2769083746e+09,9.7471463009e+08,1.7213177047e+11,1.6159709423e+10,5.8936506671e+09,4.6594294085e+09,4.0470546067e+09,2.3309044710e+09,1.2769083746e+09,6.0438748896e+08,3.0219374448e+08
318,20000,80,3.2776383259e+11,1.7910841165e+11,1.6926369569e+11,1.6806530244e+11,1.6747207033e+11,1.6582192220e+11,1.6481425044e+11,1.6417219531e+11,1.6388191629e+11,1.7910841165e+11,3.0452990709e+10,2.0608274754e+10,1.9409881502e+10,1.8816649386e+10,1.7166501257e+10,1.6158829505e+10,1.5516774375e+10,1.5226495355e+10,1.6926369569e+11,2.0608274754e+10,1.0763558799e+10,9.5651655467e+09,8.9719334309e+09,7.3217853017e+09,6.3141135498e+09,5.6720584198e+09,5.3817793994e+09,1.6806530244e+11,1.9409881502e+10,9.5651655467e+09,8.3667722944e+09,7.7735401787e+09,6.1233920495e+09,5.1157202976e+09,4.4736651676e+09,4.1833861472e+09,1.6747207033e+11,1.8816649386e+10,8.9719334309e+09,7.7735401787e+09,7.1803080630e+09,5.5301599337e+09,4.5224881818e+09,3.8804330518e+09,3.5901540315e+09,1.6582192220e+11,1.7166501257e+10,7.3217853017e+09,6.1233920495e+09,5.5301599337e+09,3.8800118045e+09,2.8723400526e+09,2.2302849226e+09,1.9400059022e+09,1.6481425044e+11,1.6158829505e+10,6.3141135498e+09,5.1157202976e+09,4.5224881818e+09,2.8723400526e+09,1.8646683007e+09,1.2226131707e+09,9.3233415034e+08,1.6417219531e+11,1.5516774375e+10,5.6720584198e+09,4.4736651676e+09,3.8804330518e+09,2.2302849226e+09,1.2226131707e+09,5.8055804067e+08,2.9027902033e+08
319,20000,90,3.2280742681e+11,1.7643547075e+11,1.6672098371e+11,1.6553331090e+11,1.6494586283e+11,1.6331606969e+11,1.6232284066e+11,1.6169030793e+11,1.6140371340e+11,1.7643547075e+11,3.0063514690e+10,2.0349027651e+10,1.9161354840e+10,1.8573906774e+10,1.6944113628e+10,1.5950884598e+10,1.5318351867e+10,1.5031757345e+10,1.6672098371e+11,2.0349027651e+10,1.0634540611e+10,9.4468678007e+09,8.8594197341e+09,7.2296265887e+09,6.2363975580e+09,5.6038648278e+09,5.3172703055e+09,1.6553331090e+11,1.9161354840e+10,9.4468678007e+09,8.2591949904e+09,7.6717469238e+09,6.0419537784e+09,5.0487247477e+09,4.4161920175e+09,4.1295974952e+09,1.6494586283e+11,1.8573906774e+10,8.8594197341e+09,7.6717469238e+09,7.0842988572e+09,5.4545057118e+09,4.4612766811e+09,3.8287439509e+09,3.5421494286e+09,1.6331606969e+11,1.6944113628e+10,7.2296265887e+09,6.0419537784e+09,5.4545057118e+09,3.8247125664e+09,2.8314835357e+09,2.1989508055e+09,1.9123562832e+09,1.6232284066e+11,1.5950884598e+10,6.2363975580e+09,5.0487247477e+09,4.4612766811e+09,2.8314835357e+09,1.8382545050e+09,1.2057217748e+09,9.1912725248e+08,1.6169030793e+11,1.5318351867e+10,5.6038648278e+09,4.4161920175e+09,3.8287439509e+09,2.1989508055e+09,1.2057217748e+09,5.7318904464e+08,2.8659452232e+08
320,22500,0,6.7565706741e+11,3.7070310990e+11,3.5153271346e+11,3.4932195496e+11,3.4802887487e+11,3.4365609281e+11,3.4063114615e+11,3.3864275095e+11,3.3782853371e+11,3.7070310990e+11,6.5749152378e+10,4.6578755938e+10,4.4367997443e+10,4.3074917348e+10,3.8702135297e+10,3.5677188634e+10,3.3688793431e+10,3.2874576189e+10,3.5153271346e+11,4.6578755938e+10,2.7408359498e+10,2.5197601003e+10,2.3904520908e+10,1.9531738857e+10,1.6506792194e+10,1.4518396991e+10,1.3704179749e+10,3.4932195496e+11,4.4367997443e+10,2.5197601003e+10,2.2986842507e+10,2.1693762412e+10,1.7320980361e+10,1.4296033698e+10,1.2307638496e+10,1.1493421254e+10,3.4802887487e+11,4.3074917348e+10,2.3904520908e+10,2.1693762412e+10,2.0400682318e+10,1.6027900267e+10,1.3002953604e+10,1.1014558401e+10,1.0200341159e+10,3.4365609281e+11,3.8702135297e+10,1.9531738857e+10,1.7320980361e+10,1.6027900267e+10,1.1655118216e+10,8.6301715528e+09,6.6417763501e+09,5.8275591079e+09,3.4063114615e+11,3.5677188634e+10,1.6506792194e+10,1.4296033698e+10,1.3002953604e+10,8.6301715528e+09,5.6052248899e+09,3.6168296871e+09,2.8026124449e+09,3.3864275095e+11,3.3688793431e+10,1.4518396991e+10,1.2307638496e+10,1.1014558401e+10,6.6417763501e+09,3.6168296871e+09,1.6284344844e+09,8.1421724220e+08
321,22500,10,5.8324098709e+11,3.2106262212e+11,3.0443031519e+11,3.0239480477e+11,3.0117658798e+11,2.9705929454e+11,2.9422867836e+11,2.9237700064e+11,2.9162049355e+11,3.2106262212e+11,5.8884257155e+10,4.2251950215e+10,4.0216439795e+10,3.8998223005e+10,3.4880929566e+10,3.2050313388e+10,3.0198635667e+10,2.9442128577e+10,3.0443031519e+11,4.2251950215e+10,2.5619643276e+10,2.3584132856e+10,2.2365916066e+10,1.8248622627e+10,1.5418006448e+10,1.3566328728e+10,1.2809821638e+10,3.0239480477e+11,4.0216439795e+10,2.3584132856e+10,2.1548622436e+10,2.0330405646e+10,1.6213112207e+10,1.3382496028e+10,1.1530818308e+10,1.0774311218e+10,3.0117658798e+11,3.8998223005e+10,2.2365916066e+10,2.0330405646e+10,1.9112188856e+10,1.4994895417e+10,1.2164279238e+10,1.0312601518e+10,9.5560944278e+09,2.9705929454e+11,3.4880929566e+10,1.8248622627e+10,1.6213112207e+10,1.4994895417e+10,1.0877601977e+10,8.0469857989e+09,6.1953080787e+09,5.4388009887e+09,2.9422867836e+11,3.2050313388e+10,1.5418006448e+10,1.3382496028e+10,1.2164279238e+10,8.0469857989e+09,5.2163696202e+09,3.3646919001e+09,2.6081848101e+09,2.9237700064e+11,3.0198635667e+10,1.3566328728e+10,1.1530818308e+10,1.0312601518e+10,6.1953080787e+09,3.3646919001e+09,1.5130141800e+09,7.5650709000e+08
322,22500,20,3.9643172691e+11,2.2090119559e+11,2.0908941970e+11,2.0733543784e+11,2.0625440544e+11,2.0271167926e+11,2.0035486175e+11,1.9883908467e+11,1.9821586345e+11,2.2090119559e+11,4.5370664274e+10,3.3558888382e+10,3.1804906522e+10,3.0723874123e+10,2.7181147943e+10,2.4824330428e+10,2.3308553351e+10,2.2685332137e+10,2.0908941970e+11,3.3558888382e+10,2.1747112490e+10,1.9993130630e+10,1.8912098232e+10,1.5369372051e+10,1.3012554536e+10,1.1496777459e+10,1.0873556245e+10,2.0733543784e+11,3.1804906522e+10,1.9993130630e+10,1.8239148771e+10,1.7158116372e+10,1.3615390191e+10,1.1258572676e+10,9.7427955995e+09,9.1195743855e+09,2.0625440544e+11,3.0723874123e+10,1.8912098232e+10,1.7158116372e+10,1.6077083973e+10,1.2534357793e+10,1.0177540277e+10,8.6617632006e+09,8.0385419866e+09,2.0271167926e+11,2.7181147943e+10,1.5369372051e+10,1.3615390191e+10,1.2534357793e+10,8.9916316120e+09,6.6348140967e+09,5.1190370200e+09,4.4958158060e+09,2.0035486175e+11,2.4824330428e+10,1.3012554536e+10,1.1258572676e+10,1.0177540277e+10,6.6348140967e+09,4.2779965815e+09,2.7622195048e+09,2.1389982908e+09,1.9883908467e+11,2.3308553351e+10,1.1496777459e+10,9.7427955995e+09,8.6617632006e+09,5.1190370200e+09,2.7622195048e+09,1.2464424280e+09,6.2322121401e+08
323,22500,30,2.6666181713e+11,1.5053906890e+11,1.4199944873e+11,1.4048593183e+11,1.3956718012e+11,1.3673159693e+11,1.3493748804e+11,1.3380728133e+11,1.3333090857e+11,1.5053906890e+11,3.4416320663e+10,2.5876700497e+10,2.4363183596e+10,2.3444431889e+10,2.0608848697e+10,1.8814739809e+10,1.7684533094e+10,1.7208160331e+10,1.4199944873e+11,2.5876700497e+10,1.7337080332e+10,1.5823563430e+10,1.4904811723e+10,1.2069228531e+10,1.0275119643e+10,9.1449129286e+09,8.6685401658e+09,1.4048593183e+11,2.4363183596e+10,1.5823563430e+10,1.4310046529e+10,1.3391294822e+10,1.0555711629e+10,8.7616027417e+09,7.6313960271e+09,7.1550232643e+09,1.3956718012e+11,2.3444431889e+10,1.4904811723e+10,1.3391294822e+10,1.2472543115e+10,9.6369599227e+09,7.8428510350e+09,6.7126443204e+09,6.2362715576e+09,1.3673159693e+11,2.0608848697e+10,1.2069228531e+10,1.0555711629e+10,9.6369599227e+09,6.8013767303e+09,5.0072678425e+09,3.8770611279e+09,3.4006883651e+09,1.3493748804e+11,1.8814739809e+10,1.0275119643e+10,8.7616027417e+09,7.8428510350e+09,5.0072678425e+09,3.2131589548e+09,2.0829522402e+09,1.6065794774e+09,1.3380728133e+11,1.7684533094e+10,9.1449129286e+09,7.6313960271e+09,6.7126443204e+09,3.8770611279e+09,2.0829522402e+09,9.5274552555e+08,4.7637276278e+08
324,22500,40,2.0107338729e+11,1.1402654482e+11,1.0729244005e+11,1.0603067212e+11,1.0528623050e+11,1.0308593898e+11,1.0173878522e+11,1.0089939197e+11,1.0053669365e+11,1.1402654482e+11,2.6979702339e+10,2.0245597575e+10,1.8983829642e+10,1.8239388020e+10,1.6039096501e+10,1.4691942748e+10,1.3852549498e+10,1.3489851169e+10,1.0729244005e+11,2.0245597575e+10,1.3511492811e+10,1.2249724878e+10,1.1505283256e+10,9.3049917373e+09,7.9578379839e+09,7.1184447342e+09,6.7557464057e+09,1.0603067212e+11,1.8983829642e+10,1.2249724878e+10,1.0987956945e+10,1.0243515323e+10,8.0432238040e+09,6.6960700506e+09,5.8566768009e+09,5.4939784724e+09,1.0528623050e+11,1.8239388020e+10,1.1505283256e+10,1.0243515323e+10,9.4990737010e+09,7.2987821821e+09,5.9516284287e+09,5.1122351790e+09,4.7495368505e+09,1.0308593898e+11,1.6039096501e+10,9.3049917373e+09,8.0432238040e+09,7.2987821821e+09,5.0984906633e+09,3.7513369099e+09,2.9119436602e+09,2.5492453316e+09,1.0173878522e+11,1.4691942748e+10,7.9578379839e+09,6.6960700506e+09,5.9516284287e+09,3.7513369099e+09,2.4041831565e+09,1.5647899067e+09,1.2020915782e+09,1.0089939197e+11,1.3852549498e+10,7.1184447342e+09,5.8566768009e+09,5.1122351790e+09,2.9119436602e+09,1.5647899067e+09,7.2539665703e+08,3.6269832852e+08
325,22500,50,1.6720593601e+11,9.5056369161e+10,8.9274172740e+10,8.8165051849e+10,8.7526670323e+10,8.5693832516e+10,8.4591571283e+10,8.3906512129e+10,8.3602968004e+10,9.5056369161e+10,2.2906802314e+10,1.7124605893e+10,1.6015485001e+10,1.5377103476e+10,1.3544265668e+10,1.2442004435e+10,1.1756945281e+10,1.1453401157e+10,8.9274172740e+10,1.7124605893e+10,1.1342409472e+10,1.0233288580e+10,9.5949070550e+09,7.7620692475e+09,6.6598080142e+09,5.9747488603e+09,5.6712047359e+09,8.8165051849e+10,1.6015485001e+10,1.0233288580e+10,9.1241676891e+09,8.4857861636e+09,6.6529483561e+09,5.5506871228e+09,4.8656279689e+09,4.5620838445e+09,8.7526670323e+10,1.5377103476e+10,9.5949070550e+09,8.4857861636e+09,7.8474046381e+09,6.0145668306e+09,4.9123055973e+09,4.2272464434e+09,3.9237023191e+09,8.5693832516e+10,1.3544265668e+10,7.7620692475e+09,6.6529483561e+09,6.0145668306e+09,4.1817290232e+09,3.0794677899e+09,2.3944086360e+09,2.0908645116e+09,8.4591571283e+10,1.2442004435e+10,6.6598080142e+09,5.5506871228e+09,4.9123055973e+09,3.0794677899e+09,1.9772065565e+09,1.2921474027e+09,9.8860327827e+08,8.3906512129e+10,1.1756945281e+10,5.9747488603e+09,4.8656279689e+09,4.2272464434e+09,2.3944086360e+09,1.2921474027e+09,6.0708824879e+08,3.0354412439e+08
326,22500,60,1.4819682604e+11,8.4462030207e+10,7.9208089502e+10,7.8177997575e+10,7.7593975003e+10,7.5950331957e+10,7.4975245446e+10,7.4370936842e+10,7.4098413020e+10,8.4462030207e+10,2.0727234375e+10,1.5473293669e+10,1.4443201743e+10,1.3859179171e+10,1.2215536125e+10,1.1240449614e+10,1.0636141010e+10,1.0363617187e+10,7.9208089502e+10,1.5473293669e+10,1.0219352964e+10,9.1892610370e+09,8.6052384652e+09,6.9615954196e+09,5.9865089080e+09,5.3822003045e+09,5.1096764819e+09,7.8177997575e+10,1.4443201743e+10,9.1892610370e+09,8.1591691103e+09,7.5751465385e+09,5.9315034929e+09,4.9564169813e+09,4.3521083778e+09,4.0795845552e+09,7.7593975003e+10,1.3859179171e+10,8.6052384652e+09,7.5751465385e+09,6.9911239666e+09,5.3474809211e+09,4.3723944095e+09,3.7680858060e+09,3.4955619833e+09,7.5950331957e+10,1.2215536125e+10,6.9615954196e+09,5.9315034929e+09,5.3474809211e+09,3.7038378755e+09,2.7287513639e+09,2.1244427604e+09,1.8519189377e+09,7.4975245446e+10,1.1240449614e+10,5.9865089080e+09,4.9564169813e+09,4.3723944095e+09,2.7287513639e+09,1.7536648524e+09,1.1493562489e+09,8.7683242619e+08,7.4370936842e+10,1.0636141010e+10,5.3822003045e+09,4.3521083778e+09,3.7680858060e+09,2.1244427604e+09,1.1493562489e+09,5.4504764533e+08,2.7252382267e+08
327,22500,70,1.3714950575e+11,7.8319006246e+10,7.3369948802e+10,7.2383494434e+10,7.1829422745e+10,7.0291321104e+10,6.9388040283e+10,6.8829615324e+10,6.8574752877e+10,7.8319006246e+10,1.9488506738e+10,1.4539449295e+10,1.3552994927e+10,1.2998923237e+10,1.1460821597e+10,1.0557540776e+10,9.9991158167e+09,9.7442533691e+09,7.3369948802e+10,1.4539449295e+10,9.5903918510e+09,8.6039374833e+09,8.0498657937e+09,6.5117641531e+09,5.6084833323e+09,5.0500583731e+09,4.7951959255e+09,7.2383494434e+10,1.3552994927e+10,8.6039374833e+09,7.6174831156e+09,7.0634114261e+09,5.5253097855e+09,4.6220289646e+09,4.0636040054e+09,3.8087415578e+09,7.1829422745e+10,1.2998923237e+10,8.0498657937e+09,7.0634114261e+09,6.5093397365e+09,4.9712380959e+09,4.0679572751e+09,3.5095323159e+09,3.2546698682e+09,7.0291321104e+10,1.1460821597e+10,6.5117641531e+09,5.5253097855e+09,4.9712380959e+09,3.4331364553e+09,2.5298556345e+09,1.9714306752e+09,1.7165682276e+09,6.9388040283e+10,1.0557540776e+10,5.6084833323e+09,4.6220289646e+09,4.0679572751e+09,2.5298556345e+09,1.6265748136e+09,1.0681498544e+09,8.1328740682e+08,6.8829615324e+10,9.9991158167e+09,5.0500583731e+09,4.0636040054e+09,3.5095323159e+09,1.9714306752e+09,1.0681498544e+09,5.0972489521e+08,2.5486244761e+08
328,22500,80,1.3130106946e+11,7.5074551734e+10,7.0284084771e+10,6.9319311513e+10,6.8780337099e+10,6.7296532280e+10,6.6430659749e+10,6.5896232783e+10,6.5650534729e+10,7.5074551734e+10,1.8848034010e+10,1.4057567047e+10,1.3092793789e+10,1.2553819375e+10,1.1070014556e+10,1.0204142025e+10,9.6697150594e+09,9.4240170048e+09,7.0284084771e+10,1.4057567047e+10,9.2671000850e+09,8.3023268271e+09,7.7633524128e+09,6.2795475941e+09,5.4136750629e+09,4.8792480971e+09,4.6335500425e+09,6.9319311513e+10,1.3092793789e+10,8.3023268271e+09,7.3375535691e+09,6.7985791549e+09,5.3147743362e+09,4.4489018049e+09,3.9144748392e+09,3.6687767846e+09,6.8780337099e+10,1.2553819375e+10,7.7633524128e+09,6.7985791549e+09,6.2596047406e+09,4.7757999219e+09,3.9099273907e+09,3.3755004249e+09,3.1298023703e+09,6.7296532280e+10,1.1070014556e+10,6.2795475941e+09,5.3147743362e+09,4.7757999219e+09,3.2919951032e+09,2.4261225720e+09,1.8916956062e+09,1.6459975516e+09,6.6430659749e+10,1.0204142025e+10,5.4136750629e+09,4.4489018049e+09,3.9099273907e+09,2.4261225720e+09,1.5602500407e+09,1.0258230749e+09,7.8012502035e+08,6.5896232783e+10,9.6697150594e+09,4.8792480971e+09,3.9144748392e+09,3.3755004249e+09,1.8916956062e+09,1.0258230749e+09,4.9139610918e+08,2.4569805459e+08
329,22500,90,1.2945101797e+11,7.4044348601e+10,6.9305717715e+10,6.8348535926e+10,6.7814691001e+10,6.6348729096e+10,6.5494929221e+10,6.4968211267e+10,6.4725508984e+10,7.4044348601e+10,1.8637679233e+10,1.3899048347e+10,1.2941866558e+10,1.2408021634e+10,1.0942059728e+10,1.0088259853e+10,9.5615418994e+09,9.3188396165e+09,6.9305717715e+10,1.3899048347e+10,9.1604174609e+09,8.2032356724e+09,7.6693907476e+09,6.2034288420e+09,5.3496289673e+09,4.8229110134e+09,4.5802087304e+09,6.8348535926e+10,1.2941866558e+10,8.2032356724e+09,7.2460538840e+09,6.7122089591e+09,5.2462470536e+09,4.3924471789e+09,3.8657292249e+09,3.6230269420e+09,6.7814691001e+10,1.2408021634e+10,7.6693907476e+09,6.7122089591e+09,6.1783640342e+09,4.7124021287e+09,3.8586022540e+09,3.3318843001e+09,3.0891820171e+09,6.6348729096e+10,1.0942059728e+10,6.2034288420e+09,5.2462470536e+09,4.7124021287e+09,3.2464402231e+09,2.3926403484e+09,1.8659223945e+09,1.6232201116e+09,6.5494929221e+10,1.0088259853e+10,5.3496289673e+09,4.3924471789e+09,3.8586022540e+09,2.3926403484e+09,1.5388404738e+09,1.0121225198e+09,7.6942023689e+08,6.4968211267e+10,9.5615418994e+09,4.8229110134e+09,3.8657292249e+09,3.3318843001e+09,1.8659223945e+09,1.0121225198e+09,4.8540456586e+08,2.4270228293e+08
330,25000,0,2.7187493265e+11,1.5505172447e+11,1.4681266786e+11,1.4524319208e+11,1.4417563933e+11,1.4055834334e+11,1.3813344290e+11,1.3657747219e+11,1.3593746633e+11,1.5505172447e+11,3.8228516284e+10,2.9989459679e+10,2.8419983898e+10,2.7352431144e+10,2.3735135153e+10,2.1310234711e+10,1.9754264009e+10,1.9114258142e+10,1.4681266786e+11,2.9989459679e+10,2.1750403074e+10,2.0180927293e+10,1.9113374540e+10,1.5496078548e+10,1.3071178106e+10,1.1515207404e+10,1.0875201537e+10,1.4524319208e+11,2.8419983898e+10,2.0180927293e+10,1.8611451512e+10,1.7543898759e+10,1.3926602767e+10,1.1501702325e+10,9.9457316227e+09,9.3057257560e+09,1.4417563933e+11,2.7352431144e+10,1.9113374540e+10,1.7543898759e+10,1.6476346005e+10,1.2859050014e+10,1.0434149572e+10,8.8781788693e+09,8.2381730026e+09,1.4055834334e+11,2.3735135153e+10,1.5496078548e+10,1.3926602767e+10,1.2859050014e+10,9.2417540218e+09,6.8168535803e+09,5.2608828776e+09,4.6208770109e+09,1.3813344290e+11,2.1310234711e+10,1.3071178106e+10,1.1501702325e+10,1.0434149572e+10,6.8168535803e+09,4.3919531388e+09,2.8359824361e+09,2.1959765694e+09,1.3657747219e+11,1.9754264009e+10,1.1515207404e+10,9.9457316227e+09,8.8781788693e+09,5.2608828776e+09,2.8359824361e+09,1.2800117334e+09,6.4000586669e+08
331,25000,10,2.4556550909e+11,1.4138823170e+11,1.3344371738e+11,1.3177775891e+11,1.3068342007e+11,1.2714604035e+11,1.2485078899e+11,1.2339438642e+11,1.2278275454e+11,1.4138823170e+11,3.7210954312e+10,2.9266439992e+10,2.7600481519e+10,2.6506142680e+10,2.2968762959e+10,2.0673511602e+10,1.9217109032e+10,1.8605477156e+10,1.3344371738e+11,2.9266439992e+10,2.1321925672e+10,1.9655967199e+10,1.8561628360e+10,1.5024248639e+10,1.2728997282e+10,1.1272594712e+10,1.0660962836e+10,1.3177775891e+11,2.7600481519e+10,1.9655967199e+10,1.7990008726e+10,1.6895669887e+10,1.3358290166e+10,1.1063038809e+10,9.6066362394e+09,8.9950043631e+09,1.3068342007e+11,2.6506142680e+10,1.8561628360e+10,1.6895669887e+10,1.5801331048e+10,1.2263951327e+10,9.9686999699e+09,8.5122974004e+09,7.9006655241e+09,1.2714604035e+11,2.2968762959e+10,1.5024248639e+10,1.3358290166e+10,1.2263951327e+10,8.7265716058e+09,6.4313202488e+09,4.9749176792e+09,4.3632858029e+09,1.2485078899e+11,2.0673511602e+10,1.2728997282e+10,1.1063038809e+10,9.9686999699e+09,6.4313202488e+09,4.1360688918e+09,2.6796663222e+09,2.0680344459e+09,1.2339438642e+11,1.9217109032e+10,1.1272594712e+10,9.6066362394e+09,8.5122974004e+09,4.9749176792e+09,2.6796663222e+09,1.2232637526e+09,6.1163187631e+08
332,25000,20,1.7884295294e+11,1.0504590472e+11,9.8596121675e+10,9.7017904385e+10,9.6014980867e+10,9.2967528332e+10,9.1089771347e+10,8.9923754318e+10,8.9421476468e+10,1.0504590472e+11,3.1248856495e+10,2.4799073455e+10,2.3220856164e+10,2.2217932646e+10,1.9170480111e+10,1.7292723126e+10,1.6126706098e+10,1.5624428247e+10,9.8596121675e+10,2.4799073455e+10,1.8349290415e+10,1.6771073125e+10,1.5768149607e+10,1.2720697072e+10,1.0842940087e+10,9.6769230580e+09,9.1746452077e+09,9.7017904385e+10,2.3220856164e+10,1.6771073125e+10,1.5192855834e+10,1.4189932316e+10,1.1142479781e+10,9.2647227957e+09,8.0987057672e+09,7.5964279169e+09,9.6014980867e+10,2.2217932646e+10,1.5768149607e+10,1.4189932316e+10,1.3187008798e+10,1.0139556263e+10,8.2617992777e+09,7.0957822492e+09,6.5935043989e+09,9.2967528332e+10,1.9170480111e+10,1.2720697072e+10,1.1142479781e+10,1.0139556263e+10,7.0921037279e+09,5.2143467428e+09,4.0483297143e+09,3.5460518640e+09,9.1089771347e+10,1.7292723126e+10,1.0842940087e+10,9.2647227957e+09,8.2617992777e+09,5.2143467428e+09,3.3365897576e+09,2.1705727291e+09,1.6682948788e+09,8.9923754318e+10,1.6126706098e+10,9.6769230580e+09,8.0987057672e+09,7.0957822492e+09,4.0483297143e+09,2.1705727291e+09,1.0045557006e+09,5.0227785031e+08
333,25000,30,1.2459352890e+11,7.4283120483e+10,6.9369700821e+10,6.8056752844e+10,6.7245299304e+10,6.4896977285e+10,6.3512316747e+10,6.2668639352e+10,6.2296764449e+10,7.4283120483e+10,2.3972712069e+10,1.9059292407e+10,1.7746344430e+10,1.6934890890e+10,1.4586568871e+10,1.3201908333e+10,1.2358230938e+10,1.1986356035e+10,6.9369700821e+10,1.9059292407e+10,1.4145872745e+10,1.2832924768e+10,1.2021471228e+10,9.6731492093e+09,8.2884886709e+09,7.4448112759e+09,7.0729363727e+09,6.8056752844e+10,1.7746344430e+10,1.2832924768e+10,1.1519976790e+10,1.0708523250e+10,8.3602012315e+09,6.9755406931e+09,6.1318632982e+09,5.7599883950e+09,6.7245299304e+10,1.6934890890e+10,1.2021471228e+10,1.0708523250e+10,9.8970697108e+09,7.5487476920e+09,6.1640871536e+09,5.3204097586e+09,4.9485348554e+09,6.4896977285e+10,1.4586568871e+10,9.6731492093e+09,8.3602012315e+09,7.5487476920e+09,5.2004256732e+09,3.8157651348e+09,2.9720877398e+09,2.6002128366e+09,6.3512316747e+10,1.3201908333e+10,8.2884886709e+09,6.9755406931e+09,6.1640871536e+09,3.8157651348e+09,2.4311045964e+09,1.5874272014e+09,1.2155522982e+09,6.2668639352e+10,1.2358230938e+10,7.4448112759e+09,6.1318632982e+09,5.3204097586e+09,2.9720877398e+09,1.5874272014e+09,7.4374980644e+08,3.7187490322e+08
334,25000,40,9.5883796664e+10,5.7549037074e+10,5.3503658910e+10,5.2396402186e+10,5.1735437471e+10,4.9903382971e+10,4.8858771207e+10,4.8228814065e+10,4.7941898332e+10,5.7549037074e+10,1.9214277484e+10,1.5168899320e+10,1.4061642596e+10,1.3400677882e+10,1.1568623381e+10,1.0524011617e+10,9.8940544747e+09,9.6071387420e+09,5.3503658910e+10,1.5168899320e+10,1.1123521156e+10,1.0016264432e+10,9.3552997177e+09,7.5232452174e+09,6.4786334530e+09,5.8486763108e+09,5.5617605781e+09,5.2396402186e+10,1.4061642596e+10,1.0016264432e+10,8.9090077081e+09,8.2480429936e+09,6.4159884933e+09,5.3713767289e+09,4.7414195867e+09,4.4545038540e+09,5.1735437471e+10,1.3400677882e+10,9.3552997177e+09,8.2480429936e+09,7.5870782791e+09,5.7550237788e+09,4.7104120144e+09,4.0804548722e+09,3.7935391396e+09,4.9903382971e+10,1.1568623381e+10,7.5232452174e+09,6.4159884933e+09,5.7550237788e+09,3.9229692785e+09,2.8783575141e+09,2.2484003719e+09,1.9614846393e+09,4.8858771207e+10,1.0524011617e+10,6.4786334530e+09,5.3713767289e+09,4.7104120144e+09,2.8783575141e+09,1.8337457497e+09,1.2037886075e+09,9.1687287485e+08,4.8228814065e+10,9.8940544747e+09,5.8486763108e+09,4.7414195867e+09,4.0804548722e+09,2.2484003719e+09,1.2037886075e+09,5.7383146535e+08,2.8691573268e+08
335,25000,50,8.0995372416e+10,4.8841702610e+10,4.5255214412e+10,4.4264479967e+10,4.3687951401e+10,4.2134146621e+10,4.1265023862e+10,4.0742596265e+10,4.0497686208e+10,4.8841702610e+10,1.6688032805e+10,1.3101544607e+10,1.2110810162e+10,1.1534281596e+10,9.9804768155e+09,9.1113540570e+09,8.5889264599e+09,8.3440164025e+09,4.5255214412e+10,1.3101544607e+10,9.5150564081e+09,8.5243219635e+09,7.9477933976e+09,6.3939886170e+09,5.5248658585e+09,5.0024382614e+09,4.7575282040e+09,4.4264479967e+10,1.2110810162e+10,8.5243219635e+09,7.5335875189e+09,6.9570589530e+09,5.4032541725e+09,4.5341314139e+09,4.0117038168e+09,3.7667937595e+09,4.3687951401e+10,1.1534281596e+10,7.9477933976e+09,6.9570589530e+09,6.3805303871e+09,4.8267256066e+09,3.9576028480e+09,3.4351752509e+09,3.1902651936e+09,4.2134146621e+10,9.9804768155e+09,6.3939886170e+09,5.4032541725e+09,4.8267256066e+09,3.2729208260e+09,2.4037980675e+09,1.8813704704e+09,1.6364604130e+09,4.1265023862e+10,9.1113540570e+09,5.5248658585e+09,4.5341314139e+09,3.9576028480e+09,2.4037980675e+09,1.5346753090e+09,1.0122477118e+09,7.6733765448e+08,4.0742596265e+10,8.5889264599e+09,5.0024382614e+09,4.0117038168e+09,3.4351752509e+09,1.8813704704e+09,1.0122477118e+09,4.8982011473e+08,2.4491005736e+08
336,25000,60,7.2751266747e+10,4.4043415631e+10,4.0708081121e+10,3.9778262139e+10,3.9245801875e+10,3.7838303247e+10,3.7062537661e+10,3.6597849002e+10,3.6375633374e+10,4.4043415631e+10,1.5335564515e+10,1.2000230005e+10,1.1070411023e+10,1.0537950759e+10,9.1304521306e+09,8.3546865453e+09,7.8899978853e+09,7.6677822574e+09,4.0708081121e+10,1.2000230005e+10,8.6648954950e+09,7.7350765128e+09,7.2026162488e+09,5.7951176208e+09,5.0193520354e+09,4.5546633755e+09,4.3324477475e+09,3.9778262139e+10,1.1070411023e+10,7.7350765128e+09,6.8052575305e+09,6.2727972666e+09,4.8652986385e+09,4.0895330531e+09,3.6248443932e+09,3.4026287652e+09,3.9245801875e+10,1.0537950759e+10,7.2026162488e+09,6.2727972666e+09,5.7403370026e+09,4.3328383746e+09,3.5570727892e+09,3.0923841293e+09,2.8701685013e+09,3.7838303247e+10,9.1304521306e+09,5.7951176208e+09,4.8652986385e+09,4.3328383746e+09,2.9253397465e+09,2.1495741612e+09,1.6848855012e+09,1.4626698733e+09,3.7062537661e+10,8.3546865453e+09,5.0193520354e+09,4.0895330531e+09,3.5570727892e+09,2.1495741612e+09,1.3738085758e+09,9.0911991586e+08,6.8690428790e+08,3.6597849002e+10,7.8899978853e+09,4.5546633755e+09,3.6248443932e+09,3.0923841293e+09,1.6848855012e+09,9.0911991586e+08,4.4443125592e+08,2.2221562796e+08
337,25000,70,6.7995252136e+10,4.1284181776e+10,3.8090974313e+10,3.7194529117e+10,3.6686442446e+10,3.5361147106e+10,3.4638516156e+10,3.4206877312e+10,3.3997626068e+10,4.1284181776e+10,1.4573111416e+10,1.1379903953e+10,1.0483458757e+10,9.9753720861e+09,8.6500767459e+09,7.9274457960e+09,7.4958069517e+09,7.2865557079e+09,3.8090974313e+10,1.1379903953e+10,8.1866964902e+09,7.2902512943e+09,6.7821646233e+09,5.4568692831e+09,4.7342383333e+09,4.3025994890e+09,4.0933482451e+09,3.7194529117e+10,1.0483458757e+10,7.2902512943e+09,6.3938060984e+09,5.8857194275e+09,4.5604240873e+09,3.8377931374e+09,3.4061542931e+09,3.1969030492e+09,3.6686442446e+10,9.9753720861e+09,6.7821646233e+09,5.8857194275e+09,5.3776327565e+09,4.0523374163e+09,3.3297064664e+09,2.8980676221e+09,2.6888163782e+09,3.5361147106e+10,8.6500767459e+09,5.4568692831e+09,4.5604240873e+09,4.0523374163e+09,2.7270420761e+09,2.0044111262e+09,1.5727722819e+09,1.3635210380e+09,3.4638516156e+10,7.9274457960e+09,4.7342383333e+09,3.8377931374e+09,3.3297064664e+09,2.0044111262e+09,1.2817801764e+09,8.5014133206e+08,6.4089008819e+08,3.4206877312e+10,7.4958069517e+09,4.3025994890e+09,3.4061542931e+09,2.8980676221e+09,1.5727722819e+09,8.5014133206e+08,4.1850248775e+08,2.0925124387e+08
338,25000,80,6.5440021514e+10,3.9798298100e+10,3.6683786522e+10,3.5806036912e+10,3.5311308209e+10,3.4030355321e+10,3.3336180588e+10,3.2922232527e+10,3.2720010757e+10,3.9798298100e+10,1.4156574685e+10,1.1042063108e+10,1.0164313498e+10,9.6695847946e+09,8.3886319059e+09,7.6944571736e+09,7.2805091128e+09,7.0782873425e+09,3.6683786522e+10,1.1042063108e+10,7.9275515300e+09,7.0498019200e+09,6.5550732171e+09,5.2741203284e+09,4.5799455961e+09,4.1659975352e+09,3.9637757650e+09,3.5806036912e+10,1.0164313498e+10,7.0498019200e+09,6.1720523100e+09,5.6773236071e+09,4.3963707184e+09,3.7021959861e+09,3.2882479253e+09,3.0860261550e+09,3.5311308209e+10,9.6695847946e+09,6.5550732171e+09,5.6773236071e+09,5.1825949041e+09,3.9016420154e+09,3.2074672832e+09,2.7935192223e+09,2.5912974521e+09,3.4030355321e+10,8.3886319059e+09,5.2741203284e+09,4.3963707184e+09,3.9016420154e+09,2.6206891267e+09,1.9265143945e+09,1.5125663336e+09,1.3103445634e+09,3.3336180588e+10,7.6944571736e+09,4.5799455961e+09,3.7021959861e+09,3.2074672832e+09,1.9265143945e+09,1.2323396622e+09,8.1839160136e+08,6.1616983110e+08,3.2922232527e+10,7.2805091128e+09,4.1659975352e+09,3.2882479253e+09,2.7935192223e+09,1.5125663336e+09,8.1839160136e+08,4.0444354052e+08,2.0222177026e+08
339,25000,90,6.4640820390e+10,3.9332645977e+10,3.6242948602e+10,3.5371196188e+10,3.4880740956e+10,3.3613909653e+10,3.2928758495e+10,3.2520406083e+10,3.2320410195e+10,3.9332645977e+10,1.4024471565e+10,1.0934774190e+10,1.0063021776e+10,9.5725665434e+09,8.3057352404e+09,7.6205840832e+09,7.2122316713e+09,7.0122357826e+09,3.6242948602e+10,1.0934774190e+10,7.8450768151e+09,6.9733244010e+09,6.4828691683e+09,5.2160378653e+09,4.5308867081e+09,4.1225342962e+09,3.9225384075e+09,3.5371196188e+10,1.0063021776e+10,6.9733244010e+09,6.1015719870e+09,5.6111167543e+09,4.3442854513e+09,3.6591342941e+09,3.2507818822e+09,3.0507859935e+09,3.4880740956e+10,9.5725665434e+09,6.4828691683e+09,5.6111167543e+09,5.1206615216e+09,3.8538302186e+09,3.1686790614e+09,2.7603266495e+09,2.5603307608e+09,3.3613909653e+10,8.3057352404e+09,5.2160378653e+09,4.3442854513e+09,3.8538302186e+09,2.5869989156e+09,1.9018477584e+09,1.4934953465e+09,1.2934994578e+09,3.2928758495e+10,7.6205840832e+09,4.5308867081e+09,3.6591342941e+09,3.1686790614e+09,1.9018477584e+09,1.2166966011e+09,8.0834418926e+08,6.0834830057e+08,3.2520406083e+10,7.2122316713e+09,4.1225342962e+09,3.2507818822e+09,2.7603266495e+09,1.4934953465e+09,8.0834418926e+08,3.9999177738e+08,1.9999588869e+08
340,27500,0,1.5134927379e+11,9.1392402622e+10,8.5382510024e+10,8.3659568051e+10,8.2566506108e+10,7.9333721931e+10,7.7396175642e+10,7.6204774784e+10,7.5674636895e+10,9.1392402622e+10,3.1435531454e+10,2.5425638856e+10,2.3702696883e+10,2.2609634940e+10,1.9376850763e+10,1.7439304474e+10,1.6247903616e+10,1.5717765727e+10,8.5382510024e+10,2.5425638856e+10,1.9415746258e+10,1.7692804285e+10,1.6599742342e+10,1.3366958165e+10,1.1429411877e+10,1.0238011018e+10,9.7078731290e+09,8.3659568051e+10,2.3702696883e+10,1.7692804285e+10,1.5969862312e+10,1.4876800369e+10,1.1644016192e+10,9.7064699036e+09,8.5150690447e+09,7.9849311559e+09,8.2566506108e+10,2.2609634940e+10,1.6599742342e+10,1.4876800369e+10,1.3783738426e+10,1.0550954250e+10,8.6134079607e+09,7.4220071018e+09,6.8918692131e+09,7.9333721931e+10,1.9376850763e+10,1.3366958165e+10,1.1644016192e+10,1.0550954250e+10,7.3181700729e+09,5.3806237841e+09,4.1892229252e+09,3.6590850365e+09,7.7396175642e+10,1.7439304474e+10,1.1429411877e+10,9.7064699036e+09,8.6134079607e+09,5.3806237841e+09,3.4430774953e+09,2.2516766364e+09,1.7215387476e+09,7.6204774784e+10,1.6247903616e+10,1.0238011018e+10,8.5150690447e+09,7.4220071018e+09,4.1892229252e+09,2.2516766364e+09,1.0602757776e+09,5.3013788878e+08
341,27500,10,1.3517120877e+11,8.2142971927e+10,7.6609174426e+10,7.4974832198e+10,7.3943619428e+10,7.0933591804e+10,6.9155247589e+10,6.8069949312e+10,6.7585604384e+10,8.2142971927e+10,2.9114735087e+10,2.3580937585e+10,2.1946595358e+10,2.0915382588e+10,1.7905354964e+10,1.6127010748e+10,1.5041712472e+10,1.4557367543e+10,7.6609174426e+10,2.3580937585e+10,1.8047140084e+10,1.6412797856e+10,1.5381585086e+10,1.2371557463e+10,1.0593213247e+10,9.5079149706e+09,9.0235700420e+09,7.4974832198e+10,2.1946595358e+10,1.6412797856e+10,1.4778455629e+10,1.3747242858e+10,1.0737215235e+10,8.9588710193e+09,7.8735727429e+09,7.3892278143e+09,7.3943619428e+10,2.0915382588e+10,1.5381585086e+10,1.3747242858e+10,1.2716030088e+10,9.7060024649e+09,7.9276582491e+09,6.8423599727e+09,6.3580150441e+09,7.0933591804e+10,1.7905354964e+10,1.2371557463e+10,1.0737215235e+10,9.7060024649e+09,6.6959748416e+09,4.9176306258e+09,3.8323323493e+09,3.3479874208e+09,6.9155247589e+10,1.6127010748e+10,1.0593213247e+10,8.9588710193e+09,7.9276582491e+09,4.9176306258e+09,3.1392864100e+09,2.0539881336e+09,1.5696432050e+09,6.8069949312e+10,1.5041712472e+10,9.5079149706e+09,7.8735727429e+09,6.8423599727e+09,3.8323323493e+09,2.0539881336e+09,9.6868985710e+08,4.8434492855e+08
342,27500,20,1.0113556923e+11,6.2429620744e+10,5.7925994997e+10,5.6512490696e+10,5.5638020360e+10,5.3179479609e+10,5.1782358331e+10,5.0946171839e+10,5.0567784616e+10,6.2429620744e+10,2.3723672256e+10,1.9220046509e+10,1.7806542208e+10,1.6932071871e+10,1.4473531120e+10,1.3076409843e+10,1.2240223351e+10,1.1861836128e+10,5.7925994997e+10,1.9220046509e+10,1.4716420762e+10,1.3302916461e+10,1.2428446124e+10,9.9699053732e+09,8.5727840955e+09,7.7365976037e+09,7.3582103808e+09,5.6512490696e+10,1.7806542208e+10,1.3302916461e+10,1.1889412160e+10,1.1014941823e+10,8.5564010723e+09,7.1592797946e+09,6.3230933028e+09,5.9447060799e+09,5.5638020360e+10,1.6932071871e+10,1.2428446124e+10,1.1014941823e+10,1.0140471487e+10,7.6819307357e+09,6.2848094581e+09,5.4486229662e+09,5.0702357433e+09,5.3179479609e+10,1.4473531120e+10,9.9699053732e+09,8.5564010723e+09,7.6819307357e+09,5.2233899849e+09,3.8262687072e+09,2.9900822154e+09,2.6116949924e+09,5.1782358331e+10,1.3076409843e+10,8.5727840955e+09,7.1592797946e+09,6.2848094581e+09,3.8262687072e+09,2.4291474296e+09,1.5929609377e+09,1.2145737148e+09,5.0946171839e+10,1.2240223351e+10,7.7365976037e+09,6.3230933028e+09,5.4486229662e+09,2.9900822154e+09,1.5929609377e+09,7.5677444589e+08,3.7838722294e+08
343,27500,30,7.3497786254e+10,4.6032751147e+10,4.2413896291e+10,4.1237262216e+10,4.0533389632e+10,3.8649504161e+10,3.7627974582e+10,3.7028831664e+10,3.6748893127e+10,4.6032751147e+10,1.8567716039e+10,1.4948861184e+10,1.3772227109e+10,1.3068354525e+10,1.1184469054e+10,1.0162939475e+10,9.5637965565e+09,9.2838580197e+09,4.2413896291e+10,1.4948861184e+10,1.1330006328e+10,1.0153372253e+10,9.4494996688e+09,7.5656141977e+09,6.5440846192e+09,5.9449417006e+09,5.6650031638e+09,4.1237262216e+10,1.3772227109e+10,1.0153372253e+10,8.9767381777e+09,8.2728655939e+09,6.3889801228e+09,5.3674505443e+09,4.7683076257e+09,4.4883690889e+09,4.0533389632e+10,1.3068354525e+10,9.4494996688e+09,8.2728655939e+09,7.5689930100e+09,5.6851075389e+09,4.6635779604e+09,4.0644350418e+09,3.7844965050e+09,3.8649504161e+10,1.1184469054e+10,7.5656141977e+09,6.3889801228e+09,5.6851075389e+09,3.8012220678e+09,2.7796924893e+09,2.1805495707e+09,1.9006110339e+09,3.7627974582e+10,1.0162939475e+10,6.5440846192e+09,5.3674505443e+09,4.6635779604e+09,2.7796924893e+09,1.7581629108e+09,1.1590199922e+09,8.7908145542e+08,3.7028831664e+10,9.5637965565e+09,5.9449417006e+09,4.7683076257e+09,4.0644350418e+09,2.1805495707e+09,1.1590199922e+09,5.5987707361e+08,2.7993853681e+08
344,27500,40,5.8182633912e+10,3.6727811146e+10,3.3633983128e+10,3.2626410378e+10,3.2044303501e+10,3.0550275997e+10,2.9767625422e+10,2.9313026358e+10,2.9091316956e+10,3.6727811146e+10,1.5272988379e+10,1.2179160361e+10,1.1171587612e+10,1.0589480734e+10,9.0954532306e+09,8.3128026560e+09,7.8582035920e+09,7.6364941896e+09,3.3633983128e+10,1.2179160361e+10,9.0853323434e+09,8.0777595939e+09,7.4956527163e+09,6.0016252127e+09,5.2189746381e+09,4.7643755741e+09,4.5426661717e+09,3.2626410378e+10,1.1171587612e+10,8.0777595939e+09,7.0701868445e+09,6.4880799669e+09,4.9940524633e+09,4.2114018887e+09,3.7568028247e+09,3.5350934223e+09,3.2044303501e+10,1.0589480734e+10,7.4956527163e+09,6.4880799669e+09,5.9059730892e+09,4.4119455856e+09,3.6292950110e+09,3.1746959470e+09,2.9529865446e+09,3.0550275997e+10,9.0954532306e+09,6.0016252127e+09,4.9940524633e+09,4.4119455856e+09,2.9179180820e+09,2.1352675074e+09,1.6806684434e+09,1.4589590410e+09,2.9767625422e+10,8.3128026560e+09,5.2189746381e+09,4.2114018887e+09,3.6292950110e+09,2.1352675074e+09,1.3526169328e+09,8.9801786880e+08,6.7630846640e+08,2.9313026358e+10,7.8582035920e+09,4.7643755741e+09,3.7568028247e+09,3.1746959470e+09,1.6806684434e+09,8.9801786880e+08,4.4341880481e+08,2.2170940240e+08
345,27500,50,5.0268624026e+10,3.1915913405e+10,2.9098245551e+10,2.8182549119e+10,2.7665831743e+10,2.6374187053e+10,2.5711198767e+10,2.5327647805e+10,2.5134312013e+10,3.1915913405e+10,1.3563202785e+10,1.0745534931e+10,9.8298384992e+09,9.3131211229e+09,8.0214764327e+09,7.3584881464e+09,6.9749371844e+09,6.7816013926e+09,2.9098245551e+10,1.0745534931e+10,7.9278670761e+09,7.0121706447e+09,6.4954532683e+09,5.2038085781e+09,4.5408202918e+09,4.1572693298e+09,3.9639335381e+09,2.8182549119e+10,9.8298384992e+09,7.0121706447e+09,6.0964742132e+09,5.5797568369e+09,4.2881121467e+09,3.6251238604e+09,3.2415728984e+09,3.0482371066e+09,2.7665831743e+10,9.3131211229e+09,6.4954532683e+09,5.5797568369e+09,5.0630394605e+09,3.7713947703e+09,3.1084064841e+09,2.7248555220e+09,2.5315197303e+09,2.6374187053e+10,8.0214764327e+09,5.2038085781e+09,4.2881121467e+09,3.7713947703e+09,2.4797500801e+09,1.8167617938e+09,1.4332108318e+09,1.2398750400e+09,2.5711198767e+10,7.3584881464e+09,4.5408202918e+09,3.6251238604e+09,3.1084064841e+09,1.8167617938e+09,1.1537735076e+09,7.7022254553e+08,5.7688675380e+08,2.5327647805e+10,6.9749371844e+09,4.1572693298e+09,3.2415728984e+09,2.7248555220e+09,1.4332108318e+09,7.7022254553e+08,3.8667158347e+08,1.9333579174e+08
346,27500,60,4.5921013422e+10,2.9280804718e+10,2.6613446515e+10,2.5746466646e+10,2.5264441542e+10,2.4081065230e+10,2.3482902620e+10,2.3138213254e+10,2.2960506711e+10,2.9280804718e+10,1.2640596014e+10,9.9732378111e+09,9.1062579414e+09,8.6242328383e+09,7.4408565256e+09,6.8426939158e+09,6.4980045499e+09,6.3202980071e+09,2.6613446515e+10,9.9732378111e+09,7.3058796079e+09,6.4388997382e+09,5.9568746351e+09,4.7734983224e+09,4.1753357126e+09,3.8306463467e+09,3.6529398039e+09,2.5746466646e+10,9.1062579414e+09,6.4388997382e+09,5.5719198686e+09,5.0898947655e+09,3.9065184528e+09,3.3083558430e+09,2.9636664771e+09,2.7859599343e+09,2.5264441542e+10,8.6242328383e+09,5.9568746351e+09,5.0898947655e+09,4.6078696624e+09,3.4244933497e+09,2.8263307398e+09,2.4816413740e+09,2.3039348312e+09,2.4081065230e+10,7.4408565256e+09,4.7734983224e+09,3.9065184528e+09,3.4244933497e+09,2.2411170369e+09,1.6429544271e+09,1.2982650613e+09,1.1205585185e+09,2.3482902620e+10,6.8426939158e+09,4.1753357126e+09,3.3083558430e+09,2.8263307398e+09,1.6429544271e+09,1.0447918173e+09,7.0010245144e+08,5.2239590866e+08,2.3138213254e+10,6.4980045499e+09,3.8306463467e+09,2.9636664771e+09,2.4816413740e+09,1.2982650613e+09,7.0010245144e+08,3.5541308556e+08,1.7770654278e+08
347,27500,70,4.3403690517e+10,2.7757512934e+10,2.5176591656e+10,2.4337240369e+10,2.3874919663e+10,2.2753467863e+10,2.2192673990e+10,2.1870482646e+10,2.1701845259e+10,2.7757512934e+10,1.2111335351e+10,9.5304140726e+09,8.6910627859e+09,8.2287420799e+09,7.1072902798e+09,6.5464964066e+09,6.2243050632e+09,6.0556676755e+09,2.5176591656e+10,9.5304140726e+09,6.9494927941e+09,6.1101415074e+09,5.6478208015e+09,4.5263690014e+09,3.9655751281e+09,3.6433837847e+09,3.4747463971e+09,2.4337240369e+10,8.6910627859e+09,6.1101415074e+09,5.2707902207e+09,4.8084695148e+09,3.6870177147e+09,3.1262238414e+09,2.8040324981e+09,2.6353951104e+09,2.3874919663e+10,8.2287420799e+09,5.6478208015e+09,4.8084695148e+09,4.3461488088e+09,3.2246970087e+09,2.6639031355e+09,2.3417117921e+09,2.1730744044e+09,2.2753467863e+10,7.1072902798e+09,4.5263690014e+09,3.6870177147e+09,3.2246970087e+09,2.1032452086e+09,1.5424513353e+09,1.2202599920e+09,1.0516226043e+09,2.2192673990e+10,6.5464964066e+09,3.9655751281e+09,3.1262238414e+09,2.6639031355e+09,1.5424513353e+09,9.8165746209e+08,6.5946611872e+08,4.9082873105e+08,2.1870482646e+10,6.2243050632e+09,3.6433837847e+09,2.8040324981e+09,2.3417117921e+09,1.2202599920e+09,6.5946611872e+08,3.3727477535e+08,1.6863738768e+08
348,27500,80,4.2072579996e+10,2.6952421696e+10,2.4417102301e+10,2.3592267831e+10,2.3140305824e+10,2.2051481049e+10,2.1510422350e+10,2.1200127737e+10,2.1036289998e+10,2.6952421696e+10,1.1832263395e+10,9.2969440004e+09,8.4721095303e+09,8.0201475234e+09,6.9313227487e+09,6.3902640493e+09,6.0799694365e+09,5.9161316976e+09,2.4417102301e+10,9.2969440004e+09,6.7616246057e+09,5.9367901355e+09,5.4848281287e+09,4.3960033539e+09,3.8549446545e+09,3.5446500418e+09,3.3808123028e+09,2.3592267831e+10,8.4721095303e+09,5.9367901355e+09,5.1119556654e+09,4.6599936586e+09,3.5711688838e+09,3.0301101844e+09,2.7198155716e+09,2.5559778327e+09,2.3140305824e+10,8.0201475234e+09,5.4848281287e+09,4.6599936586e+09,4.2080316517e+09,3.1192068769e+09,2.5781481775e+09,2.2678535648e+09,2.1040158258e+09,2.2051481049e+10,6.9313227487e+09,4.3960033539e+09,3.5711688838e+09,3.1192068769e+09,2.0303821022e+09,1.4893234028e+09,1.1790287900e+09,1.0151910511e+09,2.1510422350e+10,6.3902640493e+09,3.8549446545e+09,3.0301101844e+09,2.5781481775e+09,1.4893234028e+09,9.4826470338e+08,6.3797009063e+08,4.7413235169e+08,2.1200127737e+10,6.0799694365e+09,3.5446500418e+09,2.7198155716e+09,2.2678535648e+09,1.1790287900e+09,6.3797009063e+08,3.2767547788e+08,1.6383773894e+08
349,27500,90,4.1655840654e+10,2.6699921883e+10,2.4178930993e+10,2.3358707272e+10,2.2910037685e+10,2.1831570453e+10,2.1296766582e+10,2.0990238835e+10,2.0827920327e+10,2.6699921883e+10,1.1744003111e+10,9.2230122217e+09,8.4027885004e+09,7.9541189134e+09,6.8756516820e+09,6.3408478107e+09,6.0343200637e+09,5.8720015557e+09,2.4178930993e+10,9.2230122217e+09,6.7020213321e+09,5.8817976108e+09,5.4331280238e+09,4.3546607924e+09,3.8198569211e+09,3.5133291740e+09,3.3510106660e+09,2.3358707272e+10,8.4027885004e+09,5.8817976108e+09,5.0615738895e+09,4.6129043025e+09,3.5344370711e+09,2.9996331998e+09,2.6931054528e+09,2.5307869447e+09,2.2910037685e+10,7.9541189134e+09,5.4331280238e+09,4.6129043025e+09,4.1642347155e+09,3.0857674841e+09,2.5509636128e+09,2.2444358657e+09,2.0821173577e+09,2.1831570453e+10,6.8756516820e+09,4.3546607924e+09,3.5344370711e+09,3.0857674841e+09,2.0073002527e+09,1.4724963814e+09,1.1659686343e+09,1.0036501263e+09,2.1296766582e+10,6.3408478107e+09,3.8198569211e+09,2.9996331998e+09,2.5509636128e+09,1.4724963814e+09,9.3769251011e+08,6.3116476307e+08,4.6884625505e+08,2.0990238835e+10,6.0343200637e+09,3.5133291740e+09,2.6931054528e+09,2.2444358657e+09,1.1659686343e+09,6.3116476307e+08,3.2463701603e+08,1.6231850801e+08
350,30000,0,9.1062256919e+10,5.7248748081e+10,5.2995956350e+10,5.1559665493e+10,5.0663329269e+10,4.8156726498e+10,4.6750942415e+10,4.5914082193e+10,4.5531128459e+10,5.7248748081e+10,2.3435239243e+10,1.9182447511e+10,1.7746156655e+10,1.6849820431e+10,1.4343217660e+10,1.2937433577e+10,1.2100573355e+10,1.1717619621e+10,5.2995956350e+10,1.9182447511e+10,1.4929655780e+10,1.3493364923e+10,1.2597028700e+10,1.0090425929e+10,8.6846418456e+09,7.8477816241e+09,7.4648278901e+09,5.1559665493e+10,1.7746156655e+10,1.3493364923e+10,1.2057074067e+10,1.1160737843e+10,8.6541350721e+09,7.2483509888e+09,6.4114907673e+09,6.0285370333e+09,5.0663329269e+10,1.6849820431e+10,1.2597028700e+10,1.1160737843e+10,1.0264401620e+10,7.7577988487e+09,6.3520147654e+09,5.5151545439e+09,5.1322008100e+09,4.8156726498e+10,1.4343217660e+10,1.0090425929e+10,8.6541350721e+09,7.7577988487e+09,5.2511960776e+09,3.8454119942e+09,3.0085517728e+09,2.6255980388e+09,4.6750942415e+10,1.2937433577e+10,8.6846418456e+09,7.2483509888e+09,6.3520147654e+09,3.8454119942e+09,2.4396279109e+09,1.6027676894e+09,1.2198139554e+09,4.5914082193e+10,1.2100573355e+10,7.8477816241e+09,6.4114907673e+09,5.5151545439e+09,3.0085517728e+09,1.6027676894e+09,7.6590746797e+08,3.8295373398e+08
351,30000,10,8.2814738429e+10,5.2330996618e+10,4.8335118095e+10,4.6967928258e+10,4.6122425035e+10,4.3794508696e+10,4.2511354057e+10,4.1755040293e+10,4.1407369214e+10,5.2330996618e+10,2.1847254807e+10,1.7851376284e+10,1.6484186447e+10,1.5638683224e+10,1.3310766885e+10,1.2027612246e+10,1.1271298482e+10,1.0923627403e+10,4.8335118095e+10,1.7851376284e+10,1.3855497762e+10,1.2488307924e+10,1.1642804701e+10,9.3148883623e+09,8.0317337237e+09,7.2754199593e+09,6.9277488808e+09,4.6967928258e+10,1.6484186447e+10,1.2488307924e+10,1.1121118087e+10,1.0275614864e+10,7.9476985250e+09,6.6645438864e+09,5.9082301220e+09,5.5605590435e+09,4.6122425035e+10,1.5638683224e+10,1.1642804701e+10,1.0275614864e+10,9.4301116413e+09,7.1021953022e+09,5.8190406635e+09,5.0627268991e+09,4.7150558206e+09,4.3794508696e+10,1.3310766885e+10,9.3148883623e+09,7.9476985250e+09,7.1021953022e+09,4.7742789631e+09,3.4911243244e+09,2.7348105600e+09,2.3871394815e+09,4.2511354057e+10,1.2027612246e+10,8.0317337237e+09,6.6645438864e+09,5.8190406635e+09,3.4911243244e+09,2.2079696858e+09,1.4516559214e+09,1.1039848429e+09,4.1755040293e+10,1.1271298482e+10,7.2754199593e+09,5.9082301220e+09,5.0627268991e+09,2.7348105600e+09,1.4516559214e+09,6.9534215703e+08,3.4767107852e+08
352,30000,20,6.4678611179e+10,4.1398507847e+10,3.7990951005e+10,3.6797177002e+10,3.6078827632e+10,3.4183502036e+10,3.3184933145e+10,3.2609826853e+10,3.2339305589e+10,4.1398507847e+10,1.8118404515e+10,1.4710847673e+10,1.3517073670e+10,1.2798724300e+10,1.0903398704e+10,9.9048298134e+09,9.3297235213e+09,9.0592022574e+09,3.7990951005e+10,1.4710847673e+10,1.1303290831e+10,1.0109516828e+10,9.3911674584e+09,7.4958418622e+09,6.4972729717e+09,5.9221666796e+09,5.6516454157e+09,3.6797177002e+10,1.3517073670e+10,1.0109516828e+10,8.9157428251e+09,8.1973934552e+09,6.3020678591e+09,5.3034989685e+09,4.7283926765e+09,4.4578714126e+09,3.6078827632e+10,1.2798724300e+10,9.3911674584e+09,8.1973934552e+09,7.4790440853e+09,5.5837184891e+09,4.5851495986e+09,4.0100433066e+09,3.7395220427e+09,3.4183502036e+10,1.0903398704e+10,7.4958418622e+09,6.3020678591e+09,5.5837184891e+09,3.6883928930e+09,2.6898240024e+09,2.1147177104e+09,1.8441964465e+09,3.3184933145e+10,9.9048298134e+09,6.4972729717e+09,5.3034989685e+09,4.5851495986e+09,2.6898240024e+09,1.6912551119e+09,1.1161488199e+09,8.4562755597e+08,3.2609826853e+10,9.3297235213e+09,5.9221666796e+09,4.7283926765e+09,4.0100433066e+09,2.1147177104e+09,1.1161488199e+09,5.4104252782e+08,2.7052126391e+08
353,30000,30,4.9154669176e+10,3.1863318157e+10,2.8991518268e+10,2.7980124412e+10,2.7394533216e+10,2.5928147794e+10,2.5194424412e+10,2.4781097099e+10,2.4577334588e+10,3.1863318157e+10,1.4571967137e+10,1.1700167248e+10,1.0688773393e+10,1.0103182196e+10,8.6367967746e+09,7.9030733920e+09,7.4897460795e+09,7.2859835684e+09,2.8991518268e+10,1.1700167248e+10,8.8283673594e+09,7.8169735038e+09,7.2313823073e+09,5.7649968859e+09,5.0312735033e+09,4.6179461908e+09,4.4141836797e+09,2.7980124412e+10,1.0688773393e+10,7.8169735038e+09,6.8055796483e+09,6.2199884518e+09,4.7536030304e+09,4.0198796478e+09,3.6065523353e+09,3.4027898242e+09,2.7394533216e+10,1.0103182196e+10,7.2313823073e+09,6.2199884518e+09,5.6343972553e+09,4.1680118339e+09,3.4342884513e+09,3.0209611388e+09,2.8171986276e+09,2.5928147794e+10,8.6367967746e+09,5.7649968859e+09,4.7536030304e+09,4.1680118339e+09,2.7016264125e+09,1.9679030299e+09,1.5545757174e+09,1.3508132063e+09,2.5194424412e+10,7.9030733920e+09,5.0312735033e+09,4.0198796478e+09,3.4342884513e+09,1.9679030299e+09,1.2341796473e+09,8.2085233479e+08,6.1708982367e+08,2.4781097099e+10,7.4897460795e+09,4.6179461908e+09,3.6065523353e+09,3.0209611388e+09,1.5545757174e+09,8.2085233479e+08,4.0752502224e+08,2.0376251112e+08
354,30000,40,4.0210149633e+10,2.6284445830e+10,2.3742101758e+10,2.2856166044e+10,2.2360684165e+10,2.1169521530e+10,2.0593924080e+10,2.0272407817e+10,2.0105074817e+10,2.6284445830e+10,1.2358742027e+10,9.8163979547e+09,8.9304622405e+09,8.4349803614e+09,7.2438177269e+09,6.6682202767e+09,6.3467040141e+09,6.1793710134e+09,2.3742101758e+10,9.8163979547e+09,7.2740538825e+09,6.3881181682e+09,5.8926362892e+09,4.7014736547e+09,4.1258762045e+09,3.8043599419e+09,3.6370269412e+09,2.2856166044e+10,8.9304622405e+09,6.3881181682e+09,5.5021824540e+09,5.0067005750e+09,3.8155379404e+09,3.2399404902e+09,2.9184242277e+09,2.7510912270e+09,2.2360684165e+10,8.4349803614e+09,5.8926362892e+09,5.0067005750e+09,4.5112186960e+09,3.3200560614e+09,2.7444586112e+09,2.4229423487e+09,2.2556093480e+09,2.1169521530e+10,7.2438177269e+09,4.7014736547e+09,3.8155379404e+09,3.3200560614e+09,2.1288934269e+09,1.5532959766e+09,1.2317797141e+09,1.0644467134e+09,2.0593924080e+10,6.6682202767e+09,4.1258762045e+09,3.2399404902e+09,2.7444586112e+09,1.5532959766e+09,9.7769852643e+08,6.5618226391e+08,4.8884926321e+08,2.0272407817e+10,6.3467040141e+09,3.8043599419e+09,2.9184242277e+09,2.4229423487e+09,1.2317797141e+09,6.5618226391e+08,3.3466600138e+08,1.6733300069e+08
355,30000,50,3.5676500156e+10,2.3454261027e+10,2.1081917514e+10,2.0262133588e+10,1.9813667262e+10,1.8762159322e+10,1.8264585672e+10,1.7987839540e+10,1.7838250078e+10,2.3454261027e+10,1.1232021897e+10,8.8596783845e+09,8.0398944588e+09,7.5914281329e+09,6.5399201926e+09,6.0423465424e+09,5.7656004103e+09,5.6160109487e+09,2.1081917514e+10,8.8596783845e+09,6.4873348716e+09,5.6675509459e+09,5.2190846200e+09,4.1675766798e+09,3.6700030295e+09,3.3932568975e+09,3.2436674358e+09,2.0262133588e+10,8.0398944588e+09,5.6675509459e+09,4.8477670202e+09,4.3993006943e+09,3.3477927541e+09,2.8502191039e+09,2.5734729718e+09,2.4238835101e+09,1.9813667262e+10,7.5914281329e+09,5.2190846200e+09,4.3993006943e+09,3.9508343684e+09,2.8993264281e+09,2.4017527779e+09,2.1250066459e+09,1.9754171842e+09,1.8762159322e+10,6.5399201926e+09,4.1675766798e+09,3.3477927541e+09,2.8993264281e+09,1.8478184879e+09,1.3502448377e+09,1.0734987056e+09,9.2390924395e+08,1.8264585672e+10,6.0423465424e+09,3.6700030295e+09,2.8502191039e+09,2.4017527779e+09,1.3502448377e+09,8.5267118748e+08,5.7592505542e+08,4.2633559374e+08,1.7987839540e+10,5.7656004103e+09,3.3932568975e+09,2.5734729718e+09,2.1250066459e+09,1.0734987056e+09,5.7592505542e+08,2.9917892336e+08,1.4958946168e+08
356,30000,60,3.3188986523e+10,2.1904265589e+10,1.9624404103e+10,1.8839996619e+10,1.8416734552e+10,1.7440833829e+10,1.6986094124e+10,1.6734175720e+10,1.6594493262e+10,2.1904265589e+10,1.0619544654e+10,8.3396831678e+09,7.5552756847e+09,7.1320136175e+09,6.1561128945e+09,5.7013731893e+09,5.4494547850e+09,5.3097723270e+09,1.9624404103e+10,8.3396831678e+09,6.0598216816e+09,5.2754141985e+09,4.8521521313e+09,3.8762514083e+09,3.4215117031e+09,3.1695932988e+09,3.0299108408e+09,1.8839996619e+10,7.5552756847e+09,5.2754141985e+09,4.4910067154e+09,4.0677446482e+09,3.0918439252e+09,2.6371042200e+09,2.3851858157e+09,2.2455033577e+09,1.8416734552e+10,7.1320136175e+09,4.8521521313e+09,4.0677446482e+09,3.6444825810e+09,2.6685818580e+09,2.2138421528e+09,1.9619237485e+09,1.8222412905e+09,1.7440833829e+10,6.1561128945e+09,3.8762514083e+09,3.0918439252e+09,2.6685818580e+09,1.6926811351e+09,1.2379414299e+09,9.8602302556e+08,8.4634056753e+08,1.6986094124e+10,5.7013731893e+09,3.4215117031e+09,2.6371042200e+09,2.2138421528e+09,1.2379414299e+09,7.8320172467e+08,5.3128332036e+08,3.9160086233e+08,1.6734175720e+10,5.4494547850e+09,3.1695932988e+09,2.3851858157e+09,1.9619237485e+09,9.8602302556e+08,5.3128332036e+08,2.7936491605e+08,1.3968245803e+08
357,30000,70,3.1750018471e+10,2.1008657441e+10,1.8781932697e+10,1.8017674767e+10,1.7608801645e+10,1.6676353378e+10,1.6246410116e+10,1.6008921612e+10,1.5875009235e+10,2.1008657441e+10,1.0267296412e+10,8.0405716677e+09,7.2763137377e+09,6.8674406158e+09,5.9349923482e+09,5.5050490866e+09,5.2675605824e+09,5.1336482058e+09,1.8781932697e+10,8.0405716677e+09,5.8138469237e+09,5.0495889936e+09,4.6407158718e+09,3.7082676042e+09,3.2783243426e+09,3.0408358384e+09,2.9069234618e+09,1.8017674767e+10,7.2763137377e+09,5.0495889936e+09,4.2853310636e+09,3.8764579418e+09,2.9440096742e+09,2.5140664125e+09,2.2765779084e+09,2.1426655318e+09,1.7608801645e+10,6.8674406158e+09,4.6407158718e+09,3.8764579418e+09,3.4675848199e+09,2.5351365523e+09,2.1051932907e+09,1.8677047866e+09,1.7337924100e+09,1.6676353378e+10,5.9349923482e+09,3.7082676042e+09,2.9440096742e+09,2.5351365523e+09,1.6026882847e+09,1.1727450231e+09,9.3525651896e+08,8.0134414236e+08,1.6246410116e+10,5.5050490866e+09,3.2783243426e+09,2.5140664125e+09,2.1051932907e+09,1.1727450231e+09,7.4280176142e+08,5.0531325730e+08,3.7140088071e+08,1.6008921612e+10,5.2675605824e+09,3.0408358384e+09,2.2765779084e+09,1.8677047866e+09,9.3525651896e+08,5.0531325730e+08,2.6782475319e+08,1.3391237659e+08
358,30000,80,3.0987971796e+10,2.0534484268e+10,1.8335836793e+10,1.7582210221e+10,1.7180932819e+10,1.6271464890e+10,1.5854664499e+10,1.5624833524e+10,1.5493985898e+10,2.0534484268e+10,1.0080996741e+10,7.8823492660e+09,7.1287226940e+09,6.7274452914e+09,5.8179773630e+09,5.4011769721e+09,5.1713459972e+09,5.0404983706e+09,1.8335836793e+10,7.8823492660e+09,5.6837017908e+09,4.9300752189e+09,4.5287978162e+09,3.6193298879e+09,3.2025294969e+09,2.9726985220e+09,2.8418508954e+09,1.7582210221e+10,7.1287226940e+09,4.9300752189e+09,4.1764486469e+09,3.7751712443e+09,2.8657033159e+09,2.4489029250e+09,2.2190719500e+09,2.0882243234e+09,1.7180932819e+10,6.7274452914e+09,4.5287978162e+09,3.7751712443e+09,3.3738938417e+09,2.4644259133e+09,2.0476255223e+09,1.8177945474e+09,1.6869469208e+09,1.6271464890e+10,5.8179773630e+09,3.6193298879e+09,2.8657033159e+09,2.4644259133e+09,1.5549579849e+09,1.1381575940e+09,9.0832661908e+08,7.7747899247e+08,1.5854664499e+10,5.4011769721e+09,3.2025294969e+09,2.4489029250e+09,2.0476255223e+09,1.1381575940e+09,7.2135720304e+08,4.9152622813e+08,3.6067860152e+08,1.5624833524e+10,5.1713459972e+09,2.9726985220e+09,2.2190719500e+09,1.8177945474e+09,9.0832661908e+08,4.9152622813e+08,2.6169525322e+08,1.3084762661e+08
359,30000,90,3.0749429428e+10,2.0385815561e+10,1.8195992281e+10,1.7445732343e+10,1.7046860640e+10,1.6144662211e+10,1.5732011898e+10,1.5504596141e+10,1.5374714714e+10,2.0385815561e+10,1.0022201694e+10,7.8323784144e+09,7.0821184757e+09,6.6832467734e+09,5.7810483441e+09,5.3683980313e+09,5.1409822743e+09,5.0111008472e+09,1.8195992281e+10,7.8323784144e+09,5.6425551344e+09,4.8922951957e+09,4.4934234933e+09,3.5912250641e+09,3.1785747513e+09,2.9511589943e+09,2.8212775672e+09,1.7445732343e+10,7.0821184757e+09,4.8922951957e+09,4.1420352570e+09,3.7431635547e+09,2.8409651254e+09,2.4283148126e+09,2.2008990556e+09,2.0710176285e+09,1.7046860640e+10,6.6832467734e+09,4.4934234933e+09,3.7431635547e+09,3.3442918523e+09,2.4420934230e+09,2.0294431103e+09,1.8020273532e+09,1.6721459262e+09,1.6144662211e+10,5.7810483441e+09,3.5912250641e+09,2.8409651254e+09,2.4420934230e+09,1.5398949937e+09,1.1272446810e+09,8.9982892393e+08,7.6994749686e+08,1.5732011898e+10,5.3683980313e+09,3.1785747513e+09,2.4283148126e+09,2.0294431103e+09,1.1272446810e+09,7.1459436823e+08,4.8717861118e+08,3.5729718412e+08,1.5504596141e+10,5.1409822743e+09,2.9511589943e+09,2.2008990556e+09,1.8020273532e+09,8.9982892393e+08,4.8717861118e+08,2.5976285412e+08,1.2988142706e+08
360,35800,0,4.4389889447e+10,2.9158909288e+10,2.6390325833e+10,2.5364474673e+10,2.4773656760e+10,2.3356276501e+10,2.2705410401e+10,2.2364194625e+10,2.2194944723e+10,2.9158909288e+10,1.3927929129e+10,1.1159345674e+10,1.0133494514e+10,9.5426766009e+09,8.1252963421e+09,7.4744302420e+09,7.1332144657e+09,6.9639645645e+09,2.6390325833e+10,1.1159345674e+10,8.3907622185e+09,7.3649110588e+09,6.7740931457e+09,5.3567128869e+09,4.7058467867e+09,4.3646310104e+09,4.1953811092e+09,2.5364474673e+10,1.0133494514e+10,7.3649110588e+09,6.3390598991e+09,5.7482419860e+09,4.3308617272e+09,3.6799956271e+09,3.3387798508e+09,3.1695299496e+09,2.4773656760e+10,9.5426766009e+09,6.7740931457e+09,5.7482419860e+09,5.1574240729e+09,3.7400438141e+09,3.0891777140e+09,2.7479619377e+09,2.5787120364e+09,2.3356276501e+10,8.1252963421e+09,5.3567128869e+09,4.3308617272e+09,3.7400438141e+09,2.3226635553e+09,1.6717974552e+09,1.3305816789e+09,1.1613317776e+09,2.2705410401e+10,7.4744302420e+09,4.7058467867e+09,3.6799956271e+09,3.0891777140e+09,1.6717974552e+09,1.0209313550e+09,6.7971557873e+08,5.1046567751e+08,2.2364194625e+10,7.1332144657e+09,4.3646310104e+09,3.3387798508e+09,2.7479619377e+09,1.3305816789e+09,6.7971557873e+08,3.3849980242e+08,1.6924990121e+08
361,35800,10,4.0897448335e+10,2.6998888191e+10,2.4351379038e+10,2.3368844257e+10,2.2809791205e+10,2.1495074877e+10,2.0906632596e+10,2.0602778649e+10,2.0448724168e+10,2.6998888191e+10,1.3100328047e+10,1.0452818894e+10,9.4702841128e+09,8.9112310613e+09,7.5965147330e+09,7.0080724517e+09,6.7042185053e+09,6.5501640236e+09,2.4351379038e+10,1.0452818894e+10,7.8053097415e+09,6.8227749599e+09,6.2637219084e+09,4.9490055800e+09,4.3605632988e+09,4.0567093524e+09,3.9026548707e+09,2.3368844257e+10,9.4702841128e+09,6.8227749599e+09,5.8402401783e+09,5.2811871268e+09,3.9664707985e+09,3.3780285173e+09,3.0741745709e+09,2.9201200892e+09,2.2809791205e+10,8.9112310613e+09,6.2637219084e+09,5.2811871268e+09,4.7221340753e+09,3.4074177470e+09,2.8189754658e+09,2.5151215194e+09,2.3610670377e+09,2.1495074877e+10,7.5965147330e+09,4.9490055800e+09,3.9664707985e+09,3.4074177470e+09,2.0927014186e+09,1.5042591374e+09,1.2004051910e+09,1.0463507093e+09,2.0906632596e+10,7.0080724517e+09,4.3605632988e+09,3.3780285173e+09,2.8189754658e+09,1.5042591374e+09,9.1581685620e+08,6.1196290982e+08,4.5790842810e+08,2.0602778649e+10,6.7042185053e+09,4.0567093524e+09,3.0741745709e+09,2.5151215194e+09,1.2004051910e+09,6.1196290982e+08,3.0810896343e+08,1.5405448172e+08
362,35800,20,3.3100542837e+10,2.2135551284e+10,1.9771928636e+10,1.8900215116e+10,1.8421143165e+10,1.7350786750e+10,1.6900011713e+10,1.6673964757e+10,1.6550271418e+10,2.2135551284e+10,1.1170559730e+10,8.8069370830e+09,7.9352235634e+09,7.4561516117e+09,6.3857951968e+09,5.9350201595e+09,5.7089732035e+09,5.5852798652e+09,1.9771928636e+10,8.8069370830e+09,6.4433144356e+09,5.5716009159e+09,5.0925289642e+09,4.0221725493e+09,3.5713975121e+09,3.3453505560e+09,3.2216572178e+09,1.8900215116e+10,7.9352235634e+09,5.5716009159e+09,4.6998873963e+09,4.2208154446e+09,3.1504590297e+09,2.6996839924e+09,2.4736370364e+09,2.3499436981e+09,1.8421143165e+10,7.4561516117e+09,5.0925289642e+09,4.2208154446e+09,3.7417434929e+09,2.6713870780e+09,2.2206120408e+09,1.9945650847e+09,1.8708717465e+09,1.7350786750e+10,6.3857951968e+09,4.0221725493e+09,3.1504590297e+09,2.6713870780e+09,1.6010306631e+09,1.1502556258e+09,9.2420866982e+08,8.0051533156e+08,1.6900011713e+10,5.9350201595e+09,3.5713975121e+09,2.6996839924e+09,2.2206120408e+09,1.1502556258e+09,6.9948058856e+08,4.7343363254e+08,3.4974029428e+08,1.6673964757e+10,5.7089732035e+09,3.3453505560e+09,2.4736370364e+09,1.9945650847e+09,9.2420866982e+08,4.7343363254e+08,2.4738667652e+08,1.2369333826e+08
363,35800,30,2.7160299404e+10,1.8378550126e+10,1.6250224776e+10,1.5481204426e+10,1.5074393814e+10,1.4206909728e+10,1.3857928130e+10,1.3684557808e+10,1.3580149702e+10,1.8378550126e+10,9.5968008479e+09,7.4684754981e+09,6.6994551482e+09,6.2926445354e+09,5.4251604493e+09,5.0761788522e+09,4.9028085302e+09,4.7984004239e+09,1.6250224776e+10,7.4684754981e+09,5.3401501483e+09,4.5711297984e+09,4.1643191856e+09,3.2968350995e+09,2.9478535024e+09,2.7744831804e+09,2.6700750741e+09,1.5481204426e+10,6.6994551482e+09,4.5711297984e+09,3.8021094485e+09,3.3952988358e+09,2.5278147496e+09,2.1788331525e+09,2.0054628305e+09,1.9010547243e+09,1.5074393814e+10,6.2926445354e+09,4.1643191856e+09,3.3952988358e+09,2.9884882230e+09,2.1210041368e+09,1.7720225397e+09,1.5986522177e+09,1.4942441115e+09,1.4206909728e+10,5.4251604493e+09,3.2968350995e+09,2.5278147496e+09,2.1210041368e+09,1.2535200507e+09,9.0453845358e+08,7.3116813158e+08,6.2676002533e+08,1.3857928130e+10,5.0761788522e+09,2.9478535024e+09,2.1788331525e+09,1.7720225397e+09,9.0453845358e+08,5.5555685650e+08,3.8218653449e+08,2.7777842825e+08,1.3684557808e+10,4.9028085302e+09,2.7744831804e+09,2.0054628305e+09,1.5986522177e+09,7.3116813158e+08,3.8218653449e+08,2.0881621249e+08,1.0440810625e+08
364,35800,40,2.4188289724e+10,1.6475068362e+10,1.4473371414e+10,1.3763330801e+10,1.3397282648e+10,1.2637720390e+10,1.2338709983e+10,1.2189828213e+10,1.2094144862e+10,1.6475068362e+10,8.7618470010e+09,6.7601500527e+09,6.0501094402e+09,5.6840612868e+09,4.9244990283e+09,4.6254886217e+09,4.4766068519e+09,4.3809235005e+09,1.4473371414e+10,6.7601500527e+09,4.7584531043e+09,4.0484124918e+09,3.6823643384e+09,2.9228020799e+09,2.6237916733e+09,2.4749099035e+09,2.3792265521e+09,1.3763330801e+10,6.0501094402e+09,4.0484124918e+09,3.3383718794e+09,2.9723237259e+09,2.2127614675e+09,1.9137510609e+09,1.7648692911e+09,1.6691859397e+09,1.3397282648e+10,5.6840612868e+09,3.6823643384e+09,2.9723237259e+09,2.6062755725e+09,1.8467133140e+09,1.5477029074e+09,1.3988211376e+09,1.3031377862e+09,1.2637720390e+10,4.9244990283e+09,2.9228020799e+09,2.2127614675e+09,1.8467133140e+09,1.0871510555e+09,7.8814064893e+08,6.3925887914e+08,5.4357552777e+08,1.2338709983e+10,4.6254886217e+09,2.6237916733e+09,1.9137510609e+09,1.5477029074e+09,7.8814064893e+08,4.8913024232e+08,3.4024847253e+08,2.4456512116e+08,1.2189828213e+10,4.4766068519e+09,2.4749099035e+09,1.7648692911e+09,1.3988211376e+09,6.3925887914e+08,3.4024847253e+08,1.9136670275e+08,9.5683351373e+07
365,35800,50,2.2748253574e+10,1.5548285298e+10,1.3609663185e+10,1.2929160126e+10,1.2583432215e+10,1.1877032294e+10,1.1602414474e+10,1.1465511053e+10,1.1374126787e+10,1.5548285298e+10,8.3483170216e+09,6.4096949089e+09,5.7291918495e+09,5.3834639392e+09,4.6770640181e+09,4.4024461982e+09,4.2655427768e+09,4.1741585108e+09,1.3609663185e+10,6.4096949089e+09,4.4710727963e+09,3.7905697368e+09,3.4448418266e+09,2.7384419054e+09,2.4638240855e+09,2.3269206642e+09,2.2355363981e+09,1.2929160126e+10,5.7291918495e+09,3.7905697368e+09,3.1100666773e+09,2.7643387671e+09,2.0579388459e+09,1.7833210261e+09,1.6464176047e+09,1.5550333387e+09,1.2583432215e+10,5.3834639392e+09,3.4448418266e+09,2.7643387671e+09,2.4186108569e+09,1.7122109357e+09,1.4375931158e+09,1.3006896945e+09,1.2093054284e+09,1.1877032294e+10,4.6770640181e+09,2.7384419054e+09,2.0579388459e+09,1.7122109357e+09,1.0058110145e+09,7.3119319466e+08,5.9428977332e+08,5.0290550727e+08,1.1602414474e+10,4.4024461982e+09,2.4638240855e+09,1.7833210261e+09,1.4375931158e+09,7.3119319466e+08,4.5657537479e+08,3.1967195345e+08,2.2828768740e+08,1.1465511053e+10,4.2655427768e+09,2.3269206642e+09,1.6464176047e+09,1.3006896945e+09,5.9428977332e+08,3.1967195345e+08,1.8276853210e+08,9.1384266052e+07
366,35800,60,2.1951406391e+10,1.5036798102e+10,1.3132563361e+10,1.2468009333e+10,1.2133286702e+10,1.1455967449e+10,1.1194876858e+10,1.1064674069e+10,1.0975703196e+10,1.5036798102e+10,8.1221898132e+09,6.2179550720e+09,5.5534010441e+09,5.2186784132e+09,4.5413591600e+09,4.2802685688e+09,4.1500657798e+09,4.0610949066e+09,1.3132563361e+10,6.2179550720e+09,4.3137203307e+09,3.6491663029e+09,3.3144436720e+09,2.6371244188e+09,2.3760338276e+09,2.2458310386e+09,2.1568601654e+09,1.2468009333e+10,5.5534010441e+09,3.6491663029e+09,2.9846122750e+09,2.6498896441e+09,1.9725703910e+09,1.7114797997e+09,1.5812770107e+09,1.4923061375e+09,1.2133286702e+10,5.2186784132e+09,3.3144436720e+09,2.6498896441e+09,2.3151670132e+09,1.6378477601e+09,1.3767571688e+09,1.2465543798e+09,1.1575835066e+09,1.1455967449e+10,4.5413591600e+09,2.6371244188e+09,1.9725703910e+09,1.6378477601e+09,9.6052850694e+08,6.9943791569e+08,5.6923512666e+08,4.8026425347e+08,1.1194876858e+10,4.2802685688e+09,2.3760338276e+09,1.7114797997e+09,1.3767571688e+09,6.9943791569e+08,4.3834732444e+08,3.0814453541e+08,2.1917366222e+08,1.1064674069e+10,4.1500657798e+09,2.2458310386e+09,1.5812770107e+09,1.2465543798e+09,5.6923512666e+08,3.0814453541e+08,1.7794174638e+08,8.8970873189e+07
367,35800,70,2.1500746335e+10,1.4747850587e+10,1.2862939352e+10,1.2207323450e+10,1.1878776417e+10,1.1217835688e+10,1.0964391991e+10,1.0837980132e+10,1.0750373167e+10,1.4747850587e+10,7.9949548402e+09,6.1100436049e+09,5.4544277028e+09,5.1258806701e+09,4.4649399410e+09,4.2114962437e+09,4.0850843849e+09,3.9974774201e+09,1.2862939352e+10,6.1100436049e+09,4.2251323696e+09,3.5695164676e+09,3.2409694349e+09,2.5800287057e+09,2.3265850085e+09,2.2001731496e+09,2.1125661848e+09,1.2207323450e+10,5.4544277028e+09,3.5695164676e+09,2.9139005655e+09,2.5853535328e+09,1.9244128036e+09,1.6709691064e+09,1.5445572476e+09,1.4569502828e+09,1.1878776417e+10,5.1258806701e+09,3.2409694349e+09,2.5853535328e+09,2.2568065001e+09,1.5958657709e+09,1.3424220737e+09,1.2160102149e+09,1.1284032501e+09,1.1217835688e+10,4.4649399410e+09,2.5800287057e+09,1.9244128036e+09,1.5958657709e+09,9.3492504174e+08,6.8148134452e+08,5.5506948567e+08,4.6746252087e+08,1.0964391991e+10,4.2114962437e+09,2.3265850085e+09,1.6709691064e+09,1.3424220737e+09,6.8148134452e+08,4.2803764729e+08,3.0162578845e+08,2.1401882365e+08,1.0837980132e+10,4.0850843849e+09,2.2001731496e+09,1.5445572476e+09,1.2160102149e+09,5.5506948567e+08,3.0162578845e+08,1.7521392960e+08,8.7606964800e+07
368,35800,80,2.1280891715e+10,1.4606718874e+10,1.2731282858e+10,1.2080069030e+10,1.1754562064e+10,1.1101662665e+10,1.0851956788e+10,1.0727390904e+10,1.0640445857e+10,1.4606718874e+10,7.9325460328e+09,6.0571100170e+09,5.4058961892e+09,5.0803892234e+09,4.4274898237e+09,4.1777839466e+09,4.0532180630e+09,3.9662730164e+09,1.2731282858e+10,6.0571100170e+09,4.1816740013e+09,3.5304601735e+09,3.2049532077e+09,2.5520538080e+09,2.3023479309e+09,2.1777820473e+09,2.0908370007e+09,1.2080069030e+10,5.4058961892e+09,3.5304601735e+09,2.8792463457e+09,2.5537393799e+09,1.9008399801e+09,1.6511341031e+09,1.5265682195e+09,1.4396231728e+09,1.1754562064e+10,5.0803892234e+09,3.2049532077e+09,2.5537393799e+09,2.2282324141e+09,1.5753330143e+09,1.3256271373e+09,1.2010612537e+09,1.1141162070e+09,1.1101662665e+10,4.4274898237e+09,2.5520538080e+09,1.9008399801e+09,1.5753330143e+09,9.2243361460e+08,6.7272773754e+08,5.4816185391e+08,4.6121680730e+08,1.0851956788e+10,4.1777839466e+09,2.3023479309e+09,1.6511341031e+09,1.3256271373e+09,6.7272773754e+08,4.2302186048e+08,2.9845597685e+08,2.1151093024e+08,1.0727390904e+10,4.0532180630e+09,2.1777820473e+09,1.5265682195e+09,1.2010612537e+09,5.4816185391e+08,2.9845597685e+08,1.7389009323e+08,8.6945046613e+07
369,35800,90,2.1247826446e+10,1.4585049976e+10,1.2711197463e+10,1.2060782403e+10,1.1735817188e+10,1.1084256205e+10,1.0835101852e+10,1.0710778809e+10,1.0623913223e+10,1.4585049976e+10,7.9222735063e+09,6.0484209933e+09,5.3980059334e+09,5.0730407176e+09,4.4214797349e+09,4.1723253822e+09,4.0480023389e+09,3.9611367531e+09,1.2711197463e+10,6.0484209933e+09,4.1745684804e+09,3.5241534204e+09,3.1991882047e+09,2.5476272219e+09,2.2984728692e+09,2.1741498259e+09,2.0872842402e+09,1.2060782403e+10,5.3980059334e+09,3.5241534204e+09,2.8737383605e+09,2.5487731447e+09,1.8972121620e+09,1.6480578093e+09,1.5237347660e+09,1.4368691802e+09,1.1735817188e+10,5.0730407176e+09,3.1991882047e+09,2.5487731447e+09,2.2238079289e+09,1.5722469462e+09,1.3230925935e+09,1.1987695502e+09,1.1119039645e+09,1.1084256205e+10,4.4214797349e+09,2.5476272219e+09,1.8972121620e+09,1.5722469462e+09,9.2068596351e+08,6.7153161080e+08,5.4720856751e+08,4.6034298175e+08,1.0835101852e+10,4.1723253822e+09,2.2984728692e+09,1.6480578093e+09,1.3230925935e+09,6.7153161080e+08,4.2237725810e+08,2.9805421481e+08,2.1118862905e+08,1.0710778809e+10,4.0480023389e+09,2.1741498259e+09,1.5237347660e+09,1.1987695502e+09,5.4720856751e+08,2.9805421481e+08,1.7373117151e+08,8.6865585754e+07
370,384399,0,1.6325759292e+10,1.1445994487e+10,9.7735071203e+09,9.2160540686e+09,8.9562962444e+09,8.4812839033e+09,8.3165022225e+09,8.2345953282e+09,8.1628796461e+09,1.1445994487e+10,6.5662296816e+09,4.8937423151e+09,4.3362892633e+09,4.0765314391e+09,3.6015190981e+09,3.4367374173e+09,3.3548305230e+09,3.2831148408e+09,9.7735071203e+09,4.8937423151e+09,3.2212549486e+09,2.6638018968e+09,2.4040440726e+09,1.9290317315e+09,1.7642500508e+09,1.6823431565e+09,1.6106274743e+09,9.2160540686e+09,4.3362892633e+09,2.6638018968e+09,2.1063488450e+09,1.8465910208e+09,1.3715786798e+09,1.2067969990e+09,1.1248901047e+09,1.0531744225e+09,8.9562962444e+09,4.0765314391e+09,2.4040440726e+09,1.8465910208e+09,1.5868331966e+09,1.1118208556e+09,9.4703917480e+08,8.6513228051e+08,7.9341659831e+08,8.4812839033e+09,3.6015190981e+09,1.9290317315e+09,1.3715786798e+09,1.1118208556e+09,6.3680851455e+08,4.7202683376e+08,3.9011993947e+08,3.1840425727e+08,8.3165022225e+09,3.4367374173e+09,1.7642500508e+09,1.2067969990e+09,9.4703917480e+08,4.7202683376e+08,3.0724515298e+08,2.2533825868e+08,1.5362257649e+08,8.2345953282e+09,3.3548305230e+09,1.6823431565e+09,1.1248901047e+09,8.6513228051e+08,3.9011993947e+08,2.2533825868e+08,1.4343136439e+08,7.1715682193e+07
371,384399,10,1.6325759292e+10,1.1445994487e+10,9.7735071203e+09,9.2160540686e+09,8.9562962444e+09,8.4812839033e+09,8.3165022225e+09,8.2345953282e+09,8.1628796461e+09,1.1445994487e+10,6.5662296816e+09,4.8937423151e+09,4.3362892633e+09,4.0765314391e+09,3.6015190981e+09,3.4367374173e+09,3.3548305230e+09,3.2831148408e+09,9.7735071203e+09,4.8937423151e+09,3.2212549486e+09,2.6638018968e+09,2.4040440726e+09,1.9290317315e+09,1.7642500508e+09,1.6823431565e+09,1.6106274743e+09,9.2160540686e+09,4.3362892633e+09,2.6638018968e+09,2.1063488450e+09,1.8465910208e+09,1.3715786798e+09,1.2067969990e+09,1.1248901047e+09,1.0531744225e+09,8.9562962444e+09,4.0765314391e+09,2.4040440726e+09,1.8465910208e+09,1.5868331966e+09,1.1118208556e+09,9.4703917480e+08,8.6513228051e+08,7.9341659831e+08,8.4812839033e+09,3.6015190981e+09,1.9290317315e+09,1.3715786798e+09,1.1118208556e+09,6.3680851455e+08,4.7202683376e+08,3.9011993947e+08,3.1840425727e+08,8.3165022225e+09,3.4367374173e+09,1.7642500508e+09,1.2067969990e+09,9.4703917480e+08,4.7202683376e+08,3.0724515298e+08,2.2533825868e+08,1.5362257649e+08,8.2345953282e+09,3.3548305230e+09,1.6823431565e+09,1.1248901047e+09,8.6513228051e+08,3.9011993947e+08,2.2533825868e+08,1.4343136439e+08,7.1715682193e+07
372,384399,20,1.6325759292e+10,1.1445994487e+10,9.7735071203e+09,9.2160540686e+09,8.9562962444e+09,8.4812839033e+09,8.3165022225e+09,8.2345953282e+09,8.1628796461e+09,1.1445994487e+10,6.5662296816e+09,4.8937423151e+09,4.3362892633e+09,4.0765314391e+09,3.6015190981e+09,3.4367374173e+09,3.3548305230e+09,3.2831148408e+09,9.7735071203e+09,4.8937423151e+09,3.2212549486e+09,2.6638018968e+09,2.4040440726e+09,1.9290317315e+09,1.7642500508e+09,1.6823431565e+09,1.6106274743e+09,9.2160540686e+09,4.3362892633e+09,2.6638018968e+09,2.1063488450e+09,1.8465910208e+09,1.3715786798e+09,1.2067969990e+09,1.1248901047e+09,1.0531744225e+09,8.9562962444e+09,4.0765314391e+09,2.4040440726e+09,1.8465910208e+09,1.5868331966e+09,1.1118208556e+09,9.4703917480e+08,8.6513228051e+08,7.9341659831e+08,8.4812839033e+09,3.6015190981e+09,1.9290317315e+09,1.3715786798e+09,1.1118208556e+09,6.3680851455e+08,4.7202683376e+08,3.9011993947e+08,3.1840425727e+08,8.3165022225e+09,3.4367374173e+09,1.7642500508e+09,1.2067969990e+09,9.4703917480e+08,4.7202683376e+08,3.0724515298e+08,2.2533825868e+08,1.5362257649e+08,8.2345953282e+09,3.3548305230e+09,1.6823431565e+09,1.1248901047e+09,8.6513228051e+08,3.9011993947e+08,2.2533825868e+08,1.4343136439e+08,7.1715682193e+07
373,384399,30,1.6325759292e+10,1.1445994487e+10,9.7735071203e+09,9.2160540686e+09,8.9562962444e+09,8.4812839033e+09,8.3165022225e+09,8.2345953282e+09,8.1628796461e+09,1.1445994487e+10,6.5662296816e+09,4.8937423151e+09,4.3362892633e+09,4.0765314391e+09,3.6015190981e+09,3.4367374173e+09,3.3548305230e+09,3.2831148408e+09,9.7735071203e+09,4.8937423151e+09,3.2212549486e+09,2.6638018968e+09,2.4040440726e+09,1.9290317315e+09,1.7642500508e+09,1.6823431565e+09,1.6106274743e+09,9.2160540686e+09,4.3362892633e+09,2.6638018968e+09,2.1063488450e+09,1.8465910208e+09,1.3715786798e+09,1.2067969990e+09,1.1248901047e+09,1.0531744225e+09,8.9562962444e+09,4.0765314391e+09,2.4040440726e+09,1.8465910208e+09,1.5868331966e+09,1.1118208556e+09,9.4703917480e+08,8.6513228051e+08,7.9341659831e+08,8.4812839033e+09,3.6015190981e+09,1.9290317315e+09,1.3715786798e+09,1.1118208556e+09,6.3680851455e+08,4.7202683376e+08,3.9011993947e+08,3.1840425727e+08,8.3165022225e+09,3.4367374173e+09,1.7642500508e+09,1.2067969990e+09,9.4703917480e+08,4.7202683376e+08,3.0724515298e+08,2.2533825868e+08,1.5362257649e+08,8.2345953282e+09,3.3548305230e+09,1.6823431565e+09,1.1248901047e+09,8.6513228051e+08,3.9011993947e+08,2.2533825868e+08,1.4343136439e+08,7.1715682193e+07
374,384399,40,1.6325759292e+10,1.1445994487e+10,9.7735071203e+09,9.2160540686e+09,8.9562962444e+09,8.4812839033e+09,8.3165022225e+09,8.2345953282e+09,8.1628796461e+09,1.1445994487e+10,6.5662296816e+09,4.8937423151e+09,4.3362892633e+09,4.0765314391e+09,3.6015190981e+09,3.4367374173e+09,3.3548305230e+09,3.2831148408e+09,9.7735071203e+09,4.8937423151e+09,3.2212549486e+09,2.6638018968e+09,2.4040440726e+09,1.9290317315e+09,1.7642500508e+09,1.6823431565e+09,1.6106274743e+09,9.2160540686e+09,4.3362892633e+09,2.6638018968e+09,2.1063488450e+09,1.8465910208e+09,1.3715786798e+09,1.2067969990e+09,1.1248901047e+09,1.0531744225e+09,8.9562962444e+09,4.0765314391e+09,2.4040440726e+09,1.8465910208e+09,1.5868331966e+09,1.1118208556e+09,9.4703917480e+08,8.6513228051e+08,7.9341659831e+08,8.4812839033e+09,3.6015190981e+09,1.9290317315e+09,1.3715786798e+09,1.1118208556e+09,6.3680851455e+08,4.7202683376e+08,3.9011993947e+08,3.1840425727e+08,8.3165022225e+09,3.4367374173e+09,1.7642500508e+09,1.2067969990e+09,9.4703917480e+08,4.7202683376e+08,3.0724515298e+08,2.2533825868e+08,1.5362257649e+08,8.2345953282e+09,3.3548305230e+09,1.6823431565e+09,1.1248901047e+09,8.6513228051e+08,3.9011993947e+08,2.2533825868e+08,1.4343136439e+08,7.1715682193e+07
375,384399,50,1.6325759292e+10,1.1445994487e+10,9.7735071203e+09,9.2160540686e+09,8.9562962444e+09,8.4812839033e+09,8.3165022225e+09,8.2345953282e+09,8.1628796461e+09,1.1445994487e+10,6.5662296816e+09,4.8937423151e+09,4.3362892633e+09,4.0765314391e+09,3.6015190981e+09,3.4367374173e+09,3.3548305230e+09,3.2831148408e+09,9.7735071203e+09,4.8937423151e+09,3.2212549486e+09,2.6638018968e+09,2.4040440726e+09,1.9290317315e+09,1.7642500508e+09,1.6823431565e+09,1.6106274743e+09,9.2160540686e+09,4.3362892633e+09,2.6638018968e+09,2.1063488450e+09,1.8465910208e+09,1.3715786798e+09,1.2067969990e+09,1.1248901047e+09,1.0531744225e+09,8.9562962444e+09,4.0765314391e+09,2.4040440726e+09,1.8465910208e+09,1.5868331966e+09,1.1118208556e+09,9.4703917480e+08,8.6513228051e+08,7.9341659831e+08,8.4812839033e+09,3.6015190981e+09,1.9290317315e+09,1.3715786798e+09,1.1118208556e+09,6.3680851455e+08,4.7202683376e+08,3.9011993947e+08,3.1840425727e+08,8.3165022225e+09,3.4367374173e+09,1.7642500508e+09,1.2067969990e+09,9.4703917480e+08,4.7202683376e+08,3.0724515298e+08,2.2533825868e+08,1.5362257649e+08,8.2345953282e+09,3.3548305230e+09,1.6823431565e+09,1.1248901047e+09,8.6513228051e+08,3.9011993947e+08,2.2533825868e+08,1.4343136439e+08,7.1715682193e+07
376,384399,60,1.6325759292e+10,1.1445994487e+10,9.7735071203e+09,9.2160540686e+09,8.9562962444e+09,8.4812839033e+09,8.3165022225e+09,8.2345953282e+09,8.1628796461e+09,1.1445994487e+10,6.5662296816e+09,4.8937423151e+09,4.3362892633e+09,4.0765314391e+09,3.6015190981e+09,3.4367374173e+09,3.3548305230e+09,3.2831148408e+09,9.7735071203e+09,4.8937423151e+09,3.2212549486e+09,2.6638018968e+09,2.4040440726e+09,1.9290317315e+09,1.7642500508e+09,1.6823431565e+09,1.6106274743e+09,9.2160540686e+09,4.3362892633e+09,2.6638018968e+09,2.1063488450e+09,1.8465910208e+09,1.3715786798e+09,1.2067969990e+09,1.1248901047e+09,1.0531744225e+09,8.9562962444e+09,4.0765314391e+09,2.4040440726e+09,1.8465910208e+09,1.5868331966e+09,1.1118208556e+09,9.4703917480e+08,8.6513228051e+08,7.9341659831e+08,8.4812839033e+09,3.6015190981e+09,1.9290317315e+09,1.3715786798e+09,1.1118208556e+09,6.3680851455e+08,4.7202683376e+08,3.9011993947e+08,3.1840425727e+08,8.3165022225e+09,3.4367374173e+09,1.7642500508e+09,1.2067969990e+09,9.4703917480e+08,4.7202683376e+08,3.0724515298e+08,2.2533825868e+08,1.5362257649e+08,8.2345953282e+09,3.3548305230e+09,1.6823431565e+09,1.1248901047e+09,8.6513228051e+08,3.9011993947e+08,2.2533825868e+08,1.4343136439e+08,7.1715682193e+07
377,384399,70,1.6325759292e+10,1.1445994487e+10,9.7735071203e+09,9.2160540686e+09,8.9562962444e+09,8.4812839033e+09,8.3165022225e+09,8.2345953282e+09,8.1628796461e+09,1.1445994487e+10,6.5662296816e+09,4.8937423151e+09,4.3362892633e+09,4.0765314391e+09,3.6015190981e+09,3.4367374173e+09,3.3548305230e+09,3.2831148408e+09,9.7735071203e+09,4.8937423151e+09,3.2212549486e+09,2.6638018968e+09,2.4040440726e+09,1.9290317315e+09,1.7642500508e+09,1.6823431565e+09,1.6106274743e+09,9.2160540686e+09,4.3362892633e+09,2.6638018968e+09,2.1063488450e+09,1.8465910208e+09,1.3715786798e+09,1.2067969990e+09,1.1248901047e+09,1.0531744225e+09,8.9562962444e+09,4.0765314391e+09,2.4040440726e+09,1.8465910208e+09,1.5868331966e+09,1.1118208556e+09,9.4703917480e+08,8.6513228051e+08,7.9341659831e+08,8.4812839033e+09,3.6015190981e+09,1.9290317315e+09,1.3715786798e+09,1.1118208556e+09,6.3680851455e+08,4.7202683376e+08,3.9011993947e+08,3.1840425727e+08,8.3165022225e+09,3.4367374173e+09,1.7642500508e+09,1.2067969990e+09,9.4703917480e+08,4.7202683376e+08,3.0724515298e+08,2.2533825868e+08,1.5362257649e+08,8.2345953282e+09,3.3548305230e+09,1.6823431565e+09,1.1248901047e+09,8.6513228051e+08,3.9011993947e+08,2.2533825868e+08,1.4343136439e+08,7.1715682193e+07
378,384399,80,1.6325759292e+10,1.1445994487e+10,9.7735071203e+09,9.2160540686e+09,8.9562962444e+09,8.4812839033e+09,8.3165022225e+09,8.2345953282e+09,8.1628796461e+09,1.1445994487e+10,6.5662296816e+09,4.8937423151e+09,4.3362892633e+09,4.0765314391e+09,3.6015190981e+09,3.4367374173e+09,3.3548305230e+09,3.2831148408e+09,9.7735071203e+09,4.8937423151e+09,3.2212549486e+09,2.6638018968e+09,2.4040440726e+09,1.9290317315e+09,1.7642500508e+09,1.6823431565e+09,1.6106274743e+09,9.2160540686e+09,4.3362892633e+09,2.6638018968e+09,2.1063488450e+09,1.8465910208e+09,1.3715786798e+09,1.2067969990e+09,1.1248901047e+09,1.0531744225e+09,8.9562962444e+09,4.0765314391e+09,2.4040440726e+09,1.8465910208e+09,1.5868331966e+09,1.1118208556e+09,9.4703917480e+08,8.6513228051e+08,7.9341659831e+08,8.4812839033e+09,3.6015190981e+09,1.9290317315e+09,1.3715786798e+09,1.1118208556e+09,6.3680851455e+08,4.7202683376e+08,3.9011993947e+08,3.1840425727e+08,8.3165022225e+09,3.4367374173e+09,1.7642500508e+09,1.2067969990e+09,9.4703917480e+08,4.7202683376e+08,3.0724515298e+08,2.2533825868e+08,1.5362257649e+08,8.2345953282e+09,3.3548305230e+09,1.6823431565e+09,1.1248901047e+09,8.6513228051e+08,3.9011993947e+08,2.2533825868e+08,1.4343136439e+08,7.1715682193e+07
379,384399,90,1.6325759292e+10,1.1445994487e+10,9.7735071203e+09,9.2160540686e+09,8.9562962444e+09,8.4812839033e+09,8.3165022225e+09,8.2345953282e+09,8.1628796461e+09,1.1445994487e+10,6.5662296816e+09,4.8937423151e+09,4.3362892633e+09,4.0765314391e+09,3.6015190981e+09,3.4367374173e+09,3.3548305230e+09,3.2831148408e+09,9.7735071203e+09,4.8937423151e+09,3.2212549486e+09,2.6638018968e+09,2.4040440726e+09,1.9290317315e+09,1.7642500508e+09,1.6823431565e+09,1.6106274743e+09,9.2160540686e+09,4.3362892633e+09,2.6638018968e+09,2.1063488450e+09,1.8465910208e+09,1.3715786798e+09,1.2067969990e+09,1.1248901047e+09,1.0531744225e+09,8.9562962444e+09,4.0765314391e+09,2.4040440726e+09,1.8465910208e+09,1.5868331966e+09,1.1118208556e+09,9.4703917480e+08,8.6513228051e+08,7.9341659831e+08,8.4812839033e+09,3.6015190981e+09,1.9290317315e+09,1.3715786798e+09,1.1118208556e+09,6.3680851455e+08,4.7202683376e+08,3.9011993947e+08,3.1840425727e+08,8.3165022225e+09,3.4367374173e+09,1.7642500508e+09,1.2067969990e+09,9.4703917480e+08,4.7202683376e+08,3.0724515298e+08,2.2533825868e+08,1.5362257649e+08,8.2345953282e+09,3.3548305230e+09,1.6823431565e+09,1.1248901047e+09,8.6513228051e+08,3.9011993947e+08,2.2533825868e+08,1.4343136439e+08,7.1715682193e+07
